2026-02-17 18:00:22 Arduino IDE 2.3.7
2026-02-17 18:00:22 Checking for frontend application configuration customizations. Module path: /opt/arduino-ide/resources/app/lib/backend/electron-main.js, destination 'package.json': /opt/arduino-ide/resources/app/package.json
2026-02-17 18:00:22 Setting 'theia.frontend.config.appVersion' application configuration value to: "2.3.7" (type of string)
2026-02-17 18:00:22 Setting 'theia.frontend.config.cliVersion' application configuration value to: "1.3.1" (type of string)
2026-02-17 18:00:22 Setting 'theia.frontend.config.buildDate' application configuration value to: "2025-12-17T16:01:58.874Z" (type of string)
2026-02-17 18:00:22 Frontend application configuration after modifications: {"applicationName":"Arduino IDE","defaultTheme":{"light":"arduino-theme","dark":"arduino-theme-dark"},"defaultIconTheme":"none","electron":{"windowOptions":{},"showWindowEarly":true,"splashScreenOptions":{},"uriScheme":"arduino-ide"},"defaultLocale":"","validatePreferencesSchema":false,"reloadOnReconnect":true,"uriScheme":"theia","preferences":{"window.title":"${rootName}${activeEditorShort}${appName}","files.autoSave":"afterDelay","editor.minimap.enabled":false,"editor.tabSize":2,"editor.scrollBeyondLastLine":false,"editor.quickSuggestions":{"other":false,"comments":false,"strings":false},"editor.maxTokenizationLineLength":500,"editor.bracketPairColorization.enabled":false,"breadcrumbs.enabled":false,"workbench.tree.renderIndentGuides":"none","explorer.compactFolders":false},"appVersion":"2.3.7","cliVersion":"1.3.1","buildDate":"2025-12-17T16:01:58.874Z"}
2026-02-17 18:00:22 Starting backend process. PID: 15400
2026-02-17 18:00:22 Showing main window early
2026-02-17 18:00:22 Using browser-only version of superagent in non-browser environment
2026-02-17 18:00:22 Configuration directory URI: 'file:///home/shrek/.arduinoIDE'
2026-02-17 18:00:22 Configuring to accept webviews on '^.+\.webview\..+$' hostname.
2026-02-17 18:00:22 2026-02-17T18:00:22.654Z root INFO Backend u.initialize: 16.7 ms [Finished 0.366 s after backend start]
2026-02-17 18:00:22 2026-02-17T18:00:22.656Z root INFO Backend Object.initialize: 15.7 ms [Finished 0.366 s after backend start]
2026-02-17 18:00:22 2026-02-17T18:00:22.656Z root INFO Backend a.initialize: 0.6 ms [Finished 0.366 s after backend start]
2026-02-17 18:00:22 2026-02-17T18:00:22.656Z root INFO Backend a.initialize: 0.5 ms [Finished 0.366 s after backend start]
2026-02-17 18:00:22 2026-02-17T18:00:22.656Z root INFO Backend u.initialize: 0.7 ms [Finished 0.366 s after backend start]
2026-02-17 18:00:22 2026-02-17T18:00:22.657Z root INFO Backend l.initialize: 16.5 ms [Finished 0.366 s after backend start]
2026-02-17 18:00:22 2026-02-17T18:00:22.661Z root INFO configured all backend app contributions
2026-02-17 18:00:22 2026-02-17T18:00:22.661Z root INFO Backend l.onStart: 0.7 ms [Finished 0.373 s after backend start]
2026-02-17 18:00:22 2026-02-17T18:00:22.661Z root INFO Backend d.onStart: 0.0 ms [Finished 0.373 s after backend start]
2026-02-17 18:00:22 2026-02-17T18:00:22.662Z root INFO Backend a.onStart: 0.2 ms [Finished 0.373 s after backend start]
2026-02-17 18:00:22 2026-02-17T18:00:22.662Z config INFO >>> Initializing CLI configuration...
2026-02-17 18:00:22 2026-02-17T18:00:22.662Z root INFO Backend x.onStart: 0.2 ms [Finished 0.373 s after backend start]
2026-02-17 18:00:22 2026-02-17T18:00:22.662Z config INFO Loading CLI configuration from /home/shrek/.arduinoIDE/arduino-cli.yaml...
2026-02-17 18:00:22 2026-02-17T18:00:22.662Z daemon INFO Starting daemon from /opt/arduino-ide/resources/app/lib/backend/resources/arduino-cli...
2026-02-17 18:00:22 2026-02-17T18:00:22.662Z root INFO Backend w.onStart: 0.2 ms [Finished 0.374 s after backend start]
2026-02-17 18:00:22 2026-02-17T18:00:22.662Z discovery-log INFO start
2026-02-17 18:00:22 2026-02-17T18:00:22.662Z discovery-log INFO start new deferred
2026-02-17 18:00:22 2026-02-17T18:00:22.662Z root INFO Backend v.onStart: 0.1 ms [Finished 0.374 s after backend start]
2026-02-17 18:00:22 2026-02-17T18:00:22.662Z root INFO Backend a.onStart: 0.0 ms [Finished 0.374 s after backend start]
2026-02-17 18:00:22 2026-02-17T18:00:22.664Z root INFO Theia app listening on http://127.0.0.1:38629.
2026-02-17 18:00:22 2026-02-17T18:00:22.664Z root INFO Finished starting backend application: 2.1 ms [Finished 0.376 s after backend start]
2026-02-17 18:00:22 Restoring workspace roots: /home/shrek/Arduino/AndroidCnct/test1
2026-02-17 18:00:22 2026-02-17T18:00:22.665Z root WARN The local plugin referenced by local-dir:/home/shrek/.arduinoIDE/plugins does not exist.
2026-02-17 18:00:22 2026-02-17T18:00:22.665Z root WARN The local plugin referenced by local-dir:/home/shrek/.arduinoIDE/deployedPlugins does not exist.
2026-02-17 18:00:22 2026-02-17T18:00:22.667Z config INFO Loaded CLI configuration: {"board_manager":{"additional_urls":["http://arduino.esp8266.com/stable/package_esp8266com_index.json"]},"directories":{"builtin":{"libraries":"/home/shrek/.arduino15/libraries"},"data":"/home/shrek/.arduino15","user":"/home/shrek/Arduino"},"locale":"en"}
2026-02-17 18:00:22 2026-02-17T18:00:22.667Z config INFO 'directories.data' and 'directories.user' are set in the CLI configuration model.
2026-02-17 18:00:22 2026-02-17T18:00:22.667Z config INFO Loaded the CLI configuration.
2026-02-17 18:00:22 isTempSketch: false. Input was /home/shrek/Arduino/AndroidCnct/test1/test1.ino
2026-02-17 18:00:22 2026-02-17T18:00:22.672Z config INFO Mapped the CLI configuration: {"dataDirUri":"file:///home/shrek/.arduino15","sketchDirUri":"file:///home/shrek/Arduino","additionalUrls":["http://arduino.esp8266.com/stable/package_esp8266com_index.json"],"network":"none","locale":"en"}
2026-02-17 18:00:22 2026-02-17T18:00:22.672Z config INFO Validating the CLI configuration...
2026-02-17 18:00:22 2026-02-17T18:00:22.672Z config INFO The CLI config is valid.
2026-02-17 18:00:22 2026-02-17T18:00:22.672Z config INFO <<< Initialized the CLI configuration.
2026-02-17 18:00:22 2026-02-17T18:00:22.696Z root INFO Resolve plugins list: 33.6 ms [Finished 0.408 s after backend start]
2026-02-17 18:00:22 2026-02-17T18:00:22.741Z daemon INFO time="2026-02-17T18:00:22Z" level=info msg="arduino-cli version 1.3.1"
2026-02-17 18:00:22 2026-02-17T18:00:22.741Z daemon INFO time="2026-02-17T18:00:22Z" level=info msg="Using config file: /home/shrek/.arduinoIDE/arduino-cli.yaml"
time="2026-02-17T18:00:22Z" level=info msg="Executing `arduino-cli daemon`"
2026-02-17 18:00:22 2026-02-17T18:00:22.762Z daemon INFO Daemon is now listening on 127.0.0.1:43405
{"IP":"127.0.0.1","Port":"43405"}
2026-02-17 18:00:22 2026-02-17T18:00:22.762Z daemon INFO Daemon is running.
2026-02-17 18:00:22 2026-02-17T18:00:22.799Z daemon INFO time="2026-02-17T18:00:22Z" level=info msg="Checking signature" index=/home/shrek/.arduino15/package_index.json signatureFile=/home/shrek/.arduino15/package_index.json.sig trusted=true
2026-02-17 18:00:22 2026-02-17T18:00:22.809Z daemon INFO time="2026-02-17T18:00:22Z" level=info msg="Missing signature file" index=/home/shrek/.arduino15/package_esp8266com_index.json
time="2026-02-17T18:00:22Z" level=info msg="Loading hardware from: /home/shrek/.arduino15/packages"
time="2026-02-17T18:00:22Z" level=info msg="Loading package arduino from: /home/shrek/.arduino15/packages/arduino/hardware"
time="2026-02-17T18:00:22Z" level=info msg="Missing signature file" index=/home/shrek/.arduino15/packages/arduino/hardware/avr/1.8.7/installed.json
time="2026-02-17T18:00:22Z" level=info msg="Adding monitor tool" protocol=serial tool="builtin:serial-monitor"
time="2026-02-17T18:00:22Z" level=info msg="Loaded platform" platform="arduino:avr@1.8.7"
time="2026-02-17T18:00:22Z" level=info msg="Checking existence of 'tools' path: /home/shrek/.arduino15/packages/arduino/tools"
time="2026-02-17T18:00:22Z" level=info msg="Loading tools from dir: /home/shrek/.arduino15/packages/arduino/tools"
time="2026-02-17T18:00:22Z" level=info msg="Loaded tool" tool="arduino:arduinoOTA@1.3.0"
time="2026-02-17T18:00:22Z" level=info msg="Loaded tool" tool="arduino:avr-gcc@7.3.0-atmel3.6.1-arduino7"
time="2026-02-17T18:00:22Z" level=info msg="Loaded tool" tool="arduino:avrdude@8.0.0-arduino1"
time="2026-02-17T18:00:22Z" level=info msg="Loaded tool" tool="arduino:dfu-util@0.11.0-arduino5"
time="2026-02-17T18:00:22Z" level=info msg="Loading package builtin from: /home/shrek/.arduino15/packages/builtin"
2026-02-17 18:00:22 2026-02-17T18:00:22.809Z daemon INFO time="2026-02-17T18:00:22Z" level=info msg="Checking existence of 'tools' path: /home/shrek/.arduino15/packages/builtin/tools"
time="2026-02-17T18:00:22Z" level=info msg="Loading tools from dir: /home/shrek/.arduino15/packages/builtin/tools"
2026-02-17 18:00:22 2026-02-17T18:00:22.810Z daemon INFO time="2026-02-17T18:00:22Z" level=info msg="Loaded tool" tool="builtin:ctags@5.8-arduino11"
time="2026-02-17T18:00:22Z" level=info msg="Loaded tool" tool="builtin:dfu-discovery@0.1.2"
time="2026-02-17T18:00:22Z" level=info msg="Loaded tool" tool="builtin:mdns-discovery@1.0.12"
time="2026-02-17T18:00:22Z" level=info msg="Loaded tool" tool="builtin:serial-discovery@1.4.3"
time="2026-02-17T18:00:22Z" level=info msg="Loaded tool" tool="builtin:serial-monitor@0.15.0"
2026-02-17 18:00:22 2026-02-17T18:00:22.812Z daemon INFO time="2026-02-17T18:00:22Z" level=info msg="Loading package esp32 from: /home/shrek/.arduino15/packages/esp32/hardware"
2026-02-17 18:00:22 2026-02-17T18:00:22.824Z daemon INFO time="2026-02-17T18:00:22Z" level=info msg="Missing signature file" index=/home/shrek/.arduino15/packages/esp32/hardware/esp32/3.3.6/installed.json
2026-02-17 18:00:22 2026-02-17T18:00:22.907Z daemon INFO time="2026-02-17T18:00:22Z" level=info msg="Adding monitor tool" protocol=serial tool="builtin:serial-monitor"
time="2026-02-17T18:00:22Z" level=info msg="Loaded platform" platform="esp32:esp32@3.3.6"
2026-02-17 18:00:22 2026-02-17T18:00:22.907Z daemon INFO time="2026-02-17T18:00:22Z" level=info msg="Checking existence of 'tools' path: /home/shrek/.arduino15/packages/esp32/tools"
time="2026-02-17T18:00:22Z" level=info msg="Loading tools from dir: /home/shrek/.arduino15/packages/esp32/tools"
2026-02-17 18:00:22 2026-02-17T18:00:22.913Z daemon INFO time="2026-02-17T18:00:22Z" level=info msg="Loaded tool" tool="esp32:esp-rv32@2511"
time="2026-02-17T18:00:22Z" level=info msg="Loaded tool" tool="esp32:esp-x32@2511"
time="2026-02-17T18:00:22Z" level=info msg="Loaded tool" tool="esp32:esp32-libs@3.3.6"
time="2026-02-17T18:00:22Z" level=info msg="Loaded tool" tool="esp32:esp32c3-libs@3.3.6"
time="2026-02-17T18:00:22Z" level=info msg="Loaded tool" tool="esp32:esp32c5-libs@3.3.6"
time="2026-02-17T18:00:22Z" level=info msg="Loaded tool" tool="esp32:esp32c6-libs@3.3.6"
2026-02-17 18:00:22 2026-02-17T18:00:22.920Z daemon INFO time="2026-02-17T18:00:22Z" level=info msg="Loaded tool" tool="esp32:esp32h2-libs@3.3.6"
time="2026-02-17T18:00:22Z" level=info msg="Loaded tool" tool="esp32:esp32p4-libs@3.3.6"
time="2026-02-17T18:00:22Z" level=info msg="Loaded tool" tool="esp32:esp32p4_es-libs@3.3.6"
time="2026-02-17T18:00:22Z" level=info msg="Loaded tool" tool="esp32:esp32s2-libs@3.3.6"
time="2026-02-17T18:00:22Z" level=info msg="Loaded tool" tool="esp32:esp32s3-libs@3.3.6"
time="2026-02-17T18:00:22Z" level=info msg="Loaded tool" tool="esp32:esptool_py@5.1.0"
time="2026-02-17T18:00:22Z" level=info msg="Loaded tool" tool="esp32:mklittlefs@4.0.2-db0513a"
time="2026-02-17T18:00:22Z" level=info msg="Loaded tool" tool="esp32:mkspiffs@0.2.3"
time="2026-02-17T18:00:22Z" level=info msg="Loaded tool" tool="esp32:openocd-esp32@v0.12.0-esp32-20251215"
time="2026-02-17T18:00:22Z" level=info msg="Loaded tool" tool="esp32:riscv32-esp-elf-gdb@16.3_20250913"
time="2026-02-17T18:00:22Z" level=info msg="Loaded tool" tool="esp32:xtensa-esp-elf-gdb@16.3_20250913"
time="2026-02-17T18:00:22Z" level=info msg="Loading package esp8266 from: /home/shrek/.arduino15/packages/esp8266/hardware"
time="2026-02-17T18:00:22Z" level=info msg="Missing signature file" index=/home/shrek/.arduino15/packages/esp8266/hardware/esp8266/3.1.2/installed.json
2026-02-17 18:00:22 2026-02-17T18:00:22.926Z daemon INFO time="2026-02-17T18:00:22Z" level=info msg="Adding monitor tool" protocol=serial tool="builtin:serial-monitor"
time="2026-02-17T18:00:22Z" level=info msg="Loaded platform" platform="esp8266:esp8266@3.1.2"
2026-02-17 18:00:22 2026-02-17T18:00:22.926Z daemon INFO time="2026-02-17T18:00:22Z" level=info msg="Checking existence of 'tools' path: /home/shrek/.arduino15/packages/esp8266/tools"
time="2026-02-17T18:00:22Z" level=info msg="Loading tools from dir: /home/shrek/.arduino15/packages/esp8266/tools"
2026-02-17 18:00:22 2026-02-17T18:00:22.926Z daemon INFO time="2026-02-17T18:00:22Z" level=info msg="Loaded tool" tool="esp8266:mklittlefs@3.1.0-gcc10.3-e5f9fec"
2026-02-17 18:00:22 2026-02-17T18:00:22.926Z daemon INFO time="2026-02-17T18:00:22Z" level=info msg="Loaded tool" tool="esp8266:mkspiffs@3.1.0-gcc10.3-e5f9fec"
2026-02-17 18:00:22 2026-02-17T18:00:22.927Z daemon INFO time="2026-02-17T18:00:22Z" level=info msg="Loaded tool" tool="esp8266:python3@3.7.2-post1"
2026-02-17 18:00:22 2026-02-17T18:00:22.927Z daemon INFO time="2026-02-17T18:00:22Z" level=info msg="Loaded tool" tool="esp8266:xtensa-lx106-elf-gcc@3.1.0-gcc10.3-e5f9fec"
2026-02-17 18:00:22 2026-02-17T18:00:22.937Z daemon INFO time="2026-02-17T18:00:22Z" level=info msg="Adding libraries dir" dir=/home/shrek/.arduino15/packages/esp32/hardware/esp32/3.3.6/libraries isSingleLibrary=false location=platform
time="2026-02-17T18:00:22Z" level=info msg="Adding libraries dir" dir=/home/shrek/.arduino15/packages/arduino/hardware/avr/1.8.7/libraries isSingleLibrary=false location=platform
time="2026-02-17T18:00:22Z" level=info msg="Adding libraries dir" dir=/home/shrek/.arduino15/packages/esp8266/hardware/esp8266/3.1.2/libraries isSingleLibrary=false location=platform
time="2026-02-17T18:00:22Z" level=info msg="Loading libraries index file" index=/home/shrek/.arduino15/library_index.json
2026-02-17 18:00:23 2026-02-17T18:00:23.091Z root INFO Deploy plugins list: 428.9 ms [Finished 0.804 s after backend start]
2026-02-17 18:00:23 2026-02-17T18:00:23.122Z daemon INFO time="2026-02-17T18:00:23Z" level=info msg="Adding libraries dir" dir=/home/shrek/.arduino15/libraries isSingleLibrary=false location=ide
2026-02-17 18:00:23 2026-02-17T18:00:23.122Z daemon INFO time="2026-02-17T18:00:23Z" level=info msg="Adding libraries dir" dir=/home/shrek/Arduino/libraries isSingleLibrary=false location=user
2026-02-17 18:00:23 2026-02-17T18:00:23.170Z root INFO creating connection for 1
2026-02-17 18:00:23 2026-02-17T18:00:23.287Z discovery-log INFO start resolved watching
2026-02-17 18:00:23 2026-02-17T18:00:23.302Z discovery-log INFO {"eventType":"add","port":{"matchingBoardsList":[],"port":{"address":"/dev/ttyS0","label":"/dev/ttyS0","protocol":"serial","protocolLabel":"Serial Port","propertiesMap":[],"hardwareId":""}},"error":""}
2026-02-17 18:00:23 2026-02-17T18:00:23.690Z root WARN A command editor.action.toggleStickyScroll is already registered.
2026-02-17 18:00:23 2026-02-17T18:00:23.702Z sketches-service WARN Warning! The request sketch path was different than the response sketch path from the CLI. This could be a potential bug. Request: </home/shrek/Arduino/AndroidCnct/test1/test1.ino>, response: </home/shrek/Arduino/AndroidCnct/test1>.
2026-02-17 18:00:23 Opening channel for service path '/services/electron-window'.
2026-02-17 18:00:23 Opening channel for service path '/services/ide-updater'.
2026-02-17 18:00:23 2026-02-17T18:00:23.747Z root INFO Start frontend contributions: 149.1 ms [Finished 1.069 s after frontend start]
2026-02-17 18:00:23 2026-02-17T18:00:23.747Z root INFO Changed application state from 'init' to 'started_contributions'.
2026-02-17 18:00:23 2026-02-17T18:00:23.751Z root INFO Changed application state from 'started_contributions' to 'attached_shell'.
2026-02-17 18:00:23 2026-02-17T18:00:23.752Z root INFO >>> Restoring the layout state...
2026-02-17 18:00:23 2026-02-17T18:00:23.776Z root INFO [92c79f03-4669-44f1-bf85-0ec5338bb242] Waiting for backend deployment: 35.0 ms [Finished 1.101 s after frontend start]
2026-02-17 18:00:24 2026-02-17T18:00:24.075Z root INFO [hosted-plugin: 15520] PLUGIN_HOST(15520) starting instance
[Object: null prototype] {}
2026-02-17 18:00:24 2026-02-17T18:00:24.390Z root INFO [92c79f03-4669-44f1-bf85-0ec5338bb242] Sync of 23 plugins: 619.1 ms [Finished 1.720 s after frontend start]
2026-02-17 18:00:24 2026-02-17T18:00:24.402Z root INFO ------- SERIALIZED LAYOUT DATA -------
2026-02-17 18:00:24 2026-02-17T18:00:24.402Z root INFO {"version":5,"mainPanel":{"main":{"type":"tab-area","widgets":[{"constructionOptions":{"factoryId":"code-editor-opener","options":{"counter":0,"kind":"navigatable","uri":"file:///home/shrek/Arduino/AndroidCnct/test1/test1.ino"}},"innerWidgetState":"{\"cursorState\":[{\"inSelectionMode\":false,\"selectionStart\":{\"lineNumber\":56,\"column\":1},\"position\":{\"lineNumber\":56,\"column\":1}}],\"viewState\":{\"scrollLeft\":0,\"firstPosition\":{\"lineNumber\":25,\"column\":1},\"firstPositionDeltaTop\":-15},\"contributionsState\":{\"editor.contrib.folding\":{\"lineCount\":80,\"provider\":\"indent\",\"foldedImports\":false},\"editor.contrib.wordHighlighter\":false}}"}],"currentIndex":0}},"mainPanelPinned":[false],"bottomPanel":{"config":{"main":{"type":"tab-area","widgets":[{"constructionOptions":{"factoryId":"outputView"},"innerWidgetState":"{\"locked\":false}"}],"currentIndex":0}},"pinned":[false],"size":514,"expanded":true},"leftPanel":{"type":"sidepanel","items":[{"widget":{"constructionOptions":{"factoryId":"arduino-sketchbook-widget"}},"rank":1,"expanded":false,"pinned":false},{"widget":{"constructionOptions":{"factoryId":"boards-list-widget"}},"rank":2,"expanded":false,"pinned":false},{"widget":{"constructionOptions":{"factoryId":"library-list-widget"}},"rank":3,"expanded":true,"pinned":false},{"widget":{"constructionOptions":{"factoryId":"debug"},"innerWidgetState":"{\"parts\":[{\"partId\":\"debug:threads:-1\",\"collapsed\":false,\"hidden\":false,\"relativeSize\":1.384,\"originalContainerId\":\"debug:view-container:-1\",\"originalContainerTitle\":{\"label\":\"debug\",\"iconClass\":\"codicon codicon-debug-alt\",\"closeable\":true},\"widget\":{\"constructionOptions\":{\"factoryId\":\"debug:threads\"},\"innerWidgetState\":\"{}\"}},{\"partId\":\"debug:frames:-1\",\"collapsed\":false,\"hidden\":false,\"relativeSize\":1.384,\"originalContainerId\":\"debug:view-container:-1\",\"originalContainerTitle\":{\"label\":\"debug\",\"iconClass\":\"codicon codicon-debug-alt\",\"closeable\":true},\"widget\":{\"constructionOptions\":{\"factoryId\":\"debug:frames\"},\"innerWidgetState\":\"{}\"}},{\"partId\":\"debug:variables:-1\",\"collapsed\":false,\"hidden\":false,\"relativeSize\":1.384,\"originalContainerId\":\"debug:view-container:-1\",\"originalContainerTitle\":{\"label\":\"debug\",\"iconClass\":\"codicon codicon-debug-alt\",\"closeable\":true},\"widget\":{\"constructionOptions\":{\"factoryId\":\"debug:variables\"},\"innerWidgetState\":\"{}\"}},{\"partId\":\"debug:watch:-1\",\"collapsed\":false,\"hidden\":false,\"relativeSize\":1.384,\"originalContainerId\":\"debug:view-container:-1\",\"originalContainerTitle\":{\"label\":\"debug\",\"iconClass\":\"codicon codicon-debug-alt\",\"closeable\":true},\"widget\":{\"constructionOptions\":{\"factoryId\":\"debug:watch\"},\"innerWidgetState\":\"{}\"}},{\"partId\":\"debug:breakpoints:-1\",\"collapsed\":false,\"hidden\":false,\"relativeSize\":1.384,\"originalContainerId\":\"debug:view-container:-1\",\"originalContainerTitle\":{\"label\":\"debug\",\"iconClass\":\"codicon codicon-debug-alt\",\"closeable\":true},\"widget\":{\"constructionOptions\":{\"factoryId\":\"debug:breakpoints\"},\"innerWidgetState\":\"{}\"}},{\"partId\":\"plugin-view:cortex-debug.peripherals\",\"collapsed\":true,\"hidden\":true,\"originalContainerId\":\"debug:view-container:-1\",\"originalContainerTitle\":{\"label\":\"debug\",\"iconClass\":\"codicon codicon-debug-alt\",\"closeable\":true},\"widget\":{\"constructionOptions\":{\"factoryId\":\"plugin-view\",\"options\":{\"id\":\"plugin-view:cortex-debug.peripherals\",\"viewId\":\"cortex-debug.peripherals\"}},\"innerWidgetState\":\"{\\\"label\\\":\\\"Cortex Peripherals\\\",\\\"widgets\\\":[],\\\"suppressUpdateViewVisibility\\\":false,\\\"currentViewContainerId\\\":\\\"debug\\\"}\"}},{\"partId\":\"plugin-view:cortex-debug.registers\",\"collapsed\":true,\"hidden\":true,\"originalContainerId\":\"debug:view-container:-1\",\"originalContainerTitle\":{\"label\":\"debug\",\"iconClass\":\"codicon codicon-debug-alt\",\"closeable\":true},\"widget\":{\"constructionOptions\":{\"factoryId\":\"plugin-view\",\"options\":{\"id\":\"plugin-view:cortex-debug.registers\",\"viewId\":\"cortex-debug.registers\"}},\"innerWidgetState\":\"{\\\"label\\\":\\\"Cortex Registers\\\",\\\"widgets\\\":[],\\\"suppressUpdateViewVisibility\\\":false,\\\"currentViewContainerId\\\":\\\"debug\\\"}\"}}],\"title\":{\"label\":\"debug\",\"iconClass\":\"codicon codicon-debug-alt\",\"closeable\":true}}"},"rank":4,"expanded":false,"pinned":false},{"widget":{"constructionOptions":{"factoryId":"search-view-container"},"innerWidgetState":"{\"parts\":[{\"partId\":\"search-in-workspace\",\"collapsed\":false,\"hidden\":false,\"originalContainerId\":\"search-view-container\",\"originalContainerTitle\":{\"label\":\"Search\",\"iconClass\":\"codicon codicon-search\",\"closeable\":true},\"widget\":{\"constructionOptions\":{\"factoryId\":\"search-in-workspace\"},\"innerWidgetState\":\"{\\\"matchCaseState\\\":{\\\"className\\\":\\\"codicon codicon-case-sensitive\\\",\\\"enabled\\\":false,\\\"title\\\":\\\"Match Case\\\"},\\\"wholeWordState\\\":{\\\"className\\\":\\\"codicon codicon-whole-word\\\",\\\"enabled\\\":false,\\\"title\\\":\\\"Match Whole Word\\\"},\\\"regExpState\\\":{\\\"className\\\":\\\"codicon codicon-regex\\\",\\\"enabled\\\":false,\\\"title\\\":\\\"Use Regular Expression\\\"},\\\"includeIgnoredState\\\":{\\\"className\\\":\\\"codicon codicon-eye\\\",\\\"enabled\\\":false,\\\"title\\\":\\\"Include Ignored Files\\\"},\\\"showSearchDetails\\\":false,\\\"searchInWorkspaceOptions\\\":{\\\"matchCase\\\":false,\\\"matchWholeWord\\\":false,\\\"useRegExp\\\":false,\\\"multiline\\\":false,\\\"includeIgnored\\\":false,\\\"include\\\":[],\\\"exclude\\\":[],\\\"maxResults\\\":2000},\\\"searchTerm\\\":\\\"\\\",\\\"replaceTerm\\\":\\\"\\\",\\\"showReplaceField\\\":false,\\\"searchHistoryState\\\":{\\\"history\\\":[],\\\"index\\\":0},\\\"replaceHistoryState\\\":{\\\"history\\\":[],\\\"index\\\":0},\\\"includeHistoryState\\\":{\\\"history\\\":[],\\\"index\\\":0},\\\"excludeHistoryState\\\":{\\\"history\\\":[],\\\"index\\\":0}}\"}}],\"title\":{\"label\":\"Search\",\"iconClass\":\"fa fa-arduino-search\",\"closeable\":true}}"},"rank":5,"expanded":false,"pinned":false}],"size":268},"rightPanel":{"type":"sidepanel","items":[]},"activeWidgetId":"library-list-widget"}
2026-02-17 18:00:24 2026-02-17T18:00:24.402Z root INFO ------- END SERIALIZED LAYOUT DATA -------
2026-02-17 18:00:24 2026-02-17T18:00:24.579Z root INFO <<< The layout has been successfully restored.
2026-02-17 18:00:24 2026-02-17T18:00:24.618Z root INFO Initialize the workbench layout: 827.6 ms [Finished 1.909 s after frontend start]
2026-02-17 18:00:24 2026-02-17T18:00:24.619Z root INFO Changed application state from 'attached_shell' to 'initialized_layout'.
2026-02-17 18:00:24 2026-02-17T18:00:24.619Z root INFO [92c79f03-4669-44f1-bf85-0ec5338bb242] Loading plugin contributions
2026-02-17 18:00:24 2026-02-17T18:00:24.619Z root INFO [92c79f03-4669-44f1-bf85-0ec5338bb242] Load contributions of 23 plugins: 37.9 ms [Finished 1.948 s after frontend start]
2026-02-17 18:00:24 2026-02-17T18:00:24.655Z root WARN 'cpp' language is remapped from 'source.cpp.embedded.macro' to 'source.cpp' scope
2026-02-17 18:00:24 2026-02-17T18:00:24.655Z root WARN a registered grammar configuration for 'cpp' language is overridden
2026-02-17 18:00:24 2026-02-17T18:00:24.809Z root ERROR [hosted-plugin: 15520] Conflict in settings file Default: Ignoring cortex-debug.armToolchainPath.linux as cortex-debug.armToolchainPath is null
2026-02-17 18:00:24 2026-02-17T18:00:24.809Z root ERROR [hosted-plugin: 15520] Conflict in settings file Default: Ignoring cortex-debug.armToolchainPath.osx as cortex-debug.armToolchainPath is null
Conflict in settings file Default: Ignoring cortex-debug.armToolchainPath.windows as cortex-debug.armToolchainPath is null
2026-02-17 18:00:24 2026-02-17T18:00:24.809Z root ERROR [hosted-plugin: 15520] Conflict in settings file Default: Ignoring cortex-debug.JLinkGDBServerPath.linux as cortex-debug.JLinkGDBServerPath is null
Conflict in settings file Default: Ignoring cortex-debug.JLinkGDBServerPath.osx as cortex-debug.JLinkGDBServerPath is null
Conflict in settings file Default: Ignoring cortex-debug.JLinkGDBServerPath.windows as cortex-debug.JLinkGDBServerPath is null
2026-02-17 18:00:24 2026-02-17T18:00:24.809Z root ERROR [hosted-plugin: 15520] Conflict in settings file Default: Ignoring cortex-debug.openocdPath.linux as cortex-debug.openocdPath is null
2026-02-17 18:00:24 2026-02-17T18:00:24.809Z root ERROR [hosted-plugin: 15520] Conflict in settings file Default: Ignoring cortex-debug.openocdPath.osx as cortex-debug.openocdPath is null
2026-02-17 18:00:24 2026-02-17T18:00:24.809Z root ERROR [hosted-plugin: 15520] Conflict in settings file Default: Ignoring cortex-debug.openocdPath.windows as cortex-debug.openocdPath is null
2026-02-17 18:00:24 2026-02-17T18:00:24.809Z root ERROR [hosted-plugin: 15520] Conflict in settings file Default: Ignoring cortex-debug.pyocdPath.linux as cortex-debug.pyocdPath is null
Conflict in settings file Default: Ignoring cortex-debug.pyocdPath.osx as cortex-debug.pyocdPath is null
2026-02-17 18:00:24 2026-02-17T18:00:24.809Z root ERROR [hosted-plugin: 15520] Conflict in settings file Default: Ignoring cortex-debug.pyocdPath.windows as cortex-debug.pyocdPath is null
Conflict in settings file Default: Ignoring cortex-debug.PEGDBServerPath.linux as cortex-debug.PEGDBServerPath is null
2026-02-17 18:00:24 2026-02-17T18:00:24.809Z root ERROR [hosted-plugin: 15520] Conflict in settings file Default: Ignoring cortex-debug.PEGDBServerPath.osx as cortex-debug.PEGDBServerPath is null
Conflict in settings file Default: Ignoring cortex-debug.PEGDBServerPath.windows as cortex-debug.PEGDBServerPath is null
2026-02-17 18:00:24 2026-02-17T18:00:24.809Z root ERROR [hosted-plugin: 15520] Conflict in settings file Default: Ignoring cortex-debug.stutilPath.linux as cortex-debug.stutilPath is null
Conflict in settings file Default: Ignoring cortex-debug.stutilPath.osx as cortex-debug.stutilPath is null
Conflict in settings file Default: Ignoring cortex-debug.stutilPath.windows as cortex-debug.stutilPath is null
Conflict in settings file Default: Ignoring cortex-debug.stlinkPath.linux as cortex-debug.stlinkPath is null
Conflict in settings file Default: Ignoring cortex-debug.stlinkPath.osx as cortex-debug.stlinkPath is null
2026-02-17 18:00:24 2026-02-17T18:00:24.809Z root ERROR [hosted-plugin: 15520] Conflict in settings file Default: Ignoring cortex-debug.stlinkPath.windows as cortex-debug.stlinkPath is null
Conflict in settings file Default: Ignoring cortex-debug.stm32cubeprogrammer.linux as cortex-debug.stm32cubeprogrammer is null
Conflict in settings file Default: Ignoring cortex-debug.stm32cubeprogrammer.osx as cortex-debug.stm32cubeprogrammer is null
Conflict in settings file Default: Ignoring cortex-debug.stm32cubeprogrammer.windows as cortex-debug.stm32cubeprogrammer is null
2026-02-17 18:00:24 2026-02-17T18:00:24.831Z root INFO [hosted-plugin: 15520] PLUGIN_HOST(15520): PluginManagerExtImpl/init()
2026-02-17 18:00:24 2026-02-17T18:00:24.832Z root INFO [hosted-plugin: 15520] PLUGIN_HOST(15520): initializing(vscode-arduino-api@0.1.2 with /opt/arduino-ide/resources/app/lib/backend/plugin-vscode-init)
2026-02-17 18:00:24 2026-02-17T18:00:24.870Z root INFO [hosted-plugin: 15520] PLUGIN_HOST(15520): initializing(json-language-features@1.88.1 with /opt/arduino-ide/resources/app/lib/backend/plugin-vscode-init)
2026-02-17 18:00:24 2026-02-17T18:00:24.872Z root INFO [hosted-plugin: 15520] PLUGIN_HOST(15520): initializing(cortex-debug@1.5.1 with /opt/arduino-ide/resources/app/lib/backend/plugin-vscode-init)
2026-02-17 18:00:24 2026-02-17T18:00:24.873Z root INFO [hosted-plugin: 15520] Debugger contribution has been registered: cortex-debug
2026-02-17 18:00:24 2026-02-17T18:00:24.873Z root INFO [hosted-plugin: 15520] PLUGIN_HOST(15520): initializing(vscode-arduino-tools@0.1.3 with /opt/arduino-ide/resources/app/lib/backend/plugin-vscode-init)
2026-02-17 18:00:24 2026-02-17T18:00:24.874Z root INFO [hosted-plugin: 15520] PLUGIN_HOST(15520): initializing(cpp@1.88.1 with /opt/arduino-ide/resources/app/lib/backend/plugin-vscode-init)
2026-02-17 18:00:24 2026-02-17T18:00:24.875Z root INFO [hosted-plugin: 15520] PLUGIN_HOST(15520): initializing(json@1.88.1 with /opt/arduino-ide/resources/app/lib/backend/plugin-vscode-init)
2026-02-17 18:00:24 2026-02-17T18:00:24.877Z root INFO [hosted-plugin: 15520] PLUGIN_HOST(15520): initializing(vscode-language-pack-bg@1.48.3 with /opt/arduino-ide/resources/app/lib/backend/plugin-vscode-init)
2026-02-17 18:00:24 2026-02-17T18:00:24.877Z root INFO [hosted-plugin: 15520] PLUGIN_HOST(15520): initializing(vscode-language-pack-cs@1.96.0 with /opt/arduino-ide/resources/app/lib/backend/plugin-vscode-init)
2026-02-17 18:00:24 2026-02-17T18:00:24.877Z root INFO [hosted-plugin: 15520] PLUGIN_HOST(15520): initializing(vscode-language-pack-de@1.96.0 with /opt/arduino-ide/resources/app/lib/backend/plugin-vscode-init)
2026-02-17 18:00:24 2026-02-17T18:00:24.878Z root INFO [hosted-plugin: 15520] PLUGIN_HOST(15520): initializing(vscode-language-pack-es@1.96.0 with /opt/arduino-ide/resources/app/lib/backend/plugin-vscode-init)
2026-02-17 18:00:24 2026-02-17T18:00:24.878Z root INFO [hosted-plugin: 15520] PLUGIN_HOST(15520): initializing(vscode-language-pack-fr@1.96.0 with /opt/arduino-ide/resources/app/lib/backend/plugin-vscode-init)
2026-02-17 18:00:24 2026-02-17T18:00:24.879Z root INFO [hosted-plugin: 15520] PLUGIN_HOST(15520): initializing(vscode-language-pack-hu@1.48.3 with /opt/arduino-ide/resources/app/lib/backend/plugin-vscode-init)
2026-02-17 18:00:24 2026-02-17T18:00:24.879Z root INFO [hosted-plugin: 15520] PLUGIN_HOST(15520): initializing(vscode-language-pack-it@1.96.0 with /opt/arduino-ide/resources/app/lib/backend/plugin-vscode-init)
2026-02-17 18:00:24 2026-02-17T18:00:24.879Z root INFO [hosted-plugin: 15520] PLUGIN_HOST(15520): initializing(vscode-language-pack-ja@1.96.0 with /opt/arduino-ide/resources/app/lib/backend/plugin-vscode-init)
2026-02-17 18:00:24 2026-02-17T18:00:24.879Z root INFO [hosted-plugin: 15520] PLUGIN_HOST(15520): initializing(vscode-language-pack-ko@1.96.0 with /opt/arduino-ide/resources/app/lib/backend/plugin-vscode-init)
2026-02-17 18:00:24 2026-02-17T18:00:24.879Z root INFO [hosted-plugin: 15520] PLUGIN_HOST(15520): initializing(vscode-language-pack-nl@1.48.3 with /opt/arduino-ide/resources/app/lib/backend/plugin-vscode-init)
2026-02-17 18:00:24 2026-02-17T18:00:24.879Z root INFO [hosted-plugin: 15520] PLUGIN_HOST(15520): initializing(vscode-language-pack-pl@1.96.0 with /opt/arduino-ide/resources/app/lib/backend/plugin-vscode-init)
2026-02-17 18:00:24 2026-02-17T18:00:24.879Z root INFO [hosted-plugin: 15520] PLUGIN_HOST(15520): initializing(vscode-language-pack-pt-BR@1.96.0 with /opt/arduino-ide/resources/app/lib/backend/plugin-vscode-init)
2026-02-17 18:00:24 2026-02-17T18:00:24.880Z root INFO [hosted-plugin: 15520] PLUGIN_HOST(15520): initializing(vscode-language-pack-ru@1.96.0 with /opt/arduino-ide/resources/app/lib/backend/plugin-vscode-init)
2026-02-17 18:00:24 2026-02-17T18:00:24.880Z root INFO [hosted-plugin: 15520] PLUGIN_HOST(15520): initializing(vscode-language-pack-tr@1.96.0 with /opt/arduino-ide/resources/app/lib/backend/plugin-vscode-init)
2026-02-17 18:00:24 2026-02-17T18:00:24.880Z root INFO [hosted-plugin: 15520] PLUGIN_HOST(15520): initializing(vscode-language-pack-uk@1.48.3 with /opt/arduino-ide/resources/app/lib/backend/plugin-vscode-init)
2026-02-17 18:00:24 2026-02-17T18:00:24.880Z root INFO [hosted-plugin: 15520] PLUGIN_HOST(15520): initializing(vscode-language-pack-zh-hans@1.96.0 with /opt/arduino-ide/resources/app/lib/backend/plugin-vscode-init)
2026-02-17 18:00:24 2026-02-17T18:00:24.880Z root INFO [hosted-plugin: 15520] PLUGIN_HOST(15520): initializing(vscode-language-pack-zh-hant@1.96.0 with /opt/arduino-ide/resources/app/lib/backend/plugin-vscode-init)
2026-02-17 18:00:24 2026-02-17T18:00:24.894Z root INFO [hosted-plugin: 15520] PLUGIN_HOST(15520): PluginManagerExtImpl/loadPlugin(/opt/arduino-ide/resources/app/plugins/vscode-builtin-json-language-features/extension/client/dist/node/jsonClientMain)
2026-02-17 18:00:24 2026-02-17T18:00:24.926Z root INFO [hosted-plugin: 15520] PLUGIN_HOST(15520): PluginManagerExtImpl/loadPlugin(/opt/arduino-ide/resources/app/plugins/vscode-arduino-tools/extension/dist/extension.js)
2026-02-17 18:00:24 2026-02-17T18:00:24.942Z root INFO [hosted-plugin: 15520] PLUGIN_HOST(15520): PluginManagerExtImpl/loadPlugin(/opt/arduino-ide/resources/app/plugins/vscode-arduino-api/extension/dist/extension.js)
2026-02-17 18:00:24 2026-02-17T18:00:24.944Z root INFO [hosted-plugin: 15520] calling activation function on VS Code Arduino Tools
2026-02-17 18:00:24 2026-02-17T18:00:24.944Z root INFO [hosted-plugin: 15520] calling activation function on Arduino IDE API for VS Code extensions
2026-02-17 18:00:24 2026-02-17T18:00:24.950Z root INFO [92c79f03-4669-44f1-bf85-0ec5338bb242] Starting plugins.
2026-02-17 18:00:24 2026-02-17T18:00:24.971Z root INFO [hosted-plugin: 15520] PLUGIN_HOST(15520): PluginManagerExtImpl/loadPlugin(/opt/arduino-ide/resources/app/plugins/cortex-debug/extension/dist/extension.js)
2026-02-17 18:00:24 2026-02-17T18:00:24.993Z root INFO [hosted-plugin: 15520] Debug configuration provider has been registered: cortex-debug, trigger: 1
2026-02-17 18:00:24 2026-02-17T18:00:24.993Z root INFO [hosted-plugin: 15520] calling activation function on Cortex-Debug
2026-02-17 18:00:24 2026-02-17T18:00:24.994Z root INFO [hosted-plugin: 15520] GDB server console created
2026-02-17 18:00:25 2026-02-17T18:00:25.000Z root INFO [92c79f03-4669-44f1-bf85-0ec5338bb242] Start of 23 plugins: 380.1 ms [Finished 2.330 s after frontend start]
2026-02-17 18:00:25 2026-02-17T18:00:25.088Z root INFO [hosted-plugin: 15520] calling activation function on JSON Language Features (built-in)
2026-02-17 18:00:25 2026-02-17T18:00:25.262Z root ERROR ---- !!!SLOW!!! DURATION: search took 204.431 ms. Args: [{"query":"","type":"All","topic":"All"}] ----
2026-02-17 18:00:25 2026-02-17T18:00:25.544Z root INFO Frontend application start: 1885.7 ms [Finished 3.256 s after backend start]
2026-02-17 18:00:25 Checking for update
2026-02-17 18:00:25 2026-02-17T18:00:25.560Z root INFO Replace loading indicator with ready workbench UI (animation): 826.4 ms [Finished 2.776 s after frontend start]
2026-02-17 18:00:25 2026-02-17T18:00:25.560Z root INFO Changed application state from 'initialized_layout' to 'ready'.
2026-02-17 18:00:25 2026-02-17T18:00:25.560Z root WARN Linked preference "workbench.colorCustomizations" not found.
2026-02-17 18:00:25 2026-02-17T18:00:25.571Z sketches-service WARN Mismatching sketch file <led.ino> and sketch folder name <practice>. Skipping
2026-02-17 18:00:25 2026-02-17T18:00:25.616Z daemon INFO time="2026-02-17T18:00:25Z" level=info msg="Updating index" url="https://downloads.arduino.cc/packages/package_index.tar.bz2"
time="2026-02-17T18:00:25Z" level=info msg="Starting download" url="https://downloads.arduino.cc/libraries/library_index.tar.bz2"
time="2026-02-17T18:00:25Z" level=info msg="Starting download" url="https://downloads.arduino.cc/packages/package_index.tar.bz2"
2026-02-17 18:00:25 2026-02-17T18:00:25.618Z root INFO core-client-provider [library-index] Downloading index: library_index.tar.bz2

2026-02-17 18:00:25 2026-02-17T18:00:25.618Z root INFO core-client-provider [platform-index] Downloading index: package_index.tar.bz2

2026-02-17 18:00:25 2026-02-17T18:00:25.618Z sketches-service WARN Mismatching sketch file <led.ino> and sketch folder name <practice>. Skipping
2026-02-17 18:00:25 2026-02-17T18:00:25.619Z sketches-service WARN Mismatching sketch file <led.ino> and sketch folder name <practice>. Skipping
2026-02-17 18:00:25 2026-02-17T18:00:25.765Z daemon INFO time="2026-02-17T18:00:25Z" level=info msg="Tool required for debug" tool="arduino:dfu-util@0.11.0-arduino5"
time="2026-02-17T18:00:25Z" level=info msg="Tool required for debug" tool="esp32:esp-rv32@2511"
time="2026-02-17T18:00:25Z" level=info msg="Tool required for debug" tool="esp32:esp-x32@2511"
time="2026-02-17T18:00:25Z" level=info msg="Tool required for debug" tool="esp32:esp32-libs@3.3.6"
time="2026-02-17T18:00:25Z" level=info msg="Tool required for debug" tool="esp32:esp32c3-libs@3.3.6"
time="2026-02-17T18:00:25Z" level=info msg="Tool required for debug" tool="esp32:esp32c5-libs@3.3.6"
time="2026-02-17T18:00:25Z" level=info msg="Tool required for debug" tool="esp32:esp32c6-libs@3.3.6"
time="2026-02-17T18:00:25Z" level=info msg="Tool required for debug" tool="esp32:esp32h2-libs@3.3.6"
time="2026-02-17T18:00:25Z" level=info msg="Tool required for debug" tool="esp32:esp32p4-libs@3.3.6"
time="2026-02-17T18:00:25Z" level=info msg="Tool required for debug" tool="esp32:esp32p4_es-libs@3.3.6"
time="2026-02-17T18:00:25Z" level=info msg="Tool required for debug" tool="esp32:esp32s2-libs@3.3.6"
time="2026-02-17T18:00:25Z" level=info msg="Tool required for debug" tool="esp32:esp32s3-libs@3.3.6"
time="2026-02-17T18:00:25Z" level=info msg="Tool required for debug" tool="esp32:esptool_py@5.1.0"
time="2026-02-17T18:00:25Z" level=info msg="Tool required for debug" tool="esp32:mklittlefs@4.0.2-db0513a"
time="2026-02-17T18:00:25Z" level=info msg="Tool required for debug" tool="esp32:mkspiffs@0.2.3"
time="2026-02-17T18:00:25Z" level=info msg="Tool required for debug" tool="esp32:openocd-esp32@v0.12.0-esp32-20251215"
time="2026-02-17T18:00:25Z" level=info msg="Tool required for debug" tool="esp32:riscv32-esp-elf-gdb@16.3_20250913"
time="2026-02-17T18:00:25Z" level=info msg="Tool required for debug" tool="esp32:xtensa-esp-elf-gdb@16.3_20250913"
time="2026-02-17T18:00:25Z" level=info msg="Tool required for debug" tool="builtin:serial-discovery@1.4.3"
time="2026-02-17T18:00:25Z" level=info msg="Tool required for debug" tool="arduino:avrdude@8.0.0-arduino1"
time="2026-02-17T18:00:25Z" level=info msg="Tool required for debug" tool="builtin:mdns-discovery@1.0.12"
time="2026-02-17T18:00:25Z" level=info msg="Tool required for debug" tool="builtin:serial-monitor@0.15.0"
2026-02-17 18:00:25 2026-02-17T18:00:25.765Z daemon INFO time="2026-02-17T18:00:25Z" level=info msg="Tool required for debug" tool="arduino:arduinoOTA@1.3.0"
time="2026-02-17T18:00:25Z" level=info msg="Tool required for debug" tool="esp8266:python3@3.7.2-post1"
time="2026-02-17T18:00:25Z" level=info msg="Tool required for debug" tool="esp8266:xtensa-lx106-elf-gcc@3.1.0-gcc10.3-e5f9fec"
time="2026-02-17T18:00:25Z" level=info msg="Tool required for debug" tool="builtin:dfu-discovery@0.1.2"
time="2026-02-17T18:00:25Z" level=info msg="Tool required for debug" tool="builtin:ctags@5.8-arduino11"
2026-02-17 18:00:25 2026-02-17T18:00:25.765Z daemon INFO time="2026-02-17T18:00:25Z" level=info msg="Tool required for debug" tool="arduino:avr-gcc@7.3.0-atmel3.6.1-arduino7"
2026-02-17 18:00:25 2026-02-17T18:00:25.767Z daemon INFO time="2026-02-17T18:00:25Z" level=info msg="Tool required for debug" tool="arduino:dfu-util@0.11.0-arduino5"
time="2026-02-17T18:00:25Z" level=info msg="Tool required for debug" tool="esp32:esp-rv32@2511"
time="2026-02-17T18:00:25Z" level=info msg="Tool required for debug" tool="esp32:esp-x32@2511"
time="2026-02-17T18:00:25Z" level=info msg="Tool required for debug" tool="esp32:esp32-libs@3.3.6"
time="2026-02-17T18:00:25Z" level=info msg="Tool required for debug" tool="esp32:esp32c3-libs@3.3.6"
time="2026-02-17T18:00:25Z" level=info msg="Tool required for debug" tool="esp32:esp32c5-libs@3.3.6"
time="2026-02-17T18:00:25Z" level=info msg="Tool required for debug" tool="esp32:esp32c6-libs@3.3.6"
time="2026-02-17T18:00:25Z" level=info msg="Tool required for debug" tool="esp32:esp32h2-libs@3.3.6"
time="2026-02-17T18:00:25Z" level=info msg="Tool required for debug" tool="esp32:esp32p4-libs@3.3.6"
time="2026-02-17T18:00:25Z" level=info msg="Tool required for debug" tool="esp32:esp32p4_es-libs@3.3.6"
time="2026-02-17T18:00:25Z" level=info msg="Tool required for debug" tool="esp32:esp32s2-libs@3.3.6"
2026-02-17 18:00:25 2026-02-17T18:00:25.767Z daemon INFO time="2026-02-17T18:00:25Z" level=info msg="Tool required for debug" tool="esp32:esp32s3-libs@3.3.6"
time="2026-02-17T18:00:25Z" level=info msg="Tool required for debug" tool="esp32:esptool_py@5.1.0"
time="2026-02-17T18:00:25Z" level=info msg="Tool required for debug" tool="esp32:mklittlefs@4.0.2-db0513a"
time="2026-02-17T18:00:25Z" level=info msg="Tool required for debug" tool="esp32:mkspiffs@0.2.3"
time="2026-02-17T18:00:25Z" level=info msg="Tool required for debug" tool="esp32:openocd-esp32@v0.12.0-esp32-20251215"
time="2026-02-17T18:00:25Z" level=info msg="Tool required for debug" tool="esp32:riscv32-esp-elf-gdb@16.3_20250913"
time="2026-02-17T18:00:25Z" level=info msg="Tool required for debug" tool="esp32:xtensa-esp-elf-gdb@16.3_20250913"
time="2026-02-17T18:00:25Z" level=info msg="Tool required for debug" tool="arduino:arduinoOTA@1.3.0"
time="2026-02-17T18:00:25Z" level=info msg="Tool required for debug" tool="arduino:avrdude@8.0.0-arduino1"
time="2026-02-17T18:00:25Z" level=info msg="Tool required for debug" tool="esp8266:python3@3.7.2-post1"
time="2026-02-17T18:00:25Z" level=info msg="Tool required for debug" tool="esp8266:xtensa-lx106-elf-gcc@3.1.0-gcc10.3-e5f9fec"
time="2026-02-17T18:00:25Z" level=info msg="Tool required for debug" tool="builtin:mdns-discovery@1.0.12"
time="2026-02-17T18:00:25Z" level=info msg="Tool required for debug" tool="builtin:ctags@5.8-arduino11"
time="2026-02-17T18:00:25Z" level=info msg="Tool required for debug" tool="builtin:dfu-discovery@0.1.2"
time="2026-02-17T18:00:25Z" level=info msg="Tool required for debug" tool="builtin:serial-discovery@1.4.3"
time="2026-02-17T18:00:25Z" level=info msg="Tool required for debug" tool="arduino:avr-gcc@7.3.0-atmel3.6.1-arduino7"
time="2026-02-17T18:00:25Z" level=info msg="Tool required for debug" tool="builtin:serial-monitor@0.15.0"
2026-02-17 18:00:25 2026-02-17T18:00:25.769Z daemon INFO time="2026-02-17T18:00:25Z" level=info msg="Tool required for debug" tool="arduino:dfu-util@0.11.0-arduino5"
2026-02-17 18:00:25 2026-02-17T18:00:25.769Z daemon INFO time="2026-02-17T18:00:25Z" level=info msg="Tool required for debug" tool="esp32:esp-rv32@2511"
time="2026-02-17T18:00:25Z" level=info msg="Tool required for debug" tool="esp32:esp-x32@2511"
time="2026-02-17T18:00:25Z" level=info msg="Tool required for debug" tool="esp32:esp32-libs@3.3.6"
time="2026-02-17T18:00:25Z" level=info msg="Tool required for debug" tool="esp32:esp32c3-libs@3.3.6"
time="2026-02-17T18:00:25Z" level=info msg="Tool required for debug" tool="esp32:esp32c5-libs@3.3.6"
time="2026-02-17T18:00:25Z" level=info msg="Tool required for debug" tool="esp32:esp32c6-libs@3.3.6"
time="2026-02-17T18:00:25Z" level=info msg="Tool required for debug" tool="esp32:esp32h2-libs@3.3.6"
time="2026-02-17T18:00:25Z" level=info msg="Tool required for debug" tool="esp32:esp32p4-libs@3.3.6"
time="2026-02-17T18:00:25Z" level=info msg="Tool required for debug" tool="esp32:esp32p4_es-libs@3.3.6"
time="2026-02-17T18:00:25Z" level=info msg="Tool required for debug" tool="esp32:esp32s2-libs@3.3.6"
time="2026-02-17T18:00:25Z" level=info msg="Tool required for debug" tool="esp32:esp32s3-libs@3.3.6"
time="2026-02-17T18:00:25Z" level=info msg="Tool required for debug" tool="esp32:esptool_py@5.1.0"
time="2026-02-17T18:00:25Z" level=info msg="Tool required for debug" tool="esp32:mklittlefs@4.0.2-db0513a"
2026-02-17 18:00:25 2026-02-17T18:00:25.769Z daemon INFO time="2026-02-17T18:00:25Z" level=info msg="Tool required for debug" tool="esp32:mkspiffs@0.2.3"
time="2026-02-17T18:00:25Z" level=info msg="Tool required for debug" tool="esp32:openocd-esp32@v0.12.0-esp32-20251215"
time="2026-02-17T18:00:25Z" level=info msg="Tool required for debug" tool="esp32:riscv32-esp-elf-gdb@16.3_20250913"
time="2026-02-17T18:00:25Z" level=info msg="Tool required for debug" tool="esp32:xtensa-esp-elf-gdb@16.3_20250913"
time="2026-02-17T18:00:25Z" level=info msg="Tool required for debug" tool="esp8266:xtensa-lx106-elf-gcc@3.1.0-gcc10.3-e5f9fec"
time="2026-02-17T18:00:25Z" level=info msg="Tool required for debug" tool="builtin:ctags@5.8-arduino11"
2026-02-17 18:00:25 2026-02-17T18:00:25.769Z daemon INFO time="2026-02-17T18:00:25Z" level=info msg="Tool required for debug" tool="arduino:avr-gcc@7.3.0-atmel3.6.1-arduino7"
time="2026-02-17T18:00:25Z" level=info msg="Tool required for debug" tool="arduino:avrdude@8.0.0-arduino1"
time="2026-02-17T18:00:25Z" level=info msg="Tool required for debug" tool="esp8266:python3@3.7.2-post1"
time="2026-02-17T18:00:25Z" level=info msg="Tool required for debug" tool="builtin:serial-discovery@1.4.3"
time="2026-02-17T18:00:25Z" level=info msg="Tool required for debug" tool="builtin:serial-monitor@0.15.0"
time="2026-02-17T18:00:25Z" level=info msg="Tool required for debug" tool="arduino:arduinoOTA@1.3.0"
time="2026-02-17T18:00:25Z" level=info msg="Tool required for debug" tool="builtin:dfu-discovery@0.1.2"
time="2026-02-17T18:00:25Z" level=info msg="Tool required for debug" tool="builtin:mdns-discovery@1.0.12"
2026-02-17 18:00:25 2026-02-17T18:00:25.771Z daemon INFO time="2026-02-17T18:00:25Z" level=info msg="Tool required for debug" tool="arduino:dfu-util@0.11.0-arduino5"
time="2026-02-17T18:00:25Z" level=info msg="Tool required for debug" tool="esp32:esp-rv32@2511"
time="2026-02-17T18:00:25Z" level=info msg="Tool required for debug" tool="esp32:esp-x32@2511"
time="2026-02-17T18:00:25Z" level=info msg="Tool required for debug" tool="esp32:esp32-libs@3.3.6"
time="2026-02-17T18:00:25Z" level=info msg="Tool required for debug" tool="esp32:esp32c3-libs@3.3.6"
time="2026-02-17T18:00:25Z" level=info msg="Tool required for debug" tool="esp32:esp32c5-libs@3.3.6"
time="2026-02-17T18:00:25Z" level=info msg="Tool required for debug" tool="esp32:esp32c6-libs@3.3.6"
time="2026-02-17T18:00:25Z" level=info msg="Tool required for debug" tool="esp32:esp32h2-libs@3.3.6"
time="2026-02-17T18:00:25Z" level=info msg="Tool required for debug" tool="esp32:esp32p4-libs@3.3.6"
2026-02-17 18:00:25 2026-02-17T18:00:25.771Z daemon INFO time="2026-02-17T18:00:25Z" level=info msg="Tool required for debug" tool="esp32:esp32p4_es-libs@3.3.6"
time="2026-02-17T18:00:25Z" level=info msg="Tool required for debug" tool="esp32:esp32s2-libs@3.3.6"
time="2026-02-17T18:00:25Z" level=info msg="Tool required for debug" tool="esp32:esp32s3-libs@3.3.6"
time="2026-02-17T18:00:25Z" level=info msg="Tool required for debug" tool="esp32:esptool_py@5.1.0"
time="2026-02-17T18:00:25Z" level=info msg="Tool required for debug" tool="esp32:mklittlefs@4.0.2-db0513a"
time="2026-02-17T18:00:25Z" level=info msg="Tool required for debug" tool="esp32:mkspiffs@0.2.3"
time="2026-02-17T18:00:25Z" level=info msg="Tool required for debug" tool="esp32:openocd-esp32@v0.12.0-esp32-20251215"
time="2026-02-17T18:00:25Z" level=info msg="Tool required for debug" tool="esp32:riscv32-esp-elf-gdb@16.3_20250913"
time="2026-02-17T18:00:25Z" level=info msg="Tool required for debug" tool="esp32:xtensa-esp-elf-gdb@16.3_20250913"
time="2026-02-17T18:00:25Z" level=info msg="Tool required for debug" tool="esp8266:python3@3.7.2-post1"
time="2026-02-17T18:00:25Z" level=info msg="Tool required for debug" tool="esp8266:xtensa-lx106-elf-gcc@3.1.0-gcc10.3-e5f9fec"
time="2026-02-17T18:00:25Z" level=info msg="Tool required for debug" tool="builtin:mdns-discovery@1.0.12"
time="2026-02-17T18:00:25Z" level=info msg="Tool required for debug" tool="builtin:dfu-discovery@0.1.2"
time="2026-02-17T18:00:25Z" level=info msg="Tool required for debug" tool="builtin:ctags@5.8-arduino11"
time="2026-02-17T18:00:25Z" level=info msg="Tool required for debug" tool="builtin:serial-discovery@1.4.3"
time="2026-02-17T18:00:25Z" level=info msg="Tool required for debug" tool="arduino:avrdude@8.0.0-arduino1"
time="2026-02-17T18:00:25Z" level=info msg="Tool required for debug" tool="arduino:arduinoOTA@1.3.0"
time="2026-02-17T18:00:25Z" level=info msg="Tool required for debug" tool="builtin:serial-monitor@0.15.0"
2026-02-17 18:00:25 2026-02-17T18:00:25.771Z daemon INFO time="2026-02-17T18:00:25Z" level=info msg="Tool required for debug" tool="arduino:avr-gcc@7.3.0-atmel3.6.1-arduino7"
2026-02-17 18:00:25 2026-02-17T18:00:25.772Z daemon INFO time="2026-02-17T18:00:25Z" level=info msg="Tool required for debug" tool="arduino:dfu-util@0.11.0-arduino5"
time="2026-02-17T18:00:25Z" level=info msg="Tool required for debug" tool="esp32:esp-rv32@2511"
time="2026-02-17T18:00:25Z" level=info msg="Tool required for debug" tool="esp32:esp-x32@2511"
time="2026-02-17T18:00:25Z" level=info msg="Tool required for debug" tool="esp32:esp32-libs@3.3.6"
time="2026-02-17T18:00:25Z" level=info msg="Tool required for debug" tool="esp32:esp32c3-libs@3.3.6"
time="2026-02-17T18:00:25Z" level=info msg="Tool required for debug" tool="esp32:esp32c5-libs@3.3.6"
time="2026-02-17T18:00:25Z" level=info msg="Tool required for debug" tool="esp32:esp32c6-libs@3.3.6"
2026-02-17 18:00:25 2026-02-17T18:00:25.772Z daemon INFO time="2026-02-17T18:00:25Z" level=info msg="Tool required for debug" tool="esp32:esp32h2-libs@3.3.6"
time="2026-02-17T18:00:25Z" level=info msg="Tool required for debug" tool="esp32:esp32p4-libs@3.3.6"
time="2026-02-17T18:00:25Z" level=info msg="Tool required for debug" tool="esp32:esp32p4_es-libs@3.3.6"
time="2026-02-17T18:00:25Z" level=info msg="Tool required for debug" tool="esp32:esp32s2-libs@3.3.6"
time="2026-02-17T18:00:25Z" level=info msg="Tool required for debug" tool="esp32:esp32s3-libs@3.3.6"
time="2026-02-17T18:00:25Z" level=info msg="Tool required for debug" tool="esp32:esptool_py@5.1.0"
time="2026-02-17T18:00:25Z" level=info msg="Tool required for debug" tool="esp32:mklittlefs@4.0.2-db0513a"
time="2026-02-17T18:00:25Z" level=info msg="Tool required for debug" tool="esp32:mkspiffs@0.2.3"
time="2026-02-17T18:00:25Z" level=info msg="Tool required for debug" tool="esp32:openocd-esp32@v0.12.0-esp32-20251215"
time="2026-02-17T18:00:25Z" level=info msg="Tool required for debug" tool="esp32:riscv32-esp-elf-gdb@16.3_20250913"
time="2026-02-17T18:00:25Z" level=info msg="Tool required for debug" tool="esp32:xtensa-esp-elf-gdb@16.3_20250913"
time="2026-02-17T18:00:25Z" level=info msg="Tool required for debug" tool="esp8266:xtensa-lx106-elf-gcc@3.1.0-gcc10.3-e5f9fec"
time="2026-02-17T18:00:25Z" level=info msg="Tool required for debug" tool="builtin:serial-monitor@0.15.0"
time="2026-02-17T18:00:25Z" level=info msg="Tool required for debug" tool="arduino:avrdude@8.0.0-arduino1"
time="2026-02-17T18:00:25Z" level=info msg="Tool required for debug" tool="arduino:avr-gcc@7.3.0-atmel3.6.1-arduino7"
time="2026-02-17T18:00:25Z" level=info msg="Tool required for debug" tool="esp8266:python3@3.7.2-post1"
time="2026-02-17T18:00:25Z" level=info msg="Tool required for debug" tool="builtin:dfu-discovery@0.1.2"
time="2026-02-17T18:00:25Z" level=info msg="Tool required for debug" tool="builtin:ctags@5.8-arduino11"
time="2026-02-17T18:00:25Z" level=info msg="Tool required for debug" tool="arduino:arduinoOTA@1.3.0"
time="2026-02-17T18:00:25Z" level=info msg="Tool required for debug" tool="builtin:mdns-discovery@1.0.12"
2026-02-17 18:00:25 2026-02-17T18:00:25.772Z daemon INFO time="2026-02-17T18:00:25Z" level=info msg="Tool required for debug" tool="builtin:serial-discovery@1.4.3"
2026-02-17 18:00:25 2026-02-17T18:00:25.774Z daemon INFO time="2026-02-17T18:00:25Z" level=info msg="Tool required for debug" tool="arduino:dfu-util@0.11.0-arduino5"
time="2026-02-17T18:00:25Z" level=info msg="Tool required for debug" tool="esp32:esp-rv32@2511"
time="2026-02-17T18:00:25Z" level=info msg="Tool required for debug" tool="esp32:esp-x32@2511"
2026-02-17 18:00:25 2026-02-17T18:00:25.774Z daemon INFO time="2026-02-17T18:00:25Z" level=info msg="Tool required for debug" tool="esp32:esp32-libs@3.3.6"
time="2026-02-17T18:00:25Z" level=info msg="Tool required for debug" tool="esp32:esp32c3-libs@3.3.6"
time="2026-02-17T18:00:25Z" level=info msg="Tool required for debug" tool="esp32:esp32c5-libs@3.3.6"
2026-02-17 18:00:25 2026-02-17T18:00:25.774Z daemon INFO time="2026-02-17T18:00:25Z" level=info msg="Tool required for debug" tool="esp32:esp32c6-libs@3.3.6"
time="2026-02-17T18:00:25Z" level=info msg="Tool required for debug" tool="esp32:esp32h2-libs@3.3.6"
time="2026-02-17T18:00:25Z" level=info msg="Tool required for debug" tool="esp32:esp32p4-libs@3.3.6"
time="2026-02-17T18:00:25Z" level=info msg="Tool required for debug" tool="esp32:esp32p4_es-libs@3.3.6"
time="2026-02-17T18:00:25Z" level=info msg="Tool required for debug" tool="esp32:esp32s2-libs@3.3.6"
time="2026-02-17T18:00:25Z" level=info msg="Tool required for debug" tool="esp32:esp32s3-libs@3.3.6"
time="2026-02-17T18:00:25Z" level=info msg="Tool required for debug" tool="esp32:esptool_py@5.1.0"
time="2026-02-17T18:00:25Z" level=info msg="Tool required for debug" tool="esp32:mklittlefs@4.0.2-db0513a"
time="2026-02-17T18:00:25Z" level=info msg="Tool required for debug" tool="esp32:mkspiffs@0.2.3"
time="2026-02-17T18:00:25Z" level=info msg="Tool required for debug" tool="esp32:openocd-esp32@v0.12.0-esp32-20251215"
time="2026-02-17T18:00:25Z" level=info msg="Tool required for debug" tool="esp32:riscv32-esp-elf-gdb@16.3_20250913"
time="2026-02-17T18:00:25Z" level=info msg="Tool required for debug" tool="esp32:xtensa-esp-elf-gdb@16.3_20250913"
time="2026-02-17T18:00:25Z" level=info msg="Tool required for debug" tool="builtin:ctags@5.8-arduino11"
time="2026-02-17T18:00:25Z" level=info msg="Tool required for debug" tool="builtin:dfu-discovery@0.1.2"
time="2026-02-17T18:00:25Z" level=info msg="Tool required for debug" tool="arduino:arduinoOTA@1.3.0"
time="2026-02-17T18:00:25Z" level=info msg="Tool required for debug" tool="esp8266:python3@3.7.2-post1"
time="2026-02-17T18:00:25Z" level=info msg="Tool required for debug" tool="arduino:avr-gcc@7.3.0-atmel3.6.1-arduino7"
time="2026-02-17T18:00:25Z" level=info msg="Tool required for debug" tool="esp8266:xtensa-lx106-elf-gcc@3.1.0-gcc10.3-e5f9fec"
2026-02-17 18:00:25 2026-02-17T18:00:25.774Z daemon INFO time="2026-02-17T18:00:25Z" level=info msg="Tool required for debug" tool="builtin:mdns-discovery@1.0.12"
time="2026-02-17T18:00:25Z" level=info msg="Tool required for debug" tool="builtin:serial-discovery@1.4.3"
time="2026-02-17T18:00:25Z" level=info msg="Tool required for debug" tool="arduino:avrdude@8.0.0-arduino1"
time="2026-02-17T18:00:25Z" level=info msg="Tool required for debug" tool="builtin:serial-monitor@0.15.0"
2026-02-17 18:00:25 2026-02-17T18:00:25.883Z daemon INFO time="2026-02-17T18:00:25Z" level=info msg="Tool required for debug" tool="arduino:dfu-util@0.11.0-arduino5"
time="2026-02-17T18:00:25Z" level=info msg="Tool required for debug" tool="esp32:esp-rv32@2511"
time="2026-02-17T18:00:25Z" level=info msg="Tool required for debug" tool="esp32:esp-x32@2511"
time="2026-02-17T18:00:25Z" level=info msg="Tool required for debug" tool="esp32:esp32-libs@3.3.6"
time="2026-02-17T18:00:25Z" level=info msg="Tool required for debug" tool="esp32:esp32c3-libs@3.3.6"
time="2026-02-17T18:00:25Z" level=info msg="Tool required for debug" tool="esp32:esp32c5-libs@3.3.6"
time="2026-02-17T18:00:25Z" level=info msg="Tool required for debug" tool="esp32:esp32c6-libs@3.3.6"
time="2026-02-17T18:00:25Z" level=info msg="Tool required for debug" tool="esp32:esp32h2-libs@3.3.6"
time="2026-02-17T18:00:25Z" level=info msg="Tool required for debug" tool="esp32:esp32p4-libs@3.3.6"
time="2026-02-17T18:00:25Z" level=info msg="Tool required for debug" tool="esp32:esp32p4_es-libs@3.3.6"
time="2026-02-17T18:00:25Z" level=info msg="Tool required for debug" tool="esp32:esp32s2-libs@3.3.6"
time="2026-02-17T18:00:25Z" level=info msg="Tool required for debug" tool="esp32:esp32s3-libs@3.3.6"
time="2026-02-17T18:00:25Z" level=info msg="Tool required for debug" tool="esp32:esptool_py@5.1.0"
time="2026-02-17T18:00:25Z" level=info msg="Tool required for debug" tool="esp32:mklittlefs@4.0.2-db0513a"
time="2026-02-17T18:00:25Z" level=info msg="Tool required for debug" tool="esp32:mkspiffs@0.2.3"
time="2026-02-17T18:00:25Z" level=info msg="Tool required for debug" tool="esp32:openocd-esp32@v0.12.0-esp32-20251215"
time="2026-02-17T18:00:25Z" level=info msg="Tool required for debug" tool="esp32:riscv32-esp-elf-gdb@16.3_20250913"
time="2026-02-17T18:00:25Z" level=info msg="Tool required for debug" tool="esp32:xtensa-esp-elf-gdb@16.3_20250913"
time="2026-02-17T18:00:25Z" level=info msg="Tool required for debug" tool="builtin:serial-discovery@1.4.3"
time="2026-02-17T18:00:25Z" level=info msg="Tool required for debug" tool="arduino:arduinoOTA@1.3.0"
time="2026-02-17T18:00:25Z" level=info msg="Tool required for debug" tool="esp8266:python3@3.7.2-post1"
time="2026-02-17T18:00:25Z" level=info msg="Tool required for debug" tool="builtin:dfu-discovery@0.1.2"
time="2026-02-17T18:00:25Z" level=info msg="Tool required for debug" tool="builtin:mdns-discovery@1.0.12"
time="2026-02-17T18:00:25Z" level=info msg="Tool required for debug" tool="builtin:serial-monitor@0.15.0"
time="2026-02-17T18:00:25Z" level=info msg="Tool required for debug" tool="arduino:avrdude@8.0.0-arduino1"
time="2026-02-17T18:00:25Z" level=info msg="Tool required for debug" tool="esp8266:xtensa-lx106-elf-gcc@3.1.0-gcc10.3-e5f9fec"
time="2026-02-17T18:00:25Z" level=info msg="Tool required for debug" tool="builtin:ctags@5.8-arduino11"
time="2026-02-17T18:00:25Z" level=info msg="Tool required for debug" tool="arduino:avr-gcc@7.3.0-atmel3.6.1-arduino7"
time="2026-02-17T18:00:25Z" level=info msg="Tool required for debug" tool="arduino:dfu-util@0.11.0-arduino5"
time="2026-02-17T18:00:25Z" level=info msg="Tool required for debug" tool="esp32:esp-rv32@2511"
time="2026-02-17T18:00:25Z" level=info msg="Tool required for debug" tool="esp32:esp-x32@2511"
time="2026-02-17T18:00:25Z" level=info msg="Tool required for debug" tool="esp32:esp32-libs@3.3.6"
time="2026-02-17T18:00:25Z" level=info msg="Tool required for debug" tool="esp32:esp32c3-libs@3.3.6"
time="2026-02-17T18:00:25Z" level=info msg="Tool required for debug" tool="esp32:esp32c5-libs@3.3.6"
time="2026-02-17T18:00:25Z" level=info msg="Tool required for debug" tool="esp32:esp32c6-libs@3.3.6"
time="2026-02-17T18:00:25Z" level=info msg="Tool required for debug" tool="esp32:esp32h2-libs@3.3.6"
time="2026-02-17T18:00:25Z" level=info msg="Tool required for debug" tool="esp32:esp32p4-libs@3.3.6"
time="2026-02-17T18:00:25Z" level=info msg="Tool required for debug" tool="esp32:esp32p4_es-libs@3.3.6"
time="2026-02-17T18:00:25Z" level=info msg="Tool required for debug" tool="esp32:esp32s2-libs@3.3.6"
time="2026-02-17T18:00:25Z" level=info msg="Tool required for debug" tool="esp32:esp32s3-libs@3.3.6"
time="2026-02-17T18:00:25Z" level=info msg="Tool required for debug" tool="esp32:esptool_py@5.1.0"
time="2026-02-17T18:00:25Z" level=info msg="Tool required for debug" tool="esp32:mklittlefs@4.0.2-db0513a"
time="2026-02-17T18:00:25Z" level=info msg="Tool required for debug" tool="esp32:mkspiffs@0.2.3"
time="2026-02-17T18:00:25Z" level=info msg="Tool required for debug" tool="esp32:openocd-esp32@v0.12.0-esp32-20251215"
time="2026-02-17T18:00:25Z" level=info msg="Tool required for debug" tool="esp32:riscv32-esp-elf-gdb@16.3_20250913"
time="2026-02-17T18:00:25Z" level=info msg="Tool required for debug" tool="esp32:xtensa-esp-elf-gdb@16.3_20250913"
time="2026-02-17T18:00:25Z" level=info msg="Tool required for debug" tool="esp8266:xtensa-lx106-elf-gcc@3.1.0-gcc10.3-e5f9fec"
time="2026-02-17T18:00:25Z" level=info msg="Tool required for debug" tool="builtin:ctags@5.8-arduino11"
time="2026-02-17T18:00:25Z" level=info msg="Tool required for debug" tool="builtin:dfu-discovery@0.1.2"
time="2026-02-17T18:00:25Z" level=info msg="Tool required for debug" tool="builtin:serial-monitor@0.15.0"
time="2026-02-17T18:00:25Z" level=info msg="Tool required for debug" tool="arduino:arduinoOTA@1.3.0"
time="2026-02-17T18:00:25Z" level=info msg="Tool required for debug" tool="arduino:avrdude@8.0.0-arduino1"
time="2026-02-17T18:00:25Z" level=info msg="Tool required for debug" tool="arduino:avr-gcc@7.3.0-atmel3.6.1-arduino7"
time="2026-02-17T18:00:25Z" level=info msg="Tool required for debug" tool="esp8266:python3@3.7.2-post1"
time="2026-02-17T18:00:25Z" level=info msg="Tool required for debug" tool="builtin:mdns-discovery@1.0.12"
time="2026-02-17T18:00:25Z" level=info msg="Tool required for debug" tool="builtin:serial-discovery@1.4.3"
time="2026-02-17T18:00:25Z" level=info msg="Tool required for debug" tool="arduino:dfu-util@0.11.0-arduino5"
time="2026-02-17T18:00:25Z" level=info msg="Tool required for debug" tool="esp32:esp-rv32@2511"
time="2026-02-17T18:00:25Z" level=info msg="Tool required for debug" tool="esp32:esp-x32@2511"
time="2026-02-17T18:00:25Z" level=info msg="Tool required for debug" tool="esp32:esp32-libs@3.3.6"
time="2026-02-17T18:00:25Z" level=info msg="Tool required for debug" tool="esp32:esp32c3-libs@3.3.6"
time="2026-02-17T18:00:25Z" level=info msg="Tool required for debug" tool="esp32:esp32c5-libs@3.3.6"
time="2026-02-17T18:00:25Z" level=info msg="Tool required for debug" tool="esp32:esp32c6-libs@3.3.6"
time="2026-02-17T18:00:25Z" level=info msg="Tool required for debug" tool="esp32:esp32h2-libs@3.3.6"
time="2026-02-17T18:00:25Z" level=info msg="Tool required for debug" tool="esp32:esp32p4-libs@3.3.6"
time="2026-02-17T18:00:25Z" level=info msg="Tool required for debug" tool="esp32:esp32p4_es-libs@3.3.6"
time="2026-02-17T18:00:25Z" level=info msg="Tool required for debug" tool="esp32:esp32s2-libs@3.3.6"
time="2026-02-17T18:00:25Z" level=info msg="Tool required for debug" tool="esp32:esp32s3-libs@3.3.6"
time="2026-02-17T18:00:25Z" level=info msg="Tool required for debug" tool="esp32:esptool_py@5.1.0"
time="2026-02-17T18:00:25Z" level=info msg="Tool required for debug" tool="esp32:mklittlefs@4.0.2-db0513a"
time="2026-02-17T18:00:25Z" level=info msg="Tool required for debug" tool="esp32:mkspiffs@0.2.3"
time="2026-02-17T18:00:25Z" level=info msg="Tool required for debug" tool="esp32:openocd-esp32@v0.12.0-esp32-20251215"
time="2026-02-17T18:00:25Z" level=info msg="Tool required for debug" tool="esp32:riscv32-esp-elf-gdb@16.3_20250913"
time="2026-02-17T18:00:25Z" level=info msg="Tool required for debug" tool="esp32:xtensa-esp-elf-gdb@16.3_20250913"
time="2026-02-17T18:00:25Z" level=info msg="Tool required for debug" tool="builtin:serial-monitor@0.15.0"
time="2026-02-17T18:00:25Z" level=info msg="Tool required for debug" tool="builtin:mdns-discovery@1.0.12"
time="2026-02-17T18:00:25Z" level=info msg="Tool required for debug" tool="arduino:avrdude@8.0.0-arduino1"
time="2026-02-17T18:00:25Z" level=info msg="Tool required for debug" tool="builtin:serial-discovery@1.4.3"
time="2026-02-17T18:00:25Z" level=info msg="Tool required for debug" tool="builtin:ctags@5.8-arduino11"
time="2026-02-17T18:00:25Z" level=info msg="Tool required for debug" tool="builtin:dfu-discovery@0.1.2"
time="2026-02-17T18:00:25Z" level=info msg="Tool required for debug" tool="esp8266:xtensa-lx106-elf-gcc@3.1.0-gcc10.3-e5f9fec"
time="2026-02-17T18:00:25Z" level=info msg="Tool required for debug" tool="arduino:avr-gcc@7.3.0-atmel3.6.1-arduino7"
time="2026-02-17T18:00:25Z" level=info msg="Tool required for debug" tool="arduino:arduinoOTA@1.3.0"
time="2026-02-17T18:00:25Z" level=info msg="Tool required for debug" tool="esp8266:python3@3.7.2-post1"
time="2026-02-17T18:00:25Z" level=info msg="Tool required for debug" tool="arduino:dfu-util@0.11.0-arduino5"
time="2026-02-17T18:00:25Z" level=info msg="Tool required for debug" tool="esp32:esp-rv32@2511"
time="2026-02-17T18:00:25Z" level=info msg="Tool required for debug" tool="esp32:esp-x32@2511"
time="2026-02-17T18:00:25Z" level=info msg="Tool required for debug" tool="esp32:esp32-libs@3.3.6"
time="2026-02-17T18:00:25Z" level=info msg="Tool required for debug" tool="esp32:esp32c3-libs@3.3.6"
time="2026-02-17T18:00:25Z" level=info msg="Tool required for debug" tool="esp32:esp32c5-libs@3.3.6"
time="2026-02-17T18:00:25Z" level=info msg="Tool required for debug" tool="esp32:esp32c6-libs@3.3.6"
time="2026-02-17T18:00:25Z" level=info msg="Tool required for debug" tool="esp32:esp32h2-libs@3.3.6"
time="2026-02-17T18:00:25Z" level=info msg="Tool required for debug" tool="esp32:esp32p4-libs@3.3.6"
time="2026-02-17T18:00:25Z" level=info msg="Tool required for debug" tool="esp32:esp32p4_es-libs@3.3.6"
time="2026-02-17T18:00:25Z" level=info msg="Tool required for debug" tool="esp32:esp32s2-libs@3.3.6"
time="2026-02-17T18:00:25Z" level=info msg="Tool required for debug" tool="esp32:esp32s3-libs@3.3.6"
time="2026-02-17T18:00:25Z" level=info msg="Tool required for debug" tool="esp32:esptool_py@5.1.0"
time="2026-02-17T18:00:25Z" level=info msg="Tool required for debug" tool="esp32:mklittlefs@4.0.2-db0513a"
time="2026-02-17T18:00:25Z" level=info msg="Tool required for debug" tool="esp32:mkspiffs@0.2.3"
time="2026-02-17T18:00:25Z" level=info msg="Tool required for debug" tool="esp32:openocd-esp32@v0.12.0-esp32-20251215"
time="2026-02-17T18:00:25Z" level=info msg="Tool required for debug" tool="esp32:riscv32-esp-elf-gdb@16.3_20250913"
time="2026-02-17T18:00:25Z" level=info msg="Tool required for debug" tool="esp32:xtensa-esp-elf-gdb@16.3_20250913"
time="2026-02-17T18:00:25Z" level=info msg="Tool required for debug" tool="builtin:serial-monitor@0.15.0"
time="2026-02-17T18:00:25Z" level=info msg="Tool required for debug" tool="builtin:dfu-discovery@0.1.2"
time="2026-02-17T18:00:25Z" level=info msg="Tool required for debug" tool="esp8266:xtensa-lx106-elf-gcc@3.1.0-gcc10.3-e5f9fec"
time="2026-02-17T18:00:25Z" level=info msg="Tool required for debug" tool="builtin:ctags@5.8-arduino11"
time="2026-02-17T18:00:25Z" level=info msg="Tool required for debug" tool="esp8266:python3@3.7.2-post1"
time="2026-02-17T18:00:25Z" level=info msg="Tool required for debug" tool="arduino:avr-gcc@7.3.0-atmel3.6.1-arduino7"
time="2026-02-17T18:00:25Z" level=info msg="Tool required for debug" tool="arduino:arduinoOTA@1.3.0"
time="2026-02-17T18:00:25Z" level=info msg="Tool required for debug" tool="builtin:mdns-discovery@1.0.12"
time="2026-02-17T18:00:25Z" level=info msg="Tool required for debug" tool="arduino:avrdude@8.0.0-arduino1"
time="2026-02-17T18:00:25Z" level=info msg="Tool required for debug" tool="builtin:serial-discovery@1.4.3"
time="2026-02-17T18:00:25Z" level=info msg="Tool required for debug" tool="arduino:dfu-util@0.11.0-arduino5"
time="2026-02-17T18:00:25Z" level=info msg="Tool required for debug" tool="esp32:esp-rv32@2511"
time="2026-02-17T18:00:25Z" level=info msg="Tool required for debug" tool="esp32:esp-x32@2511"
time="2026-02-17T18:00:25Z" level=info msg="Tool required for debug" tool="esp32:esp32-libs@3.3.6"
time="2026-02-17T18:00:25Z" level=info msg="Tool required for debug" tool="esp32:esp32c3-libs@3.3.6"
time="2026-02-17T18:00:25Z" level=info msg="Tool required for debug" tool="esp32:esp32c5-libs@3.3.6"
time="2026-02-17T18:00:25Z" level=info msg="Tool required for debug" tool="esp32:esp32c6-libs@3.3.6"
time="2026-02-17T18:00:25Z" level=info msg="Tool required for debug" tool="esp32:esp32h2-libs@3.3.6"
time="2026-02-17T18:00:25Z" level=info msg="Tool required for debug" tool="esp32:esp32p4-libs@3.3.6"
time="2026-02-17T18:00:25Z" level=info msg="Tool required for debug" tool="esp32:esp32p4_es-libs@3.3.6"
time="2026-02-17T18:00:25Z" level=info msg="Tool required for debug" tool="esp32:esp32s2-libs@3.3.6"
time="2026-02-17T18:00:25Z" level=info msg="Tool required for debug" tool="esp32:esp32s3-libs@3.3.6"
time="2026-02-17T18:00:25Z" level=info msg="Tool required for debug" tool="esp32:esptool_py@5.1.0"
time="2026-02-17T18:00:25Z" level=info msg="Tool required for debug" tool="esp32:mklittlefs@4.0.2-db0513a"
time="2026-02-17T18:00:25Z" level=info msg="Tool required for debug" tool="esp32:mkspiffs@0.2.3"
time="2026-02-17T18:00:25Z" level=info msg="Tool required for debug" tool="esp32:openocd-esp32@v0.12.0-esp32-20251215"
time="2026-02-17T18:00:25Z" level=info msg="Tool required for debug" tool="esp32:riscv32-esp-elf-gdb@16.3_20250913"
time="2026-02-17T18:00:25Z" level=info msg="Tool required for debug" tool="esp32:xtensa-esp-elf-gdb@16.3_20250913"
time="2026-02-17T18:00:25Z" level=info msg="Tool required for debug" tool="arduino:avr-gcc@7.3.0-atmel3.6.1-arduino7"
time="2026-02-17T18:00:25Z" level=info msg="Tool required for debug" tool="arduino:arduinoOTA@1.3.0"
time="2026-02-17T18:00:25Z" level=info msg="Tool required for debug" tool="arduino:avrdude@8.0.0-arduino1"
time="2026-02-17T18:00:25Z" level=info msg="Tool required for debug" tool="esp8266:python3@3.7.2-post1"
time="2026-02-17T18:00:25Z" level=info msg="Tool required for debug" tool="builtin:serial-discovery@1.4.3"
time="2026-02-17T18:00:25Z" level=info msg="Tool required for debug" tool="builtin:dfu-discovery@0.1.2"
time="2026-02-17T18:00:25Z" level=info msg="Tool required for debug" tool="builtin:mdns-discovery@1.0.12"
time="2026-02-17T18:00:25Z" level=info msg="Tool required for debug" tool="esp8266:xtensa-lx106-elf-gcc@3.1.0-gcc10.3-e5f9fec"
time="2026-02-17T18:00:25Z" level=info msg="Tool required for debug" tool="builtin:serial-monitor@0.15.0"
time="2026-02-17T18:00:25Z" level=info msg="Tool required for debug" tool="builtin:ctags@5.8-arduino11"
2026-02-17 18:00:25 2026-02-17T18:00:25.884Z root INFO Starting language server: esp32:esp32:esp32h2:UploadSpeed=921600,CDCOnBoot=default,FlashFreq=64,FlashMode=qio,FlashSize=4M,PartitionScheme=default,DebugLevel=none,EraseFlash=none,JTAGAdapter=default,ZigbeeMode=default
2026-02-17 18:00:25 2026-02-17T18:00:25.994Z root ERROR ---- !!!SLOW!!! DURATION: search took 433.806 ms. Args: [{"type":"Updatable"}] ----
2026-02-17 18:00:25 2026-02-17T18:00:25.994Z root INFO core-client-provider [platform-index] Downloading index: package_esp8266com_index.json

2026-02-17 18:00:25 2026-02-17T18:00:25.996Z daemon INFO time="2026-02-17T18:00:25Z" level=info msg="Updating index" url="http://arduino.esp8266.com/stable/package_esp8266com_index.json"
time="2026-02-17T18:00:25Z" level=info msg="Starting download" url="http://arduino.esp8266.com/stable/package_esp8266com_index.json"
2026-02-17 18:00:26 2026-02-17T18:00:26.041Z daemon INFO time="2026-02-17T18:00:26Z" level=info msg="Adding libraries dir" dir=/home/shrek/.arduino15/libraries isSingleLibrary=false location=ide
time="2026-02-17T18:00:26Z" level=info msg="Adding libraries dir" dir=/home/shrek/.arduino15/packages/esp32/hardware/esp32/3.3.6/libraries isSingleLibrary=false location=platform
2026-02-17 18:00:26 2026-02-17T18:00:26.041Z daemon INFO time="2026-02-17T18:00:26Z" level=info msg="Adding libraries dir" dir=/home/shrek/Arduino/libraries isSingleLibrary=false location=user
2026-02-17 18:00:26 Update for version 2.3.7 is not available (latest version: 2.3.7, downgrade is allowed).
2026-02-17 18:00:26 2026-02-17T18:00:26.734Z daemon INFO time="2026-02-17T18:00:26Z" level=info msg="Checking signature" index=/home/shrek/.arduino15/package_index.json signatureFile=/home/shrek/.arduino15/package_index.json.sig trusted=true
2026-02-17 18:00:26 2026-02-17T18:00:26.735Z daemon INFO time="2026-02-17T18:00:26Z" level=info msg="Missing signature file" index=/home/shrek/.arduino15/package_esp8266com_index.json
2026-02-17 18:00:26 2026-02-17T18:00:26.735Z daemon INFO time="2026-02-17T18:00:26Z" level=info msg="Loading hardware from: /home/shrek/.arduino15/packages"
2026-02-17 18:00:26 2026-02-17T18:00:26.735Z daemon INFO time="2026-02-17T18:00:26Z" level=info msg="Loading package arduino from: /home/shrek/.arduino15/packages/arduino/hardware"
2026-02-17 18:00:26 2026-02-17T18:00:26.735Z daemon INFO time="2026-02-17T18:00:26Z" level=info msg="Missing signature file" index=/home/shrek/.arduino15/packages/arduino/hardware/avr/1.8.7/installed.json
2026-02-17 18:00:26 2026-02-17T18:00:26.736Z daemon INFO time="2026-02-17T18:00:26Z" level=info msg="Adding monitor tool" protocol=serial tool="builtin:serial-monitor"
time="2026-02-17T18:00:26Z" level=info msg="Loaded platform" platform="arduino:avr@1.8.7"
2026-02-17 18:00:26 2026-02-17T18:00:26.736Z daemon INFO time="2026-02-17T18:00:26Z" level=info msg="Checking existence of 'tools' path: /home/shrek/.arduino15/packages/arduino/tools"
time="2026-02-17T18:00:26Z" level=info msg="Loading tools from dir: /home/shrek/.arduino15/packages/arduino/tools"
2026-02-17 18:00:26 2026-02-17T18:00:26.736Z daemon INFO time="2026-02-17T18:00:26Z" level=info msg="Loaded tool" tool="arduino:arduinoOTA@1.3.0"
2026-02-17 18:00:26 2026-02-17T18:00:26.736Z daemon INFO time="2026-02-17T18:00:26Z" level=info msg="Loaded tool" tool="arduino:avr-gcc@7.3.0-atmel3.6.1-arduino7"
2026-02-17 18:00:26 2026-02-17T18:00:26.736Z daemon INFO time="2026-02-17T18:00:26Z" level=info msg="Loaded tool" tool="arduino:avrdude@8.0.0-arduino1"
2026-02-17 18:00:26 2026-02-17T18:00:26.736Z daemon INFO time="2026-02-17T18:00:26Z" level=info msg="Loaded tool" tool="arduino:dfu-util@0.11.0-arduino5"
2026-02-17 18:00:26 2026-02-17T18:00:26.736Z daemon INFO time="2026-02-17T18:00:26Z" level=info msg="Loading package builtin from: /home/shrek/.arduino15/packages/builtin"
2026-02-17 18:00:26 2026-02-17T18:00:26.736Z daemon INFO time="2026-02-17T18:00:26Z" level=info msg="Checking existence of 'tools' path: /home/shrek/.arduino15/packages/builtin/tools"
time="2026-02-17T18:00:26Z" level=info msg="Loading tools from dir: /home/shrek/.arduino15/packages/builtin/tools"
2026-02-17 18:00:26 2026-02-17T18:00:26.736Z daemon INFO time="2026-02-17T18:00:26Z" level=info msg="Loaded tool" tool="builtin:ctags@5.8-arduino11"
2026-02-17 18:00:26 2026-02-17T18:00:26.736Z daemon INFO time="2026-02-17T18:00:26Z" level=info msg="Loaded tool" tool="builtin:dfu-discovery@0.1.2"
2026-02-17 18:00:26 2026-02-17T18:00:26.736Z daemon INFO time="2026-02-17T18:00:26Z" level=info msg="Loaded tool" tool="builtin:mdns-discovery@1.0.12"
2026-02-17 18:00:26 2026-02-17T18:00:26.736Z daemon INFO time="2026-02-17T18:00:26Z" level=info msg="Loaded tool" tool="builtin:serial-discovery@1.4.3"
2026-02-17 18:00:26 2026-02-17T18:00:26.736Z daemon INFO time="2026-02-17T18:00:26Z" level=info msg="Loaded tool" tool="builtin:serial-monitor@0.15.0"
2026-02-17 18:00:26 2026-02-17T18:00:26.736Z daemon INFO time="2026-02-17T18:00:26Z" level=info msg="Loading package esp32 from: /home/shrek/.arduino15/packages/esp32/hardware"
2026-02-17 18:00:26 2026-02-17T18:00:26.738Z daemon INFO time="2026-02-17T18:00:26Z" level=info msg="Missing signature file" index=/home/shrek/.arduino15/packages/esp32/hardware/esp32/3.3.6/installed.json
2026-02-17 18:00:26 2026-02-17T18:00:26.809Z daemon INFO time="2026-02-17T18:00:26Z" level=info msg="Adding monitor tool" protocol=serial tool="builtin:serial-monitor"
time="2026-02-17T18:00:26Z" level=info msg="Loaded platform" platform="esp32:esp32@3.3.6"
time="2026-02-17T18:00:26Z" level=info msg="Checking existence of 'tools' path: /home/shrek/.arduino15/packages/esp32/tools"
time="2026-02-17T18:00:26Z" level=info msg="Loading tools from dir: /home/shrek/.arduino15/packages/esp32/tools"
2026-02-17 18:00:26 2026-02-17T18:00:26.809Z daemon INFO time="2026-02-17T18:00:26Z" level=info msg="Loaded tool" tool="esp32:esp-rv32@2511"
time="2026-02-17T18:00:26Z" level=info msg="Loaded tool" tool="esp32:esp-x32@2511"
time="2026-02-17T18:00:26Z" level=info msg="Loaded tool" tool="esp32:esp32-libs@3.3.6"
2026-02-17 18:00:26 2026-02-17T18:00:26.809Z daemon INFO time="2026-02-17T18:00:26Z" level=info msg="Loaded tool" tool="esp32:esp32c3-libs@3.3.6"
2026-02-17 18:00:26 2026-02-17T18:00:26.809Z daemon INFO time="2026-02-17T18:00:26Z" level=info msg="Loaded tool" tool="esp32:esp32c5-libs@3.3.6"
2026-02-17 18:00:26 2026-02-17T18:00:26.809Z daemon INFO time="2026-02-17T18:00:26Z" level=info msg="Loaded tool" tool="esp32:esp32c6-libs@3.3.6"
2026-02-17 18:00:26 2026-02-17T18:00:26.809Z daemon INFO time="2026-02-17T18:00:26Z" level=info msg="Loaded tool" tool="esp32:esp32h2-libs@3.3.6"
2026-02-17 18:00:26 2026-02-17T18:00:26.809Z daemon INFO time="2026-02-17T18:00:26Z" level=info msg="Loaded tool" tool="esp32:esp32p4-libs@3.3.6"
2026-02-17 18:00:26 2026-02-17T18:00:26.809Z daemon INFO time="2026-02-17T18:00:26Z" level=info msg="Loaded tool" tool="esp32:esp32p4_es-libs@3.3.6"
2026-02-17 18:00:26 2026-02-17T18:00:26.809Z daemon INFO time="2026-02-17T18:00:26Z" level=info msg="Loaded tool" tool="esp32:esp32s2-libs@3.3.6"
2026-02-17 18:00:26 2026-02-17T18:00:26.809Z daemon INFO time="2026-02-17T18:00:26Z" level=info msg="Loaded tool" tool="esp32:esp32s3-libs@3.3.6"
2026-02-17 18:00:26 2026-02-17T18:00:26.809Z daemon INFO time="2026-02-17T18:00:26Z" level=info msg="Loaded tool" tool="esp32:esptool_py@5.1.0"
2026-02-17 18:00:26 2026-02-17T18:00:26.809Z daemon INFO time="2026-02-17T18:00:26Z" level=info msg="Loaded tool" tool="esp32:mklittlefs@4.0.2-db0513a"
2026-02-17 18:00:26 2026-02-17T18:00:26.809Z daemon INFO time="2026-02-17T18:00:26Z" level=info msg="Loaded tool" tool="esp32:mkspiffs@0.2.3"
2026-02-17 18:00:26 2026-02-17T18:00:26.809Z daemon INFO time="2026-02-17T18:00:26Z" level=info msg="Loaded tool" tool="esp32:openocd-esp32@v0.12.0-esp32-20251215"
2026-02-17 18:00:26 2026-02-17T18:00:26.809Z daemon INFO time="2026-02-17T18:00:26Z" level=info msg="Loaded tool" tool="esp32:riscv32-esp-elf-gdb@16.3_20250913"
2026-02-17 18:00:26 2026-02-17T18:00:26.809Z daemon INFO time="2026-02-17T18:00:26Z" level=info msg="Loaded tool" tool="esp32:xtensa-esp-elf-gdb@16.3_20250913"
2026-02-17 18:00:26 2026-02-17T18:00:26.809Z daemon INFO time="2026-02-17T18:00:26Z" level=info msg="Loading package esp8266 from: /home/shrek/.arduino15/packages/esp8266/hardware"
2026-02-17 18:00:26 2026-02-17T18:00:26.810Z daemon INFO time="2026-02-17T18:00:26Z" level=info msg="Missing signature file" index=/home/shrek/.arduino15/packages/esp8266/hardware/esp8266/3.1.2/installed.json
2026-02-17 18:00:26 2026-02-17T18:00:26.816Z daemon INFO time="2026-02-17T18:00:26Z" level=info msg="Adding monitor tool" protocol=serial tool="builtin:serial-monitor"
time="2026-02-17T18:00:26Z" level=info msg="Loaded platform" platform="esp8266:esp8266@3.1.2"
2026-02-17 18:00:26 2026-02-17T18:00:26.816Z daemon INFO time="2026-02-17T18:00:26Z" level=info msg="Checking existence of 'tools' path: /home/shrek/.arduino15/packages/esp8266/tools"
time="2026-02-17T18:00:26Z" level=info msg="Loading tools from dir: /home/shrek/.arduino15/packages/esp8266/tools"
time="2026-02-17T18:00:26Z" level=info msg="Loaded tool" tool="esp8266:mklittlefs@3.1.0-gcc10.3-e5f9fec"
2026-02-17 18:00:26 2026-02-17T18:00:26.816Z daemon INFO time="2026-02-17T18:00:26Z" level=info msg="Loaded tool" tool="esp8266:mkspiffs@3.1.0-gcc10.3-e5f9fec"
2026-02-17 18:00:26 2026-02-17T18:00:26.816Z daemon INFO time="2026-02-17T18:00:26Z" level=info msg="Loaded tool" tool="esp8266:python3@3.7.2-post1"
2026-02-17 18:00:26 2026-02-17T18:00:26.816Z daemon INFO time="2026-02-17T18:00:26Z" level=info msg="Loaded tool" tool="esp8266:xtensa-lx106-elf-gcc@3.1.0-gcc10.3-e5f9fec"
2026-02-17 18:00:26 2026-02-17T18:00:26.819Z daemon INFO time="2026-02-17T18:00:26Z" level=info msg="Discovery event channel closed builtin:serial-discovery. Exiting goroutine."
2026-02-17 18:00:26 2026-02-17T18:00:26.819Z discovery-log INFO {"eventType":"remove","port":{"matchingBoardsList":[],"port":{"address":"/dev/ttyS0","label":"/dev/ttyS0","protocol":"serial","protocolLabel":"Serial Port","propertiesMap":[],"hardwareId":""}},"error":""}
2026-02-17 18:00:26 2026-02-17T18:00:26.819Z daemon INFO time="2026-02-17T18:00:26Z" level=info msg="Closed and removed discovery builtin:serial-discovery"
time="2026-02-17T18:00:26Z" level=error msg="Stopped decode loop: EOF" discovery="builtin:serial-discovery"
time="2026-02-17T18:00:26Z" level=info msg="Discovery event channel closed builtin:mdns-discovery. Exiting goroutine."
2026-02-17 18:00:26 2026-02-17T18:00:26.819Z daemon INFO time="2026-02-17T18:00:26Z" level=info msg="Closed and removed discovery builtin:mdns-discovery"
2026-02-17 18:00:26 2026-02-17T18:00:26.819Z daemon INFO time="2026-02-17T18:00:26Z" level=error msg="Stopped decode loop: EOF" discovery="builtin:mdns-discovery"
2026-02-17 18:00:26 2026-02-17T18:00:26.821Z discovery-log INFO {"eventType":"add","port":{"matchingBoardsList":[],"port":{"address":"/dev/ttyS0","label":"/dev/ttyS0","protocol":"serial","protocolLabel":"Serial Port","propertiesMap":[],"hardwareId":""}},"error":""}
2026-02-17 18:00:26 2026-02-17T18:00:26.822Z daemon INFO time="2026-02-17T18:00:26Z" level=info msg="Adding libraries dir" dir=/home/shrek/.arduino15/packages/arduino/hardware/avr/1.8.7/libraries isSingleLibrary=false location=platform
2026-02-17 18:00:26 2026-02-17T18:00:26.822Z daemon INFO time="2026-02-17T18:00:26Z" level=info msg="Adding libraries dir" dir=/home/shrek/.arduino15/packages/esp32/hardware/esp32/3.3.6/libraries isSingleLibrary=false location=platform
2026-02-17 18:00:26 2026-02-17T18:00:26.822Z daemon INFO time="2026-02-17T18:00:26Z" level=info msg="Adding libraries dir" dir=/home/shrek/.arduino15/packages/esp8266/hardware/esp8266/3.1.2/libraries isSingleLibrary=false location=platform
time="2026-02-17T18:00:26Z" level=info msg="Loading libraries index file" index=/home/shrek/.arduino15/library_index.json
2026-02-17 18:00:26 2026-02-17T18:00:26.862Z daemon INFO time="2026-02-17T18:00:26Z" level=info msg="Resolving include FastLED.h for arch esp32"
time="2026-02-17T18:00:26Z" level=info msg="  found better lib" lib=FastLED prio=6A7
2026-02-17 18:00:26 2026-02-17T18:00:26.938Z daemon INFO time="2026-02-17T18:00:26Z" level=info msg="Adding libraries dir" dir=/home/shrek/.arduino15/libraries isSingleLibrary=false location=ide
time="2026-02-17T18:00:26Z" level=info msg="Adding libraries dir" dir=/home/shrek/Arduino/libraries isSingleLibrary=false location=user
2026-02-17 18:00:27 2026-02-17T18:00:27.266Z daemon INFO time="2026-02-17T18:00:27Z" level=info msg="Resolving include BLEDevice.h for arch esp32"
time="2026-02-17T18:00:27Z" level=info msg="  found better lib" lib=ArduinoBLE prio=3EB
time="2026-02-17T18:00:27Z" level=info msg="  found better lib" lib=BLE prio=3F4
2026-02-17 18:00:27 2026-02-17T18:00:27.678Z root ERROR ---- !!!SLOW!!! DURATION: search took 168.497 ms. Args: [{"query":"","type":"All","topic":"All"}] ----
2026-02-17 18:00:33 2026-02-17T18:00:33.284Z daemon INFO time="2026-02-17T18:00:33Z" level=info msg="Adding libraries dir" dir=/home/shrek/.arduino15/libraries isSingleLibrary=false location=ide
time="2026-02-17T18:00:33Z" level=info msg="Adding libraries dir" dir=/home/shrek/.arduino15/packages/esp32/hardware/esp32/3.3.6/libraries isSingleLibrary=false location=platform
2026-02-17 18:00:33 2026-02-17T18:00:33.284Z daemon INFO time="2026-02-17T18:00:33Z" level=info msg="Adding libraries dir" dir=/home/shrek/Arduino/libraries isSingleLibrary=false location=user
2026-02-17 18:01:48 2026-02-17T18:01:48.231Z discovery-log INFO {"eventType":"add","port":{"matchingBoardsList":[],"port":{"address":"/dev/ttyUSB0","label":"/dev/ttyUSB0","protocol":"serial","protocolLabel":"Serial Port (USB)","propertiesMap":[["pid","0x7523"],["serialNumber",""],["vid","0x1a86"]],"hardwareId":""}},"error":""}
2026-02-17 18:01:50 2026-02-17T18:01:50.803Z discovery-log INFO {"eventType":"remove","port":{"matchingBoardsList":[],"port":{"address":"/dev/ttyUSB0","label":"","protocol":"serial","protocolLabel":"","propertiesMap":[],"hardwareId":""}},"error":""}
2026-02-17 18:02:20 2026-02-17T18:02:20.321Z daemon INFO time="2026-02-17T18:02:20Z" level=info msg="Adding libraries dir" dir=/home/shrek/.arduino15/libraries isSingleLibrary=false location=ide
2026-02-17 18:02:20 2026-02-17T18:02:20.321Z daemon INFO time="2026-02-17T18:02:20Z" level=info msg="Adding libraries dir" dir=/home/shrek/.arduino15/packages/esp32/hardware/esp32/3.3.6/libraries isSingleLibrary=false location=platform
time="2026-02-17T18:02:20Z" level=info msg="Adding libraries dir" dir=/home/shrek/Arduino/libraries isSingleLibrary=false location=user
2026-02-17 18:02:20 2026-02-17T18:02:20.859Z daemon INFO time="2026-02-17T18:02:20Z" level=info msg="Resolving include FastLED.h for arch esp32"
time="2026-02-17T18:02:20Z" level=info msg="  found better lib" lib=FastLED prio=6A7
2026-02-17 18:02:21 2026-02-17T18:02:21.254Z daemon INFO time="2026-02-17T18:02:21Z" level=info msg="Resolving include BLEDevice.h for arch esp32"
2026-02-17 18:02:21 2026-02-17T18:02:21.254Z daemon INFO time="2026-02-17T18:02:21Z" level=info msg="  found better lib" lib=ArduinoBLE prio=3EB
time="2026-02-17T18:02:21Z" level=info msg="  found better lib" lib=BLE prio=3F4
2026-02-17 18:02:23 2026-02-17T18:02:23.792Z root ERROR ---- !!!SLOW!!! DURATION: search took 626.730 ms. Args: [{"query":"","type":"Installed","topic":"All"}] ----
2026-02-17 18:02:27 2026-02-17T18:02:27.378Z daemon INFO time="2026-02-17T18:02:27Z" level=info msg="Adding libraries dir" dir=/home/shrek/.arduino15/libraries isSingleLibrary=false location=ide
time="2026-02-17T18:02:27Z" level=info msg="Adding libraries dir" dir=/home/shrek/.arduino15/packages/esp32/hardware/esp32/3.3.6/libraries isSingleLibrary=false location=platform
time="2026-02-17T18:02:27Z" level=info msg="Adding libraries dir" dir=/home/shrek/Arduino/libraries isSingleLibrary=false location=user
2026-02-17 18:02:29 2026-02-17T18:02:29.998Z daemon INFO time="2026-02-17T18:02:29Z" level=info msg="Adding libraries dir" dir=/home/shrek/.arduino15/libraries isSingleLibrary=false location=ide
2026-02-17 18:02:29 2026-02-17T18:02:29.998Z daemon INFO time="2026-02-17T18:02:29Z" level=info msg="Adding libraries dir" dir=/home/shrek/.arduino15/packages/esp32/hardware/esp32/3.3.6/libraries isSingleLibrary=false location=platform
time="2026-02-17T18:02:29Z" level=info msg="Adding libraries dir" dir=/home/shrek/Arduino/libraries isSingleLibrary=false location=user
2026-02-17 18:02:31 2026-02-17T18:02:31.368Z root INFO >>> Starting library package uninstallation... {
  name: 'Adafruit SH110X',
  exampleUris: [],
  location: 0,
  installedVersion: '2.1.14',
  author: 'Adafruit',
  availableVersions: [
    '2.1.14', '2.1.13', '2.1.12',
    '2.1.11', '2.1.10', '2.1.8',
    '2.1.7',  '2.1.6',  '2.1.5',
    '2.1.4',  '2.1.3',  '2.1.2',
    '2.1.1',  '2.1.0',  '2.0.0',
    '1.2.1',  '1.2.0',  '1.0.0'
  ],
  includes: [],
  description: 'SH110X oled driver library for monochrome displays with SH1107 or SH1106G drivers',
  moreInfoLink: 'https://github.com/adafruit/Adafruit_SH110X',
  summary: 'SH110X oled driver library for monochrome displays with SH1107 or SH1106G drivers',
  category: 'Display',
  types: [ 'Contributed' ],
  index: 2
}
2026-02-17 18:02:31 2026-02-17T18:02:31.369Z discovery-log INFO stop
2026-02-17 18:02:31 2026-02-17T18:02:31.369Z discovery-log INFO >>> Stopping boards watcher...
2026-02-17 18:02:31 2026-02-17T18:02:31.369Z discovery-log INFO Canceling boards watcher...
2026-02-17 18:02:31 2026-02-17T18:02:31.369Z discovery-log INFO disposing requesting cancel
2026-02-17 18:02:31 2026-02-17T18:02:31.369Z discovery-log INFO disposing canceled
2026-02-17 18:02:31 2026-02-17T18:02:31.370Z discovery-log INFO error received
2026-02-17 18:02:31 2026-02-17T18:02:31.370Z discovery-log INFO cancel error received!
2026-02-17 18:02:31 2026-02-17T18:02:31.370Z discovery-log INFO stop received event: either end or cancel
2026-02-17 18:02:31 2026-02-17T18:02:31.370Z discovery-log INFO stop stopped
2026-02-17 18:02:31 2026-02-17T18:02:31.370Z discovery-log INFO received end
2026-02-17 18:02:31 2026-02-17T18:02:31.372Z discovery-log INFO start
2026-02-17 18:02:31 2026-02-17T18:02:31.372Z discovery-log INFO start new deferred
2026-02-17 18:02:31 2026-02-17T18:02:31.372Z root INFO <<< Library package uninstallation done. {
  name: 'Adafruit SH110X',
  exampleUris: [],
  location: 0,
  installedVersion: '2.1.14',
  author: 'Adafruit',
  availableVersions: [
    '2.1.14', '2.1.13', '2.1.12',
    '2.1.11', '2.1.10', '2.1.8',
    '2.1.7',  '2.1.6',  '2.1.5',
    '2.1.4',  '2.1.3',  '2.1.2',
    '2.1.1',  '2.1.0',  '2.0.0',
    '1.2.1',  '1.2.0',  '1.0.0'
  ],
  includes: [],
  description: 'SH110X oled driver library for monochrome displays with SH1107 or SH1106G drivers',
  moreInfoLink: 'https://github.com/adafruit/Adafruit_SH110X',
  summary: 'SH110X oled driver library for monochrome displays with SH1107 or SH1106G drivers',
  category: 'Display',
  types: [ 'Contributed' ],
  index: 2
}
2026-02-17 18:02:31 2026-02-17T18:02:31.373Z discovery-log INFO start resolved watching
2026-02-17 18:02:31 2026-02-17T18:02:31.373Z discovery-log INFO {"eventType":"add","port":{"matchingBoardsList":[],"port":{"address":"/dev/ttyS0","label":"/dev/ttyS0","protocol":"serial","protocolLabel":"Serial Port","propertiesMap":[],"hardwareId":""}},"error":""}
2026-02-17 18:02:31 2026-02-17T18:02:31.628Z root ERROR ---- !!!SLOW!!! DURATION: search took 210.597 ms. Args: [{"query":"","type":"Installed","topic":"All"}] ----
2026-02-17 18:02:31 2026-02-17T18:02:31.629Z root INFO Starting language server: esp32:esp32:esp32h2:UploadSpeed=921600,CDCOnBoot=default,FlashFreq=64,FlashMode=qio,FlashSize=4M,PartitionScheme=default,DebugLevel=none,EraseFlash=none,JTAGAdapter=default,ZigbeeMode=default
2026-02-17 18:02:31 2026-02-17T18:02:31.649Z daemon INFO time="2026-02-17T18:02:31Z" level=info msg="Adding libraries dir" dir=/home/shrek/.arduino15/libraries isSingleLibrary=false location=ide
time="2026-02-17T18:02:31Z" level=info msg="Adding libraries dir" dir=/home/shrek/.arduino15/packages/esp32/hardware/esp32/3.3.6/libraries isSingleLibrary=false location=platform
2026-02-17 18:02:31 2026-02-17T18:02:31.649Z daemon INFO time="2026-02-17T18:02:31Z" level=info msg="Adding libraries dir" dir=/home/shrek/Arduino/libraries isSingleLibrary=false location=user
2026-02-17 18:02:32 2026-02-17T18:02:32.094Z root ERROR ---- !!!SLOW!!! DURATION: search took 166.733 ms. Args: [{"query":"","type":"Installed","topic":"All"}] ----
2026-02-17 18:02:32 2026-02-17T18:02:32.666Z daemon INFO time="2026-02-17T18:02:32Z" level=info msg="Adding libraries dir" dir=/home/shrek/.arduino15/libraries isSingleLibrary=false location=ide
time="2026-02-17T18:02:32Z" level=info msg="Adding libraries dir" dir=/home/shrek/.arduino15/packages/esp32/hardware/esp32/3.3.6/libraries isSingleLibrary=false location=platform
2026-02-17 18:02:32 2026-02-17T18:02:32.666Z daemon INFO time="2026-02-17T18:02:32Z" level=info msg="Adding libraries dir" dir=/home/shrek/Arduino/libraries isSingleLibrary=false location=user
2026-02-17 18:02:38 2026-02-17T18:02:38.858Z root ERROR ---- !!!SLOW!!! DURATION: search took 181.738 ms. Args: [{"query":"","type":"All","topic":"All"}] ----
2026-02-17 18:02:42 2026-02-17T18:02:42.120Z root INFO ---- DURATION: search took 55.005 ms. Args: [{"query":"SSD","type":"All","topic":"All"}] ----
2026-02-17 18:02:43 2026-02-17T18:02:43.922Z root INFO ---- DURATION: search took 54.555 ms. Args: [{"query":"SSD1","type":"All","topic":"All"}] ----
2026-02-17 18:02:45 2026-02-17T18:02:45.445Z root INFO ---- DURATION: search took 58.218 ms. Args: [{"query":"SSD130","type":"All","topic":"All"}] ----
2026-02-17 18:02:46 2026-02-17T18:02:46.083Z root INFO ---- DURATION: search took 56.092 ms. Args: [{"query":"SSD1306","type":"All","topic":"All"}] ----
2026-02-17 18:02:52 2026-02-17T18:02:52.178Z root INFO >>> Starting library package installation... {
  name: 'Adafruit SSD1306',
  exampleUris: [],
  location: 0,
  installedVersion: undefined,
  author: 'Adafruit',
  availableVersions: [
    '2.5.16', '2.5.15', '2.5.14', '2.5.13',
    '2.5.12', '2.5.11', '2.5.10', '2.5.9',
    '2.5.7',  '2.5.6',  '2.5.4',  '2.5.3',
    '2.5.2',  '2.5.1',  '2.5.0',  '2.4.7',
    '2.4.6',  '2.4.5',  '2.4.4',  '2.4.3',
    '2.4.2',  '2.4.1',  '2.4.0',  '2.3.1',
    '2.3.0',  '2.2.1',  '2.2.0',  '2.1.0',
    '2.0.4',  '2.0.3',  '2.0.2',  '2.0.1',
    '2.0.0',  '1.3.0',  '1.2.9',  '1.2.8',
    '1.2.7',  '1.2.6',  '1.2.5',  '1.2.4',
    '1.2.3',  '1.2.2',  '1.2.1',  '1.2.0',
    '1.1.2',  '1.1.0',  '1.0.1',  '1.0.0'
  ],
  includes: [],
  description: 'SSD1306 oled driver library for monochrome 128x64 and 128x32 displays',
  moreInfoLink: 'https://github.com/adafruit/Adafruit_SSD1306',
  summary: 'SSD1306 oled driver library for monochrome 128x64 and 128x32 displays',
  category: 'Display',
  types: [ 'Contributed' ],
  index: 4
}
2026-02-17 18:02:52 2026-02-17T18:02:52.179Z discovery-log INFO stop
2026-02-17 18:02:52 2026-02-17T18:02:52.179Z discovery-log INFO >>> Stopping boards watcher...
2026-02-17 18:02:52 2026-02-17T18:02:52.179Z discovery-log INFO Canceling boards watcher...
2026-02-17 18:02:52 2026-02-17T18:02:52.179Z discovery-log INFO disposing requesting cancel
2026-02-17 18:02:52 2026-02-17T18:02:52.179Z discovery-log INFO disposing canceled
2026-02-17 18:02:52 2026-02-17T18:02:52.180Z discovery-log INFO error received
2026-02-17 18:02:52 2026-02-17T18:02:52.180Z discovery-log INFO cancel error received!
2026-02-17 18:02:52 2026-02-17T18:02:52.180Z discovery-log INFO stop received event: either end or cancel
2026-02-17 18:02:52 2026-02-17T18:02:52.180Z discovery-log INFO stop stopped
2026-02-17 18:02:52 2026-02-17T18:02:52.180Z discovery-log INFO received end
2026-02-17 18:02:52 2026-02-17T18:02:52.316Z daemon INFO time="2026-02-17T18:02:52Z" level=info msg="Installing library" library="Adafruit SSD1306@2.5.16"
2026-02-17 18:02:52 2026-02-17T18:02:52.325Z daemon INFO time="2026-02-17T18:02:52Z" level=info msg="Checking signature" index=/home/shrek/.arduino15/package_index.json signatureFile=/home/shrek/.arduino15/package_index.json.sig trusted=true
2026-02-17 18:02:52 2026-02-17T18:02:52.326Z daemon INFO time="2026-02-17T18:02:52Z" level=info msg="Missing signature file" index=/home/shrek/.arduino15/package_esp8266com_index.json
2026-02-17 18:02:52 2026-02-17T18:02:52.326Z daemon INFO time="2026-02-17T18:02:52Z" level=info msg="Loading hardware from: /home/shrek/.arduino15/packages"
2026-02-17 18:02:52 2026-02-17T18:02:52.326Z daemon INFO time="2026-02-17T18:02:52Z" level=info msg="Loading package arduino from: /home/shrek/.arduino15/packages/arduino/hardware"
2026-02-17 18:02:52 2026-02-17T18:02:52.327Z daemon INFO time="2026-02-17T18:02:52Z" level=info msg="Missing signature file" index=/home/shrek/.arduino15/packages/arduino/hardware/avr/1.8.7/installed.json
2026-02-17 18:02:52 2026-02-17T18:02:52.327Z daemon INFO time="2026-02-17T18:02:52Z" level=info msg="Adding monitor tool" protocol=serial tool="builtin:serial-monitor"
time="2026-02-17T18:02:52Z" level=info msg="Loaded platform" platform="arduino:avr@1.8.7"
2026-02-17 18:02:52 2026-02-17T18:02:52.327Z daemon INFO time="2026-02-17T18:02:52Z" level=info msg="Checking existence of 'tools' path: /home/shrek/.arduino15/packages/arduino/tools"
time="2026-02-17T18:02:52Z" level=info msg="Loading tools from dir: /home/shrek/.arduino15/packages/arduino/tools"
2026-02-17 18:02:52 2026-02-17T18:02:52.328Z daemon INFO time="2026-02-17T18:02:52Z" level=info msg="Loaded tool" tool="arduino:arduinoOTA@1.3.0"
time="2026-02-17T18:02:52Z" level=info msg="Loaded tool" tool="arduino:avr-gcc@7.3.0-atmel3.6.1-arduino7"
2026-02-17 18:02:52 2026-02-17T18:02:52.328Z daemon INFO time="2026-02-17T18:02:52Z" level=info msg="Loaded tool" tool="arduino:avrdude@8.0.0-arduino1"
2026-02-17 18:02:52 2026-02-17T18:02:52.328Z daemon INFO time="2026-02-17T18:02:52Z" level=info msg="Loaded tool" tool="arduino:dfu-util@0.11.0-arduino5"
2026-02-17 18:02:52 2026-02-17T18:02:52.328Z daemon INFO time="2026-02-17T18:02:52Z" level=info msg="Loading package builtin from: /home/shrek/.arduino15/packages/builtin"
2026-02-17 18:02:52 2026-02-17T18:02:52.328Z daemon INFO time="2026-02-17T18:02:52Z" level=info msg="Checking existence of 'tools' path: /home/shrek/.arduino15/packages/builtin/tools"
time="2026-02-17T18:02:52Z" level=info msg="Loading tools from dir: /home/shrek/.arduino15/packages/builtin/tools"
2026-02-17 18:02:52 2026-02-17T18:02:52.328Z daemon INFO time="2026-02-17T18:02:52Z" level=info msg="Loaded tool" tool="builtin:ctags@5.8-arduino11"
2026-02-17 18:02:52 2026-02-17T18:02:52.328Z daemon INFO time="2026-02-17T18:02:52Z" level=info msg="Loaded tool" tool="builtin:dfu-discovery@0.1.2"
2026-02-17 18:02:52 2026-02-17T18:02:52.328Z daemon INFO time="2026-02-17T18:02:52Z" level=info msg="Loaded tool" tool="builtin:mdns-discovery@1.0.12"
time="2026-02-17T18:02:52Z" level=info msg="Loaded tool" tool="builtin:serial-discovery@1.4.3"
time="2026-02-17T18:02:52Z" level=info msg="Loaded tool" tool="builtin:serial-monitor@0.15.0"
time="2026-02-17T18:02:52Z" level=info msg="Loading package esp32 from: /home/shrek/.arduino15/packages/esp32/hardware"
2026-02-17 18:02:52 2026-02-17T18:02:52.329Z daemon INFO time="2026-02-17T18:02:52Z" level=info msg="Missing signature file" index=/home/shrek/.arduino15/packages/esp32/hardware/esp32/3.3.6/installed.json
2026-02-17 18:02:52 2026-02-17T18:02:52.403Z daemon INFO time="2026-02-17T18:02:52Z" level=info msg="Adding monitor tool" protocol=serial tool="builtin:serial-monitor"
time="2026-02-17T18:02:52Z" level=info msg="Loaded platform" platform="esp32:esp32@3.3.6"
2026-02-17 18:02:52 2026-02-17T18:02:52.403Z daemon INFO time="2026-02-17T18:02:52Z" level=info msg="Checking existence of 'tools' path: /home/shrek/.arduino15/packages/esp32/tools"
time="2026-02-17T18:02:52Z" level=info msg="Loading tools from dir: /home/shrek/.arduino15/packages/esp32/tools"
time="2026-02-17T18:02:52Z" level=info msg="Loaded tool" tool="esp32:esp-rv32@2511"
2026-02-17 18:02:52 2026-02-17T18:02:52.403Z daemon INFO time="2026-02-17T18:02:52Z" level=info msg="Loaded tool" tool="esp32:esp-x32@2511"
time="2026-02-17T18:02:52Z" level=info msg="Loaded tool" tool="esp32:esp32-libs@3.3.6"
2026-02-17 18:02:52 2026-02-17T18:02:52.403Z daemon INFO time="2026-02-17T18:02:52Z" level=info msg="Loaded tool" tool="esp32:esp32c3-libs@3.3.6"
2026-02-17 18:02:52 2026-02-17T18:02:52.403Z daemon INFO time="2026-02-17T18:02:52Z" level=info msg="Loaded tool" tool="esp32:esp32c5-libs@3.3.6"
2026-02-17 18:02:52 2026-02-17T18:02:52.403Z daemon INFO time="2026-02-17T18:02:52Z" level=info msg="Loaded tool" tool="esp32:esp32c6-libs@3.3.6"
2026-02-17 18:02:52 2026-02-17T18:02:52.403Z daemon INFO time="2026-02-17T18:02:52Z" level=info msg="Loaded tool" tool="esp32:esp32h2-libs@3.3.6"
2026-02-17 18:02:52 2026-02-17T18:02:52.403Z daemon INFO time="2026-02-17T18:02:52Z" level=info msg="Loaded tool" tool="esp32:esp32p4-libs@3.3.6"
2026-02-17 18:02:52 2026-02-17T18:02:52.403Z daemon INFO time="2026-02-17T18:02:52Z" level=info msg="Loaded tool" tool="esp32:esp32p4_es-libs@3.3.6"
2026-02-17 18:02:52 2026-02-17T18:02:52.403Z daemon INFO time="2026-02-17T18:02:52Z" level=info msg="Loaded tool" tool="esp32:esp32s2-libs@3.3.6"
2026-02-17 18:02:52 2026-02-17T18:02:52.403Z daemon INFO time="2026-02-17T18:02:52Z" level=info msg="Loaded tool" tool="esp32:esp32s3-libs@3.3.6"
2026-02-17 18:02:52 2026-02-17T18:02:52.403Z daemon INFO time="2026-02-17T18:02:52Z" level=info msg="Loaded tool" tool="esp32:esptool_py@5.1.0"
2026-02-17 18:02:52 2026-02-17T18:02:52.403Z daemon INFO time="2026-02-17T18:02:52Z" level=info msg="Loaded tool" tool="esp32:mklittlefs@4.0.2-db0513a"
2026-02-17 18:02:52 2026-02-17T18:02:52.403Z daemon INFO time="2026-02-17T18:02:52Z" level=info msg="Loaded tool" tool="esp32:mkspiffs@0.2.3"
2026-02-17 18:02:52 2026-02-17T18:02:52.403Z daemon INFO time="2026-02-17T18:02:52Z" level=info msg="Loaded tool" tool="esp32:openocd-esp32@v0.12.0-esp32-20251215"
2026-02-17 18:02:52 2026-02-17T18:02:52.403Z daemon INFO time="2026-02-17T18:02:52Z" level=info msg="Loaded tool" tool="esp32:riscv32-esp-elf-gdb@16.3_20250913"
2026-02-17 18:02:52 2026-02-17T18:02:52.403Z daemon INFO time="2026-02-17T18:02:52Z" level=info msg="Loaded tool" tool="esp32:xtensa-esp-elf-gdb@16.3_20250913"
2026-02-17 18:02:52 2026-02-17T18:02:52.403Z daemon INFO time="2026-02-17T18:02:52Z" level=info msg="Loading package esp8266 from: /home/shrek/.arduino15/packages/esp8266/hardware"
2026-02-17 18:02:52 2026-02-17T18:02:52.404Z daemon INFO time="2026-02-17T18:02:52Z" level=info msg="Missing signature file" index=/home/shrek/.arduino15/packages/esp8266/hardware/esp8266/3.1.2/installed.json
2026-02-17 18:02:52 2026-02-17T18:02:52.415Z daemon INFO time="2026-02-17T18:02:52Z" level=info msg="Adding monitor tool" protocol=serial tool="builtin:serial-monitor"
time="2026-02-17T18:02:52Z" level=info msg="Loaded platform" platform="esp8266:esp8266@3.1.2"
time="2026-02-17T18:02:52Z" level=info msg="Checking existence of 'tools' path: /home/shrek/.arduino15/packages/esp8266/tools"
time="2026-02-17T18:02:52Z" level=info msg="Loading tools from dir: /home/shrek/.arduino15/packages/esp8266/tools"
2026-02-17 18:02:52 2026-02-17T18:02:52.415Z daemon INFO time="2026-02-17T18:02:52Z" level=info msg="Loaded tool" tool="esp8266:mklittlefs@3.1.0-gcc10.3-e5f9fec"
time="2026-02-17T18:02:52Z" level=info msg="Loaded tool" tool="esp8266:mkspiffs@3.1.0-gcc10.3-e5f9fec"
time="2026-02-17T18:02:52Z" level=info msg="Loaded tool" tool="esp8266:python3@3.7.2-post1"
time="2026-02-17T18:02:52Z" level=info msg="Loaded tool" tool="esp8266:xtensa-lx106-elf-gcc@3.1.0-gcc10.3-e5f9fec"
2026-02-17 18:02:52 2026-02-17T18:02:52.417Z daemon INFO time="2026-02-17T18:02:52Z" level=info msg="Discovery event channel closed builtin:serial-discovery. Exiting goroutine."
2026-02-17 18:02:52 2026-02-17T18:02:52.417Z daemon INFO time="2026-02-17T18:02:52Z" level=info msg="Closed and removed discovery builtin:serial-discovery"
2026-02-17 18:02:52 2026-02-17T18:02:52.417Z daemon INFO time="2026-02-17T18:02:52Z" level=error msg="Stopped decode loop: EOF" discovery="builtin:serial-discovery"
2026-02-17 18:02:52 2026-02-17T18:02:52.417Z daemon INFO time="2026-02-17T18:02:52Z" level=info msg="Discovery event channel closed builtin:mdns-discovery. Exiting goroutine."
2026-02-17 18:02:52 2026-02-17T18:02:52.418Z daemon INFO time="2026-02-17T18:02:52Z" level=info msg="Closed and removed discovery builtin:mdns-discovery"
2026-02-17 18:02:52 2026-02-17T18:02:52.418Z daemon INFO time="2026-02-17T18:02:52Z" level=error msg="Stopped decode loop: EOF" discovery="builtin:mdns-discovery"
2026-02-17 18:02:52 2026-02-17T18:02:52.421Z daemon INFO time="2026-02-17T18:02:52Z" level=info msg="Adding libraries dir" dir=/home/shrek/.arduino15/packages/arduino/hardware/avr/1.8.7/libraries isSingleLibrary=false location=platform
2026-02-17 18:02:52 2026-02-17T18:02:52.421Z daemon INFO time="2026-02-17T18:02:52Z" level=info msg="Adding libraries dir" dir=/home/shrek/.arduino15/packages/esp32/hardware/esp32/3.3.6/libraries isSingleLibrary=false location=platform
2026-02-17 18:02:52 2026-02-17T18:02:52.421Z daemon INFO time="2026-02-17T18:02:52Z" level=info msg="Adding libraries dir" dir=/home/shrek/.arduino15/packages/esp8266/hardware/esp8266/3.1.2/libraries isSingleLibrary=false location=platform
time="2026-02-17T18:02:52Z" level=info msg="Loading libraries index file" index=/home/shrek/.arduino15/library_index.json
2026-02-17 18:02:52 2026-02-17T18:02:52.552Z daemon INFO time="2026-02-17T18:02:52Z" level=info msg="Adding libraries dir" dir=/home/shrek/.arduino15/libraries isSingleLibrary=false location=ide
2026-02-17 18:02:52 2026-02-17T18:02:52.552Z daemon INFO time="2026-02-17T18:02:52Z" level=info msg="Adding libraries dir" dir=/home/shrek/Arduino/libraries isSingleLibrary=false location=user
2026-02-17 18:02:52 2026-02-17T18:02:52.596Z discovery-log INFO start
2026-02-17 18:02:52 2026-02-17T18:02:52.596Z discovery-log INFO start new deferred
2026-02-17 18:02:52 2026-02-17T18:02:52.596Z discovery-log INFO start resolved watching
2026-02-17 18:02:52 2026-02-17T18:02:52.597Z discovery-log INFO {"eventType":"add","port":{"matchingBoardsList":[],"port":{"address":"/dev/ttyS0","label":"/dev/ttyS0","protocol":"serial","protocolLabel":"Serial Port","propertiesMap":[],"hardwareId":""}},"error":""}
2026-02-17 18:02:52 2026-02-17T18:02:52.813Z root ERROR ---- !!!SLOW!!! DURATION: search took 216.897 ms. Args: [{}] ----
2026-02-17 18:02:52 2026-02-17T18:02:52.813Z root INFO <<< Library package installation done. {
  name: 'Adafruit SSD1306',
  exampleUris: [],
  location: 0,
  installedVersion: undefined,
  author: 'Adafruit',
  availableVersions: [
    '2.5.16', '2.5.15', '2.5.14', '2.5.13',
    '2.5.12', '2.5.11', '2.5.10', '2.5.9',
    '2.5.7',  '2.5.6',  '2.5.4',  '2.5.3',
    '2.5.2',  '2.5.1',  '2.5.0',  '2.4.7',
    '2.4.6',  '2.4.5',  '2.4.4',  '2.4.3',
    '2.4.2',  '2.4.1',  '2.4.0',  '2.3.1',
    '2.3.0',  '2.2.1',  '2.2.0',  '2.1.0',
    '2.0.4',  '2.0.3',  '2.0.2',  '2.0.1',
    '2.0.0',  '1.3.0',  '1.2.9',  '1.2.8',
    '1.2.7',  '1.2.6',  '1.2.5',  '1.2.4',
    '1.2.3',  '1.2.2',  '1.2.1',  '1.2.0',
    '1.1.2',  '1.1.0',  '1.0.1',  '1.0.0'
  ],
  includes: [],
  description: 'SSD1306 oled driver library for monochrome 128x64 and 128x32 displays',
  moreInfoLink: 'https://github.com/adafruit/Adafruit_SSD1306',
  summary: 'SSD1306 oled driver library for monochrome 128x64 and 128x32 displays',
  category: 'Display',
  types: [ 'Contributed' ],
  index: 4
}
2026-02-17 18:02:52 2026-02-17T18:02:52.924Z root INFO ---- DURATION: search took 65.985 ms. Args: [{"query":"SSD1306","type":"All","topic":"All"}] ----
2026-02-17 18:02:52 2026-02-17T18:02:52.924Z root INFO Starting language server: esp32:esp32:esp32h2:UploadSpeed=921600,CDCOnBoot=default,FlashFreq=64,FlashMode=qio,FlashSize=4M,PartitionScheme=default,DebugLevel=none,EraseFlash=none,JTAGAdapter=default,ZigbeeMode=default
2026-02-17 18:02:52 2026-02-17T18:02:52.950Z daemon INFO time="2026-02-17T18:02:52Z" level=info msg="Adding libraries dir" dir=/home/shrek/.arduino15/libraries isSingleLibrary=false location=ide
2026-02-17 18:02:52 2026-02-17T18:02:52.952Z daemon INFO time="2026-02-17T18:02:52Z" level=info msg="Adding libraries dir" dir=/home/shrek/.arduino15/packages/esp32/hardware/esp32/3.3.6/libraries isSingleLibrary=false location=platform
time="2026-02-17T18:02:52Z" level=info msg="Adding libraries dir" dir=/home/shrek/Arduino/libraries isSingleLibrary=false location=user
2026-02-17 18:02:53 2026-02-17T18:02:53.415Z root INFO ---- DURATION: search took 59.025 ms. Args: [{"query":"SSD1306","type":"All","topic":"All"}] ----
2026-02-17 18:02:53 2026-02-17T18:02:53.501Z daemon INFO time="2026-02-17T18:02:53Z" level=info msg="Resolving include Adafruit_SSD1306.h for arch esp32"
time="2026-02-17T18:02:53Z" level=info msg="  found better lib" lib="Adafruit SSD1306" prio=6A7
2026-02-17 18:02:53 2026-02-17T18:02:53.810Z daemon INFO time="2026-02-17T18:02:53Z" level=info msg="Resolving include Adafruit_GFX.h for arch esp32"
time="2026-02-17T18:02:53Z" level=info msg="  found better lib" lib="Adafruit GFX Library" prio=517
2026-02-17 18:02:54 2026-02-17T18:02:54.121Z daemon INFO time="2026-02-17T18:02:54Z" level=info msg="Resolving include Adafruit_I2CDevice.h for arch esp32"
time="2026-02-17T18:02:54Z" level=info msg="  found better lib" lib="Adafruit BusIO" prio=3EB
2026-02-17 18:02:54 2026-02-17T18:02:54.444Z daemon INFO time="2026-02-17T18:02:54Z" level=info msg="Resolving include Wire.h for arch esp32"
time="2026-02-17T18:02:54Z" level=info msg="  found better lib" lib=Wire prio=6B0
2026-02-17 18:02:54 2026-02-17T18:02:54.777Z daemon INFO time="2026-02-17T18:02:54Z" level=info msg="Resolving include SPI.h for arch esp32"
time="2026-02-17T18:02:54Z" level=info msg="  found better lib" lib=SPI prio=6B0
2026-02-17 18:02:56 2026-02-17T18:02:56.281Z daemon INFO time="2026-02-17T18:02:56Z" level=info msg="Adding libraries dir" dir=/home/shrek/.arduino15/libraries isSingleLibrary=false location=ide
time="2026-02-17T18:02:56Z" level=info msg="Adding libraries dir" dir=/home/shrek/.arduino15/packages/esp32/hardware/esp32/3.3.6/libraries isSingleLibrary=false location=platform
time="2026-02-17T18:02:56Z" level=info msg="Adding libraries dir" dir=/home/shrek/Arduino/libraries isSingleLibrary=false location=user
2026-02-17 18:02:58 2026-02-17T18:02:58.821Z daemon INFO time="2026-02-17T18:02:58Z" level=info msg="Adding libraries dir" dir=/home/shrek/.arduino15/libraries isSingleLibrary=false location=ide
2026-02-17 18:02:58 2026-02-17T18:02:58.821Z daemon INFO time="2026-02-17T18:02:58Z" level=info msg="Adding libraries dir" dir=/home/shrek/.arduino15/packages/esp32/hardware/esp32/3.3.6/libraries isSingleLibrary=false location=platform
time="2026-02-17T18:02:58Z" level=info msg="Adding libraries dir" dir=/home/shrek/Arduino/libraries isSingleLibrary=false location=user
2026-02-17 18:02:59 2026-02-17T18:02:59.466Z daemon INFO time="2026-02-17T18:02:59Z" level=info msg="Resolving include Adafruit_SSD1306.h for arch esp32"
time="2026-02-17T18:02:59Z" level=info msg="  found better lib" lib="Adafruit SSD1306" prio=6A7
2026-02-17 18:02:59 2026-02-17T18:02:59.858Z daemon INFO time="2026-02-17T18:02:59Z" level=info msg="Resolving include Adafruit_GFX.h for arch esp32"
time="2026-02-17T18:02:59Z" level=info msg="  found better lib" lib="Adafruit GFX Library" prio=517
2026-02-17 18:03:00 2026-02-17T18:03:00.193Z daemon INFO time="2026-02-17T18:03:00Z" level=info msg="Resolving include Adafruit_I2CDevice.h for arch esp32"
time="2026-02-17T18:03:00Z" level=info msg="  found better lib" lib="Adafruit BusIO" prio=3EB
2026-02-17 18:03:00 2026-02-17T18:03:00.526Z daemon INFO time="2026-02-17T18:03:00Z" level=info msg="Resolving include Wire.h for arch esp32"
time="2026-02-17T18:03:00Z" level=info msg="  found better lib" lib=Wire prio=6B0
2026-02-17 18:03:00 2026-02-17T18:03:00.874Z daemon INFO time="2026-02-17T18:03:00Z" level=info msg="Resolving include SPI.h for arch esp32"
time="2026-02-17T18:03:00Z" level=info msg="  found better lib" lib=SPI prio=6B0
2026-02-17 18:03:07 2026-02-17T18:03:07.346Z root INFO Executing 'arduino.languageserver.notifyBuildDidComplete' with "file:///home/shrek/.cache/arduino/sketches/FB6648527B1B1B98C4A68E0AD1EDF978"
2026-02-17 18:03:07 2026-02-17T18:03:07.402Z daemon INFO time="2026-02-17T18:03:07Z" level=info msg="Tool required for debug" tool="arduino:dfu-util@0.11.0-arduino5"
time="2026-02-17T18:03:07Z" level=info msg="Tool required for debug" tool="esp32:esp-rv32@2511"
time="2026-02-17T18:03:07Z" level=info msg="Tool required for debug" tool="esp32:esp-x32@2511"
2026-02-17 18:03:07 2026-02-17T18:03:07.402Z daemon INFO time="2026-02-17T18:03:07Z" level=info msg="Tool required for debug" tool="esp32:esp32-libs@3.3.6"
time="2026-02-17T18:03:07Z" level=info msg="Tool required for debug" tool="esp32:esp32c3-libs@3.3.6"
time="2026-02-17T18:03:07Z" level=info msg="Tool required for debug" tool="esp32:esp32c5-libs@3.3.6"
time="2026-02-17T18:03:07Z" level=info msg="Tool required for debug" tool="esp32:esp32c6-libs@3.3.6"
time="2026-02-17T18:03:07Z" level=info msg="Tool required for debug" tool="esp32:esp32h2-libs@3.3.6"
time="2026-02-17T18:03:07Z" level=info msg="Tool required for debug" tool="esp32:esp32p4-libs@3.3.6"
time="2026-02-17T18:03:07Z" level=info msg="Tool required for debug" tool="esp32:esp32p4_es-libs@3.3.6"
time="2026-02-17T18:03:07Z" level=info msg="Tool required for debug" tool="esp32:esp32s2-libs@3.3.6"
time="2026-02-17T18:03:07Z" level=info msg="Tool required for debug" tool="esp32:esp32s3-libs@3.3.6"
time="2026-02-17T18:03:07Z" level=info msg="Tool required for debug" tool="esp32:esptool_py@5.1.0"
time="2026-02-17T18:03:07Z" level=info msg="Tool required for debug" tool="esp32:mklittlefs@4.0.2-db0513a"
time="2026-02-17T18:03:07Z" level=info msg="Tool required for debug" tool="esp32:mkspiffs@0.2.3"
time="2026-02-17T18:03:07Z" level=info msg="Tool required for debug" tool="esp32:openocd-esp32@v0.12.0-esp32-20251215"
2026-02-17 18:03:07 2026-02-17T18:03:07.402Z daemon INFO time="2026-02-17T18:03:07Z" level=info msg="Tool required for debug" tool="esp32:riscv32-esp-elf-gdb@16.3_20250913"
time="2026-02-17T18:03:07Z" level=info msg="Tool required for debug" tool="esp32:xtensa-esp-elf-gdb@16.3_20250913"
time="2026-02-17T18:03:07Z" level=info msg="Tool required for debug" tool="builtin:dfu-discovery@0.1.2"
time="2026-02-17T18:03:07Z" level=info msg="Tool required for debug" tool="builtin:serial-discovery@1.4.3"
2026-02-17 18:03:07 2026-02-17T18:03:07.402Z daemon INFO time="2026-02-17T18:03:07Z" level=info msg="Tool required for debug" tool="esp8266:python3@3.7.2-post1"
time="2026-02-17T18:03:07Z" level=info msg="Tool required for debug" tool="arduino:arduinoOTA@1.3.0"
time="2026-02-17T18:03:07Z" level=info msg="Tool required for debug" tool="arduino:avr-gcc@7.3.0-atmel3.6.1-arduino7"
time="2026-02-17T18:03:07Z" level=info msg="Tool required for debug" tool="builtin:serial-monitor@0.15.0"
2026-02-17 18:03:07 2026-02-17T18:03:07.402Z daemon INFO time="2026-02-17T18:03:07Z" level=info msg="Tool required for debug" tool="builtin:ctags@5.8-arduino11"
2026-02-17 18:03:07 2026-02-17T18:03:07.402Z daemon INFO time="2026-02-17T18:03:07Z" level=info msg="Tool required for debug" tool="esp8266:xtensa-lx106-elf-gcc@3.1.0-gcc10.3-e5f9fec"
time="2026-02-17T18:03:07Z" level=info msg="Tool required for debug" tool="arduino:avrdude@8.0.0-arduino1"
time="2026-02-17T18:03:07Z" level=info msg="Tool required for debug" tool="builtin:mdns-discovery@1.0.12"
2026-02-17 18:03:07 2026-02-17T18:03:07.403Z daemon INFO time="2026-02-17T18:03:07Z" level=info msg="Tool required for debug" tool="arduino:dfu-util@0.11.0-arduino5"
time="2026-02-17T18:03:07Z" level=info msg="Tool required for debug" tool="esp32:esp-rv32@2511"
2026-02-17 18:03:07 2026-02-17T18:03:07.403Z daemon INFO time="2026-02-17T18:03:07Z" level=info msg="Tool required for debug" tool="esp32:esp-x32@2511"
time="2026-02-17T18:03:07Z" level=info msg="Tool required for debug" tool="esp32:esp32-libs@3.3.6"
time="2026-02-17T18:03:07Z" level=info msg="Tool required for debug" tool="esp32:esp32c3-libs@3.3.6"
time="2026-02-17T18:03:07Z" level=info msg="Tool required for debug" tool="esp32:esp32c5-libs@3.3.6"
time="2026-02-17T18:03:07Z" level=info msg="Tool required for debug" tool="esp32:esp32c6-libs@3.3.6"
time="2026-02-17T18:03:07Z" level=info msg="Tool required for debug" tool="esp32:esp32h2-libs@3.3.6"
time="2026-02-17T18:03:07Z" level=info msg="Tool required for debug" tool="esp32:esp32p4-libs@3.3.6"
time="2026-02-17T18:03:07Z" level=info msg="Tool required for debug" tool="esp32:esp32p4_es-libs@3.3.6"
time="2026-02-17T18:03:07Z" level=info msg="Tool required for debug" tool="esp32:esp32s2-libs@3.3.6"
2026-02-17 18:03:07 2026-02-17T18:03:07.403Z daemon INFO time="2026-02-17T18:03:07Z" level=info msg="Tool required for debug" tool="esp32:esp32s3-libs@3.3.6"
time="2026-02-17T18:03:07Z" level=info msg="Tool required for debug" tool="esp32:esptool_py@5.1.0"
time="2026-02-17T18:03:07Z" level=info msg="Tool required for debug" tool="esp32:mklittlefs@4.0.2-db0513a"
time="2026-02-17T18:03:07Z" level=info msg="Tool required for debug" tool="esp32:mkspiffs@0.2.3"
2026-02-17 18:03:07 2026-02-17T18:03:07.403Z daemon INFO time="2026-02-17T18:03:07Z" level=info msg="Tool required for debug" tool="esp32:openocd-esp32@v0.12.0-esp32-20251215"
time="2026-02-17T18:03:07Z" level=info msg="Tool required for debug" tool="esp32:riscv32-esp-elf-gdb@16.3_20250913"
time="2026-02-17T18:03:07Z" level=info msg="Tool required for debug" tool="esp32:xtensa-esp-elf-gdb@16.3_20250913"
time="2026-02-17T18:03:07Z" level=info msg="Tool required for debug" tool="arduino:avrdude@8.0.0-arduino1"
2026-02-17 18:03:07 2026-02-17T18:03:07.403Z daemon INFO time="2026-02-17T18:03:07Z" level=info msg="Tool required for debug" tool="builtin:serial-monitor@0.15.0"
time="2026-02-17T18:03:07Z" level=info msg="Tool required for debug" tool="builtin:dfu-discovery@0.1.2"
2026-02-17 18:03:07 2026-02-17T18:03:07.403Z daemon INFO time="2026-02-17T18:03:07Z" level=info msg="Tool required for debug" tool="builtin:mdns-discovery@1.0.12"
2026-02-17 18:03:07 2026-02-17T18:03:07.403Z daemon INFO time="2026-02-17T18:03:07Z" level=info msg="Tool required for debug" tool="builtin:serial-discovery@1.4.3"
time="2026-02-17T18:03:07Z" level=info msg="Tool required for debug" tool="arduino:avr-gcc@7.3.0-atmel3.6.1-arduino7"
2026-02-17 18:03:07 2026-02-17T18:03:07.403Z daemon INFO time="2026-02-17T18:03:07Z" level=info msg="Tool required for debug" tool="esp8266:python3@3.7.2-post1"
time="2026-02-17T18:03:07Z" level=info msg="Tool required for debug" tool="arduino:arduinoOTA@1.3.0"
time="2026-02-17T18:03:07Z" level=info msg="Tool required for debug" tool="builtin:ctags@5.8-arduino11"
2026-02-17 18:03:07 2026-02-17T18:03:07.403Z daemon INFO time="2026-02-17T18:03:07Z" level=info msg="Tool required for debug" tool="esp8266:xtensa-lx106-elf-gcc@3.1.0-gcc10.3-e5f9fec"
2026-02-17 18:03:07 2026-02-17T18:03:07.404Z daemon INFO time="2026-02-17T18:03:07Z" level=info msg="Tool required for debug" tool="arduino:dfu-util@0.11.0-arduino5"
time="2026-02-17T18:03:07Z" level=info msg="Tool required for debug" tool="esp32:esp-rv32@2511"
time="2026-02-17T18:03:07Z" level=info msg="Tool required for debug" tool="esp32:esp-x32@2511"
2026-02-17 18:03:07 2026-02-17T18:03:07.404Z daemon INFO time="2026-02-17T18:03:07Z" level=info msg="Tool required for debug" tool="esp32:esp32-libs@3.3.6"
time="2026-02-17T18:03:07Z" level=info msg="Tool required for debug" tool="esp32:esp32c3-libs@3.3.6"
time="2026-02-17T18:03:07Z" level=info msg="Tool required for debug" tool="esp32:esp32c5-libs@3.3.6"
time="2026-02-17T18:03:07Z" level=info msg="Tool required for debug" tool="esp32:esp32c6-libs@3.3.6"
time="2026-02-17T18:03:07Z" level=info msg="Tool required for debug" tool="esp32:esp32h2-libs@3.3.6"
time="2026-02-17T18:03:07Z" level=info msg="Tool required for debug" tool="esp32:esp32p4-libs@3.3.6"
time="2026-02-17T18:03:07Z" level=info msg="Tool required for debug" tool="esp32:esp32p4_es-libs@3.3.6"
time="2026-02-17T18:03:07Z" level=info msg="Tool required for debug" tool="esp32:esp32s2-libs@3.3.6"
time="2026-02-17T18:03:07Z" level=info msg="Tool required for debug" tool="esp32:esp32s3-libs@3.3.6"
time="2026-02-17T18:03:07Z" level=info msg="Tool required for debug" tool="esp32:esptool_py@5.1.0"
time="2026-02-17T18:03:07Z" level=info msg="Tool required for debug" tool="esp32:mklittlefs@4.0.2-db0513a"
2026-02-17 18:03:07 2026-02-17T18:03:07.404Z daemon INFO time="2026-02-17T18:03:07Z" level=info msg="Tool required for debug" tool="esp32:mkspiffs@0.2.3"
time="2026-02-17T18:03:07Z" level=info msg="Tool required for debug" tool="esp32:openocd-esp32@v0.12.0-esp32-20251215"
time="2026-02-17T18:03:07Z" level=info msg="Tool required for debug" tool="esp32:riscv32-esp-elf-gdb@16.3_20250913"
time="2026-02-17T18:03:07Z" level=info msg="Tool required for debug" tool="esp32:xtensa-esp-elf-gdb@16.3_20250913"
time="2026-02-17T18:03:07Z" level=info msg="Tool required for debug" tool="arduino:avr-gcc@7.3.0-atmel3.6.1-arduino7"
time="2026-02-17T18:03:07Z" level=info msg="Tool required for debug" tool="builtin:mdns-discovery@1.0.12"
time="2026-02-17T18:03:07Z" level=info msg="Tool required for debug" tool="esp8266:python3@3.7.2-post1"
2026-02-17 18:03:07 2026-02-17T18:03:07.404Z daemon INFO time="2026-02-17T18:03:07Z" level=info msg="Tool required for debug" tool="arduino:arduinoOTA@1.3.0"
time="2026-02-17T18:03:07Z" level=info msg="Tool required for debug" tool="builtin:dfu-discovery@0.1.2"
time="2026-02-17T18:03:07Z" level=info msg="Tool required for debug" tool="builtin:serial-discovery@1.4.3"
time="2026-02-17T18:03:07Z" level=info msg="Tool required for debug" tool="arduino:avrdude@8.0.0-arduino1"
time="2026-02-17T18:03:07Z" level=info msg="Tool required for debug" tool="builtin:serial-monitor@0.15.0"
2026-02-17 18:03:07 2026-02-17T18:03:07.404Z daemon INFO time="2026-02-17T18:03:07Z" level=info msg="Tool required for debug" tool="builtin:ctags@5.8-arduino11"
time="2026-02-17T18:03:07Z" level=info msg="Tool required for debug" tool="esp8266:xtensa-lx106-elf-gcc@3.1.0-gcc10.3-e5f9fec"
2026-02-17 18:03:07 2026-02-17T18:03:07.406Z daemon INFO time="2026-02-17T18:03:07Z" level=info msg="Tool required for debug" tool="arduino:dfu-util@0.11.0-arduino5"
time="2026-02-17T18:03:07Z" level=info msg="Tool required for debug" tool="esp32:esp-rv32@2511"
2026-02-17 18:03:07 2026-02-17T18:03:07.406Z daemon INFO time="2026-02-17T18:03:07Z" level=info msg="Tool required for debug" tool="esp32:esp-x32@2511"
time="2026-02-17T18:03:07Z" level=info msg="Tool required for debug" tool="esp32:esp32-libs@3.3.6"
time="2026-02-17T18:03:07Z" level=info msg="Tool required for debug" tool="esp32:esp32c3-libs@3.3.6"
time="2026-02-17T18:03:07Z" level=info msg="Tool required for debug" tool="esp32:esp32c5-libs@3.3.6"
time="2026-02-17T18:03:07Z" level=info msg="Tool required for debug" tool="esp32:esp32c6-libs@3.3.6"
time="2026-02-17T18:03:07Z" level=info msg="Tool required for debug" tool="esp32:esp32h2-libs@3.3.6"
2026-02-17 18:03:07 2026-02-17T18:03:07.406Z daemon INFO time="2026-02-17T18:03:07Z" level=info msg="Tool required for debug" tool="esp32:esp32p4-libs@3.3.6"
time="2026-02-17T18:03:07Z" level=info msg="Tool required for debug" tool="esp32:esp32p4_es-libs@3.3.6"
time="2026-02-17T18:03:07Z" level=info msg="Tool required for debug" tool="esp32:esp32s2-libs@3.3.6"
time="2026-02-17T18:03:07Z" level=info msg="Tool required for debug" tool="esp32:esp32s3-libs@3.3.6"
2026-02-17 18:03:07 2026-02-17T18:03:07.406Z daemon INFO time="2026-02-17T18:03:07Z" level=info msg="Tool required for debug" tool="esp32:esptool_py@5.1.0"
time="2026-02-17T18:03:07Z" level=info msg="Tool required for debug" tool="esp32:mklittlefs@4.0.2-db0513a"
time="2026-02-17T18:03:07Z" level=info msg="Tool required for debug" tool="esp32:mkspiffs@0.2.3"
time="2026-02-17T18:03:07Z" level=info msg="Tool required for debug" tool="esp32:openocd-esp32@v0.12.0-esp32-20251215"
time="2026-02-17T18:03:07Z" level=info msg="Tool required for debug" tool="esp32:riscv32-esp-elf-gdb@16.3_20250913"
2026-02-17 18:03:07 2026-02-17T18:03:07.406Z daemon INFO time="2026-02-17T18:03:07Z" level=info msg="Tool required for debug" tool="esp32:xtensa-esp-elf-gdb@16.3_20250913"
time="2026-02-17T18:03:07Z" level=info msg="Tool required for debug" tool="builtin:serial-monitor@0.15.0"
time="2026-02-17T18:03:07Z" level=info msg="Tool required for debug" tool="esp8266:xtensa-lx106-elf-gcc@3.1.0-gcc10.3-e5f9fec"
time="2026-02-17T18:03:07Z" level=info msg="Tool required for debug" tool="builtin:mdns-discovery@1.0.12"
time="2026-02-17T18:03:07Z" level=info msg="Tool required for debug" tool="builtin:ctags@5.8-arduino11"
time="2026-02-17T18:03:07Z" level=info msg="Tool required for debug" tool="arduino:avr-gcc@7.3.0-atmel3.6.1-arduino7"
time="2026-02-17T18:03:07Z" level=info msg="Tool required for debug" tool="builtin:dfu-discovery@0.1.2"
time="2026-02-17T18:03:07Z" level=info msg="Tool required for debug" tool="esp8266:python3@3.7.2-post1"
time="2026-02-17T18:03:07Z" level=info msg="Tool required for debug" tool="arduino:arduinoOTA@1.3.0"
time="2026-02-17T18:03:07Z" level=info msg="Tool required for debug" tool="arduino:avrdude@8.0.0-arduino1"
time="2026-02-17T18:03:07Z" level=info msg="Tool required for debug" tool="builtin:serial-discovery@1.4.3"
2026-02-17 18:03:07 2026-02-17T18:03:07.407Z daemon INFO time="2026-02-17T18:03:07Z" level=info msg="Tool required for debug" tool="arduino:dfu-util@0.11.0-arduino5"
time="2026-02-17T18:03:07Z" level=info msg="Tool required for debug" tool="esp32:esp-rv32@2511"
2026-02-17 18:03:07 2026-02-17T18:03:07.407Z daemon INFO time="2026-02-17T18:03:07Z" level=info msg="Tool required for debug" tool="esp32:esp-x32@2511"
time="2026-02-17T18:03:07Z" level=info msg="Tool required for debug" tool="esp32:esp32-libs@3.3.6"
time="2026-02-17T18:03:07Z" level=info msg="Tool required for debug" tool="esp32:esp32c3-libs@3.3.6"
time="2026-02-17T18:03:07Z" level=info msg="Tool required for debug" tool="esp32:esp32c5-libs@3.3.6"
time="2026-02-17T18:03:07Z" level=info msg="Tool required for debug" tool="esp32:esp32c6-libs@3.3.6"
time="2026-02-17T18:03:07Z" level=info msg="Tool required for debug" tool="esp32:esp32h2-libs@3.3.6"
time="2026-02-17T18:03:07Z" level=info msg="Tool required for debug" tool="esp32:esp32p4-libs@3.3.6"
time="2026-02-17T18:03:07Z" level=info msg="Tool required for debug" tool="esp32:esp32p4_es-libs@3.3.6"
time="2026-02-17T18:03:07Z" level=info msg="Tool required for debug" tool="esp32:esp32s2-libs@3.3.6"
2026-02-17 18:03:07 2026-02-17T18:03:07.407Z daemon INFO time="2026-02-17T18:03:07Z" level=info msg="Tool required for debug" tool="esp32:esp32s3-libs@3.3.6"
time="2026-02-17T18:03:07Z" level=info msg="Tool required for debug" tool="esp32:esptool_py@5.1.0"
time="2026-02-17T18:03:07Z" level=info msg="Tool required for debug" tool="esp32:mklittlefs@4.0.2-db0513a"
time="2026-02-17T18:03:07Z" level=info msg="Tool required for debug" tool="esp32:mkspiffs@0.2.3"
2026-02-17 18:03:07 2026-02-17T18:03:07.407Z daemon INFO time="2026-02-17T18:03:07Z" level=info msg="Tool required for debug" tool="esp32:openocd-esp32@v0.12.0-esp32-20251215"
time="2026-02-17T18:03:07Z" level=info msg="Tool required for debug" tool="esp32:riscv32-esp-elf-gdb@16.3_20250913"
time="2026-02-17T18:03:07Z" level=info msg="Tool required for debug" tool="esp32:xtensa-esp-elf-gdb@16.3_20250913"
2026-02-17 18:03:07 2026-02-17T18:03:07.407Z daemon INFO time="2026-02-17T18:03:07Z" level=info msg="Tool required for debug" tool="esp8266:xtensa-lx106-elf-gcc@3.1.0-gcc10.3-e5f9fec"
time="2026-02-17T18:03:07Z" level=info msg="Tool required for debug" tool="builtin:dfu-discovery@0.1.2"
2026-02-17 18:03:07 2026-02-17T18:03:07.407Z daemon INFO time="2026-02-17T18:03:07Z" level=info msg="Tool required for debug" tool="builtin:mdns-discovery@1.0.12"
time="2026-02-17T18:03:07Z" level=info msg="Tool required for debug" tool="builtin:serial-monitor@0.15.0"
2026-02-17 18:03:07 2026-02-17T18:03:07.407Z daemon INFO time="2026-02-17T18:03:07Z" level=info msg="Tool required for debug" tool="arduino:avrdude@8.0.0-arduino1"
time="2026-02-17T18:03:07Z" level=info msg="Tool required for debug" tool="arduino:arduinoOTA@1.3.0"
2026-02-17 18:03:07 2026-02-17T18:03:07.407Z daemon INFO time="2026-02-17T18:03:07Z" level=info msg="Tool required for debug" tool="esp8266:python3@3.7.2-post1"
time="2026-02-17T18:03:07Z" level=info msg="Tool required for debug" tool="arduino:avr-gcc@7.3.0-atmel3.6.1-arduino7"
2026-02-17 18:03:07 2026-02-17T18:03:07.407Z daemon INFO time="2026-02-17T18:03:07Z" level=info msg="Tool required for debug" tool="builtin:serial-discovery@1.4.3"
time="2026-02-17T18:03:07Z" level=info msg="Tool required for debug" tool="builtin:ctags@5.8-arduino11"
2026-02-17 18:03:07 2026-02-17T18:03:07.408Z daemon INFO time="2026-02-17T18:03:07Z" level=info msg="Tool required for debug" tool="arduino:dfu-util@0.11.0-arduino5"
time="2026-02-17T18:03:07Z" level=info msg="Tool required for debug" tool="esp32:esp-rv32@2511"
2026-02-17 18:03:07 2026-02-17T18:03:07.408Z daemon INFO time="2026-02-17T18:03:07Z" level=info msg="Tool required for debug" tool="esp32:esp-x32@2511"
time="2026-02-17T18:03:07Z" level=info msg="Tool required for debug" tool="esp32:esp32-libs@3.3.6"
time="2026-02-17T18:03:07Z" level=info msg="Tool required for debug" tool="esp32:esp32c3-libs@3.3.6"
time="2026-02-17T18:03:07Z" level=info msg="Tool required for debug" tool="esp32:esp32c5-libs@3.3.6"
time="2026-02-17T18:03:07Z" level=info msg="Tool required for debug" tool="esp32:esp32c6-libs@3.3.6"
time="2026-02-17T18:03:07Z" level=info msg="Tool required for debug" tool="esp32:esp32h2-libs@3.3.6"
time="2026-02-17T18:03:07Z" level=info msg="Tool required for debug" tool="esp32:esp32p4-libs@3.3.6"
time="2026-02-17T18:03:07Z" level=info msg="Tool required for debug" tool="esp32:esp32p4_es-libs@3.3.6"
time="2026-02-17T18:03:07Z" level=info msg="Tool required for debug" tool="esp32:esp32s2-libs@3.3.6"
2026-02-17 18:03:07 2026-02-17T18:03:07.408Z daemon INFO time="2026-02-17T18:03:07Z" level=info msg="Tool required for debug" tool="esp32:esp32s3-libs@3.3.6"
time="2026-02-17T18:03:07Z" level=info msg="Tool required for debug" tool="esp32:esptool_py@5.1.0"
time="2026-02-17T18:03:07Z" level=info msg="Tool required for debug" tool="esp32:mklittlefs@4.0.2-db0513a"
time="2026-02-17T18:03:07Z" level=info msg="Tool required for debug" tool="esp32:mkspiffs@0.2.3"
time="2026-02-17T18:03:07Z" level=info msg="Tool required for debug" tool="esp32:openocd-esp32@v0.12.0-esp32-20251215"
2026-02-17 18:03:07 2026-02-17T18:03:07.408Z daemon INFO time="2026-02-17T18:03:07Z" level=info msg="Tool required for debug" tool="esp32:riscv32-esp-elf-gdb@16.3_20250913"
time="2026-02-17T18:03:07Z" level=info msg="Tool required for debug" tool="esp32:xtensa-esp-elf-gdb@16.3_20250913"
time="2026-02-17T18:03:07Z" level=info msg="Tool required for debug" tool="arduino:avrdude@8.0.0-arduino1"
time="2026-02-17T18:03:07Z" level=info msg="Tool required for debug" tool="arduino:avr-gcc@7.3.0-atmel3.6.1-arduino7"
time="2026-02-17T18:03:07Z" level=info msg="Tool required for debug" tool="builtin:serial-discovery@1.4.3"
2026-02-17 18:03:07 2026-02-17T18:03:07.409Z daemon INFO time="2026-02-17T18:03:07Z" level=info msg="Tool required for debug" tool="builtin:mdns-discovery@1.0.12"
time="2026-02-17T18:03:07Z" level=info msg="Tool required for debug" tool="arduino:arduinoOTA@1.3.0"
time="2026-02-17T18:03:07Z" level=info msg="Tool required for debug" tool="builtin:ctags@5.8-arduino11"
time="2026-02-17T18:03:07Z" level=info msg="Tool required for debug" tool="builtin:dfu-discovery@0.1.2"
time="2026-02-17T18:03:07Z" level=info msg="Tool required for debug" tool="esp8266:python3@3.7.2-post1"
time="2026-02-17T18:03:07Z" level=info msg="Tool required for debug" tool="esp8266:xtensa-lx106-elf-gcc@3.1.0-gcc10.3-e5f9fec"
time="2026-02-17T18:03:07Z" level=info msg="Tool required for debug" tool="builtin:serial-monitor@0.15.0"
2026-02-17 18:03:07 2026-02-17T18:03:07.410Z daemon INFO time="2026-02-17T18:03:07Z" level=info msg="Tool required for debug" tool="arduino:dfu-util@0.11.0-arduino5"
time="2026-02-17T18:03:07Z" level=info msg="Tool required for debug" tool="esp32:esp-rv32@2511"
time="2026-02-17T18:03:07Z" level=info msg="Tool required for debug" tool="esp32:esp-x32@2511"
2026-02-17 18:03:07 2026-02-17T18:03:07.410Z daemon INFO time="2026-02-17T18:03:07Z" level=info msg="Tool required for debug" tool="esp32:esp32-libs@3.3.6"
time="2026-02-17T18:03:07Z" level=info msg="Tool required for debug" tool="esp32:esp32c3-libs@3.3.6"
time="2026-02-17T18:03:07Z" level=info msg="Tool required for debug" tool="esp32:esp32c5-libs@3.3.6"
time="2026-02-17T18:03:07Z" level=info msg="Tool required for debug" tool="esp32:esp32c6-libs@3.3.6"
time="2026-02-17T18:03:07Z" level=info msg="Tool required for debug" tool="esp32:esp32h2-libs@3.3.6"
time="2026-02-17T18:03:07Z" level=info msg="Tool required for debug" tool="esp32:esp32p4-libs@3.3.6"
time="2026-02-17T18:03:07Z" level=info msg="Tool required for debug" tool="esp32:esp32p4_es-libs@3.3.6"
time="2026-02-17T18:03:07Z" level=info msg="Tool required for debug" tool="esp32:esp32s2-libs@3.3.6"
2026-02-17 18:03:07 2026-02-17T18:03:07.410Z daemon INFO time="2026-02-17T18:03:07Z" level=info msg="Tool required for debug" tool="esp32:esp32s3-libs@3.3.6"
time="2026-02-17T18:03:07Z" level=info msg="Tool required for debug" tool="esp32:esptool_py@5.1.0"
time="2026-02-17T18:03:07Z" level=info msg="Tool required for debug" tool="esp32:mklittlefs@4.0.2-db0513a"
time="2026-02-17T18:03:07Z" level=info msg="Tool required for debug" tool="esp32:mkspiffs@0.2.3"
2026-02-17 18:03:07 2026-02-17T18:03:07.410Z daemon INFO time="2026-02-17T18:03:07Z" level=info msg="Tool required for debug" tool="esp32:openocd-esp32@v0.12.0-esp32-20251215"
time="2026-02-17T18:03:07Z" level=info msg="Tool required for debug" tool="esp32:riscv32-esp-elf-gdb@16.3_20250913"
time="2026-02-17T18:03:07Z" level=info msg="Tool required for debug" tool="esp32:xtensa-esp-elf-gdb@16.3_20250913"
2026-02-17 18:03:07 2026-02-17T18:03:07.410Z daemon INFO time="2026-02-17T18:03:07Z" level=info msg="Tool required for debug" tool="arduino:avrdude@8.0.0-arduino1"
time="2026-02-17T18:03:07Z" level=info msg="Tool required for debug" tool="arduino:avr-gcc@7.3.0-atmel3.6.1-arduino7"
time="2026-02-17T18:03:07Z" level=info msg="Tool required for debug" tool="builtin:ctags@5.8-arduino11"
2026-02-17 18:03:07 2026-02-17T18:03:07.410Z daemon INFO time="2026-02-17T18:03:07Z" level=info msg="Tool required for debug" tool="builtin:dfu-discovery@0.1.2"
2026-02-17 18:03:07 2026-02-17T18:03:07.410Z daemon INFO time="2026-02-17T18:03:07Z" level=info msg="Tool required for debug" tool="esp8266:python3@3.7.2-post1"
time="2026-02-17T18:03:07Z" level=info msg="Tool required for debug" tool="builtin:serial-discovery@1.4.3"
2026-02-17 18:03:07 2026-02-17T18:03:07.410Z daemon INFO time="2026-02-17T18:03:07Z" level=info msg="Tool required for debug" tool="esp8266:xtensa-lx106-elf-gcc@3.1.0-gcc10.3-e5f9fec"
time="2026-02-17T18:03:07Z" level=info msg="Tool required for debug" tool="arduino:arduinoOTA@1.3.0"
time="2026-02-17T18:03:07Z" level=info msg="Tool required for debug" tool="builtin:serial-monitor@0.15.0"
2026-02-17 18:03:07 2026-02-17T18:03:07.410Z daemon INFO time="2026-02-17T18:03:07Z" level=info msg="Tool required for debug" tool="builtin:mdns-discovery@1.0.12"
2026-02-17 18:03:07 2026-02-17T18:03:07.411Z daemon INFO time="2026-02-17T18:03:07Z" level=info msg="Tool required for debug" tool="arduino:dfu-util@0.11.0-arduino5"
time="2026-02-17T18:03:07Z" level=info msg="Tool required for debug" tool="esp32:esp-rv32@2511"
time="2026-02-17T18:03:07Z" level=info msg="Tool required for debug" tool="esp32:esp-x32@2511"
2026-02-17 18:03:07 2026-02-17T18:03:07.411Z daemon INFO time="2026-02-17T18:03:07Z" level=info msg="Tool required for debug" tool="esp32:esp32-libs@3.3.6"
time="2026-02-17T18:03:07Z" level=info msg="Tool required for debug" tool="esp32:esp32c3-libs@3.3.6"
time="2026-02-17T18:03:07Z" level=info msg="Tool required for debug" tool="esp32:esp32c5-libs@3.3.6"
time="2026-02-17T18:03:07Z" level=info msg="Tool required for debug" tool="esp32:esp32c6-libs@3.3.6"
time="2026-02-17T18:03:07Z" level=info msg="Tool required for debug" tool="esp32:esp32h2-libs@3.3.6"
time="2026-02-17T18:03:07Z" level=info msg="Tool required for debug" tool="esp32:esp32p4-libs@3.3.6"
time="2026-02-17T18:03:07Z" level=info msg="Tool required for debug" tool="esp32:esp32p4_es-libs@3.3.6"
time="2026-02-17T18:03:07Z" level=info msg="Tool required for debug" tool="esp32:esp32s2-libs@3.3.6"
time="2026-02-17T18:03:07Z" level=info msg="Tool required for debug" tool="esp32:esp32s3-libs@3.3.6"
time="2026-02-17T18:03:07Z" level=info msg="Tool required for debug" tool="esp32:esptool_py@5.1.0"
time="2026-02-17T18:03:07Z" level=info msg="Tool required for debug" tool="esp32:mklittlefs@4.0.2-db0513a"
2026-02-17 18:03:07 2026-02-17T18:03:07.411Z daemon INFO time="2026-02-17T18:03:07Z" level=info msg="Tool required for debug" tool="esp32:mkspiffs@0.2.3"
time="2026-02-17T18:03:07Z" level=info msg="Tool required for debug" tool="esp32:openocd-esp32@v0.12.0-esp32-20251215"
time="2026-02-17T18:03:07Z" level=info msg="Tool required for debug" tool="esp32:riscv32-esp-elf-gdb@16.3_20250913"
time="2026-02-17T18:03:07Z" level=info msg="Tool required for debug" tool="esp32:xtensa-esp-elf-gdb@16.3_20250913"
time="2026-02-17T18:03:07Z" level=info msg="Tool required for debug" tool="builtin:serial-monitor@0.15.0"
2026-02-17 18:03:07 2026-02-17T18:03:07.411Z daemon INFO time="2026-02-17T18:03:07Z" level=info msg="Tool required for debug" tool="builtin:mdns-discovery@1.0.12"
time="2026-02-17T18:03:07Z" level=info msg="Tool required for debug" tool="esp8266:xtensa-lx106-elf-gcc@3.1.0-gcc10.3-e5f9fec"
time="2026-02-17T18:03:07Z" level=info msg="Tool required for debug" tool="esp8266:python3@3.7.2-post1"
time="2026-02-17T18:03:07Z" level=info msg="Tool required for debug" tool="arduino:avr-gcc@7.3.0-atmel3.6.1-arduino7"
2026-02-17 18:03:07 2026-02-17T18:03:07.411Z daemon INFO time="2026-02-17T18:03:07Z" level=info msg="Tool required for debug" tool="builtin:ctags@5.8-arduino11"
time="2026-02-17T18:03:07Z" level=info msg="Tool required for debug" tool="builtin:dfu-discovery@0.1.2"
time="2026-02-17T18:03:07Z" level=info msg="Tool required for debug" tool="builtin:serial-discovery@1.4.3"
2026-02-17 18:03:07 2026-02-17T18:03:07.411Z daemon INFO time="2026-02-17T18:03:07Z" level=info msg="Tool required for debug" tool="arduino:avrdude@8.0.0-arduino1"
time="2026-02-17T18:03:07Z" level=info msg="Tool required for debug" tool="arduino:arduinoOTA@1.3.0"
2026-02-17 18:03:07 2026-02-17T18:03:07.412Z daemon INFO time="2026-02-17T18:03:07Z" level=info msg="Tool required for debug" tool="arduino:dfu-util@0.11.0-arduino5"
time="2026-02-17T18:03:07Z" level=info msg="Tool required for debug" tool="esp32:esp-rv32@2511"
time="2026-02-17T18:03:07Z" level=info msg="Tool required for debug" tool="esp32:esp-x32@2511"
2026-02-17 18:03:07 2026-02-17T18:03:07.412Z daemon INFO time="2026-02-17T18:03:07Z" level=info msg="Tool required for debug" tool="esp32:esp32-libs@3.3.6"
time="2026-02-17T18:03:07Z" level=info msg="Tool required for debug" tool="esp32:esp32c3-libs@3.3.6"
time="2026-02-17T18:03:07Z" level=info msg="Tool required for debug" tool="esp32:esp32c5-libs@3.3.6"
time="2026-02-17T18:03:07Z" level=info msg="Tool required for debug" tool="esp32:esp32c6-libs@3.3.6"
time="2026-02-17T18:03:07Z" level=info msg="Tool required for debug" tool="esp32:esp32h2-libs@3.3.6"
time="2026-02-17T18:03:07Z" level=info msg="Tool required for debug" tool="esp32:esp32p4-libs@3.3.6"
time="2026-02-17T18:03:07Z" level=info msg="Tool required for debug" tool="esp32:esp32p4_es-libs@3.3.6"
time="2026-02-17T18:03:07Z" level=info msg="Tool required for debug" tool="esp32:esp32s2-libs@3.3.6"
2026-02-17 18:03:07 2026-02-17T18:03:07.412Z daemon INFO time="2026-02-17T18:03:07Z" level=info msg="Tool required for debug" tool="esp32:esp32s3-libs@3.3.6"
time="2026-02-17T18:03:07Z" level=info msg="Tool required for debug" tool="esp32:esptool_py@5.1.0"
time="2026-02-17T18:03:07Z" level=info msg="Tool required for debug" tool="esp32:mklittlefs@4.0.2-db0513a"
time="2026-02-17T18:03:07Z" level=info msg="Tool required for debug" tool="esp32:mkspiffs@0.2.3"
time="2026-02-17T18:03:07Z" level=info msg="Tool required for debug" tool="esp32:openocd-esp32@v0.12.0-esp32-20251215"
2026-02-17 18:03:07 2026-02-17T18:03:07.412Z daemon INFO time="2026-02-17T18:03:07Z" level=info msg="Tool required for debug" tool="esp32:riscv32-esp-elf-gdb@16.3_20250913"
time="2026-02-17T18:03:07Z" level=info msg="Tool required for debug" tool="esp32:xtensa-esp-elf-gdb@16.3_20250913"
time="2026-02-17T18:03:07Z" level=info msg="Tool required for debug" tool="builtin:serial-monitor@0.15.0"
2026-02-17 18:03:07 2026-02-17T18:03:07.412Z daemon INFO time="2026-02-17T18:03:07Z" level=info msg="Tool required for debug" tool="builtin:mdns-discovery@1.0.12"
2026-02-17 18:03:07 2026-02-17T18:03:07.412Z daemon INFO time="2026-02-17T18:03:07Z" level=info msg="Tool required for debug" tool="builtin:ctags@5.8-arduino11"
time="2026-02-17T18:03:07Z" level=info msg="Tool required for debug" tool="esp8266:xtensa-lx106-elf-gcc@3.1.0-gcc10.3-e5f9fec"
2026-02-17 18:03:07 2026-02-17T18:03:07.412Z daemon INFO time="2026-02-17T18:03:07Z" level=info msg="Tool required for debug" tool="arduino:avrdude@8.0.0-arduino1"
time="2026-02-17T18:03:07Z" level=info msg="Tool required for debug" tool="arduino:arduinoOTA@1.3.0"
2026-02-17 18:03:07 2026-02-17T18:03:07.412Z daemon INFO time="2026-02-17T18:03:07Z" level=info msg="Tool required for debug" tool="builtin:serial-discovery@1.4.3"
time="2026-02-17T18:03:07Z" level=info msg="Tool required for debug" tool="esp8266:python3@3.7.2-post1"
time="2026-02-17T18:03:07Z" level=info msg="Tool required for debug" tool="arduino:avr-gcc@7.3.0-atmel3.6.1-arduino7"
time="2026-02-17T18:03:07Z" level=info msg="Tool required for debug" tool="builtin:dfu-discovery@0.1.2"
2026-02-17 18:03:07 2026-02-17T18:03:07.414Z daemon INFO time="2026-02-17T18:03:07Z" level=info msg="Tool required for debug" tool="arduino:dfu-util@0.11.0-arduino5"
time="2026-02-17T18:03:07Z" level=info msg="Tool required for debug" tool="esp32:esp-rv32@2511"
time="2026-02-17T18:03:07Z" level=info msg="Tool required for debug" tool="esp32:esp-x32@2511"
2026-02-17 18:03:07 2026-02-17T18:03:07.414Z daemon INFO time="2026-02-17T18:03:07Z" level=info msg="Tool required for debug" tool="esp32:esp32-libs@3.3.6"
time="2026-02-17T18:03:07Z" level=info msg="Tool required for debug" tool="esp32:esp32c3-libs@3.3.6"
time="2026-02-17T18:03:07Z" level=info msg="Tool required for debug" tool="esp32:esp32c5-libs@3.3.6"
time="2026-02-17T18:03:07Z" level=info msg="Tool required for debug" tool="esp32:esp32c6-libs@3.3.6"
time="2026-02-17T18:03:07Z" level=info msg="Tool required for debug" tool="esp32:esp32h2-libs@3.3.6"
time="2026-02-17T18:03:07Z" level=info msg="Tool required for debug" tool="esp32:esp32p4-libs@3.3.6"
time="2026-02-17T18:03:07Z" level=info msg="Tool required for debug" tool="esp32:esp32p4_es-libs@3.3.6"
time="2026-02-17T18:03:07Z" level=info msg="Tool required for debug" tool="esp32:esp32s2-libs@3.3.6"
2026-02-17 18:03:07 2026-02-17T18:03:07.414Z daemon INFO time="2026-02-17T18:03:07Z" level=info msg="Tool required for debug" tool="esp32:esp32s3-libs@3.3.6"
time="2026-02-17T18:03:07Z" level=info msg="Tool required for debug" tool="esp32:esptool_py@5.1.0"
time="2026-02-17T18:03:07Z" level=info msg="Tool required for debug" tool="esp32:mklittlefs@4.0.2-db0513a"
time="2026-02-17T18:03:07Z" level=info msg="Tool required for debug" tool="esp32:mkspiffs@0.2.3"
2026-02-17 18:03:07 2026-02-17T18:03:07.414Z daemon INFO time="2026-02-17T18:03:07Z" level=info msg="Tool required for debug" tool="esp32:openocd-esp32@v0.12.0-esp32-20251215"
time="2026-02-17T18:03:07Z" level=info msg="Tool required for debug" tool="esp32:riscv32-esp-elf-gdb@16.3_20250913"
2026-02-17 18:03:07 2026-02-17T18:03:07.414Z daemon INFO time="2026-02-17T18:03:07Z" level=info msg="Tool required for debug" tool="esp32:xtensa-esp-elf-gdb@16.3_20250913"
time="2026-02-17T18:03:07Z" level=info msg="Tool required for debug" tool="esp8266:python3@3.7.2-post1"
time="2026-02-17T18:03:07Z" level=info msg="Tool required for debug" tool="esp8266:xtensa-lx106-elf-gcc@3.1.0-gcc10.3-e5f9fec"
time="2026-02-17T18:03:07Z" level=info msg="Tool required for debug" tool="builtin:dfu-discovery@0.1.2"
2026-02-17 18:03:07 2026-02-17T18:03:07.414Z daemon INFO time="2026-02-17T18:03:07Z" level=info msg="Tool required for debug" tool="builtin:mdns-discovery@1.0.12"
2026-02-17 18:03:07 2026-02-17T18:03:07.414Z daemon INFO time="2026-02-17T18:03:07Z" level=info msg="Tool required for debug" tool="builtin:ctags@5.8-arduino11"
time="2026-02-17T18:03:07Z" level=info msg="Tool required for debug" tool="builtin:serial-discovery@1.4.3"
2026-02-17 18:03:07 2026-02-17T18:03:07.414Z daemon INFO time="2026-02-17T18:03:07Z" level=info msg="Tool required for debug" tool="arduino:avrdude@8.0.0-arduino1"
time="2026-02-17T18:03:07Z" level=info msg="Tool required for debug" tool="arduino:avr-gcc@7.3.0-atmel3.6.1-arduino7"
2026-02-17 18:03:07 2026-02-17T18:03:07.414Z daemon INFO time="2026-02-17T18:03:07Z" level=info msg="Tool required for debug" tool="builtin:serial-monitor@0.15.0"
time="2026-02-17T18:03:07Z" level=info msg="Tool required for debug" tool="arduino:arduinoOTA@1.3.0"
2026-02-17 18:03:07 2026-02-17T18:03:07.415Z daemon INFO time="2026-02-17T18:03:07Z" level=info msg="Tool required for debug" tool="arduino:dfu-util@0.11.0-arduino5"
time="2026-02-17T18:03:07Z" level=info msg="Tool required for debug" tool="esp32:esp-rv32@2511"
2026-02-17 18:03:07 2026-02-17T18:03:07.415Z daemon INFO time="2026-02-17T18:03:07Z" level=info msg="Tool required for debug" tool="esp32:esp-x32@2511"
time="2026-02-17T18:03:07Z" level=info msg="Tool required for debug" tool="esp32:esp32-libs@3.3.6"
time="2026-02-17T18:03:07Z" level=info msg="Tool required for debug" tool="esp32:esp32c3-libs@3.3.6"
time="2026-02-17T18:03:07Z" level=info msg="Tool required for debug" tool="esp32:esp32c5-libs@3.3.6"
time="2026-02-17T18:03:07Z" level=info msg="Tool required for debug" tool="esp32:esp32c6-libs@3.3.6"
time="2026-02-17T18:03:07Z" level=info msg="Tool required for debug" tool="esp32:esp32h2-libs@3.3.6"
time="2026-02-17T18:03:07Z" level=info msg="Tool required for debug" tool="esp32:esp32p4-libs@3.3.6"
2026-02-17 18:03:07 2026-02-17T18:03:07.415Z daemon INFO time="2026-02-17T18:03:07Z" level=info msg="Tool required for debug" tool="esp32:esp32p4_es-libs@3.3.6"
time="2026-02-17T18:03:07Z" level=info msg="Tool required for debug" tool="esp32:esp32s2-libs@3.3.6"
time="2026-02-17T18:03:07Z" level=info msg="Tool required for debug" tool="esp32:esp32s3-libs@3.3.6"
time="2026-02-17T18:03:07Z" level=info msg="Tool required for debug" tool="esp32:esptool_py@5.1.0"
2026-02-17 18:03:07 2026-02-17T18:03:07.415Z daemon INFO time="2026-02-17T18:03:07Z" level=info msg="Tool required for debug" tool="esp32:mklittlefs@4.0.2-db0513a"
time="2026-02-17T18:03:07Z" level=info msg="Tool required for debug" tool="esp32:mkspiffs@0.2.3"
time="2026-02-17T18:03:07Z" level=info msg="Tool required for debug" tool="esp32:openocd-esp32@v0.12.0-esp32-20251215"
2026-02-17 18:03:07 2026-02-17T18:03:07.415Z daemon INFO time="2026-02-17T18:03:07Z" level=info msg="Tool required for debug" tool="esp32:riscv32-esp-elf-gdb@16.3_20250913"
time="2026-02-17T18:03:07Z" level=info msg="Tool required for debug" tool="esp32:xtensa-esp-elf-gdb@16.3_20250913"
time="2026-02-17T18:03:07Z" level=info msg="Tool required for debug" tool="arduino:avr-gcc@7.3.0-atmel3.6.1-arduino7"
2026-02-17 18:03:07 2026-02-17T18:03:07.415Z daemon INFO time="2026-02-17T18:03:07Z" level=info msg="Tool required for debug" tool="builtin:dfu-discovery@0.1.2"
time="2026-02-17T18:03:07Z" level=info msg="Tool required for debug" tool="builtin:ctags@5.8-arduino11"
2026-02-17 18:03:07 2026-02-17T18:03:07.415Z daemon INFO time="2026-02-17T18:03:07Z" level=info msg="Tool required for debug" tool="builtin:serial-monitor@0.15.0"
2026-02-17 18:03:07 2026-02-17T18:03:07.415Z daemon INFO time="2026-02-17T18:03:07Z" level=info msg="Tool required for debug" tool="esp8266:xtensa-lx106-elf-gcc@3.1.0-gcc10.3-e5f9fec"
time="2026-02-17T18:03:07Z" level=info msg="Tool required for debug" tool="arduino:avrdude@8.0.0-arduino1"
time="2026-02-17T18:03:07Z" level=info msg="Tool required for debug" tool="arduino:arduinoOTA@1.3.0"
time="2026-02-17T18:03:07Z" level=info msg="Tool required for debug" tool="builtin:mdns-discovery@1.0.12"
2026-02-17 18:03:07 2026-02-17T18:03:07.415Z daemon INFO time="2026-02-17T18:03:07Z" level=info msg="Tool required for debug" tool="builtin:serial-discovery@1.4.3"
time="2026-02-17T18:03:07Z" level=info msg="Tool required for debug" tool="esp8266:python3@3.7.2-post1"
2026-02-17 18:03:07 2026-02-17T18:03:07.521Z daemon INFO time="2026-02-17T18:03:07Z" level=error msg="Upload port detection failed, watcher closed" task=port_detection
2026-02-17 18:03:08 2026-02-17T18:03:08.353Z daemon INFO time="2026-02-17T18:03:08Z" level=info msg="Adding libraries dir" dir=/home/shrek/.arduino15/libraries isSingleLibrary=false location=ide
2026-02-17 18:03:08 2026-02-17T18:03:08.353Z daemon INFO time="2026-02-17T18:03:08Z" level=info msg="Adding libraries dir" dir=/home/shrek/.arduino15/packages/esp32/hardware/esp32/3.3.6/libraries isSingleLibrary=false location=platform
time="2026-02-17T18:03:08Z" level=info msg="Adding libraries dir" dir=/home/shrek/Arduino/libraries isSingleLibrary=false location=user
2026-02-17 18:03:15 2026-02-17T18:03:15.680Z daemon INFO time="2026-02-17T18:03:15Z" level=info msg="Adding libraries dir" dir=/home/shrek/.arduino15/libraries isSingleLibrary=false location=ide
2026-02-17 18:03:15 2026-02-17T18:03:15.680Z daemon INFO time="2026-02-17T18:03:15Z" level=info msg="Adding libraries dir" dir=/home/shrek/.arduino15/packages/esp32/hardware/esp32/3.3.6/libraries isSingleLibrary=false location=platform
time="2026-02-17T18:03:15Z" level=info msg="Adding libraries dir" dir=/home/shrek/Arduino/libraries isSingleLibrary=false location=user
2026-02-17 18:03:16 2026-02-17T18:03:16.327Z daemon INFO time="2026-02-17T18:03:16Z" level=info msg="Resolving include Adafruit_SSD1306.h for arch esp32"
time="2026-02-17T18:03:16Z" level=info msg="  found better lib" lib="Adafruit SSD1306" prio=6A7
2026-02-17 18:03:16 2026-02-17T18:03:16.328Z daemon INFO time="2026-02-17T18:03:16Z" level=info msg="Resolving include Adafruit_GFX.h for arch esp32"
time="2026-02-17T18:03:16Z" level=info msg="  found better lib" lib="Adafruit GFX Library" prio=517
2026-02-17 18:03:16 2026-02-17T18:03:16.328Z daemon INFO time="2026-02-17T18:03:16Z" level=info msg="Resolving include Adafruit_I2CDevice.h for arch esp32"
2026-02-17 18:03:16 2026-02-17T18:03:16.328Z daemon INFO time="2026-02-17T18:03:16Z" level=info msg="  found better lib" lib="Adafruit BusIO" prio=3EB
2026-02-17 18:03:16 2026-02-17T18:03:16.332Z daemon INFO time="2026-02-17T18:03:16Z" level=info msg="Resolving include Wire.h for arch esp32"
time="2026-02-17T18:03:16Z" level=info msg="  found better lib" lib=Wire prio=6B0
2026-02-17 18:03:16 2026-02-17T18:03:16.335Z daemon INFO time="2026-02-17T18:03:16Z" level=info msg="Resolving include SPI.h for arch esp32"
time="2026-02-17T18:03:16Z" level=info msg="  found better lib" lib=SPI prio=6B0
2026-02-17 18:03:18 2026-02-17T18:03:18.059Z root INFO Executing 'arduino.languageserver.notifyBuildDidComplete' with "file:///home/shrek/.cache/arduino/sketches/FB6648527B1B1B98C4A68E0AD1EDF978"
2026-02-17 18:03:18 2026-02-17T18:03:18.091Z daemon INFO time="2026-02-17T18:03:18Z" level=info msg="Tool required for debug" tool="arduino:dfu-util@0.11.0-arduino5"
time="2026-02-17T18:03:18Z" level=info msg="Tool required for debug" tool="esp32:esp-rv32@2511"
2026-02-17 18:03:18 2026-02-17T18:03:18.091Z daemon INFO time="2026-02-17T18:03:18Z" level=info msg="Tool required for debug" tool="esp32:esp-x32@2511"
time="2026-02-17T18:03:18Z" level=info msg="Tool required for debug" tool="esp32:esp32-libs@3.3.6"
time="2026-02-17T18:03:18Z" level=info msg="Tool required for debug" tool="esp32:esp32c3-libs@3.3.6"
time="2026-02-17T18:03:18Z" level=info msg="Tool required for debug" tool="esp32:esp32c5-libs@3.3.6"
time="2026-02-17T18:03:18Z" level=info msg="Tool required for debug" tool="esp32:esp32c6-libs@3.3.6"
time="2026-02-17T18:03:18Z" level=info msg="Tool required for debug" tool="esp32:esp32h2-libs@3.3.6"
time="2026-02-17T18:03:18Z" level=info msg="Tool required for debug" tool="esp32:esp32p4-libs@3.3.6"
time="2026-02-17T18:03:18Z" level=info msg="Tool required for debug" tool="esp32:esp32p4_es-libs@3.3.6"
time="2026-02-17T18:03:18Z" level=info msg="Tool required for debug" tool="esp32:esp32s2-libs@3.3.6"
time="2026-02-17T18:03:18Z" level=info msg="Tool required for debug" tool="esp32:esp32s3-libs@3.3.6"
time="2026-02-17T18:03:18Z" level=info msg="Tool required for debug" tool="esp32:esptool_py@5.1.0"
2026-02-17 18:03:18 2026-02-17T18:03:18.091Z daemon INFO time="2026-02-17T18:03:18Z" level=info msg="Tool required for debug" tool="esp32:mklittlefs@4.0.2-db0513a"
time="2026-02-17T18:03:18Z" level=info msg="Tool required for debug" tool="esp32:mkspiffs@0.2.3"
time="2026-02-17T18:03:18Z" level=info msg="Tool required for debug" tool="esp32:openocd-esp32@v0.12.0-esp32-20251215"
time="2026-02-17T18:03:18Z" level=info msg="Tool required for debug" tool="esp32:riscv32-esp-elf-gdb@16.3_20250913"
time="2026-02-17T18:03:18Z" level=info msg="Tool required for debug" tool="esp32:xtensa-esp-elf-gdb@16.3_20250913"
time="2026-02-17T18:03:18Z" level=info msg="Tool required for debug" tool="builtin:dfu-discovery@0.1.2"
2026-02-17 18:03:18 2026-02-17T18:03:18.091Z daemon INFO time="2026-02-17T18:03:18Z" level=info msg="Tool required for debug" tool="arduino:avrdude@8.0.0-arduino1"
time="2026-02-17T18:03:18Z" level=info msg="Tool required for debug" tool="builtin:serial-monitor@0.15.0"
time="2026-02-17T18:03:18Z" level=info msg="Tool required for debug" tool="arduino:avr-gcc@7.3.0-atmel3.6.1-arduino7"
time="2026-02-17T18:03:18Z" level=info msg="Tool required for debug" tool="builtin:mdns-discovery@1.0.12"
2026-02-17 18:03:18 2026-02-17T18:03:18.091Z daemon INFO time="2026-02-17T18:03:18Z" level=info msg="Tool required for debug" tool="builtin:serial-discovery@1.4.3"
time="2026-02-17T18:03:18Z" level=info msg="Tool required for debug" tool="esp8266:python3@3.7.2-post1"
2026-02-17 18:03:18 2026-02-17T18:03:18.091Z daemon INFO time="2026-02-17T18:03:18Z" level=info msg="Tool required for debug" tool="builtin:ctags@5.8-arduino11"
2026-02-17 18:03:18 2026-02-17T18:03:18.091Z daemon INFO time="2026-02-17T18:03:18Z" level=info msg="Tool required for debug" tool="esp8266:xtensa-lx106-elf-gcc@3.1.0-gcc10.3-e5f9fec"
time="2026-02-17T18:03:18Z" level=info msg="Tool required for debug" tool="arduino:arduinoOTA@1.3.0"
2026-02-17 18:03:18 2026-02-17T18:03:18.092Z daemon INFO time="2026-02-17T18:03:18Z" level=info msg="Tool required for debug" tool="arduino:dfu-util@0.11.0-arduino5"
time="2026-02-17T18:03:18Z" level=info msg="Tool required for debug" tool="esp32:esp-rv32@2511"
2026-02-17 18:03:18 2026-02-17T18:03:18.092Z daemon INFO time="2026-02-17T18:03:18Z" level=info msg="Tool required for debug" tool="esp32:esp-x32@2511"
time="2026-02-17T18:03:18Z" level=info msg="Tool required for debug" tool="esp32:esp32-libs@3.3.6"
time="2026-02-17T18:03:18Z" level=info msg="Tool required for debug" tool="esp32:esp32c3-libs@3.3.6"
time="2026-02-17T18:03:18Z" level=info msg="Tool required for debug" tool="esp32:esp32c5-libs@3.3.6"
2026-02-17 18:03:18 2026-02-17T18:03:18.092Z daemon INFO time="2026-02-17T18:03:18Z" level=info msg="Tool required for debug" tool="esp32:esp32c6-libs@3.3.6"
time="2026-02-17T18:03:18Z" level=info msg="Tool required for debug" tool="esp32:esp32h2-libs@3.3.6"
time="2026-02-17T18:03:18Z" level=info msg="Tool required for debug" tool="esp32:esp32p4-libs@3.3.6"
2026-02-17 18:03:18 2026-02-17T18:03:18.092Z daemon INFO time="2026-02-17T18:03:18Z" level=info msg="Tool required for debug" tool="esp32:esp32p4_es-libs@3.3.6"
time="2026-02-17T18:03:18Z" level=info msg="Tool required for debug" tool="esp32:esp32s2-libs@3.3.6"
2026-02-17 18:03:18 2026-02-17T18:03:18.092Z daemon INFO time="2026-02-17T18:03:18Z" level=info msg="Tool required for debug" tool="esp32:esp32s3-libs@3.3.6"
time="2026-02-17T18:03:18Z" level=info msg="Tool required for debug" tool="esp32:esptool_py@5.1.0"
time="2026-02-17T18:03:18Z" level=info msg="Tool required for debug" tool="esp32:mklittlefs@4.0.2-db0513a"
2026-02-17 18:03:18 2026-02-17T18:03:18.092Z daemon INFO time="2026-02-17T18:03:18Z" level=info msg="Tool required for debug" tool="esp32:mkspiffs@0.2.3"
time="2026-02-17T18:03:18Z" level=info msg="Tool required for debug" tool="esp32:openocd-esp32@v0.12.0-esp32-20251215"
2026-02-17 18:03:18 2026-02-17T18:03:18.092Z daemon INFO time="2026-02-17T18:03:18Z" level=info msg="Tool required for debug" tool="esp32:riscv32-esp-elf-gdb@16.3_20250913"
time="2026-02-17T18:03:18Z" level=info msg="Tool required for debug" tool="esp32:xtensa-esp-elf-gdb@16.3_20250913"
time="2026-02-17T18:03:18Z" level=info msg="Tool required for debug" tool="arduino:avrdude@8.0.0-arduino1"
2026-02-17 18:03:18 2026-02-17T18:03:18.092Z daemon INFO time="2026-02-17T18:03:18Z" level=info msg="Tool required for debug" tool="builtin:serial-discovery@1.4.3"
2026-02-17 18:03:18 2026-02-17T18:03:18.092Z daemon INFO time="2026-02-17T18:03:18Z" level=info msg="Tool required for debug" tool="esp8266:xtensa-lx106-elf-gcc@3.1.0-gcc10.3-e5f9fec"
time="2026-02-17T18:03:18Z" level=info msg="Tool required for debug" tool="builtin:dfu-discovery@0.1.2"
2026-02-17 18:03:18 2026-02-17T18:03:18.092Z daemon INFO time="2026-02-17T18:03:18Z" level=info msg="Tool required for debug" tool="arduino:avr-gcc@7.3.0-atmel3.6.1-arduino7"
time="2026-02-17T18:03:18Z" level=info msg="Tool required for debug" tool="esp8266:python3@3.7.2-post1"
2026-02-17 18:03:18 2026-02-17T18:03:18.092Z daemon INFO time="2026-02-17T18:03:18Z" level=info msg="Tool required for debug" tool="arduino:arduinoOTA@1.3.0"
time="2026-02-17T18:03:18Z" level=info msg="Tool required for debug" tool="builtin:ctags@5.8-arduino11"
2026-02-17 18:03:18 2026-02-17T18:03:18.092Z daemon INFO time="2026-02-17T18:03:18Z" level=info msg="Tool required for debug" tool="builtin:mdns-discovery@1.0.12"
time="2026-02-17T18:03:18Z" level=info msg="Tool required for debug" tool="builtin:serial-monitor@0.15.0"
2026-02-17 18:03:18 2026-02-17T18:03:18.094Z daemon INFO time="2026-02-17T18:03:18Z" level=info msg="Tool required for debug" tool="arduino:dfu-util@0.11.0-arduino5"
time="2026-02-17T18:03:18Z" level=info msg="Tool required for debug" tool="esp32:esp-rv32@2511"
2026-02-17 18:03:18 2026-02-17T18:03:18.094Z daemon INFO time="2026-02-17T18:03:18Z" level=info msg="Tool required for debug" tool="esp32:esp-x32@2511"
time="2026-02-17T18:03:18Z" level=info msg="Tool required for debug" tool="esp32:esp32-libs@3.3.6"
time="2026-02-17T18:03:18Z" level=info msg="Tool required for debug" tool="esp32:esp32c3-libs@3.3.6"
time="2026-02-17T18:03:18Z" level=info msg="Tool required for debug" tool="esp32:esp32c5-libs@3.3.6"
2026-02-17 18:03:18 2026-02-17T18:03:18.094Z daemon INFO time="2026-02-17T18:03:18Z" level=info msg="Tool required for debug" tool="esp32:esp32c6-libs@3.3.6"
time="2026-02-17T18:03:18Z" level=info msg="Tool required for debug" tool="esp32:esp32h2-libs@3.3.6"
time="2026-02-17T18:03:18Z" level=info msg="Tool required for debug" tool="esp32:esp32p4-libs@3.3.6"
2026-02-17 18:03:18 2026-02-17T18:03:18.094Z daemon INFO time="2026-02-17T18:03:18Z" level=info msg="Tool required for debug" tool="esp32:esp32p4_es-libs@3.3.6"
time="2026-02-17T18:03:18Z" level=info msg="Tool required for debug" tool="esp32:esp32s2-libs@3.3.6"
2026-02-17 18:03:18 2026-02-17T18:03:18.094Z daemon INFO time="2026-02-17T18:03:18Z" level=info msg="Tool required for debug" tool="esp32:esp32s3-libs@3.3.6"
time="2026-02-17T18:03:18Z" level=info msg="Tool required for debug" tool="esp32:esptool_py@5.1.0"
2026-02-17 18:03:18 2026-02-17T18:03:18.094Z daemon INFO time="2026-02-17T18:03:18Z" level=info msg="Tool required for debug" tool="esp32:mklittlefs@4.0.2-db0513a"
time="2026-02-17T18:03:18Z" level=info msg="Tool required for debug" tool="esp32:mkspiffs@0.2.3"
time="2026-02-17T18:03:18Z" level=info msg="Tool required for debug" tool="esp32:openocd-esp32@v0.12.0-esp32-20251215"
2026-02-17 18:03:18 2026-02-17T18:03:18.094Z daemon INFO time="2026-02-17T18:03:18Z" level=info msg="Tool required for debug" tool="esp32:riscv32-esp-elf-gdb@16.3_20250913"
time="2026-02-17T18:03:18Z" level=info msg="Tool required for debug" tool="esp32:xtensa-esp-elf-gdb@16.3_20250913"
2026-02-17 18:03:18 2026-02-17T18:03:18.094Z daemon INFO time="2026-02-17T18:03:18Z" level=info msg="Tool required for debug" tool="arduino:arduinoOTA@1.3.0"
time="2026-02-17T18:03:18Z" level=info msg="Tool required for debug" tool="arduino:avr-gcc@7.3.0-atmel3.6.1-arduino7"
time="2026-02-17T18:03:18Z" level=info msg="Tool required for debug" tool="arduino:avrdude@8.0.0-arduino1"
2026-02-17 18:03:18 2026-02-17T18:03:18.094Z daemon INFO time="2026-02-17T18:03:18Z" level=info msg="Tool required for debug" tool="builtin:serial-discovery@1.4.3"
2026-02-17 18:03:18 2026-02-17T18:03:18.094Z daemon INFO time="2026-02-17T18:03:18Z" level=info msg="Tool required for debug" tool="builtin:ctags@5.8-arduino11"
time="2026-02-17T18:03:18Z" level=info msg="Tool required for debug" tool="builtin:dfu-discovery@0.1.2"
2026-02-17 18:03:18 2026-02-17T18:03:18.094Z daemon INFO time="2026-02-17T18:03:18Z" level=info msg="Tool required for debug" tool="esp8266:xtensa-lx106-elf-gcc@3.1.0-gcc10.3-e5f9fec"
2026-02-17 18:03:18 2026-02-17T18:03:18.094Z daemon INFO time="2026-02-17T18:03:18Z" level=info msg="Tool required for debug" tool="builtin:mdns-discovery@1.0.12"
time="2026-02-17T18:03:18Z" level=info msg="Tool required for debug" tool="builtin:serial-monitor@0.15.0"
2026-02-17 18:03:18 2026-02-17T18:03:18.094Z daemon INFO time="2026-02-17T18:03:18Z" level=info msg="Tool required for debug" tool="esp8266:python3@3.7.2-post1"
2026-02-17 18:03:18 2026-02-17T18:03:18.095Z daemon INFO time="2026-02-17T18:03:18Z" level=info msg="Tool required for debug" tool="arduino:dfu-util@0.11.0-arduino5"
time="2026-02-17T18:03:18Z" level=info msg="Tool required for debug" tool="esp32:esp-rv32@2511"
2026-02-17 18:03:18 2026-02-17T18:03:18.095Z daemon INFO time="2026-02-17T18:03:18Z" level=info msg="Tool required for debug" tool="esp32:esp-x32@2511"
time="2026-02-17T18:03:18Z" level=info msg="Tool required for debug" tool="esp32:esp32-libs@3.3.6"
time="2026-02-17T18:03:18Z" level=info msg="Tool required for debug" tool="esp32:esp32c3-libs@3.3.6"
2026-02-17 18:03:18 2026-02-17T18:03:18.095Z daemon INFO time="2026-02-17T18:03:18Z" level=info msg="Tool required for debug" tool="esp32:esp32c5-libs@3.3.6"
time="2026-02-17T18:03:18Z" level=info msg="Tool required for debug" tool="esp32:esp32c6-libs@3.3.6"
time="2026-02-17T18:03:18Z" level=info msg="Tool required for debug" tool="esp32:esp32h2-libs@3.3.6"
2026-02-17 18:03:18 2026-02-17T18:03:18.095Z daemon INFO time="2026-02-17T18:03:18Z" level=info msg="Tool required for debug" tool="esp32:esp32p4-libs@3.3.6"
time="2026-02-17T18:03:18Z" level=info msg="Tool required for debug" tool="esp32:esp32p4_es-libs@3.3.6"
time="2026-02-17T18:03:18Z" level=info msg="Tool required for debug" tool="esp32:esp32s2-libs@3.3.6"
2026-02-17 18:03:18 2026-02-17T18:03:18.095Z daemon INFO time="2026-02-17T18:03:18Z" level=info msg="Tool required for debug" tool="esp32:esp32s3-libs@3.3.6"
time="2026-02-17T18:03:18Z" level=info msg="Tool required for debug" tool="esp32:esptool_py@5.1.0"
2026-02-17 18:03:18 2026-02-17T18:03:18.095Z daemon INFO time="2026-02-17T18:03:18Z" level=info msg="Tool required for debug" tool="esp32:mklittlefs@4.0.2-db0513a"
time="2026-02-17T18:03:18Z" level=info msg="Tool required for debug" tool="esp32:mkspiffs@0.2.3"
2026-02-17 18:03:18 2026-02-17T18:03:18.095Z daemon INFO time="2026-02-17T18:03:18Z" level=info msg="Tool required for debug" tool="esp32:openocd-esp32@v0.12.0-esp32-20251215"
time="2026-02-17T18:03:18Z" level=info msg="Tool required for debug" tool="esp32:riscv32-esp-elf-gdb@16.3_20250913"
time="2026-02-17T18:03:18Z" level=info msg="Tool required for debug" tool="esp32:xtensa-esp-elf-gdb@16.3_20250913"
2026-02-17 18:03:18 2026-02-17T18:03:18.095Z daemon INFO time="2026-02-17T18:03:18Z" level=info msg="Tool required for debug" tool="arduino:avr-gcc@7.3.0-atmel3.6.1-arduino7"
time="2026-02-17T18:03:18Z" level=info msg="Tool required for debug" tool="builtin:ctags@5.8-arduino11"
2026-02-17 18:03:18 2026-02-17T18:03:18.095Z daemon INFO time="2026-02-17T18:03:18Z" level=info msg="Tool required for debug" tool="builtin:dfu-discovery@0.1.2"
time="2026-02-17T18:03:18Z" level=info msg="Tool required for debug" tool="builtin:serial-monitor@0.15.0"
2026-02-17 18:03:18 2026-02-17T18:03:18.095Z daemon INFO time="2026-02-17T18:03:18Z" level=info msg="Tool required for debug" tool="esp8266:python3@3.7.2-post1"
2026-02-17 18:03:18 2026-02-17T18:03:18.095Z daemon INFO time="2026-02-17T18:03:18Z" level=info msg="Tool required for debug" tool="arduino:arduinoOTA@1.3.0"
time="2026-02-17T18:03:18Z" level=info msg="Tool required for debug" tool="esp8266:xtensa-lx106-elf-gcc@3.1.0-gcc10.3-e5f9fec"
time="2026-02-17T18:03:18Z" level=info msg="Tool required for debug" tool="arduino:avrdude@8.0.0-arduino1"
2026-02-17 18:03:18 2026-02-17T18:03:18.095Z daemon INFO time="2026-02-17T18:03:18Z" level=info msg="Tool required for debug" tool="builtin:mdns-discovery@1.0.12"
2026-02-17 18:03:18 2026-02-17T18:03:18.095Z daemon INFO time="2026-02-17T18:03:18Z" level=info msg="Tool required for debug" tool="builtin:serial-discovery@1.4.3"
2026-02-17 18:03:18 2026-02-17T18:03:18.097Z daemon INFO time="2026-02-17T18:03:18Z" level=info msg="Tool required for debug" tool="arduino:dfu-util@0.11.0-arduino5"
time="2026-02-17T18:03:18Z" level=info msg="Tool required for debug" tool="esp32:esp-rv32@2511"
2026-02-17 18:03:18 2026-02-17T18:03:18.097Z daemon INFO time="2026-02-17T18:03:18Z" level=info msg="Tool required for debug" tool="esp32:esp-x32@2511"
time="2026-02-17T18:03:18Z" level=info msg="Tool required for debug" tool="esp32:esp32-libs@3.3.6"
time="2026-02-17T18:03:18Z" level=info msg="Tool required for debug" tool="esp32:esp32c3-libs@3.3.6"
time="2026-02-17T18:03:18Z" level=info msg="Tool required for debug" tool="esp32:esp32c5-libs@3.3.6"
2026-02-17 18:03:18 2026-02-17T18:03:18.097Z daemon INFO time="2026-02-17T18:03:18Z" level=info msg="Tool required for debug" tool="esp32:esp32c6-libs@3.3.6"
time="2026-02-17T18:03:18Z" level=info msg="Tool required for debug" tool="esp32:esp32h2-libs@3.3.6"
2026-02-17 18:03:18 2026-02-17T18:03:18.097Z daemon INFO time="2026-02-17T18:03:18Z" level=info msg="Tool required for debug" tool="esp32:esp32p4-libs@3.3.6"
time="2026-02-17T18:03:18Z" level=info msg="Tool required for debug" tool="esp32:esp32p4_es-libs@3.3.6"
2026-02-17 18:03:18 2026-02-17T18:03:18.097Z daemon INFO time="2026-02-17T18:03:18Z" level=info msg="Tool required for debug" tool="esp32:esp32s2-libs@3.3.6"
time="2026-02-17T18:03:18Z" level=info msg="Tool required for debug" tool="esp32:esp32s3-libs@3.3.6"
time="2026-02-17T18:03:18Z" level=info msg="Tool required for debug" tool="esp32:esptool_py@5.1.0"
time="2026-02-17T18:03:18Z" level=info msg="Tool required for debug" tool="esp32:mklittlefs@4.0.2-db0513a"
2026-02-17 18:03:18 2026-02-17T18:03:18.097Z daemon INFO time="2026-02-17T18:03:18Z" level=info msg="Tool required for debug" tool="esp32:mkspiffs@0.2.3"
time="2026-02-17T18:03:18Z" level=info msg="Tool required for debug" tool="esp32:openocd-esp32@v0.12.0-esp32-20251215"
time="2026-02-17T18:03:18Z" level=info msg="Tool required for debug" tool="esp32:riscv32-esp-elf-gdb@16.3_20250913"
time="2026-02-17T18:03:18Z" level=info msg="Tool required for debug" tool="esp32:xtensa-esp-elf-gdb@16.3_20250913"
time="2026-02-17T18:03:18Z" level=info msg="Tool required for debug" tool="esp8266:python3@3.7.2-post1"
time="2026-02-17T18:03:18Z" level=info msg="Tool required for debug" tool="esp8266:xtensa-lx106-elf-gcc@3.1.0-gcc10.3-e5f9fec"
time="2026-02-17T18:03:18Z" level=info msg="Tool required for debug" tool="builtin:serial-discovery@1.4.3"
time="2026-02-17T18:03:18Z" level=info msg="Tool required for debug" tool="builtin:serial-monitor@0.15.0"
time="2026-02-17T18:03:18Z" level=info msg="Tool required for debug" tool="arduino:arduinoOTA@1.3.0"
time="2026-02-17T18:03:18Z" level=info msg="Tool required for debug" tool="builtin:mdns-discovery@1.0.12"
time="2026-02-17T18:03:18Z" level=info msg="Tool required for debug" tool="arduino:avrdude@8.0.0-arduino1"
time="2026-02-17T18:03:18Z" level=info msg="Tool required for debug" tool="builtin:ctags@5.8-arduino11"
time="2026-02-17T18:03:18Z" level=info msg="Tool required for debug" tool="arduino:avr-gcc@7.3.0-atmel3.6.1-arduino7"
time="2026-02-17T18:03:18Z" level=info msg="Tool required for debug" tool="builtin:dfu-discovery@0.1.2"
2026-02-17 18:03:18 2026-02-17T18:03:18.098Z daemon INFO time="2026-02-17T18:03:18Z" level=info msg="Tool required for debug" tool="arduino:dfu-util@0.11.0-arduino5"
time="2026-02-17T18:03:18Z" level=info msg="Tool required for debug" tool="esp32:esp-rv32@2511"
2026-02-17 18:03:18 2026-02-17T18:03:18.098Z daemon INFO time="2026-02-17T18:03:18Z" level=info msg="Tool required for debug" tool="esp32:esp-x32@2511"
time="2026-02-17T18:03:18Z" level=info msg="Tool required for debug" tool="esp32:esp32-libs@3.3.6"
time="2026-02-17T18:03:18Z" level=info msg="Tool required for debug" tool="esp32:esp32c3-libs@3.3.6"
time="2026-02-17T18:03:18Z" level=info msg="Tool required for debug" tool="esp32:esp32c5-libs@3.3.6"
time="2026-02-17T18:03:18Z" level=info msg="Tool required for debug" tool="esp32:esp32c6-libs@3.3.6"
time="2026-02-17T18:03:18Z" level=info msg="Tool required for debug" tool="esp32:esp32h2-libs@3.3.6"
2026-02-17 18:03:18 2026-02-17T18:03:18.098Z daemon INFO time="2026-02-17T18:03:18Z" level=info msg="Tool required for debug" tool="esp32:esp32p4-libs@3.3.6"
time="2026-02-17T18:03:18Z" level=info msg="Tool required for debug" tool="esp32:esp32p4_es-libs@3.3.6"
time="2026-02-17T18:03:18Z" level=info msg="Tool required for debug" tool="esp32:esp32s2-libs@3.3.6"
time="2026-02-17T18:03:18Z" level=info msg="Tool required for debug" tool="esp32:esp32s3-libs@3.3.6"
time="2026-02-17T18:03:18Z" level=info msg="Tool required for debug" tool="esp32:esptool_py@5.1.0"
time="2026-02-17T18:03:18Z" level=info msg="Tool required for debug" tool="esp32:mklittlefs@4.0.2-db0513a"
2026-02-17 18:03:18 2026-02-17T18:03:18.098Z daemon INFO time="2026-02-17T18:03:18Z" level=info msg="Tool required for debug" tool="esp32:mkspiffs@0.2.3"
time="2026-02-17T18:03:18Z" level=info msg="Tool required for debug" tool="esp32:openocd-esp32@v0.12.0-esp32-20251215"
time="2026-02-17T18:03:18Z" level=info msg="Tool required for debug" tool="esp32:riscv32-esp-elf-gdb@16.3_20250913"
time="2026-02-17T18:03:18Z" level=info msg="Tool required for debug" tool="esp32:xtensa-esp-elf-gdb@16.3_20250913"
time="2026-02-17T18:03:18Z" level=info msg="Tool required for debug" tool="arduino:arduinoOTA@1.3.0"
time="2026-02-17T18:03:18Z" level=info msg="Tool required for debug" tool="arduino:avr-gcc@7.3.0-atmel3.6.1-arduino7"
2026-02-17 18:03:18 2026-02-17T18:03:18.098Z daemon INFO time="2026-02-17T18:03:18Z" level=info msg="Tool required for debug" tool="esp8266:xtensa-lx106-elf-gcc@3.1.0-gcc10.3-e5f9fec"
time="2026-02-17T18:03:18Z" level=info msg="Tool required for debug" tool="arduino:avrdude@8.0.0-arduino1"
time="2026-02-17T18:03:18Z" level=info msg="Tool required for debug" tool="esp8266:python3@3.7.2-post1"
2026-02-17 18:03:18 2026-02-17T18:03:18.098Z daemon INFO time="2026-02-17T18:03:18Z" level=info msg="Tool required for debug" tool="builtin:ctags@5.8-arduino11"
2026-02-17 18:03:18 2026-02-17T18:03:18.098Z daemon INFO time="2026-02-17T18:03:18Z" level=info msg="Tool required for debug" tool="builtin:dfu-discovery@0.1.2"
time="2026-02-17T18:03:18Z" level=info msg="Tool required for debug" tool="builtin:mdns-discovery@1.0.12"
2026-02-17 18:03:18 2026-02-17T18:03:18.098Z daemon INFO time="2026-02-17T18:03:18Z" level=info msg="Tool required for debug" tool="builtin:serial-monitor@0.15.0"
2026-02-17 18:03:18 2026-02-17T18:03:18.098Z daemon INFO time="2026-02-17T18:03:18Z" level=info msg="Tool required for debug" tool="builtin:serial-discovery@1.4.3"
2026-02-17 18:03:18 2026-02-17T18:03:18.100Z daemon INFO time="2026-02-17T18:03:18Z" level=info msg="Tool required for debug" tool="arduino:dfu-util@0.11.0-arduino5"
time="2026-02-17T18:03:18Z" level=info msg="Tool required for debug" tool="esp32:esp-rv32@2511"
2026-02-17 18:03:18 2026-02-17T18:03:18.100Z daemon INFO time="2026-02-17T18:03:18Z" level=info msg="Tool required for debug" tool="esp32:esp-x32@2511"
time="2026-02-17T18:03:18Z" level=info msg="Tool required for debug" tool="esp32:esp32-libs@3.3.6"
time="2026-02-17T18:03:18Z" level=info msg="Tool required for debug" tool="esp32:esp32c3-libs@3.3.6"
time="2026-02-17T18:03:18Z" level=info msg="Tool required for debug" tool="esp32:esp32c5-libs@3.3.6"
2026-02-17 18:03:18 2026-02-17T18:03:18.100Z daemon INFO time="2026-02-17T18:03:18Z" level=info msg="Tool required for debug" tool="esp32:esp32c6-libs@3.3.6"
2026-02-17 18:03:18 2026-02-17T18:03:18.100Z daemon INFO time="2026-02-17T18:03:18Z" level=info msg="Tool required for debug" tool="esp32:esp32h2-libs@3.3.6"
time="2026-02-17T18:03:18Z" level=info msg="Tool required for debug" tool="esp32:esp32p4-libs@3.3.6"
time="2026-02-17T18:03:18Z" level=info msg="Tool required for debug" tool="esp32:esp32p4_es-libs@3.3.6"
2026-02-17 18:03:18 2026-02-17T18:03:18.100Z daemon INFO time="2026-02-17T18:03:18Z" level=info msg="Tool required for debug" tool="esp32:esp32s2-libs@3.3.6"
2026-02-17 18:03:18 2026-02-17T18:03:18.100Z daemon INFO time="2026-02-17T18:03:18Z" level=info msg="Tool required for debug" tool="esp32:esp32s3-libs@3.3.6"
2026-02-17 18:03:18 2026-02-17T18:03:18.100Z daemon INFO time="2026-02-17T18:03:18Z" level=info msg="Tool required for debug" tool="esp32:esptool_py@5.1.0"
time="2026-02-17T18:03:18Z" level=info msg="Tool required for debug" tool="esp32:mklittlefs@4.0.2-db0513a"
2026-02-17 18:03:18 2026-02-17T18:03:18.100Z daemon INFO time="2026-02-17T18:03:18Z" level=info msg="Tool required for debug" tool="esp32:mkspiffs@0.2.3"
2026-02-17 18:03:18 2026-02-17T18:03:18.100Z daemon INFO time="2026-02-17T18:03:18Z" level=info msg="Tool required for debug" tool="esp32:openocd-esp32@v0.12.0-esp32-20251215"
time="2026-02-17T18:03:18Z" level=info msg="Tool required for debug" tool="esp32:riscv32-esp-elf-gdb@16.3_20250913"
2026-02-17 18:03:18 2026-02-17T18:03:18.100Z daemon INFO time="2026-02-17T18:03:18Z" level=info msg="Tool required for debug" tool="esp32:xtensa-esp-elf-gdb@16.3_20250913"
time="2026-02-17T18:03:18Z" level=info msg="Tool required for debug" tool="builtin:dfu-discovery@0.1.2"
2026-02-17 18:03:18 2026-02-17T18:03:18.100Z daemon INFO time="2026-02-17T18:03:18Z" level=info msg="Tool required for debug" tool="esp8266:xtensa-lx106-elf-gcc@3.1.0-gcc10.3-e5f9fec"
2026-02-17 18:03:18 2026-02-17T18:03:18.100Z daemon INFO time="2026-02-17T18:03:18Z" level=info msg="Tool required for debug" tool="esp8266:python3@3.7.2-post1"
time="2026-02-17T18:03:18Z" level=info msg="Tool required for debug" tool="arduino:avrdude@8.0.0-arduino1"
time="2026-02-17T18:03:18Z" level=info msg="Tool required for debug" tool="arduino:arduinoOTA@1.3.0"
time="2026-02-17T18:03:18Z" level=info msg="Tool required for debug" tool="builtin:mdns-discovery@1.0.12"
2026-02-17 18:03:18 2026-02-17T18:03:18.100Z daemon INFO time="2026-02-17T18:03:18Z" level=info msg="Tool required for debug" tool="builtin:serial-discovery@1.4.3"
time="2026-02-17T18:03:18Z" level=info msg="Tool required for debug" tool="builtin:serial-monitor@0.15.0"
2026-02-17 18:03:18 2026-02-17T18:03:18.100Z daemon INFO time="2026-02-17T18:03:18Z" level=info msg="Tool required for debug" tool="arduino:avr-gcc@7.3.0-atmel3.6.1-arduino7"
2026-02-17 18:03:18 2026-02-17T18:03:18.100Z daemon INFO time="2026-02-17T18:03:18Z" level=info msg="Tool required for debug" tool="builtin:ctags@5.8-arduino11"
2026-02-17 18:03:18 2026-02-17T18:03:18.101Z daemon INFO time="2026-02-17T18:03:18Z" level=info msg="Tool required for debug" tool="arduino:dfu-util@0.11.0-arduino5"
time="2026-02-17T18:03:18Z" level=info msg="Tool required for debug" tool="esp32:esp-rv32@2511"
2026-02-17 18:03:18 2026-02-17T18:03:18.101Z daemon INFO time="2026-02-17T18:03:18Z" level=info msg="Tool required for debug" tool="esp32:esp-x32@2511"
time="2026-02-17T18:03:18Z" level=info msg="Tool required for debug" tool="esp32:esp32-libs@3.3.6"
time="2026-02-17T18:03:18Z" level=info msg="Tool required for debug" tool="esp32:esp32c3-libs@3.3.6"
time="2026-02-17T18:03:18Z" level=info msg="Tool required for debug" tool="esp32:esp32c5-libs@3.3.6"
time="2026-02-17T18:03:18Z" level=info msg="Tool required for debug" tool="esp32:esp32c6-libs@3.3.6"
time="2026-02-17T18:03:18Z" level=info msg="Tool required for debug" tool="esp32:esp32h2-libs@3.3.6"
time="2026-02-17T18:03:18Z" level=info msg="Tool required for debug" tool="esp32:esp32p4-libs@3.3.6"
time="2026-02-17T18:03:18Z" level=info msg="Tool required for debug" tool="esp32:esp32p4_es-libs@3.3.6"
time="2026-02-17T18:03:18Z" level=info msg="Tool required for debug" tool="esp32:esp32s2-libs@3.3.6"
time="2026-02-17T18:03:18Z" level=info msg="Tool required for debug" tool="esp32:esp32s3-libs@3.3.6"
time="2026-02-17T18:03:18Z" level=info msg="Tool required for debug" tool="esp32:esptool_py@5.1.0"
time="2026-02-17T18:03:18Z" level=info msg="Tool required for debug" tool="esp32:mklittlefs@4.0.2-db0513a"
time="2026-02-17T18:03:18Z" level=info msg="Tool required for debug" tool="esp32:mkspiffs@0.2.3"
time="2026-02-17T18:03:18Z" level=info msg="Tool required for debug" tool="esp32:openocd-esp32@v0.12.0-esp32-20251215"
time="2026-02-17T18:03:18Z" level=info msg="Tool required for debug" tool="esp32:riscv32-esp-elf-gdb@16.3_20250913"
2026-02-17 18:03:18 2026-02-17T18:03:18.101Z daemon INFO time="2026-02-17T18:03:18Z" level=info msg="Tool required for debug" tool="esp32:xtensa-esp-elf-gdb@16.3_20250913"
time="2026-02-17T18:03:18Z" level=info msg="Tool required for debug" tool="esp8266:xtensa-lx106-elf-gcc@3.1.0-gcc10.3-e5f9fec"
time="2026-02-17T18:03:18Z" level=info msg="Tool required for debug" tool="builtin:serial-discovery@1.4.3"
time="2026-02-17T18:03:18Z" level=info msg="Tool required for debug" tool="esp8266:python3@3.7.2-post1"
2026-02-17 18:03:18 2026-02-17T18:03:18.101Z daemon INFO time="2026-02-17T18:03:18Z" level=info msg="Tool required for debug" tool="arduino:arduinoOTA@1.3.0"
time="2026-02-17T18:03:18Z" level=info msg="Tool required for debug" tool="arduino:avrdude@8.0.0-arduino1"
time="2026-02-17T18:03:18Z" level=info msg="Tool required for debug" tool="builtin:ctags@5.8-arduino11"
2026-02-17 18:03:18 2026-02-17T18:03:18.101Z daemon INFO time="2026-02-17T18:03:18Z" level=info msg="Tool required for debug" tool="arduino:avr-gcc@7.3.0-atmel3.6.1-arduino7"
time="2026-02-17T18:03:18Z" level=info msg="Tool required for debug" tool="builtin:mdns-discovery@1.0.12"
2026-02-17 18:03:18 2026-02-17T18:03:18.101Z daemon INFO time="2026-02-17T18:03:18Z" level=info msg="Tool required for debug" tool="builtin:serial-monitor@0.15.0"
2026-02-17 18:03:18 2026-02-17T18:03:18.101Z daemon INFO time="2026-02-17T18:03:18Z" level=info msg="Tool required for debug" tool="builtin:dfu-discovery@0.1.2"
2026-02-17 18:03:18 2026-02-17T18:03:18.102Z daemon INFO time="2026-02-17T18:03:18Z" level=info msg="Tool required for debug" tool="arduino:dfu-util@0.11.0-arduino5"
time="2026-02-17T18:03:18Z" level=info msg="Tool required for debug" tool="esp32:esp-rv32@2511"
2026-02-17 18:03:18 2026-02-17T18:03:18.102Z daemon INFO time="2026-02-17T18:03:18Z" level=info msg="Tool required for debug" tool="esp32:esp-x32@2511"
time="2026-02-17T18:03:18Z" level=info msg="Tool required for debug" tool="esp32:esp32-libs@3.3.6"
time="2026-02-17T18:03:18Z" level=info msg="Tool required for debug" tool="esp32:esp32c3-libs@3.3.6"
time="2026-02-17T18:03:18Z" level=info msg="Tool required for debug" tool="esp32:esp32c5-libs@3.3.6"
time="2026-02-17T18:03:18Z" level=info msg="Tool required for debug" tool="esp32:esp32c6-libs@3.3.6"
2026-02-17 18:03:18 2026-02-17T18:03:18.102Z daemon INFO time="2026-02-17T18:03:18Z" level=info msg="Tool required for debug" tool="esp32:esp32h2-libs@3.3.6"
time="2026-02-17T18:03:18Z" level=info msg="Tool required for debug" tool="esp32:esp32p4-libs@3.3.6"
time="2026-02-17T18:03:18Z" level=info msg="Tool required for debug" tool="esp32:esp32p4_es-libs@3.3.6"
time="2026-02-17T18:03:18Z" level=info msg="Tool required for debug" tool="esp32:esp32s2-libs@3.3.6"
2026-02-17 18:03:18 2026-02-17T18:03:18.102Z daemon INFO time="2026-02-17T18:03:18Z" level=info msg="Tool required for debug" tool="esp32:esp32s3-libs@3.3.6"
time="2026-02-17T18:03:18Z" level=info msg="Tool required for debug" tool="esp32:esptool_py@5.1.0"
time="2026-02-17T18:03:18Z" level=info msg="Tool required for debug" tool="esp32:mklittlefs@4.0.2-db0513a"
2026-02-17 18:03:18 2026-02-17T18:03:18.102Z daemon INFO time="2026-02-17T18:03:18Z" level=info msg="Tool required for debug" tool="esp32:mkspiffs@0.2.3"
time="2026-02-17T18:03:18Z" level=info msg="Tool required for debug" tool="esp32:openocd-esp32@v0.12.0-esp32-20251215"
time="2026-02-17T18:03:18Z" level=info msg="Tool required for debug" tool="esp32:riscv32-esp-elf-gdb@16.3_20250913"
2026-02-17 18:03:18 2026-02-17T18:03:18.102Z daemon INFO time="2026-02-17T18:03:18Z" level=info msg="Tool required for debug" tool="esp32:xtensa-esp-elf-gdb@16.3_20250913"
time="2026-02-17T18:03:18Z" level=info msg="Tool required for debug" tool="arduino:avrdude@8.0.0-arduino1"
2026-02-17 18:03:18 2026-02-17T18:03:18.102Z daemon INFO time="2026-02-17T18:03:18Z" level=info msg="Tool required for debug" tool="arduino:arduinoOTA@1.3.0"
time="2026-02-17T18:03:18Z" level=info msg="Tool required for debug" tool="arduino:avr-gcc@7.3.0-atmel3.6.1-arduino7"
time="2026-02-17T18:03:18Z" level=info msg="Tool required for debug" tool="builtin:mdns-discovery@1.0.12"
2026-02-17 18:03:18 2026-02-17T18:03:18.102Z daemon INFO time="2026-02-17T18:03:18Z" level=info msg="Tool required for debug" tool="esp8266:python3@3.7.2-post1"
time="2026-02-17T18:03:18Z" level=info msg="Tool required for debug" tool="builtin:serial-discovery@1.4.3"
time="2026-02-17T18:03:18Z" level=info msg="Tool required for debug" tool="builtin:dfu-discovery@0.1.2"
2026-02-17 18:03:18 2026-02-17T18:03:18.102Z daemon INFO time="2026-02-17T18:03:18Z" level=info msg="Tool required for debug" tool="esp8266:xtensa-lx106-elf-gcc@3.1.0-gcc10.3-e5f9fec"
time="2026-02-17T18:03:18Z" level=info msg="Tool required for debug" tool="builtin:serial-monitor@0.15.0"
2026-02-17 18:03:18 2026-02-17T18:03:18.103Z daemon INFO time="2026-02-17T18:03:18Z" level=info msg="Tool required for debug" tool="builtin:ctags@5.8-arduino11"
2026-02-17 18:03:18 2026-02-17T18:03:18.104Z daemon INFO time="2026-02-17T18:03:18Z" level=info msg="Tool required for debug" tool="arduino:dfu-util@0.11.0-arduino5"
time="2026-02-17T18:03:18Z" level=info msg="Tool required for debug" tool="esp32:esp-rv32@2511"
2026-02-17 18:03:18 2026-02-17T18:03:18.104Z daemon INFO time="2026-02-17T18:03:18Z" level=info msg="Tool required for debug" tool="esp32:esp-x32@2511"
time="2026-02-17T18:03:18Z" level=info msg="Tool required for debug" tool="esp32:esp32-libs@3.3.6"
time="2026-02-17T18:03:18Z" level=info msg="Tool required for debug" tool="esp32:esp32c3-libs@3.3.6"
time="2026-02-17T18:03:18Z" level=info msg="Tool required for debug" tool="esp32:esp32c5-libs@3.3.6"
time="2026-02-17T18:03:18Z" level=info msg="Tool required for debug" tool="esp32:esp32c6-libs@3.3.6"
time="2026-02-17T18:03:18Z" level=info msg="Tool required for debug" tool="esp32:esp32h2-libs@3.3.6"
2026-02-17 18:03:18 2026-02-17T18:03:18.104Z daemon INFO time="2026-02-17T18:03:18Z" level=info msg="Tool required for debug" tool="esp32:esp32p4-libs@3.3.6"
time="2026-02-17T18:03:18Z" level=info msg="Tool required for debug" tool="esp32:esp32p4_es-libs@3.3.6"
time="2026-02-17T18:03:18Z" level=info msg="Tool required for debug" tool="esp32:esp32s2-libs@3.3.6"
time="2026-02-17T18:03:18Z" level=info msg="Tool required for debug" tool="esp32:esp32s3-libs@3.3.6"
time="2026-02-17T18:03:18Z" level=info msg="Tool required for debug" tool="esp32:esptool_py@5.1.0"
2026-02-17 18:03:18 2026-02-17T18:03:18.104Z daemon INFO time="2026-02-17T18:03:18Z" level=info msg="Tool required for debug" tool="esp32:mklittlefs@4.0.2-db0513a"
time="2026-02-17T18:03:18Z" level=info msg="Tool required for debug" tool="esp32:mkspiffs@0.2.3"
time="2026-02-17T18:03:18Z" level=info msg="Tool required for debug" tool="esp32:openocd-esp32@v0.12.0-esp32-20251215"
time="2026-02-17T18:03:18Z" level=info msg="Tool required for debug" tool="esp32:riscv32-esp-elf-gdb@16.3_20250913"
2026-02-17 18:03:18 2026-02-17T18:03:18.104Z daemon INFO time="2026-02-17T18:03:18Z" level=info msg="Tool required for debug" tool="esp32:xtensa-esp-elf-gdb@16.3_20250913"
time="2026-02-17T18:03:18Z" level=info msg="Tool required for debug" tool="arduino:avrdude@8.0.0-arduino1"
time="2026-02-17T18:03:18Z" level=info msg="Tool required for debug" tool="builtin:serial-discovery@1.4.3"
2026-02-17 18:03:18 2026-02-17T18:03:18.104Z daemon INFO time="2026-02-17T18:03:18Z" level=info msg="Tool required for debug" tool="arduino:arduinoOTA@1.3.0"
time="2026-02-17T18:03:18Z" level=info msg="Tool required for debug" tool="builtin:dfu-discovery@0.1.2"
2026-02-17 18:03:18 2026-02-17T18:03:18.104Z daemon INFO time="2026-02-17T18:03:18Z" level=info msg="Tool required for debug" tool="builtin:mdns-discovery@1.0.12"
2026-02-17 18:03:18 2026-02-17T18:03:18.104Z daemon INFO time="2026-02-17T18:03:18Z" level=info msg="Tool required for debug" tool="builtin:serial-monitor@0.15.0"
2026-02-17 18:03:18 2026-02-17T18:03:18.104Z daemon INFO time="2026-02-17T18:03:18Z" level=info msg="Tool required for debug" tool="esp8266:python3@3.7.2-post1"
2026-02-17 18:03:18 2026-02-17T18:03:18.104Z daemon INFO time="2026-02-17T18:03:18Z" level=info msg="Tool required for debug" tool="esp8266:xtensa-lx106-elf-gcc@3.1.0-gcc10.3-e5f9fec"
time="2026-02-17T18:03:18Z" level=info msg="Tool required for debug" tool="arduino:avr-gcc@7.3.0-atmel3.6.1-arduino7"
2026-02-17 18:03:18 2026-02-17T18:03:18.104Z daemon INFO time="2026-02-17T18:03:18Z" level=info msg="Tool required for debug" tool="builtin:ctags@5.8-arduino11"
2026-02-17 18:03:18 2026-02-17T18:03:18.105Z daemon INFO time="2026-02-17T18:03:18Z" level=info msg="Tool required for debug" tool="arduino:dfu-util@0.11.0-arduino5"
time="2026-02-17T18:03:18Z" level=info msg="Tool required for debug" tool="esp32:esp-rv32@2511"
2026-02-17 18:03:18 2026-02-17T18:03:18.105Z daemon INFO time="2026-02-17T18:03:18Z" level=info msg="Tool required for debug" tool="esp32:esp-x32@2511"
time="2026-02-17T18:03:18Z" level=info msg="Tool required for debug" tool="esp32:esp32-libs@3.3.6"
time="2026-02-17T18:03:18Z" level=info msg="Tool required for debug" tool="esp32:esp32c3-libs@3.3.6"
time="2026-02-17T18:03:18Z" level=info msg="Tool required for debug" tool="esp32:esp32c5-libs@3.3.6"
time="2026-02-17T18:03:18Z" level=info msg="Tool required for debug" tool="esp32:esp32c6-libs@3.3.6"
time="2026-02-17T18:03:18Z" level=info msg="Tool required for debug" tool="esp32:esp32h2-libs@3.3.6"
time="2026-02-17T18:03:18Z" level=info msg="Tool required for debug" tool="esp32:esp32p4-libs@3.3.6"
time="2026-02-17T18:03:18Z" level=info msg="Tool required for debug" tool="esp32:esp32p4_es-libs@3.3.6"
2026-02-17 18:03:18 2026-02-17T18:03:18.105Z daemon INFO time="2026-02-17T18:03:18Z" level=info msg="Tool required for debug" tool="esp32:esp32s2-libs@3.3.6"
time="2026-02-17T18:03:18Z" level=info msg="Tool required for debug" tool="esp32:esp32s3-libs@3.3.6"
time="2026-02-17T18:03:18Z" level=info msg="Tool required for debug" tool="esp32:esptool_py@5.1.0"
time="2026-02-17T18:03:18Z" level=info msg="Tool required for debug" tool="esp32:mklittlefs@4.0.2-db0513a"
time="2026-02-17T18:03:18Z" level=info msg="Tool required for debug" tool="esp32:mkspiffs@0.2.3"
time="2026-02-17T18:03:18Z" level=info msg="Tool required for debug" tool="esp32:openocd-esp32@v0.12.0-esp32-20251215"
2026-02-17 18:03:18 2026-02-17T18:03:18.105Z daemon INFO time="2026-02-17T18:03:18Z" level=info msg="Tool required for debug" tool="esp32:riscv32-esp-elf-gdb@16.3_20250913"
time="2026-02-17T18:03:18Z" level=info msg="Tool required for debug" tool="esp32:xtensa-esp-elf-gdb@16.3_20250913"
time="2026-02-17T18:03:18Z" level=info msg="Tool required for debug" tool="arduino:avrdude@8.0.0-arduino1"
2026-02-17 18:03:18 2026-02-17T18:03:18.105Z daemon INFO time="2026-02-17T18:03:18Z" level=info msg="Tool required for debug" tool="builtin:dfu-discovery@0.1.2"
time="2026-02-17T18:03:18Z" level=info msg="Tool required for debug" tool="arduino:avr-gcc@7.3.0-atmel3.6.1-arduino7"
2026-02-17 18:03:18 2026-02-17T18:03:18.105Z daemon INFO time="2026-02-17T18:03:18Z" level=info msg="Tool required for debug" tool="builtin:serial-monitor@0.15.0"
time="2026-02-17T18:03:18Z" level=info msg="Tool required for debug" tool="esp8266:python3@3.7.2-post1"
time="2026-02-17T18:03:18Z" level=info msg="Tool required for debug" tool="esp8266:xtensa-lx106-elf-gcc@3.1.0-gcc10.3-e5f9fec"
2026-02-17 18:03:18 2026-02-17T18:03:18.105Z daemon INFO time="2026-02-17T18:03:18Z" level=info msg="Tool required for debug" tool="arduino:arduinoOTA@1.3.0"
time="2026-02-17T18:03:18Z" level=info msg="Tool required for debug" tool="builtin:ctags@5.8-arduino11"
time="2026-02-17T18:03:18Z" level=info msg="Tool required for debug" tool="builtin:mdns-discovery@1.0.12"
2026-02-17 18:03:18 2026-02-17T18:03:18.105Z daemon INFO time="2026-02-17T18:03:18Z" level=info msg="Tool required for debug" tool="builtin:serial-discovery@1.4.3"
2026-02-17 18:03:19 2026-02-17T18:03:19.065Z daemon INFO time="2026-02-17T18:03:19Z" level=info msg="Adding libraries dir" dir=/home/shrek/.arduino15/libraries isSingleLibrary=false location=ide
2026-02-17 18:03:19 2026-02-17T18:03:19.065Z daemon INFO time="2026-02-17T18:03:19Z" level=info msg="Adding libraries dir" dir=/home/shrek/.arduino15/packages/esp32/hardware/esp32/3.3.6/libraries isSingleLibrary=false location=platform
time="2026-02-17T18:03:19Z" level=info msg="Adding libraries dir" dir=/home/shrek/Arduino/libraries isSingleLibrary=false location=user
2026-02-17 18:03:26 2026-02-17T18:03:26.042Z daemon INFO time="2026-02-17T18:03:26Z" level=error msg="Upload port detection failed, watcher closed" task=port_detection
2026-02-17 18:03:26 2026-02-17T18:03:26.290Z discovery-log INFO {"eventType":"add","port":{"matchingBoardsList":[],"port":{"address":"/dev/ttyUSB0","label":"/dev/ttyUSB0","protocol":"serial","protocolLabel":"Serial Port (USB)","propertiesMap":[["pid","0x7523"],["serialNumber",""],["vid","0x1a86"]],"hardwareId":""}},"error":""}
2026-02-17 18:03:29 2026-02-17T18:03:29.251Z daemon INFO time="2026-02-17T18:03:29Z" level=info msg="Adding libraries dir" dir=/home/shrek/.arduino15/libraries isSingleLibrary=false location=ide
2026-02-17 18:03:29 2026-02-17T18:03:29.252Z daemon INFO time="2026-02-17T18:03:29Z" level=info msg="Adding libraries dir" dir=/home/shrek/.arduino15/packages/esp32/hardware/esp32/3.3.6/libraries isSingleLibrary=false location=platform
time="2026-02-17T18:03:29Z" level=info msg="Adding libraries dir" dir=/home/shrek/Arduino/libraries isSingleLibrary=false location=user
2026-02-17 18:03:29 2026-02-17T18:03:29.891Z daemon INFO time="2026-02-17T18:03:29Z" level=info msg="Resolving include Adafruit_SSD1306.h for arch esp32"
time="2026-02-17T18:03:29Z" level=info msg="  found better lib" lib="Adafruit SSD1306" prio=6A7
2026-02-17 18:03:29 2026-02-17T18:03:29.891Z daemon INFO time="2026-02-17T18:03:29Z" level=info msg="Resolving include Adafruit_GFX.h for arch esp32"
2026-02-17 18:03:29 2026-02-17T18:03:29.891Z daemon INFO time="2026-02-17T18:03:29Z" level=info msg="  found better lib" lib="Adafruit GFX Library" prio=517
2026-02-17 18:03:29 2026-02-17T18:03:29.893Z daemon INFO time="2026-02-17T18:03:29Z" level=info msg="Resolving include Adafruit_I2CDevice.h for arch esp32"
time="2026-02-17T18:03:29Z" level=info msg="  found better lib" lib="Adafruit BusIO" prio=3EB
2026-02-17 18:03:29 2026-02-17T18:03:29.894Z daemon INFO time="2026-02-17T18:03:29Z" level=info msg="Resolving include Wire.h for arch esp32"
time="2026-02-17T18:03:29Z" level=info msg="  found better lib" lib=Wire prio=6B0
2026-02-17 18:03:29 2026-02-17T18:03:29.901Z daemon INFO time="2026-02-17T18:03:29Z" level=info msg="Resolving include SPI.h for arch esp32"
time="2026-02-17T18:03:29Z" level=info msg="  found better lib" lib=SPI prio=6B0
2026-02-17 18:03:31 2026-02-17T18:03:31.627Z root INFO Executing 'arduino.languageserver.notifyBuildDidComplete' with "file:///home/shrek/.cache/arduino/sketches/FB6648527B1B1B98C4A68E0AD1EDF978"
2026-02-17 18:03:31 2026-02-17T18:03:31.656Z daemon INFO time="2026-02-17T18:03:31Z" level=info msg="Tool required for debug" tool="arduino:dfu-util@0.11.0-arduino5"
time="2026-02-17T18:03:31Z" level=info msg="Tool required for debug" tool="esp32:esp-rv32@2511"
2026-02-17 18:03:31 2026-02-17T18:03:31.656Z daemon INFO time="2026-02-17T18:03:31Z" level=info msg="Tool required for debug" tool="esp32:esp-x32@2511"
time="2026-02-17T18:03:31Z" level=info msg="Tool required for debug" tool="esp32:esp32-libs@3.3.6"
time="2026-02-17T18:03:31Z" level=info msg="Tool required for debug" tool="esp32:esp32c3-libs@3.3.6"
time="2026-02-17T18:03:31Z" level=info msg="Tool required for debug" tool="esp32:esp32c5-libs@3.3.6"
time="2026-02-17T18:03:31Z" level=info msg="Tool required for debug" tool="esp32:esp32c6-libs@3.3.6"
time="2026-02-17T18:03:31Z" level=info msg="Tool required for debug" tool="esp32:esp32h2-libs@3.3.6"
time="2026-02-17T18:03:31Z" level=info msg="Tool required for debug" tool="esp32:esp32p4-libs@3.3.6"
time="2026-02-17T18:03:31Z" level=info msg="Tool required for debug" tool="esp32:esp32p4_es-libs@3.3.6"
2026-02-17 18:03:31 2026-02-17T18:03:31.656Z daemon INFO time="2026-02-17T18:03:31Z" level=info msg="Tool required for debug" tool="esp32:esp32s2-libs@3.3.6"
time="2026-02-17T18:03:31Z" level=info msg="Tool required for debug" tool="esp32:esp32s3-libs@3.3.6"
2026-02-17 18:03:31 2026-02-17T18:03:31.656Z daemon INFO time="2026-02-17T18:03:31Z" level=info msg="Tool required for debug" tool="esp32:esptool_py@5.1.0"
time="2026-02-17T18:03:31Z" level=info msg="Tool required for debug" tool="esp32:mklittlefs@4.0.2-db0513a"
2026-02-17 18:03:31 2026-02-17T18:03:31.656Z daemon INFO time="2026-02-17T18:03:31Z" level=info msg="Tool required for debug" tool="esp32:mkspiffs@0.2.3"
2026-02-17 18:03:31 2026-02-17T18:03:31.656Z daemon INFO time="2026-02-17T18:03:31Z" level=info msg="Tool required for debug" tool="esp32:openocd-esp32@v0.12.0-esp32-20251215"
2026-02-17 18:03:31 2026-02-17T18:03:31.656Z daemon INFO time="2026-02-17T18:03:31Z" level=info msg="Tool required for debug" tool="esp32:riscv32-esp-elf-gdb@16.3_20250913"
2026-02-17 18:03:31 2026-02-17T18:03:31.656Z daemon INFO time="2026-02-17T18:03:31Z" level=info msg="Tool required for debug" tool="esp32:xtensa-esp-elf-gdb@16.3_20250913"
time="2026-02-17T18:03:31Z" level=info msg="Tool required for debug" tool="builtin:serial-discovery@1.4.3"
2026-02-17 18:03:31 2026-02-17T18:03:31.656Z daemon INFO time="2026-02-17T18:03:31Z" level=info msg="Tool required for debug" tool="builtin:dfu-discovery@0.1.2"
2026-02-17 18:03:31 2026-02-17T18:03:31.656Z daemon INFO time="2026-02-17T18:03:31Z" level=info msg="Tool required for debug" tool="builtin:mdns-discovery@1.0.12"
2026-02-17 18:03:31 2026-02-17T18:03:31.656Z daemon INFO time="2026-02-17T18:03:31Z" level=info msg="Tool required for debug" tool="arduino:avrdude@8.0.0-arduino1"
2026-02-17 18:03:31 2026-02-17T18:03:31.656Z daemon INFO time="2026-02-17T18:03:31Z" level=info msg="Tool required for debug" tool="builtin:ctags@5.8-arduino11"
2026-02-17 18:03:31 2026-02-17T18:03:31.656Z daemon INFO time="2026-02-17T18:03:31Z" level=info msg="Tool required for debug" tool="esp8266:xtensa-lx106-elf-gcc@3.1.0-gcc10.3-e5f9fec"
2026-02-17 18:03:31 2026-02-17T18:03:31.656Z daemon INFO time="2026-02-17T18:03:31Z" level=info msg="Tool required for debug" tool="arduino:avr-gcc@7.3.0-atmel3.6.1-arduino7"
2026-02-17 18:03:31 2026-02-17T18:03:31.656Z daemon INFO time="2026-02-17T18:03:31Z" level=info msg="Tool required for debug" tool="builtin:serial-monitor@0.15.0"
2026-02-17 18:03:31 2026-02-17T18:03:31.656Z daemon INFO time="2026-02-17T18:03:31Z" level=info msg="Tool required for debug" tool="esp8266:python3@3.7.2-post1"
2026-02-17 18:03:31 2026-02-17T18:03:31.656Z daemon INFO time="2026-02-17T18:03:31Z" level=info msg="Tool required for debug" tool="arduino:arduinoOTA@1.3.0"
2026-02-17 18:03:31 2026-02-17T18:03:31.657Z daemon INFO time="2026-02-17T18:03:31Z" level=info msg="Tool required for debug" tool="arduino:dfu-util@0.11.0-arduino5"
time="2026-02-17T18:03:31Z" level=info msg="Tool required for debug" tool="esp32:esp-rv32@2511"
2026-02-17 18:03:31 2026-02-17T18:03:31.657Z daemon INFO time="2026-02-17T18:03:31Z" level=info msg="Tool required for debug" tool="esp32:esp-x32@2511"
time="2026-02-17T18:03:31Z" level=info msg="Tool required for debug" tool="esp32:esp32-libs@3.3.6"
time="2026-02-17T18:03:31Z" level=info msg="Tool required for debug" tool="esp32:esp32c3-libs@3.3.6"
time="2026-02-17T18:03:31Z" level=info msg="Tool required for debug" tool="esp32:esp32c5-libs@3.3.6"
time="2026-02-17T18:03:31Z" level=info msg="Tool required for debug" tool="esp32:esp32c6-libs@3.3.6"
2026-02-17 18:03:31 2026-02-17T18:03:31.657Z daemon INFO time="2026-02-17T18:03:31Z" level=info msg="Tool required for debug" tool="esp32:esp32h2-libs@3.3.6"
time="2026-02-17T18:03:31Z" level=info msg="Tool required for debug" tool="esp32:esp32p4-libs@3.3.6"
time="2026-02-17T18:03:31Z" level=info msg="Tool required for debug" tool="esp32:esp32p4_es-libs@3.3.6"
time="2026-02-17T18:03:31Z" level=info msg="Tool required for debug" tool="esp32:esp32s2-libs@3.3.6"
2026-02-17 18:03:31 2026-02-17T18:03:31.657Z daemon INFO time="2026-02-17T18:03:31Z" level=info msg="Tool required for debug" tool="esp32:esp32s3-libs@3.3.6"
time="2026-02-17T18:03:31Z" level=info msg="Tool required for debug" tool="esp32:esptool_py@5.1.0"
2026-02-17 18:03:31 2026-02-17T18:03:31.657Z daemon INFO time="2026-02-17T18:03:31Z" level=info msg="Tool required for debug" tool="esp32:mklittlefs@4.0.2-db0513a"
2026-02-17 18:03:31 2026-02-17T18:03:31.657Z daemon INFO time="2026-02-17T18:03:31Z" level=info msg="Tool required for debug" tool="esp32:mkspiffs@0.2.3"
2026-02-17 18:03:31 2026-02-17T18:03:31.657Z daemon INFO time="2026-02-17T18:03:31Z" level=info msg="Tool required for debug" tool="esp32:openocd-esp32@v0.12.0-esp32-20251215"
2026-02-17 18:03:31 2026-02-17T18:03:31.657Z daemon INFO time="2026-02-17T18:03:31Z" level=info msg="Tool required for debug" tool="esp32:riscv32-esp-elf-gdb@16.3_20250913"
time="2026-02-17T18:03:31Z" level=info msg="Tool required for debug" tool="esp32:xtensa-esp-elf-gdb@16.3_20250913"
2026-02-17 18:03:31 2026-02-17T18:03:31.657Z daemon INFO time="2026-02-17T18:03:31Z" level=info msg="Tool required for debug" tool="arduino:avr-gcc@7.3.0-atmel3.6.1-arduino7"
2026-02-17 18:03:31 2026-02-17T18:03:31.657Z daemon INFO time="2026-02-17T18:03:31Z" level=info msg="Tool required for debug" tool="esp8266:xtensa-lx106-elf-gcc@3.1.0-gcc10.3-e5f9fec"
2026-02-17 18:03:31 2026-02-17T18:03:31.657Z daemon INFO time="2026-02-17T18:03:31Z" level=info msg="Tool required for debug" tool="arduino:avrdude@8.0.0-arduino1"
2026-02-17 18:03:31 2026-02-17T18:03:31.658Z daemon INFO time="2026-02-17T18:03:31Z" level=info msg="Tool required for debug" tool="builtin:serial-monitor@0.15.0"
2026-02-17 18:03:31 2026-02-17T18:03:31.658Z daemon INFO time="2026-02-17T18:03:31Z" level=info msg="Tool required for debug" tool="builtin:ctags@5.8-arduino11"
2026-02-17 18:03:31 2026-02-17T18:03:31.658Z daemon INFO time="2026-02-17T18:03:31Z" level=info msg="Tool required for debug" tool="arduino:arduinoOTA@1.3.0"
2026-02-17 18:03:31 2026-02-17T18:03:31.658Z daemon INFO time="2026-02-17T18:03:31Z" level=info msg="Tool required for debug" tool="builtin:dfu-discovery@0.1.2"
2026-02-17 18:03:31 2026-02-17T18:03:31.658Z daemon INFO time="2026-02-17T18:03:31Z" level=info msg="Tool required for debug" tool="builtin:serial-discovery@1.4.3"
2026-02-17 18:03:31 2026-02-17T18:03:31.658Z daemon INFO time="2026-02-17T18:03:31Z" level=info msg="Tool required for debug" tool="esp8266:python3@3.7.2-post1"
2026-02-17 18:03:31 2026-02-17T18:03:31.658Z daemon INFO time="2026-02-17T18:03:31Z" level=info msg="Tool required for debug" tool="builtin:mdns-discovery@1.0.12"
2026-02-17 18:03:31 2026-02-17T18:03:31.659Z daemon INFO time="2026-02-17T18:03:31Z" level=info msg="Tool required for debug" tool="arduino:dfu-util@0.11.0-arduino5"
time="2026-02-17T18:03:31Z" level=info msg="Tool required for debug" tool="esp32:esp-rv32@2511"
2026-02-17 18:03:31 2026-02-17T18:03:31.659Z daemon INFO time="2026-02-17T18:03:31Z" level=info msg="Tool required for debug" tool="esp32:esp-x32@2511"
time="2026-02-17T18:03:31Z" level=info msg="Tool required for debug" tool="esp32:esp32-libs@3.3.6"
time="2026-02-17T18:03:31Z" level=info msg="Tool required for debug" tool="esp32:esp32c3-libs@3.3.6"
time="2026-02-17T18:03:31Z" level=info msg="Tool required for debug" tool="esp32:esp32c5-libs@3.3.6"
time="2026-02-17T18:03:31Z" level=info msg="Tool required for debug" tool="esp32:esp32c6-libs@3.3.6"
time="2026-02-17T18:03:31Z" level=info msg="Tool required for debug" tool="esp32:esp32h2-libs@3.3.6"
time="2026-02-17T18:03:31Z" level=info msg="Tool required for debug" tool="esp32:esp32p4-libs@3.3.6"
2026-02-17 18:03:31 2026-02-17T18:03:31.659Z daemon INFO time="2026-02-17T18:03:31Z" level=info msg="Tool required for debug" tool="esp32:esp32p4_es-libs@3.3.6"
time="2026-02-17T18:03:31Z" level=info msg="Tool required for debug" tool="esp32:esp32s2-libs@3.3.6"
time="2026-02-17T18:03:31Z" level=info msg="Tool required for debug" tool="esp32:esp32s3-libs@3.3.6"
time="2026-02-17T18:03:31Z" level=info msg="Tool required for debug" tool="esp32:esptool_py@5.1.0"
time="2026-02-17T18:03:31Z" level=info msg="Tool required for debug" tool="esp32:mklittlefs@4.0.2-db0513a"
2026-02-17 18:03:31 2026-02-17T18:03:31.659Z daemon INFO time="2026-02-17T18:03:31Z" level=info msg="Tool required for debug" tool="esp32:mkspiffs@0.2.3"
2026-02-17 18:03:31 2026-02-17T18:03:31.659Z daemon INFO time="2026-02-17T18:03:31Z" level=info msg="Tool required for debug" tool="esp32:openocd-esp32@v0.12.0-esp32-20251215"
time="2026-02-17T18:03:31Z" level=info msg="Tool required for debug" tool="esp32:riscv32-esp-elf-gdb@16.3_20250913"
2026-02-17 18:03:31 2026-02-17T18:03:31.659Z daemon INFO time="2026-02-17T18:03:31Z" level=info msg="Tool required for debug" tool="esp32:xtensa-esp-elf-gdb@16.3_20250913"
time="2026-02-17T18:03:31Z" level=info msg="Tool required for debug" tool="builtin:serial-discovery@1.4.3"
2026-02-17 18:03:31 2026-02-17T18:03:31.659Z daemon INFO time="2026-02-17T18:03:31Z" level=info msg="Tool required for debug" tool="arduino:avrdude@8.0.0-arduino1"
time="2026-02-17T18:03:31Z" level=info msg="Tool required for debug" tool="builtin:ctags@5.8-arduino11"
2026-02-17 18:03:31 2026-02-17T18:03:31.659Z daemon INFO time="2026-02-17T18:03:31Z" level=info msg="Tool required for debug" tool="builtin:mdns-discovery@1.0.12"
2026-02-17 18:03:31 2026-02-17T18:03:31.659Z daemon INFO time="2026-02-17T18:03:31Z" level=info msg="Tool required for debug" tool="builtin:serial-monitor@0.15.0"
2026-02-17 18:03:31 2026-02-17T18:03:31.659Z daemon INFO time="2026-02-17T18:03:31Z" level=info msg="Tool required for debug" tool="esp8266:python3@3.7.2-post1"
2026-02-17 18:03:31 2026-02-17T18:03:31.659Z daemon INFO time="2026-02-17T18:03:31Z" level=info msg="Tool required for debug" tool="arduino:arduinoOTA@1.3.0"
time="2026-02-17T18:03:31Z" level=info msg="Tool required for debug" tool="arduino:avr-gcc@7.3.0-atmel3.6.1-arduino7"
2026-02-17 18:03:31 2026-02-17T18:03:31.659Z daemon INFO time="2026-02-17T18:03:31Z" level=info msg="Tool required for debug" tool="builtin:dfu-discovery@0.1.2"
2026-02-17 18:03:31 2026-02-17T18:03:31.659Z daemon INFO time="2026-02-17T18:03:31Z" level=info msg="Tool required for debug" tool="esp8266:xtensa-lx106-elf-gcc@3.1.0-gcc10.3-e5f9fec"
2026-02-17 18:03:31 2026-02-17T18:03:31.661Z daemon INFO time="2026-02-17T18:03:31Z" level=info msg="Tool required for debug" tool="arduino:dfu-util@0.11.0-arduino5"
time="2026-02-17T18:03:31Z" level=info msg="Tool required for debug" tool="esp32:esp-rv32@2511"
2026-02-17 18:03:31 2026-02-17T18:03:31.661Z daemon INFO time="2026-02-17T18:03:31Z" level=info msg="Tool required for debug" tool="esp32:esp-x32@2511"
time="2026-02-17T18:03:31Z" level=info msg="Tool required for debug" tool="esp32:esp32-libs@3.3.6"
time="2026-02-17T18:03:31Z" level=info msg="Tool required for debug" tool="esp32:esp32c3-libs@3.3.6"
2026-02-17 18:03:31 2026-02-17T18:03:31.661Z daemon INFO time="2026-02-17T18:03:31Z" level=info msg="Tool required for debug" tool="esp32:esp32c5-libs@3.3.6"
time="2026-02-17T18:03:31Z" level=info msg="Tool required for debug" tool="esp32:esp32c6-libs@3.3.6"
time="2026-02-17T18:03:31Z" level=info msg="Tool required for debug" tool="esp32:esp32h2-libs@3.3.6"
2026-02-17 18:03:31 2026-02-17T18:03:31.661Z daemon INFO time="2026-02-17T18:03:31Z" level=info msg="Tool required for debug" tool="esp32:esp32p4-libs@3.3.6"
time="2026-02-17T18:03:31Z" level=info msg="Tool required for debug" tool="esp32:esp32p4_es-libs@3.3.6"
2026-02-17 18:03:31 2026-02-17T18:03:31.661Z daemon INFO time="2026-02-17T18:03:31Z" level=info msg="Tool required for debug" tool="esp32:esp32s2-libs@3.3.6"
2026-02-17 18:03:31 2026-02-17T18:03:31.661Z daemon INFO time="2026-02-17T18:03:31Z" level=info msg="Tool required for debug" tool="esp32:esp32s3-libs@3.3.6"
2026-02-17 18:03:31 2026-02-17T18:03:31.661Z daemon INFO time="2026-02-17T18:03:31Z" level=info msg="Tool required for debug" tool="esp32:esptool_py@5.1.0"
2026-02-17 18:03:31 2026-02-17T18:03:31.661Z daemon INFO time="2026-02-17T18:03:31Z" level=info msg="Tool required for debug" tool="esp32:mklittlefs@4.0.2-db0513a"
2026-02-17 18:03:31 2026-02-17T18:03:31.661Z daemon INFO time="2026-02-17T18:03:31Z" level=info msg="Tool required for debug" tool="esp32:mkspiffs@0.2.3"
2026-02-17 18:03:31 2026-02-17T18:03:31.661Z daemon INFO time="2026-02-17T18:03:31Z" level=info msg="Tool required for debug" tool="esp32:openocd-esp32@v0.12.0-esp32-20251215"
time="2026-02-17T18:03:31Z" level=info msg="Tool required for debug" tool="esp32:riscv32-esp-elf-gdb@16.3_20250913"
2026-02-17 18:03:31 2026-02-17T18:03:31.661Z daemon INFO time="2026-02-17T18:03:31Z" level=info msg="Tool required for debug" tool="esp32:xtensa-esp-elf-gdb@16.3_20250913"
2026-02-17 18:03:31 2026-02-17T18:03:31.661Z daemon INFO time="2026-02-17T18:03:31Z" level=info msg="Tool required for debug" tool="builtin:serial-monitor@0.15.0"
2026-02-17 18:03:31 2026-02-17T18:03:31.661Z daemon INFO time="2026-02-17T18:03:31Z" level=info msg="Tool required for debug" tool="arduino:avr-gcc@7.3.0-atmel3.6.1-arduino7"
time="2026-02-17T18:03:31Z" level=info msg="Tool required for debug" tool="builtin:mdns-discovery@1.0.12"
2026-02-17 18:03:31 2026-02-17T18:03:31.661Z daemon INFO time="2026-02-17T18:03:31Z" level=info msg="Tool required for debug" tool="arduino:avrdude@8.0.0-arduino1"
time="2026-02-17T18:03:31Z" level=info msg="Tool required for debug" tool="builtin:dfu-discovery@0.1.2"
2026-02-17 18:03:31 2026-02-17T18:03:31.661Z daemon INFO time="2026-02-17T18:03:31Z" level=info msg="Tool required for debug" tool="esp8266:xtensa-lx106-elf-gcc@3.1.0-gcc10.3-e5f9fec"
2026-02-17 18:03:31 2026-02-17T18:03:31.661Z daemon INFO time="2026-02-17T18:03:31Z" level=info msg="Tool required for debug" tool="esp8266:python3@3.7.2-post1"
2026-02-17 18:03:31 2026-02-17T18:03:31.661Z daemon INFO time="2026-02-17T18:03:31Z" level=info msg="Tool required for debug" tool="arduino:arduinoOTA@1.3.0"
2026-02-17 18:03:31 2026-02-17T18:03:31.661Z daemon INFO time="2026-02-17T18:03:31Z" level=info msg="Tool required for debug" tool="builtin:ctags@5.8-arduino11"
2026-02-17 18:03:31 2026-02-17T18:03:31.661Z daemon INFO time="2026-02-17T18:03:31Z" level=info msg="Tool required for debug" tool="builtin:serial-discovery@1.4.3"
2026-02-17 18:03:31 2026-02-17T18:03:31.662Z daemon INFO time="2026-02-17T18:03:31Z" level=info msg="Tool required for debug" tool="arduino:dfu-util@0.11.0-arduino5"
time="2026-02-17T18:03:31Z" level=info msg="Tool required for debug" tool="esp32:esp-rv32@2511"
2026-02-17 18:03:31 2026-02-17T18:03:31.662Z daemon INFO time="2026-02-17T18:03:31Z" level=info msg="Tool required for debug" tool="esp32:esp-x32@2511"
time="2026-02-17T18:03:31Z" level=info msg="Tool required for debug" tool="esp32:esp32-libs@3.3.6"
time="2026-02-17T18:03:31Z" level=info msg="Tool required for debug" tool="esp32:esp32c3-libs@3.3.6"
time="2026-02-17T18:03:31Z" level=info msg="Tool required for debug" tool="esp32:esp32c5-libs@3.3.6"
time="2026-02-17T18:03:31Z" level=info msg="Tool required for debug" tool="esp32:esp32c6-libs@3.3.6"
2026-02-17 18:03:31 2026-02-17T18:03:31.662Z daemon INFO time="2026-02-17T18:03:31Z" level=info msg="Tool required for debug" tool="esp32:esp32h2-libs@3.3.6"
time="2026-02-17T18:03:31Z" level=info msg="Tool required for debug" tool="esp32:esp32p4-libs@3.3.6"
2026-02-17 18:03:31 2026-02-17T18:03:31.662Z daemon INFO time="2026-02-17T18:03:31Z" level=info msg="Tool required for debug" tool="esp32:esp32p4_es-libs@3.3.6"
2026-02-17 18:03:31 2026-02-17T18:03:31.662Z daemon INFO time="2026-02-17T18:03:31Z" level=info msg="Tool required for debug" tool="esp32:esp32s2-libs@3.3.6"
time="2026-02-17T18:03:31Z" level=info msg="Tool required for debug" tool="esp32:esp32s3-libs@3.3.6"
2026-02-17 18:03:31 2026-02-17T18:03:31.662Z daemon INFO time="2026-02-17T18:03:31Z" level=info msg="Tool required for debug" tool="esp32:esptool_py@5.1.0"
2026-02-17 18:03:31 2026-02-17T18:03:31.662Z daemon INFO time="2026-02-17T18:03:31Z" level=info msg="Tool required for debug" tool="esp32:mklittlefs@4.0.2-db0513a"
2026-02-17 18:03:31 2026-02-17T18:03:31.662Z daemon INFO time="2026-02-17T18:03:31Z" level=info msg="Tool required for debug" tool="esp32:mkspiffs@0.2.3"
2026-02-17 18:03:31 2026-02-17T18:03:31.662Z daemon INFO time="2026-02-17T18:03:31Z" level=info msg="Tool required for debug" tool="esp32:openocd-esp32@v0.12.0-esp32-20251215"
2026-02-17 18:03:31 2026-02-17T18:03:31.662Z daemon INFO time="2026-02-17T18:03:31Z" level=info msg="Tool required for debug" tool="esp32:riscv32-esp-elf-gdb@16.3_20250913"
2026-02-17 18:03:31 2026-02-17T18:03:31.662Z daemon INFO time="2026-02-17T18:03:31Z" level=info msg="Tool required for debug" tool="esp32:xtensa-esp-elf-gdb@16.3_20250913"
2026-02-17 18:03:31 2026-02-17T18:03:31.662Z daemon INFO time="2026-02-17T18:03:31Z" level=info msg="Tool required for debug" tool="builtin:dfu-discovery@0.1.2"
2026-02-17 18:03:31 2026-02-17T18:03:31.662Z daemon INFO time="2026-02-17T18:03:31Z" level=info msg="Tool required for debug" tool="builtin:serial-monitor@0.15.0"
2026-02-17 18:03:31 2026-02-17T18:03:31.663Z daemon INFO time="2026-02-17T18:03:31Z" level=info msg="Tool required for debug" tool="arduino:arduinoOTA@1.3.0"
2026-02-17 18:03:31 2026-02-17T18:03:31.663Z daemon INFO time="2026-02-17T18:03:31Z" level=info msg="Tool required for debug" tool="arduino:avr-gcc@7.3.0-atmel3.6.1-arduino7"
2026-02-17 18:03:31 2026-02-17T18:03:31.663Z daemon INFO time="2026-02-17T18:03:31Z" level=info msg="Tool required for debug" tool="builtin:mdns-discovery@1.0.12"
2026-02-17 18:03:31 2026-02-17T18:03:31.663Z daemon INFO time="2026-02-17T18:03:31Z" level=info msg="Tool required for debug" tool="esp8266:python3@3.7.2-post1"
time="2026-02-17T18:03:31Z" level=info msg="Tool required for debug" tool="esp8266:xtensa-lx106-elf-gcc@3.1.0-gcc10.3-e5f9fec"
2026-02-17 18:03:31 2026-02-17T18:03:31.663Z daemon INFO time="2026-02-17T18:03:31Z" level=info msg="Tool required for debug" tool="arduino:avrdude@8.0.0-arduino1"
2026-02-17 18:03:31 2026-02-17T18:03:31.663Z daemon INFO time="2026-02-17T18:03:31Z" level=info msg="Tool required for debug" tool="builtin:serial-discovery@1.4.3"
2026-02-17 18:03:31 2026-02-17T18:03:31.663Z daemon INFO time="2026-02-17T18:03:31Z" level=info msg="Tool required for debug" tool="builtin:ctags@5.8-arduino11"
2026-02-17 18:03:31 2026-02-17T18:03:31.664Z daemon INFO time="2026-02-17T18:03:31Z" level=info msg="Tool required for debug" tool="arduino:dfu-util@0.11.0-arduino5"
2026-02-17 18:03:31 2026-02-17T18:03:31.664Z daemon INFO time="2026-02-17T18:03:31Z" level=info msg="Tool required for debug" tool="esp32:esp-rv32@2511"
time="2026-02-17T18:03:31Z" level=info msg="Tool required for debug" tool="esp32:esp-x32@2511"
time="2026-02-17T18:03:31Z" level=info msg="Tool required for debug" tool="esp32:esp32-libs@3.3.6"
2026-02-17 18:03:31 2026-02-17T18:03:31.664Z daemon INFO time="2026-02-17T18:03:31Z" level=info msg="Tool required for debug" tool="esp32:esp32c3-libs@3.3.6"
time="2026-02-17T18:03:31Z" level=info msg="Tool required for debug" tool="esp32:esp32c5-libs@3.3.6"
time="2026-02-17T18:03:31Z" level=info msg="Tool required for debug" tool="esp32:esp32c6-libs@3.3.6"
time="2026-02-17T18:03:31Z" level=info msg="Tool required for debug" tool="esp32:esp32h2-libs@3.3.6"
time="2026-02-17T18:03:31Z" level=info msg="Tool required for debug" tool="esp32:esp32p4-libs@3.3.6"
time="2026-02-17T18:03:31Z" level=info msg="Tool required for debug" tool="esp32:esp32p4_es-libs@3.3.6"
time="2026-02-17T18:03:31Z" level=info msg="Tool required for debug" tool="esp32:esp32s2-libs@3.3.6"
time="2026-02-17T18:03:31Z" level=info msg="Tool required for debug" tool="esp32:esp32s3-libs@3.3.6"
2026-02-17 18:03:31 2026-02-17T18:03:31.664Z daemon INFO time="2026-02-17T18:03:31Z" level=info msg="Tool required for debug" tool="esp32:esptool_py@5.1.0"
time="2026-02-17T18:03:31Z" level=info msg="Tool required for debug" tool="esp32:mklittlefs@4.0.2-db0513a"
time="2026-02-17T18:03:31Z" level=info msg="Tool required for debug" tool="esp32:mkspiffs@0.2.3"
time="2026-02-17T18:03:31Z" level=info msg="Tool required for debug" tool="esp32:openocd-esp32@v0.12.0-esp32-20251215"
time="2026-02-17T18:03:31Z" level=info msg="Tool required for debug" tool="esp32:riscv32-esp-elf-gdb@16.3_20250913"
2026-02-17 18:03:31 2026-02-17T18:03:31.664Z daemon INFO time="2026-02-17T18:03:31Z" level=info msg="Tool required for debug" tool="esp32:xtensa-esp-elf-gdb@16.3_20250913"
time="2026-02-17T18:03:31Z" level=info msg="Tool required for debug" tool="builtin:ctags@5.8-arduino11"
time="2026-02-17T18:03:31Z" level=info msg="Tool required for debug" tool="builtin:mdns-discovery@1.0.12"
2026-02-17 18:03:31 2026-02-17T18:03:31.664Z daemon INFO time="2026-02-17T18:03:31Z" level=info msg="Tool required for debug" tool="esp8266:python3@3.7.2-post1"
2026-02-17 18:03:31 2026-02-17T18:03:31.664Z daemon INFO time="2026-02-17T18:03:31Z" level=info msg="Tool required for debug" tool="builtin:serial-discovery@1.4.3"
time="2026-02-17T18:03:31Z" level=info msg="Tool required for debug" tool="builtin:serial-monitor@0.15.0"
2026-02-17 18:03:31 2026-02-17T18:03:31.664Z daemon INFO time="2026-02-17T18:03:31Z" level=info msg="Tool required for debug" tool="builtin:dfu-discovery@0.1.2"
2026-02-17 18:03:31 2026-02-17T18:03:31.664Z daemon INFO time="2026-02-17T18:03:31Z" level=info msg="Tool required for debug" tool="arduino:avr-gcc@7.3.0-atmel3.6.1-arduino7"
time="2026-02-17T18:03:31Z" level=info msg="Tool required for debug" tool="esp8266:xtensa-lx106-elf-gcc@3.1.0-gcc10.3-e5f9fec"
time="2026-02-17T18:03:31Z" level=info msg="Tool required for debug" tool="arduino:arduinoOTA@1.3.0"
time="2026-02-17T18:03:31Z" level=info msg="Tool required for debug" tool="arduino:avrdude@8.0.0-arduino1"
2026-02-17 18:03:31 2026-02-17T18:03:31.665Z daemon INFO time="2026-02-17T18:03:31Z" level=info msg="Tool required for debug" tool="arduino:dfu-util@0.11.0-arduino5"
time="2026-02-17T18:03:31Z" level=info msg="Tool required for debug" tool="esp32:esp-rv32@2511"
time="2026-02-17T18:03:31Z" level=info msg="Tool required for debug" tool="esp32:esp-x32@2511"
2026-02-17 18:03:31 2026-02-17T18:03:31.665Z daemon INFO time="2026-02-17T18:03:31Z" level=info msg="Tool required for debug" tool="esp32:esp32-libs@3.3.6"
time="2026-02-17T18:03:31Z" level=info msg="Tool required for debug" tool="esp32:esp32c3-libs@3.3.6"
time="2026-02-17T18:03:31Z" level=info msg="Tool required for debug" tool="esp32:esp32c5-libs@3.3.6"
time="2026-02-17T18:03:31Z" level=info msg="Tool required for debug" tool="esp32:esp32c6-libs@3.3.6"
time="2026-02-17T18:03:31Z" level=info msg="Tool required for debug" tool="esp32:esp32h2-libs@3.3.6"
time="2026-02-17T18:03:31Z" level=info msg="Tool required for debug" tool="esp32:esp32p4-libs@3.3.6"
2026-02-17 18:03:31 2026-02-17T18:03:31.665Z daemon INFO time="2026-02-17T18:03:31Z" level=info msg="Tool required for debug" tool="esp32:esp32p4_es-libs@3.3.6"
time="2026-02-17T18:03:31Z" level=info msg="Tool required for debug" tool="esp32:esp32s2-libs@3.3.6"
2026-02-17 18:03:31 2026-02-17T18:03:31.665Z daemon INFO time="2026-02-17T18:03:31Z" level=info msg="Tool required for debug" tool="esp32:esp32s3-libs@3.3.6"
time="2026-02-17T18:03:31Z" level=info msg="Tool required for debug" tool="esp32:esptool_py@5.1.0"
time="2026-02-17T18:03:31Z" level=info msg="Tool required for debug" tool="esp32:mklittlefs@4.0.2-db0513a"
2026-02-17 18:03:31 2026-02-17T18:03:31.665Z daemon INFO time="2026-02-17T18:03:31Z" level=info msg="Tool required for debug" tool="esp32:mkspiffs@0.2.3"
time="2026-02-17T18:03:31Z" level=info msg="Tool required for debug" tool="esp32:openocd-esp32@v0.12.0-esp32-20251215"
2026-02-17 18:03:31 2026-02-17T18:03:31.665Z daemon INFO time="2026-02-17T18:03:31Z" level=info msg="Tool required for debug" tool="esp32:riscv32-esp-elf-gdb@16.3_20250913"
time="2026-02-17T18:03:31Z" level=info msg="Tool required for debug" tool="esp32:xtensa-esp-elf-gdb@16.3_20250913"
time="2026-02-17T18:03:31Z" level=info msg="Tool required for debug" tool="arduino:avr-gcc@7.3.0-atmel3.6.1-arduino7"
2026-02-17 18:03:31 2026-02-17T18:03:31.665Z daemon INFO time="2026-02-17T18:03:31Z" level=info msg="Tool required for debug" tool="builtin:ctags@5.8-arduino11"
2026-02-17 18:03:31 2026-02-17T18:03:31.665Z daemon INFO time="2026-02-17T18:03:31Z" level=info msg="Tool required for debug" tool="builtin:dfu-discovery@0.1.2"
2026-02-17 18:03:31 2026-02-17T18:03:31.665Z daemon INFO time="2026-02-17T18:03:31Z" level=info msg="Tool required for debug" tool="builtin:serial-discovery@1.4.3"
time="2026-02-17T18:03:31Z" level=info msg="Tool required for debug" tool="builtin:serial-monitor@0.15.0"
2026-02-17 18:03:31 2026-02-17T18:03:31.665Z daemon INFO time="2026-02-17T18:03:31Z" level=info msg="Tool required for debug" tool="arduino:avrdude@8.0.0-arduino1"
time="2026-02-17T18:03:31Z" level=info msg="Tool required for debug" tool="builtin:mdns-discovery@1.0.12"
2026-02-17 18:03:31 2026-02-17T18:03:31.665Z daemon INFO time="2026-02-17T18:03:31Z" level=info msg="Tool required for debug" tool="esp8266:python3@3.7.2-post1"
time="2026-02-17T18:03:31Z" level=info msg="Tool required for debug" tool="esp8266:xtensa-lx106-elf-gcc@3.1.0-gcc10.3-e5f9fec"
2026-02-17 18:03:31 2026-02-17T18:03:31.665Z daemon INFO time="2026-02-17T18:03:31Z" level=info msg="Tool required for debug" tool="arduino:arduinoOTA@1.3.0"
2026-02-17 18:03:31 2026-02-17T18:03:31.667Z daemon INFO time="2026-02-17T18:03:31Z" level=info msg="Tool required for debug" tool="arduino:dfu-util@0.11.0-arduino5"
time="2026-02-17T18:03:31Z" level=info msg="Tool required for debug" tool="esp32:esp-rv32@2511"
time="2026-02-17T18:03:31Z" level=info msg="Tool required for debug" tool="esp32:esp-x32@2511"
2026-02-17 18:03:31 2026-02-17T18:03:31.667Z daemon INFO time="2026-02-17T18:03:31Z" level=info msg="Tool required for debug" tool="esp32:esp32-libs@3.3.6"
time="2026-02-17T18:03:31Z" level=info msg="Tool required for debug" tool="esp32:esp32c3-libs@3.3.6"
time="2026-02-17T18:03:31Z" level=info msg="Tool required for debug" tool="esp32:esp32c5-libs@3.3.6"
time="2026-02-17T18:03:31Z" level=info msg="Tool required for debug" tool="esp32:esp32c6-libs@3.3.6"
time="2026-02-17T18:03:31Z" level=info msg="Tool required for debug" tool="esp32:esp32h2-libs@3.3.6"
time="2026-02-17T18:03:31Z" level=info msg="Tool required for debug" tool="esp32:esp32p4-libs@3.3.6"
2026-02-17 18:03:31 2026-02-17T18:03:31.667Z daemon INFO time="2026-02-17T18:03:31Z" level=info msg="Tool required for debug" tool="esp32:esp32p4_es-libs@3.3.6"
time="2026-02-17T18:03:31Z" level=info msg="Tool required for debug" tool="esp32:esp32s2-libs@3.3.6"
time="2026-02-17T18:03:31Z" level=info msg="Tool required for debug" tool="esp32:esp32s3-libs@3.3.6"
2026-02-17 18:03:31 2026-02-17T18:03:31.667Z daemon INFO time="2026-02-17T18:03:31Z" level=info msg="Tool required for debug" tool="esp32:esptool_py@5.1.0"
time="2026-02-17T18:03:31Z" level=info msg="Tool required for debug" tool="esp32:mklittlefs@4.0.2-db0513a"
time="2026-02-17T18:03:31Z" level=info msg="Tool required for debug" tool="esp32:mkspiffs@0.2.3"
2026-02-17 18:03:31 2026-02-17T18:03:31.667Z daemon INFO time="2026-02-17T18:03:31Z" level=info msg="Tool required for debug" tool="esp32:openocd-esp32@v0.12.0-esp32-20251215"
time="2026-02-17T18:03:31Z" level=info msg="Tool required for debug" tool="esp32:riscv32-esp-elf-gdb@16.3_20250913"
time="2026-02-17T18:03:31Z" level=info msg="Tool required for debug" tool="esp32:xtensa-esp-elf-gdb@16.3_20250913"
2026-02-17 18:03:31 2026-02-17T18:03:31.667Z daemon INFO time="2026-02-17T18:03:31Z" level=info msg="Tool required for debug" tool="builtin:serial-monitor@0.15.0"
2026-02-17 18:03:31 2026-02-17T18:03:31.667Z daemon INFO time="2026-02-17T18:03:31Z" level=info msg="Tool required for debug" tool="builtin:serial-discovery@1.4.3"
time="2026-02-17T18:03:31Z" level=info msg="Tool required for debug" tool="builtin:dfu-discovery@0.1.2"
2026-02-17 18:03:31 2026-02-17T18:03:31.667Z daemon INFO time="2026-02-17T18:03:31Z" level=info msg="Tool required for debug" tool="builtin:mdns-discovery@1.0.12"
2026-02-17 18:03:31 2026-02-17T18:03:31.667Z daemon INFO time="2026-02-17T18:03:31Z" level=info msg="Tool required for debug" tool="esp8266:python3@3.7.2-post1"
time="2026-02-17T18:03:31Z" level=info msg="Tool required for debug" tool="arduino:avr-gcc@7.3.0-atmel3.6.1-arduino7"
2026-02-17 18:03:31 2026-02-17T18:03:31.667Z daemon INFO time="2026-02-17T18:03:31Z" level=info msg="Tool required for debug" tool="arduino:avrdude@8.0.0-arduino1"
time="2026-02-17T18:03:31Z" level=info msg="Tool required for debug" tool="arduino:arduinoOTA@1.3.0"
2026-02-17 18:03:31 2026-02-17T18:03:31.667Z daemon INFO time="2026-02-17T18:03:31Z" level=info msg="Tool required for debug" tool="builtin:ctags@5.8-arduino11"
time="2026-02-17T18:03:31Z" level=info msg="Tool required for debug" tool="esp8266:xtensa-lx106-elf-gcc@3.1.0-gcc10.3-e5f9fec"
2026-02-17 18:03:31 2026-02-17T18:03:31.668Z daemon INFO time="2026-02-17T18:03:31Z" level=info msg="Tool required for debug" tool="arduino:dfu-util@0.11.0-arduino5"
time="2026-02-17T18:03:31Z" level=info msg="Tool required for debug" tool="esp32:esp-rv32@2511"
time="2026-02-17T18:03:31Z" level=info msg="Tool required for debug" tool="esp32:esp-x32@2511"
2026-02-17 18:03:31 2026-02-17T18:03:31.668Z daemon INFO time="2026-02-17T18:03:31Z" level=info msg="Tool required for debug" tool="esp32:esp32-libs@3.3.6"
time="2026-02-17T18:03:31Z" level=info msg="Tool required for debug" tool="esp32:esp32c3-libs@3.3.6"
time="2026-02-17T18:03:31Z" level=info msg="Tool required for debug" tool="esp32:esp32c5-libs@3.3.6"
time="2026-02-17T18:03:31Z" level=info msg="Tool required for debug" tool="esp32:esp32c6-libs@3.3.6"
time="2026-02-17T18:03:31Z" level=info msg="Tool required for debug" tool="esp32:esp32h2-libs@3.3.6"
time="2026-02-17T18:03:31Z" level=info msg="Tool required for debug" tool="esp32:esp32p4-libs@3.3.6"
time="2026-02-17T18:03:31Z" level=info msg="Tool required for debug" tool="esp32:esp32p4_es-libs@3.3.6"
time="2026-02-17T18:03:31Z" level=info msg="Tool required for debug" tool="esp32:esp32s2-libs@3.3.6"
2026-02-17 18:03:31 2026-02-17T18:03:31.668Z daemon INFO time="2026-02-17T18:03:31Z" level=info msg="Tool required for debug" tool="esp32:esp32s3-libs@3.3.6"
time="2026-02-17T18:03:31Z" level=info msg="Tool required for debug" tool="esp32:esptool_py@5.1.0"
time="2026-02-17T18:03:31Z" level=info msg="Tool required for debug" tool="esp32:mklittlefs@4.0.2-db0513a"
time="2026-02-17T18:03:31Z" level=info msg="Tool required for debug" tool="esp32:mkspiffs@0.2.3"
time="2026-02-17T18:03:31Z" level=info msg="Tool required for debug" tool="esp32:openocd-esp32@v0.12.0-esp32-20251215"
time="2026-02-17T18:03:31Z" level=info msg="Tool required for debug" tool="esp32:riscv32-esp-elf-gdb@16.3_20250913"
2026-02-17 18:03:31 2026-02-17T18:03:31.668Z daemon INFO time="2026-02-17T18:03:31Z" level=info msg="Tool required for debug" tool="esp32:xtensa-esp-elf-gdb@16.3_20250913"
time="2026-02-17T18:03:31Z" level=info msg="Tool required for debug" tool="builtin:serial-discovery@1.4.3"
time="2026-02-17T18:03:31Z" level=info msg="Tool required for debug" tool="builtin:serial-monitor@0.15.0"
2026-02-17 18:03:31 2026-02-17T18:03:31.668Z daemon INFO time="2026-02-17T18:03:31Z" level=info msg="Tool required for debug" tool="builtin:ctags@5.8-arduino11"
2026-02-17 18:03:31 2026-02-17T18:03:31.668Z daemon INFO time="2026-02-17T18:03:31Z" level=info msg="Tool required for debug" tool="builtin:dfu-discovery@0.1.2"
2026-02-17 18:03:31 2026-02-17T18:03:31.668Z daemon INFO time="2026-02-17T18:03:31Z" level=info msg="Tool required for debug" tool="esp8266:python3@3.7.2-post1"
time="2026-02-17T18:03:31Z" level=info msg="Tool required for debug" tool="esp8266:xtensa-lx106-elf-gcc@3.1.0-gcc10.3-e5f9fec"
2026-02-17 18:03:31 2026-02-17T18:03:31.668Z daemon INFO time="2026-02-17T18:03:31Z" level=info msg="Tool required for debug" tool="arduino:avr-gcc@7.3.0-atmel3.6.1-arduino7"
time="2026-02-17T18:03:31Z" level=info msg="Tool required for debug" tool="arduino:avrdude@8.0.0-arduino1"
time="2026-02-17T18:03:31Z" level=info msg="Tool required for debug" tool="arduino:arduinoOTA@1.3.0"
2026-02-17 18:03:31 2026-02-17T18:03:31.668Z daemon INFO time="2026-02-17T18:03:31Z" level=info msg="Tool required for debug" tool="builtin:mdns-discovery@1.0.12"
2026-02-17 18:03:31 2026-02-17T18:03:31.669Z daemon INFO time="2026-02-17T18:03:31Z" level=info msg="Tool required for debug" tool="arduino:dfu-util@0.11.0-arduino5"
time="2026-02-17T18:03:31Z" level=info msg="Tool required for debug" tool="esp32:esp-rv32@2511"
2026-02-17 18:03:31 2026-02-17T18:03:31.669Z daemon INFO time="2026-02-17T18:03:31Z" level=info msg="Tool required for debug" tool="esp32:esp-x32@2511"
time="2026-02-17T18:03:31Z" level=info msg="Tool required for debug" tool="esp32:esp32-libs@3.3.6"
time="2026-02-17T18:03:31Z" level=info msg="Tool required for debug" tool="esp32:esp32c3-libs@3.3.6"
time="2026-02-17T18:03:31Z" level=info msg="Tool required for debug" tool="esp32:esp32c5-libs@3.3.6"
2026-02-17 18:03:31 2026-02-17T18:03:31.669Z daemon INFO time="2026-02-17T18:03:31Z" level=info msg="Tool required for debug" tool="esp32:esp32c6-libs@3.3.6"
2026-02-17 18:03:31 2026-02-17T18:03:31.669Z daemon INFO time="2026-02-17T18:03:31Z" level=info msg="Tool required for debug" tool="esp32:esp32h2-libs@3.3.6"
2026-02-17 18:03:31 2026-02-17T18:03:31.669Z daemon INFO time="2026-02-17T18:03:31Z" level=info msg="Tool required for debug" tool="esp32:esp32p4-libs@3.3.6"
2026-02-17 18:03:31 2026-02-17T18:03:31.669Z daemon INFO time="2026-02-17T18:03:31Z" level=info msg="Tool required for debug" tool="esp32:esp32p4_es-libs@3.3.6"
2026-02-17 18:03:31 2026-02-17T18:03:31.669Z daemon INFO time="2026-02-17T18:03:31Z" level=info msg="Tool required for debug" tool="esp32:esp32s2-libs@3.3.6"
2026-02-17 18:03:31 2026-02-17T18:03:31.669Z daemon INFO time="2026-02-17T18:03:31Z" level=info msg="Tool required for debug" tool="esp32:esp32s3-libs@3.3.6"
2026-02-17 18:03:31 2026-02-17T18:03:31.669Z daemon INFO time="2026-02-17T18:03:31Z" level=info msg="Tool required for debug" tool="esp32:esptool_py@5.1.0"
2026-02-17 18:03:31 2026-02-17T18:03:31.669Z daemon INFO time="2026-02-17T18:03:31Z" level=info msg="Tool required for debug" tool="esp32:mklittlefs@4.0.2-db0513a"
time="2026-02-17T18:03:31Z" level=info msg="Tool required for debug" tool="esp32:mkspiffs@0.2.3"
2026-02-17 18:03:31 2026-02-17T18:03:31.669Z daemon INFO time="2026-02-17T18:03:31Z" level=info msg="Tool required for debug" tool="esp32:openocd-esp32@v0.12.0-esp32-20251215"
2026-02-17 18:03:31 2026-02-17T18:03:31.669Z daemon INFO time="2026-02-17T18:03:31Z" level=info msg="Tool required for debug" tool="esp32:riscv32-esp-elf-gdb@16.3_20250913"
2026-02-17 18:03:31 2026-02-17T18:03:31.669Z daemon INFO time="2026-02-17T18:03:31Z" level=info msg="Tool required for debug" tool="esp32:xtensa-esp-elf-gdb@16.3_20250913"
time="2026-02-17T18:03:31Z" level=info msg="Tool required for debug" tool="arduino:arduinoOTA@1.3.0"
2026-02-17 18:03:31 2026-02-17T18:03:31.669Z daemon INFO time="2026-02-17T18:03:31Z" level=info msg="Tool required for debug" tool="arduino:avr-gcc@7.3.0-atmel3.6.1-arduino7"
2026-02-17 18:03:31 2026-02-17T18:03:31.669Z daemon INFO time="2026-02-17T18:03:31Z" level=info msg="Tool required for debug" tool="builtin:ctags@5.8-arduino11"
2026-02-17 18:03:31 2026-02-17T18:03:31.669Z daemon INFO time="2026-02-17T18:03:31Z" level=info msg="Tool required for debug" tool="builtin:dfu-discovery@0.1.2"
2026-02-17 18:03:31 2026-02-17T18:03:31.669Z daemon INFO time="2026-02-17T18:03:31Z" level=info msg="Tool required for debug" tool="esp8266:python3@3.7.2-post1"
2026-02-17 18:03:31 2026-02-17T18:03:31.669Z daemon INFO time="2026-02-17T18:03:31Z" level=info msg="Tool required for debug" tool="esp8266:xtensa-lx106-elf-gcc@3.1.0-gcc10.3-e5f9fec"
2026-02-17 18:03:31 2026-02-17T18:03:31.669Z daemon INFO time="2026-02-17T18:03:31Z" level=info msg="Tool required for debug" tool="builtin:serial-discovery@1.4.3"
2026-02-17 18:03:31 2026-02-17T18:03:31.669Z daemon INFO time="2026-02-17T18:03:31Z" level=info msg="Tool required for debug" tool="builtin:serial-monitor@0.15.0"
2026-02-17 18:03:31 2026-02-17T18:03:31.669Z daemon INFO time="2026-02-17T18:03:31Z" level=info msg="Tool required for debug" tool="arduino:avrdude@8.0.0-arduino1"
2026-02-17 18:03:31 2026-02-17T18:03:31.669Z daemon INFO time="2026-02-17T18:03:31Z" level=info msg="Tool required for debug" tool="builtin:mdns-discovery@1.0.12"
2026-02-17 18:03:31 2026-02-17T18:03:31.671Z daemon INFO time="2026-02-17T18:03:31Z" level=info msg="Tool required for debug" tool="arduino:dfu-util@0.11.0-arduino5"
time="2026-02-17T18:03:31Z" level=info msg="Tool required for debug" tool="esp32:esp-rv32@2511"
time="2026-02-17T18:03:31Z" level=info msg="Tool required for debug" tool="esp32:esp-x32@2511"
2026-02-17 18:03:31 2026-02-17T18:03:31.671Z daemon INFO time="2026-02-17T18:03:31Z" level=info msg="Tool required for debug" tool="esp32:esp32-libs@3.3.6"
time="2026-02-17T18:03:31Z" level=info msg="Tool required for debug" tool="esp32:esp32c3-libs@3.3.6"
time="2026-02-17T18:03:31Z" level=info msg="Tool required for debug" tool="esp32:esp32c5-libs@3.3.6"
time="2026-02-17T18:03:31Z" level=info msg="Tool required for debug" tool="esp32:esp32c6-libs@3.3.6"
time="2026-02-17T18:03:31Z" level=info msg="Tool required for debug" tool="esp32:esp32h2-libs@3.3.6"
time="2026-02-17T18:03:31Z" level=info msg="Tool required for debug" tool="esp32:esp32p4-libs@3.3.6"
time="2026-02-17T18:03:31Z" level=info msg="Tool required for debug" tool="esp32:esp32p4_es-libs@3.3.6"
time="2026-02-17T18:03:31Z" level=info msg="Tool required for debug" tool="esp32:esp32s2-libs@3.3.6"
time="2026-02-17T18:03:31Z" level=info msg="Tool required for debug" tool="esp32:esp32s3-libs@3.3.6"
time="2026-02-17T18:03:31Z" level=info msg="Tool required for debug" tool="esp32:esptool_py@5.1.0"
2026-02-17 18:03:31 2026-02-17T18:03:31.671Z daemon INFO time="2026-02-17T18:03:31Z" level=info msg="Tool required for debug" tool="esp32:mklittlefs@4.0.2-db0513a"
time="2026-02-17T18:03:31Z" level=info msg="Tool required for debug" tool="esp32:mkspiffs@0.2.3"
time="2026-02-17T18:03:31Z" level=info msg="Tool required for debug" tool="esp32:openocd-esp32@v0.12.0-esp32-20251215"
2026-02-17 18:03:31 2026-02-17T18:03:31.671Z daemon INFO time="2026-02-17T18:03:31Z" level=info msg="Tool required for debug" tool="esp32:riscv32-esp-elf-gdb@16.3_20250913"
2026-02-17 18:03:31 2026-02-17T18:03:31.671Z daemon INFO time="2026-02-17T18:03:31Z" level=info msg="Tool required for debug" tool="esp32:xtensa-esp-elf-gdb@16.3_20250913"
time="2026-02-17T18:03:31Z" level=info msg="Tool required for debug" tool="arduino:avr-gcc@7.3.0-atmel3.6.1-arduino7"
2026-02-17 18:03:31 2026-02-17T18:03:31.671Z daemon INFO time="2026-02-17T18:03:31Z" level=info msg="Tool required for debug" tool="builtin:serial-discovery@1.4.3"
2026-02-17 18:03:31 2026-02-17T18:03:31.671Z daemon INFO time="2026-02-17T18:03:31Z" level=info msg="Tool required for debug" tool="builtin:serial-monitor@0.15.0"
2026-02-17 18:03:31 2026-02-17T18:03:31.671Z daemon INFO time="2026-02-17T18:03:31Z" level=info msg="Tool required for debug" tool="esp8266:python3@3.7.2-post1"
2026-02-17 18:03:31 2026-02-17T18:03:31.671Z daemon INFO time="2026-02-17T18:03:31Z" level=info msg="Tool required for debug" tool="esp8266:xtensa-lx106-elf-gcc@3.1.0-gcc10.3-e5f9fec"
time="2026-02-17T18:03:31Z" level=info msg="Tool required for debug" tool="arduino:arduinoOTA@1.3.0"
time="2026-02-17T18:03:31Z" level=info msg="Tool required for debug" tool="builtin:mdns-discovery@1.0.12"
2026-02-17 18:03:31 2026-02-17T18:03:31.671Z daemon INFO time="2026-02-17T18:03:31Z" level=info msg="Tool required for debug" tool="builtin:ctags@5.8-arduino11"
2026-02-17 18:03:31 2026-02-17T18:03:31.671Z daemon INFO time="2026-02-17T18:03:31Z" level=info msg="Tool required for debug" tool="arduino:avrdude@8.0.0-arduino1"
2026-02-17 18:03:31 2026-02-17T18:03:31.671Z daemon INFO time="2026-02-17T18:03:31Z" level=info msg="Tool required for debug" tool="builtin:dfu-discovery@0.1.2"
2026-02-17 18:03:32 2026-02-17T18:03:32.633Z daemon INFO time="2026-02-17T18:03:32Z" level=info msg="Adding libraries dir" dir=/home/shrek/.arduino15/libraries isSingleLibrary=false location=ide
2026-02-17 18:03:32 2026-02-17T18:03:32.633Z daemon INFO time="2026-02-17T18:03:32Z" level=info msg="Adding libraries dir" dir=/home/shrek/.arduino15/packages/esp32/hardware/esp32/3.3.6/libraries isSingleLibrary=false location=platform
time="2026-02-17T18:03:32Z" level=info msg="Adding libraries dir" dir=/home/shrek/Arduino/libraries isSingleLibrary=false location=user
2026-02-17 18:03:39 2026-02-17T18:03:39.610Z daemon INFO time="2026-02-17T18:03:39Z" level=error msg="Upload port detection failed, watcher closed" task=port_detection
2026-02-17 18:03:42 2026-02-17T18:03:42.382Z daemon INFO time="2026-02-17T18:03:42Z" level=info msg="Adding libraries dir" dir=/home/shrek/.arduino15/libraries isSingleLibrary=false location=ide
2026-02-17 18:03:42 2026-02-17T18:03:42.382Z daemon INFO time="2026-02-17T18:03:42Z" level=info msg="Adding libraries dir" dir=/home/shrek/.arduino15/packages/esp32/hardware/esp32/3.3.6/libraries isSingleLibrary=false location=platform
time="2026-02-17T18:03:42Z" level=info msg="Adding libraries dir" dir=/home/shrek/Arduino/libraries isSingleLibrary=false location=user
2026-02-17 18:03:43 2026-02-17T18:03:43.040Z daemon INFO time="2026-02-17T18:03:43Z" level=info msg="Resolving include Adafruit_SSD1306.h for arch esp32"
time="2026-02-17T18:03:43Z" level=info msg="  found better lib" lib="Adafruit SSD1306" prio=6A7
2026-02-17 18:03:43 2026-02-17T18:03:43.041Z daemon INFO time="2026-02-17T18:03:43Z" level=info msg="Resolving include Adafruit_GFX.h for arch esp32"
time="2026-02-17T18:03:43Z" level=info msg="  found better lib" lib="Adafruit GFX Library" prio=517
2026-02-17 18:03:43 2026-02-17T18:03:43.041Z daemon INFO time="2026-02-17T18:03:43Z" level=info msg="Resolving include Adafruit_I2CDevice.h for arch esp32"
time="2026-02-17T18:03:43Z" level=info msg="  found better lib" lib="Adafruit BusIO" prio=3EB
2026-02-17 18:03:43 2026-02-17T18:03:43.042Z daemon INFO time="2026-02-17T18:03:43Z" level=info msg="Resolving include Wire.h for arch esp32"
time="2026-02-17T18:03:43Z" level=info msg="  found better lib" lib=Wire prio=6B0
2026-02-17 18:03:43 2026-02-17T18:03:43.048Z daemon INFO time="2026-02-17T18:03:43Z" level=info msg="Resolving include SPI.h for arch esp32"
time="2026-02-17T18:03:43Z" level=info msg="  found better lib" lib=SPI prio=6B0
2026-02-17 18:03:44 2026-02-17T18:03:44.771Z root INFO Executing 'arduino.languageserver.notifyBuildDidComplete' with "file:///home/shrek/.cache/arduino/sketches/FB6648527B1B1B98C4A68E0AD1EDF978"
2026-02-17 18:03:44 2026-02-17T18:03:44.800Z daemon INFO time="2026-02-17T18:03:44Z" level=info msg="Tool required for debug" tool="arduino:dfu-util@0.11.0-arduino5"
2026-02-17 18:03:44 2026-02-17T18:03:44.800Z daemon INFO time="2026-02-17T18:03:44Z" level=info msg="Tool required for debug" tool="esp32:esp-rv32@2511"
time="2026-02-17T18:03:44Z" level=info msg="Tool required for debug" tool="esp32:esp-x32@2511"
time="2026-02-17T18:03:44Z" level=info msg="Tool required for debug" tool="esp32:esp32-libs@3.3.6"
time="2026-02-17T18:03:44Z" level=info msg="Tool required for debug" tool="esp32:esp32c3-libs@3.3.6"
time="2026-02-17T18:03:44Z" level=info msg="Tool required for debug" tool="esp32:esp32c5-libs@3.3.6"
2026-02-17 18:03:44 2026-02-17T18:03:44.801Z daemon INFO time="2026-02-17T18:03:44Z" level=info msg="Tool required for debug" tool="esp32:esp32c6-libs@3.3.6"
time="2026-02-17T18:03:44Z" level=info msg="Tool required for debug" tool="esp32:esp32h2-libs@3.3.6"
2026-02-17 18:03:44 2026-02-17T18:03:44.801Z daemon INFO time="2026-02-17T18:03:44Z" level=info msg="Tool required for debug" tool="esp32:esp32p4-libs@3.3.6"
time="2026-02-17T18:03:44Z" level=info msg="Tool required for debug" tool="esp32:esp32p4_es-libs@3.3.6"
2026-02-17 18:03:44 2026-02-17T18:03:44.801Z daemon INFO time="2026-02-17T18:03:44Z" level=info msg="Tool required for debug" tool="esp32:esp32s2-libs@3.3.6"
2026-02-17 18:03:44 2026-02-17T18:03:44.801Z daemon INFO time="2026-02-17T18:03:44Z" level=info msg="Tool required for debug" tool="esp32:esp32s3-libs@3.3.6"
2026-02-17 18:03:44 2026-02-17T18:03:44.801Z daemon INFO time="2026-02-17T18:03:44Z" level=info msg="Tool required for debug" tool="esp32:esptool_py@5.1.0"
time="2026-02-17T18:03:44Z" level=info msg="Tool required for debug" tool="esp32:mklittlefs@4.0.2-db0513a"
2026-02-17 18:03:44 2026-02-17T18:03:44.801Z daemon INFO time="2026-02-17T18:03:44Z" level=info msg="Tool required for debug" tool="esp32:mkspiffs@0.2.3"
2026-02-17 18:03:44 2026-02-17T18:03:44.801Z daemon INFO time="2026-02-17T18:03:44Z" level=info msg="Tool required for debug" tool="esp32:openocd-esp32@v0.12.0-esp32-20251215"
time="2026-02-17T18:03:44Z" level=info msg="Tool required for debug" tool="esp32:riscv32-esp-elf-gdb@16.3_20250913"
2026-02-17 18:03:44 2026-02-17T18:03:44.801Z daemon INFO time="2026-02-17T18:03:44Z" level=info msg="Tool required for debug" tool="esp32:xtensa-esp-elf-gdb@16.3_20250913"
2026-02-17 18:03:44 2026-02-17T18:03:44.801Z daemon INFO time="2026-02-17T18:03:44Z" level=info msg="Tool required for debug" tool="arduino:avrdude@8.0.0-arduino1"
2026-02-17 18:03:44 2026-02-17T18:03:44.801Z daemon INFO time="2026-02-17T18:03:44Z" level=info msg="Tool required for debug" tool="builtin:dfu-discovery@0.1.2"
2026-02-17 18:03:44 2026-02-17T18:03:44.801Z daemon INFO time="2026-02-17T18:03:44Z" level=info msg="Tool required for debug" tool="esp8266:python3@3.7.2-post1"
2026-02-17 18:03:44 2026-02-17T18:03:44.801Z daemon INFO time="2026-02-17T18:03:44Z" level=info msg="Tool required for debug" tool="arduino:avr-gcc@7.3.0-atmel3.6.1-arduino7"
2026-02-17 18:03:44 2026-02-17T18:03:44.801Z daemon INFO time="2026-02-17T18:03:44Z" level=info msg="Tool required for debug" tool="builtin:serial-discovery@1.4.3"
2026-02-17 18:03:44 2026-02-17T18:03:44.801Z daemon INFO time="2026-02-17T18:03:44Z" level=info msg="Tool required for debug" tool="builtin:serial-monitor@0.15.0"
2026-02-17 18:03:44 2026-02-17T18:03:44.801Z daemon INFO time="2026-02-17T18:03:44Z" level=info msg="Tool required for debug" tool="esp8266:xtensa-lx106-elf-gcc@3.1.0-gcc10.3-e5f9fec"
2026-02-17 18:03:44 2026-02-17T18:03:44.801Z daemon INFO time="2026-02-17T18:03:44Z" level=info msg="Tool required for debug" tool="arduino:arduinoOTA@1.3.0"
2026-02-17 18:03:44 2026-02-17T18:03:44.801Z daemon INFO time="2026-02-17T18:03:44Z" level=info msg="Tool required for debug" tool="builtin:ctags@5.8-arduino11"
2026-02-17 18:03:44 2026-02-17T18:03:44.801Z daemon INFO time="2026-02-17T18:03:44Z" level=info msg="Tool required for debug" tool="builtin:mdns-discovery@1.0.12"
2026-02-17 18:03:44 2026-02-17T18:03:44.803Z daemon INFO time="2026-02-17T18:03:44Z" level=info msg="Tool required for debug" tool="arduino:dfu-util@0.11.0-arduino5"
time="2026-02-17T18:03:44Z" level=info msg="Tool required for debug" tool="esp32:esp-rv32@2511"
time="2026-02-17T18:03:44Z" level=info msg="Tool required for debug" tool="esp32:esp-x32@2511"
2026-02-17 18:03:44 2026-02-17T18:03:44.803Z daemon INFO time="2026-02-17T18:03:44Z" level=info msg="Tool required for debug" tool="esp32:esp32-libs@3.3.6"
time="2026-02-17T18:03:44Z" level=info msg="Tool required for debug" tool="esp32:esp32c3-libs@3.3.6"
time="2026-02-17T18:03:44Z" level=info msg="Tool required for debug" tool="esp32:esp32c5-libs@3.3.6"
time="2026-02-17T18:03:44Z" level=info msg="Tool required for debug" tool="esp32:esp32c6-libs@3.3.6"
time="2026-02-17T18:03:44Z" level=info msg="Tool required for debug" tool="esp32:esp32h2-libs@3.3.6"
time="2026-02-17T18:03:44Z" level=info msg="Tool required for debug" tool="esp32:esp32p4-libs@3.3.6"
time="2026-02-17T18:03:44Z" level=info msg="Tool required for debug" tool="esp32:esp32p4_es-libs@3.3.6"
time="2026-02-17T18:03:44Z" level=info msg="Tool required for debug" tool="esp32:esp32s2-libs@3.3.6"
time="2026-02-17T18:03:44Z" level=info msg="Tool required for debug" tool="esp32:esp32s3-libs@3.3.6"
2026-02-17 18:03:44 2026-02-17T18:03:44.803Z daemon INFO time="2026-02-17T18:03:44Z" level=info msg="Tool required for debug" tool="esp32:esptool_py@5.1.0"
time="2026-02-17T18:03:44Z" level=info msg="Tool required for debug" tool="esp32:mklittlefs@4.0.2-db0513a"
time="2026-02-17T18:03:44Z" level=info msg="Tool required for debug" tool="esp32:mkspiffs@0.2.3"
time="2026-02-17T18:03:44Z" level=info msg="Tool required for debug" tool="esp32:openocd-esp32@v0.12.0-esp32-20251215"
2026-02-17 18:03:44 2026-02-17T18:03:44.803Z daemon INFO time="2026-02-17T18:03:44Z" level=info msg="Tool required for debug" tool="esp32:riscv32-esp-elf-gdb@16.3_20250913"
time="2026-02-17T18:03:44Z" level=info msg="Tool required for debug" tool="esp32:xtensa-esp-elf-gdb@16.3_20250913"
time="2026-02-17T18:03:44Z" level=info msg="Tool required for debug" tool="esp8266:python3@3.7.2-post1"
2026-02-17 18:03:44 2026-02-17T18:03:44.803Z daemon INFO time="2026-02-17T18:03:44Z" level=info msg="Tool required for debug" tool="arduino:arduinoOTA@1.3.0"
time="2026-02-17T18:03:44Z" level=info msg="Tool required for debug" tool="esp8266:xtensa-lx106-elf-gcc@3.1.0-gcc10.3-e5f9fec"
time="2026-02-17T18:03:44Z" level=info msg="Tool required for debug" tool="arduino:avrdude@8.0.0-arduino1"
2026-02-17 18:03:44 2026-02-17T18:03:44.803Z daemon INFO time="2026-02-17T18:03:44Z" level=info msg="Tool required for debug" tool="builtin:mdns-discovery@1.0.12"
time="2026-02-17T18:03:44Z" level=info msg="Tool required for debug" tool="builtin:serial-discovery@1.4.3"
2026-02-17 18:03:44 2026-02-17T18:03:44.803Z daemon INFO time="2026-02-17T18:03:44Z" level=info msg="Tool required for debug" tool="builtin:serial-monitor@0.15.0"
time="2026-02-17T18:03:44Z" level=info msg="Tool required for debug" tool="arduino:avr-gcc@7.3.0-atmel3.6.1-arduino7"
2026-02-17 18:03:44 2026-02-17T18:03:44.803Z daemon INFO time="2026-02-17T18:03:44Z" level=info msg="Tool required for debug" tool="builtin:dfu-discovery@0.1.2"
2026-02-17 18:03:44 2026-02-17T18:03:44.803Z daemon INFO time="2026-02-17T18:03:44Z" level=info msg="Tool required for debug" tool="builtin:ctags@5.8-arduino11"
2026-02-17 18:03:44 2026-02-17T18:03:44.804Z daemon INFO time="2026-02-17T18:03:44Z" level=info msg="Tool required for debug" tool="arduino:dfu-util@0.11.0-arduino5"
time="2026-02-17T18:03:44Z" level=info msg="Tool required for debug" tool="esp32:esp-rv32@2511"
time="2026-02-17T18:03:44Z" level=info msg="Tool required for debug" tool="esp32:esp-x32@2511"
2026-02-17 18:03:44 2026-02-17T18:03:44.804Z daemon INFO time="2026-02-17T18:03:44Z" level=info msg="Tool required for debug" tool="esp32:esp32-libs@3.3.6"
time="2026-02-17T18:03:44Z" level=info msg="Tool required for debug" tool="esp32:esp32c3-libs@3.3.6"
time="2026-02-17T18:03:44Z" level=info msg="Tool required for debug" tool="esp32:esp32c5-libs@3.3.6"
time="2026-02-17T18:03:44Z" level=info msg="Tool required for debug" tool="esp32:esp32c6-libs@3.3.6"
time="2026-02-17T18:03:44Z" level=info msg="Tool required for debug" tool="esp32:esp32h2-libs@3.3.6"
time="2026-02-17T18:03:44Z" level=info msg="Tool required for debug" tool="esp32:esp32p4-libs@3.3.6"
time="2026-02-17T18:03:44Z" level=info msg="Tool required for debug" tool="esp32:esp32p4_es-libs@3.3.6"
time="2026-02-17T18:03:44Z" level=info msg="Tool required for debug" tool="esp32:esp32s2-libs@3.3.6"
time="2026-02-17T18:03:44Z" level=info msg="Tool required for debug" tool="esp32:esp32s3-libs@3.3.6"
2026-02-17 18:03:44 2026-02-17T18:03:44.804Z daemon INFO time="2026-02-17T18:03:44Z" level=info msg="Tool required for debug" tool="esp32:esptool_py@5.1.0"
time="2026-02-17T18:03:44Z" level=info msg="Tool required for debug" tool="esp32:mklittlefs@4.0.2-db0513a"
time="2026-02-17T18:03:44Z" level=info msg="Tool required for debug" tool="esp32:mkspiffs@0.2.3"
time="2026-02-17T18:03:44Z" level=info msg="Tool required for debug" tool="esp32:openocd-esp32@v0.12.0-esp32-20251215"
2026-02-17 18:03:44 2026-02-17T18:03:44.804Z daemon INFO time="2026-02-17T18:03:44Z" level=info msg="Tool required for debug" tool="esp32:riscv32-esp-elf-gdb@16.3_20250913"
time="2026-02-17T18:03:44Z" level=info msg="Tool required for debug" tool="esp32:xtensa-esp-elf-gdb@16.3_20250913"
time="2026-02-17T18:03:44Z" level=info msg="Tool required for debug" tool="arduino:arduinoOTA@1.3.0"
2026-02-17 18:03:44 2026-02-17T18:03:44.804Z daemon INFO time="2026-02-17T18:03:44Z" level=info msg="Tool required for debug" tool="arduino:avr-gcc@7.3.0-atmel3.6.1-arduino7"
time="2026-02-17T18:03:44Z" level=info msg="Tool required for debug" tool="builtin:mdns-discovery@1.0.12"
2026-02-17 18:03:44 2026-02-17T18:03:44.804Z daemon INFO time="2026-02-17T18:03:44Z" level=info msg="Tool required for debug" tool="builtin:serial-discovery@1.4.3"
2026-02-17 18:03:44 2026-02-17T18:03:44.804Z daemon INFO time="2026-02-17T18:03:44Z" level=info msg="Tool required for debug" tool="builtin:serial-monitor@0.15.0"
2026-02-17 18:03:44 2026-02-17T18:03:44.804Z daemon INFO time="2026-02-17T18:03:44Z" level=info msg="Tool required for debug" tool="esp8266:python3@3.7.2-post1"
time="2026-02-17T18:03:44Z" level=info msg="Tool required for debug" tool="esp8266:xtensa-lx106-elf-gcc@3.1.0-gcc10.3-e5f9fec"
time="2026-02-17T18:03:44Z" level=info msg="Tool required for debug" tool="builtin:ctags@5.8-arduino11"
2026-02-17 18:03:44 2026-02-17T18:03:44.804Z daemon INFO time="2026-02-17T18:03:44Z" level=info msg="Tool required for debug" tool="builtin:dfu-discovery@0.1.2"
2026-02-17 18:03:44 2026-02-17T18:03:44.804Z daemon INFO time="2026-02-17T18:03:44Z" level=info msg="Tool required for debug" tool="arduino:avrdude@8.0.0-arduino1"
2026-02-17 18:03:44 2026-02-17T18:03:44.805Z daemon INFO time="2026-02-17T18:03:44Z" level=info msg="Tool required for debug" tool="arduino:dfu-util@0.11.0-arduino5"
time="2026-02-17T18:03:44Z" level=info msg="Tool required for debug" tool="esp32:esp-rv32@2511"
2026-02-17 18:03:44 2026-02-17T18:03:44.805Z daemon INFO time="2026-02-17T18:03:44Z" level=info msg="Tool required for debug" tool="esp32:esp-x32@2511"
time="2026-02-17T18:03:44Z" level=info msg="Tool required for debug" tool="esp32:esp32-libs@3.3.6"
time="2026-02-17T18:03:44Z" level=info msg="Tool required for debug" tool="esp32:esp32c3-libs@3.3.6"
time="2026-02-17T18:03:44Z" level=info msg="Tool required for debug" tool="esp32:esp32c5-libs@3.3.6"
2026-02-17 18:03:44 2026-02-17T18:03:44.805Z daemon INFO time="2026-02-17T18:03:44Z" level=info msg="Tool required for debug" tool="esp32:esp32c6-libs@3.3.6"
time="2026-02-17T18:03:44Z" level=info msg="Tool required for debug" tool="esp32:esp32h2-libs@3.3.6"
time="2026-02-17T18:03:44Z" level=info msg="Tool required for debug" tool="esp32:esp32p4-libs@3.3.6"
time="2026-02-17T18:03:44Z" level=info msg="Tool required for debug" tool="esp32:esp32p4_es-libs@3.3.6"
2026-02-17 18:03:44 2026-02-17T18:03:44.805Z daemon INFO time="2026-02-17T18:03:44Z" level=info msg="Tool required for debug" tool="esp32:esp32s2-libs@3.3.6"
time="2026-02-17T18:03:44Z" level=info msg="Tool required for debug" tool="esp32:esp32s3-libs@3.3.6"
time="2026-02-17T18:03:44Z" level=info msg="Tool required for debug" tool="esp32:esptool_py@5.1.0"
2026-02-17 18:03:44 2026-02-17T18:03:44.805Z daemon INFO time="2026-02-17T18:03:44Z" level=info msg="Tool required for debug" tool="esp32:mklittlefs@4.0.2-db0513a"
time="2026-02-17T18:03:44Z" level=info msg="Tool required for debug" tool="esp32:mkspiffs@0.2.3"
2026-02-17 18:03:44 2026-02-17T18:03:44.805Z daemon INFO time="2026-02-17T18:03:44Z" level=info msg="Tool required for debug" tool="esp32:openocd-esp32@v0.12.0-esp32-20251215"
time="2026-02-17T18:03:44Z" level=info msg="Tool required for debug" tool="esp32:riscv32-esp-elf-gdb@16.3_20250913"
2026-02-17 18:03:44 2026-02-17T18:03:44.805Z daemon INFO time="2026-02-17T18:03:44Z" level=info msg="Tool required for debug" tool="esp32:xtensa-esp-elf-gdb@16.3_20250913"
time="2026-02-17T18:03:44Z" level=info msg="Tool required for debug" tool="esp8266:xtensa-lx106-elf-gcc@3.1.0-gcc10.3-e5f9fec"
time="2026-02-17T18:03:44Z" level=info msg="Tool required for debug" tool="arduino:avr-gcc@7.3.0-atmel3.6.1-arduino7"
2026-02-17 18:03:44 2026-02-17T18:03:44.805Z daemon INFO time="2026-02-17T18:03:44Z" level=info msg="Tool required for debug" tool="builtin:dfu-discovery@0.1.2"
time="2026-02-17T18:03:44Z" level=info msg="Tool required for debug" tool="builtin:mdns-discovery@1.0.12"
2026-02-17 18:03:44 2026-02-17T18:03:44.805Z daemon INFO time="2026-02-17T18:03:44Z" level=info msg="Tool required for debug" tool="esp8266:python3@3.7.2-post1"
2026-02-17 18:03:44 2026-02-17T18:03:44.805Z daemon INFO time="2026-02-17T18:03:44Z" level=info msg="Tool required for debug" tool="arduino:avrdude@8.0.0-arduino1"
time="2026-02-17T18:03:44Z" level=info msg="Tool required for debug" tool="builtin:serial-discovery@1.4.3"
2026-02-17 18:03:44 2026-02-17T18:03:44.805Z daemon INFO time="2026-02-17T18:03:44Z" level=info msg="Tool required for debug" tool="builtin:serial-monitor@0.15.0"
2026-02-17 18:03:44 2026-02-17T18:03:44.805Z daemon INFO time="2026-02-17T18:03:44Z" level=info msg="Tool required for debug" tool="builtin:ctags@5.8-arduino11"
2026-02-17 18:03:44 2026-02-17T18:03:44.805Z daemon INFO time="2026-02-17T18:03:44Z" level=info msg="Tool required for debug" tool="arduino:arduinoOTA@1.3.0"
2026-02-17 18:03:44 2026-02-17T18:03:44.806Z daemon INFO time="2026-02-17T18:03:44Z" level=info msg="Tool required for debug" tool="arduino:dfu-util@0.11.0-arduino5"
time="2026-02-17T18:03:44Z" level=info msg="Tool required for debug" tool="esp32:esp-rv32@2511"
2026-02-17 18:03:44 2026-02-17T18:03:44.806Z daemon INFO time="2026-02-17T18:03:44Z" level=info msg="Tool required for debug" tool="esp32:esp-x32@2511"
time="2026-02-17T18:03:44Z" level=info msg="Tool required for debug" tool="esp32:esp32-libs@3.3.6"
time="2026-02-17T18:03:44Z" level=info msg="Tool required for debug" tool="esp32:esp32c3-libs@3.3.6"
time="2026-02-17T18:03:44Z" level=info msg="Tool required for debug" tool="esp32:esp32c5-libs@3.3.6"
time="2026-02-17T18:03:44Z" level=info msg="Tool required for debug" tool="esp32:esp32c6-libs@3.3.6"
time="2026-02-17T18:03:44Z" level=info msg="Tool required for debug" tool="esp32:esp32h2-libs@3.3.6"
2026-02-17 18:03:44 2026-02-17T18:03:44.806Z daemon INFO time="2026-02-17T18:03:44Z" level=info msg="Tool required for debug" tool="esp32:esp32p4-libs@3.3.6"
time="2026-02-17T18:03:44Z" level=info msg="Tool required for debug" tool="esp32:esp32p4_es-libs@3.3.6"
time="2026-02-17T18:03:44Z" level=info msg="Tool required for debug" tool="esp32:esp32s2-libs@3.3.6"
time="2026-02-17T18:03:44Z" level=info msg="Tool required for debug" tool="esp32:esp32s3-libs@3.3.6"
time="2026-02-17T18:03:44Z" level=info msg="Tool required for debug" tool="esp32:esptool_py@5.1.0"
2026-02-17 18:03:44 2026-02-17T18:03:44.806Z daemon INFO time="2026-02-17T18:03:44Z" level=info msg="Tool required for debug" tool="esp32:mklittlefs@4.0.2-db0513a"
time="2026-02-17T18:03:44Z" level=info msg="Tool required for debug" tool="esp32:mkspiffs@0.2.3"
2026-02-17 18:03:44 2026-02-17T18:03:44.806Z daemon INFO time="2026-02-17T18:03:44Z" level=info msg="Tool required for debug" tool="esp32:openocd-esp32@v0.12.0-esp32-20251215"
time="2026-02-17T18:03:44Z" level=info msg="Tool required for debug" tool="esp32:riscv32-esp-elf-gdb@16.3_20250913"
time="2026-02-17T18:03:44Z" level=info msg="Tool required for debug" tool="esp32:xtensa-esp-elf-gdb@16.3_20250913"
2026-02-17 18:03:44 2026-02-17T18:03:44.806Z daemon INFO time="2026-02-17T18:03:44Z" level=info msg="Tool required for debug" tool="arduino:avrdude@8.0.0-arduino1"
time="2026-02-17T18:03:44Z" level=info msg="Tool required for debug" tool="arduino:avr-gcc@7.3.0-atmel3.6.1-arduino7"
2026-02-17 18:03:44 2026-02-17T18:03:44.806Z daemon INFO time="2026-02-17T18:03:44Z" level=info msg="Tool required for debug" tool="builtin:ctags@5.8-arduino11"
time="2026-02-17T18:03:44Z" level=info msg="Tool required for debug" tool="builtin:serial-monitor@0.15.0"
time="2026-02-17T18:03:44Z" level=info msg="Tool required for debug" tool="esp8266:python3@3.7.2-post1"
2026-02-17 18:03:44 2026-02-17T18:03:44.806Z daemon INFO time="2026-02-17T18:03:44Z" level=info msg="Tool required for debug" tool="arduino:arduinoOTA@1.3.0"
time="2026-02-17T18:03:44Z" level=info msg="Tool required for debug" tool="esp8266:xtensa-lx106-elf-gcc@3.1.0-gcc10.3-e5f9fec"
2026-02-17 18:03:44 2026-02-17T18:03:44.806Z daemon INFO time="2026-02-17T18:03:44Z" level=info msg="Tool required for debug" tool="builtin:dfu-discovery@0.1.2"
time="2026-02-17T18:03:44Z" level=info msg="Tool required for debug" tool="builtin:mdns-discovery@1.0.12"
2026-02-17 18:03:44 2026-02-17T18:03:44.807Z daemon INFO time="2026-02-17T18:03:44Z" level=info msg="Tool required for debug" tool="builtin:serial-discovery@1.4.3"
2026-02-17 18:03:44 2026-02-17T18:03:44.808Z daemon INFO time="2026-02-17T18:03:44Z" level=info msg="Tool required for debug" tool="arduino:dfu-util@0.11.0-arduino5"
time="2026-02-17T18:03:44Z" level=info msg="Tool required for debug" tool="esp32:esp-rv32@2511"
time="2026-02-17T18:03:44Z" level=info msg="Tool required for debug" tool="esp32:esp-x32@2511"
2026-02-17 18:03:44 2026-02-17T18:03:44.808Z daemon INFO time="2026-02-17T18:03:44Z" level=info msg="Tool required for debug" tool="esp32:esp32-libs@3.3.6"
time="2026-02-17T18:03:44Z" level=info msg="Tool required for debug" tool="esp32:esp32c3-libs@3.3.6"
time="2026-02-17T18:03:44Z" level=info msg="Tool required for debug" tool="esp32:esp32c5-libs@3.3.6"
time="2026-02-17T18:03:44Z" level=info msg="Tool required for debug" tool="esp32:esp32c6-libs@3.3.6"
time="2026-02-17T18:03:44Z" level=info msg="Tool required for debug" tool="esp32:esp32h2-libs@3.3.6"
time="2026-02-17T18:03:44Z" level=info msg="Tool required for debug" tool="esp32:esp32p4-libs@3.3.6"
time="2026-02-17T18:03:44Z" level=info msg="Tool required for debug" tool="esp32:esp32p4_es-libs@3.3.6"
time="2026-02-17T18:03:44Z" level=info msg="Tool required for debug" tool="esp32:esp32s2-libs@3.3.6"
time="2026-02-17T18:03:44Z" level=info msg="Tool required for debug" tool="esp32:esp32s3-libs@3.3.6"
time="2026-02-17T18:03:44Z" level=info msg="Tool required for debug" tool="esp32:esptool_py@5.1.0"
time="2026-02-17T18:03:44Z" level=info msg="Tool required for debug" tool="esp32:mklittlefs@4.0.2-db0513a"
time="2026-02-17T18:03:44Z" level=info msg="Tool required for debug" tool="esp32:mkspiffs@0.2.3"
2026-02-17 18:03:44 2026-02-17T18:03:44.808Z daemon INFO time="2026-02-17T18:03:44Z" level=info msg="Tool required for debug" tool="esp32:openocd-esp32@v0.12.0-esp32-20251215"
time="2026-02-17T18:03:44Z" level=info msg="Tool required for debug" tool="esp32:riscv32-esp-elf-gdb@16.3_20250913"
time="2026-02-17T18:03:44Z" level=info msg="Tool required for debug" tool="esp32:xtensa-esp-elf-gdb@16.3_20250913"
time="2026-02-17T18:03:44Z" level=info msg="Tool required for debug" tool="esp8266:python3@3.7.2-post1"
time="2026-02-17T18:03:44Z" level=info msg="Tool required for debug" tool="arduino:avrdude@8.0.0-arduino1"
time="2026-02-17T18:03:44Z" level=info msg="Tool required for debug" tool="builtin:serial-discovery@1.4.3"
2026-02-17 18:03:44 2026-02-17T18:03:44.808Z daemon INFO time="2026-02-17T18:03:44Z" level=info msg="Tool required for debug" tool="esp8266:xtensa-lx106-elf-gcc@3.1.0-gcc10.3-e5f9fec"
time="2026-02-17T18:03:44Z" level=info msg="Tool required for debug" tool="arduino:avr-gcc@7.3.0-atmel3.6.1-arduino7"
time="2026-02-17T18:03:44Z" level=info msg="Tool required for debug" tool="builtin:dfu-discovery@0.1.2"
time="2026-02-17T18:03:44Z" level=info msg="Tool required for debug" tool="builtin:serial-monitor@0.15.0"
2026-02-17 18:03:44 2026-02-17T18:03:44.808Z daemon INFO time="2026-02-17T18:03:44Z" level=info msg="Tool required for debug" tool="builtin:mdns-discovery@1.0.12"
time="2026-02-17T18:03:44Z" level=info msg="Tool required for debug" tool="arduino:arduinoOTA@1.3.0"
2026-02-17 18:03:44 2026-02-17T18:03:44.808Z daemon INFO time="2026-02-17T18:03:44Z" level=info msg="Tool required for debug" tool="builtin:ctags@5.8-arduino11"
2026-02-17 18:03:44 2026-02-17T18:03:44.809Z daemon INFO time="2026-02-17T18:03:44Z" level=info msg="Tool required for debug" tool="arduino:dfu-util@0.11.0-arduino5"
time="2026-02-17T18:03:44Z" level=info msg="Tool required for debug" tool="esp32:esp-rv32@2511"
2026-02-17 18:03:44 2026-02-17T18:03:44.809Z daemon INFO time="2026-02-17T18:03:44Z" level=info msg="Tool required for debug" tool="esp32:esp-x32@2511"
time="2026-02-17T18:03:44Z" level=info msg="Tool required for debug" tool="esp32:esp32-libs@3.3.6"
time="2026-02-17T18:03:44Z" level=info msg="Tool required for debug" tool="esp32:esp32c3-libs@3.3.6"
time="2026-02-17T18:03:44Z" level=info msg="Tool required for debug" tool="esp32:esp32c5-libs@3.3.6"
time="2026-02-17T18:03:44Z" level=info msg="Tool required for debug" tool="esp32:esp32c6-libs@3.3.6"
time="2026-02-17T18:03:44Z" level=info msg="Tool required for debug" tool="esp32:esp32h2-libs@3.3.6"
time="2026-02-17T18:03:44Z" level=info msg="Tool required for debug" tool="esp32:esp32p4-libs@3.3.6"
2026-02-17 18:03:44 2026-02-17T18:03:44.809Z daemon INFO time="2026-02-17T18:03:44Z" level=info msg="Tool required for debug" tool="esp32:esp32p4_es-libs@3.3.6"
time="2026-02-17T18:03:44Z" level=info msg="Tool required for debug" tool="esp32:esp32s2-libs@3.3.6"
time="2026-02-17T18:03:44Z" level=info msg="Tool required for debug" tool="esp32:esp32s3-libs@3.3.6"
time="2026-02-17T18:03:44Z" level=info msg="Tool required for debug" tool="esp32:esptool_py@5.1.0"
2026-02-17 18:03:44 2026-02-17T18:03:44.809Z daemon INFO time="2026-02-17T18:03:44Z" level=info msg="Tool required for debug" tool="esp32:mklittlefs@4.0.2-db0513a"
time="2026-02-17T18:03:44Z" level=info msg="Tool required for debug" tool="esp32:mkspiffs@0.2.3"
time="2026-02-17T18:03:44Z" level=info msg="Tool required for debug" tool="esp32:openocd-esp32@v0.12.0-esp32-20251215"
2026-02-17 18:03:44 2026-02-17T18:03:44.809Z daemon INFO time="2026-02-17T18:03:44Z" level=info msg="Tool required for debug" tool="esp32:riscv32-esp-elf-gdb@16.3_20250913"
time="2026-02-17T18:03:44Z" level=info msg="Tool required for debug" tool="esp32:xtensa-esp-elf-gdb@16.3_20250913"
time="2026-02-17T18:03:44Z" level=info msg="Tool required for debug" tool="builtin:serial-monitor@0.15.0"
2026-02-17 18:03:44 2026-02-17T18:03:44.809Z daemon INFO time="2026-02-17T18:03:44Z" level=info msg="Tool required for debug" tool="builtin:ctags@5.8-arduino11"
2026-02-17 18:03:44 2026-02-17T18:03:44.809Z daemon INFO time="2026-02-17T18:03:44Z" level=info msg="Tool required for debug" tool="builtin:serial-discovery@1.4.3"
time="2026-02-17T18:03:44Z" level=info msg="Tool required for debug" tool="builtin:dfu-discovery@0.1.2"
2026-02-17 18:03:44 2026-02-17T18:03:44.809Z daemon INFO time="2026-02-17T18:03:44Z" level=info msg="Tool required for debug" tool="arduino:avrdude@8.0.0-arduino1"
2026-02-17 18:03:44 2026-02-17T18:03:44.809Z daemon INFO time="2026-02-17T18:03:44Z" level=info msg="Tool required for debug" tool="arduino:arduinoOTA@1.3.0"
time="2026-02-17T18:03:44Z" level=info msg="Tool required for debug" tool="arduino:avr-gcc@7.3.0-atmel3.6.1-arduino7"
time="2026-02-17T18:03:44Z" level=info msg="Tool required for debug" tool="builtin:mdns-discovery@1.0.12"
2026-02-17 18:03:44 2026-02-17T18:03:44.809Z daemon INFO time="2026-02-17T18:03:44Z" level=info msg="Tool required for debug" tool="esp8266:python3@3.7.2-post1"
time="2026-02-17T18:03:44Z" level=info msg="Tool required for debug" tool="esp8266:xtensa-lx106-elf-gcc@3.1.0-gcc10.3-e5f9fec"
2026-02-17 18:03:44 2026-02-17T18:03:44.810Z daemon INFO time="2026-02-17T18:03:44Z" level=info msg="Tool required for debug" tool="arduino:dfu-util@0.11.0-arduino5"
time="2026-02-17T18:03:44Z" level=info msg="Tool required for debug" tool="esp32:esp-rv32@2511"
2026-02-17 18:03:44 2026-02-17T18:03:44.810Z daemon INFO time="2026-02-17T18:03:44Z" level=info msg="Tool required for debug" tool="esp32:esp-x32@2511"
time="2026-02-17T18:03:44Z" level=info msg="Tool required for debug" tool="esp32:esp32-libs@3.3.6"
time="2026-02-17T18:03:44Z" level=info msg="Tool required for debug" tool="esp32:esp32c3-libs@3.3.6"
time="2026-02-17T18:03:44Z" level=info msg="Tool required for debug" tool="esp32:esp32c5-libs@3.3.6"
2026-02-17 18:03:44 2026-02-17T18:03:44.810Z daemon INFO time="2026-02-17T18:03:44Z" level=info msg="Tool required for debug" tool="esp32:esp32c6-libs@3.3.6"
time="2026-02-17T18:03:44Z" level=info msg="Tool required for debug" tool="esp32:esp32h2-libs@3.3.6"
time="2026-02-17T18:03:44Z" level=info msg="Tool required for debug" tool="esp32:esp32p4-libs@3.3.6"
2026-02-17 18:03:44 2026-02-17T18:03:44.810Z daemon INFO time="2026-02-17T18:03:44Z" level=info msg="Tool required for debug" tool="esp32:esp32p4_es-libs@3.3.6"
time="2026-02-17T18:03:44Z" level=info msg="Tool required for debug" tool="esp32:esp32s2-libs@3.3.6"
2026-02-17 18:03:44 2026-02-17T18:03:44.810Z daemon INFO time="2026-02-17T18:03:44Z" level=info msg="Tool required for debug" tool="esp32:esp32s3-libs@3.3.6"
time="2026-02-17T18:03:44Z" level=info msg="Tool required for debug" tool="esp32:esptool_py@5.1.0"
time="2026-02-17T18:03:44Z" level=info msg="Tool required for debug" tool="esp32:mklittlefs@4.0.2-db0513a"
2026-02-17 18:03:44 2026-02-17T18:03:44.810Z daemon INFO time="2026-02-17T18:03:44Z" level=info msg="Tool required for debug" tool="esp32:mkspiffs@0.2.3"
time="2026-02-17T18:03:44Z" level=info msg="Tool required for debug" tool="esp32:openocd-esp32@v0.12.0-esp32-20251215"
2026-02-17 18:03:44 2026-02-17T18:03:44.810Z daemon INFO time="2026-02-17T18:03:44Z" level=info msg="Tool required for debug" tool="esp32:riscv32-esp-elf-gdb@16.3_20250913"
time="2026-02-17T18:03:44Z" level=info msg="Tool required for debug" tool="esp32:xtensa-esp-elf-gdb@16.3_20250913"
2026-02-17 18:03:44 2026-02-17T18:03:44.810Z daemon INFO time="2026-02-17T18:03:44Z" level=info msg="Tool required for debug" tool="arduino:avr-gcc@7.3.0-atmel3.6.1-arduino7"
time="2026-02-17T18:03:44Z" level=info msg="Tool required for debug" tool="esp8266:python3@3.7.2-post1"
time="2026-02-17T18:03:44Z" level=info msg="Tool required for debug" tool="arduino:avrdude@8.0.0-arduino1"
2026-02-17 18:03:44 2026-02-17T18:03:44.810Z daemon INFO time="2026-02-17T18:03:44Z" level=info msg="Tool required for debug" tool="arduino:arduinoOTA@1.3.0"
time="2026-02-17T18:03:44Z" level=info msg="Tool required for debug" tool="builtin:dfu-discovery@0.1.2"
2026-02-17 18:03:44 2026-02-17T18:03:44.810Z daemon INFO time="2026-02-17T18:03:44Z" level=info msg="Tool required for debug" tool="builtin:mdns-discovery@1.0.12"
2026-02-17 18:03:44 2026-02-17T18:03:44.810Z daemon INFO time="2026-02-17T18:03:44Z" level=info msg="Tool required for debug" tool="esp8266:xtensa-lx106-elf-gcc@3.1.0-gcc10.3-e5f9fec"
time="2026-02-17T18:03:44Z" level=info msg="Tool required for debug" tool="builtin:ctags@5.8-arduino11"
2026-02-17 18:03:44 2026-02-17T18:03:44.810Z daemon INFO time="2026-02-17T18:03:44Z" level=info msg="Tool required for debug" tool="builtin:serial-discovery@1.4.3"
2026-02-17 18:03:44 2026-02-17T18:03:44.810Z daemon INFO time="2026-02-17T18:03:44Z" level=info msg="Tool required for debug" tool="builtin:serial-monitor@0.15.0"
2026-02-17 18:03:44 2026-02-17T18:03:44.812Z daemon INFO time="2026-02-17T18:03:44Z" level=info msg="Tool required for debug" tool="arduino:dfu-util@0.11.0-arduino5"
time="2026-02-17T18:03:44Z" level=info msg="Tool required for debug" tool="esp32:esp-rv32@2511"
2026-02-17 18:03:44 2026-02-17T18:03:44.812Z daemon INFO time="2026-02-17T18:03:44Z" level=info msg="Tool required for debug" tool="esp32:esp-x32@2511"
time="2026-02-17T18:03:44Z" level=info msg="Tool required for debug" tool="esp32:esp32-libs@3.3.6"
time="2026-02-17T18:03:44Z" level=info msg="Tool required for debug" tool="esp32:esp32c3-libs@3.3.6"
time="2026-02-17T18:03:44Z" level=info msg="Tool required for debug" tool="esp32:esp32c5-libs@3.3.6"
2026-02-17 18:03:44 2026-02-17T18:03:44.812Z daemon INFO time="2026-02-17T18:03:44Z" level=info msg="Tool required for debug" tool="esp32:esp32c6-libs@3.3.6"
time="2026-02-17T18:03:44Z" level=info msg="Tool required for debug" tool="esp32:esp32h2-libs@3.3.6"
time="2026-02-17T18:03:44Z" level=info msg="Tool required for debug" tool="esp32:esp32p4-libs@3.3.6"
2026-02-17 18:03:44 2026-02-17T18:03:44.812Z daemon INFO time="2026-02-17T18:03:44Z" level=info msg="Tool required for debug" tool="esp32:esp32p4_es-libs@3.3.6"
time="2026-02-17T18:03:44Z" level=info msg="Tool required for debug" tool="esp32:esp32s2-libs@3.3.6"
2026-02-17 18:03:44 2026-02-17T18:03:44.812Z daemon INFO time="2026-02-17T18:03:44Z" level=info msg="Tool required for debug" tool="esp32:esp32s3-libs@3.3.6"
time="2026-02-17T18:03:44Z" level=info msg="Tool required for debug" tool="esp32:esptool_py@5.1.0"
time="2026-02-17T18:03:44Z" level=info msg="Tool required for debug" tool="esp32:mklittlefs@4.0.2-db0513a"
2026-02-17 18:03:44 2026-02-17T18:03:44.812Z daemon INFO time="2026-02-17T18:03:44Z" level=info msg="Tool required for debug" tool="esp32:mkspiffs@0.2.3"
time="2026-02-17T18:03:44Z" level=info msg="Tool required for debug" tool="esp32:openocd-esp32@v0.12.0-esp32-20251215"
2026-02-17 18:03:44 2026-02-17T18:03:44.812Z daemon INFO time="2026-02-17T18:03:44Z" level=info msg="Tool required for debug" tool="esp32:riscv32-esp-elf-gdb@16.3_20250913"
time="2026-02-17T18:03:44Z" level=info msg="Tool required for debug" tool="esp32:xtensa-esp-elf-gdb@16.3_20250913"
2026-02-17 18:03:44 2026-02-17T18:03:44.812Z daemon INFO time="2026-02-17T18:03:44Z" level=info msg="Tool required for debug" tool="builtin:ctags@5.8-arduino11"
2026-02-17 18:03:44 2026-02-17T18:03:44.812Z daemon INFO time="2026-02-17T18:03:44Z" level=info msg="Tool required for debug" tool="builtin:serial-monitor@0.15.0"
time="2026-02-17T18:03:44Z" level=info msg="Tool required for debug" tool="builtin:mdns-discovery@1.0.12"
2026-02-17 18:03:44 2026-02-17T18:03:44.812Z daemon INFO time="2026-02-17T18:03:44Z" level=info msg="Tool required for debug" tool="builtin:serial-discovery@1.4.3"
2026-02-17 18:03:44 2026-02-17T18:03:44.812Z daemon INFO time="2026-02-17T18:03:44Z" level=info msg="Tool required for debug" tool="esp8266:xtensa-lx106-elf-gcc@3.1.0-gcc10.3-e5f9fec"
2026-02-17 18:03:44 2026-02-17T18:03:44.812Z daemon INFO time="2026-02-17T18:03:44Z" level=info msg="Tool required for debug" tool="esp8266:python3@3.7.2-post1"
time="2026-02-17T18:03:44Z" level=info msg="Tool required for debug" tool="builtin:dfu-discovery@0.1.2"
2026-02-17 18:03:44 2026-02-17T18:03:44.812Z daemon INFO time="2026-02-17T18:03:44Z" level=info msg="Tool required for debug" tool="arduino:arduinoOTA@1.3.0"
2026-02-17 18:03:44 2026-02-17T18:03:44.812Z daemon INFO time="2026-02-17T18:03:44Z" level=info msg="Tool required for debug" tool="arduino:avr-gcc@7.3.0-atmel3.6.1-arduino7"
time="2026-02-17T18:03:44Z" level=info msg="Tool required for debug" tool="arduino:avrdude@8.0.0-arduino1"
2026-02-17 18:03:44 2026-02-17T18:03:44.813Z daemon INFO time="2026-02-17T18:03:44Z" level=info msg="Tool required for debug" tool="arduino:dfu-util@0.11.0-arduino5"
time="2026-02-17T18:03:44Z" level=info msg="Tool required for debug" tool="esp32:esp-rv32@2511"
2026-02-17 18:03:44 2026-02-17T18:03:44.813Z daemon INFO time="2026-02-17T18:03:44Z" level=info msg="Tool required for debug" tool="esp32:esp-x32@2511"
time="2026-02-17T18:03:44Z" level=info msg="Tool required for debug" tool="esp32:esp32-libs@3.3.6"
time="2026-02-17T18:03:44Z" level=info msg="Tool required for debug" tool="esp32:esp32c3-libs@3.3.6"
2026-02-17 18:03:44 2026-02-17T18:03:44.813Z daemon INFO time="2026-02-17T18:03:44Z" level=info msg="Tool required for debug" tool="esp32:esp32c5-libs@3.3.6"
time="2026-02-17T18:03:44Z" level=info msg="Tool required for debug" tool="esp32:esp32c6-libs@3.3.6"
2026-02-17 18:03:44 2026-02-17T18:03:44.813Z daemon INFO time="2026-02-17T18:03:44Z" level=info msg="Tool required for debug" tool="esp32:esp32h2-libs@3.3.6"
time="2026-02-17T18:03:44Z" level=info msg="Tool required for debug" tool="esp32:esp32p4-libs@3.3.6"
time="2026-02-17T18:03:44Z" level=info msg="Tool required for debug" tool="esp32:esp32p4_es-libs@3.3.6"
2026-02-17 18:03:44 2026-02-17T18:03:44.813Z daemon INFO time="2026-02-17T18:03:44Z" level=info msg="Tool required for debug" tool="esp32:esp32s2-libs@3.3.6"
time="2026-02-17T18:03:44Z" level=info msg="Tool required for debug" tool="esp32:esp32s3-libs@3.3.6"
2026-02-17 18:03:44 2026-02-17T18:03:44.813Z daemon INFO time="2026-02-17T18:03:44Z" level=info msg="Tool required for debug" tool="esp32:esptool_py@5.1.0"
time="2026-02-17T18:03:44Z" level=info msg="Tool required for debug" tool="esp32:mklittlefs@4.0.2-db0513a"
2026-02-17 18:03:44 2026-02-17T18:03:44.813Z daemon INFO time="2026-02-17T18:03:44Z" level=info msg="Tool required for debug" tool="esp32:mkspiffs@0.2.3"
time="2026-02-17T18:03:44Z" level=info msg="Tool required for debug" tool="esp32:openocd-esp32@v0.12.0-esp32-20251215"
2026-02-17 18:03:44 2026-02-17T18:03:44.813Z daemon INFO time="2026-02-17T18:03:44Z" level=info msg="Tool required for debug" tool="esp32:riscv32-esp-elf-gdb@16.3_20250913"
time="2026-02-17T18:03:44Z" level=info msg="Tool required for debug" tool="esp32:xtensa-esp-elf-gdb@16.3_20250913"
time="2026-02-17T18:03:44Z" level=info msg="Tool required for debug" tool="arduino:avrdude@8.0.0-arduino1"
2026-02-17 18:03:44 2026-02-17T18:03:44.813Z daemon INFO time="2026-02-17T18:03:44Z" level=info msg="Tool required for debug" tool="builtin:ctags@5.8-arduino11"
time="2026-02-17T18:03:44Z" level=info msg="Tool required for debug" tool="builtin:dfu-discovery@0.1.2"
2026-02-17 18:03:44 2026-02-17T18:03:44.813Z daemon INFO time="2026-02-17T18:03:44Z" level=info msg="Tool required for debug" tool="arduino:arduinoOTA@1.3.0"
2026-02-17 18:03:44 2026-02-17T18:03:44.813Z daemon INFO time="2026-02-17T18:03:44Z" level=info msg="Tool required for debug" tool="builtin:serial-monitor@0.15.0"
time="2026-02-17T18:03:44Z" level=info msg="Tool required for debug" tool="esp8266:python3@3.7.2-post1"
2026-02-17 18:03:44 2026-02-17T18:03:44.813Z daemon INFO time="2026-02-17T18:03:44Z" level=info msg="Tool required for debug" tool="arduino:avr-gcc@7.3.0-atmel3.6.1-arduino7"
time="2026-02-17T18:03:44Z" level=info msg="Tool required for debug" tool="builtin:serial-discovery@1.4.3"
time="2026-02-17T18:03:44Z" level=info msg="Tool required for debug" tool="builtin:mdns-discovery@1.0.12"
time="2026-02-17T18:03:44Z" level=info msg="Tool required for debug" tool="esp8266:xtensa-lx106-elf-gcc@3.1.0-gcc10.3-e5f9fec"
2026-02-17 18:03:44 2026-02-17T18:03:44.814Z daemon INFO time="2026-02-17T18:03:44Z" level=info msg="Tool required for debug" tool="arduino:dfu-util@0.11.0-arduino5"
time="2026-02-17T18:03:44Z" level=info msg="Tool required for debug" tool="esp32:esp-rv32@2511"
2026-02-17 18:03:44 2026-02-17T18:03:44.814Z daemon INFO time="2026-02-17T18:03:44Z" level=info msg="Tool required for debug" tool="esp32:esp-x32@2511"
time="2026-02-17T18:03:44Z" level=info msg="Tool required for debug" tool="esp32:esp32-libs@3.3.6"
time="2026-02-17T18:03:44Z" level=info msg="Tool required for debug" tool="esp32:esp32c3-libs@3.3.6"
time="2026-02-17T18:03:44Z" level=info msg="Tool required for debug" tool="esp32:esp32c5-libs@3.3.6"
time="2026-02-17T18:03:44Z" level=info msg="Tool required for debug" tool="esp32:esp32c6-libs@3.3.6"
time="2026-02-17T18:03:44Z" level=info msg="Tool required for debug" tool="esp32:esp32h2-libs@3.3.6"
time="2026-02-17T18:03:44Z" level=info msg="Tool required for debug" tool="esp32:esp32p4-libs@3.3.6"
time="2026-02-17T18:03:44Z" level=info msg="Tool required for debug" tool="esp32:esp32p4_es-libs@3.3.6"
time="2026-02-17T18:03:44Z" level=info msg="Tool required for debug" tool="esp32:esp32s2-libs@3.3.6"
time="2026-02-17T18:03:44Z" level=info msg="Tool required for debug" tool="esp32:esp32s3-libs@3.3.6"
2026-02-17 18:03:44 2026-02-17T18:03:44.814Z daemon INFO time="2026-02-17T18:03:44Z" level=info msg="Tool required for debug" tool="esp32:esptool_py@5.1.0"
time="2026-02-17T18:03:44Z" level=info msg="Tool required for debug" tool="esp32:mklittlefs@4.0.2-db0513a"
time="2026-02-17T18:03:44Z" level=info msg="Tool required for debug" tool="esp32:mkspiffs@0.2.3"
time="2026-02-17T18:03:44Z" level=info msg="Tool required for debug" tool="esp32:openocd-esp32@v0.12.0-esp32-20251215"
2026-02-17 18:03:44 2026-02-17T18:03:44.814Z daemon INFO time="2026-02-17T18:03:44Z" level=info msg="Tool required for debug" tool="esp32:riscv32-esp-elf-gdb@16.3_20250913"
time="2026-02-17T18:03:44Z" level=info msg="Tool required for debug" tool="esp32:xtensa-esp-elf-gdb@16.3_20250913"
time="2026-02-17T18:03:44Z" level=info msg="Tool required for debug" tool="builtin:dfu-discovery@0.1.2"
2026-02-17 18:03:44 2026-02-17T18:03:44.814Z daemon INFO time="2026-02-17T18:03:44Z" level=info msg="Tool required for debug" tool="builtin:serial-monitor@0.15.0"
2026-02-17 18:03:44 2026-02-17T18:03:44.814Z daemon INFO time="2026-02-17T18:03:44Z" level=info msg="Tool required for debug" tool="esp8266:python3@3.7.2-post1"
time="2026-02-17T18:03:44Z" level=info msg="Tool required for debug" tool="builtin:mdns-discovery@1.0.12"
2026-02-17 18:03:44 2026-02-17T18:03:44.814Z daemon INFO time="2026-02-17T18:03:44Z" level=info msg="Tool required for debug" tool="arduino:arduinoOTA@1.3.0"
2026-02-17 18:03:44 2026-02-17T18:03:44.814Z daemon INFO time="2026-02-17T18:03:44Z" level=info msg="Tool required for debug" tool="arduino:avr-gcc@7.3.0-atmel3.6.1-arduino7"
time="2026-02-17T18:03:44Z" level=info msg="Tool required for debug" tool="builtin:ctags@5.8-arduino11"
2026-02-17 18:03:44 2026-02-17T18:03:44.814Z daemon INFO time="2026-02-17T18:03:44Z" level=info msg="Tool required for debug" tool="builtin:serial-discovery@1.4.3"
2026-02-17 18:03:44 2026-02-17T18:03:44.814Z daemon INFO time="2026-02-17T18:03:44Z" level=info msg="Tool required for debug" tool="esp8266:xtensa-lx106-elf-gcc@3.1.0-gcc10.3-e5f9fec"
time="2026-02-17T18:03:44Z" level=info msg="Tool required for debug" tool="arduino:avrdude@8.0.0-arduino1"
2026-02-17 18:03:45 2026-02-17T18:03:45.502Z daemon INFO time="2026-02-17T18:03:45Z" level=error msg="Upload port detection failed, watcher closed" task=port_detection
2026-02-17 18:03:45 2026-02-17T18:03:45.777Z daemon INFO time="2026-02-17T18:03:45Z" level=info msg="Adding libraries dir" dir=/home/shrek/.arduino15/libraries isSingleLibrary=false location=ide
2026-02-17 18:03:45 2026-02-17T18:03:45.777Z daemon INFO time="2026-02-17T18:03:45Z" level=info msg="Adding libraries dir" dir=/home/shrek/.arduino15/packages/esp32/hardware/esp32/3.3.6/libraries isSingleLibrary=false location=platform
time="2026-02-17T18:03:45Z" level=info msg="Adding libraries dir" dir=/home/shrek/Arduino/libraries isSingleLibrary=false location=user
2026-02-17 18:04:17 2026-02-17T18:04:17.344Z root INFO Starting language server: esp8266:esp8266:generic:led=2,baud=115200,xtal=80,CrystalFreq=26,eesz=1M64,FlashMode=dout,FlashFreq=40,ResetMethod=nodemcu,dbg=Disabled,lvl=None____,ip=lm2f,vt=flash,exception=disabled,stacksmash=disabled,wipe=none,sdk=nonosdk_190703,ssl=all,mmu=3232,non32xfer=fast
2026-02-17 18:04:17 2026-02-17T18:04:17.345Z daemon INFO time="2026-02-17T18:04:17Z" level=info msg="Tool required for debug" tool="esp8266:mklittlefs@3.1.0-gcc10.3-e5f9fec"
time="2026-02-17T18:04:17Z" level=info msg="Tool required for debug" tool="esp8266:mkspiffs@3.1.0-gcc10.3-e5f9fec"
2026-02-17 18:04:17 2026-02-17T18:04:17.345Z daemon INFO time="2026-02-17T18:04:17Z" level=info msg="Tool required for debug" tool="esp8266:python3@3.7.2-post1"
time="2026-02-17T18:04:17Z" level=info msg="Tool required for debug" tool="esp8266:xtensa-lx106-elf-gcc@3.1.0-gcc10.3-e5f9fec"
time="2026-02-17T18:04:17Z" level=info msg="Tool required for debug" tool="arduino:dfu-util@0.11.0-arduino5"
time="2026-02-17T18:04:17Z" level=info msg="Tool required for debug" tool="builtin:serial-discovery@1.4.3"
time="2026-02-17T18:04:17Z" level=info msg="Tool required for debug" tool="esp32:esp-x32@2511"
time="2026-02-17T18:04:17Z" level=info msg="Tool required for debug" tool="esp32:esp32p4_es-libs@3.3.6"
time="2026-02-17T18:04:17Z" level=info msg="Tool required for debug" tool="esp32:esp32s3-libs@3.3.6"
2026-02-17 18:04:17 2026-02-17T18:04:17.345Z daemon INFO time="2026-02-17T18:04:17Z" level=info msg="Tool required for debug" tool="arduino:avrdude@8.0.0-arduino1"
time="2026-02-17T18:04:17Z" level=info msg="Tool required for debug" tool="arduino:avr-gcc@7.3.0-atmel3.6.1-arduino7"
time="2026-02-17T18:04:17Z" level=info msg="Tool required for debug" tool="esp32:esp32h2-libs@3.3.6"
time="2026-02-17T18:04:17Z" level=info msg="Tool required for debug" tool="esp32:esp32p4-libs@3.3.6"
time="2026-02-17T18:04:17Z" level=info msg="Tool required for debug" tool="esp32:esp32c6-libs@3.3.6"
2026-02-17 18:04:17 2026-02-17T18:04:17.345Z daemon INFO time="2026-02-17T18:04:17Z" level=info msg="Tool required for debug" tool="esp32:esptool_py@5.1.0"
time="2026-02-17T18:04:17Z" level=info msg="Tool required for debug" tool="esp32:esp32s2-libs@3.3.6"
time="2026-02-17T18:04:17Z" level=info msg="Tool required for debug" tool="arduino:arduinoOTA@1.3.0"
2026-02-17 18:04:17 2026-02-17T18:04:17.345Z daemon INFO time="2026-02-17T18:04:17Z" level=info msg="Tool required for debug" tool="builtin:serial-monitor@0.15.0"
time="2026-02-17T18:04:17Z" level=info msg="Tool required for debug" tool="builtin:mdns-discovery@1.0.12"
2026-02-17 18:04:17 2026-02-17T18:04:17.345Z daemon INFO time="2026-02-17T18:04:17Z" level=info msg="Tool required for debug" tool="esp32:riscv32-esp-elf-gdb@16.3_20250913"
time="2026-02-17T18:04:17Z" level=info msg="Tool required for debug" tool="esp32:esp-rv32@2511"
2026-02-17 18:04:17 2026-02-17T18:04:17.345Z daemon INFO time="2026-02-17T18:04:17Z" level=info msg="Tool required for debug" tool="esp32:esp32c5-libs@3.3.6"
time="2026-02-17T18:04:17Z" level=info msg="Tool required for debug" tool="esp32:openocd-esp32@v0.12.0-esp32-20251215"
2026-02-17 18:04:17 2026-02-17T18:04:17.345Z daemon INFO time="2026-02-17T18:04:17Z" level=info msg="Tool required for debug" tool="esp32:xtensa-esp-elf-gdb@16.3_20250913"
time="2026-02-17T18:04:17Z" level=info msg="Tool required for debug" tool="builtin:ctags@5.8-arduino11"
2026-02-17 18:04:17 2026-02-17T18:04:17.345Z daemon INFO time="2026-02-17T18:04:17Z" level=info msg="Tool required for debug" tool="builtin:dfu-discovery@0.1.2"
2026-02-17 18:04:17 2026-02-17T18:04:17.345Z daemon INFO time="2026-02-17T18:04:17Z" level=info msg="Tool required for debug" tool="esp32:esp32-libs@3.3.6"
time="2026-02-17T18:04:17Z" level=info msg="Tool required for debug" tool="esp32:esp32c3-libs@3.3.6"
2026-02-17 18:04:17 2026-02-17T18:04:17.346Z root ERROR Failed to get debug config: esp8266:esp8266:generic:led=2,baud=115200,xtal=80,CrystalFreq=26,eesz=1M64,FlashMode=dout,FlashFreq=40,ResetMethod=nodemcu,dbg=Disabled,lvl=None____,ip=lm2f,vt=flash,exception=disabled,stacksmash=disabled,wipe=none,sdk=nonosdk_190703,ssl=all,mmu=3232,non32xfer=fast, undefined Error: Debugging is not supported.
    at Object.callback (/opt/arduino-ide/resources/app/lib/backend/main.js:2:4742300)
    at Object.onReceiveStatus (/opt/arduino-ide/resources/app/lib/backend/main.js:2:3778020)
    at Object.onReceiveStatus (/opt/arduino-ide/resources/app/lib/backend/main.js:2:2211941)
    at Object.onReceiveStatus (/opt/arduino-ide/resources/app/lib/backend/main.js:2:2211386)
    at /opt/arduino-ide/resources/app/lib/backend/main.js:2:4348117
    at process.processTicksAndRejections (node:internal/process/task_queues:77:11)
2026-02-17 18:04:17 2026-02-17T18:04:17.405Z daemon INFO time="2026-02-17T18:04:17Z" level=info msg="Adding libraries dir" dir=/home/shrek/.arduino15/libraries isSingleLibrary=false location=ide
2026-02-17 18:04:17 2026-02-17T18:04:17.405Z daemon INFO time="2026-02-17T18:04:17Z" level=info msg="Adding libraries dir" dir=/home/shrek/.arduino15/packages/esp8266/hardware/esp8266/3.1.2/libraries isSingleLibrary=false location=platform
time="2026-02-17T18:04:17Z" level=info msg="Adding libraries dir" dir=/home/shrek/Arduino/libraries isSingleLibrary=false location=user
2026-02-17 18:04:17 2026-02-17T18:04:17.639Z daemon INFO time="2026-02-17T18:04:17Z" level=info msg="Resolving include Adafruit_SSD1306.h for arch esp8266"
time="2026-02-17T18:04:17Z" level=info msg="  found better lib" lib="Adafruit SSD1306" prio=6A7
2026-02-17 18:04:17 2026-02-17T18:04:17.721Z daemon INFO time="2026-02-17T18:04:17Z" level=info msg="Resolving include Adafruit_GFX.h for arch esp8266"
time="2026-02-17T18:04:17Z" level=info msg="  found better lib" lib="Adafruit GFX Library" prio=517
2026-02-17 18:04:17 2026-02-17T18:04:17.807Z daemon INFO time="2026-02-17T18:04:17Z" level=info msg="Resolving include Adafruit_I2CDevice.h for arch esp8266"
2026-02-17 18:04:17 2026-02-17T18:04:17.807Z daemon INFO time="2026-02-17T18:04:17Z" level=info msg="  found better lib" lib="Adafruit BusIO" prio=3EB
2026-02-17 18:04:17 2026-02-17T18:04:17.894Z daemon INFO time="2026-02-17T18:04:17Z" level=info msg="Resolving include Wire.h for arch esp8266"
time="2026-02-17T18:04:17Z" level=info msg="  found better lib" lib=Wire prio=6B0
2026-02-17 18:04:17 2026-02-17T18:04:17.983Z daemon INFO time="2026-02-17T18:04:17Z" level=info msg="Resolving include SPI.h for arch esp8266"
time="2026-02-17T18:04:17Z" level=info msg="  found better lib" lib=SPI prio=6B0
2026-02-17 18:04:18 2026-02-17T18:04:18.729Z daemon INFO time="2026-02-17T18:04:18Z" level=info msg="Adding libraries dir" dir=/home/shrek/.arduino15/libraries isSingleLibrary=false location=ide
time="2026-02-17T18:04:18Z" level=info msg="Adding libraries dir" dir=/home/shrek/.arduino15/packages/esp8266/hardware/esp8266/3.1.2/libraries isSingleLibrary=false location=platform
2026-02-17 18:04:18 2026-02-17T18:04:18.729Z daemon INFO time="2026-02-17T18:04:18Z" level=info msg="Adding libraries dir" dir=/home/shrek/Arduino/libraries isSingleLibrary=false location=user
2026-02-17 18:04:20 2026-02-17T18:04:20.106Z daemon INFO time="2026-02-17T18:04:20Z" level=info msg="Adding libraries dir" dir=/home/shrek/.arduino15/libraries isSingleLibrary=false location=ide
2026-02-17 18:04:20 2026-02-17T18:04:20.106Z daemon INFO time="2026-02-17T18:04:20Z" level=info msg="Adding libraries dir" dir=/home/shrek/.arduino15/packages/esp8266/hardware/esp8266/3.1.2/libraries isSingleLibrary=false location=platform
time="2026-02-17T18:04:20Z" level=info msg="Adding libraries dir" dir=/home/shrek/Arduino/libraries isSingleLibrary=false location=user
2026-02-17 18:04:20 2026-02-17T18:04:20.266Z daemon INFO time="2026-02-17T18:04:20Z" level=info msg="Resolving include Adafruit_SSD1306.h for arch esp8266"
time="2026-02-17T18:04:20Z" level=info msg="  found better lib" lib="Adafruit SSD1306" prio=6A7
2026-02-17 18:04:20 2026-02-17T18:04:20.351Z daemon INFO time="2026-02-17T18:04:20Z" level=info msg="Resolving include Adafruit_GFX.h for arch esp8266"
time="2026-02-17T18:04:20Z" level=info msg="  found better lib" lib="Adafruit GFX Library" prio=517
2026-02-17 18:04:20 2026-02-17T18:04:20.437Z daemon INFO time="2026-02-17T18:04:20Z" level=info msg="Resolving include Adafruit_I2CDevice.h for arch esp8266"
time="2026-02-17T18:04:20Z" level=info msg="  found better lib" lib="Adafruit BusIO" prio=3EB
2026-02-17 18:04:20 2026-02-17T18:04:20.520Z daemon INFO time="2026-02-17T18:04:20Z" level=info msg="Resolving include Wire.h for arch esp8266"
time="2026-02-17T18:04:20Z" level=info msg="  found better lib" lib=Wire prio=6B0
2026-02-17 18:04:20 2026-02-17T18:04:20.607Z daemon INFO time="2026-02-17T18:04:20Z" level=info msg="Resolving include SPI.h for arch esp8266"
time="2026-02-17T18:04:20Z" level=info msg="  found better lib" lib=SPI prio=6B0
2026-02-17 18:04:27 2026-02-17T18:04:27.724Z root INFO Executing 'arduino.languageserver.notifyBuildDidComplete' with "file:///home/shrek/.cache/arduino/sketches/FB6648527B1B1B98C4A68E0AD1EDF978"
2026-02-17 18:04:27 2026-02-17T18:04:27.760Z daemon INFO time="2026-02-17T18:04:27Z" level=info msg="Tool required for debug" tool="esp8266:mklittlefs@3.1.0-gcc10.3-e5f9fec"
time="2026-02-17T18:04:27Z" level=info msg="Tool required for debug" tool="esp8266:mkspiffs@3.1.0-gcc10.3-e5f9fec"
2026-02-17 18:04:27 2026-02-17T18:04:27.761Z daemon INFO time="2026-02-17T18:04:27Z" level=info msg="Tool required for debug" tool="esp8266:python3@3.7.2-post1"
time="2026-02-17T18:04:27Z" level=info msg="Tool required for debug" tool="esp8266:xtensa-lx106-elf-gcc@3.1.0-gcc10.3-e5f9fec"
time="2026-02-17T18:04:27Z" level=info msg="Tool required for debug" tool="arduino:avr-gcc@7.3.0-atmel3.6.1-arduino7"
time="2026-02-17T18:04:27Z" level=info msg="Tool required for debug" tool="builtin:dfu-discovery@0.1.2"
time="2026-02-17T18:04:27Z" level=info msg="Tool required for debug" tool="esp32:esp-rv32@2511"
time="2026-02-17T18:04:27Z" level=info msg="Tool required for debug" tool="esp32:esp32c6-libs@3.3.6"
time="2026-02-17T18:04:27Z" level=info msg="Tool required for debug" tool="esp32:esptool_py@5.1.0"
time="2026-02-17T18:04:27Z" level=info msg="Tool required for debug" tool="arduino:avrdude@8.0.0-arduino1"
time="2026-02-17T18:04:27Z" level=info msg="Tool required for debug" tool="builtin:mdns-discovery@1.0.12"
2026-02-17 18:04:27 2026-02-17T18:04:27.761Z daemon INFO time="2026-02-17T18:04:27Z" level=info msg="Tool required for debug" tool="builtin:serial-discovery@1.4.3"
time="2026-02-17T18:04:27Z" level=info msg="Tool required for debug" tool="builtin:serial-monitor@0.15.0"
2026-02-17 18:04:27 2026-02-17T18:04:27.761Z daemon INFO time="2026-02-17T18:04:27Z" level=info msg="Tool required for debug" tool="esp32:xtensa-esp-elf-gdb@16.3_20250913"
time="2026-02-17T18:04:27Z" level=info msg="Tool required for debug" tool="esp32:esp32s2-libs@3.3.6"
time="2026-02-17T18:04:27Z" level=info msg="Tool required for debug" tool="esp32:esp32c3-libs@3.3.6"
2026-02-17 18:04:27 2026-02-17T18:04:27.761Z daemon INFO time="2026-02-17T18:04:27Z" level=info msg="Tool required for debug" tool="builtin:ctags@5.8-arduino11"
time="2026-02-17T18:04:27Z" level=info msg="Tool required for debug" tool="esp32:riscv32-esp-elf-gdb@16.3_20250913"
time="2026-02-17T18:04:27Z" level=info msg="Tool required for debug" tool="esp32:esp32c5-libs@3.3.6"
2026-02-17 18:04:27 2026-02-17T18:04:27.761Z daemon INFO time="2026-02-17T18:04:27Z" level=info msg="Tool required for debug" tool="esp32:esp32p4-libs@3.3.6"
time="2026-02-17T18:04:27Z" level=info msg="Tool required for debug" tool="esp32:openocd-esp32@v0.12.0-esp32-20251215"
time="2026-02-17T18:04:27Z" level=info msg="Tool required for debug" tool="esp32:esp32-libs@3.3.6"
2026-02-17 18:04:27 2026-02-17T18:04:27.761Z daemon INFO time="2026-02-17T18:04:27Z" level=info msg="Tool required for debug" tool="esp32:esp-x32@2511"
time="2026-02-17T18:04:27Z" level=info msg="Tool required for debug" tool="arduino:dfu-util@0.11.0-arduino5"
time="2026-02-17T18:04:27Z" level=info msg="Tool required for debug" tool="esp32:esp32p4_es-libs@3.3.6"
time="2026-02-17T18:04:27Z" level=info msg="Tool required for debug" tool="esp32:esp32s3-libs@3.3.6"
2026-02-17 18:04:27 2026-02-17T18:04:27.761Z daemon INFO time="2026-02-17T18:04:27Z" level=info msg="Tool required for debug" tool="esp32:esp32h2-libs@3.3.6"
time="2026-02-17T18:04:27Z" level=info msg="Tool required for debug" tool="arduino:arduinoOTA@1.3.0"
2026-02-17 18:04:27 2026-02-17T18:04:27.761Z root ERROR Failed to get debug config: esp8266:esp8266:generic:led=2,baud=115200,xtal=80,CrystalFreq=26,eesz=1M64,FlashMode=dout,FlashFreq=40,ResetMethod=nodemcu,dbg=Disabled,lvl=None____,ip=lm2f,vt=flash,exception=disabled,stacksmash=disabled,wipe=none,sdk=nonosdk_190703,ssl=all,mmu=3232,non32xfer=fast, undefined Error: Debugging is not supported.
    at Object.callback (/opt/arduino-ide/resources/app/lib/backend/main.js:2:4742300)
    at Object.onReceiveStatus (/opt/arduino-ide/resources/app/lib/backend/main.js:2:3778020)
    at Object.onReceiveStatus (/opt/arduino-ide/resources/app/lib/backend/main.js:2:2211941)
    at Object.onReceiveStatus (/opt/arduino-ide/resources/app/lib/backend/main.js:2:2211386)
    at /opt/arduino-ide/resources/app/lib/backend/main.js:2:4348117
    at process.processTicksAndRejections (node:internal/process/task_queues:77:11)
2026-02-17 18:04:28 2026-02-17T18:04:28.733Z daemon INFO time="2026-02-17T18:04:28Z" level=info msg="Adding libraries dir" dir=/home/shrek/.arduino15/libraries isSingleLibrary=false location=ide
2026-02-17 18:04:28 2026-02-17T18:04:28.733Z daemon INFO time="2026-02-17T18:04:28Z" level=info msg="Adding libraries dir" dir=/home/shrek/.arduino15/packages/esp8266/hardware/esp8266/3.1.2/libraries isSingleLibrary=false location=platform
time="2026-02-17T18:04:28Z" level=info msg="Adding libraries dir" dir=/home/shrek/Arduino/libraries isSingleLibrary=false location=user
2026-02-17 18:04:52 2026-02-17T18:04:52.666Z root INFO Received port after upload [arduino+serial:///dev/ttyUSB0, esp8266:esp8266:generic:led=2,baud=115200,xtal=80,CrystalFreq=26,eesz=1M64,FlashMode=dout,FlashFreq=40,ResetMethod=nodemcu,dbg=Disabled,lvl=None____,ip=lm2f,vt=flash,exception=disabled,stacksmash=disabled,wipe=none,sdk=nonosdk_190703,ssl=all,mmu=3232,non32xfer=fast, test1]. Before port: {"protocol":"serial","address":"/dev/ttyUSB0"}, after port: {"address":"/dev/ttyUSB0","addressLabel":"/dev/ttyUSB0","protocol":"serial","protocolLabel":"Serial Port (USB)","properties":{"pid":"0x7523","serialNumber":"","vid":"0x1a86"}}
2026-02-17 18:05:30 2026-02-17T18:05:30.965Z discovery-log INFO {"eventType":"remove","port":{"matchingBoardsList":[],"port":{"address":"/dev/ttyUSB0","label":"","protocol":"serial","protocolLabel":"","propertiesMap":[],"hardwareId":""}},"error":""}
2026-02-17 18:13:55 2026-02-17T18:13:55.446Z root INFO socked closed
2026-02-17 18:13:55 2026-02-17T18:13:55.446Z root INFO closing connection for 1
2026-02-17 18:13:55 2026-02-17T18:13:55.446Z root INFO Closing channel on service path '/localization-server'.
2026-02-17 18:13:55 2026-02-17T18:13:55.446Z root INFO Closing channel on service path '/os'.
2026-02-17 18:13:55 2026-02-17T18:13:55.446Z root INFO Closing channel on service path '/services/commands'.
2026-02-17 18:13:55 2026-02-17T18:13:55.446Z root INFO Closing channel on service path '/services/keyboard'.
2026-02-17 18:13:55 2026-02-17T18:13:55.446Z root INFO Closing channel on service path '/services/logger'.
2026-02-17 18:13:55 2026-02-17T18:13:55.446Z root INFO Closing channel on service path '/services/messageService'.
2026-02-17 18:13:55 2026-02-17T18:13:55.446Z root INFO Closing channel on service path '/services/ChannelCloseService'.
2026-02-17 18:13:55 2026-02-17T18:13:55.446Z root INFO Closing channel on service path '/services/remote-filesystem'.
2026-02-17 18:13:55 2026-02-17T18:13:55.446Z root INFO Closing channel on service path '/services/envs'.
2026-02-17 18:13:55 2026-02-17T18:13:55.446Z root INFO Closing channel on service path '/services/authentication-service'.
2026-02-17 18:13:55 2026-02-17T18:13:55.446Z root INFO Closing channel on service path '/services/sketches-service'.
2026-02-17 18:13:55 2026-02-17T18:13:55.446Z root INFO Closing channel on service path '/services/config-service'.
2026-02-17 18:13:55 2026-02-17T18:13:55.446Z root INFO Closing channel on service path '/services/workspace'.
2026-02-17 18:13:55 2026-02-17T18:13:55.446Z root INFO Closing channel on service path '/services/notification-service'.
2026-02-17 18:13:55 2026-02-17T18:13:55.446Z root INFO Closing channel on service path '/services/arduino-daemon'.
2026-02-17 18:13:55 2026-02-17T18:13:55.446Z root INFO Closing channel on service path '/services/stopwatch'.
2026-02-17 18:13:55 2026-02-17T18:13:55.446Z root INFO Closing channel on service path '/services/application'.
2026-02-17 18:13:55 2026-02-17T18:13:55.446Z root INFO Closing channel on service path '/services/i18n'.
2026-02-17 18:13:55 2026-02-17T18:13:55.446Z root INFO Closing channel on service path '/services/quickInput'.
2026-02-17 18:13:55 2026-02-17T18:13:55.446Z root INFO Closing channel on service path '/services/debug'.
2026-02-17 18:13:55 2026-02-17T18:13:55.446Z root INFO Closing channel on service path '/services/shell-terminal'.
2026-02-17 18:13:55 2026-02-17T18:13:55.446Z root INFO Closing channel on service path '/services/quickPick'.
2026-02-17 18:13:55 2026-02-17T18:13:55.446Z root INFO Closing channel on service path '/services/task'.
2026-02-17 18:13:55 2026-02-17T18:13:55.446Z root INFO Closing channel on service path '/services/search'.
2026-02-17 18:13:55 2026-02-17T18:13:55.446Z root INFO Closing channel on service path '/services/hostedPlugin'.
2026-02-17 18:13:55 2026-02-17T18:13:55.446Z root INFO Closing channel on service path '/services/plugin-ext'.
2026-02-17 18:13:55 2026-02-17T18:13:55.446Z root INFO Closing channel on service path '/services/plugin-paths'.
2026-02-17 18:13:55 2026-02-17T18:13:55.446Z root INFO Closing channel on service path '/services/cli-preferences'.
2026-02-17 18:13:55 2026-02-17T18:13:55.446Z root INFO Closing channel on service path '/services/boards-service'.
2026-02-17 18:13:55 2026-02-17T18:13:55.446Z root INFO Closing channel on service path '/services/response-service'.
2026-02-17 18:13:55 2026-02-17T18:13:55.446Z root INFO Closing channel on service path '/services/file-system-ext'.
2026-02-17 18:13:55 2026-02-17T18:13:55.446Z root INFO Closing channel on service path '/services/core-service'.
2026-02-17 18:13:55 2026-02-17T18:13:55.446Z root INFO Closing channel on service path '/services/example-service'.
2026-02-17 18:13:55 2026-02-17T18:13:55.446Z root INFO Closing channel on service path '/services/library-service'.
2026-02-17 18:13:55 2026-02-17T18:13:55.446Z root INFO Closing channel on service path '/services/executable-service'.
2026-02-17 18:13:55 2026-02-17T18:13:55.446Z root INFO Closing channel on service path '/services/arduino-firmware-uploader'.
2026-02-17 18:13:55 2026-02-17T18:13:55.446Z root INFO Closing channel on service path '/services/formatter'.
2026-02-17 18:13:55 2026-02-17T18:13:55.446Z root INFO Closing channel on service path '/services/search-in-workspace'.
2026-02-17 18:13:55 2026-02-17T18:13:55.446Z root INFO Closing channel on service path '/services/request-service'.
2026-02-17 18:13:55 2026-02-17T18:13:55.446Z root INFO Closing channel on service path '/services/keyStore'.
2026-02-17 18:13:55 2026-02-17T18:13:55.446Z root INFO Closing channel on service path '/services/languagePackService'.
2026-02-17 18:13:55 Closing channel on service path '/services/electron-window'.
2026-02-17 18:13:55 Closing channel on service path '/services/ide-updater'.
2026-02-17 18:13:55 2026-02-17T18:13:55.751Z root INFO creating connection for 1
2026-02-17 18:13:56 2026-02-17T18:13:56.212Z root WARN A command editor.action.toggleStickyScroll is already registered.
2026-02-17 18:13:56 Opening channel for service path '/services/electron-window'.
2026-02-17 18:13:56 Opening channel for service path '/services/ide-updater'.
2026-02-17 18:13:56 2026-02-17T18:13:56.255Z root INFO Start frontend contributions: 113.8 ms [Finished 0.808 s after frontend start]
2026-02-17 18:13:56 2026-02-17T18:13:56.255Z root INFO Changed application state from 'init' to 'started_contributions'.
2026-02-17 18:13:56 2026-02-17T18:13:56.274Z root INFO Changed application state from 'started_contributions' to 'attached_shell'.
2026-02-17 18:13:56 2026-02-17T18:13:56.274Z root INFO >>> Restoring the layout state...
2026-02-17 18:13:56 2026-02-17T18:13:56.321Z root INFO [5ae1870d-b37c-41a6-9539-4b16f12bd8b4] Waiting for backend deployment: 73.9 ms [Finished 0.880 s after frontend start]
2026-02-17 18:13:56 2026-02-17T18:13:56.417Z root INFO <<< Nothing to restore.
2026-02-17 18:13:56 2026-02-17T18:13:56.417Z root INFO Initialize the workbench layout: 76.3 ms [Finished 0.909 s after frontend start]
2026-02-17 18:13:56 2026-02-17T18:13:56.417Z root INFO Changed application state from 'attached_shell' to 'initialized_layout'.
2026-02-17 18:13:56 2026-02-17T18:13:56.608Z root INFO [hosted-plugin: 21066] PLUGIN_HOST(21066) starting instance
[Object: null prototype] {}
2026-02-17 18:13:56 2026-02-17T18:13:56.972Z root INFO [5ae1870d-b37c-41a6-9539-4b16f12bd8b4] Sync of 23 plugins: 627.4 ms [Finished 1.507 s after frontend start]
2026-02-17 18:13:56 2026-02-17T18:13:56.972Z root INFO [5ae1870d-b37c-41a6-9539-4b16f12bd8b4] Loading plugin contributions
2026-02-17 18:13:56 2026-02-17T18:13:56.973Z root INFO [5ae1870d-b37c-41a6-9539-4b16f12bd8b4] Load contributions of 23 plugins: 23.1 ms [Finished 1.530 s after frontend start]
2026-02-17 18:13:56 2026-02-17T18:13:56.986Z root WARN 'cpp' language is remapped from 'source.cpp.embedded.macro' to 'source.cpp' scope
2026-02-17 18:13:56 2026-02-17T18:13:56.986Z root WARN a registered grammar configuration for 'cpp' language is overridden
2026-02-17 18:13:57 2026-02-17T18:13:57.102Z root ERROR [hosted-plugin: 21066] Conflict in settings file Default: Ignoring cortex-debug.armToolchainPath.linux as cortex-debug.armToolchainPath is null
2026-02-17 18:13:57 2026-02-17T18:13:57.102Z root ERROR [hosted-plugin: 21066] Conflict in settings file Default: Ignoring cortex-debug.armToolchainPath.osx as cortex-debug.armToolchainPath is null
2026-02-17 18:13:57 2026-02-17T18:13:57.102Z root ERROR [hosted-plugin: 21066] Conflict in settings file Default: Ignoring cortex-debug.armToolchainPath.windows as cortex-debug.armToolchainPath is null
2026-02-17 18:13:57 2026-02-17T18:13:57.102Z root ERROR [hosted-plugin: 21066] Conflict in settings file Default: Ignoring cortex-debug.JLinkGDBServerPath.linux as cortex-debug.JLinkGDBServerPath is null
2026-02-17 18:13:57 2026-02-17T18:13:57.102Z root ERROR [hosted-plugin: 21066] Conflict in settings file Default: Ignoring cortex-debug.JLinkGDBServerPath.osx as cortex-debug.JLinkGDBServerPath is null
2026-02-17 18:13:57 2026-02-17T18:13:57.102Z root ERROR [hosted-plugin: 21066] Conflict in settings file Default: Ignoring cortex-debug.JLinkGDBServerPath.windows as cortex-debug.JLinkGDBServerPath is null
2026-02-17 18:13:57 2026-02-17T18:13:57.102Z root ERROR [hosted-plugin: 21066] Conflict in settings file Default: Ignoring cortex-debug.openocdPath.linux as cortex-debug.openocdPath is null
2026-02-17 18:13:57 2026-02-17T18:13:57.102Z root ERROR [hosted-plugin: 21066] Conflict in settings file Default: Ignoring cortex-debug.openocdPath.osx as cortex-debug.openocdPath is null
2026-02-17 18:13:57 2026-02-17T18:13:57.102Z root ERROR [hosted-plugin: 21066] Conflict in settings file Default: Ignoring cortex-debug.openocdPath.windows as cortex-debug.openocdPath is null
2026-02-17 18:13:57 2026-02-17T18:13:57.102Z root ERROR [hosted-plugin: 21066] Conflict in settings file Default: Ignoring cortex-debug.pyocdPath.linux as cortex-debug.pyocdPath is null
2026-02-17 18:13:57 2026-02-17T18:13:57.102Z root ERROR [hosted-plugin: 21066] Conflict in settings file Default: Ignoring cortex-debug.pyocdPath.osx as cortex-debug.pyocdPath is null
2026-02-17 18:13:57 2026-02-17T18:13:57.102Z root ERROR [hosted-plugin: 21066] Conflict in settings file Default: Ignoring cortex-debug.pyocdPath.windows as cortex-debug.pyocdPath is null
Conflict in settings file Default: Ignoring cortex-debug.PEGDBServerPath.linux as cortex-debug.PEGDBServerPath is null
2026-02-17 18:13:57 2026-02-17T18:13:57.102Z root ERROR [hosted-plugin: 21066] Conflict in settings file Default: Ignoring cortex-debug.PEGDBServerPath.osx as cortex-debug.PEGDBServerPath is null
2026-02-17 18:13:57 2026-02-17T18:13:57.102Z root ERROR [hosted-plugin: 21066] Conflict in settings file Default: Ignoring cortex-debug.PEGDBServerPath.windows as cortex-debug.PEGDBServerPath is null
2026-02-17 18:13:57 2026-02-17T18:13:57.102Z root ERROR [hosted-plugin: 21066] Conflict in settings file Default: Ignoring cortex-debug.stutilPath.linux as cortex-debug.stutilPath is null
2026-02-17 18:13:57 2026-02-17T18:13:57.102Z root ERROR [hosted-plugin: 21066] Conflict in settings file Default: Ignoring cortex-debug.stutilPath.osx as cortex-debug.stutilPath is null
Conflict in settings file Default: Ignoring cortex-debug.stutilPath.windows as cortex-debug.stutilPath is null
2026-02-17 18:13:57 2026-02-17T18:13:57.102Z root ERROR [hosted-plugin: 21066] Conflict in settings file Default: Ignoring cortex-debug.stlinkPath.linux as cortex-debug.stlinkPath is null
Conflict in settings file Default: Ignoring cortex-debug.stlinkPath.osx as cortex-debug.stlinkPath is null
2026-02-17 18:13:57 2026-02-17T18:13:57.102Z root ERROR [hosted-plugin: 21066] Conflict in settings file Default: Ignoring cortex-debug.stlinkPath.windows as cortex-debug.stlinkPath is null
Conflict in settings file Default: Ignoring cortex-debug.stm32cubeprogrammer.linux as cortex-debug.stm32cubeprogrammer is null
2026-02-17 18:13:57 2026-02-17T18:13:57.102Z root ERROR [hosted-plugin: 21066] Conflict in settings file Default: Ignoring cortex-debug.stm32cubeprogrammer.osx as cortex-debug.stm32cubeprogrammer is null
Conflict in settings file Default: Ignoring cortex-debug.stm32cubeprogrammer.windows as cortex-debug.stm32cubeprogrammer is null
2026-02-17 18:13:57 2026-02-17T18:13:57.108Z root INFO [hosted-plugin: 21066] PLUGIN_HOST(21066): PluginManagerExtImpl/init()
2026-02-17 18:13:57 2026-02-17T18:13:57.108Z root INFO [hosted-plugin: 21066] PLUGIN_HOST(21066): initializing(vscode-arduino-api@0.1.2 with /opt/arduino-ide/resources/app/lib/backend/plugin-vscode-init)
2026-02-17 18:13:57 2026-02-17T18:13:57.150Z root INFO [hosted-plugin: 21066] PLUGIN_HOST(21066): initializing(json-language-features@1.88.1 with /opt/arduino-ide/resources/app/lib/backend/plugin-vscode-init)
2026-02-17 18:13:57 2026-02-17T18:13:57.153Z root INFO [hosted-plugin: 21066] PLUGIN_HOST(21066): initializing(cortex-debug@1.5.1 with /opt/arduino-ide/resources/app/lib/backend/plugin-vscode-init)
2026-02-17 18:13:57 2026-02-17T18:13:57.153Z root INFO [hosted-plugin: 21066] Debugger contribution has been registered: cortex-debug
2026-02-17 18:13:57 2026-02-17T18:13:57.154Z root INFO [hosted-plugin: 21066] PLUGIN_HOST(21066): initializing(vscode-arduino-tools@0.1.3 with /opt/arduino-ide/resources/app/lib/backend/plugin-vscode-init)
2026-02-17 18:13:57 2026-02-17T18:13:57.155Z root INFO [hosted-plugin: 21066] PLUGIN_HOST(21066): initializing(cpp@1.88.1 with /opt/arduino-ide/resources/app/lib/backend/plugin-vscode-init)
2026-02-17 18:13:57 2026-02-17T18:13:57.156Z root INFO [hosted-plugin: 21066] PLUGIN_HOST(21066): initializing(json@1.88.1 with /opt/arduino-ide/resources/app/lib/backend/plugin-vscode-init)
2026-02-17 18:13:57 2026-02-17T18:13:57.157Z root INFO [hosted-plugin: 21066] PLUGIN_HOST(21066): initializing(vscode-language-pack-bg@1.48.3 with /opt/arduino-ide/resources/app/lib/backend/plugin-vscode-init)
2026-02-17 18:13:57 2026-02-17T18:13:57.157Z root INFO [hosted-plugin: 21066] PLUGIN_HOST(21066): initializing(vscode-language-pack-cs@1.96.0 with /opt/arduino-ide/resources/app/lib/backend/plugin-vscode-init)
2026-02-17 18:13:57 2026-02-17T18:13:57.158Z root INFO [hosted-plugin: 21066] PLUGIN_HOST(21066): initializing(vscode-language-pack-de@1.96.0 with /opt/arduino-ide/resources/app/lib/backend/plugin-vscode-init)
2026-02-17 18:13:57 2026-02-17T18:13:57.158Z root INFO [hosted-plugin: 21066] PLUGIN_HOST(21066): initializing(vscode-language-pack-es@1.96.0 with /opt/arduino-ide/resources/app/lib/backend/plugin-vscode-init)
2026-02-17 18:13:57 2026-02-17T18:13:57.159Z root INFO [hosted-plugin: 21066] PLUGIN_HOST(21066): initializing(vscode-language-pack-fr@1.96.0 with /opt/arduino-ide/resources/app/lib/backend/plugin-vscode-init)
2026-02-17 18:13:57 2026-02-17T18:13:57.159Z root INFO [hosted-plugin: 21066] PLUGIN_HOST(21066): initializing(vscode-language-pack-hu@1.48.3 with /opt/arduino-ide/resources/app/lib/backend/plugin-vscode-init)
2026-02-17 18:13:57 2026-02-17T18:13:57.159Z root INFO [hosted-plugin: 21066] PLUGIN_HOST(21066): initializing(vscode-language-pack-it@1.96.0 with /opt/arduino-ide/resources/app/lib/backend/plugin-vscode-init)
2026-02-17 18:13:57 2026-02-17T18:13:57.160Z root INFO [hosted-plugin: 21066] PLUGIN_HOST(21066): initializing(vscode-language-pack-ja@1.96.0 with /opt/arduino-ide/resources/app/lib/backend/plugin-vscode-init)
2026-02-17 18:13:57 2026-02-17T18:13:57.160Z root INFO [hosted-plugin: 21066] PLUGIN_HOST(21066): initializing(vscode-language-pack-ko@1.96.0 with /opt/arduino-ide/resources/app/lib/backend/plugin-vscode-init)
2026-02-17 18:13:57 2026-02-17T18:13:57.160Z root INFO [hosted-plugin: 21066] PLUGIN_HOST(21066): initializing(vscode-language-pack-nl@1.48.3 with /opt/arduino-ide/resources/app/lib/backend/plugin-vscode-init)
2026-02-17 18:13:57 2026-02-17T18:13:57.160Z root INFO [hosted-plugin: 21066] PLUGIN_HOST(21066): initializing(vscode-language-pack-pl@1.96.0 with /opt/arduino-ide/resources/app/lib/backend/plugin-vscode-init)
2026-02-17 18:13:57 2026-02-17T18:13:57.160Z root INFO [hosted-plugin: 21066] PLUGIN_HOST(21066): initializing(vscode-language-pack-pt-BR@1.96.0 with /opt/arduino-ide/resources/app/lib/backend/plugin-vscode-init)
2026-02-17 18:13:57 2026-02-17T18:13:57.161Z root INFO [hosted-plugin: 21066] PLUGIN_HOST(21066): initializing(vscode-language-pack-ru@1.96.0 with /opt/arduino-ide/resources/app/lib/backend/plugin-vscode-init)
2026-02-17 18:13:57 2026-02-17T18:13:57.161Z root INFO [hosted-plugin: 21066] PLUGIN_HOST(21066): initializing(vscode-language-pack-tr@1.96.0 with /opt/arduino-ide/resources/app/lib/backend/plugin-vscode-init)
2026-02-17 18:13:57 2026-02-17T18:13:57.161Z root INFO [hosted-plugin: 21066] PLUGIN_HOST(21066): initializing(vscode-language-pack-uk@1.48.3 with /opt/arduino-ide/resources/app/lib/backend/plugin-vscode-init)
2026-02-17 18:13:57 2026-02-17T18:13:57.161Z root INFO [hosted-plugin: 21066] PLUGIN_HOST(21066): initializing(vscode-language-pack-zh-hans@1.96.0 with /opt/arduino-ide/resources/app/lib/backend/plugin-vscode-init)
2026-02-17 18:13:57 2026-02-17T18:13:57.161Z root INFO [hosted-plugin: 21066] PLUGIN_HOST(21066): initializing(vscode-language-pack-zh-hant@1.96.0 with /opt/arduino-ide/resources/app/lib/backend/plugin-vscode-init)
2026-02-17 18:13:57 2026-02-17T18:13:57.165Z root INFO [hosted-plugin: 21066] PLUGIN_HOST(21066): PluginManagerExtImpl/loadPlugin(/opt/arduino-ide/resources/app/plugins/vscode-builtin-json-language-features/extension/client/dist/node/jsonClientMain)
2026-02-17 18:13:57 2026-02-17T18:13:57.197Z root INFO [hosted-plugin: 21066] PLUGIN_HOST(21066): PluginManagerExtImpl/loadPlugin(/opt/arduino-ide/resources/app/plugins/vscode-arduino-api/extension/dist/extension.js)
2026-02-17 18:13:57 2026-02-17T18:13:57.199Z root INFO [hosted-plugin: 21066] calling activation function on Arduino IDE API for VS Code extensions
2026-02-17 18:13:57 2026-02-17T18:13:57.306Z root INFO Frontend application start: 1115.1 ms [Finished 815.018 s after backend start]
2026-02-17 18:13:57 2026-02-17T18:13:57.318Z root INFO Replace loading indicator with ready workbench UI (animation): 859.9 ms [Finished 1.773 s after frontend start]
2026-02-17 18:13:57 2026-02-17T18:13:57.318Z root INFO Changed application state from 'initialized_layout' to 'ready'.
2026-02-17 18:13:57 2026-02-17T18:13:57.318Z root WARN Linked preference "workbench.colorCustomizations" not found.
2026-02-17 18:13:57 2026-02-17T18:13:57.321Z root INFO [5ae1870d-b37c-41a6-9539-4b16f12bd8b4] Starting plugins.
2026-02-17 18:13:57 2026-02-17T18:13:57.322Z sketches-service WARN Mismatching sketch file <led.ino> and sketch folder name <practice>. Skipping
2026-02-17 18:13:57 2026-02-17T18:13:57.339Z root INFO [hosted-plugin: 21066] calling activation function on JSON Language Features (built-in)
2026-02-17 18:13:57 2026-02-17T18:13:57.347Z root INFO Executing startup tasks:
2026-02-17 18:13:57 2026-02-17T18:13:57.347Z root INFO  - 'arduino-use-inherited-boards-data' , args: [{"fqbn":"esp8266:esp8266:generic","data":{"configOptions":[{"label":"Builtin Led","option":"led","values":[{"value":"2","label":"2","selected":true},{"value":"0","label":"0","selected":false},{"value":"1","label":"1","selected":false},{"value":"3","label":"3","selected":false},{"value":"4","label":"4","selected":false},{"value":"5","label":"5","selected":false},{"value":"6","label":"6","selected":false},{"value":"7","label":"7","selected":false},{"value":"8","label":"8","selected":false},{"value":"9","label":"9","selected":false},{"value":"10","label":"10","selected":false},{"value":"11","label":"11","selected":false},{"value":"12","label":"12","selected":false},{"value":"13","label":"13","selected":false},{"value":"14","label":"14","selected":false},{"value":"15","label":"15","selected":false},{"value":"16","label":"16","selected":false}]},{"label":"Upload Speed","option":"baud","values":[{"value":"115200","label":"115200","selected":true},{"value":"57600","label":"57600","selected":false},{"value":"230400","label":"230400","selected":false},{"value":"460800","label":"460800","selected":false},{"value":"921600","label":"921600","selected":false},{"value":"3000000","label":"3000000","selected":false}]},{"label":"CPU Frequency","option":"xtal","values":[{"value":"80","label":"80 MHz","selected":true},{"value":"160","label":"160 MHz","selected":false}]},{"label":"Crystal Frequency","option":"CrystalFreq","values":[{"value":"26","label":"26 MHz","selected":true},{"value":"40","label":"40 MHz","selected":false}]},{"label":"Flash Size","option":"eesz","values":[{"value":"1M64","label":"1MB (FS:64KB OTA:~470KB)","selected":true},{"value":"1M128","label":"1MB (FS:128KB OTA:~438KB)","selected":false},{"value":"1M144","label":"1MB (FS:144KB OTA:~430KB)","selected":false},{"value":"1M160","label":"1MB (FS:160KB OTA:~422KB)","selected":false},{"value":"1M192","label":"1MB (FS:192KB OTA:~406KB)","selected":false},{"value":"1M256","label":"1MB (FS:256KB OTA:~374KB)","selected":false},{"value":"1M512","label":"1MB (FS:512KB OTA:~246KB)","selected":false},{"value":"1M","label":"1MB (FS:none OTA:~502KB)","selected":false},{"value":"2M64","label":"2MB (FS:64KB OTA:~992KB)","selected":false},{"value":"2M128","label":"2MB (FS:128KB OTA:~960KB)","selected":false},{"value":"2M256","label":"2MB (FS:256KB OTA:~896KB)","selected":false},{"value":"2M512","label":"2MB (FS:512KB OTA:~768KB)","selected":false},{"value":"2M1M","label":"2MB (FS:1MB OTA:~512KB)","selected":false},{"value":"2M","label":"2MB (FS:none OTA:~1019KB)","selected":false},{"value":"4M2M","label":"4MB (FS:2MB OTA:~1019KB)","selected":false},{"value":"4M3M","label":"4MB (FS:3MB OTA:~512KB)","selected":false},{"value":"4M1M","label":"4MB (FS:1MB OTA:~1019KB)","selected":false},{"value":"4M","label":"4MB (FS:none OTA:~1019KB)","selected":false},{"value":"8M6M","label":"8MB (FS:6MB OTA:~1019KB)","selected":false},{"value":"8M7M","label":"8MB (FS:7MB OTA:~512KB)","selected":false},{"value":"8M","label":"8MB (FS:none OTA:~1019KB)","selected":false},{"value":"16M14M","label":"16MB (FS:14MB OTA:~1019KB)","selected":false},{"value":"16M15M","label":"16MB (FS:15MB OTA:~512KB)","selected":false},{"value":"16M","label":"16MB (FS:none OTA:~1019KB)","selected":false},{"value":"512K32","label":"512KB (FS:32KB OTA:~230KB)","selected":false},{"value":"512K64","label":"512KB (FS:64KB OTA:~214KB)","selected":false},{"value":"512K128","label":"512KB (FS:128KB OTA:~182KB)","selected":false},{"value":"512K","label":"512KB (FS:none OTA:~246KB)","selected":false},{"value":"autoflash","label":"Mapping defined by Hardware and Sketch","selected":false}]},{"label":"Flash Mode","option":"FlashMode","values":[{"value":"dout","label":"DOUT (compatible)","selected":true},{"value":"dio","label":"DIO","selected":false},{"value":"qout","label":"QOUT","selected":false},{"value":"qio","label":"QIO (fast)","selected":false}]},{"label":"Flash Frequency","option":"FlashFreq","values":[{"value":"40","label":"40MHz","selected":true},{"value":"80","label":"80MHz","selected":false},{"value":"20","label":"20MHz","selected":false},{"value":"26","label":"26MHz","selected":false}]},{"label":"Reset Method","option":"ResetMethod","values":[{"value":"nodemcu","label":"dtr (aka nodemcu)","selected":true},{"value":"ck","label":"no dtr (aka ck)","selected":false},{"value":"nodtr_nosync","label":"no dtr, no_sync","selected":false}]},{"label":"Debug port","option":"dbg","values":[{"value":"Disabled","label":"Disabled","selected":true},{"value":"Serial","label":"Serial","selected":false},{"value":"Serial1","label":"Serial1","selected":false}]},{"label":"Debug Level","option":"lvl","values":[{"value":"None____","label":"None","selected":true},{"value":"SSL","label":"SSL","selected":false},{"value":"TLS_MEM","label":"TLS_MEM","selected":false},{"value":"HTTP_CLIENT","label":"HTTP_CLIENT","selected":false},{"value":"HTTP_SERVER","label":"HTTP_SERVER","selected":false},{"value":"SSLTLS_MEM","label":"SSL+TLS_MEM","selected":false},{"value":"SSLHTTP_CLIENT","label":"SSL+HTTP_CLIENT","selected":false},{"value":"SSLHTTP_SERVER","label":"SSL+HTTP_SERVER","selected":false},{"value":"TLS_MEMHTTP_CLIENT","label":"TLS_MEM+HTTP_CLIENT","selected":false},{"value":"TLS_MEMHTTP_SERVER","label":"TLS_MEM+HTTP_SERVER","selected":false},{"value":"HTTP_CLIENTHTTP_SERVER","label":"HTTP_CLIENT+HTTP_SERVER","selected":false},{"value":"SSLTLS_MEMHTTP_CLIENT","label":"SSL+TLS_MEM+HTTP_CLIENT","selected":false},{"value":"SSLTLS_MEMHTTP_SERVER","label":"SSL+TLS_MEM+HTTP_SERVER","selected":false},{"value":"SSLHTTP_CLIENTHTTP_SERVER","label":"SSL+HTTP_CLIENT+HTTP_SERVER","selected":false},{"value":"TLS_MEMHTTP_CLIENTHTTP_SERVER","label":"TLS_MEM+HTTP_CLIENT+HTTP_SERVER","selected":false},{"value":"SSLTLS_MEMHTTP_CLIENTHTTP_SERVER","label":"SSL+TLS_MEM+HTTP_CLIENT+HTTP_SERVER","selected":false},{"value":"CORE","label":"CORE","selected":false},{"value":"WIFI","label":"WIFI","selected":false},{"value":"HTTP_UPDATE","label":"HTTP_UPDATE","selected":false},{"value":"UPDATER","label":"UPDATER","selected":false},{"value":"OTA","label":"OTA","selected":false},{"value":"OOM","label":"OOM","selected":false},{"value":"MDNS","label":"MDNS","selected":false},{"value":"HWDT","label":"HWDT","selected":false},{"value":"HWDT_NOEXTRA4K","label":"HWDT_NOEXTRA4K","selected":false},{"value":"COREWIFIHTTP_UPDATEUPDATEROTAOOMMDNS","label":"CORE+WIFI+HTTP_UPDATE+UPDATER+OTA+OOM+MDNS","selected":false},{"value":"COREWIFIHTTP_UPDATEUPDATEROTAOOMMDNSHWDT","label":"CORE+WIFI+HTTP_UPDATE+UPDATER+OTA+OOM+MDNS+HWDT","selected":false},{"value":"COREWIFIHTTP_UPDATEUPDATEROTAOOMMDNSHWDT_NOEXTRA4K","label":"CORE+WIFI+HTTP_UPDATE+UPDATER+OTA+OOM+MDNS+HWDT_NOEXTRA4K","selected":false},{"value":"SSLTLS_MEMHTTP_CLIENTHTTP_SERVERCOREWIFIHTTP_UPDATEUPDATEROTAOOMMDNS","label":"SSL+TLS_MEM+HTTP_CLIENT+HTTP_SERVER+CORE+WIFI+HTTP_UPDATE+UPDATER+OTA+OOM+MDNS","selected":false},{"value":"SSLTLS_MEMHTTP_CLIENTHTTP_SERVERCOREWIFIHTTP_UPDATEUPDATEROTAOOMMDNSHWDT","label":"SSL+TLS_MEM+HTTP_CLIENT+HTTP_SERVER+CORE+WIFI+HTTP_UPDATE+UPDATER+OTA+OOM+MDNS+HWDT","selected":false},{"value":"SSLTLS_MEMHTTP_CLIENTHTTP_SERVERCOREWIFIHTTP_UPDATEUPDATEROTAOOMMDNSHWDT_NOEXTRA4K","label":"SSL+TLS_MEM+HTTP_CLIENT+HTTP_SERVER+CORE+WIFI+HTTP_UPDATE+UPDATER+OTA+OOM+MDNS+HWDT_NOEXTRA4K","selected":false},{"value":"NoAssert-NDEBUG","label":"NoAssert-NDEBUG","selected":false}]},{"label":"lwIP Variant","option":"ip","values":[{"value":"lm2f","label":"v2 Lower Memory","selected":true},{"value":"hb2f","label":"v2 Higher Bandwidth","selected":false},{"value":"lm2n","label":"v2 Lower Memory (no features)","selected":false},{"value":"hb2n","label":"v2 Higher Bandwidth (no features)","selected":false},{"value":"lm6f","label":"v2 IPv6 Lower Memory","selected":false},{"value":"hb6f","label":"v2 IPv6 Higher Bandwidth","selected":false}]},{"label":"VTables","option":"vt","values":[{"value":"flash","label":"Flash","selected":true},{"value":"heap","label":"Heap","selected":false},{"value":"iram","label":"IRAM","selected":false}]},{"label":"C++ Exceptions","option":"exception","values":[{"value":"disabled","label":"Disabled (new aborts on oom)","selected":true},{"value":"enabled","label":"Enabled","selected":false}]},{"label":"Stack Protection","option":"stacksmash","values":[{"value":"disabled","label":"Disabled","selected":true},{"value":"enabled","label":"Enabled","selected":false}]},{"label":"Erase Flash","option":"wipe","values":[{"value":"none","label":"Only Sketch","selected":true},{"value":"sdk","label":"Sketch + WiFi Settings","selected":false},{"value":"all","label":"All Flash Contents","selected":false}]},{"label":"NONOS SDK Version","option":"sdk","values":[{"value":"nonosdk_190703","label":"nonos-sdk 2.2.1+100 (190703)","selected":true},{"value":"nonosdk_191122","label":"nonos-sdk 2.2.1+119 (191122)","selected":false},{"value":"nonosdk_191105","label":"nonos-sdk 2.2.1+113 (191105)","selected":false},{"value":"nonosdk_191024","label":"nonos-sdk 2.2.1+111 (191024)","selected":false},{"value":"nonosdk_190313","label":"nonos-sdk 2.2.1+61 (190313)","selected":false},{"value":"nonosdk221","label":"nonos-sdk 2.2.1 (legacy)","selected":false},{"value":"nonosdk305","label":"nonos-sdk 3.0.5 (experimental)","selected":false}]},{"label":"SSL Support","option":"ssl","values":[{"value":"all","label":"All SSL ciphers (most compatible)","selected":true},{"value":"basic","label":"Basic SSL ciphers (lower ROM use)","selected":false}]},{"label":"MMU","option":"mmu","values":[{"value":"3232","label":"32KB cache + 32KB IRAM (balanced)","selected":true},{"value":"4816","label":"16KB cache + 48KB IRAM (IRAM)","selected":false},{"value":"4816H","label":"16KB cache + 48KB IRAM and 2nd Heap (shared)","selected":false},{"value":"3216","label":"16KB cache + 32KB IRAM + 16KB 2nd Heap (not shared)","selected":false},{"value":"ext128k","label":"128K Heap External 23LC1024","selected":false},{"value":"ext8192k","label":"8M w/256K Heap External 64 MBit PSRAM","selected":false}]},{"label":"Non-32-Bit Access","option":"non32xfer","values":[{"value":"fast","label":"Use pgm_read macros for IRAM/PROGMEM","selected":true},{"value":"safe","label":"Byte/Word access to IRAM/PROGMEM (very slow)","selected":false}]}],"programmers":[]}}]
2026-02-17 18:13:57 2026-02-17T18:13:57.347Z root INFO  - 'arduino-use-inherited-boards-config' , args: [{"selectedBoard":{"name":"Generic ESP8266 Module","fqbn":"esp8266:esp8266:generic"},"selectedPort":{"protocol":"serial","address":"/dev/ttyUSB0"}},{"arduino+serial:///dev/ttyACM0":{"name":"ESP32H2 Dev Module","fqbn":"esp32:esp32:esp32h2"},"arduino+serial:///dev/ttyS0":{"name":"ESP32H2 Dev Module","fqbn":"esp32:esp32:esp32h2"},"arduino+serial:///dev/ttyUSB0":{"name":"Generic ESP8266 Module","fqbn":"esp8266:esp8266:generic"}}]
2026-02-17 18:13:57 2026-02-17T18:13:57.413Z sketches-service WARN Mismatching sketch file <led.ino> and sketch folder name <practice>. Skipping
2026-02-17 18:13:57 2026-02-17T18:13:57.413Z sketches-service WARN Mismatching sketch file <led.ino> and sketch folder name <practice>. Skipping
2026-02-17 18:13:57 2026-02-17T18:13:57.558Z root INFO [hosted-plugin: 21066] PLUGIN_HOST(21066): PluginManagerExtImpl/loadPlugin(/opt/arduino-ide/resources/app/plugins/cortex-debug/extension/dist/extension.js)
2026-02-17 18:13:57 2026-02-17T18:13:57.559Z daemon INFO time="2026-02-17T18:13:57Z" level=info msg="Tool required for debug" tool="esp8266:mklittlefs@3.1.0-gcc10.3-e5f9fec"
time="2026-02-17T18:13:57Z" level=info msg="Tool required for debug" tool="esp8266:mklittlefs@3.1.0-gcc10.3-e5f9fec"
time="2026-02-17T18:13:57Z" level=info msg="Tool required for debug" tool="esp8266:mkspiffs@3.1.0-gcc10.3-e5f9fec"
time="2026-02-17T18:13:57Z" level=info msg="Tool required for debug" tool="esp8266:python3@3.7.2-post1"
time="2026-02-17T18:13:57Z" level=info msg="Tool required for debug" tool="esp8266:xtensa-lx106-elf-gcc@3.1.0-gcc10.3-e5f9fec"
time="2026-02-17T18:13:57Z" level=info msg="Tool required for debug" tool="esp32:esp32c5-libs@3.3.6"
time="2026-02-17T18:13:57Z" level=info msg="Tool required for debug" tool="arduino:dfu-util@0.11.0-arduino5"
time="2026-02-17T18:13:57Z" level=info msg="Tool required for debug" tool="esp32:esptool_py@5.1.0"
time="2026-02-17T18:13:57Z" level=info msg="Tool required for debug" tool="esp32:esp32s2-libs@3.3.6"
time="2026-02-17T18:13:57Z" level=info msg="Tool required for debug" tool="esp8266:mkspiffs@3.1.0-gcc10.3-e5f9fec"
time="2026-02-17T18:13:57Z" level=info msg="Tool required for debug" tool="esp8266:python3@3.7.2-post1"
time="2026-02-17T18:13:57Z" level=info msg="Tool required for debug" tool="esp8266:xtensa-lx106-elf-gcc@3.1.0-gcc10.3-e5f9fec"
time="2026-02-17T18:13:57Z" level=info msg="Tool required for debug" tool="esp32:esp-rv32@2511"
time="2026-02-17T18:13:57Z" level=info msg="Tool required for debug" tool="esp32:esp32c5-libs@3.3.6"
time="2026-02-17T18:13:57Z" level=info msg="Tool required for debug" tool="esp32:esp32p4-libs@3.3.6"
time="2026-02-17T18:13:57Z" level=info msg="Tool required for debug" tool="arduino:dfu-util@0.11.0-arduino5"
time="2026-02-17T18:13:57Z" level=info msg="Tool required for debug" tool="esp32:esp32-libs@3.3.6"
time="2026-02-17T18:13:57Z" level=info msg="Tool required for debug" tool="arduino:avr-gcc@7.3.0-atmel3.6.1-arduino7"
2026-02-17 18:13:57 2026-02-17T18:13:57.559Z daemon INFO time="2026-02-17T18:13:57Z" level=info msg="Tool required for debug" tool="esp32:esp32c3-libs@3.3.6"
time="2026-02-17T18:13:57Z" level=info msg="Tool required for debug" tool="esp32:esp32p4_es-libs@3.3.6"
time="2026-02-17T18:13:57Z" level=info msg="Tool required for debug" tool="arduino:arduinoOTA@1.3.0"
time="2026-02-17T18:13:57Z" level=info msg="Tool required for debug" tool="builtin:serial-monitor@0.15.0"
time="2026-02-17T18:13:57Z" level=info msg="Tool required for debug" tool="esp32:esp32c6-libs@3.3.6"
time="2026-02-17T18:13:57Z" level=info msg="Tool required for debug" tool="esp8266:mklittlefs@3.1.0-gcc10.3-e5f9fec"
time="2026-02-17T18:13:57Z" level=info msg="Tool required for debug" tool="esp8266:mkspiffs@3.1.0-gcc10.3-e5f9fec"
time="2026-02-17T18:13:57Z" level=info msg="Tool required for debug" tool="esp8266:python3@3.7.2-post1"
time="2026-02-17T18:13:57Z" level=info msg="Tool required for debug" tool="esp8266:xtensa-lx106-elf-gcc@3.1.0-gcc10.3-e5f9fec"
2026-02-17 18:13:57 2026-02-17T18:13:57.559Z daemon INFO time="2026-02-17T18:13:57Z" level=info msg="Tool required for debug" tool="esp32:esp-rv32@2511"
time="2026-02-17T18:13:57Z" level=info msg="Tool required for debug" tool="esp32:esp-x32@2511"
time="2026-02-17T18:13:57Z" level=info msg="Tool required for debug" tool="esp32:esp32c6-libs@3.3.6"
time="2026-02-17T18:13:57Z" level=info msg="Tool required for debug" tool="builtin:ctags@5.8-arduino11"
time="2026-02-17T18:13:57Z" level=info msg="Tool required for debug" tool="arduino:avr-gcc@7.3.0-atmel3.6.1-arduino7"
time="2026-02-17T18:13:57Z" level=info msg="Tool required for debug" tool="esp32:esp32s3-libs@3.3.6"
2026-02-17 18:13:57 2026-02-17T18:13:57.559Z daemon INFO time="2026-02-17T18:13:57Z" level=info msg="Tool required for debug" tool="esp32:esptool_py@5.1.0"
time="2026-02-17T18:13:57Z" level=info msg="Tool required for debug" tool="esp32:esp32s2-libs@3.3.6"
time="2026-02-17T18:13:57Z" level=info msg="Tool required for debug" tool="esp32:esp32h2-libs@3.3.6"
time="2026-02-17T18:13:57Z" level=info msg="Tool required for debug" tool="esp32:openocd-esp32@v0.12.0-esp32-20251215"
time="2026-02-17T18:13:57Z" level=info msg="Tool required for debug" tool="esp32:xtensa-esp-elf-gdb@16.3_20250913"
time="2026-02-17T18:13:57Z" level=info msg="Tool required for debug" tool="arduino:avrdude@8.0.0-arduino1"
time="2026-02-17T18:13:57Z" level=info msg="Tool required for debug" tool="builtin:ctags@5.8-arduino11"
time="2026-02-17T18:13:57Z" level=info msg="Tool required for debug" tool="arduino:avrdude@8.0.0-arduino1"
time="2026-02-17T18:13:57Z" level=info msg="Tool required for debug" tool="builtin:mdns-discovery@1.0.12"
2026-02-17 18:13:57 2026-02-17T18:13:57.559Z daemon INFO time="2026-02-17T18:13:57Z" level=info msg="Tool required for debug" tool="builtin:serial-discovery@1.4.3"
time="2026-02-17T18:13:57Z" level=info msg="Tool required for debug" tool="builtin:dfu-discovery@0.1.2"
time="2026-02-17T18:13:57Z" level=info msg="Tool required for debug" tool="esp32:esp32s2-libs@3.3.6"
time="2026-02-17T18:13:57Z" level=info msg="Tool required for debug" tool="builtin:mdns-discovery@1.0.12"
time="2026-02-17T18:13:57Z" level=info msg="Tool required for debug" tool="builtin:serial-monitor@0.15.0"
2026-02-17 18:13:57 2026-02-17T18:13:57.564Z daemon INFO time="2026-02-17T18:13:57Z" level=info msg="Tool required for debug" tool="esp32:esp32-libs@3.3.6"
time="2026-02-17T18:13:57Z" level=info msg="Tool required for debug" tool="esp32:esp-x32@2511"
time="2026-02-17T18:13:57Z" level=info msg="Tool required for debug" tool="arduino:arduinoOTA@1.3.0"
time="2026-02-17T18:13:57Z" level=info msg="Tool required for debug" tool="builtin:serial-discovery@1.4.3"
time="2026-02-17T18:13:57Z" level=info msg="Tool required for debug" tool="esp32:riscv32-esp-elf-gdb@16.3_20250913"
time="2026-02-17T18:13:57Z" level=info msg="Tool required for debug" tool="esp32:esp-x32@2511"
time="2026-02-17T18:13:57Z" level=info msg="Tool required for debug" tool="esp32:esp32p4-libs@3.3.6"
time="2026-02-17T18:13:57Z" level=info msg="Tool required for debug" tool="arduino:avr-gcc@7.3.0-atmel3.6.1-arduino7"
time="2026-02-17T18:13:57Z" level=info msg="Tool required for debug" tool="arduino:avrdude@8.0.0-arduino1"
time="2026-02-17T18:13:57Z" level=info msg="Tool required for debug" tool="builtin:dfu-discovery@0.1.2"
time="2026-02-17T18:13:57Z" level=info msg="Tool required for debug" tool="builtin:mdns-discovery@1.0.12"
time="2026-02-17T18:13:57Z" level=info msg="Tool required for debug" tool="esp32:esp32c6-libs@3.3.6"
time="2026-02-17T18:13:57Z" level=info msg="Tool required for debug" tool="esp32:esp32s3-libs@3.3.6"
time="2026-02-17T18:13:57Z" level=info msg="Tool required for debug" tool="esp32:xtensa-esp-elf-gdb@16.3_20250913"
time="2026-02-17T18:13:57Z" level=info msg="Tool required for debug" tool="esp32:esp32c5-libs@3.3.6"
time="2026-02-17T18:13:57Z" level=info msg="Tool required for debug" tool="esp32:esp32p4-libs@3.3.6"
time="2026-02-17T18:13:57Z" level=info msg="Tool required for debug" tool="esp32:esp32s3-libs@3.3.6"
time="2026-02-17T18:13:57Z" level=info msg="Tool required for debug" tool="arduino:arduinoOTA@1.3.0"
time="2026-02-17T18:13:57Z" level=info msg="Tool required for debug" tool="esp32:esptool_py@5.1.0"
time="2026-02-17T18:13:57Z" level=info msg="Tool required for debug" tool="esp32:openocd-esp32@v0.12.0-esp32-20251215"
time="2026-02-17T18:13:57Z" level=info msg="Tool required for debug" tool="esp32:esp32c3-libs@3.3.6"
time="2026-02-17T18:13:57Z" level=info msg="Tool required for debug" tool="esp32:esp32h2-libs@3.3.6"
time="2026-02-17T18:13:57Z" level=info msg="Tool required for debug" tool="esp32:riscv32-esp-elf-gdb@16.3_20250913"
time="2026-02-17T18:13:57Z" level=info msg="Tool required for debug" tool="esp32:esp32p4_es-libs@3.3.6"
time="2026-02-17T18:13:57Z" level=info msg="Tool required for debug" tool="arduino:dfu-util@0.11.0-arduino5"
time="2026-02-17T18:13:57Z" level=info msg="Tool required for debug" tool="builtin:serial-discovery@1.4.3"
time="2026-02-17T18:13:57Z" level=info msg="Tool required for debug" tool="esp32:esp32p4_es-libs@3.3.6"
time="2026-02-17T18:13:57Z" level=info msg="Tool required for debug" tool="esp32:openocd-esp32@v0.12.0-esp32-20251215"
time="2026-02-17T18:13:57Z" level=info msg="Tool required for debug" tool="esp32:esp32c3-libs@3.3.6"
time="2026-02-17T18:13:57Z" level=info msg="Tool required for debug" tool="esp32:esp32h2-libs@3.3.6"
time="2026-02-17T18:13:57Z" level=info msg="Tool required for debug" tool="esp32:riscv32-esp-elf-gdb@16.3_20250913"
time="2026-02-17T18:13:57Z" level=info msg="Tool required for debug" tool="esp32:esp-rv32@2511"
time="2026-02-17T18:13:57Z" level=info msg="Tool required for debug" tool="builtin:ctags@5.8-arduino11"
time="2026-02-17T18:13:57Z" level=info msg="Tool required for debug" tool="builtin:dfu-discovery@0.1.2"
time="2026-02-17T18:13:57Z" level=info msg="Tool required for debug" tool="builtin:serial-monitor@0.15.0"
time="2026-02-17T18:13:57Z" level=info msg="Tool required for debug" tool="esp32:xtensa-esp-elf-gdb@16.3_20250913"
time="2026-02-17T18:13:57Z" level=info msg="Tool required for debug" tool="esp32:esp32-libs@3.3.6"
2026-02-17 18:13:57 2026-02-17T18:13:57.565Z root ERROR Failed to get debug config: esp8266:esp8266:generic:led=2,baud=115200,xtal=80,CrystalFreq=26,eesz=1M64,FlashMode=dout,FlashFreq=40,ResetMethod=nodemcu,dbg=Disabled,lvl=None____,ip=lm2f,vt=flash,exception=disabled,stacksmash=disabled,wipe=none,sdk=nonosdk_190703,ssl=all,mmu=3232,non32xfer=fast, undefined Error: Debugging is not supported.
    at Object.callback (/opt/arduino-ide/resources/app/lib/backend/main.js:2:4742300)
    at Object.onReceiveStatus (/opt/arduino-ide/resources/app/lib/backend/main.js:2:3778020)
    at Object.onReceiveStatus (/opt/arduino-ide/resources/app/lib/backend/main.js:2:2211941)
    at Object.onReceiveStatus (/opt/arduino-ide/resources/app/lib/backend/main.js:2:2211386)
    at /opt/arduino-ide/resources/app/lib/backend/main.js:2:4348117
    at process.processTicksAndRejections (node:internal/process/task_queues:77:11)
2026-02-17 18:13:57 2026-02-17T18:13:57.565Z root ERROR Failed to get debug config: esp8266:esp8266:generic:led=2,baud=115200,xtal=80,CrystalFreq=26,eesz=1M64,FlashMode=dout,FlashFreq=40,ResetMethod=nodemcu,dbg=Disabled,lvl=None____,ip=lm2f,vt=flash,exception=disabled,stacksmash=disabled,wipe=none,sdk=nonosdk_190703,ssl=all,mmu=3232,non32xfer=fast, undefined Error: Debugging is not supported.
    at Object.callback (/opt/arduino-ide/resources/app/lib/backend/main.js:2:4742300)
    at Object.onReceiveStatus (/opt/arduino-ide/resources/app/lib/backend/main.js:2:3778020)
    at Object.onReceiveStatus (/opt/arduino-ide/resources/app/lib/backend/main.js:2:2211941)
    at Object.onReceiveStatus (/opt/arduino-ide/resources/app/lib/backend/main.js:2:2211386)
    at /opt/arduino-ide/resources/app/lib/backend/main.js:2:4348117
    at process.processTicksAndRejections (node:internal/process/task_queues:77:11)
2026-02-17 18:13:57 2026-02-17T18:13:57.566Z root ERROR Failed to get debug config: esp8266:esp8266:generic:led=2,baud=115200,xtal=80,CrystalFreq=26,eesz=1M64,FlashMode=dout,FlashFreq=40,ResetMethod=nodemcu,dbg=Disabled,lvl=None____,ip=lm2f,vt=flash,exception=disabled,stacksmash=disabled,wipe=none,sdk=nonosdk_190703,ssl=all,mmu=3232,non32xfer=fast, undefined Error: Debugging is not supported.
    at Object.callback (/opt/arduino-ide/resources/app/lib/backend/main.js:2:4742300)
    at Object.onReceiveStatus (/opt/arduino-ide/resources/app/lib/backend/main.js:2:3778020)
    at Object.onReceiveStatus (/opt/arduino-ide/resources/app/lib/backend/main.js:2:2211941)
    at Object.onReceiveStatus (/opt/arduino-ide/resources/app/lib/backend/main.js:2:2211386)
    at /opt/arduino-ide/resources/app/lib/backend/main.js:2:4348117
    at process.processTicksAndRejections (node:internal/process/task_queues:77:11)
2026-02-17 18:13:57 2026-02-17T18:13:57.675Z root INFO [hosted-plugin: 21066] Debug configuration provider has been registered: cortex-debug, trigger: 1
calling activation function on Cortex-Debug
GDB server console created
2026-02-17 18:13:57 2026-02-17T18:13:57.779Z root ERROR ---- !!!SLOW!!! DURATION: search took 406.552 ms. Args: [{"type":"Updatable"}] ----
2026-02-17 18:13:57 2026-02-17T18:13:57.779Z root INFO [5ae1870d-b37c-41a6-9539-4b16f12bd8b4] Start of 23 plugins: 766.5 ms [Finished 2.303 s after frontend start]
2026-02-17 18:13:57 2026-02-17T18:13:57.823Z root INFO Starting language server: esp8266:esp8266:generic:led=2,baud=115200,xtal=80,CrystalFreq=26,eesz=1M64,FlashMode=dout,FlashFreq=40,ResetMethod=nodemcu,dbg=Disabled,lvl=None____,ip=lm2f,vt=flash,exception=disabled,stacksmash=disabled,wipe=none,sdk=nonosdk_190703,ssl=all,mmu=3232,non32xfer=fast
2026-02-17 18:13:57 2026-02-17T18:13:57.832Z root INFO [hosted-plugin: 21066] PLUGIN_HOST(21066): PluginManagerExtImpl/loadPlugin(/opt/arduino-ide/resources/app/plugins/vscode-arduino-tools/extension/dist/extension.js)
2026-02-17 18:13:57 2026-02-17T18:13:57.848Z root INFO [hosted-plugin: 21066] calling activation function on VS Code Arduino Tools
2026-02-17 18:13:57 2026-02-17T18:13:57.859Z daemon INFO time="2026-02-17T18:13:57Z" level=info msg="Adding libraries dir" dir=/home/shrek/.arduino15/libraries isSingleLibrary=false location=ide
2026-02-17 18:13:57 2026-02-17T18:13:57.859Z daemon INFO time="2026-02-17T18:13:57Z" level=info msg="Adding libraries dir" dir=/home/shrek/.arduino15/packages/esp8266/hardware/esp8266/3.1.2/libraries isSingleLibrary=false location=platform
time="2026-02-17T18:13:57Z" level=info msg="Adding libraries dir" dir=/home/shrek/Arduino/libraries isSingleLibrary=false location=user
2026-02-17 18:13:58 2026-02-17T18:13:58.011Z daemon INFO time="2026-02-17T18:13:58Z" level=info msg="Resolving include Adafruit_SSD1306.h for arch esp8266"
time="2026-02-17T18:13:58Z" level=info msg="  found better lib" lib="Adafruit SSD1306" prio=6A7
2026-02-17 18:13:58 2026-02-17T18:13:58.095Z daemon INFO time="2026-02-17T18:13:58Z" level=info msg="Resolving include Adafruit_GFX.h for arch esp8266"
time="2026-02-17T18:13:58Z" level=info msg="  found better lib" lib="Adafruit GFX Library" prio=517
2026-02-17 18:13:58 2026-02-17T18:13:58.180Z daemon INFO time="2026-02-17T18:13:58Z" level=info msg="Resolving include Adafruit_I2CDevice.h for arch esp8266"
time="2026-02-17T18:13:58Z" level=info msg="  found better lib" lib="Adafruit BusIO" prio=3EB
2026-02-17 18:13:58 2026-02-17T18:13:58.264Z daemon INFO time="2026-02-17T18:13:58Z" level=info msg="Resolving include Wire.h for arch esp8266"
time="2026-02-17T18:13:58Z" level=info msg="  found better lib" lib=Wire prio=6B0
2026-02-17 18:13:58 2026-02-17T18:13:58.350Z daemon INFO time="2026-02-17T18:13:58Z" level=info msg="Resolving include SPI.h for arch esp8266"
time="2026-02-17T18:13:58Z" level=info msg="  found better lib" lib=SPI prio=6B0
2026-02-17 18:13:59 2026-02-17T18:13:59.050Z daemon INFO time="2026-02-17T18:13:59Z" level=info msg="Adding libraries dir" dir=/home/shrek/.arduino15/libraries isSingleLibrary=false location=ide
time="2026-02-17T18:13:59Z" level=info msg="Adding libraries dir" dir=/home/shrek/.arduino15/packages/esp8266/hardware/esp8266/3.1.2/libraries isSingleLibrary=false location=platform
time="2026-02-17T18:13:59Z" level=info msg="Adding libraries dir" dir=/home/shrek/Arduino/libraries isSingleLibrary=false location=user
2026-02-17 18:14:00 2026-02-17T18:14:00.237Z root INFO creating connection for 2
2026-02-17 18:14:00 2026-02-17T18:14:00.728Z root WARN A command editor.action.toggleStickyScroll is already registered.
2026-02-17 18:14:00 Opening channel for service path '/services/electron-window'.
2026-02-17 18:14:00 Opening channel for service path '/services/ide-updater'.
2026-02-17 18:14:00 2026-02-17T18:14:00.778Z root INFO Start frontend contributions: 117.2 ms [Finished 0.884 s after frontend start]
2026-02-17 18:14:00 2026-02-17T18:14:00.779Z root INFO Changed application state from 'init' to 'started_contributions'.
2026-02-17 18:14:00 2026-02-17T18:14:00.799Z root INFO [c0c6a3bc-5eb3-488b-ade7-7aeb4c741385] Waiting for backend deployment: 33.2 ms [Finished 0.914 s after frontend start]
2026-02-17 18:14:01 2026-02-17T18:14:01.075Z root INFO Changed application state from 'started_contributions' to 'attached_shell'.
2026-02-17 18:14:01 2026-02-17T18:14:01.075Z root INFO >>> Restoring the layout state...
2026-02-17 18:14:01 2026-02-17T18:14:01.075Z root INFO <<< Nothing to restore.
2026-02-17 18:14:01 2026-02-17T18:14:01.075Z root INFO Initialize the workbench layout: 14.7 ms [Finished 1.142 s after frontend start]
2026-02-17 18:14:01 2026-02-17T18:14:01.075Z root INFO Changed application state from 'attached_shell' to 'initialized_layout'.
2026-02-17 18:14:01 2026-02-17T18:14:01.077Z root INFO [hosted-plugin: 21213] PLUGIN_HOST(21213) starting instance
[Object: null prototype] {}
2026-02-17 18:14:01 2026-02-17T18:14:01.504Z root INFO [c0c6a3bc-5eb3-488b-ade7-7aeb4c741385] Sync of 23 plugins: 682.4 ms [Finished 1.597 s after frontend start]
2026-02-17 18:14:01 2026-02-17T18:14:01.504Z root INFO [c0c6a3bc-5eb3-488b-ade7-7aeb4c741385] Loading plugin contributions
2026-02-17 18:14:01 2026-02-17T18:14:01.504Z root INFO [c0c6a3bc-5eb3-488b-ade7-7aeb4c741385] Load contributions of 23 plugins: 21.6 ms [Finished 1.619 s after frontend start]
2026-02-17 18:14:01 2026-02-17T18:14:01.521Z root WARN 'cpp' language is remapped from 'source.cpp.embedded.macro' to 'source.cpp' scope
2026-02-17 18:14:01 2026-02-17T18:14:01.521Z root WARN a registered grammar configuration for 'cpp' language is overridden
2026-02-17 18:14:01 2026-02-17T18:14:01.655Z root ERROR [hosted-plugin: 21213] Conflict in settings file Default: Ignoring cortex-debug.armToolchainPath.linux as cortex-debug.armToolchainPath is null
2026-02-17 18:14:01 2026-02-17T18:14:01.655Z root ERROR [hosted-plugin: 21213] Conflict in settings file Default: Ignoring cortex-debug.armToolchainPath.osx as cortex-debug.armToolchainPath is null
2026-02-17 18:14:01 2026-02-17T18:14:01.655Z root ERROR [hosted-plugin: 21213] Conflict in settings file Default: Ignoring cortex-debug.armToolchainPath.windows as cortex-debug.armToolchainPath is null
2026-02-17 18:14:01 2026-02-17T18:14:01.655Z root ERROR [hosted-plugin: 21213] Conflict in settings file Default: Ignoring cortex-debug.JLinkGDBServerPath.linux as cortex-debug.JLinkGDBServerPath is null
2026-02-17 18:14:01 2026-02-17T18:14:01.655Z root ERROR [hosted-plugin: 21213] Conflict in settings file Default: Ignoring cortex-debug.JLinkGDBServerPath.osx as cortex-debug.JLinkGDBServerPath is null
2026-02-17 18:14:01 2026-02-17T18:14:01.655Z root ERROR [hosted-plugin: 21213] Conflict in settings file Default: Ignoring cortex-debug.JLinkGDBServerPath.windows as cortex-debug.JLinkGDBServerPath is null
2026-02-17 18:14:01 2026-02-17T18:14:01.655Z root ERROR [hosted-plugin: 21213] Conflict in settings file Default: Ignoring cortex-debug.openocdPath.linux as cortex-debug.openocdPath is null
2026-02-17 18:14:01 2026-02-17T18:14:01.655Z root ERROR [hosted-plugin: 21213] Conflict in settings file Default: Ignoring cortex-debug.openocdPath.osx as cortex-debug.openocdPath is null
2026-02-17 18:14:01 2026-02-17T18:14:01.655Z root ERROR [hosted-plugin: 21213] Conflict in settings file Default: Ignoring cortex-debug.openocdPath.windows as cortex-debug.openocdPath is null
2026-02-17 18:14:01 2026-02-17T18:14:01.655Z root ERROR [hosted-plugin: 21213] Conflict in settings file Default: Ignoring cortex-debug.pyocdPath.linux as cortex-debug.pyocdPath is null
2026-02-17 18:14:01 2026-02-17T18:14:01.655Z root ERROR [hosted-plugin: 21213] Conflict in settings file Default: Ignoring cortex-debug.pyocdPath.osx as cortex-debug.pyocdPath is null
2026-02-17 18:14:01 2026-02-17T18:14:01.655Z root ERROR [hosted-plugin: 21213] Conflict in settings file Default: Ignoring cortex-debug.pyocdPath.windows as cortex-debug.pyocdPath is null
2026-02-17 18:14:01 2026-02-17T18:14:01.655Z root ERROR [hosted-plugin: 21213] Conflict in settings file Default: Ignoring cortex-debug.PEGDBServerPath.linux as cortex-debug.PEGDBServerPath is null
2026-02-17 18:14:01 2026-02-17T18:14:01.655Z root ERROR [hosted-plugin: 21213] Conflict in settings file Default: Ignoring cortex-debug.PEGDBServerPath.osx as cortex-debug.PEGDBServerPath is null
Conflict in settings file Default: Ignoring cortex-debug.PEGDBServerPath.windows as cortex-debug.PEGDBServerPath is null
2026-02-17 18:14:01 2026-02-17T18:14:01.655Z root ERROR [hosted-plugin: 21213] Conflict in settings file Default: Ignoring cortex-debug.stutilPath.linux as cortex-debug.stutilPath is null
Conflict in settings file Default: Ignoring cortex-debug.stutilPath.osx as cortex-debug.stutilPath is null
2026-02-17 18:14:01 2026-02-17T18:14:01.655Z root ERROR [hosted-plugin: 21213] Conflict in settings file Default: Ignoring cortex-debug.stutilPath.windows as cortex-debug.stutilPath is null
Conflict in settings file Default: Ignoring cortex-debug.stlinkPath.linux as cortex-debug.stlinkPath is null
2026-02-17 18:14:01 2026-02-17T18:14:01.655Z root ERROR [hosted-plugin: 21213] Conflict in settings file Default: Ignoring cortex-debug.stlinkPath.osx as cortex-debug.stlinkPath is null
Conflict in settings file Default: Ignoring cortex-debug.stlinkPath.windows as cortex-debug.stlinkPath is null
2026-02-17 18:14:01 2026-02-17T18:14:01.655Z root ERROR [hosted-plugin: 21213] Conflict in settings file Default: Ignoring cortex-debug.stm32cubeprogrammer.linux as cortex-debug.stm32cubeprogrammer is null
Conflict in settings file Default: Ignoring cortex-debug.stm32cubeprogrammer.osx as cortex-debug.stm32cubeprogrammer is null
2026-02-17 18:14:01 2026-02-17T18:14:01.655Z root ERROR [hosted-plugin: 21213] Conflict in settings file Default: Ignoring cortex-debug.stm32cubeprogrammer.windows as cortex-debug.stm32cubeprogrammer is null
2026-02-17 18:14:01 2026-02-17T18:14:01.697Z root INFO [hosted-plugin: 21213] PLUGIN_HOST(21213): PluginManagerExtImpl/init()
2026-02-17 18:14:01 2026-02-17T18:14:01.698Z root INFO [hosted-plugin: 21213] PLUGIN_HOST(21213): initializing(vscode-arduino-api@0.1.2 with /opt/arduino-ide/resources/app/lib/backend/plugin-vscode-init)
2026-02-17 18:14:01 2026-02-17T18:14:01.739Z root INFO [hosted-plugin: 21213] PLUGIN_HOST(21213): initializing(json-language-features@1.88.1 with /opt/arduino-ide/resources/app/lib/backend/plugin-vscode-init)
2026-02-17 18:14:01 2026-02-17T18:14:01.741Z root INFO [hosted-plugin: 21213] PLUGIN_HOST(21213): initializing(cortex-debug@1.5.1 with /opt/arduino-ide/resources/app/lib/backend/plugin-vscode-init)
2026-02-17 18:14:01 2026-02-17T18:14:01.742Z root INFO [hosted-plugin: 21213] Debugger contribution has been registered: cortex-debug
2026-02-17 18:14:01 2026-02-17T18:14:01.743Z root INFO [hosted-plugin: 21213] PLUGIN_HOST(21213): initializing(vscode-arduino-tools@0.1.3 with /opt/arduino-ide/resources/app/lib/backend/plugin-vscode-init)
2026-02-17 18:14:01 2026-02-17T18:14:01.743Z root INFO [hosted-plugin: 21213] PLUGIN_HOST(21213): initializing(cpp@1.88.1 with /opt/arduino-ide/resources/app/lib/backend/plugin-vscode-init)
2026-02-17 18:14:01 2026-02-17T18:14:01.744Z root INFO [hosted-plugin: 21213] PLUGIN_HOST(21213): initializing(json@1.88.1 with /opt/arduino-ide/resources/app/lib/backend/plugin-vscode-init)
2026-02-17 18:14:01 2026-02-17T18:14:01.746Z root INFO [hosted-plugin: 21213] PLUGIN_HOST(21213): initializing(vscode-language-pack-bg@1.48.3 with /opt/arduino-ide/resources/app/lib/backend/plugin-vscode-init)
2026-02-17 18:14:01 2026-02-17T18:14:01.747Z root INFO [hosted-plugin: 21213] PLUGIN_HOST(21213): initializing(vscode-language-pack-cs@1.96.0 with /opt/arduino-ide/resources/app/lib/backend/plugin-vscode-init)
2026-02-17 18:14:01 2026-02-17T18:14:01.747Z root INFO [hosted-plugin: 21213] PLUGIN_HOST(21213): initializing(vscode-language-pack-de@1.96.0 with /opt/arduino-ide/resources/app/lib/backend/plugin-vscode-init)
2026-02-17 18:14:01 2026-02-17T18:14:01.747Z root INFO [hosted-plugin: 21213] PLUGIN_HOST(21213): initializing(vscode-language-pack-es@1.96.0 with /opt/arduino-ide/resources/app/lib/backend/plugin-vscode-init)
2026-02-17 18:14:01 2026-02-17T18:14:01.748Z root INFO [hosted-plugin: 21213] PLUGIN_HOST(21213): initializing(vscode-language-pack-fr@1.96.0 with /opt/arduino-ide/resources/app/lib/backend/plugin-vscode-init)
2026-02-17 18:14:01 2026-02-17T18:14:01.748Z root INFO [hosted-plugin: 21213] PLUGIN_HOST(21213): initializing(vscode-language-pack-hu@1.48.3 with /opt/arduino-ide/resources/app/lib/backend/plugin-vscode-init)
2026-02-17 18:14:01 2026-02-17T18:14:01.748Z root INFO [hosted-plugin: 21213] PLUGIN_HOST(21213): initializing(vscode-language-pack-it@1.96.0 with /opt/arduino-ide/resources/app/lib/backend/plugin-vscode-init)
2026-02-17 18:14:01 2026-02-17T18:14:01.748Z root INFO [hosted-plugin: 21213] PLUGIN_HOST(21213): initializing(vscode-language-pack-ja@1.96.0 with /opt/arduino-ide/resources/app/lib/backend/plugin-vscode-init)
2026-02-17 18:14:01 2026-02-17T18:14:01.749Z root INFO [hosted-plugin: 21213] PLUGIN_HOST(21213): initializing(vscode-language-pack-ko@1.96.0 with /opt/arduino-ide/resources/app/lib/backend/plugin-vscode-init)
2026-02-17 18:14:01 2026-02-17T18:14:01.749Z root INFO [hosted-plugin: 21213] PLUGIN_HOST(21213): initializing(vscode-language-pack-nl@1.48.3 with /opt/arduino-ide/resources/app/lib/backend/plugin-vscode-init)
2026-02-17 18:14:01 2026-02-17T18:14:01.749Z root INFO [hosted-plugin: 21213] PLUGIN_HOST(21213): initializing(vscode-language-pack-pl@1.96.0 with /opt/arduino-ide/resources/app/lib/backend/plugin-vscode-init)
2026-02-17 18:14:01 2026-02-17T18:14:01.750Z root INFO [hosted-plugin: 21213] PLUGIN_HOST(21213): initializing(vscode-language-pack-pt-BR@1.96.0 with /opt/arduino-ide/resources/app/lib/backend/plugin-vscode-init)
2026-02-17 18:14:01 2026-02-17T18:14:01.750Z root INFO [hosted-plugin: 21213] PLUGIN_HOST(21213): initializing(vscode-language-pack-ru@1.96.0 with /opt/arduino-ide/resources/app/lib/backend/plugin-vscode-init)
2026-02-17 18:14:01 2026-02-17T18:14:01.750Z root INFO [hosted-plugin: 21213] PLUGIN_HOST(21213): initializing(vscode-language-pack-tr@1.96.0 with /opt/arduino-ide/resources/app/lib/backend/plugin-vscode-init)
2026-02-17 18:14:01 2026-02-17T18:14:01.750Z root INFO [hosted-plugin: 21213] PLUGIN_HOST(21213): initializing(vscode-language-pack-uk@1.48.3 with /opt/arduino-ide/resources/app/lib/backend/plugin-vscode-init)
2026-02-17 18:14:01 2026-02-17T18:14:01.750Z root INFO [hosted-plugin: 21213] PLUGIN_HOST(21213): initializing(vscode-language-pack-zh-hans@1.96.0 with /opt/arduino-ide/resources/app/lib/backend/plugin-vscode-init)
2026-02-17 18:14:01 2026-02-17T18:14:01.750Z root INFO [hosted-plugin: 21213] PLUGIN_HOST(21213): initializing(vscode-language-pack-zh-hant@1.96.0 with /opt/arduino-ide/resources/app/lib/backend/plugin-vscode-init)
2026-02-17 18:14:01 2026-02-17T18:14:01.805Z root INFO [hosted-plugin: 21213] PLUGIN_HOST(21213): PluginManagerExtImpl/loadPlugin(/opt/arduino-ide/resources/app/plugins/vscode-builtin-json-language-features/extension/client/dist/node/jsonClientMain)
2026-02-17 18:14:01 2026-02-17T18:14:01.835Z root INFO [hosted-plugin: 21213] PLUGIN_HOST(21213): PluginManagerExtImpl/loadPlugin(/opt/arduino-ide/resources/app/plugins/vscode-arduino-api/extension/dist/extension.js)
2026-02-17 18:14:01 2026-02-17T18:14:01.836Z root INFO [hosted-plugin: 21213] calling activation function on Arduino IDE API for VS Code extensions
2026-02-17 18:14:01 2026-02-17T18:14:01.838Z root INFO [c0c6a3bc-5eb3-488b-ade7-7aeb4c741385] Starting plugins.
2026-02-17 18:14:01 2026-02-17T18:14:01.859Z root INFO [hosted-plugin: 21213] PLUGIN_HOST(21213): PluginManagerExtImpl/loadPlugin(/opt/arduino-ide/resources/app/plugins/cortex-debug/extension/dist/extension.js)
2026-02-17 18:14:01 2026-02-17T18:14:01.879Z root INFO [hosted-plugin: 21213] Debug configuration provider has been registered: cortex-debug, trigger: 1
2026-02-17 18:14:01 2026-02-17T18:14:01.879Z root INFO [hosted-plugin: 21213] calling activation function on Cortex-Debug
2026-02-17 18:14:01 2026-02-17T18:14:01.881Z root INFO [hosted-plugin: 21213] GDB server console created
2026-02-17 18:14:01 2026-02-17T18:14:01.974Z root INFO [hosted-plugin: 21213] calling activation function on JSON Language Features (built-in)
2026-02-17 18:14:01 2026-02-17T18:14:01.975Z root INFO Frontend application start: 1267.5 ms [Finished 819.687 s after backend start]
2026-02-17 18:14:01 2026-02-17T18:14:01.986Z root INFO Replace loading indicator with ready workbench UI (animation): 841.2 ms [Finished 1.990 s after frontend start]
2026-02-17 18:14:01 2026-02-17T18:14:01.986Z root INFO Changed application state from 'initialized_layout' to 'ready'.
2026-02-17 18:14:01 2026-02-17T18:14:01.986Z root WARN Linked preference "workbench.colorCustomizations" not found.
2026-02-17 18:14:01 2026-02-17T18:14:01.988Z sketches-service WARN Mismatching sketch file <led.ino> and sketch folder name <practice>. Skipping
2026-02-17 18:14:02 2026-02-17T18:14:02.003Z root INFO Executing startup tasks:
2026-02-17 18:14:02 2026-02-17T18:14:02.016Z root INFO  - 'arduino-use-inherited-boards-data' , args: [{"fqbn":"esp8266:esp8266:generic","data":{"configOptions":[{"label":"Builtin Led","option":"led","values":[{"value":"2","label":"2","selected":true},{"value":"0","label":"0","selected":false},{"value":"1","label":"1","selected":false},{"value":"3","label":"3","selected":false},{"value":"4","label":"4","selected":false},{"value":"5","label":"5","selected":false},{"value":"6","label":"6","selected":false},{"value":"7","label":"7","selected":false},{"value":"8","label":"8","selected":false},{"value":"9","label":"9","selected":false},{"value":"10","label":"10","selected":false},{"value":"11","label":"11","selected":false},{"value":"12","label":"12","selected":false},{"value":"13","label":"13","selected":false},{"value":"14","label":"14","selected":false},{"value":"15","label":"15","selected":false},{"value":"16","label":"16","selected":false}]},{"label":"Upload Speed","option":"baud","values":[{"value":"115200","label":"115200","selected":true},{"value":"57600","label":"57600","selected":false},{"value":"230400","label":"230400","selected":false},{"value":"460800","label":"460800","selected":false},{"value":"921600","label":"921600","selected":false},{"value":"3000000","label":"3000000","selected":false}]},{"label":"CPU Frequency","option":"xtal","values":[{"value":"80","label":"80 MHz","selected":true},{"value":"160","label":"160 MHz","selected":false}]},{"label":"Crystal Frequency","option":"CrystalFreq","values":[{"value":"26","label":"26 MHz","selected":true},{"value":"40","label":"40 MHz","selected":false}]},{"label":"Flash Size","option":"eesz","values":[{"value":"1M64","label":"1MB (FS:64KB OTA:~470KB)","selected":true},{"value":"1M128","label":"1MB (FS:128KB OTA:~438KB)","selected":false},{"value":"1M144","label":"1MB (FS:144KB OTA:~430KB)","selected":false},{"value":"1M160","label":"1MB (FS:160KB OTA:~422KB)","selected":false},{"value":"1M192","label":"1MB (FS:192KB OTA:~406KB)","selected":false},{"value":"1M256","label":"1MB (FS:256KB OTA:~374KB)","selected":false},{"value":"1M512","label":"1MB (FS:512KB OTA:~246KB)","selected":false},{"value":"1M","label":"1MB (FS:none OTA:~502KB)","selected":false},{"value":"2M64","label":"2MB (FS:64KB OTA:~992KB)","selected":false},{"value":"2M128","label":"2MB (FS:128KB OTA:~960KB)","selected":false},{"value":"2M256","label":"2MB (FS:256KB OTA:~896KB)","selected":false},{"value":"2M512","label":"2MB (FS:512KB OTA:~768KB)","selected":false},{"value":"2M1M","label":"2MB (FS:1MB OTA:~512KB)","selected":false},{"value":"2M","label":"2MB (FS:none OTA:~1019KB)","selected":false},{"value":"4M2M","label":"4MB (FS:2MB OTA:~1019KB)","selected":false},{"value":"4M3M","label":"4MB (FS:3MB OTA:~512KB)","selected":false},{"value":"4M1M","label":"4MB (FS:1MB OTA:~1019KB)","selected":false},{"value":"4M","label":"4MB (FS:none OTA:~1019KB)","selected":false},{"value":"8M6M","label":"8MB (FS:6MB OTA:~1019KB)","selected":false},{"value":"8M7M","label":"8MB (FS:7MB OTA:~512KB)","selected":false},{"value":"8M","label":"8MB (FS:none OTA:~1019KB)","selected":false},{"value":"16M14M","label":"16MB (FS:14MB OTA:~1019KB)","selected":false},{"value":"16M15M","label":"16MB (FS:15MB OTA:~512KB)","selected":false},{"value":"16M","label":"16MB (FS:none OTA:~1019KB)","selected":false},{"value":"512K32","label":"512KB (FS:32KB OTA:~230KB)","selected":false},{"value":"512K64","label":"512KB (FS:64KB OTA:~214KB)","selected":false},{"value":"512K128","label":"512KB (FS:128KB OTA:~182KB)","selected":false},{"value":"512K","label":"512KB (FS:none OTA:~246KB)","selected":false},{"value":"autoflash","label":"Mapping defined by Hardware and Sketch","selected":false}]},{"label":"Flash Mode","option":"FlashMode","values":[{"value":"dout","label":"DOUT (compatible)","selected":true},{"value":"dio","label":"DIO","selected":false},{"value":"qout","label":"QOUT","selected":false},{"value":"qio","label":"QIO (fast)","selected":false}]},{"label":"Flash Frequency","option":"FlashFreq","values":[{"value":"40","label":"40MHz","selected":true},{"value":"80","label":"80MHz","selected":false},{"value":"20","label":"20MHz","selected":false},{"value":"26","label":"26MHz","selected":false}]},{"label":"Reset Method","option":"ResetMethod","values":[{"value":"nodemcu","label":"dtr (aka nodemcu)","selected":true},{"value":"ck","label":"no dtr (aka ck)","selected":false},{"value":"nodtr_nosync","label":"no dtr, no_sync","selected":false}]},{"label":"Debug port","option":"dbg","values":[{"value":"Disabled","label":"Disabled","selected":true},{"value":"Serial","label":"Serial","selected":false},{"value":"Serial1","label":"Serial1","selected":false}]},{"label":"Debug Level","option":"lvl","values":[{"value":"None____","label":"None","selected":true},{"value":"SSL","label":"SSL","selected":false},{"value":"TLS_MEM","label":"TLS_MEM","selected":false},{"value":"HTTP_CLIENT","label":"HTTP_CLIENT","selected":false},{"value":"HTTP_SERVER","label":"HTTP_SERVER","selected":false},{"value":"SSLTLS_MEM","label":"SSL+TLS_MEM","selected":false},{"value":"SSLHTTP_CLIENT","label":"SSL+HTTP_CLIENT","selected":false},{"value":"SSLHTTP_SERVER","label":"SSL+HTTP_SERVER","selected":false},{"value":"TLS_MEMHTTP_CLIENT","label":"TLS_MEM+HTTP_CLIENT","selected":false},{"value":"TLS_MEMHTTP_SERVER","label":"TLS_MEM+HTTP_SERVER","selected":false},{"value":"HTTP_CLIENTHTTP_SERVER","label":"HTTP_CLIENT+HTTP_SERVER","selected":false},{"value":"SSLTLS_MEMHTTP_CLIENT","label":"SSL+TLS_MEM+HTTP_CLIENT","selected":false},{"value":"SSLTLS_MEMHTTP_SERVER","label":"SSL+TLS_MEM+HTTP_SERVER","selected":false},{"value":"SSLHTTP_CLIENTHTTP_SERVER","label":"SSL+HTTP_CLIENT+HTTP_SERVER","selected":false},{"value":"TLS_MEMHTTP_CLIENTHTTP_SERVER","label":"TLS_MEM+HTTP_CLIENT+HTTP_SERVER","selected":false},{"value":"SSLTLS_MEMHTTP_CLIENTHTTP_SERVER","label":"SSL+TLS_MEM+HTTP_CLIENT+HTTP_SERVER","selected":false},{"value":"CORE","label":"CORE","selected":false},{"value":"WIFI","label":"WIFI","selected":false},{"value":"HTTP_UPDATE","label":"HTTP_UPDATE","selected":false},{"value":"UPDATER","label":"UPDATER","selected":false},{"value":"OTA","label":"OTA","selected":false},{"value":"OOM","label":"OOM","selected":false},{"value":"MDNS","label":"MDNS","selected":false},{"value":"HWDT","label":"HWDT","selected":false},{"value":"HWDT_NOEXTRA4K","label":"HWDT_NOEXTRA4K","selected":false},{"value":"COREWIFIHTTP_UPDATEUPDATEROTAOOMMDNS","label":"CORE+WIFI+HTTP_UPDATE+UPDATER+OTA+OOM+MDNS","selected":false},{"value":"COREWIFIHTTP_UPDATEUPDATEROTAOOMMDNSHWDT","label":"CORE+WIFI+HTTP_UPDATE+UPDATER+OTA+OOM+MDNS+HWDT","selected":false},{"value":"COREWIFIHTTP_UPDATEUPDATEROTAOOMMDNSHWDT_NOEXTRA4K","label":"CORE+WIFI+HTTP_UPDATE+UPDATER+OTA+OOM+MDNS+HWDT_NOEXTRA4K","selected":false},{"value":"SSLTLS_MEMHTTP_CLIENTHTTP_SERVERCOREWIFIHTTP_UPDATEUPDATEROTAOOMMDNS","label":"SSL+TLS_MEM+HTTP_CLIENT+HTTP_SERVER+CORE+WIFI+HTTP_UPDATE+UPDATER+OTA+OOM+MDNS","selected":false},{"value":"SSLTLS_MEMHTTP_CLIENTHTTP_SERVERCOREWIFIHTTP_UPDATEUPDATEROTAOOMMDNSHWDT","label":"SSL+TLS_MEM+HTTP_CLIENT+HTTP_SERVER+CORE+WIFI+HTTP_UPDATE+UPDATER+OTA+OOM+MDNS+HWDT","selected":false},{"value":"SSLTLS_MEMHTTP_CLIENTHTTP_SERVERCOREWIFIHTTP_UPDATEUPDATEROTAOOMMDNSHWDT_NOEXTRA4K","label":"SSL+TLS_MEM+HTTP_CLIENT+HTTP_SERVER+CORE+WIFI+HTTP_UPDATE+UPDATER+OTA+OOM+MDNS+HWDT_NOEXTRA4K","selected":false},{"value":"NoAssert-NDEBUG","label":"NoAssert-NDEBUG","selected":false}]},{"label":"lwIP Variant","option":"ip","values":[{"value":"lm2f","label":"v2 Lower Memory","selected":true},{"value":"hb2f","label":"v2 Higher Bandwidth","selected":false},{"value":"lm2n","label":"v2 Lower Memory (no features)","selected":false},{"value":"hb2n","label":"v2 Higher Bandwidth (no features)","selected":false},{"value":"lm6f","label":"v2 IPv6 Lower Memory","selected":false},{"value":"hb6f","label":"v2 IPv6 Higher Bandwidth","selected":false}]},{"label":"VTables","option":"vt","values":[{"value":"flash","label":"Flash","selected":true},{"value":"heap","label":"Heap","selected":false},{"value":"iram","label":"IRAM","selected":false}]},{"label":"C++ Exceptions","option":"exception","values":[{"value":"disabled","label":"Disabled (new aborts on oom)","selected":true},{"value":"enabled","label":"Enabled","selected":false}]},{"label":"Stack Protection","option":"stacksmash","values":[{"value":"disabled","label":"Disabled","selected":true},{"value":"enabled","label":"Enabled","selected":false}]},{"label":"Erase Flash","option":"wipe","values":[{"value":"none","label":"Only Sketch","selected":true},{"value":"sdk","label":"Sketch + WiFi Settings","selected":false},{"value":"all","label":"All Flash Contents","selected":false}]},{"label":"NONOS SDK Version","option":"sdk","values":[{"value":"nonosdk_190703","label":"nonos-sdk 2.2.1+100 (190703)","selected":true},{"value":"nonosdk_191122","label":"nonos-sdk 2.2.1+119 (191122)","selected":false},{"value":"nonosdk_191105","label":"nonos-sdk 2.2.1+113 (191105)","selected":false},{"value":"nonosdk_191024","label":"nonos-sdk 2.2.1+111 (191024)","selected":false},{"value":"nonosdk_190313","label":"nonos-sdk 2.2.1+61 (190313)","selected":false},{"value":"nonosdk221","label":"nonos-sdk 2.2.1 (legacy)","selected":false},{"value":"nonosdk305","label":"nonos-sdk 3.0.5 (experimental)","selected":false}]},{"label":"SSL Support","option":"ssl","values":[{"value":"all","label":"All SSL ciphers (most compatible)","selected":true},{"value":"basic","label":"Basic SSL ciphers (lower ROM use)","selected":false}]},{"label":"MMU","option":"mmu","values":[{"value":"3232","label":"32KB cache + 32KB IRAM (balanced)","selected":true},{"value":"4816","label":"16KB cache + 48KB IRAM (IRAM)","selected":false},{"value":"4816H","label":"16KB cache + 48KB IRAM and 2nd Heap (shared)","selected":false},{"value":"3216","label":"16KB cache + 32KB IRAM + 16KB 2nd Heap (not shared)","selected":false},{"value":"ext128k","label":"128K Heap External 23LC1024","selected":false},{"value":"ext8192k","label":"8M w/256K Heap External 64 MBit PSRAM","selected":false}]},{"label":"Non-32-Bit Access","option":"non32xfer","values":[{"value":"fast","label":"Use pgm_read macros for IRAM/PROGMEM","selected":true},{"value":"safe","label":"Byte/Word access to IRAM/PROGMEM (very slow)","selected":false}]}],"programmers":[]}}]
2026-02-17 18:14:02 2026-02-17T18:14:02.016Z root INFO  - 'arduino-use-inherited-boards-config' , args: [{"selectedBoard":{"name":"Generic ESP8266 Module","fqbn":"esp8266:esp8266:generic"},"selectedPort":{"protocol":"serial","address":"/dev/ttyUSB0"}},{"arduino+serial:///dev/ttyACM0":{"name":"ESP32H2 Dev Module","fqbn":"esp32:esp32:esp32h2"},"arduino+serial:///dev/ttyS0":{"name":"ESP32H2 Dev Module","fqbn":"esp32:esp32:esp32h2"},"arduino+serial:///dev/ttyUSB0":{"name":"Generic ESP8266 Module","fqbn":"esp8266:esp8266:generic"}}]
2026-02-17 18:14:02 2026-02-17T18:14:02.035Z root INFO [c0c6a3bc-5eb3-488b-ade7-7aeb4c741385] Start of 23 plugins: 524.9 ms [Finished 2.150 s after frontend start]
2026-02-17 18:14:02 2026-02-17T18:14:02.155Z sketches-service WARN Mismatching sketch file <led.ino> and sketch folder name <practice>. Skipping
2026-02-17 18:14:02 2026-02-17T18:14:02.155Z sketches-service WARN Mismatching sketch file <led.ino> and sketch folder name <practice>. Skipping
2026-02-17 18:14:02 2026-02-17T18:14:02.177Z daemon INFO time="2026-02-17T18:14:02Z" level=info msg="Tool required for debug" tool="esp8266:mklittlefs@3.1.0-gcc10.3-e5f9fec"
time="2026-02-17T18:14:02Z" level=info msg="Tool required for debug" tool="esp8266:mkspiffs@3.1.0-gcc10.3-e5f9fec"
time="2026-02-17T18:14:02Z" level=info msg="Tool required for debug" tool="esp8266:python3@3.7.2-post1"
time="2026-02-17T18:14:02Z" level=info msg="Tool required for debug" tool="esp8266:xtensa-lx106-elf-gcc@3.1.0-gcc10.3-e5f9fec"
time="2026-02-17T18:14:02Z" level=info msg="Tool required for debug" tool="esp32:xtensa-esp-elf-gdb@16.3_20250913"
2026-02-17 18:14:02 2026-02-17T18:14:02.177Z daemon INFO time="2026-02-17T18:14:02Z" level=info msg="Tool required for debug" tool="esp32:esp32s2-libs@3.3.6"
time="2026-02-17T18:14:02Z" level=info msg="Tool required for debug" tool="esp32:esp-x32@2511"
time="2026-02-17T18:14:02Z" level=info msg="Tool required for debug" tool="esp32:esp32h2-libs@3.3.6"
time="2026-02-17T18:14:02Z" level=info msg="Tool required for debug" tool="arduino:avr-gcc@7.3.0-atmel3.6.1-arduino7"
time="2026-02-17T18:14:02Z" level=info msg="Tool required for debug" tool="builtin:serial-discovery@1.4.3"
time="2026-02-17T18:14:02Z" level=info msg="Tool required for debug" tool="esp32:esp-rv32@2511"
2026-02-17 18:14:02 2026-02-17T18:14:02.177Z daemon INFO time="2026-02-17T18:14:02Z" level=info msg="Tool required for debug" tool="esp32:esp32c5-libs@3.3.6"
time="2026-02-17T18:14:02Z" level=info msg="Tool required for debug" tool="esp32:esp32p4-libs@3.3.6"
time="2026-02-17T18:14:02Z" level=info msg="Tool required for debug" tool="arduino:arduinoOTA@1.3.0"
time="2026-02-17T18:14:02Z" level=info msg="Tool required for debug" tool="esp32:riscv32-esp-elf-gdb@16.3_20250913"
time="2026-02-17T18:14:02Z" level=info msg="Tool required for debug" tool="esp32:esp32p4_es-libs@3.3.6"
time="2026-02-17T18:14:02Z" level=info msg="Tool required for debug" tool="esp32:esptool_py@5.1.0"
time="2026-02-17T18:14:02Z" level=info msg="Tool required for debug" tool="esp32:openocd-esp32@v0.12.0-esp32-20251215"
time="2026-02-17T18:14:02Z" level=info msg="Tool required for debug" tool="esp32:esp32-libs@3.3.6"
time="2026-02-17T18:14:02Z" level=info msg="Tool required for debug" tool="esp32:esp32c3-libs@3.3.6"
time="2026-02-17T18:14:02Z" level=info msg="Tool required for debug" tool="builtin:serial-monitor@0.15.0"
2026-02-17 18:14:02 2026-02-17T18:14:02.178Z daemon INFO time="2026-02-17T18:14:02Z" level=info msg="Tool required for debug" tool="arduino:avrdude@8.0.0-arduino1"
time="2026-02-17T18:14:02Z" level=info msg="Tool required for debug" tool="builtin:dfu-discovery@0.1.2"
time="2026-02-17T18:14:02Z" level=info msg="Tool required for debug" tool="builtin:mdns-discovery@1.0.12"
2026-02-17 18:14:02 2026-02-17T18:14:02.178Z daemon INFO time="2026-02-17T18:14:02Z" level=info msg="Tool required for debug" tool="esp32:esp32c6-libs@3.3.6"
time="2026-02-17T18:14:02Z" level=info msg="Tool required for debug" tool="esp32:esp32s3-libs@3.3.6"
time="2026-02-17T18:14:02Z" level=info msg="Tool required for debug" tool="arduino:dfu-util@0.11.0-arduino5"
time="2026-02-17T18:14:02Z" level=info msg="Tool required for debug" tool="builtin:ctags@5.8-arduino11"
2026-02-17 18:14:02 2026-02-17T18:14:02.178Z root ERROR Failed to get debug config: esp8266:esp8266:generic:led=2,baud=115200,xtal=80,CrystalFreq=26,eesz=1M64,FlashMode=dout,FlashFreq=40,ResetMethod=nodemcu,dbg=Disabled,lvl=None____,ip=lm2f,vt=flash,exception=disabled,stacksmash=disabled,wipe=none,sdk=nonosdk_190703,ssl=all,mmu=3232,non32xfer=fast, undefined Error: Debugging is not supported.
    at Object.callback (/opt/arduino-ide/resources/app/lib/backend/main.js:2:4742300)
    at Object.onReceiveStatus (/opt/arduino-ide/resources/app/lib/backend/main.js:2:3778020)
    at Object.onReceiveStatus (/opt/arduino-ide/resources/app/lib/backend/main.js:2:2211941)
    at Object.onReceiveStatus (/opt/arduino-ide/resources/app/lib/backend/main.js:2:2211386)
    at /opt/arduino-ide/resources/app/lib/backend/main.js:2:4348117
    at process.processTicksAndRejections (node:internal/process/task_queues:77:11)
2026-02-17 18:14:02 2026-02-17T18:14:02.305Z daemon INFO time="2026-02-17T18:14:02Z" level=info msg="Tool required for debug" tool="esp8266:mklittlefs@3.1.0-gcc10.3-e5f9fec"
time="2026-02-17T18:14:02Z" level=info msg="Tool required for debug" tool="esp8266:mkspiffs@3.1.0-gcc10.3-e5f9fec"
2026-02-17 18:14:02 2026-02-17T18:14:02.305Z daemon INFO time="2026-02-17T18:14:02Z" level=info msg="Tool required for debug" tool="esp8266:python3@3.7.2-post1"
time="2026-02-17T18:14:02Z" level=info msg="Tool required for debug" tool="esp8266:xtensa-lx106-elf-gcc@3.1.0-gcc10.3-e5f9fec"
time="2026-02-17T18:14:02Z" level=info msg="Tool required for debug" tool="esp32:esp32c6-libs@3.3.6"
time="2026-02-17T18:14:02Z" level=info msg="Tool required for debug" tool="esp32:esp32s3-libs@3.3.6"
time="2026-02-17T18:14:02Z" level=info msg="Tool required for debug" tool="esp32:xtensa-esp-elf-gdb@16.3_20250913"
time="2026-02-17T18:14:02Z" level=info msg="Tool required for debug" tool="arduino:avrdude@8.0.0-arduino1"
2026-02-17 18:14:02 2026-02-17T18:14:02.306Z daemon INFO time="2026-02-17T18:14:02Z" level=info msg="Tool required for debug" tool="builtin:ctags@5.8-arduino11"
time="2026-02-17T18:14:02Z" level=info msg="Tool required for debug" tool="esp32:esp32-libs@3.3.6"
2026-02-17 18:14:02 2026-02-17T18:14:02.306Z daemon INFO time="2026-02-17T18:14:02Z" level=info msg="Tool required for debug" tool="esp32:esp32c3-libs@3.3.6"
time="2026-02-17T18:14:02Z" level=info msg="Tool required for debug" tool="esp32:esp32h2-libs@3.3.6"
time="2026-02-17T18:14:02Z" level=info msg="Tool required for debug" tool="esp32:esp-rv32@2511"
2026-02-17 18:14:02 2026-02-17T18:14:02.306Z daemon INFO time="2026-02-17T18:14:02Z" level=info msg="Tool required for debug" tool="builtin:dfu-discovery@0.1.2"
time="2026-02-17T18:14:02Z" level=info msg="Tool required for debug" tool="builtin:serial-discovery@1.4.3"
2026-02-17 18:14:02 2026-02-17T18:14:02.306Z daemon INFO time="2026-02-17T18:14:02Z" level=info msg="Tool required for debug" tool="esp32:esp32s2-libs@3.3.6"
2026-02-17 18:14:02 2026-02-17T18:14:02.306Z daemon INFO time="2026-02-17T18:14:02Z" level=info msg="Tool required for debug" tool="esp32:openocd-esp32@v0.12.0-esp32-20251215"
time="2026-02-17T18:14:02Z" level=info msg="Tool required for debug" tool="arduino:dfu-util@0.11.0-arduino5"
2026-02-17 18:14:02 2026-02-17T18:14:02.306Z daemon INFO time="2026-02-17T18:14:02Z" level=info msg="Tool required for debug" tool="arduino:arduinoOTA@1.3.0"
time="2026-02-17T18:14:02Z" level=info msg="Tool required for debug" tool="builtin:mdns-discovery@1.0.12"
time="2026-02-17T18:14:02Z" level=info msg="Tool required for debug" tool="esp32:esp-x32@2511"
time="2026-02-17T18:14:02Z" level=info msg="Tool required for debug" tool="esp32:esp32c5-libs@3.3.6"
2026-02-17 18:14:02 2026-02-17T18:14:02.306Z daemon INFO time="2026-02-17T18:14:02Z" level=info msg="Tool required for debug" tool="esp32:esp32p4-libs@3.3.6"
time="2026-02-17T18:14:02Z" level=info msg="Tool required for debug" tool="esp32:esptool_py@5.1.0"
2026-02-17 18:14:02 2026-02-17T18:14:02.306Z daemon INFO time="2026-02-17T18:14:02Z" level=info msg="Tool required for debug" tool="arduino:avr-gcc@7.3.0-atmel3.6.1-arduino7"
2026-02-17 18:14:02 2026-02-17T18:14:02.306Z daemon INFO time="2026-02-17T18:14:02Z" level=info msg="Tool required for debug" tool="builtin:serial-monitor@0.15.0"
2026-02-17 18:14:02 2026-02-17T18:14:02.306Z daemon INFO time="2026-02-17T18:14:02Z" level=info msg="Tool required for debug" tool="esp32:riscv32-esp-elf-gdb@16.3_20250913"
2026-02-17 18:14:02 2026-02-17T18:14:02.306Z daemon INFO time="2026-02-17T18:14:02Z" level=info msg="Tool required for debug" tool="esp32:esp32p4_es-libs@3.3.6"
2026-02-17 18:14:02 2026-02-17T18:14:02.306Z root ERROR Failed to get debug config: esp8266:esp8266:generic:led=2,baud=115200,xtal=80,CrystalFreq=26,eesz=1M64,FlashMode=dout,FlashFreq=40,ResetMethod=nodemcu,dbg=Disabled,lvl=None____,ip=lm2f,vt=flash,exception=disabled,stacksmash=disabled,wipe=none,sdk=nonosdk_190703,ssl=all,mmu=3232,non32xfer=fast, undefined Error: Debugging is not supported.
    at Object.callback (/opt/arduino-ide/resources/app/lib/backend/main.js:2:4742300)
    at Object.onReceiveStatus (/opt/arduino-ide/resources/app/lib/backend/main.js:2:3778020)
    at Object.onReceiveStatus (/opt/arduino-ide/resources/app/lib/backend/main.js:2:2211941)
    at Object.onReceiveStatus (/opt/arduino-ide/resources/app/lib/backend/main.js:2:2211386)
    at /opt/arduino-ide/resources/app/lib/backend/main.js:2:4348117
    at process.processTicksAndRejections (node:internal/process/task_queues:77:11)
2026-02-17 18:14:02 2026-02-17T18:14:02.373Z daemon INFO time="2026-02-17T18:14:02Z" level=info msg="Tool required for debug" tool="esp8266:mklittlefs@3.1.0-gcc10.3-e5f9fec"
time="2026-02-17T18:14:02Z" level=info msg="Tool required for debug" tool="esp8266:mkspiffs@3.1.0-gcc10.3-e5f9fec"
time="2026-02-17T18:14:02Z" level=info msg="Tool required for debug" tool="esp8266:python3@3.7.2-post1"
2026-02-17 18:14:02 2026-02-17T18:14:02.373Z daemon INFO time="2026-02-17T18:14:02Z" level=info msg="Tool required for debug" tool="esp8266:xtensa-lx106-elf-gcc@3.1.0-gcc10.3-e5f9fec"
time="2026-02-17T18:14:02Z" level=info msg="Tool required for debug" tool="arduino:avr-gcc@7.3.0-atmel3.6.1-arduino7"
time="2026-02-17T18:14:02Z" level=info msg="Tool required for debug" tool="esp32:esp32p4-libs@3.3.6"
time="2026-02-17T18:14:02Z" level=info msg="Tool required for debug" tool="esp32:esptool_py@5.1.0"
time="2026-02-17T18:14:02Z" level=info msg="Tool required for debug" tool="esp32:xtensa-esp-elf-gdb@16.3_20250913"
time="2026-02-17T18:14:02Z" level=info msg="Tool required for debug" tool="arduino:dfu-util@0.11.0-arduino5"
time="2026-02-17T18:14:02Z" level=info msg="Tool required for debug" tool="builtin:ctags@5.8-arduino11"
time="2026-02-17T18:14:02Z" level=info msg="Tool required for debug" tool="builtin:mdns-discovery@1.0.12"
time="2026-02-17T18:14:02Z" level=info msg="Tool required for debug" tool="esp32:esp-rv32@2511"
time="2026-02-17T18:14:02Z" level=info msg="Tool required for debug" tool="esp32:esp32c6-libs@3.3.6"
2026-02-17 18:14:02 2026-02-17T18:14:02.373Z daemon INFO time="2026-02-17T18:14:02Z" level=info msg="Tool required for debug" tool="esp32:openocd-esp32@v0.12.0-esp32-20251215"
time="2026-02-17T18:14:02Z" level=info msg="Tool required for debug" tool="builtin:serial-monitor@0.15.0"
time="2026-02-17T18:14:02Z" level=info msg="Tool required for debug" tool="builtin:serial-discovery@1.4.3"
time="2026-02-17T18:14:02Z" level=info msg="Tool required for debug" tool="esp32:esp-x32@2511"
2026-02-17 18:14:02 2026-02-17T18:14:02.373Z daemon INFO time="2026-02-17T18:14:02Z" level=info msg="Tool required for debug" tool="esp32:esp32c5-libs@3.3.6"
time="2026-02-17T18:14:02Z" level=info msg="Tool required for debug" tool="esp32:esp32-libs@3.3.6"
time="2026-02-17T18:14:02Z" level=info msg="Tool required for debug" tool="esp32:esp32c3-libs@3.3.6"
2026-02-17 18:14:02 2026-02-17T18:14:02.373Z daemon INFO time="2026-02-17T18:14:02Z" level=info msg="Tool required for debug" tool="arduino:avrdude@8.0.0-arduino1"
time="2026-02-17T18:14:02Z" level=info msg="Tool required for debug" tool="arduino:arduinoOTA@1.3.0"
2026-02-17 18:14:02 2026-02-17T18:14:02.373Z daemon INFO time="2026-02-17T18:14:02Z" level=info msg="Tool required for debug" tool="builtin:dfu-discovery@0.1.2"
time="2026-02-17T18:14:02Z" level=info msg="Tool required for debug" tool="esp32:esp32h2-libs@3.3.6"
time="2026-02-17T18:14:02Z" level=info msg="Tool required for debug" tool="esp32:riscv32-esp-elf-gdb@16.3_20250913"
2026-02-17 18:14:02 2026-02-17T18:14:02.373Z daemon INFO time="2026-02-17T18:14:02Z" level=info msg="Tool required for debug" tool="esp32:esp32p4_es-libs@3.3.6"
time="2026-02-17T18:14:02Z" level=info msg="Tool required for debug" tool="esp32:esp32s3-libs@3.3.6"
2026-02-17 18:14:02 2026-02-17T18:14:02.373Z daemon INFO time="2026-02-17T18:14:02Z" level=info msg="Tool required for debug" tool="esp32:esp32s2-libs@3.3.6"
2026-02-17 18:14:02 2026-02-17T18:14:02.373Z root ERROR Failed to get debug config: esp8266:esp8266:generic:led=2,baud=115200,xtal=80,CrystalFreq=26,eesz=1M64,FlashMode=dout,FlashFreq=40,ResetMethod=nodemcu,dbg=Disabled,lvl=None____,ip=lm2f,vt=flash,exception=disabled,stacksmash=disabled,wipe=none,sdk=nonosdk_190703,ssl=all,mmu=3232,non32xfer=fast, undefined Error: Debugging is not supported.
    at Object.callback (/opt/arduino-ide/resources/app/lib/backend/main.js:2:4742300)
    at Object.onReceiveStatus (/opt/arduino-ide/resources/app/lib/backend/main.js:2:3778020)
    at Object.onReceiveStatus (/opt/arduino-ide/resources/app/lib/backend/main.js:2:2211941)
    at Object.onReceiveStatus (/opt/arduino-ide/resources/app/lib/backend/main.js:2:2211386)
    at /opt/arduino-ide/resources/app/lib/backend/main.js:2:4348117
    at process.processTicksAndRejections (node:internal/process/task_queues:77:11)
2026-02-17 18:14:02 2026-02-17T18:14:02.384Z root INFO Starting language server: esp8266:esp8266:generic:led=2,baud=115200,xtal=80,CrystalFreq=26,eesz=1M64,FlashMode=dout,FlashFreq=40,ResetMethod=nodemcu,dbg=Disabled,lvl=None____,ip=lm2f,vt=flash,exception=disabled,stacksmash=disabled,wipe=none,sdk=nonosdk_190703,ssl=all,mmu=3232,non32xfer=fast
2026-02-17 18:14:02 2026-02-17T18:14:02.409Z root INFO [hosted-plugin: 21213] PLUGIN_HOST(21213): PluginManagerExtImpl/loadPlugin(/opt/arduino-ide/resources/app/plugins/vscode-arduino-tools/extension/dist/extension.js)
2026-02-17 18:14:02 2026-02-17T18:14:02.425Z root INFO [hosted-plugin: 21213] calling activation function on VS Code Arduino Tools
2026-02-17 18:14:02 2026-02-17T18:14:02.437Z daemon INFO time="2026-02-17T18:14:02Z" level=info msg="Adding libraries dir" dir=/home/shrek/.arduino15/libraries isSingleLibrary=false location=ide
2026-02-17 18:14:02 2026-02-17T18:14:02.437Z daemon INFO time="2026-02-17T18:14:02Z" level=info msg="Adding libraries dir" dir=/home/shrek/.arduino15/packages/esp8266/hardware/esp8266/3.1.2/libraries isSingleLibrary=false location=platform
time="2026-02-17T18:14:02Z" level=info msg="Adding libraries dir" dir=/home/shrek/Arduino/libraries isSingleLibrary=false location=user
2026-02-17 18:14:02 isTempSketch: false. Input was /home/shrek/Arduino/AndroidCnct/oledworking
2026-02-17 18:14:02 Marking workspace as a closed sketch. Workspace URI: file:///home/shrek/Arduino/AndroidCnct/oledworking. Date: 1771352042457.
2026-02-17 18:14:02 isTempSketch: false. Input was /home/shrek/Arduino/AndroidCnct/oledworking
2026-02-17 18:14:02 Marking workspace as a closed sketch. Workspace URI: file:///home/shrek/Arduino/AndroidCnct/oledworking. Date: 1771352042458.
2026-02-17 18:14:02 Closing channel on service path '/services/electron-window'.
2026-02-17 18:14:02 Closing channel on service path '/services/ide-updater'.
2026-02-17 18:14:02 2026-02-17T18:14:02.461Z root INFO socked closed
2026-02-17 18:14:02 2026-02-17T18:14:02.461Z root INFO closing connection for 1
2026-02-17 18:14:02 2026-02-17T18:14:02.461Z root INFO Closing channel on service path '/localization-server'.
2026-02-17 18:14:02 2026-02-17T18:14:02.461Z root INFO Closing channel on service path '/os'.
2026-02-17 18:14:02 2026-02-17T18:14:02.461Z root INFO Closing channel on service path '/services/commands'.
2026-02-17 18:14:02 2026-02-17T18:14:02.461Z root INFO Closing channel on service path '/services/keyboard'.
2026-02-17 18:14:02 2026-02-17T18:14:02.461Z root INFO Closing channel on service path '/services/logger'.
2026-02-17 18:14:02 2026-02-17T18:14:02.461Z root INFO Closing channel on service path '/services/messageService'.
2026-02-17 18:14:02 2026-02-17T18:14:02.461Z root INFO Closing channel on service path '/services/ChannelCloseService'.
2026-02-17 18:14:02 2026-02-17T18:14:02.461Z root INFO Closing channel on service path '/services/remote-filesystem'.
2026-02-17 18:14:02 2026-02-17T18:14:02.461Z root INFO Closing channel on service path '/services/envs'.
2026-02-17 18:14:02 2026-02-17T18:14:02.461Z root INFO Closing channel on service path '/services/authentication-service'.
2026-02-17 18:14:02 2026-02-17T18:14:02.461Z root INFO Closing channel on service path '/services/sketches-service'.
2026-02-17 18:14:02 2026-02-17T18:14:02.461Z root INFO Closing channel on service path '/services/config-service'.
2026-02-17 18:14:02 2026-02-17T18:14:02.461Z root INFO Closing channel on service path '/services/workspace'.
2026-02-17 18:14:02 2026-02-17T18:14:02.461Z root INFO Closing channel on service path '/services/notification-service'.
2026-02-17 18:14:02 2026-02-17T18:14:02.461Z root INFO Closing channel on service path '/services/arduino-daemon'.
2026-02-17 18:14:02 2026-02-17T18:14:02.461Z root INFO Closing channel on service path '/services/stopwatch'.
2026-02-17 18:14:02 2026-02-17T18:14:02.461Z root INFO Closing channel on service path '/services/application'.
2026-02-17 18:14:02 2026-02-17T18:14:02.461Z root INFO Closing channel on service path '/services/i18n'.
2026-02-17 18:14:02 2026-02-17T18:14:02.461Z root INFO Closing channel on service path '/services/quickInput'.
2026-02-17 18:14:02 2026-02-17T18:14:02.461Z root INFO Closing channel on service path '/services/debug'.
2026-02-17 18:14:02 2026-02-17T18:14:02.461Z root INFO Closing channel on service path '/services/shell-terminal'.
2026-02-17 18:14:02 2026-02-17T18:14:02.461Z root INFO Closing channel on service path '/services/quickPick'.
2026-02-17 18:14:02 2026-02-17T18:14:02.461Z root INFO Closing channel on service path '/services/task'.
2026-02-17 18:14:02 2026-02-17T18:14:02.461Z root INFO Closing channel on service path '/services/search'.
2026-02-17 18:14:02 2026-02-17T18:14:02.461Z root INFO Closing channel on service path '/services/hostedPlugin'.
2026-02-17 18:14:02 2026-02-17T18:14:02.461Z root INFO Closing channel on service path '/services/plugin-ext'.
2026-02-17 18:14:02 2026-02-17T18:14:02.461Z root INFO Closing channel on service path '/services/plugin-paths'.
2026-02-17 18:14:02 2026-02-17T18:14:02.461Z root INFO Closing channel on service path '/services/cli-preferences'.
2026-02-17 18:14:02 2026-02-17T18:14:02.461Z root INFO Closing channel on service path '/services/boards-service'.
2026-02-17 18:14:02 2026-02-17T18:14:02.461Z root INFO Closing channel on service path '/services/response-service'.
2026-02-17 18:14:02 2026-02-17T18:14:02.461Z root INFO Closing channel on service path '/services/file-system-ext'.
2026-02-17 18:14:02 2026-02-17T18:14:02.461Z root INFO Closing channel on service path '/services/core-service'.
2026-02-17 18:14:02 2026-02-17T18:14:02.461Z root INFO Closing channel on service path '/services/example-service'.
2026-02-17 18:14:02 2026-02-17T18:14:02.461Z root INFO Closing channel on service path '/services/library-service'.
2026-02-17 18:14:02 2026-02-17T18:14:02.461Z root INFO Closing channel on service path '/services/executable-service'.
2026-02-17 18:14:02 2026-02-17T18:14:02.461Z root INFO Closing channel on service path '/services/arduino-firmware-uploader'.
2026-02-17 18:14:02 2026-02-17T18:14:02.461Z root INFO Closing channel on service path '/services/formatter'.
2026-02-17 18:14:02 2026-02-17T18:14:02.461Z root INFO Closing channel on service path '/services/search-in-workspace'.
2026-02-17 18:14:02 2026-02-17T18:14:02.461Z root INFO Closing channel on service path '/services/request-service'.
2026-02-17 18:14:02 2026-02-17T18:14:02.461Z root INFO Closing channel on service path '/services/keyStore'.
2026-02-17 18:14:02 2026-02-17T18:14:02.461Z root INFO Closing channel on service path '/services/languagePackService'.
2026-02-17 18:14:02 2026-02-17T18:14:02.963Z daemon INFO time="2026-02-17T18:14:02Z" level=info msg="Adding libraries dir" dir=/home/shrek/.arduino15/libraries isSingleLibrary=false location=ide
time="2026-02-17T18:14:02Z" level=info msg="Adding libraries dir" dir=/home/shrek/.arduino15/packages/esp8266/hardware/esp8266/3.1.2/libraries isSingleLibrary=false location=platform
2026-02-17 18:14:02 2026-02-17T18:14:02.963Z daemon INFO time="2026-02-17T18:14:02Z" level=info msg="Adding libraries dir" dir=/home/shrek/Arduino/libraries isSingleLibrary=false location=user
2026-02-17 18:14:05 2026-02-17T18:14:05.606Z daemon INFO time="2026-02-17T18:14:05Z" level=info msg="Adding libraries dir" dir=/home/shrek/.arduino15/libraries isSingleLibrary=false location=ide
2026-02-17 18:14:05 2026-02-17T18:14:05.606Z daemon INFO time="2026-02-17T18:14:05Z" level=info msg="Adding libraries dir" dir=/home/shrek/.arduino15/packages/esp8266/hardware/esp8266/3.1.2/libraries isSingleLibrary=false location=platform
time="2026-02-17T18:14:05Z" level=info msg="Adding libraries dir" dir=/home/shrek/Arduino/libraries isSingleLibrary=false location=user
2026-02-17 18:37:47 isTempSketch: true. Input was /tmp/.arduinoIDE-unsaved2026117-15400-yap8j8.bn7ll/sketch_feb17a
2026-02-17 18:37:47 Ignored marking workspace as a closed sketch. The sketch was detected as temporary. Workspace URI: file:///tmp/.arduinoIDE-unsaved2026117-15400-yap8j8.bn7ll/sketch_feb17a.
2026-02-17 18:37:48 isTempSketch: true. Input was /tmp/.arduinoIDE-unsaved2026117-15400-yap8j8.bn7ll/sketch_feb17a
2026-02-17 18:37:48 Ignored marking workspace as a closed sketch. The sketch was detected as temporary. Workspace URI: file:///tmp/.arduinoIDE-unsaved2026117-15400-yap8j8.bn7ll/sketch_feb17a.
2026-02-17 18:43:00 2026-02-17T18:43:00.220Z discovery-log INFO {"eventType":"add","port":{"matchingBoardsList":[],"port":{"address":"/dev/ttyUSB0","label":"/dev/ttyUSB0","protocol":"serial","protocolLabel":"Serial Port (USB)","propertiesMap":[["pid","0x7523"],["serialNumber",""],["vid","0x1a86"]],"hardwareId":""}},"error":""}
2026-02-17 18:43:02 2026-02-17T18:43:02.799Z discovery-log INFO {"eventType":"remove","port":{"matchingBoardsList":[],"port":{"address":"/dev/ttyUSB0","label":"","protocol":"serial","protocolLabel":"","propertiesMap":[],"hardwareId":""}},"error":""}
