2026-02-07 16:03:20 Arduino IDE 2.3.7
2026-02-07 16:03:20 Checking for frontend application configuration customizations. Module path: /opt/arduino-ide/resources/app/lib/backend/electron-main.js, destination 'package.json': /opt/arduino-ide/resources/app/package.json
2026-02-07 16:03:21 Setting 'theia.frontend.config.appVersion' application configuration value to: "2.3.7" (type of string)
2026-02-07 16:03:21 Setting 'theia.frontend.config.cliVersion' application configuration value to: "1.3.1" (type of string)
2026-02-07 16:03:21 Setting 'theia.frontend.config.buildDate' application configuration value to: "2025-12-17T16:01:58.874Z" (type of string)
2026-02-07 16:03:21 Frontend application configuration after modifications: {"applicationName":"Arduino IDE","defaultTheme":{"light":"arduino-theme","dark":"arduino-theme-dark"},"defaultIconTheme":"none","electron":{"windowOptions":{},"showWindowEarly":true,"splashScreenOptions":{},"uriScheme":"arduino-ide"},"defaultLocale":"","validatePreferencesSchema":false,"reloadOnReconnect":true,"uriScheme":"theia","preferences":{"window.title":"${rootName}${activeEditorShort}${appName}","files.autoSave":"afterDelay","editor.minimap.enabled":false,"editor.tabSize":2,"editor.scrollBeyondLastLine":false,"editor.quickSuggestions":{"other":false,"comments":false,"strings":false},"editor.maxTokenizationLineLength":500,"editor.bracketPairColorization.enabled":false,"breadcrumbs.enabled":false,"workbench.tree.renderIndentGuides":"none","explorer.compactFolders":false},"appVersion":"2.3.7","cliVersion":"1.3.1","buildDate":"2025-12-17T16:01:58.874Z"}
2026-02-07 16:03:21 Starting backend process. PID: 1432
2026-02-07 16:03:21 Showing main window early
2026-02-07 16:03:21 Using browser-only version of superagent in non-browser environment
2026-02-07 16:03:21 Configuration directory URI: 'file:///home/shrek/.arduinoIDE'
2026-02-07 16:03:21 Configuring to accept webviews on '^.+\.webview\..+$' hostname.
2026-02-07 16:03:21 2026-02-07T16:03:21.520Z root INFO Backend u.initialize: 16.9 ms [Finished 0.366 s after backend start]
2026-02-07 16:03:21 2026-02-07T16:03:21.521Z root INFO Backend Object.initialize: 16.0 ms [Finished 0.366 s after backend start]
2026-02-07 16:03:21 2026-02-07T16:03:21.521Z root INFO Backend a.initialize: 0.6 ms [Finished 0.366 s after backend start]
2026-02-07 16:03:21 2026-02-07T16:03:21.521Z root INFO Backend a.initialize: 0.5 ms [Finished 0.366 s after backend start]
2026-02-07 16:03:21 2026-02-07T16:03:21.521Z root INFO Backend u.initialize: 0.7 ms [Finished 0.367 s after backend start]
2026-02-07 16:03:21 2026-02-07T16:03:21.523Z root INFO Backend l.initialize: 16.8 ms [Finished 0.367 s after backend start]
2026-02-07 16:03:21 2026-02-07T16:03:21.527Z root INFO configured all backend app contributions
2026-02-07 16:03:21 2026-02-07T16:03:21.527Z root INFO Backend l.onStart: 0.7 ms [Finished 0.374 s after backend start]
2026-02-07 16:03:21 2026-02-07T16:03:21.527Z root INFO Backend d.onStart: 0.0 ms [Finished 0.374 s after backend start]
2026-02-07 16:03:21 2026-02-07T16:03:21.527Z root INFO Backend a.onStart: 0.2 ms [Finished 0.374 s after backend start]
2026-02-07 16:03:21 2026-02-07T16:03:21.527Z config INFO >>> Initializing CLI configuration...
2026-02-07 16:03:21 2026-02-07T16:03:21.527Z root INFO Backend x.onStart: 0.2 ms [Finished 0.374 s after backend start]
2026-02-07 16:03:21 2026-02-07T16:03:21.527Z config INFO Loading CLI configuration from /home/shrek/.arduinoIDE/arduino-cli.yaml...
2026-02-07 16:03:21 2026-02-07T16:03:21.527Z daemon INFO Starting daemon from /opt/arduino-ide/resources/app/lib/backend/resources/arduino-cli...
2026-02-07 16:03:21 2026-02-07T16:03:21.527Z root INFO Backend w.onStart: 0.2 ms [Finished 0.375 s after backend start]
2026-02-07 16:03:21 2026-02-07T16:03:21.527Z discovery-log INFO start
2026-02-07 16:03:21 2026-02-07T16:03:21.528Z discovery-log INFO start new deferred
2026-02-07 16:03:21 2026-02-07T16:03:21.528Z root INFO Backend v.onStart: 0.1 ms [Finished 0.375 s after backend start]
2026-02-07 16:03:21 2026-02-07T16:03:21.528Z root INFO Backend a.onStart: 0.0 ms [Finished 0.375 s after backend start]
2026-02-07 16:03:21 2026-02-07T16:03:21.530Z root INFO Theia app listening on http://127.0.0.1:34533.
2026-02-07 16:03:21 2026-02-07T16:03:21.530Z root INFO Finished starting backend application: 2.1 ms [Finished 0.377 s after backend start]
2026-02-07 16:03:21 Restoring workspace roots: /home/shrek/Arduino/AndroidCnct/test1
2026-02-07 16:03:21 2026-02-07T16:03:21.530Z root WARN The local plugin referenced by local-dir:/home/shrek/.arduinoIDE/plugins does not exist.
2026-02-07 16:03:21 2026-02-07T16:03:21.530Z root WARN The local plugin referenced by local-dir:/home/shrek/.arduinoIDE/deployedPlugins does not exist.
2026-02-07 16:03:21 isTempSketch: false. Input was /home/shrek/Arduino/AndroidCnct/test1/test1.ino
2026-02-07 16:03:21 2026-02-07T16:03:21.537Z config INFO Loaded CLI configuration: {"board_manager":{"additional_urls":["https://raw.githubusercontent.com/espressif/arduino-esp32/gh-pages/package_esp32_index.json"]},"directories":{"builtin":{"libraries":"/home/shrek/.arduino15/libraries"},"data":"/home/shrek/.arduino15","user":"/home/shrek/Arduino"},"locale":"en"}
2026-02-07 16:03:21 2026-02-07T16:03:21.537Z config INFO 'directories.data' and 'directories.user' are set in the CLI configuration model.
2026-02-07 16:03:21 2026-02-07T16:03:21.537Z config INFO Loaded the CLI configuration.
2026-02-07 16:03:21 2026-02-07T16:03:21.537Z config INFO Mapped the CLI configuration: {"dataDirUri":"file:///home/shrek/.arduino15","sketchDirUri":"file:///home/shrek/Arduino","additionalUrls":["https://raw.githubusercontent.com/espressif/arduino-esp32/gh-pages/package_esp32_index.json"],"network":"none","locale":"en"}
2026-02-07 16:03:21 2026-02-07T16:03:21.537Z config INFO Validating the CLI configuration...
2026-02-07 16:03:21 2026-02-07T16:03:21.537Z config INFO The CLI config is valid.
2026-02-07 16:03:21 2026-02-07T16:03:21.537Z config INFO <<< Initialized the CLI configuration.
2026-02-07 16:03:21 2026-02-07T16:03:21.564Z root INFO Resolve plugins list: 36.1 ms [Finished 0.412 s after backend start]
2026-02-07 16:03:21 2026-02-07T16:03:21.609Z daemon INFO time="2026-02-07T16:03:21Z" level=info msg="arduino-cli version 1.3.1"
2026-02-07 16:03:21 2026-02-07T16:03:21.609Z daemon INFO time="2026-02-07T16:03:21Z" level=info msg="Using config file: /home/shrek/.arduinoIDE/arduino-cli.yaml"
time="2026-02-07T16:03:21Z" level=info msg="Executing `arduino-cli daemon`"
2026-02-07 16:03:21 2026-02-07T16:03:21.629Z daemon INFO Daemon is now listening on 127.0.0.1:33693
{"IP":"127.0.0.1","Port":"33693"}
2026-02-07 16:03:21 2026-02-07T16:03:21.629Z daemon INFO Daemon is running.
2026-02-07 16:03:21 2026-02-07T16:03:21.663Z daemon INFO time="2026-02-07T16:03:21Z" level=info msg="Checking signature" index=/home/shrek/.arduino15/package_index.json signatureFile=/home/shrek/.arduino15/package_index.json.sig trusted=true
2026-02-07 16:03:21 2026-02-07T16:03:21.668Z daemon INFO time="2026-02-07T16:03:21Z" level=info msg="Missing signature file" index=/home/shrek/.arduino15/package_esp32_index.json
time="2026-02-07T16:03:21Z" level=info msg="Loading hardware from: /home/shrek/.arduino15/packages"
time="2026-02-07T16:03:21Z" level=info msg="Loading package arduino from: /home/shrek/.arduino15/packages/arduino/hardware"
2026-02-07 16:03:21 2026-02-07T16:03:21.678Z daemon INFO time="2026-02-07T16:03:21Z" level=info msg="Missing signature file" index=/home/shrek/.arduino15/packages/arduino/hardware/avr/1.8.7/installed.json
time="2026-02-07T16:03:21Z" level=info msg="Adding monitor tool" protocol=serial tool="builtin:serial-monitor"
time="2026-02-07T16:03:21Z" level=info msg="Loaded platform" platform="arduino:avr@1.8.7"
time="2026-02-07T16:03:21Z" level=info msg="Checking existence of 'tools' path: /home/shrek/.arduino15/packages/arduino/tools"
time="2026-02-07T16:03:21Z" level=info msg="Loading tools from dir: /home/shrek/.arduino15/packages/arduino/tools"
time="2026-02-07T16:03:21Z" level=info msg="Loaded tool" tool="arduino:arduinoOTA@1.3.0"
time="2026-02-07T16:03:21Z" level=info msg="Loaded tool" tool="arduino:avr-gcc@7.3.0-atmel3.6.1-arduino7"
time="2026-02-07T16:03:21Z" level=info msg="Loaded tool" tool="arduino:avrdude@8.0.0-arduino1"
time="2026-02-07T16:03:21Z" level=info msg="Loaded tool" tool="arduino:dfu-util@0.11.0-arduino5"
time="2026-02-07T16:03:21Z" level=info msg="Loading package builtin from: /home/shrek/.arduino15/packages/builtin"
time="2026-02-07T16:03:21Z" level=info msg="Checking existence of 'tools' path: /home/shrek/.arduino15/packages/builtin/tools"
time="2026-02-07T16:03:21Z" level=info msg="Loading tools from dir: /home/shrek/.arduino15/packages/builtin/tools"
time="2026-02-07T16:03:21Z" level=info msg="Loaded tool" tool="builtin:ctags@5.8-arduino11"
time="2026-02-07T16:03:21Z" level=info msg="Loaded tool" tool="builtin:dfu-discovery@0.1.2"
time="2026-02-07T16:03:21Z" level=info msg="Loaded tool" tool="builtin:mdns-discovery@1.0.12"
time="2026-02-07T16:03:21Z" level=info msg="Loaded tool" tool="builtin:serial-discovery@1.4.3"
time="2026-02-07T16:03:21Z" level=info msg="Loaded tool" tool="builtin:serial-monitor@0.15.0"
time="2026-02-07T16:03:21Z" level=info msg="Loading package esp32 from: /home/shrek/.arduino15/packages/esp32/hardware"
2026-02-07 16:03:21 2026-02-07T16:03:21.680Z daemon INFO time="2026-02-07T16:03:21Z" level=info msg="Missing signature file" index=/home/shrek/.arduino15/packages/esp32/hardware/esp32/3.3.6/installed.json
2026-02-07 16:03:21 2026-02-07T16:03:21.773Z daemon INFO time="2026-02-07T16:03:21Z" level=info msg="Adding monitor tool" protocol=serial tool="builtin:serial-monitor"
time="2026-02-07T16:03:21Z" level=info msg="Loaded platform" platform="esp32:esp32@3.3.6"
time="2026-02-07T16:03:21Z" level=info msg="Checking existence of 'tools' path: /home/shrek/.arduino15/packages/esp32/tools"
time="2026-02-07T16:03:21Z" level=info msg="Loading tools from dir: /home/shrek/.arduino15/packages/esp32/tools"
2026-02-07 16:03:21 2026-02-07T16:03:21.775Z daemon INFO time="2026-02-07T16:03:21Z" level=info msg="Loaded tool" tool="esp32:esp-rv32@2511"
time="2026-02-07T16:03:21Z" level=info msg="Loaded tool" tool="esp32:esp-x32@2511"
time="2026-02-07T16:03:21Z" level=info msg="Loaded tool" tool="esp32:esp32-libs@3.3.6"
2026-02-07 16:03:21 2026-02-07T16:03:21.775Z daemon INFO time="2026-02-07T16:03:21Z" level=info msg="Loaded tool" tool="esp32:esp32c3-libs@3.3.6"
2026-02-07 16:03:21 2026-02-07T16:03:21.776Z daemon INFO time="2026-02-07T16:03:21Z" level=info msg="Loaded tool" tool="esp32:esp32c5-libs@3.3.6"
2026-02-07 16:03:21 2026-02-07T16:03:21.777Z daemon INFO time="2026-02-07T16:03:21Z" level=info msg="Loaded tool" tool="esp32:esp32c6-libs@3.3.6"
2026-02-07 16:03:21 2026-02-07T16:03:21.777Z daemon INFO time="2026-02-07T16:03:21Z" level=info msg="Loaded tool" tool="esp32:esp32h2-libs@3.3.6"
2026-02-07 16:03:21 2026-02-07T16:03:21.778Z daemon INFO time="2026-02-07T16:03:21Z" level=info msg="Loaded tool" tool="esp32:esp32p4-libs@3.3.6"
2026-02-07 16:03:21 2026-02-07T16:03:21.778Z daemon INFO time="2026-02-07T16:03:21Z" level=info msg="Loaded tool" tool="esp32:esp32p4_es-libs@3.3.6"
2026-02-07 16:03:21 2026-02-07T16:03:21.778Z daemon INFO time="2026-02-07T16:03:21Z" level=info msg="Loaded tool" tool="esp32:esp32s2-libs@3.3.6"
2026-02-07 16:03:21 2026-02-07T16:03:21.779Z daemon INFO time="2026-02-07T16:03:21Z" level=info msg="Loaded tool" tool="esp32:esp32s3-libs@3.3.6"
2026-02-07 16:03:21 2026-02-07T16:03:21.779Z daemon INFO time="2026-02-07T16:03:21Z" level=info msg="Loaded tool" tool="esp32:esptool_py@5.1.0"
2026-02-07 16:03:21 2026-02-07T16:03:21.779Z daemon INFO time="2026-02-07T16:03:21Z" level=info msg="Loaded tool" tool="esp32:mklittlefs@4.0.2-db0513a"
2026-02-07 16:03:21 2026-02-07T16:03:21.780Z daemon INFO time="2026-02-07T16:03:21Z" level=info msg="Loaded tool" tool="esp32:mkspiffs@0.2.3"
2026-02-07 16:03:21 2026-02-07T16:03:21.780Z daemon INFO time="2026-02-07T16:03:21Z" level=info msg="Loaded tool" tool="esp32:openocd-esp32@v0.12.0-esp32-20251215"
2026-02-07 16:03:21 2026-02-07T16:03:21.780Z daemon INFO time="2026-02-07T16:03:21Z" level=info msg="Loaded tool" tool="esp32:riscv32-esp-elf-gdb@16.3_20250913"
2026-02-07 16:03:21 2026-02-07T16:03:21.785Z daemon INFO time="2026-02-07T16:03:21Z" level=info msg="Loaded tool" tool="esp32:xtensa-esp-elf-gdb@16.3_20250913"
time="2026-02-07T16:03:21Z" level=info msg="Adding libraries dir" dir=/home/shrek/.arduino15/packages/arduino/hardware/avr/1.8.7/libraries isSingleLibrary=false location=platform
time="2026-02-07T16:03:21Z" level=info msg="Adding libraries dir" dir=/home/shrek/.arduino15/packages/esp32/hardware/esp32/3.3.6/libraries isSingleLibrary=false location=platform
time="2026-02-07T16:03:21Z" level=info msg="Loading libraries index file" index=/home/shrek/.arduino15/library_index.json
2026-02-07 16:03:21 2026-02-07T16:03:21.959Z root INFO Deploy plugins list: 431.3 ms [Finished 0.807 s after backend start]
2026-02-07 16:03:21 2026-02-07T16:03:21.975Z daemon INFO time="2026-02-07T16:03:21Z" level=info msg="Adding libraries dir" dir=/home/shrek/.arduino15/libraries isSingleLibrary=false location=ide
time="2026-02-07T16:03:21Z" level=info msg="Adding libraries dir" dir=/home/shrek/Arduino/libraries isSingleLibrary=false location=user
2026-02-07 16:03:22 2026-02-07T16:03:22.036Z root INFO creating connection for 1
2026-02-07 16:03:22 2026-02-07T16:03:22.089Z discovery-log INFO start resolved watching
2026-02-07 16:03:22 2026-02-07T16:03:22.104Z discovery-log INFO {"eventType":"add","port":{"matchingBoardsList":[],"port":{"address":"/dev/ttyS0","label":"/dev/ttyS0","protocol":"serial","protocolLabel":"Serial Port","propertiesMap":[],"hardwareId":""}},"error":""}
2026-02-07 16:03:22 2026-02-07T16:03:22.552Z root WARN A command editor.action.toggleStickyScroll is already registered.
2026-02-07 16:03:22 2026-02-07T16:03:22.563Z sketches-service WARN Warning! The request sketch path was different than the response sketch path from the CLI. This could be a potential bug. Request: </home/shrek/Arduino/AndroidCnct/test1/test1.ino>, response: </home/shrek/Arduino/AndroidCnct/test1>.
2026-02-07 16:03:22 Opening channel for service path '/services/electron-window'.
2026-02-07 16:03:22 Opening channel for service path '/services/ide-updater'.
2026-02-07 16:03:22 2026-02-07T16:03:22.609Z root INFO Start frontend contributions: 150.9 ms [Finished 1.066 s after frontend start]
2026-02-07 16:03:22 2026-02-07T16:03:22.609Z root INFO Changed application state from 'init' to 'started_contributions'.
2026-02-07 16:03:22 2026-02-07T16:03:22.614Z root INFO Changed application state from 'started_contributions' to 'attached_shell'.
2026-02-07 16:03:22 2026-02-07T16:03:22.614Z root INFO >>> Restoring the layout state...
2026-02-07 16:03:22 2026-02-07T16:03:22.636Z root INFO [65859e66-7156-46f8-806e-3b88eba1fef7] Waiting for backend deployment: 37.4 ms [Finished 1.099 s after frontend start]
2026-02-07 16:03:22 2026-02-07T16:03:22.928Z root INFO [hosted-plugin: 1565] PLUGIN_HOST(1565) starting instance
[Object: null prototype] {}
2026-02-07 16:03:23 2026-02-07T16:03:23.242Z root INFO [65859e66-7156-46f8-806e-3b88eba1fef7] Sync of 23 plugins: 606.9 ms [Finished 1.706 s after frontend start]
2026-02-07 16:03:23 2026-02-07T16:03:23.254Z root INFO ------- SERIALIZED LAYOUT DATA -------
2026-02-07 16:03:23 2026-02-07T16:03:23.254Z root INFO {"version":5,"mainPanel":{"main":{"type":"tab-area","widgets":[{"constructionOptions":{"factoryId":"code-editor-opener","options":{"counter":0,"kind":"navigatable","uri":"file:///home/shrek/Arduino/AndroidCnct/test1/test1.ino"}},"innerWidgetState":"{\"cursorState\":[{\"inSelectionMode\":false,\"selectionStart\":{\"lineNumber\":56,\"column\":1},\"position\":{\"lineNumber\":56,\"column\":1}}],\"viewState\":{\"scrollLeft\":0,\"firstPosition\":{\"lineNumber\":25,\"column\":1},\"firstPositionDeltaTop\":-15},\"contributionsState\":{\"editor.contrib.folding\":{\"lineCount\":80,\"provider\":\"indent\",\"foldedImports\":false},\"editor.contrib.wordHighlighter\":false}}"}],"currentIndex":0}},"mainPanelPinned":[false],"bottomPanel":{"config":{"main":{"type":"tab-area","widgets":[{"constructionOptions":{"factoryId":"outputView"},"innerWidgetState":"{\"locked\":false}"}],"currentIndex":0}},"pinned":[false],"size":514,"expanded":true},"leftPanel":{"type":"sidepanel","items":[{"widget":{"constructionOptions":{"factoryId":"arduino-sketchbook-widget"}},"rank":1,"expanded":false,"pinned":false},{"widget":{"constructionOptions":{"factoryId":"boards-list-widget"}},"rank":2,"expanded":false,"pinned":false},{"widget":{"constructionOptions":{"factoryId":"library-list-widget"}},"rank":3,"expanded":true,"pinned":false},{"widget":{"constructionOptions":{"factoryId":"debug"},"innerWidgetState":"{\"parts\":[{\"partId\":\"debug:threads:-1\",\"collapsed\":false,\"hidden\":false,\"relativeSize\":1.384,\"originalContainerId\":\"debug:view-container:-1\",\"originalContainerTitle\":{\"label\":\"debug\",\"iconClass\":\"codicon codicon-debug-alt\",\"closeable\":true},\"widget\":{\"constructionOptions\":{\"factoryId\":\"debug:threads\"},\"innerWidgetState\":\"{}\"}},{\"partId\":\"debug:frames:-1\",\"collapsed\":false,\"hidden\":false,\"relativeSize\":1.384,\"originalContainerId\":\"debug:view-container:-1\",\"originalContainerTitle\":{\"label\":\"debug\",\"iconClass\":\"codicon codicon-debug-alt\",\"closeable\":true},\"widget\":{\"constructionOptions\":{\"factoryId\":\"debug:frames\"},\"innerWidgetState\":\"{}\"}},{\"partId\":\"debug:variables:-1\",\"collapsed\":false,\"hidden\":false,\"relativeSize\":1.384,\"originalContainerId\":\"debug:view-container:-1\",\"originalContainerTitle\":{\"label\":\"debug\",\"iconClass\":\"codicon codicon-debug-alt\",\"closeable\":true},\"widget\":{\"constructionOptions\":{\"factoryId\":\"debug:variables\"},\"innerWidgetState\":\"{}\"}},{\"partId\":\"debug:watch:-1\",\"collapsed\":false,\"hidden\":false,\"relativeSize\":1.384,\"originalContainerId\":\"debug:view-container:-1\",\"originalContainerTitle\":{\"label\":\"debug\",\"iconClass\":\"codicon codicon-debug-alt\",\"closeable\":true},\"widget\":{\"constructionOptions\":{\"factoryId\":\"debug:watch\"},\"innerWidgetState\":\"{}\"}},{\"partId\":\"debug:breakpoints:-1\",\"collapsed\":false,\"hidden\":false,\"relativeSize\":1.384,\"originalContainerId\":\"debug:view-container:-1\",\"originalContainerTitle\":{\"label\":\"debug\",\"iconClass\":\"codicon codicon-debug-alt\",\"closeable\":true},\"widget\":{\"constructionOptions\":{\"factoryId\":\"debug:breakpoints\"},\"innerWidgetState\":\"{}\"}},{\"partId\":\"plugin-view:cortex-debug.peripherals\",\"collapsed\":true,\"hidden\":true,\"originalContainerId\":\"debug:view-container:-1\",\"originalContainerTitle\":{\"label\":\"debug\",\"iconClass\":\"codicon codicon-debug-alt\",\"closeable\":true},\"widget\":{\"constructionOptions\":{\"factoryId\":\"plugin-view\",\"options\":{\"id\":\"plugin-view:cortex-debug.peripherals\",\"viewId\":\"cortex-debug.peripherals\"}},\"innerWidgetState\":\"{\\\"label\\\":\\\"Cortex Peripherals\\\",\\\"widgets\\\":[],\\\"suppressUpdateViewVisibility\\\":false,\\\"currentViewContainerId\\\":\\\"debug\\\"}\"}},{\"partId\":\"plugin-view:cortex-debug.registers\",\"collapsed\":true,\"hidden\":true,\"originalContainerId\":\"debug:view-container:-1\",\"originalContainerTitle\":{\"label\":\"debug\",\"iconClass\":\"codicon codicon-debug-alt\",\"closeable\":true},\"widget\":{\"constructionOptions\":{\"factoryId\":\"plugin-view\",\"options\":{\"id\":\"plugin-view:cortex-debug.registers\",\"viewId\":\"cortex-debug.registers\"}},\"innerWidgetState\":\"{\\\"label\\\":\\\"Cortex Registers\\\",\\\"widgets\\\":[],\\\"suppressUpdateViewVisibility\\\":false,\\\"currentViewContainerId\\\":\\\"debug\\\"}\"}}],\"title\":{\"label\":\"debug\",\"iconClass\":\"codicon codicon-debug-alt\",\"closeable\":true}}"},"rank":4,"expanded":false,"pinned":false},{"widget":{"constructionOptions":{"factoryId":"search-view-container"},"innerWidgetState":"{\"parts\":[{\"partId\":\"search-in-workspace\",\"collapsed\":false,\"hidden\":false,\"originalContainerId\":\"search-view-container\",\"originalContainerTitle\":{\"label\":\"Search\",\"iconClass\":\"codicon codicon-search\",\"closeable\":true},\"widget\":{\"constructionOptions\":{\"factoryId\":\"search-in-workspace\"},\"innerWidgetState\":\"{\\\"matchCaseState\\\":{\\\"className\\\":\\\"codicon codicon-case-sensitive\\\",\\\"enabled\\\":false,\\\"title\\\":\\\"Match Case\\\"},\\\"wholeWordState\\\":{\\\"className\\\":\\\"codicon codicon-whole-word\\\",\\\"enabled\\\":false,\\\"title\\\":\\\"Match Whole Word\\\"},\\\"regExpState\\\":{\\\"className\\\":\\\"codicon codicon-regex\\\",\\\"enabled\\\":false,\\\"title\\\":\\\"Use Regular Expression\\\"},\\\"includeIgnoredState\\\":{\\\"className\\\":\\\"codicon codicon-eye\\\",\\\"enabled\\\":false,\\\"title\\\":\\\"Include Ignored Files\\\"},\\\"showSearchDetails\\\":false,\\\"searchInWorkspaceOptions\\\":{\\\"matchCase\\\":false,\\\"matchWholeWord\\\":false,\\\"useRegExp\\\":false,\\\"multiline\\\":false,\\\"includeIgnored\\\":false,\\\"include\\\":[],\\\"exclude\\\":[],\\\"maxResults\\\":2000},\\\"searchTerm\\\":\\\"\\\",\\\"replaceTerm\\\":\\\"\\\",\\\"showReplaceField\\\":false,\\\"searchHistoryState\\\":{\\\"history\\\":[],\\\"index\\\":0},\\\"replaceHistoryState\\\":{\\\"history\\\":[],\\\"index\\\":0},\\\"includeHistoryState\\\":{\\\"history\\\":[],\\\"index\\\":0},\\\"excludeHistoryState\\\":{\\\"history\\\":[],\\\"index\\\":0}}\"}}],\"title\":{\"label\":\"Search\",\"iconClass\":\"fa fa-arduino-search\",\"closeable\":true}}"},"rank":5,"expanded":false,"pinned":false}],"size":268},"rightPanel":{"type":"sidepanel","items":[]}}
2026-02-07 16:03:23 2026-02-07T16:03:23.254Z root INFO ------- END SERIALIZED LAYOUT DATA -------
2026-02-07 16:03:23 2026-02-07T16:03:23.425Z root INFO <<< The layout has been successfully restored.
2026-02-07 16:03:23 2026-02-07T16:03:23.466Z root INFO Initialize the workbench layout: 811.4 ms [Finished 1.889 s after frontend start]
2026-02-07 16:03:23 2026-02-07T16:03:23.467Z root INFO Changed application state from 'attached_shell' to 'initialized_layout'.
2026-02-07 16:03:23 2026-02-07T16:03:23.467Z root INFO [65859e66-7156-46f8-806e-3b88eba1fef7] Loading plugin contributions
2026-02-07 16:03:23 2026-02-07T16:03:23.467Z root INFO [65859e66-7156-46f8-806e-3b88eba1fef7] Load contributions of 23 plugins: 39.2 ms [Finished 1.929 s after frontend start]
2026-02-07 16:03:23 2026-02-07T16:03:23.515Z root WARN 'cpp' language is remapped from 'source.cpp.embedded.macro' to 'source.cpp' scope
2026-02-07 16:03:23 2026-02-07T16:03:23.515Z root WARN a registered grammar configuration for 'cpp' language is overridden
2026-02-07 16:03:23 2026-02-07T16:03:23.657Z root ERROR [hosted-plugin: 1565] Conflict in settings file Default: Ignoring cortex-debug.armToolchainPath.linux as cortex-debug.armToolchainPath is null
2026-02-07 16:03:23 2026-02-07T16:03:23.657Z root ERROR [hosted-plugin: 1565] Conflict in settings file Default: Ignoring cortex-debug.armToolchainPath.osx as cortex-debug.armToolchainPath is null
Conflict in settings file Default: Ignoring cortex-debug.armToolchainPath.windows as cortex-debug.armToolchainPath is null
Conflict in settings file Default: Ignoring cortex-debug.JLinkGDBServerPath.linux as cortex-debug.JLinkGDBServerPath is null
Conflict in settings file Default: Ignoring cortex-debug.JLinkGDBServerPath.osx as cortex-debug.JLinkGDBServerPath is null
2026-02-07 16:03:23 2026-02-07T16:03:23.657Z root ERROR [hosted-plugin: 1565] Conflict in settings file Default: Ignoring cortex-debug.JLinkGDBServerPath.windows as cortex-debug.JLinkGDBServerPath is null
2026-02-07 16:03:23 2026-02-07T16:03:23.657Z root ERROR [hosted-plugin: 1565] Conflict in settings file Default: Ignoring cortex-debug.openocdPath.linux as cortex-debug.openocdPath is null
2026-02-07 16:03:23 2026-02-07T16:03:23.657Z root ERROR [hosted-plugin: 1565] Conflict in settings file Default: Ignoring cortex-debug.openocdPath.osx as cortex-debug.openocdPath is null
2026-02-07 16:03:23 2026-02-07T16:03:23.657Z root ERROR [hosted-plugin: 1565] Conflict in settings file Default: Ignoring cortex-debug.openocdPath.windows as cortex-debug.openocdPath is null
Conflict in settings file Default: Ignoring cortex-debug.pyocdPath.linux as cortex-debug.pyocdPath is null
2026-02-07 16:03:23 2026-02-07T16:03:23.657Z root ERROR [hosted-plugin: 1565] Conflict in settings file Default: Ignoring cortex-debug.pyocdPath.osx as cortex-debug.pyocdPath is null
Conflict in settings file Default: Ignoring cortex-debug.pyocdPath.windows as cortex-debug.pyocdPath is null
Conflict in settings file Default: Ignoring cortex-debug.PEGDBServerPath.linux as cortex-debug.PEGDBServerPath is null
Conflict in settings file Default: Ignoring cortex-debug.PEGDBServerPath.osx as cortex-debug.PEGDBServerPath is null
Conflict in settings file Default: Ignoring cortex-debug.PEGDBServerPath.windows as cortex-debug.PEGDBServerPath is null
Conflict in settings file Default: Ignoring cortex-debug.stutilPath.linux as cortex-debug.stutilPath is null
Conflict in settings file Default: Ignoring cortex-debug.stutilPath.osx as cortex-debug.stutilPath is null
Conflict in settings file Default: Ignoring cortex-debug.stutilPath.windows as cortex-debug.stutilPath is null
Conflict in settings file Default: Ignoring cortex-debug.stlinkPath.linux as cortex-debug.stlinkPath is null
Conflict in settings file Default: Ignoring cortex-debug.stlinkPath.osx as cortex-debug.stlinkPath is null
Conflict in settings file Default: Ignoring cortex-debug.stlinkPath.windows as cortex-debug.stlinkPath is null
2026-02-07 16:03:23 2026-02-07T16:03:23.658Z root ERROR [hosted-plugin: 1565] Conflict in settings file Default: Ignoring cortex-debug.stm32cubeprogrammer.linux as cortex-debug.stm32cubeprogrammer is null
Conflict in settings file Default: Ignoring cortex-debug.stm32cubeprogrammer.osx as cortex-debug.stm32cubeprogrammer is null
Conflict in settings file Default: Ignoring cortex-debug.stm32cubeprogrammer.windows as cortex-debug.stm32cubeprogrammer is null
2026-02-07 16:03:23 2026-02-07T16:03:23.673Z root INFO [hosted-plugin: 1565] PLUGIN_HOST(1565): PluginManagerExtImpl/init()
2026-02-07 16:03:23 2026-02-07T16:03:23.674Z root INFO [hosted-plugin: 1565] PLUGIN_HOST(1565): initializing(vscode-arduino-api@0.1.2 with /opt/arduino-ide/resources/app/lib/backend/plugin-vscode-init)
2026-02-07 16:03:23 2026-02-07T16:03:23.715Z root INFO [hosted-plugin: 1565] PLUGIN_HOST(1565): initializing(json-language-features@1.88.1 with /opt/arduino-ide/resources/app/lib/backend/plugin-vscode-init)
2026-02-07 16:03:23 2026-02-07T16:03:23.717Z root INFO [hosted-plugin: 1565] PLUGIN_HOST(1565): initializing(cortex-debug@1.5.1 with /opt/arduino-ide/resources/app/lib/backend/plugin-vscode-init)
2026-02-07 16:03:23 2026-02-07T16:03:23.718Z root INFO [hosted-plugin: 1565] Debugger contribution has been registered: cortex-debug
2026-02-07 16:03:23 2026-02-07T16:03:23.718Z root INFO [hosted-plugin: 1565] PLUGIN_HOST(1565): initializing(vscode-arduino-tools@0.1.3 with /opt/arduino-ide/resources/app/lib/backend/plugin-vscode-init)
2026-02-07 16:03:23 2026-02-07T16:03:23.719Z root INFO [hosted-plugin: 1565] PLUGIN_HOST(1565): initializing(cpp@1.88.1 with /opt/arduino-ide/resources/app/lib/backend/plugin-vscode-init)
2026-02-07 16:03:23 2026-02-07T16:03:23.719Z root INFO [hosted-plugin: 1565] PLUGIN_HOST(1565): initializing(json@1.88.1 with /opt/arduino-ide/resources/app/lib/backend/plugin-vscode-init)
2026-02-07 16:03:23 2026-02-07T16:03:23.720Z root INFO [hosted-plugin: 1565] PLUGIN_HOST(1565): initializing(vscode-language-pack-bg@1.48.3 with /opt/arduino-ide/resources/app/lib/backend/plugin-vscode-init)
2026-02-07 16:03:23 2026-02-07T16:03:23.722Z root INFO [hosted-plugin: 1565] PLUGIN_HOST(1565): initializing(vscode-language-pack-cs@1.96.0 with /opt/arduino-ide/resources/app/lib/backend/plugin-vscode-init)
2026-02-07 16:03:23 2026-02-07T16:03:23.722Z root INFO [hosted-plugin: 1565] PLUGIN_HOST(1565): initializing(vscode-language-pack-de@1.96.0 with /opt/arduino-ide/resources/app/lib/backend/plugin-vscode-init)
2026-02-07 16:03:23 2026-02-07T16:03:23.722Z root INFO [hosted-plugin: 1565] PLUGIN_HOST(1565): initializing(vscode-language-pack-es@1.96.0 with /opt/arduino-ide/resources/app/lib/backend/plugin-vscode-init)
2026-02-07 16:03:23 2026-02-07T16:03:23.723Z root INFO [hosted-plugin: 1565] PLUGIN_HOST(1565): initializing(vscode-language-pack-fr@1.96.0 with /opt/arduino-ide/resources/app/lib/backend/plugin-vscode-init)
2026-02-07 16:03:23 2026-02-07T16:03:23.723Z root INFO [hosted-plugin: 1565] PLUGIN_HOST(1565): initializing(vscode-language-pack-hu@1.48.3 with /opt/arduino-ide/resources/app/lib/backend/plugin-vscode-init)
2026-02-07 16:03:23 2026-02-07T16:03:23.723Z root INFO [hosted-plugin: 1565] PLUGIN_HOST(1565): initializing(vscode-language-pack-it@1.96.0 with /opt/arduino-ide/resources/app/lib/backend/plugin-vscode-init)
2026-02-07 16:03:23 2026-02-07T16:03:23.723Z root INFO [hosted-plugin: 1565] PLUGIN_HOST(1565): initializing(vscode-language-pack-ja@1.96.0 with /opt/arduino-ide/resources/app/lib/backend/plugin-vscode-init)
2026-02-07 16:03:23 2026-02-07T16:03:23.724Z root INFO [hosted-plugin: 1565] PLUGIN_HOST(1565): initializing(vscode-language-pack-ko@1.96.0 with /opt/arduino-ide/resources/app/lib/backend/plugin-vscode-init)
2026-02-07 16:03:23 2026-02-07T16:03:23.724Z root INFO [hosted-plugin: 1565] PLUGIN_HOST(1565): initializing(vscode-language-pack-nl@1.48.3 with /opt/arduino-ide/resources/app/lib/backend/plugin-vscode-init)
2026-02-07 16:03:23 2026-02-07T16:03:23.724Z root INFO [hosted-plugin: 1565] PLUGIN_HOST(1565): initializing(vscode-language-pack-pl@1.96.0 with /opt/arduino-ide/resources/app/lib/backend/plugin-vscode-init)
2026-02-07 16:03:23 2026-02-07T16:03:23.724Z root INFO [hosted-plugin: 1565] PLUGIN_HOST(1565): initializing(vscode-language-pack-pt-BR@1.96.0 with /opt/arduino-ide/resources/app/lib/backend/plugin-vscode-init)
2026-02-07 16:03:23 2026-02-07T16:03:23.724Z root INFO [hosted-plugin: 1565] PLUGIN_HOST(1565): initializing(vscode-language-pack-ru@1.96.0 with /opt/arduino-ide/resources/app/lib/backend/plugin-vscode-init)
2026-02-07 16:03:23 2026-02-07T16:03:23.724Z root INFO [hosted-plugin: 1565] PLUGIN_HOST(1565): initializing(vscode-language-pack-tr@1.96.0 with /opt/arduino-ide/resources/app/lib/backend/plugin-vscode-init)
2026-02-07 16:03:23 2026-02-07T16:03:23.724Z root INFO [hosted-plugin: 1565] PLUGIN_HOST(1565): initializing(vscode-language-pack-uk@1.48.3 with /opt/arduino-ide/resources/app/lib/backend/plugin-vscode-init)
2026-02-07 16:03:23 2026-02-07T16:03:23.725Z root INFO [hosted-plugin: 1565] PLUGIN_HOST(1565): initializing(vscode-language-pack-zh-hans@1.96.0 with /opt/arduino-ide/resources/app/lib/backend/plugin-vscode-init)
2026-02-07 16:03:23 2026-02-07T16:03:23.725Z root INFO [hosted-plugin: 1565] PLUGIN_HOST(1565): initializing(vscode-language-pack-zh-hant@1.96.0 with /opt/arduino-ide/resources/app/lib/backend/plugin-vscode-init)
2026-02-07 16:03:23 2026-02-07T16:03:23.732Z root INFO [hosted-plugin: 1565] PLUGIN_HOST(1565): PluginManagerExtImpl/loadPlugin(/opt/arduino-ide/resources/app/plugins/vscode-builtin-json-language-features/extension/client/dist/node/jsonClientMain)
2026-02-07 16:03:23 2026-02-07T16:03:23.764Z root INFO [hosted-plugin: 1565] PLUGIN_HOST(1565): PluginManagerExtImpl/loadPlugin(/opt/arduino-ide/resources/app/plugins/vscode-arduino-tools/extension/dist/extension.js)
2026-02-07 16:03:23 2026-02-07T16:03:23.781Z root INFO [hosted-plugin: 1565] PLUGIN_HOST(1565): PluginManagerExtImpl/loadPlugin(/opt/arduino-ide/resources/app/plugins/vscode-arduino-api/extension/dist/extension.js)
2026-02-07 16:03:23 2026-02-07T16:03:23.783Z root INFO [hosted-plugin: 1565] calling activation function on VS Code Arduino Tools
2026-02-07 16:03:23 2026-02-07T16:03:23.783Z root INFO [hosted-plugin: 1565] calling activation function on Arduino IDE API for VS Code extensions
2026-02-07 16:03:23 2026-02-07T16:03:23.785Z root INFO [65859e66-7156-46f8-806e-3b88eba1fef7] Starting plugins.
2026-02-07 16:03:23 2026-02-07T16:03:23.809Z root INFO [hosted-plugin: 1565] PLUGIN_HOST(1565): PluginManagerExtImpl/loadPlugin(/opt/arduino-ide/resources/app/plugins/cortex-debug/extension/dist/extension.js)
2026-02-07 16:03:23 2026-02-07T16:03:23.828Z root INFO [hosted-plugin: 1565] Debug configuration provider has been registered: cortex-debug, trigger: 1
2026-02-07 16:03:23 2026-02-07T16:03:23.828Z root INFO [hosted-plugin: 1565] calling activation function on Cortex-Debug
2026-02-07 16:03:23 2026-02-07T16:03:23.829Z root INFO [hosted-plugin: 1565] GDB server console created
2026-02-07 16:03:23 2026-02-07T16:03:23.838Z root INFO [65859e66-7156-46f8-806e-3b88eba1fef7] Start of 23 plugins: 370.7 ms [Finished 2.302 s after frontend start]
2026-02-07 16:03:23 2026-02-07T16:03:23.927Z root INFO [hosted-plugin: 1565] calling activation function on JSON Language Features (built-in)
2026-02-07 16:03:24 2026-02-07T16:03:24.128Z root ERROR ---- !!!SLOW!!! DURATION: search took 207.158 ms. Args: [{"query":"","type":"All","topic":"All"}] ----
2026-02-07 16:03:24 2026-02-07T16:03:24.391Z root INFO Frontend application start: 1873.8 ms [Finished 3.239 s after backend start]
2026-02-07 16:03:24 Checking for update
2026-02-07 16:03:24 2026-02-07T16:03:24.408Z root INFO Replace loading indicator with ready workbench UI (animation): 827.3 ms [Finished 2.758 s after frontend start]
2026-02-07 16:03:24 2026-02-07T16:03:24.410Z root INFO Changed application state from 'initialized_layout' to 'ready'.
2026-02-07 16:03:24 2026-02-07T16:03:24.410Z root WARN Linked preference "workbench.colorCustomizations" not found.
2026-02-07 16:03:24 2026-02-07T16:03:24.422Z sketches-service WARN Mismatching sketch file <led.ino> and sketch folder name <practice>. Skipping
2026-02-07 16:03:24 2026-02-07T16:03:24.422Z sketches-service WARN Mismatching sketch file <led.ino> and sketch folder name <practice>. Skipping
2026-02-07 16:03:24 2026-02-07T16:03:24.423Z sketches-service WARN Mismatching sketch file <led.ino> and sketch folder name <practice>. Skipping
2026-02-07 16:03:24 2026-02-07T16:03:24.455Z daemon INFO time="2026-02-07T16:03:24Z" level=info msg="Updating index" url="https://downloads.arduino.cc/packages/package_index.tar.bz2"
time="2026-02-07T16:03:24Z" level=info msg="Starting download" url="https://downloads.arduino.cc/packages/package_index.tar.bz2"
time="2026-02-07T16:03:24Z" level=info msg="Starting download" url="https://downloads.arduino.cc/libraries/library_index.tar.bz2"
2026-02-07 16:03:24 2026-02-07T16:03:24.457Z root INFO core-client-provider [library-index] Downloading index: library_index.tar.bz2

2026-02-07 16:03:24 2026-02-07T16:03:24.457Z root INFO core-client-provider [platform-index] Downloading index: package_index.tar.bz2

2026-02-07 16:03:24 2026-02-07T16:03:24.709Z daemon INFO time="2026-02-07T16:03:24Z" level=info msg="Tool required for debug" tool="arduino:dfu-util@0.11.0-arduino5"
time="2026-02-07T16:03:24Z" level=info msg="Tool required for debug" tool="esp32:esp-rv32@2511"
time="2026-02-07T16:03:24Z" level=info msg="Tool required for debug" tool="esp32:esp-x32@2511"
time="2026-02-07T16:03:24Z" level=info msg="Tool required for debug" tool="esp32:esp32-libs@3.3.6"
time="2026-02-07T16:03:24Z" level=info msg="Tool required for debug" tool="esp32:esp32c3-libs@3.3.6"
time="2026-02-07T16:03:24Z" level=info msg="Tool required for debug" tool="esp32:esp32c5-libs@3.3.6"
time="2026-02-07T16:03:24Z" level=info msg="Tool required for debug" tool="esp32:esp32c6-libs@3.3.6"
time="2026-02-07T16:03:24Z" level=info msg="Tool required for debug" tool="esp32:esp32h2-libs@3.3.6"
time="2026-02-07T16:03:24Z" level=info msg="Tool required for debug" tool="esp32:esp32p4-libs@3.3.6"
time="2026-02-07T16:03:24Z" level=info msg="Tool required for debug" tool="esp32:esp32p4_es-libs@3.3.6"
time="2026-02-07T16:03:24Z" level=info msg="Tool required for debug" tool="esp32:esp32s2-libs@3.3.6"
time="2026-02-07T16:03:24Z" level=info msg="Tool required for debug" tool="esp32:esp32s3-libs@3.3.6"
time="2026-02-07T16:03:24Z" level=info msg="Tool required for debug" tool="esp32:esptool_py@5.1.0"
time="2026-02-07T16:03:24Z" level=info msg="Tool required for debug" tool="esp32:mklittlefs@4.0.2-db0513a"
time="2026-02-07T16:03:24Z" level=info msg="Tool required for debug" tool="esp32:mkspiffs@0.2.3"
time="2026-02-07T16:03:24Z" level=info msg="Tool required for debug" tool="esp32:openocd-esp32@v0.12.0-esp32-20251215"
time="2026-02-07T16:03:24Z" level=info msg="Tool required for debug" tool="esp32:riscv32-esp-elf-gdb@16.3_20250913"
time="2026-02-07T16:03:24Z" level=info msg="Tool required for debug" tool="esp32:xtensa-esp-elf-gdb@16.3_20250913"
time="2026-02-07T16:03:24Z" level=info msg="Tool required for debug" tool="builtin:mdns-discovery@1.0.12"
time="2026-02-07T16:03:24Z" level=info msg="Tool required for debug" tool="builtin:ctags@5.8-arduino11"
time="2026-02-07T16:03:24Z" level=info msg="Tool required for debug" tool="arduino:avrdude@8.0.0-arduino1"
time="2026-02-07T16:03:24Z" level=info msg="Tool required for debug" tool="builtin:dfu-discovery@0.1.2"
time="2026-02-07T16:03:24Z" level=info msg="Tool required for debug" tool="builtin:serial-monitor@0.15.0"
time="2026-02-07T16:03:24Z" level=info msg="Tool required for debug" tool="arduino:arduinoOTA@1.3.0"
time="2026-02-07T16:03:24Z" level=info msg="Tool required for debug" tool="builtin:serial-discovery@1.4.3"
time="2026-02-07T16:03:24Z" level=info msg="Tool required for debug" tool="arduino:avr-gcc@7.3.0-atmel3.6.1-arduino7"
time="2026-02-07T16:03:24Z" level=info msg="Tool required for debug" tool="arduino:dfu-util@0.11.0-arduino5"
time="2026-02-07T16:03:24Z" level=info msg="Tool required for debug" tool="esp32:esp-rv32@2511"
time="2026-02-07T16:03:24Z" level=info msg="Tool required for debug" tool="esp32:esp-x32@2511"
time="2026-02-07T16:03:24Z" level=info msg="Tool required for debug" tool="esp32:esp32-libs@3.3.6"
time="2026-02-07T16:03:24Z" level=info msg="Tool required for debug" tool="esp32:esp32c3-libs@3.3.6"
time="2026-02-07T16:03:24Z" level=info msg="Tool required for debug" tool="esp32:esp32c5-libs@3.3.6"
time="2026-02-07T16:03:24Z" level=info msg="Tool required for debug" tool="esp32:esp32c6-libs@3.3.6"
time="2026-02-07T16:03:24Z" level=info msg="Tool required for debug" tool="esp32:esp32h2-libs@3.3.6"
time="2026-02-07T16:03:24Z" level=info msg="Tool required for debug" tool="esp32:esp32p4-libs@3.3.6"
time="2026-02-07T16:03:24Z" level=info msg="Tool required for debug" tool="esp32:esp32p4_es-libs@3.3.6"
time="2026-02-07T16:03:24Z" level=info msg="Tool required for debug" tool="esp32:esp32s2-libs@3.3.6"
time="2026-02-07T16:03:24Z" level=info msg="Tool required for debug" tool="esp32:esp32s3-libs@3.3.6"
time="2026-02-07T16:03:24Z" level=info msg="Tool required for debug" tool="esp32:esptool_py@5.1.0"
time="2026-02-07T16:03:24Z" level=info msg="Tool required for debug" tool="esp32:mklittlefs@4.0.2-db0513a"
time="2026-02-07T16:03:24Z" level=info msg="Tool required for debug" tool="esp32:mkspiffs@0.2.3"
time="2026-02-07T16:03:24Z" level=info msg="Tool required for debug" tool="esp32:openocd-esp32@v0.12.0-esp32-20251215"
time="2026-02-07T16:03:24Z" level=info msg="Tool required for debug" tool="esp32:riscv32-esp-elf-gdb@16.3_20250913"
time="2026-02-07T16:03:24Z" level=info msg="Tool required for debug" tool="esp32:xtensa-esp-elf-gdb@16.3_20250913"
time="2026-02-07T16:03:24Z" level=info msg="Tool required for debug" tool="arduino:avrdude@8.0.0-arduino1"
time="2026-02-07T16:03:24Z" level=info msg="Tool required for debug" tool="builtin:ctags@5.8-arduino11"
time="2026-02-07T16:03:24Z" level=info msg="Tool required for debug" tool="builtin:serial-monitor@0.15.0"
time="2026-02-07T16:03:24Z" level=info msg="Tool required for debug" tool="builtin:dfu-discovery@0.1.2"
time="2026-02-07T16:03:24Z" level=info msg="Tool required for debug" tool="arduino:avr-gcc@7.3.0-atmel3.6.1-arduino7"
time="2026-02-07T16:03:24Z" level=info msg="Tool required for debug" tool="builtin:serial-discovery@1.4.3"
time="2026-02-07T16:03:24Z" level=info msg="Tool required for debug" tool="arduino:arduinoOTA@1.3.0"
time="2026-02-07T16:03:24Z" level=info msg="Tool required for debug" tool="builtin:mdns-discovery@1.0.12"
time="2026-02-07T16:03:24Z" level=info msg="Tool required for debug" tool="arduino:dfu-util@0.11.0-arduino5"
time="2026-02-07T16:03:24Z" level=info msg="Tool required for debug" tool="esp32:esp-rv32@2511"
time="2026-02-07T16:03:24Z" level=info msg="Tool required for debug" tool="esp32:esp-x32@2511"
time="2026-02-07T16:03:24Z" level=info msg="Tool required for debug" tool="esp32:esp32-libs@3.3.6"
time="2026-02-07T16:03:24Z" level=info msg="Tool required for debug" tool="esp32:esp32c3-libs@3.3.6"
time="2026-02-07T16:03:24Z" level=info msg="Tool required for debug" tool="esp32:esp32c5-libs@3.3.6"
time="2026-02-07T16:03:24Z" level=info msg="Tool required for debug" tool="esp32:esp32c6-libs@3.3.6"
time="2026-02-07T16:03:24Z" level=info msg="Tool required for debug" tool="esp32:esp32h2-libs@3.3.6"
time="2026-02-07T16:03:24Z" level=info msg="Tool required for debug" tool="esp32:esp32p4-libs@3.3.6"
time="2026-02-07T16:03:24Z" level=info msg="Tool required for debug" tool="esp32:esp32p4_es-libs@3.3.6"
time="2026-02-07T16:03:24Z" level=info msg="Tool required for debug" tool="esp32:esp32s2-libs@3.3.6"
time="2026-02-07T16:03:24Z" level=info msg="Tool required for debug" tool="esp32:esp32s3-libs@3.3.6"
time="2026-02-07T16:03:24Z" level=info msg="Tool required for debug" tool="esp32:esptool_py@5.1.0"
time="2026-02-07T16:03:24Z" level=info msg="Tool required for debug" tool="esp32:mklittlefs@4.0.2-db0513a"
time="2026-02-07T16:03:24Z" level=info msg="Tool required for debug" tool="esp32:mkspiffs@0.2.3"
time="2026-02-07T16:03:24Z" level=info msg="Tool required for debug" tool="esp32:openocd-esp32@v0.12.0-esp32-20251215"
time="2026-02-07T16:03:24Z" level=info msg="Tool required for debug" tool="esp32:riscv32-esp-elf-gdb@16.3_20250913"
time="2026-02-07T16:03:24Z" level=info msg="Tool required for debug" tool="esp32:xtensa-esp-elf-gdb@16.3_20250913"
time="2026-02-07T16:03:24Z" level=info msg="Tool required for debug" tool="builtin:ctags@5.8-arduino11"
time="2026-02-07T16:03:24Z" level=info msg="Tool required for debug" tool="builtin:mdns-discovery@1.0.12"
time="2026-02-07T16:03:24Z" level=info msg="Tool required for debug" tool="arduino:avr-gcc@7.3.0-atmel3.6.1-arduino7"
time="2026-02-07T16:03:24Z" level=info msg="Tool required for debug" tool="builtin:dfu-discovery@0.1.2"
time="2026-02-07T16:03:24Z" level=info msg="Tool required for debug" tool="arduino:arduinoOTA@1.3.0"
time="2026-02-07T16:03:24Z" level=info msg="Tool required for debug" tool="arduino:avrdude@8.0.0-arduino1"
time="2026-02-07T16:03:24Z" level=info msg="Tool required for debug" tool="builtin:serial-discovery@1.4.3"
time="2026-02-07T16:03:24Z" level=info msg="Tool required for debug" tool="builtin:serial-monitor@0.15.0"
time="2026-02-07T16:03:24Z" level=info msg="Tool required for debug" tool="arduino:dfu-util@0.11.0-arduino5"
time="2026-02-07T16:03:24Z" level=info msg="Tool required for debug" tool="esp32:esp-rv32@2511"
time="2026-02-07T16:03:24Z" level=info msg="Tool required for debug" tool="esp32:esp-x32@2511"
time="2026-02-07T16:03:24Z" level=info msg="Tool required for debug" tool="esp32:esp32-libs@3.3.6"
time="2026-02-07T16:03:24Z" level=info msg="Tool required for debug" tool="esp32:esp32c3-libs@3.3.6"
time="2026-02-07T16:03:24Z" level=info msg="Tool required for debug" tool="esp32:esp32c5-libs@3.3.6"
time="2026-02-07T16:03:24Z" level=info msg="Tool required for debug" tool="esp32:esp32c6-libs@3.3.6"
time="2026-02-07T16:03:24Z" level=info msg="Tool required for debug" tool="esp32:esp32h2-libs@3.3.6"
time="2026-02-07T16:03:24Z" level=info msg="Tool required for debug" tool="esp32:esp32p4-libs@3.3.6"
time="2026-02-07T16:03:24Z" level=info msg="Tool required for debug" tool="esp32:esp32p4_es-libs@3.3.6"
time="2026-02-07T16:03:24Z" level=info msg="Tool required for debug" tool="esp32:esp32s2-libs@3.3.6"
time="2026-02-07T16:03:24Z" level=info msg="Tool required for debug" tool="esp32:esp32s3-libs@3.3.6"
time="2026-02-07T16:03:24Z" level=info msg="Tool required for debug" tool="esp32:esptool_py@5.1.0"
time="2026-02-07T16:03:24Z" level=info msg="Tool required for debug" tool="esp32:mklittlefs@4.0.2-db0513a"
time="2026-02-07T16:03:24Z" level=info msg="Tool required for debug" tool="esp32:mkspiffs@0.2.3"
time="2026-02-07T16:03:24Z" level=info msg="Tool required for debug" tool="esp32:openocd-esp32@v0.12.0-esp32-20251215"
time="2026-02-07T16:03:24Z" level=info msg="Tool required for debug" tool="esp32:riscv32-esp-elf-gdb@16.3_20250913"
time="2026-02-07T16:03:24Z" level=info msg="Tool required for debug" tool="esp32:xtensa-esp-elf-gdb@16.3_20250913"
time="2026-02-07T16:03:24Z" level=info msg="Tool required for debug" tool="builtin:ctags@5.8-arduino11"
time="2026-02-07T16:03:24Z" level=info msg="Tool required for debug" tool="builtin:mdns-discovery@1.0.12"
time="2026-02-07T16:03:24Z" level=info msg="Tool required for debug" tool="arduino:avr-gcc@7.3.0-atmel3.6.1-arduino7"
time="2026-02-07T16:03:24Z" level=info msg="Tool required for debug" tool="arduino:arduinoOTA@1.3.0"
time="2026-02-07T16:03:24Z" level=info msg="Tool required for debug" tool="builtin:dfu-discovery@0.1.2"
time="2026-02-07T16:03:24Z" level=info msg="Tool required for debug" tool="builtin:serial-discovery@1.4.3"
time="2026-02-07T16:03:24Z" level=info msg="Tool required for debug" tool="arduino:avrdude@8.0.0-arduino1"
time="2026-02-07T16:03:24Z" level=info msg="Tool required for debug" tool="builtin:serial-monitor@0.15.0"
time="2026-02-07T16:03:24Z" level=info msg="Tool required for debug" tool="arduino:dfu-util@0.11.0-arduino5"
time="2026-02-07T16:03:24Z" level=info msg="Tool required for debug" tool="esp32:esp-rv32@2511"
time="2026-02-07T16:03:24Z" level=info msg="Tool required for debug" tool="esp32:esp-x32@2511"
time="2026-02-07T16:03:24Z" level=info msg="Tool required for debug" tool="esp32:esp32-libs@3.3.6"
time="2026-02-07T16:03:24Z" level=info msg="Tool required for debug" tool="esp32:esp32c3-libs@3.3.6"
time="2026-02-07T16:03:24Z" level=info msg="Tool required for debug" tool="esp32:esp32c5-libs@3.3.6"
time="2026-02-07T16:03:24Z" level=info msg="Tool required for debug" tool="esp32:esp32c6-libs@3.3.6"
time="2026-02-07T16:03:24Z" level=info msg="Tool required for debug" tool="esp32:esp32h2-libs@3.3.6"
time="2026-02-07T16:03:24Z" level=info msg="Tool required for debug" tool="esp32:esp32p4-libs@3.3.6"
time="2026-02-07T16:03:24Z" level=info msg="Tool required for debug" tool="esp32:esp32p4_es-libs@3.3.6"
time="2026-02-07T16:03:24Z" level=info msg="Tool required for debug" tool="esp32:esp32s2-libs@3.3.6"
time="2026-02-07T16:03:24Z" level=info msg="Tool required for debug" tool="esp32:esp32s3-libs@3.3.6"
time="2026-02-07T16:03:24Z" level=info msg="Tool required for debug" tool="esp32:esptool_py@5.1.0"
time="2026-02-07T16:03:24Z" level=info msg="Tool required for debug" tool="esp32:mklittlefs@4.0.2-db0513a"
time="2026-02-07T16:03:24Z" level=info msg="Tool required for debug" tool="esp32:mkspiffs@0.2.3"
time="2026-02-07T16:03:24Z" level=info msg="Tool required for debug" tool="esp32:openocd-esp32@v0.12.0-esp32-20251215"
time="2026-02-07T16:03:24Z" level=info msg="Tool required for debug" tool="esp32:riscv32-esp-elf-gdb@16.3_20250913"
time="2026-02-07T16:03:24Z" level=info msg="Tool required for debug" tool="esp32:xtensa-esp-elf-gdb@16.3_20250913"
time="2026-02-07T16:03:24Z" level=info msg="Tool required for debug" tool="arduino:avr-gcc@7.3.0-atmel3.6.1-arduino7"
time="2026-02-07T16:03:24Z" level=info msg="Tool required for debug" tool="builtin:dfu-discovery@0.1.2"
time="2026-02-07T16:03:24Z" level=info msg="Tool required for debug" tool="builtin:serial-discovery@1.4.3"
time="2026-02-07T16:03:24Z" level=info msg="Tool required for debug" tool="builtin:serial-monitor@0.15.0"
time="2026-02-07T16:03:24Z" level=info msg="Tool required for debug" tool="arduino:arduinoOTA@1.3.0"
time="2026-02-07T16:03:24Z" level=info msg="Tool required for debug" tool="builtin:ctags@5.8-arduino11"
time="2026-02-07T16:03:24Z" level=info msg="Tool required for debug" tool="builtin:mdns-discovery@1.0.12"
time="2026-02-07T16:03:24Z" level=info msg="Tool required for debug" tool="arduino:avrdude@8.0.0-arduino1"
time="2026-02-07T16:03:24Z" level=info msg="Tool required for debug" tool="arduino:dfu-util@0.11.0-arduino5"
time="2026-02-07T16:03:24Z" level=info msg="Tool required for debug" tool="esp32:esp-rv32@2511"
time="2026-02-07T16:03:24Z" level=info msg="Tool required for debug" tool="esp32:esp-x32@2511"
time="2026-02-07T16:03:24Z" level=info msg="Tool required for debug" tool="esp32:esp32-libs@3.3.6"
time="2026-02-07T16:03:24Z" level=info msg="Tool required for debug" tool="esp32:esp32c3-libs@3.3.6"
time="2026-02-07T16:03:24Z" level=info msg="Tool required for debug" tool="esp32:esp32c5-libs@3.3.6"
time="2026-02-07T16:03:24Z" level=info msg="Tool required for debug" tool="esp32:esp32c6-libs@3.3.6"
time="2026-02-07T16:03:24Z" level=info msg="Tool required for debug" tool="esp32:esp32h2-libs@3.3.6"
time="2026-02-07T16:03:24Z" level=info msg="Tool required for debug" tool="esp32:esp32p4-libs@3.3.6"
time="2026-02-07T16:03:24Z" level=info msg="Tool required for debug" tool="esp32:esp32p4_es-libs@3.3.6"
time="2026-02-07T16:03:24Z" level=info msg="Tool required for debug" tool="esp32:esp32s2-libs@3.3.6"
time="2026-02-07T16:03:24Z" level=info msg="Tool required for debug" tool="esp32:esp32s3-libs@3.3.6"
time="2026-02-07T16:03:24Z" level=info msg="Tool required for debug" tool="esp32:esptool_py@5.1.0"
time="2026-02-07T16:03:24Z" level=info msg="Tool required for debug" tool="esp32:mklittlefs@4.0.2-db0513a"
time="2026-02-07T16:03:24Z" level=info msg="Tool required for debug" tool="esp32:mkspiffs@0.2.3"
time="2026-02-07T16:03:24Z" level=info msg="Tool required for debug" tool="esp32:openocd-esp32@v0.12.0-esp32-20251215"
time="2026-02-07T16:03:24Z" level=info msg="Tool required for debug" tool="esp32:riscv32-esp-elf-gdb@16.3_20250913"
time="2026-02-07T16:03:24Z" level=info msg="Tool required for debug" tool="esp32:xtensa-esp-elf-gdb@16.3_20250913"
time="2026-02-07T16:03:24Z" level=info msg="Tool required for debug" tool="arduino:avr-gcc@7.3.0-atmel3.6.1-arduino7"
time="2026-02-07T16:03:24Z" level=info msg="Tool required for debug" tool="arduino:arduinoOTA@1.3.0"
time="2026-02-07T16:03:24Z" level=info msg="Tool required for debug" tool="arduino:avrdude@8.0.0-arduino1"
time="2026-02-07T16:03:24Z" level=info msg="Tool required for debug" tool="builtin:ctags@5.8-arduino11"
time="2026-02-07T16:03:24Z" level=info msg="Tool required for debug" tool="builtin:dfu-discovery@0.1.2"
time="2026-02-07T16:03:24Z" level=info msg="Tool required for debug" tool="builtin:mdns-discovery@1.0.12"
time="2026-02-07T16:03:24Z" level=info msg="Tool required for debug" tool="builtin:serial-discovery@1.4.3"
time="2026-02-07T16:03:24Z" level=info msg="Tool required for debug" tool="builtin:serial-monitor@0.15.0"
time="2026-02-07T16:03:24Z" level=info msg="Tool required for debug" tool="arduino:dfu-util@0.11.0-arduino5"
time="2026-02-07T16:03:24Z" level=info msg="Tool required for debug" tool="esp32:esp-rv32@2511"
time="2026-02-07T16:03:24Z" level=info msg="Tool required for debug" tool="esp32:esp-x32@2511"
time="2026-02-07T16:03:24Z" level=info msg="Tool required for debug" tool="esp32:esp32-libs@3.3.6"
time="2026-02-07T16:03:24Z" level=info msg="Tool required for debug" tool="esp32:esp32c3-libs@3.3.6"
time="2026-02-07T16:03:24Z" level=info msg="Tool required for debug" tool="esp32:esp32c5-libs@3.3.6"
time="2026-02-07T16:03:24Z" level=info msg="Tool required for debug" tool="esp32:esp32c6-libs@3.3.6"
time="2026-02-07T16:03:24Z" level=info msg="Tool required for debug" tool="esp32:esp32h2-libs@3.3.6"
time="2026-02-07T16:03:24Z" level=info msg="Tool required for debug" tool="esp32:esp32p4-libs@3.3.6"
time="2026-02-07T16:03:24Z" level=info msg="Tool required for debug" tool="esp32:esp32p4_es-libs@3.3.6"
time="2026-02-07T16:03:24Z" level=info msg="Tool required for debug" tool="esp32:esp32s2-libs@3.3.6"
time="2026-02-07T16:03:24Z" level=info msg="Tool required for debug" tool="esp32:esp32s3-libs@3.3.6"
time="2026-02-07T16:03:24Z" level=info msg="Tool required for debug" tool="esp32:esptool_py@5.1.0"
time="2026-02-07T16:03:24Z" level=info msg="Tool required for debug" tool="esp32:mklittlefs@4.0.2-db0513a"
time="2026-02-07T16:03:24Z" level=info msg="Tool required for debug" tool="esp32:mkspiffs@0.2.3"
time="2026-02-07T16:03:24Z" level=info msg="Tool required for debug" tool="esp32:openocd-esp32@v0.12.0-esp32-20251215"
time="2026-02-07T16:03:24Z" level=info msg="Tool required for debug" tool="esp32:riscv32-esp-elf-gdb@16.3_20250913"
time="2026-02-07T16:03:24Z" level=info msg="Tool required for debug" tool="esp32:xtensa-esp-elf-gdb@16.3_20250913"
time="2026-02-07T16:03:24Z" level=info msg="Tool required for debug" tool="builtin:dfu-discovery@0.1.2"
time="2026-02-07T16:03:24Z" level=info msg="Tool required for debug" tool="builtin:mdns-discovery@1.0.12"
time="2026-02-07T16:03:24Z" level=info msg="Tool required for debug" tool="builtin:serial-discovery@1.4.3"
time="2026-02-07T16:03:24Z" level=info msg="Tool required for debug" tool="arduino:avrdude@8.0.0-arduino1"
time="2026-02-07T16:03:24Z" level=info msg="Tool required for debug" tool="arduino:arduinoOTA@1.3.0"
time="2026-02-07T16:03:24Z" level=info msg="Tool required for debug" tool="arduino:avr-gcc@7.3.0-atmel3.6.1-arduino7"
time="2026-02-07T16:03:24Z" level=info msg="Tool required for debug" tool="builtin:ctags@5.8-arduino11"
time="2026-02-07T16:03:24Z" level=info msg="Tool required for debug" tool="builtin:serial-monitor@0.15.0"
time="2026-02-07T16:03:24Z" level=info msg="Tool required for debug" tool="arduino:dfu-util@0.11.0-arduino5"
time="2026-02-07T16:03:24Z" level=info msg="Tool required for debug" tool="esp32:esp-rv32@2511"
time="2026-02-07T16:03:24Z" level=info msg="Tool required for debug" tool="esp32:esp-x32@2511"
time="2026-02-07T16:03:24Z" level=info msg="Tool required for debug" tool="esp32:esp32-libs@3.3.6"
time="2026-02-07T16:03:24Z" level=info msg="Tool required for debug" tool="esp32:esp32c3-libs@3.3.6"
time="2026-02-07T16:03:24Z" level=info msg="Tool required for debug" tool="esp32:esp32c5-libs@3.3.6"
time="2026-02-07T16:03:24Z" level=info msg="Tool required for debug" tool="esp32:esp32c6-libs@3.3.6"
time="2026-02-07T16:03:24Z" level=info msg="Tool required for debug" tool="esp32:esp32h2-libs@3.3.6"
time="2026-02-07T16:03:24Z" level=info msg="Tool required for debug" tool="esp32:esp32p4-libs@3.3.6"
time="2026-02-07T16:03:24Z" level=info msg="Tool required for debug" tool="esp32:esp32p4_es-libs@3.3.6"
time="2026-02-07T16:03:24Z" level=info msg="Tool required for debug" tool="esp32:esp32s2-libs@3.3.6"
time="2026-02-07T16:03:24Z" level=info msg="Tool required for debug" tool="esp32:esp32s3-libs@3.3.6"
time="2026-02-07T16:03:24Z" level=info msg="Tool required for debug" tool="esp32:esptool_py@5.1.0"
time="2026-02-07T16:03:24Z" level=info msg="Tool required for debug" tool="esp32:mklittlefs@4.0.2-db0513a"
time="2026-02-07T16:03:24Z" level=info msg="Tool required for debug" tool="esp32:mkspiffs@0.2.3"
time="2026-02-07T16:03:24Z" level=info msg="Tool required for debug" tool="esp32:openocd-esp32@v0.12.0-esp32-20251215"
time="2026-02-07T16:03:24Z" level=info msg="Tool required for debug" tool="esp32:riscv32-esp-elf-gdb@16.3_20250913"
time="2026-02-07T16:03:24Z" level=info msg="Tool required for debug" tool="esp32:xtensa-esp-elf-gdb@16.3_20250913"
time="2026-02-07T16:03:24Z" level=info msg="Tool required for debug" tool="arduino:arduinoOTA@1.3.0"
time="2026-02-07T16:03:24Z" level=info msg="Tool required for debug" tool="arduino:avr-gcc@7.3.0-atmel3.6.1-arduino7"
time="2026-02-07T16:03:24Z" level=info msg="Tool required for debug" tool="builtin:ctags@5.8-arduino11"
time="2026-02-07T16:03:24Z" level=info msg="Tool required for debug" tool="builtin:dfu-discovery@0.1.2"
time="2026-02-07T16:03:24Z" level=info msg="Tool required for debug" tool="builtin:serial-discovery@1.4.3"
time="2026-02-07T16:03:24Z" level=info msg="Tool required for debug" tool="builtin:serial-monitor@0.15.0"
time="2026-02-07T16:03:24Z" level=info msg="Tool required for debug" tool="arduino:avrdude@8.0.0-arduino1"
time="2026-02-07T16:03:24Z" level=info msg="Tool required for debug" tool="builtin:mdns-discovery@1.0.12"
time="2026-02-07T16:03:24Z" level=info msg="Tool required for debug" tool="arduino:dfu-util@0.11.0-arduino5"
time="2026-02-07T16:03:24Z" level=info msg="Tool required for debug" tool="esp32:esp-rv32@2511"
time="2026-02-07T16:03:24Z" level=info msg="Tool required for debug" tool="esp32:esp-x32@2511"
time="2026-02-07T16:03:24Z" level=info msg="Tool required for debug" tool="esp32:esp32-libs@3.3.6"
time="2026-02-07T16:03:24Z" level=info msg="Tool required for debug" tool="esp32:esp32c3-libs@3.3.6"
time="2026-02-07T16:03:24Z" level=info msg="Tool required for debug" tool="esp32:esp32c5-libs@3.3.6"
time="2026-02-07T16:03:24Z" level=info msg="Tool required for debug" tool="esp32:esp32c6-libs@3.3.6"
time="2026-02-07T16:03:24Z" level=info msg="Tool required for debug" tool="esp32:esp32h2-libs@3.3.6"
time="2026-02-07T16:03:24Z" level=info msg="Tool required for debug" tool="esp32:esp32p4-libs@3.3.6"
time="2026-02-07T16:03:24Z" level=info msg="Tool required for debug" tool="esp32:esp32p4_es-libs@3.3.6"
time="2026-02-07T16:03:24Z" level=info msg="Tool required for debug" tool="esp32:esp32s2-libs@3.3.6"
time="2026-02-07T16:03:24Z" level=info msg="Tool required for debug" tool="esp32:esp32s3-libs@3.3.6"
time="2026-02-07T16:03:24Z" level=info msg="Tool required for debug" tool="esp32:esptool_py@5.1.0"
time="2026-02-07T16:03:24Z" level=info msg="Tool required for debug" tool="esp32:mklittlefs@4.0.2-db0513a"
time="2026-02-07T16:03:24Z" level=info msg="Tool required for debug" tool="esp32:mkspiffs@0.2.3"
time="2026-02-07T16:03:24Z" level=info msg="Tool required for debug" tool="esp32:openocd-esp32@v0.12.0-esp32-20251215"
time="2026-02-07T16:03:24Z" level=info msg="Tool required for debug" tool="esp32:riscv32-esp-elf-gdb@16.3_20250913"
time="2026-02-07T16:03:24Z" level=info msg="Tool required for debug" tool="esp32:xtensa-esp-elf-gdb@16.3_20250913"
time="2026-02-07T16:03:24Z" level=info msg="Tool required for debug" tool="builtin:mdns-discovery@1.0.12"
time="2026-02-07T16:03:24Z" level=info msg="Tool required for debug" tool="arduino:avrdude@8.0.0-arduino1"
time="2026-02-07T16:03:24Z" level=info msg="Tool required for debug" tool="arduino:avr-gcc@7.3.0-atmel3.6.1-arduino7"
time="2026-02-07T16:03:24Z" level=info msg="Tool required for debug" tool="builtin:serial-monitor@0.15.0"
time="2026-02-07T16:03:24Z" level=info msg="Tool required for debug" tool="builtin:ctags@5.8-arduino11"
time="2026-02-07T16:03:24Z" level=info msg="Tool required for debug" tool="builtin:dfu-discovery@0.1.2"
time="2026-02-07T16:03:24Z" level=info msg="Tool required for debug" tool="arduino:arduinoOTA@1.3.0"
time="2026-02-07T16:03:24Z" level=info msg="Tool required for debug" tool="builtin:serial-discovery@1.4.3"
time="2026-02-07T16:03:24Z" level=info msg="Tool required for debug" tool="arduino:dfu-util@0.11.0-arduino5"
time="2026-02-07T16:03:24Z" level=info msg="Tool required for debug" tool="esp32:esp-rv32@2511"
time="2026-02-07T16:03:24Z" level=info msg="Tool required for debug" tool="esp32:esp-x32@2511"
time="2026-02-07T16:03:24Z" level=info msg="Tool required for debug" tool="esp32:esp32-libs@3.3.6"
time="2026-02-07T16:03:24Z" level=info msg="Tool required for debug" tool="esp32:esp32c3-libs@3.3.6"
time="2026-02-07T16:03:24Z" level=info msg="Tool required for debug" tool="esp32:esp32c5-libs@3.3.6"
time="2026-02-07T16:03:24Z" level=info msg="Tool required for debug" tool="esp32:esp32c6-libs@3.3.6"
time="2026-02-07T16:03:24Z" level=info msg="Tool required for debug" tool="esp32:esp32h2-libs@3.3.6"
time="2026-02-07T16:03:24Z" level=info msg="Tool required for debug" tool="esp32:esp32p4-libs@3.3.6"
time="2026-02-07T16:03:24Z" level=info msg="Tool required for debug" tool="esp32:esp32p4_es-libs@3.3.6"
time="2026-02-07T16:03:24Z" level=info msg="Tool required for debug" tool="esp32:esp32s2-libs@3.3.6"
time="2026-02-07T16:03:24Z" level=info msg="Tool required for debug" tool="esp32:esp32s3-libs@3.3.6"
time="2026-02-07T16:03:24Z" level=info msg="Tool required for debug" tool="esp32:esptool_py@5.1.0"
time="2026-02-07T16:03:24Z" level=info msg="Tool required for debug" tool="esp32:mklittlefs@4.0.2-db0513a"
time="2026-02-07T16:03:24Z" level=info msg="Tool required for debug" tool="esp32:mkspiffs@0.2.3"
time="2026-02-07T16:03:24Z" level=info msg="Tool required for debug" tool="esp32:openocd-esp32@v0.12.0-esp32-20251215"
time="2026-02-07T16:03:24Z" level=info msg="Tool required for debug" tool="esp32:riscv32-esp-elf-gdb@16.3_20250913"
time="2026-02-07T16:03:24Z" level=info msg="Tool required for debug" tool="esp32:xtensa-esp-elf-gdb@16.3_20250913"
time="2026-02-07T16:03:24Z" level=info msg="Tool required for debug" tool="arduino:arduinoOTA@1.3.0"
time="2026-02-07T16:03:24Z" level=info msg="Tool required for debug" tool="builtin:dfu-discovery@0.1.2"
time="2026-02-07T16:03:24Z" level=info msg="Tool required for debug" tool="arduino:avrdude@8.0.0-arduino1"
time="2026-02-07T16:03:24Z" level=info msg="Tool required for debug" tool="builtin:serial-discovery@1.4.3"
time="2026-02-07T16:03:24Z" level=info msg="Tool required for debug" tool="builtin:serial-monitor@0.15.0"
time="2026-02-07T16:03:24Z" level=info msg="Tool required for debug" tool="arduino:avr-gcc@7.3.0-atmel3.6.1-arduino7"
time="2026-02-07T16:03:24Z" level=info msg="Tool required for debug" tool="builtin:ctags@5.8-arduino11"
time="2026-02-07T16:03:24Z" level=info msg="Tool required for debug" tool="builtin:mdns-discovery@1.0.12"
time="2026-02-07T16:03:24Z" level=info msg="Tool required for debug" tool="arduino:dfu-util@0.11.0-arduino5"
time="2026-02-07T16:03:24Z" level=info msg="Tool required for debug" tool="esp32:esp-rv32@2511"
time="2026-02-07T16:03:24Z" level=info msg="Tool required for debug" tool="esp32:esp-x32@2511"
time="2026-02-07T16:03:24Z" level=info msg="Tool required for debug" tool="esp32:esp32-libs@3.3.6"
time="2026-02-07T16:03:24Z" level=info msg="Tool required for debug" tool="esp32:esp32c3-libs@3.3.6"
time="2026-02-07T16:03:24Z" level=info msg="Tool required for debug" tool="esp32:esp32c5-libs@3.3.6"
time="2026-02-07T16:03:24Z" level=info msg="Tool required for debug" tool="esp32:esp32c6-libs@3.3.6"
time="2026-02-07T16:03:24Z" level=info msg="Tool required for debug" tool="esp32:esp32h2-libs@3.3.6"
time="2026-02-07T16:03:24Z" level=info msg="Tool required for debug" tool="esp32:esp32p4-libs@3.3.6"
time="2026-02-07T16:03:24Z" level=info msg="Tool required for debug" tool="esp32:esp32p4_es-libs@3.3.6"
time="2026-02-07T16:03:24Z" level=info msg="Tool required for debug" tool="esp32:esp32s2-libs@3.3.6"
time="2026-02-07T16:03:24Z" level=info msg="Tool required for debug" tool="esp32:esp32s3-libs@3.3.6"
time="2026-02-07T16:03:24Z" level=info msg="Tool required for debug" tool="esp32:esptool_py@5.1.0"
time="2026-02-07T16:03:24Z" level=info msg="Tool required for debug" tool="esp32:mklittlefs@4.0.2-db0513a"
time="2026-02-07T16:03:24Z" level=info msg="Tool required for debug" tool="esp32:mkspiffs@0.2.3"
time="2026-02-07T16:03:24Z" level=info msg="Tool required for debug" tool="esp32:openocd-esp32@v0.12.0-esp32-20251215"
time="2026-02-07T16:03:24Z" level=info msg="Tool required for debug" tool="esp32:riscv32-esp-elf-gdb@16.3_20250913"
time="2026-02-07T16:03:24Z" level=info msg="Tool required for debug" tool="esp32:xtensa-esp-elf-gdb@16.3_20250913"
time="2026-02-07T16:03:24Z" level=info msg="Tool required for debug" tool="builtin:dfu-discovery@0.1.2"
2026-02-07 16:03:24 2026-02-07T16:03:24.711Z daemon INFO time="2026-02-07T16:03:24Z" level=info msg="Updating index" url="https://raw.githubusercontent.com/espressif/arduino-esp32/gh-pages/package_esp32_index.json"
time="2026-02-07T16:03:24Z" level=info msg="Tool required for debug" tool="builtin:mdns-discovery@1.0.12"
time="2026-02-07T16:03:24Z" level=info msg="Tool required for debug" tool="arduino:avr-gcc@7.3.0-atmel3.6.1-arduino7"
time="2026-02-07T16:03:24Z" level=info msg="Tool required for debug" tool="arduino:arduinoOTA@1.3.0"
time="2026-02-07T16:03:24Z" level=info msg="Tool required for debug" tool="builtin:serial-discovery@1.4.3"
time="2026-02-07T16:03:24Z" level=info msg="Tool required for debug" tool="builtin:serial-monitor@0.15.0"
time="2026-02-07T16:03:24Z" level=info msg="Tool required for debug" tool="arduino:avrdude@8.0.0-arduino1"
time="2026-02-07T16:03:24Z" level=info msg="Tool required for debug" tool="builtin:ctags@5.8-arduino11"
time="2026-02-07T16:03:24Z" level=info msg="Starting download" url="https://raw.githubusercontent.com/espressif/arduino-esp32/gh-pages/package_esp32_index.json"
2026-02-07 16:03:24 2026-02-07T16:03:24.711Z root INFO core-client-provider [platform-index] Downloading index: package_esp32_index.json

2026-02-07 16:03:24 2026-02-07T16:03:24.839Z root ERROR ---- !!!SLOW!!! DURATION: search took 428.842 ms. Args: [{"type":"Updatable"}] ----
2026-02-07 16:03:24 2026-02-07T16:03:24.841Z root INFO Starting language server: esp32:esp32:esp32h2:UploadSpeed=921600,CDCOnBoot=default,FlashFreq=64,FlashMode=qio,FlashSize=4M,PartitionScheme=default,DebugLevel=none,EraseFlash=none,JTAGAdapter=default,ZigbeeMode=default
2026-02-07 16:03:24 2026-02-07T16:03:24.890Z daemon INFO time="2026-02-07T16:03:24Z" level=info msg="Adding libraries dir" dir=/home/shrek/.arduino15/libraries isSingleLibrary=false location=ide
2026-02-07 16:03:24 2026-02-07T16:03:24.890Z daemon INFO time="2026-02-07T16:03:24Z" level=info msg="Adding libraries dir" dir=/home/shrek/.arduino15/packages/esp32/hardware/esp32/3.3.6/libraries isSingleLibrary=false location=platform
time="2026-02-07T16:03:24Z" level=info msg="Adding libraries dir" dir=/home/shrek/Arduino/libraries isSingleLibrary=false location=user
2026-02-07 16:03:25 Update for version 2.3.7 is not available (latest version: 2.3.7, downgrade is allowed).
2026-02-07 16:03:25 2026-02-07T16:03:25.609Z daemon INFO time="2026-02-07T16:03:25Z" level=info msg="Checking signature" index=/home/shrek/.arduino15/package_index.json signatureFile=/home/shrek/.arduino15/package_index.json.sig trusted=true
2026-02-07 16:03:25 2026-02-07T16:03:25.611Z daemon INFO time="2026-02-07T16:03:25Z" level=info msg="Missing signature file" index=/home/shrek/.arduino15/package_esp32_index.json
2026-02-07 16:03:25 2026-02-07T16:03:25.611Z daemon INFO time="2026-02-07T16:03:25Z" level=info msg="Loading hardware from: /home/shrek/.arduino15/packages"
2026-02-07 16:03:25 2026-02-07T16:03:25.611Z daemon INFO time="2026-02-07T16:03:25Z" level=info msg="Loading package arduino from: /home/shrek/.arduino15/packages/arduino/hardware"
2026-02-07 16:03:25 2026-02-07T16:03:25.611Z daemon INFO time="2026-02-07T16:03:25Z" level=info msg="Missing signature file" index=/home/shrek/.arduino15/packages/arduino/hardware/avr/1.8.7/installed.json
2026-02-07 16:03:25 2026-02-07T16:03:25.612Z daemon INFO time="2026-02-07T16:03:25Z" level=info msg="Adding monitor tool" protocol=serial tool="builtin:serial-monitor"
time="2026-02-07T16:03:25Z" level=info msg="Loaded platform" platform="arduino:avr@1.8.7"
2026-02-07 16:03:25 2026-02-07T16:03:25.612Z daemon INFO time="2026-02-07T16:03:25Z" level=info msg="Checking existence of 'tools' path: /home/shrek/.arduino15/packages/arduino/tools"
time="2026-02-07T16:03:25Z" level=info msg="Loading tools from dir: /home/shrek/.arduino15/packages/arduino/tools"
2026-02-07 16:03:25 2026-02-07T16:03:25.612Z daemon INFO time="2026-02-07T16:03:25Z" level=info msg="Loaded tool" tool="arduino:arduinoOTA@1.3.0"
time="2026-02-07T16:03:25Z" level=info msg="Loaded tool" tool="arduino:avr-gcc@7.3.0-atmel3.6.1-arduino7"
2026-02-07 16:03:25 2026-02-07T16:03:25.612Z daemon INFO time="2026-02-07T16:03:25Z" level=info msg="Loaded tool" tool="arduino:avrdude@8.0.0-arduino1"
2026-02-07 16:03:25 2026-02-07T16:03:25.612Z daemon INFO time="2026-02-07T16:03:25Z" level=info msg="Loaded tool" tool="arduino:dfu-util@0.11.0-arduino5"
time="2026-02-07T16:03:25Z" level=info msg="Loading package builtin from: /home/shrek/.arduino15/packages/builtin"
2026-02-07 16:03:25 2026-02-07T16:03:25.612Z daemon INFO time="2026-02-07T16:03:25Z" level=info msg="Checking existence of 'tools' path: /home/shrek/.arduino15/packages/builtin/tools"
time="2026-02-07T16:03:25Z" level=info msg="Loading tools from dir: /home/shrek/.arduino15/packages/builtin/tools"
2026-02-07 16:03:25 2026-02-07T16:03:25.612Z daemon INFO time="2026-02-07T16:03:25Z" level=info msg="Loaded tool" tool="builtin:ctags@5.8-arduino11"
2026-02-07 16:03:25 2026-02-07T16:03:25.612Z daemon INFO time="2026-02-07T16:03:25Z" level=info msg="Loaded tool" tool="builtin:dfu-discovery@0.1.2"
time="2026-02-07T16:03:25Z" level=info msg="Loaded tool" tool="builtin:mdns-discovery@1.0.12"
2026-02-07 16:03:25 2026-02-07T16:03:25.612Z daemon INFO time="2026-02-07T16:03:25Z" level=info msg="Loaded tool" tool="builtin:serial-discovery@1.4.3"
2026-02-07 16:03:25 2026-02-07T16:03:25.612Z daemon INFO time="2026-02-07T16:03:25Z" level=info msg="Loaded tool" tool="builtin:serial-monitor@0.15.0"
time="2026-02-07T16:03:25Z" level=info msg="Loading package esp32 from: /home/shrek/.arduino15/packages/esp32/hardware"
2026-02-07 16:03:25 2026-02-07T16:03:25.613Z daemon INFO time="2026-02-07T16:03:25Z" level=info msg="Missing signature file" index=/home/shrek/.arduino15/packages/esp32/hardware/esp32/3.3.6/installed.json
2026-02-07 16:03:25 2026-02-07T16:03:25.685Z daemon INFO time="2026-02-07T16:03:25Z" level=info msg="Adding monitor tool" protocol=serial tool="builtin:serial-monitor"
time="2026-02-07T16:03:25Z" level=info msg="Loaded platform" platform="esp32:esp32@3.3.6"
2026-02-07 16:03:25 2026-02-07T16:03:25.685Z daemon INFO time="2026-02-07T16:03:25Z" level=info msg="Checking existence of 'tools' path: /home/shrek/.arduino15/packages/esp32/tools"
time="2026-02-07T16:03:25Z" level=info msg="Loading tools from dir: /home/shrek/.arduino15/packages/esp32/tools"
time="2026-02-07T16:03:25Z" level=info msg="Loaded tool" tool="esp32:esp-rv32@2511"
time="2026-02-07T16:03:25Z" level=info msg="Loaded tool" tool="esp32:esp-x32@2511"
time="2026-02-07T16:03:25Z" level=info msg="Loaded tool" tool="esp32:esp32-libs@3.3.6"
2026-02-07 16:03:25 2026-02-07T16:03:25.685Z daemon INFO time="2026-02-07T16:03:25Z" level=info msg="Loaded tool" tool="esp32:esp32c3-libs@3.3.6"
time="2026-02-07T16:03:25Z" level=info msg="Loaded tool" tool="esp32:esp32c5-libs@3.3.6"
2026-02-07 16:03:25 2026-02-07T16:03:25.685Z daemon INFO time="2026-02-07T16:03:25Z" level=info msg="Loaded tool" tool="esp32:esp32c6-libs@3.3.6"
2026-02-07 16:03:25 2026-02-07T16:03:25.685Z daemon INFO time="2026-02-07T16:03:25Z" level=info msg="Loaded tool" tool="esp32:esp32h2-libs@3.3.6"
2026-02-07 16:03:25 2026-02-07T16:03:25.685Z daemon INFO time="2026-02-07T16:03:25Z" level=info msg="Loaded tool" tool="esp32:esp32p4-libs@3.3.6"
2026-02-07 16:03:25 2026-02-07T16:03:25.685Z daemon INFO time="2026-02-07T16:03:25Z" level=info msg="Loaded tool" tool="esp32:esp32p4_es-libs@3.3.6"
2026-02-07 16:03:25 2026-02-07T16:03:25.685Z daemon INFO time="2026-02-07T16:03:25Z" level=info msg="Loaded tool" tool="esp32:esp32s2-libs@3.3.6"
2026-02-07 16:03:25 2026-02-07T16:03:25.685Z daemon INFO time="2026-02-07T16:03:25Z" level=info msg="Loaded tool" tool="esp32:esp32s3-libs@3.3.6"
2026-02-07 16:03:25 2026-02-07T16:03:25.685Z daemon INFO time="2026-02-07T16:03:25Z" level=info msg="Loaded tool" tool="esp32:esptool_py@5.1.0"
2026-02-07 16:03:25 2026-02-07T16:03:25.685Z daemon INFO time="2026-02-07T16:03:25Z" level=info msg="Loaded tool" tool="esp32:mklittlefs@4.0.2-db0513a"
2026-02-07 16:03:25 2026-02-07T16:03:25.685Z daemon INFO time="2026-02-07T16:03:25Z" level=info msg="Loaded tool" tool="esp32:mkspiffs@0.2.3"
2026-02-07 16:03:25 2026-02-07T16:03:25.685Z daemon INFO time="2026-02-07T16:03:25Z" level=info msg="Loaded tool" tool="esp32:openocd-esp32@v0.12.0-esp32-20251215"
2026-02-07 16:03:25 2026-02-07T16:03:25.685Z daemon INFO time="2026-02-07T16:03:25Z" level=info msg="Loaded tool" tool="esp32:riscv32-esp-elf-gdb@16.3_20250913"
2026-02-07 16:03:25 2026-02-07T16:03:25.685Z daemon INFO time="2026-02-07T16:03:25Z" level=info msg="Loaded tool" tool="esp32:xtensa-esp-elf-gdb@16.3_20250913"
2026-02-07 16:03:25 2026-02-07T16:03:25.687Z daemon INFO time="2026-02-07T16:03:25Z" level=info msg="Discovery event channel closed builtin:serial-discovery. Exiting goroutine."
2026-02-07 16:03:25 2026-02-07T16:03:25.688Z discovery-log INFO {"eventType":"remove","port":{"matchingBoardsList":[],"port":{"address":"/dev/ttyS0","label":"/dev/ttyS0","protocol":"serial","protocolLabel":"Serial Port","propertiesMap":[],"hardwareId":""}},"error":""}
2026-02-07 16:03:25 2026-02-07T16:03:25.688Z daemon INFO time="2026-02-07T16:03:25Z" level=info msg="Closed and removed discovery builtin:serial-discovery"
time="2026-02-07T16:03:25Z" level=error msg="Stopped decode loop: EOF" discovery="builtin:serial-discovery"
time="2026-02-07T16:03:25Z" level=info msg="Discovery event channel closed builtin:mdns-discovery. Exiting goroutine."
2026-02-07 16:03:25 2026-02-07T16:03:25.688Z daemon INFO time="2026-02-07T16:03:25Z" level=info msg="Closed and removed discovery builtin:mdns-discovery"
2026-02-07 16:03:25 2026-02-07T16:03:25.688Z daemon INFO time="2026-02-07T16:03:25Z" level=error msg="Stopped decode loop: EOF" discovery="builtin:mdns-discovery"
2026-02-07 16:03:25 2026-02-07T16:03:25.690Z discovery-log INFO {"eventType":"add","port":{"matchingBoardsList":[],"port":{"address":"/dev/ttyS0","label":"/dev/ttyS0","protocol":"serial","protocolLabel":"Serial Port","propertiesMap":[],"hardwareId":""}},"error":""}
2026-02-07 16:03:25 2026-02-07T16:03:25.691Z daemon INFO time="2026-02-07T16:03:25Z" level=info msg="Adding libraries dir" dir=/home/shrek/.arduino15/packages/esp32/hardware/esp32/3.3.6/libraries isSingleLibrary=false location=platform
2026-02-07 16:03:25 2026-02-07T16:03:25.691Z daemon INFO time="2026-02-07T16:03:25Z" level=info msg="Adding libraries dir" dir=/home/shrek/.arduino15/packages/arduino/hardware/avr/1.8.7/libraries isSingleLibrary=false location=platform
2026-02-07 16:03:25 2026-02-07T16:03:25.691Z daemon INFO time="2026-02-07T16:03:25Z" level=info msg="Loading libraries index file" index=/home/shrek/.arduino15/library_index.json
2026-02-07 16:03:25 2026-02-07T16:03:25.713Z daemon INFO time="2026-02-07T16:03:25Z" level=info msg="Resolving include FastLED.h for arch esp32"
time="2026-02-07T16:03:25Z" level=info msg="  found better lib" lib=FastLED prio=6A7
2026-02-07 16:03:25 2026-02-07T16:03:25.818Z daemon INFO time="2026-02-07T16:03:25Z" level=info msg="Adding libraries dir" dir=/home/shrek/.arduino15/libraries isSingleLibrary=false location=ide
time="2026-02-07T16:03:25Z" level=info msg="Adding libraries dir" dir=/home/shrek/Arduino/libraries isSingleLibrary=false location=user
2026-02-07 16:03:26 2026-02-07T16:03:26.156Z daemon INFO time="2026-02-07T16:03:26Z" level=info msg="Resolving include BLEDevice.h for arch esp32"
2026-02-07 16:03:26 2026-02-07T16:03:26.156Z daemon INFO time="2026-02-07T16:03:26Z" level=info msg="  found better lib" lib=ArduinoBLE prio=3EB
time="2026-02-07T16:03:26Z" level=info msg="  found better lib" lib=BLE prio=3F4
2026-02-07 16:03:26 2026-02-07T16:03:26.547Z root ERROR ---- !!!SLOW!!! DURATION: search took 170.707 ms. Args: [{"query":"","type":"All","topic":"All"}] ----
2026-02-07 16:03:31 2026-02-07T16:03:31.018Z root INFO creating connection for 2
2026-02-07 16:03:31 2026-02-07T16:03:31.674Z root WARN A command editor.action.toggleStickyScroll is already registered.
2026-02-07 16:03:31 Opening channel for service path '/services/electron-window'.
2026-02-07 16:03:31 Opening channel for service path '/services/ide-updater'.
2026-02-07 16:03:31 2026-02-07T16:03:31.727Z root INFO Start frontend contributions: 117.9 ms [Finished 1.433 s after frontend start]
2026-02-07 16:03:31 2026-02-07T16:03:31.728Z root INFO Changed application state from 'init' to 'started_contributions'.
2026-02-07 16:03:31 2026-02-07T16:03:31.750Z root INFO [e2b46ed1-89ae-492e-8cec-e7765e373164] Waiting for backend deployment: 36.0 ms [Finished 1.466 s after frontend start]
2026-02-07 16:03:31 2026-02-07T16:03:31.852Z root INFO Changed application state from 'started_contributions' to 'attached_shell'.
2026-02-07 16:03:31 2026-02-07T16:03:31.852Z root INFO >>> Restoring the layout state...
2026-02-07 16:03:31 2026-02-07T16:03:31.852Z root INFO <<< Nothing to restore.
2026-02-07 16:03:31 2026-02-07T16:03:31.852Z root INFO Initialize the workbench layout: 12.2 ms [Finished 1.517 s after frontend start]
2026-02-07 16:03:31 2026-02-07T16:03:31.852Z root INFO Changed application state from 'attached_shell' to 'initialized_layout'.
2026-02-07 16:03:32 2026-02-07T16:03:32.077Z root INFO [hosted-plugin: 2038] PLUGIN_HOST(2038) starting instance
[Object: null prototype] {}
2026-02-07 16:03:32 2026-02-07T16:03:32.458Z root INFO [e2b46ed1-89ae-492e-8cec-e7765e373164] Sync of 23 plugins: 684.6 ms [Finished 2.150 s after frontend start]
2026-02-07 16:03:32 2026-02-07T16:03:32.458Z root INFO [e2b46ed1-89ae-492e-8cec-e7765e373164] Loading plugin contributions
2026-02-07 16:03:32 2026-02-07T16:03:32.458Z root INFO [e2b46ed1-89ae-492e-8cec-e7765e373164] Load contributions of 23 plugins: 22.7 ms [Finished 2.173 s after frontend start]
2026-02-07 16:03:32 2026-02-07T16:03:32.474Z root WARN 'cpp' language is remapped from 'source.cpp.embedded.macro' to 'source.cpp' scope
2026-02-07 16:03:32 2026-02-07T16:03:32.474Z root WARN a registered grammar configuration for 'cpp' language is overridden
2026-02-07 16:03:32 2026-02-07T16:03:32.487Z daemon INFO time="2026-02-07T16:03:32Z" level=info msg="Adding libraries dir" dir=/home/shrek/.arduino15/libraries isSingleLibrary=false location=ide
time="2026-02-07T16:03:32Z" level=info msg="Adding libraries dir" dir=/home/shrek/.arduino15/packages/esp32/hardware/esp32/3.3.6/libraries isSingleLibrary=false location=platform
2026-02-07 16:03:32 2026-02-07T16:03:32.487Z daemon INFO time="2026-02-07T16:03:32Z" level=info msg="Adding libraries dir" dir=/home/shrek/Arduino/libraries isSingleLibrary=false location=user
2026-02-07 16:03:32 2026-02-07T16:03:32.608Z root ERROR [hosted-plugin: 2038] Conflict in settings file Default: Ignoring cortex-debug.armToolchainPath.linux as cortex-debug.armToolchainPath is null
2026-02-07 16:03:32 2026-02-07T16:03:32.608Z root ERROR [hosted-plugin: 2038] Conflict in settings file Default: Ignoring cortex-debug.armToolchainPath.osx as cortex-debug.armToolchainPath is null
Conflict in settings file Default: Ignoring cortex-debug.armToolchainPath.windows as cortex-debug.armToolchainPath is null
2026-02-07 16:03:32 2026-02-07T16:03:32.608Z root ERROR [hosted-plugin: 2038] Conflict in settings file Default: Ignoring cortex-debug.JLinkGDBServerPath.linux as cortex-debug.JLinkGDBServerPath is null
Conflict in settings file Default: Ignoring cortex-debug.JLinkGDBServerPath.osx as cortex-debug.JLinkGDBServerPath is null
2026-02-07 16:03:32 2026-02-07T16:03:32.608Z root ERROR [hosted-plugin: 2038] Conflict in settings file Default: Ignoring cortex-debug.JLinkGDBServerPath.windows as cortex-debug.JLinkGDBServerPath is null
2026-02-07 16:03:32 2026-02-07T16:03:32.608Z root ERROR [hosted-plugin: 2038] Conflict in settings file Default: Ignoring cortex-debug.openocdPath.linux as cortex-debug.openocdPath is null
2026-02-07 16:03:32 2026-02-07T16:03:32.608Z root ERROR [hosted-plugin: 2038] Conflict in settings file Default: Ignoring cortex-debug.openocdPath.osx as cortex-debug.openocdPath is null
2026-02-07 16:03:32 2026-02-07T16:03:32.608Z root ERROR [hosted-plugin: 2038] Conflict in settings file Default: Ignoring cortex-debug.openocdPath.windows as cortex-debug.openocdPath is null
2026-02-07 16:03:32 2026-02-07T16:03:32.608Z root ERROR [hosted-plugin: 2038] Conflict in settings file Default: Ignoring cortex-debug.pyocdPath.linux as cortex-debug.pyocdPath is null
2026-02-07 16:03:32 2026-02-07T16:03:32.608Z root ERROR [hosted-plugin: 2038] Conflict in settings file Default: Ignoring cortex-debug.pyocdPath.osx as cortex-debug.pyocdPath is null
2026-02-07 16:03:32 2026-02-07T16:03:32.608Z root ERROR [hosted-plugin: 2038] Conflict in settings file Default: Ignoring cortex-debug.pyocdPath.windows as cortex-debug.pyocdPath is null
Conflict in settings file Default: Ignoring cortex-debug.PEGDBServerPath.linux as cortex-debug.PEGDBServerPath is null
2026-02-07 16:03:32 2026-02-07T16:03:32.608Z root ERROR [hosted-plugin: 2038] Conflict in settings file Default: Ignoring cortex-debug.PEGDBServerPath.osx as cortex-debug.PEGDBServerPath is null
Conflict in settings file Default: Ignoring cortex-debug.PEGDBServerPath.windows as cortex-debug.PEGDBServerPath is null
2026-02-07 16:03:32 2026-02-07T16:03:32.608Z root ERROR [hosted-plugin: 2038] Conflict in settings file Default: Ignoring cortex-debug.stutilPath.linux as cortex-debug.stutilPath is null
Conflict in settings file Default: Ignoring cortex-debug.stutilPath.osx as cortex-debug.stutilPath is null
2026-02-07 16:03:32 2026-02-07T16:03:32.608Z root ERROR [hosted-plugin: 2038] Conflict in settings file Default: Ignoring cortex-debug.stutilPath.windows as cortex-debug.stutilPath is null
Conflict in settings file Default: Ignoring cortex-debug.stlinkPath.linux as cortex-debug.stlinkPath is null
Conflict in settings file Default: Ignoring cortex-debug.stlinkPath.osx as cortex-debug.stlinkPath is null
2026-02-07 16:03:32 2026-02-07T16:03:32.608Z root ERROR [hosted-plugin: 2038] Conflict in settings file Default: Ignoring cortex-debug.stlinkPath.windows as cortex-debug.stlinkPath is null
Conflict in settings file Default: Ignoring cortex-debug.stm32cubeprogrammer.linux as cortex-debug.stm32cubeprogrammer is null
Conflict in settings file Default: Ignoring cortex-debug.stm32cubeprogrammer.osx as cortex-debug.stm32cubeprogrammer is null
2026-02-07 16:03:32 2026-02-07T16:03:32.608Z root ERROR [hosted-plugin: 2038] Conflict in settings file Default: Ignoring cortex-debug.stm32cubeprogrammer.windows as cortex-debug.stm32cubeprogrammer is null
2026-02-07 16:03:32 2026-02-07T16:03:32.652Z root INFO [hosted-plugin: 2038] PLUGIN_HOST(2038): PluginManagerExtImpl/init()
2026-02-07 16:03:32 2026-02-07T16:03:32.653Z root INFO [hosted-plugin: 2038] PLUGIN_HOST(2038): initializing(vscode-arduino-api@0.1.2 with /opt/arduino-ide/resources/app/lib/backend/plugin-vscode-init)
2026-02-07 16:03:32 2026-02-07T16:03:32.695Z root INFO [hosted-plugin: 2038] PLUGIN_HOST(2038): initializing(json-language-features@1.88.1 with /opt/arduino-ide/resources/app/lib/backend/plugin-vscode-init)
2026-02-07 16:03:32 2026-02-07T16:03:32.697Z root INFO [hosted-plugin: 2038] PLUGIN_HOST(2038): initializing(cortex-debug@1.5.1 with /opt/arduino-ide/resources/app/lib/backend/plugin-vscode-init)
2026-02-07 16:03:32 2026-02-07T16:03:32.700Z root INFO [hosted-plugin: 2038] Debugger contribution has been registered: cortex-debug
PLUGIN_HOST(2038): initializing(vscode-arduino-tools@0.1.3 with /opt/arduino-ide/resources/app/lib/backend/plugin-vscode-init)
PLUGIN_HOST(2038): initializing(cpp@1.88.1 with /opt/arduino-ide/resources/app/lib/backend/plugin-vscode-init)
PLUGIN_HOST(2038): initializing(json@1.88.1 with /opt/arduino-ide/resources/app/lib/backend/plugin-vscode-init)
PLUGIN_HOST(2038): initializing(vscode-language-pack-bg@1.48.3 with /opt/arduino-ide/resources/app/lib/backend/plugin-vscode-init)
2026-02-07 16:03:32 2026-02-07T16:03:32.700Z root INFO [hosted-plugin: 2038] PLUGIN_HOST(2038): initializing(vscode-language-pack-cs@1.96.0 with /opt/arduino-ide/resources/app/lib/backend/plugin-vscode-init)
2026-02-07 16:03:32 2026-02-07T16:03:32.702Z root INFO [hosted-plugin: 2038] PLUGIN_HOST(2038): initializing(vscode-language-pack-de@1.96.0 with /opt/arduino-ide/resources/app/lib/backend/plugin-vscode-init)
2026-02-07 16:03:32 2026-02-07T16:03:32.703Z root INFO [hosted-plugin: 2038] PLUGIN_HOST(2038): initializing(vscode-language-pack-es@1.96.0 with /opt/arduino-ide/resources/app/lib/backend/plugin-vscode-init)
2026-02-07 16:03:32 2026-02-07T16:03:32.703Z root INFO [hosted-plugin: 2038] PLUGIN_HOST(2038): initializing(vscode-language-pack-fr@1.96.0 with /opt/arduino-ide/resources/app/lib/backend/plugin-vscode-init)
2026-02-07 16:03:32 2026-02-07T16:03:32.703Z root INFO [hosted-plugin: 2038] PLUGIN_HOST(2038): initializing(vscode-language-pack-hu@1.48.3 with /opt/arduino-ide/resources/app/lib/backend/plugin-vscode-init)
2026-02-07 16:03:32 2026-02-07T16:03:32.703Z root INFO [hosted-plugin: 2038] PLUGIN_HOST(2038): initializing(vscode-language-pack-it@1.96.0 with /opt/arduino-ide/resources/app/lib/backend/plugin-vscode-init)
2026-02-07 16:03:32 2026-02-07T16:03:32.704Z root INFO [hosted-plugin: 2038] PLUGIN_HOST(2038): initializing(vscode-language-pack-ja@1.96.0 with /opt/arduino-ide/resources/app/lib/backend/plugin-vscode-init)
2026-02-07 16:03:32 2026-02-07T16:03:32.704Z root INFO [hosted-plugin: 2038] PLUGIN_HOST(2038): initializing(vscode-language-pack-ko@1.96.0 with /opt/arduino-ide/resources/app/lib/backend/plugin-vscode-init)
2026-02-07 16:03:32 2026-02-07T16:03:32.704Z root INFO [hosted-plugin: 2038] PLUGIN_HOST(2038): initializing(vscode-language-pack-nl@1.48.3 with /opt/arduino-ide/resources/app/lib/backend/plugin-vscode-init)
2026-02-07 16:03:32 2026-02-07T16:03:32.704Z root INFO [hosted-plugin: 2038] PLUGIN_HOST(2038): initializing(vscode-language-pack-pl@1.96.0 with /opt/arduino-ide/resources/app/lib/backend/plugin-vscode-init)
2026-02-07 16:03:32 2026-02-07T16:03:32.704Z root INFO [hosted-plugin: 2038] PLUGIN_HOST(2038): initializing(vscode-language-pack-pt-BR@1.96.0 with /opt/arduino-ide/resources/app/lib/backend/plugin-vscode-init)
2026-02-07 16:03:32 2026-02-07T16:03:32.705Z root INFO [hosted-plugin: 2038] PLUGIN_HOST(2038): initializing(vscode-language-pack-ru@1.96.0 with /opt/arduino-ide/resources/app/lib/backend/plugin-vscode-init)
2026-02-07 16:03:32 2026-02-07T16:03:32.705Z root INFO [hosted-plugin: 2038] PLUGIN_HOST(2038): initializing(vscode-language-pack-tr@1.96.0 with /opt/arduino-ide/resources/app/lib/backend/plugin-vscode-init)
2026-02-07 16:03:32 2026-02-07T16:03:32.706Z root INFO [hosted-plugin: 2038] PLUGIN_HOST(2038): initializing(vscode-language-pack-uk@1.48.3 with /opt/arduino-ide/resources/app/lib/backend/plugin-vscode-init)
2026-02-07 16:03:32 2026-02-07T16:03:32.706Z root INFO [hosted-plugin: 2038] PLUGIN_HOST(2038): initializing(vscode-language-pack-zh-hans@1.96.0 with /opt/arduino-ide/resources/app/lib/backend/plugin-vscode-init)
2026-02-07 16:03:32 2026-02-07T16:03:32.706Z root INFO [hosted-plugin: 2038] PLUGIN_HOST(2038): initializing(vscode-language-pack-zh-hant@1.96.0 with /opt/arduino-ide/resources/app/lib/backend/plugin-vscode-init)
2026-02-07 16:03:32 2026-02-07T16:03:32.860Z root INFO Frontend application start: 1206.2 ms [Finished 11.707 s after backend start]
2026-02-07 16:03:32 2026-02-07T16:03:32.871Z root INFO Replace loading indicator with ready workbench UI (animation): 953.6 ms [Finished 2.476 s after frontend start]
2026-02-07 16:03:32 2026-02-07T16:03:32.872Z root INFO Changed application state from 'initialized_layout' to 'ready'.
2026-02-07 16:03:32 2026-02-07T16:03:32.872Z root WARN Linked preference "workbench.colorCustomizations" not found.
2026-02-07 16:03:32 2026-02-07T16:03:32.875Z sketches-service WARN Mismatching sketch file <led.ino> and sketch folder name <practice>. Skipping
2026-02-07 16:03:32 2026-02-07T16:03:32.899Z root INFO Executing startup tasks:
2026-02-07 16:03:32 2026-02-07T16:03:32.899Z root INFO  - 'arduino-use-inherited-boards-data' , args: [{"fqbn":"esp32:esp32:esp32h2","data":{"configOptions":[{"label":"Upload Speed","option":"UploadSpeed","values":[{"value":"921600","label":"921600","selected":true},{"value":"115200","label":"115200","selected":false},{"value":"230400","label":"230400","selected":false},{"value":"460800","label":"460800","selected":false}]},{"label":"USB CDC On Boot","option":"CDCOnBoot","values":[{"value":"default","label":"Disabled","selected":true},{"value":"cdc","label":"Enabled","selected":false}]},{"label":"Flash Frequency","option":"FlashFreq","values":[{"value":"64","label":"64MHz","selected":true},{"value":"16","label":"16MHz","selected":false}]},{"label":"Flash Mode","option":"FlashMode","values":[{"value":"qio","label":"QIO","selected":true},{"value":"dio","label":"DIO","selected":false}]},{"label":"Flash Size","option":"FlashSize","values":[{"value":"4M","label":"4MB (32Mb)","selected":true},{"value":"8M","label":"8MB (64Mb)","selected":false},{"value":"2M","label":"2MB (16Mb)","selected":false},{"value":"16M","label":"16MB (128Mb)","selected":false}]},{"label":"Partition Scheme","option":"PartitionScheme","values":[{"value":"default","label":"Default 4MB with spiffs (1.2MB APP/1.5MB SPIFFS)","selected":true},{"value":"defaultffat","label":"Default 4MB with ffat (1.2MB APP/1.5MB FATFS)","selected":false},{"value":"default_8MB","label":"8M with spiffs (3MB APP/1.5MB SPIFFS)","selected":false},{"value":"minimal","label":"Minimal (1.3MB APP/700KB SPIFFS)","selected":false},{"value":"no_fs","label":"No FS 4MB (2MB APP x2)","selected":false},{"value":"no_ota","label":"No OTA (2MB APP/2MB SPIFFS)","selected":false},{"value":"noota_3g","label":"No OTA (1MB APP/3MB SPIFFS)","selected":false},{"value":"noota_ffat","label":"No OTA (2MB APP/2MB FATFS)","selected":false},{"value":"noota_3gffat","label":"No OTA (1MB APP/3MB FATFS)","selected":false},{"value":"huge_app","label":"Huge APP (3MB No OTA/1MB SPIFFS)","selected":false},{"value":"min_spiffs","label":"Minimal SPIFFS (1.9MB APP with OTA/128KB SPIFFS)","selected":false},{"value":"fatflash","label":"16M Flash (2MB APP/12.5MB FATFS)","selected":false},{"value":"app3M_fat9M_16MB","label":"16M Flash (3MB APP/9.9MB FATFS)","selected":false},{"value":"zigbee_2MB","label":"Zigbee 2MB with spiffs","selected":false},{"value":"zigbee","label":"Zigbee 4MB with spiffs","selected":false},{"value":"zigbee_8MB","label":"Zigbee 8MB with spiffs","selected":false},{"value":"zigbee_zczr_2MB","label":"Zigbee ZCZR 2MB with spiffs","selected":false},{"value":"zigbee_zczr","label":"Zigbee ZCZR 4MB with spiffs","selected":false},{"value":"zigbee_zczr_8MB","label":"Zigbee ZCZR 8MB with spiffs","selected":false},{"value":"custom","label":"Custom","selected":false}]},{"label":"Core Debug Level","option":"DebugLevel","values":[{"value":"none","label":"None","selected":true},{"value":"error","label":"Error","selected":false},{"value":"warn","label":"Warn","selected":false},{"value":"info","label":"Info","selected":false},{"value":"debug","label":"Debug","selected":false},{"value":"verbose","label":"Verbose","selected":false}]},{"label":"Erase All Flash Before Sketch Upload","option":"EraseFlash","values":[{"value":"none","label":"Disabled","selected":true},{"value":"all","label":"Enabled","selected":false}]},{"label":"JTAG Adapter","option":"JTAGAdapter","values":[{"value":"default","label":"Disabled","selected":true},{"value":"builtin","label":"Integrated USB JTAG","selected":false},{"value":"external","label":"FTDI Adapter","selected":false},{"value":"bridge","label":"ESP USB Bridge","selected":false}]},{"label":"Zigbee Mode","option":"ZigbeeMode","values":[{"value":"default","label":"Disabled","selected":true},{"value":"ed","label":"Zigbee ED (end device)","selected":false},{"value":"zczr","label":"Zigbee ZCZR (coordinator/router)","selected":false},{"value":"ed_debug","label":"Zigbee ED (end device) - Debug","selected":false},{"value":"zczr_debug","label":"Zigbee ZCZR (coordinator/router) - Debug","selected":false}]}],"programmers":[{"id":"esptool","name":"Esptool","platform":"esp32:esp32@3.3.6"}]}}]
2026-02-07 16:03:32 2026-02-07T16:03:32.899Z root INFO  - 'arduino-use-inherited-boards-config' , args: [{"selectedBoard":{"name":"ESP32H2 Dev Module","fqbn":"esp32:esp32:esp32h2"},"selectedPort":{"protocol":"serial","address":"/dev/ttyACM0"}},{"arduino+serial:///dev/ttyACM0":{"name":"ESP32H2 Dev Module","fqbn":"esp32:esp32:esp32h2"},"arduino+serial:///dev/ttyS0":{"name":"ESP32H2 Dev Module","fqbn":"esp32:esp32:esp32h2"},"arduino+serial:///dev/ttyUSB0":{"name":"ESP32H2 Dev Module","fqbn":"esp32:esp32:esp32h2"}}]
2026-02-07 16:03:32 2026-02-07T16:03:32.920Z sketches-service WARN Mismatching sketch file <led.ino> and sketch folder name <practice>. Skipping
2026-02-07 16:03:32 2026-02-07T16:03:32.920Z sketches-service WARN Mismatching sketch file <led.ino> and sketch folder name <practice>. Skipping
2026-02-07 16:03:32 2026-02-07T16:03:32.948Z root INFO [hosted-plugin: 2038] PLUGIN_HOST(2038): PluginManagerExtImpl/loadPlugin(/opt/arduino-ide/resources/app/plugins/vscode-builtin-json-language-features/extension/client/dist/node/jsonClientMain)
2026-02-07 16:03:33 2026-02-07T16:03:33.064Z root INFO [hosted-plugin: 2038] PLUGIN_HOST(2038): PluginManagerExtImpl/loadPlugin(/opt/arduino-ide/resources/app/plugins/vscode-arduino-api/extension/dist/extension.js)
calling activation function on Arduino IDE API for VS Code extensions
2026-02-07 16:03:33 2026-02-07T16:03:33.068Z daemon INFO time="2026-02-07T16:03:33Z" level=info msg="Tool required for debug" tool="arduino:dfu-util@0.11.0-arduino5"
time="2026-02-07T16:03:33Z" level=info msg="Tool required for debug" tool="esp32:esp-rv32@2511"
time="2026-02-07T16:03:33Z" level=info msg="Tool required for debug" tool="esp32:esp-x32@2511"
time="2026-02-07T16:03:33Z" level=info msg="Tool required for debug" tool="esp32:esp32-libs@3.3.6"
time="2026-02-07T16:03:33Z" level=info msg="Tool required for debug" tool="esp32:esp32c3-libs@3.3.6"
time="2026-02-07T16:03:33Z" level=info msg="Tool required for debug" tool="esp32:esp32c5-libs@3.3.6"
time="2026-02-07T16:03:33Z" level=info msg="Tool required for debug" tool="esp32:esp32c6-libs@3.3.6"
time="2026-02-07T16:03:33Z" level=info msg="Tool required for debug" tool="esp32:esp32h2-libs@3.3.6"
time="2026-02-07T16:03:33Z" level=info msg="Tool required for debug" tool="esp32:esp32p4-libs@3.3.6"
time="2026-02-07T16:03:33Z" level=info msg="Tool required for debug" tool="esp32:esp32p4_es-libs@3.3.6"
time="2026-02-07T16:03:33Z" level=info msg="Tool required for debug" tool="esp32:esp32s2-libs@3.3.6"
time="2026-02-07T16:03:33Z" level=info msg="Tool required for debug" tool="esp32:esp32s3-libs@3.3.6"
time="2026-02-07T16:03:33Z" level=info msg="Tool required for debug" tool="esp32:esptool_py@5.1.0"
time="2026-02-07T16:03:33Z" level=info msg="Tool required for debug" tool="esp32:mklittlefs@4.0.2-db0513a"
time="2026-02-07T16:03:33Z" level=info msg="Tool required for debug" tool="esp32:mkspiffs@0.2.3"
time="2026-02-07T16:03:33Z" level=info msg="Tool required for debug" tool="esp32:openocd-esp32@v0.12.0-esp32-20251215"
time="2026-02-07T16:03:33Z" level=info msg="Tool required for debug" tool="esp32:riscv32-esp-elf-gdb@16.3_20250913"
time="2026-02-07T16:03:33Z" level=info msg="Tool required for debug" tool="esp32:xtensa-esp-elf-gdb@16.3_20250913"
time="2026-02-07T16:03:33Z" level=info msg="Tool required for debug" tool="builtin:serial-monitor@0.15.0"
time="2026-02-07T16:03:33Z" level=info msg="Tool required for debug" tool="builtin:ctags@5.8-arduino11"
time="2026-02-07T16:03:33Z" level=info msg="Tool required for debug" tool="arduino:avrdude@8.0.0-arduino1"
time="2026-02-07T16:03:33Z" level=info msg="Tool required for debug" tool="builtin:mdns-discovery@1.0.12"
time="2026-02-07T16:03:33Z" level=info msg="Tool required for debug" tool="builtin:serial-discovery@1.4.3"
time="2026-02-07T16:03:33Z" level=info msg="Tool required for debug" tool="builtin:dfu-discovery@0.1.2"
time="2026-02-07T16:03:33Z" level=info msg="Tool required for debug" tool="arduino:arduinoOTA@1.3.0"
time="2026-02-07T16:03:33Z" level=info msg="Tool required for debug" tool="arduino:avr-gcc@7.3.0-atmel3.6.1-arduino7"
time="2026-02-07T16:03:33Z" level=info msg="Tool required for debug" tool="arduino:dfu-util@0.11.0-arduino5"
time="2026-02-07T16:03:33Z" level=info msg="Tool required for debug" tool="esp32:esp-rv32@2511"
time="2026-02-07T16:03:33Z" level=info msg="Tool required for debug" tool="esp32:esp-x32@2511"
time="2026-02-07T16:03:33Z" level=info msg="Tool required for debug" tool="esp32:esp32-libs@3.3.6"
time="2026-02-07T16:03:33Z" level=info msg="Tool required for debug" tool="esp32:esp32c3-libs@3.3.6"
time="2026-02-07T16:03:33Z" level=info msg="Tool required for debug" tool="esp32:esp32c5-libs@3.3.6"
time="2026-02-07T16:03:33Z" level=info msg="Tool required for debug" tool="esp32:esp32c6-libs@3.3.6"
time="2026-02-07T16:03:33Z" level=info msg="Tool required for debug" tool="esp32:esp32h2-libs@3.3.6"
time="2026-02-07T16:03:33Z" level=info msg="Tool required for debug" tool="esp32:esp32p4-libs@3.3.6"
time="2026-02-07T16:03:33Z" level=info msg="Tool required for debug" tool="esp32:esp32p4_es-libs@3.3.6"
time="2026-02-07T16:03:33Z" level=info msg="Tool required for debug" tool="esp32:esp32s2-libs@3.3.6"
time="2026-02-07T16:03:33Z" level=info msg="Tool required for debug" tool="esp32:esp32s3-libs@3.3.6"
time="2026-02-07T16:03:33Z" level=info msg="Tool required for debug" tool="esp32:esptool_py@5.1.0"
time="2026-02-07T16:03:33Z" level=info msg="Tool required for debug" tool="esp32:mklittlefs@4.0.2-db0513a"
time="2026-02-07T16:03:33Z" level=info msg="Tool required for debug" tool="esp32:mkspiffs@0.2.3"
time="2026-02-07T16:03:33Z" level=info msg="Tool required for debug" tool="esp32:openocd-esp32@v0.12.0-esp32-20251215"
time="2026-02-07T16:03:33Z" level=info msg="Tool required for debug" tool="esp32:riscv32-esp-elf-gdb@16.3_20250913"
time="2026-02-07T16:03:33Z" level=info msg="Tool required for debug" tool="esp32:xtensa-esp-elf-gdb@16.3_20250913"
time="2026-02-07T16:03:33Z" level=info msg="Tool required for debug" tool="arduino:avr-gcc@7.3.0-atmel3.6.1-arduino7"
time="2026-02-07T16:03:33Z" level=info msg="Tool required for debug" tool="arduino:avrdude@8.0.0-arduino1"
time="2026-02-07T16:03:33Z" level=info msg="Tool required for debug" tool="builtin:mdns-discovery@1.0.12"
time="2026-02-07T16:03:33Z" level=info msg="Tool required for debug" tool="builtin:serial-monitor@0.15.0"
time="2026-02-07T16:03:33Z" level=info msg="Tool required for debug" tool="builtin:ctags@5.8-arduino11"
time="2026-02-07T16:03:33Z" level=info msg="Tool required for debug" tool="builtin:dfu-discovery@0.1.2"
time="2026-02-07T16:03:33Z" level=info msg="Tool required for debug" tool="arduino:arduinoOTA@1.3.0"
time="2026-02-07T16:03:33Z" level=info msg="Tool required for debug" tool="builtin:serial-discovery@1.4.3"
2026-02-07 16:03:33 2026-02-07T16:03:33.069Z daemon INFO time="2026-02-07T16:03:33Z" level=info msg="Tool required for debug" tool="arduino:dfu-util@0.11.0-arduino5"
time="2026-02-07T16:03:33Z" level=info msg="Tool required for debug" tool="esp32:esp-rv32@2511"
time="2026-02-07T16:03:33Z" level=info msg="Tool required for debug" tool="esp32:esp-x32@2511"
time="2026-02-07T16:03:33Z" level=info msg="Tool required for debug" tool="esp32:esp32-libs@3.3.6"
time="2026-02-07T16:03:33Z" level=info msg="Tool required for debug" tool="esp32:esp32c3-libs@3.3.6"
time="2026-02-07T16:03:33Z" level=info msg="Tool required for debug" tool="esp32:esp32c5-libs@3.3.6"
time="2026-02-07T16:03:33Z" level=info msg="Tool required for debug" tool="esp32:esp32c6-libs@3.3.6"
time="2026-02-07T16:03:33Z" level=info msg="Tool required for debug" tool="esp32:esp32h2-libs@3.3.6"
time="2026-02-07T16:03:33Z" level=info msg="Tool required for debug" tool="esp32:esp32p4-libs@3.3.6"
time="2026-02-07T16:03:33Z" level=info msg="Tool required for debug" tool="esp32:esp32p4_es-libs@3.3.6"
time="2026-02-07T16:03:33Z" level=info msg="Tool required for debug" tool="esp32:esp32s2-libs@3.3.6"
time="2026-02-07T16:03:33Z" level=info msg="Tool required for debug" tool="esp32:esp32s3-libs@3.3.6"
time="2026-02-07T16:03:33Z" level=info msg="Tool required for debug" tool="esp32:esptool_py@5.1.0"
time="2026-02-07T16:03:33Z" level=info msg="Tool required for debug" tool="esp32:mklittlefs@4.0.2-db0513a"
time="2026-02-07T16:03:33Z" level=info msg="Tool required for debug" tool="esp32:mkspiffs@0.2.3"
time="2026-02-07T16:03:33Z" level=info msg="Tool required for debug" tool="esp32:openocd-esp32@v0.12.0-esp32-20251215"
time="2026-02-07T16:03:33Z" level=info msg="Tool required for debug" tool="esp32:riscv32-esp-elf-gdb@16.3_20250913"
time="2026-02-07T16:03:33Z" level=info msg="Tool required for debug" tool="esp32:xtensa-esp-elf-gdb@16.3_20250913"
time="2026-02-07T16:03:33Z" level=info msg="Tool required for debug" tool="arduino:avr-gcc@7.3.0-atmel3.6.1-arduino7"
time="2026-02-07T16:03:33Z" level=info msg="Tool required for debug" tool="arduino:avrdude@8.0.0-arduino1"
time="2026-02-07T16:03:33Z" level=info msg="Tool required for debug" tool="builtin:mdns-discovery@1.0.12"
time="2026-02-07T16:03:33Z" level=info msg="Tool required for debug" tool="arduino:arduinoOTA@1.3.0"
time="2026-02-07T16:03:33Z" level=info msg="Tool required for debug" tool="builtin:serial-monitor@0.15.0"
time="2026-02-07T16:03:33Z" level=info msg="Tool required for debug" tool="builtin:dfu-discovery@0.1.2"
time="2026-02-07T16:03:33Z" level=info msg="Tool required for debug" tool="builtin:ctags@5.8-arduino11"
time="2026-02-07T16:03:33Z" level=info msg="Tool required for debug" tool="builtin:serial-discovery@1.4.3"
time="2026-02-07T16:03:33Z" level=info msg="Tool required for debug" tool="arduino:dfu-util@0.11.0-arduino5"
time="2026-02-07T16:03:33Z" level=info msg="Tool required for debug" tool="esp32:esp-rv32@2511"
time="2026-02-07T16:03:33Z" level=info msg="Tool required for debug" tool="esp32:esp-x32@2511"
time="2026-02-07T16:03:33Z" level=info msg="Tool required for debug" tool="esp32:esp32-libs@3.3.6"
time="2026-02-07T16:03:33Z" level=info msg="Tool required for debug" tool="esp32:esp32c3-libs@3.3.6"
time="2026-02-07T16:03:33Z" level=info msg="Tool required for debug" tool="esp32:esp32c5-libs@3.3.6"
time="2026-02-07T16:03:33Z" level=info msg="Tool required for debug" tool="esp32:esp32c6-libs@3.3.6"
time="2026-02-07T16:03:33Z" level=info msg="Tool required for debug" tool="esp32:esp32h2-libs@3.3.6"
time="2026-02-07T16:03:33Z" level=info msg="Tool required for debug" tool="esp32:esp32p4-libs@3.3.6"
time="2026-02-07T16:03:33Z" level=info msg="Tool required for debug" tool="esp32:esp32p4_es-libs@3.3.6"
time="2026-02-07T16:03:33Z" level=info msg="Tool required for debug" tool="esp32:esp32s2-libs@3.3.6"
time="2026-02-07T16:03:33Z" level=info msg="Tool required for debug" tool="esp32:esp32s3-libs@3.3.6"
time="2026-02-07T16:03:33Z" level=info msg="Tool required for debug" tool="esp32:esptool_py@5.1.0"
time="2026-02-07T16:03:33Z" level=info msg="Tool required for debug" tool="esp32:mklittlefs@4.0.2-db0513a"
time="2026-02-07T16:03:33Z" level=info msg="Tool required for debug" tool="esp32:mkspiffs@0.2.3"
time="2026-02-07T16:03:33Z" level=info msg="Tool required for debug" tool="esp32:openocd-esp32@v0.12.0-esp32-20251215"
time="2026-02-07T16:03:33Z" level=info msg="Tool required for debug" tool="esp32:riscv32-esp-elf-gdb@16.3_20250913"
time="2026-02-07T16:03:33Z" level=info msg="Tool required for debug" tool="esp32:xtensa-esp-elf-gdb@16.3_20250913"
time="2026-02-07T16:03:33Z" level=info msg="Tool required for debug" tool="builtin:mdns-discovery@1.0.12"
time="2026-02-07T16:03:33Z" level=info msg="Tool required for debug" tool="builtin:serial-discovery@1.4.3"
time="2026-02-07T16:03:33Z" level=info msg="Tool required for debug" tool="builtin:serial-monitor@0.15.0"
time="2026-02-07T16:03:33Z" level=info msg="Tool required for debug" tool="builtin:ctags@5.8-arduino11"
time="2026-02-07T16:03:33Z" level=info msg="Tool required for debug" tool="arduino:arduinoOTA@1.3.0"
time="2026-02-07T16:03:33Z" level=info msg="Tool required for debug" tool="arduino:avrdude@8.0.0-arduino1"
time="2026-02-07T16:03:33Z" level=info msg="Tool required for debug" tool="arduino:avr-gcc@7.3.0-atmel3.6.1-arduino7"
time="2026-02-07T16:03:33Z" level=info msg="Tool required for debug" tool="builtin:dfu-discovery@0.1.2"
2026-02-07 16:03:33 2026-02-07T16:03:33.070Z daemon INFO time="2026-02-07T16:03:33Z" level=info msg="Tool required for debug" tool="arduino:dfu-util@0.11.0-arduino5"
time="2026-02-07T16:03:33Z" level=info msg="Tool required for debug" tool="esp32:esp-rv32@2511"
time="2026-02-07T16:03:33Z" level=info msg="Tool required for debug" tool="esp32:esp-x32@2511"
time="2026-02-07T16:03:33Z" level=info msg="Tool required for debug" tool="esp32:esp32-libs@3.3.6"
time="2026-02-07T16:03:33Z" level=info msg="Tool required for debug" tool="esp32:esp32c3-libs@3.3.6"
time="2026-02-07T16:03:33Z" level=info msg="Tool required for debug" tool="esp32:esp32c5-libs@3.3.6"
time="2026-02-07T16:03:33Z" level=info msg="Tool required for debug" tool="esp32:esp32c6-libs@3.3.6"
time="2026-02-07T16:03:33Z" level=info msg="Tool required for debug" tool="esp32:esp32h2-libs@3.3.6"
time="2026-02-07T16:03:33Z" level=info msg="Tool required for debug" tool="esp32:esp32p4-libs@3.3.6"
time="2026-02-07T16:03:33Z" level=info msg="Tool required for debug" tool="esp32:esp32p4_es-libs@3.3.6"
time="2026-02-07T16:03:33Z" level=info msg="Tool required for debug" tool="esp32:esp32s2-libs@3.3.6"
time="2026-02-07T16:03:33Z" level=info msg="Tool required for debug" tool="esp32:esp32s3-libs@3.3.6"
time="2026-02-07T16:03:33Z" level=info msg="Tool required for debug" tool="esp32:esptool_py@5.1.0"
time="2026-02-07T16:03:33Z" level=info msg="Tool required for debug" tool="esp32:mklittlefs@4.0.2-db0513a"
time="2026-02-07T16:03:33Z" level=info msg="Tool required for debug" tool="esp32:mkspiffs@0.2.3"
time="2026-02-07T16:03:33Z" level=info msg="Tool required for debug" tool="esp32:openocd-esp32@v0.12.0-esp32-20251215"
time="2026-02-07T16:03:33Z" level=info msg="Tool required for debug" tool="esp32:riscv32-esp-elf-gdb@16.3_20250913"
time="2026-02-07T16:03:33Z" level=info msg="Tool required for debug" tool="esp32:xtensa-esp-elf-gdb@16.3_20250913"
time="2026-02-07T16:03:33Z" level=info msg="Tool required for debug" tool="arduino:avr-gcc@7.3.0-atmel3.6.1-arduino7"
time="2026-02-07T16:03:33Z" level=info msg="Tool required for debug" tool="builtin:mdns-discovery@1.0.12"
time="2026-02-07T16:03:33Z" level=info msg="Tool required for debug" tool="builtin:serial-monitor@0.15.0"
time="2026-02-07T16:03:33Z" level=info msg="Tool required for debug" tool="arduino:avrdude@8.0.0-arduino1"
time="2026-02-07T16:03:33Z" level=info msg="Tool required for debug" tool="builtin:dfu-discovery@0.1.2"
time="2026-02-07T16:03:33Z" level=info msg="Tool required for debug" tool="arduino:arduinoOTA@1.3.0"
time="2026-02-07T16:03:33Z" level=info msg="Tool required for debug" tool="builtin:serial-discovery@1.4.3"
time="2026-02-07T16:03:33Z" level=info msg="Tool required for debug" tool="builtin:ctags@5.8-arduino11"
2026-02-07 16:03:33 2026-02-07T16:03:33.082Z daemon INFO time="2026-02-07T16:03:33Z" level=info msg="Tool required for debug" tool="arduino:dfu-util@0.11.0-arduino5"
time="2026-02-07T16:03:33Z" level=info msg="Tool required for debug" tool="esp32:esp-rv32@2511"
time="2026-02-07T16:03:33Z" level=info msg="Tool required for debug" tool="esp32:esp-x32@2511"
time="2026-02-07T16:03:33Z" level=info msg="Tool required for debug" tool="esp32:esp32-libs@3.3.6"
time="2026-02-07T16:03:33Z" level=info msg="Tool required for debug" tool="esp32:esp32c3-libs@3.3.6"
time="2026-02-07T16:03:33Z" level=info msg="Tool required for debug" tool="esp32:esp32c5-libs@3.3.6"
time="2026-02-07T16:03:33Z" level=info msg="Tool required for debug" tool="esp32:esp32c6-libs@3.3.6"
time="2026-02-07T16:03:33Z" level=info msg="Tool required for debug" tool="esp32:esp32h2-libs@3.3.6"
time="2026-02-07T16:03:33Z" level=info msg="Tool required for debug" tool="esp32:esp32p4-libs@3.3.6"
time="2026-02-07T16:03:33Z" level=info msg="Tool required for debug" tool="esp32:esp32p4_es-libs@3.3.6"
time="2026-02-07T16:03:33Z" level=info msg="Tool required for debug" tool="esp32:esp32s2-libs@3.3.6"
time="2026-02-07T16:03:33Z" level=info msg="Tool required for debug" tool="esp32:esp32s3-libs@3.3.6"
time="2026-02-07T16:03:33Z" level=info msg="Tool required for debug" tool="esp32:esptool_py@5.1.0"
time="2026-02-07T16:03:33Z" level=info msg="Tool required for debug" tool="esp32:mklittlefs@4.0.2-db0513a"
time="2026-02-07T16:03:33Z" level=info msg="Tool required for debug" tool="esp32:mkspiffs@0.2.3"
time="2026-02-07T16:03:33Z" level=info msg="Tool required for debug" tool="esp32:openocd-esp32@v0.12.0-esp32-20251215"
time="2026-02-07T16:03:33Z" level=info msg="Tool required for debug" tool="esp32:riscv32-esp-elf-gdb@16.3_20250913"
time="2026-02-07T16:03:33Z" level=info msg="Tool required for debug" tool="esp32:xtensa-esp-elf-gdb@16.3_20250913"
time="2026-02-07T16:03:33Z" level=info msg="Tool required for debug" tool="builtin:serial-monitor@0.15.0"
time="2026-02-07T16:03:33Z" level=info msg="Tool required for debug" tool="builtin:dfu-discovery@0.1.2"
time="2026-02-07T16:03:33Z" level=info msg="Tool required for debug" tool="arduino:arduinoOTA@1.3.0"
time="2026-02-07T16:03:33Z" level=info msg="Tool required for debug" tool="arduino:avr-gcc@7.3.0-atmel3.6.1-arduino7"
time="2026-02-07T16:03:33Z" level=info msg="Tool required for debug" tool="arduino:avrdude@8.0.0-arduino1"
time="2026-02-07T16:03:33Z" level=info msg="Tool required for debug" tool="builtin:ctags@5.8-arduino11"
time="2026-02-07T16:03:33Z" level=info msg="Tool required for debug" tool="builtin:mdns-discovery@1.0.12"
time="2026-02-07T16:03:33Z" level=info msg="Tool required for debug" tool="builtin:serial-discovery@1.4.3"
2026-02-07 16:03:33 2026-02-07T16:03:33.083Z daemon INFO time="2026-02-07T16:03:33Z" level=info msg="Tool required for debug" tool="arduino:dfu-util@0.11.0-arduino5"
time="2026-02-07T16:03:33Z" level=info msg="Tool required for debug" tool="esp32:esp-rv32@2511"
time="2026-02-07T16:03:33Z" level=info msg="Tool required for debug" tool="esp32:esp-x32@2511"
time="2026-02-07T16:03:33Z" level=info msg="Tool required for debug" tool="esp32:esp32-libs@3.3.6"
time="2026-02-07T16:03:33Z" level=info msg="Tool required for debug" tool="esp32:esp32c3-libs@3.3.6"
time="2026-02-07T16:03:33Z" level=info msg="Tool required for debug" tool="esp32:esp32c5-libs@3.3.6"
time="2026-02-07T16:03:33Z" level=info msg="Tool required for debug" tool="esp32:esp32c6-libs@3.3.6"
time="2026-02-07T16:03:33Z" level=info msg="Tool required for debug" tool="esp32:esp32h2-libs@3.3.6"
time="2026-02-07T16:03:33Z" level=info msg="Tool required for debug" tool="esp32:esp32p4-libs@3.3.6"
time="2026-02-07T16:03:33Z" level=info msg="Tool required for debug" tool="esp32:esp32p4_es-libs@3.3.6"
time="2026-02-07T16:03:33Z" level=info msg="Tool required for debug" tool="esp32:esp32s2-libs@3.3.6"
time="2026-02-07T16:03:33Z" level=info msg="Tool required for debug" tool="esp32:esp32s3-libs@3.3.6"
time="2026-02-07T16:03:33Z" level=info msg="Tool required for debug" tool="esp32:esptool_py@5.1.0"
time="2026-02-07T16:03:33Z" level=info msg="Tool required for debug" tool="esp32:mklittlefs@4.0.2-db0513a"
time="2026-02-07T16:03:33Z" level=info msg="Tool required for debug" tool="esp32:mkspiffs@0.2.3"
time="2026-02-07T16:03:33Z" level=info msg="Tool required for debug" tool="esp32:openocd-esp32@v0.12.0-esp32-20251215"
time="2026-02-07T16:03:33Z" level=info msg="Tool required for debug" tool="esp32:riscv32-esp-elf-gdb@16.3_20250913"
time="2026-02-07T16:03:33Z" level=info msg="Tool required for debug" tool="esp32:xtensa-esp-elf-gdb@16.3_20250913"
time="2026-02-07T16:03:33Z" level=info msg="Tool required for debug" tool="arduino:avrdude@8.0.0-arduino1"
time="2026-02-07T16:03:33Z" level=info msg="Tool required for debug" tool="builtin:dfu-discovery@0.1.2"
time="2026-02-07T16:03:33Z" level=info msg="Tool required for debug" tool="builtin:serial-discovery@1.4.3"
time="2026-02-07T16:03:33Z" level=info msg="Tool required for debug" tool="builtin:ctags@5.8-arduino11"
time="2026-02-07T16:03:33Z" level=info msg="Tool required for debug" tool="arduino:avr-gcc@7.3.0-atmel3.6.1-arduino7"
time="2026-02-07T16:03:33Z" level=info msg="Tool required for debug" tool="builtin:mdns-discovery@1.0.12"
time="2026-02-07T16:03:33Z" level=info msg="Tool required for debug" tool="builtin:serial-monitor@0.15.0"
time="2026-02-07T16:03:33Z" level=info msg="Tool required for debug" tool="arduino:arduinoOTA@1.3.0"
2026-02-07 16:03:33 2026-02-07T16:03:33.085Z daemon INFO time="2026-02-07T16:03:33Z" level=info msg="Tool required for debug" tool="arduino:dfu-util@0.11.0-arduino5"
time="2026-02-07T16:03:33Z" level=info msg="Tool required for debug" tool="esp32:esp-rv32@2511"
time="2026-02-07T16:03:33Z" level=info msg="Tool required for debug" tool="esp32:esp-x32@2511"
time="2026-02-07T16:03:33Z" level=info msg="Tool required for debug" tool="esp32:esp32-libs@3.3.6"
time="2026-02-07T16:03:33Z" level=info msg="Tool required for debug" tool="esp32:esp32c3-libs@3.3.6"
time="2026-02-07T16:03:33Z" level=info msg="Tool required for debug" tool="esp32:esp32c5-libs@3.3.6"
time="2026-02-07T16:03:33Z" level=info msg="Tool required for debug" tool="esp32:esp32c6-libs@3.3.6"
time="2026-02-07T16:03:33Z" level=info msg="Tool required for debug" tool="esp32:esp32h2-libs@3.3.6"
time="2026-02-07T16:03:33Z" level=info msg="Tool required for debug" tool="esp32:esp32p4-libs@3.3.6"
time="2026-02-07T16:03:33Z" level=info msg="Tool required for debug" tool="esp32:esp32p4_es-libs@3.3.6"
time="2026-02-07T16:03:33Z" level=info msg="Tool required for debug" tool="esp32:esp32s2-libs@3.3.6"
time="2026-02-07T16:03:33Z" level=info msg="Tool required for debug" tool="esp32:esp32s3-libs@3.3.6"
time="2026-02-07T16:03:33Z" level=info msg="Tool required for debug" tool="esp32:esptool_py@5.1.0"
time="2026-02-07T16:03:33Z" level=info msg="Tool required for debug" tool="esp32:mklittlefs@4.0.2-db0513a"
time="2026-02-07T16:03:33Z" level=info msg="Tool required for debug" tool="esp32:mkspiffs@0.2.3"
time="2026-02-07T16:03:33Z" level=info msg="Tool required for debug" tool="esp32:openocd-esp32@v0.12.0-esp32-20251215"
time="2026-02-07T16:03:33Z" level=info msg="Tool required for debug" tool="esp32:riscv32-esp-elf-gdb@16.3_20250913"
time="2026-02-07T16:03:33Z" level=info msg="Tool required for debug" tool="esp32:xtensa-esp-elf-gdb@16.3_20250913"
time="2026-02-07T16:03:33Z" level=info msg="Tool required for debug" tool="builtin:serial-monitor@0.15.0"
time="2026-02-07T16:03:33Z" level=info msg="Tool required for debug" tool="arduino:arduinoOTA@1.3.0"
time="2026-02-07T16:03:33Z" level=info msg="Tool required for debug" tool="builtin:ctags@5.8-arduino11"
time="2026-02-07T16:03:33Z" level=info msg="Tool required for debug" tool="arduino:avr-gcc@7.3.0-atmel3.6.1-arduino7"
time="2026-02-07T16:03:33Z" level=info msg="Tool required for debug" tool="builtin:dfu-discovery@0.1.2"
time="2026-02-07T16:03:33Z" level=info msg="Tool required for debug" tool="builtin:mdns-discovery@1.0.12"
time="2026-02-07T16:03:33Z" level=info msg="Tool required for debug" tool="arduino:avrdude@8.0.0-arduino1"
time="2026-02-07T16:03:33Z" level=info msg="Tool required for debug" tool="builtin:serial-discovery@1.4.3"
time="2026-02-07T16:03:33Z" level=info msg="Tool required for debug" tool="arduino:dfu-util@0.11.0-arduino5"
time="2026-02-07T16:03:33Z" level=info msg="Tool required for debug" tool="esp32:esp-rv32@2511"
time="2026-02-07T16:03:33Z" level=info msg="Tool required for debug" tool="esp32:esp-x32@2511"
time="2026-02-07T16:03:33Z" level=info msg="Tool required for debug" tool="esp32:esp32-libs@3.3.6"
time="2026-02-07T16:03:33Z" level=info msg="Tool required for debug" tool="esp32:esp32c3-libs@3.3.6"
time="2026-02-07T16:03:33Z" level=info msg="Tool required for debug" tool="esp32:esp32c5-libs@3.3.6"
time="2026-02-07T16:03:33Z" level=info msg="Tool required for debug" tool="esp32:esp32c6-libs@3.3.6"
time="2026-02-07T16:03:33Z" level=info msg="Tool required for debug" tool="esp32:esp32h2-libs@3.3.6"
time="2026-02-07T16:03:33Z" level=info msg="Tool required for debug" tool="esp32:esp32p4-libs@3.3.6"
time="2026-02-07T16:03:33Z" level=info msg="Tool required for debug" tool="esp32:esp32p4_es-libs@3.3.6"
time="2026-02-07T16:03:33Z" level=info msg="Tool required for debug" tool="esp32:esp32s2-libs@3.3.6"
time="2026-02-07T16:03:33Z" level=info msg="Tool required for debug" tool="esp32:esp32s3-libs@3.3.6"
time="2026-02-07T16:03:33Z" level=info msg="Tool required for debug" tool="esp32:esptool_py@5.1.0"
time="2026-02-07T16:03:33Z" level=info msg="Tool required for debug" tool="esp32:mklittlefs@4.0.2-db0513a"
time="2026-02-07T16:03:33Z" level=info msg="Tool required for debug" tool="esp32:mkspiffs@0.2.3"
time="2026-02-07T16:03:33Z" level=info msg="Tool required for debug" tool="esp32:openocd-esp32@v0.12.0-esp32-20251215"
time="2026-02-07T16:03:33Z" level=info msg="Tool required for debug" tool="esp32:riscv32-esp-elf-gdb@16.3_20250913"
time="2026-02-07T16:03:33Z" level=info msg="Tool required for debug" tool="esp32:xtensa-esp-elf-gdb@16.3_20250913"
time="2026-02-07T16:03:33Z" level=info msg="Tool required for debug" tool="arduino:arduinoOTA@1.3.0"
time="2026-02-07T16:03:33Z" level=info msg="Tool required for debug" tool="arduino:avrdude@8.0.0-arduino1"
time="2026-02-07T16:03:33Z" level=info msg="Tool required for debug" tool="arduino:avr-gcc@7.3.0-atmel3.6.1-arduino7"
time="2026-02-07T16:03:33Z" level=info msg="Tool required for debug" tool="builtin:serial-discovery@1.4.3"
time="2026-02-07T16:03:33Z" level=info msg="Tool required for debug" tool="builtin:mdns-discovery@1.0.12"
time="2026-02-07T16:03:33Z" level=info msg="Tool required for debug" tool="builtin:serial-monitor@0.15.0"
time="2026-02-07T16:03:33Z" level=info msg="Tool required for debug" tool="builtin:ctags@5.8-arduino11"
time="2026-02-07T16:03:33Z" level=info msg="Tool required for debug" tool="builtin:dfu-discovery@0.1.2"
2026-02-07 16:03:33 2026-02-07T16:03:33.086Z daemon INFO time="2026-02-07T16:03:33Z" level=info msg="Tool required for debug" tool="arduino:dfu-util@0.11.0-arduino5"
time="2026-02-07T16:03:33Z" level=info msg="Tool required for debug" tool="esp32:esp-rv32@2511"
time="2026-02-07T16:03:33Z" level=info msg="Tool required for debug" tool="esp32:esp-x32@2511"
time="2026-02-07T16:03:33Z" level=info msg="Tool required for debug" tool="esp32:esp32-libs@3.3.6"
time="2026-02-07T16:03:33Z" level=info msg="Tool required for debug" tool="esp32:esp32c3-libs@3.3.6"
time="2026-02-07T16:03:33Z" level=info msg="Tool required for debug" tool="esp32:esp32c5-libs@3.3.6"
time="2026-02-07T16:03:33Z" level=info msg="Tool required for debug" tool="esp32:esp32c6-libs@3.3.6"
time="2026-02-07T16:03:33Z" level=info msg="Tool required for debug" tool="esp32:esp32h2-libs@3.3.6"
2026-02-07 16:03:33 2026-02-07T16:03:33.086Z daemon INFO time="2026-02-07T16:03:33Z" level=info msg="Tool required for debug" tool="esp32:esp32p4-libs@3.3.6"
time="2026-02-07T16:03:33Z" level=info msg="Tool required for debug" tool="esp32:esp32p4_es-libs@3.3.6"
time="2026-02-07T16:03:33Z" level=info msg="Tool required for debug" tool="esp32:esp32s2-libs@3.3.6"
time="2026-02-07T16:03:33Z" level=info msg="Tool required for debug" tool="esp32:esp32s3-libs@3.3.6"
time="2026-02-07T16:03:33Z" level=info msg="Tool required for debug" tool="esp32:esptool_py@5.1.0"
time="2026-02-07T16:03:33Z" level=info msg="Tool required for debug" tool="esp32:mklittlefs@4.0.2-db0513a"
time="2026-02-07T16:03:33Z" level=info msg="Tool required for debug" tool="esp32:mkspiffs@0.2.3"
time="2026-02-07T16:03:33Z" level=info msg="Tool required for debug" tool="esp32:openocd-esp32@v0.12.0-esp32-20251215"
time="2026-02-07T16:03:33Z" level=info msg="Tool required for debug" tool="esp32:riscv32-esp-elf-gdb@16.3_20250913"
2026-02-07 16:03:33 2026-02-07T16:03:33.086Z daemon INFO time="2026-02-07T16:03:33Z" level=info msg="Tool required for debug" tool="esp32:xtensa-esp-elf-gdb@16.3_20250913"
time="2026-02-07T16:03:33Z" level=info msg="Tool required for debug" tool="builtin:serial-discovery@1.4.3"
time="2026-02-07T16:03:33Z" level=info msg="Tool required for debug" tool="builtin:dfu-discovery@0.1.2"
time="2026-02-07T16:03:33Z" level=info msg="Tool required for debug" tool="builtin:mdns-discovery@1.0.12"
time="2026-02-07T16:03:33Z" level=info msg="Tool required for debug" tool="builtin:ctags@5.8-arduino11"
time="2026-02-07T16:03:33Z" level=info msg="Tool required for debug" tool="arduino:avrdude@8.0.0-arduino1"
2026-02-07 16:03:33 2026-02-07T16:03:33.086Z daemon INFO time="2026-02-07T16:03:33Z" level=info msg="Tool required for debug" tool="arduino:arduinoOTA@1.3.0"
time="2026-02-07T16:03:33Z" level=info msg="Tool required for debug" tool="arduino:avr-gcc@7.3.0-atmel3.6.1-arduino7"
time="2026-02-07T16:03:33Z" level=info msg="Tool required for debug" tool="builtin:serial-monitor@0.15.0"
2026-02-07 16:03:33 2026-02-07T16:03:33.086Z daemon INFO time="2026-02-07T16:03:33Z" level=info msg="Tool required for debug" tool="arduino:dfu-util@0.11.0-arduino5"
time="2026-02-07T16:03:33Z" level=info msg="Tool required for debug" tool="esp32:esp-rv32@2511"
time="2026-02-07T16:03:33Z" level=info msg="Tool required for debug" tool="esp32:esp-x32@2511"
time="2026-02-07T16:03:33Z" level=info msg="Tool required for debug" tool="esp32:esp32-libs@3.3.6"
time="2026-02-07T16:03:33Z" level=info msg="Tool required for debug" tool="esp32:esp32c3-libs@3.3.6"
time="2026-02-07T16:03:33Z" level=info msg="Tool required for debug" tool="esp32:esp32c5-libs@3.3.6"
time="2026-02-07T16:03:33Z" level=info msg="Tool required for debug" tool="esp32:esp32c6-libs@3.3.6"
time="2026-02-07T16:03:33Z" level=info msg="Tool required for debug" tool="esp32:esp32h2-libs@3.3.6"
2026-02-07 16:03:33 2026-02-07T16:03:33.086Z daemon INFO time="2026-02-07T16:03:33Z" level=info msg="Tool required for debug" tool="esp32:esp32p4-libs@3.3.6"
time="2026-02-07T16:03:33Z" level=info msg="Tool required for debug" tool="esp32:esp32p4_es-libs@3.3.6"
time="2026-02-07T16:03:33Z" level=info msg="Tool required for debug" tool="esp32:esp32s2-libs@3.3.6"
2026-02-07 16:03:33 2026-02-07T16:03:33.086Z daemon INFO time="2026-02-07T16:03:33Z" level=info msg="Tool required for debug" tool="esp32:esp32s3-libs@3.3.6"
time="2026-02-07T16:03:33Z" level=info msg="Tool required for debug" tool="esp32:esptool_py@5.1.0"
time="2026-02-07T16:03:33Z" level=info msg="Tool required for debug" tool="esp32:mklittlefs@4.0.2-db0513a"
time="2026-02-07T16:03:33Z" level=info msg="Tool required for debug" tool="esp32:mkspiffs@0.2.3"
time="2026-02-07T16:03:33Z" level=info msg="Tool required for debug" tool="esp32:openocd-esp32@v0.12.0-esp32-20251215"
time="2026-02-07T16:03:33Z" level=info msg="Tool required for debug" tool="esp32:riscv32-esp-elf-gdb@16.3_20250913"
time="2026-02-07T16:03:33Z" level=info msg="Tool required for debug" tool="esp32:xtensa-esp-elf-gdb@16.3_20250913"
time="2026-02-07T16:03:33Z" level=info msg="Tool required for debug" tool="arduino:avrdude@8.0.0-arduino1"
time="2026-02-07T16:03:33Z" level=info msg="Tool required for debug" tool="builtin:dfu-discovery@0.1.2"
2026-02-07 16:03:33 2026-02-07T16:03:33.086Z daemon INFO time="2026-02-07T16:03:33Z" level=info msg="Tool required for debug" tool="builtin:serial-monitor@0.15.0"
time="2026-02-07T16:03:33Z" level=info msg="Tool required for debug" tool="arduino:avr-gcc@7.3.0-atmel3.6.1-arduino7"
time="2026-02-07T16:03:33Z" level=info msg="Tool required for debug" tool="builtin:serial-discovery@1.4.3"
2026-02-07 16:03:33 2026-02-07T16:03:33.086Z daemon INFO time="2026-02-07T16:03:33Z" level=info msg="Tool required for debug" tool="arduino:arduinoOTA@1.3.0"
time="2026-02-07T16:03:33Z" level=info msg="Tool required for debug" tool="builtin:mdns-discovery@1.0.12"
time="2026-02-07T16:03:33Z" level=info msg="Tool required for debug" tool="builtin:ctags@5.8-arduino11"
2026-02-07 16:03:33 2026-02-07T16:03:33.197Z daemon INFO time="2026-02-07T16:03:33Z" level=info msg="Tool required for debug" tool="arduino:dfu-util@0.11.0-arduino5"
time="2026-02-07T16:03:33Z" level=info msg="Tool required for debug" tool="esp32:esp-rv32@2511"
time="2026-02-07T16:03:33Z" level=info msg="Tool required for debug" tool="esp32:esp-x32@2511"
time="2026-02-07T16:03:33Z" level=info msg="Tool required for debug" tool="esp32:esp32-libs@3.3.6"
time="2026-02-07T16:03:33Z" level=info msg="Tool required for debug" tool="esp32:esp32c3-libs@3.3.6"
time="2026-02-07T16:03:33Z" level=info msg="Tool required for debug" tool="esp32:esp32c5-libs@3.3.6"
time="2026-02-07T16:03:33Z" level=info msg="Tool required for debug" tool="esp32:esp32c6-libs@3.3.6"
time="2026-02-07T16:03:33Z" level=info msg="Tool required for debug" tool="esp32:esp32h2-libs@3.3.6"
time="2026-02-07T16:03:33Z" level=info msg="Tool required for debug" tool="esp32:esp32p4-libs@3.3.6"
time="2026-02-07T16:03:33Z" level=info msg="Tool required for debug" tool="esp32:esp32p4_es-libs@3.3.6"
time="2026-02-07T16:03:33Z" level=info msg="Tool required for debug" tool="esp32:esp32s2-libs@3.3.6"
time="2026-02-07T16:03:33Z" level=info msg="Tool required for debug" tool="esp32:esp32s3-libs@3.3.6"
time="2026-02-07T16:03:33Z" level=info msg="Tool required for debug" tool="esp32:esptool_py@5.1.0"
time="2026-02-07T16:03:33Z" level=info msg="Tool required for debug" tool="esp32:mklittlefs@4.0.2-db0513a"
time="2026-02-07T16:03:33Z" level=info msg="Tool required for debug" tool="esp32:mkspiffs@0.2.3"
time="2026-02-07T16:03:33Z" level=info msg="Tool required for debug" tool="esp32:openocd-esp32@v0.12.0-esp32-20251215"
time="2026-02-07T16:03:33Z" level=info msg="Tool required for debug" tool="esp32:riscv32-esp-elf-gdb@16.3_20250913"
time="2026-02-07T16:03:33Z" level=info msg="Tool required for debug" tool="esp32:xtensa-esp-elf-gdb@16.3_20250913"
time="2026-02-07T16:03:33Z" level=info msg="Tool required for debug" tool="builtin:ctags@5.8-arduino11"
time="2026-02-07T16:03:33Z" level=info msg="Tool required for debug" tool="builtin:dfu-discovery@0.1.2"
time="2026-02-07T16:03:33Z" level=info msg="Tool required for debug" tool="arduino:avrdude@8.0.0-arduino1"
time="2026-02-07T16:03:33Z" level=info msg="Tool required for debug" tool="builtin:serial-discovery@1.4.3"
time="2026-02-07T16:03:33Z" level=info msg="Tool required for debug" tool="builtin:mdns-discovery@1.0.12"
time="2026-02-07T16:03:33Z" level=info msg="Tool required for debug" tool="arduino:avr-gcc@7.3.0-atmel3.6.1-arduino7"
time="2026-02-07T16:03:33Z" level=info msg="Tool required for debug" tool="arduino:arduinoOTA@1.3.0"
time="2026-02-07T16:03:33Z" level=info msg="Tool required for debug" tool="builtin:serial-monitor@0.15.0"
time="2026-02-07T16:03:33Z" level=info msg="Tool required for debug" tool="arduino:dfu-util@0.11.0-arduino5"
time="2026-02-07T16:03:33Z" level=info msg="Tool required for debug" tool="esp32:esp-rv32@2511"
time="2026-02-07T16:03:33Z" level=info msg="Tool required for debug" tool="esp32:esp-x32@2511"
time="2026-02-07T16:03:33Z" level=info msg="Tool required for debug" tool="esp32:esp32-libs@3.3.6"
time="2026-02-07T16:03:33Z" level=info msg="Tool required for debug" tool="esp32:esp32c3-libs@3.3.6"
time="2026-02-07T16:03:33Z" level=info msg="Tool required for debug" tool="esp32:esp32c5-libs@3.3.6"
time="2026-02-07T16:03:33Z" level=info msg="Tool required for debug" tool="esp32:esp32c6-libs@3.3.6"
time="2026-02-07T16:03:33Z" level=info msg="Tool required for debug" tool="esp32:esp32h2-libs@3.3.6"
time="2026-02-07T16:03:33Z" level=info msg="Tool required for debug" tool="esp32:esp32p4-libs@3.3.6"
time="2026-02-07T16:03:33Z" level=info msg="Tool required for debug" tool="esp32:esp32p4_es-libs@3.3.6"
time="2026-02-07T16:03:33Z" level=info msg="Tool required for debug" tool="esp32:esp32s2-libs@3.3.6"
time="2026-02-07T16:03:33Z" level=info msg="Tool required for debug" tool="esp32:esp32s3-libs@3.3.6"
time="2026-02-07T16:03:33Z" level=info msg="Tool required for debug" tool="esp32:esptool_py@5.1.0"
time="2026-02-07T16:03:33Z" level=info msg="Tool required for debug" tool="esp32:mklittlefs@4.0.2-db0513a"
time="2026-02-07T16:03:33Z" level=info msg="Tool required for debug" tool="esp32:mkspiffs@0.2.3"
time="2026-02-07T16:03:33Z" level=info msg="Tool required for debug" tool="esp32:openocd-esp32@v0.12.0-esp32-20251215"
time="2026-02-07T16:03:33Z" level=info msg="Tool required for debug" tool="esp32:riscv32-esp-elf-gdb@16.3_20250913"
time="2026-02-07T16:03:33Z" level=info msg="Tool required for debug" tool="esp32:xtensa-esp-elf-gdb@16.3_20250913"
time="2026-02-07T16:03:33Z" level=info msg="Tool required for debug" tool="builtin:serial-discovery@1.4.3"
time="2026-02-07T16:03:33Z" level=info msg="Tool required for debug" tool="builtin:serial-monitor@0.15.0"
time="2026-02-07T16:03:33Z" level=info msg="Tool required for debug" tool="arduino:arduinoOTA@1.3.0"
time="2026-02-07T16:03:33Z" level=info msg="Tool required for debug" tool="arduino:avrdude@8.0.0-arduino1"
time="2026-02-07T16:03:33Z" level=info msg="Tool required for debug" tool="arduino:avr-gcc@7.3.0-atmel3.6.1-arduino7"
time="2026-02-07T16:03:33Z" level=info msg="Tool required for debug" tool="builtin:ctags@5.8-arduino11"
time="2026-02-07T16:03:33Z" level=info msg="Tool required for debug" tool="builtin:dfu-discovery@0.1.2"
time="2026-02-07T16:03:33Z" level=info msg="Tool required for debug" tool="builtin:mdns-discovery@1.0.12"
time="2026-02-07T16:03:33Z" level=info msg="Tool required for debug" tool="arduino:dfu-util@0.11.0-arduino5"
time="2026-02-07T16:03:33Z" level=info msg="Tool required for debug" tool="esp32:esp-rv32@2511"
time="2026-02-07T16:03:33Z" level=info msg="Tool required for debug" tool="esp32:esp-x32@2511"
time="2026-02-07T16:03:33Z" level=info msg="Tool required for debug" tool="esp32:esp32-libs@3.3.6"
time="2026-02-07T16:03:33Z" level=info msg="Tool required for debug" tool="esp32:esp32c3-libs@3.3.6"
time="2026-02-07T16:03:33Z" level=info msg="Tool required for debug" tool="esp32:esp32c5-libs@3.3.6"
time="2026-02-07T16:03:33Z" level=info msg="Tool required for debug" tool="esp32:esp32c6-libs@3.3.6"
time="2026-02-07T16:03:33Z" level=info msg="Tool required for debug" tool="esp32:esp32h2-libs@3.3.6"
time="2026-02-07T16:03:33Z" level=info msg="Tool required for debug" tool="esp32:esp32p4-libs@3.3.6"
time="2026-02-07T16:03:33Z" level=info msg="Tool required for debug" tool="esp32:esp32p4_es-libs@3.3.6"
time="2026-02-07T16:03:33Z" level=info msg="Tool required for debug" tool="esp32:esp32s2-libs@3.3.6"
time="2026-02-07T16:03:33Z" level=info msg="Tool required for debug" tool="esp32:esp32s3-libs@3.3.6"
time="2026-02-07T16:03:33Z" level=info msg="Tool required for debug" tool="esp32:esptool_py@5.1.0"
time="2026-02-07T16:03:33Z" level=info msg="Tool required for debug" tool="esp32:mklittlefs@4.0.2-db0513a"
time="2026-02-07T16:03:33Z" level=info msg="Tool required for debug" tool="esp32:mkspiffs@0.2.3"
time="2026-02-07T16:03:33Z" level=info msg="Tool required for debug" tool="esp32:openocd-esp32@v0.12.0-esp32-20251215"
time="2026-02-07T16:03:33Z" level=info msg="Tool required for debug" tool="esp32:riscv32-esp-elf-gdb@16.3_20250913"
time="2026-02-07T16:03:33Z" level=info msg="Tool required for debug" tool="esp32:xtensa-esp-elf-gdb@16.3_20250913"
time="2026-02-07T16:03:33Z" level=info msg="Tool required for debug" tool="arduino:avrdude@8.0.0-arduino1"
time="2026-02-07T16:03:33Z" level=info msg="Tool required for debug" tool="builtin:mdns-discovery@1.0.12"
time="2026-02-07T16:03:33Z" level=info msg="Tool required for debug" tool="builtin:serial-monitor@0.15.0"
time="2026-02-07T16:03:33Z" level=info msg="Tool required for debug" tool="builtin:ctags@5.8-arduino11"
time="2026-02-07T16:03:33Z" level=info msg="Tool required for debug" tool="builtin:serial-discovery@1.4.3"
time="2026-02-07T16:03:33Z" level=info msg="Tool required for debug" tool="arduino:arduinoOTA@1.3.0"
time="2026-02-07T16:03:33Z" level=info msg="Tool required for debug" tool="arduino:avr-gcc@7.3.0-atmel3.6.1-arduino7"
time="2026-02-07T16:03:33Z" level=info msg="Tool required for debug" tool="builtin:dfu-discovery@0.1.2"
time="2026-02-07T16:03:33Z" level=info msg="Tool required for debug" tool="arduino:dfu-util@0.11.0-arduino5"
time="2026-02-07T16:03:33Z" level=info msg="Tool required for debug" tool="esp32:esp-rv32@2511"
time="2026-02-07T16:03:33Z" level=info msg="Tool required for debug" tool="esp32:esp-x32@2511"
time="2026-02-07T16:03:33Z" level=info msg="Tool required for debug" tool="esp32:esp32-libs@3.3.6"
time="2026-02-07T16:03:33Z" level=info msg="Tool required for debug" tool="esp32:esp32c3-libs@3.3.6"
time="2026-02-07T16:03:33Z" level=info msg="Tool required for debug" tool="esp32:esp32c5-libs@3.3.6"
time="2026-02-07T16:03:33Z" level=info msg="Tool required for debug" tool="esp32:esp32c6-libs@3.3.6"
time="2026-02-07T16:03:33Z" level=info msg="Tool required for debug" tool="esp32:esp32h2-libs@3.3.6"
time="2026-02-07T16:03:33Z" level=info msg="Tool required for debug" tool="esp32:esp32p4-libs@3.3.6"
time="2026-02-07T16:03:33Z" level=info msg="Tool required for debug" tool="esp32:esp32p4_es-libs@3.3.6"
time="2026-02-07T16:03:33Z" level=info msg="Tool required for debug" tool="esp32:esp32s2-libs@3.3.6"
time="2026-02-07T16:03:33Z" level=info msg="Tool required for debug" tool="esp32:esp32s3-libs@3.3.6"
time="2026-02-07T16:03:33Z" level=info msg="Tool required for debug" tool="esp32:esptool_py@5.1.0"
time="2026-02-07T16:03:33Z" level=info msg="Tool required for debug" tool="esp32:mklittlefs@4.0.2-db0513a"
time="2026-02-07T16:03:33Z" level=info msg="Tool required for debug" tool="esp32:mkspiffs@0.2.3"
time="2026-02-07T16:03:33Z" level=info msg="Tool required for debug" tool="esp32:openocd-esp32@v0.12.0-esp32-20251215"
time="2026-02-07T16:03:33Z" level=info msg="Tool required for debug" tool="esp32:riscv32-esp-elf-gdb@16.3_20250913"
time="2026-02-07T16:03:33Z" level=info msg="Tool required for debug" tool="esp32:xtensa-esp-elf-gdb@16.3_20250913"
time="2026-02-07T16:03:33Z" level=info msg="Tool required for debug" tool="arduino:avrdude@8.0.0-arduino1"
time="2026-02-07T16:03:33Z" level=info msg="Tool required for debug" tool="builtin:serial-monitor@0.15.0"
time="2026-02-07T16:03:33Z" level=info msg="Tool required for debug" tool="builtin:ctags@5.8-arduino11"
time="2026-02-07T16:03:33Z" level=info msg="Tool required for debug" tool="arduino:avr-gcc@7.3.0-atmel3.6.1-arduino7"
time="2026-02-07T16:03:33Z" level=info msg="Tool required for debug" tool="builtin:mdns-discovery@1.0.12"
time="2026-02-07T16:03:33Z" level=info msg="Tool required for debug" tool="builtin:dfu-discovery@0.1.2"
time="2026-02-07T16:03:33Z" level=info msg="Tool required for debug" tool="builtin:serial-discovery@1.4.3"
time="2026-02-07T16:03:33Z" level=info msg="Tool required for debug" tool="arduino:arduinoOTA@1.3.0"
time="2026-02-07T16:03:33Z" level=info msg="Tool required for debug" tool="arduino:dfu-util@0.11.0-arduino5"
time="2026-02-07T16:03:33Z" level=info msg="Tool required for debug" tool="esp32:esp-rv32@2511"
time="2026-02-07T16:03:33Z" level=info msg="Tool required for debug" tool="esp32:esp-x32@2511"
time="2026-02-07T16:03:33Z" level=info msg="Tool required for debug" tool="esp32:esp32-libs@3.3.6"
time="2026-02-07T16:03:33Z" level=info msg="Tool required for debug" tool="esp32:esp32c3-libs@3.3.6"
time="2026-02-07T16:03:33Z" level=info msg="Tool required for debug" tool="esp32:esp32c5-libs@3.3.6"
time="2026-02-07T16:03:33Z" level=info msg="Tool required for debug" tool="esp32:esp32c6-libs@3.3.6"
time="2026-02-07T16:03:33Z" level=info msg="Tool required for debug" tool="esp32:esp32h2-libs@3.3.6"
time="2026-02-07T16:03:33Z" level=info msg="Tool required for debug" tool="esp32:esp32p4-libs@3.3.6"
time="2026-02-07T16:03:33Z" level=info msg="Tool required for debug" tool="esp32:esp32p4_es-libs@3.3.6"
time="2026-02-07T16:03:33Z" level=info msg="Tool required for debug" tool="esp32:esp32s2-libs@3.3.6"
time="2026-02-07T16:03:33Z" level=info msg="Tool required for debug" tool="esp32:esp32s3-libs@3.3.6"
time="2026-02-07T16:03:33Z" level=info msg="Tool required for debug" tool="esp32:esptool_py@5.1.0"
time="2026-02-07T16:03:33Z" level=info msg="Tool required for debug" tool="esp32:mklittlefs@4.0.2-db0513a"
time="2026-02-07T16:03:33Z" level=info msg="Tool required for debug" tool="esp32:mkspiffs@0.2.3"
time="2026-02-07T16:03:33Z" level=info msg="Tool required for debug" tool="esp32:openocd-esp32@v0.12.0-esp32-20251215"
time="2026-02-07T16:03:33Z" level=info msg="Tool required for debug" tool="esp32:riscv32-esp-elf-gdb@16.3_20250913"
time="2026-02-07T16:03:33Z" level=info msg="Tool required for debug" tool="esp32:xtensa-esp-elf-gdb@16.3_20250913"
time="2026-02-07T16:03:33Z" level=info msg="Tool required for debug" tool="builtin:serial-discovery@1.4.3"
time="2026-02-07T16:03:33Z" level=info msg="Tool required for debug" tool="arduino:arduinoOTA@1.3.0"
time="2026-02-07T16:03:33Z" level=info msg="Tool required for debug" tool="arduino:avrdude@8.0.0-arduino1"
time="2026-02-07T16:03:33Z" level=info msg="Tool required for debug" tool="builtin:dfu-discovery@0.1.2"
time="2026-02-07T16:03:33Z" level=info msg="Tool required for debug" tool="arduino:avr-gcc@7.3.0-atmel3.6.1-arduino7"
time="2026-02-07T16:03:33Z" level=info msg="Tool required for debug" tool="builtin:ctags@5.8-arduino11"
time="2026-02-07T16:03:33Z" level=info msg="Tool required for debug" tool="builtin:mdns-discovery@1.0.12"
time="2026-02-07T16:03:33Z" level=info msg="Tool required for debug" tool="builtin:serial-monitor@0.15.0"
time="2026-02-07T16:03:33Z" level=info msg="Tool required for debug" tool="arduino:dfu-util@0.11.0-arduino5"
time="2026-02-07T16:03:33Z" level=info msg="Tool required for debug" tool="esp32:esp-rv32@2511"
time="2026-02-07T16:03:33Z" level=info msg="Tool required for debug" tool="esp32:esp-x32@2511"
time="2026-02-07T16:03:33Z" level=info msg="Tool required for debug" tool="esp32:esp32-libs@3.3.6"
time="2026-02-07T16:03:33Z" level=info msg="Tool required for debug" tool="esp32:esp32c3-libs@3.3.6"
time="2026-02-07T16:03:33Z" level=info msg="Tool required for debug" tool="esp32:esp32c5-libs@3.3.6"
time="2026-02-07T16:03:33Z" level=info msg="Tool required for debug" tool="esp32:esp32c6-libs@3.3.6"
time="2026-02-07T16:03:33Z" level=info msg="Tool required for debug" tool="esp32:esp32h2-libs@3.3.6"
time="2026-02-07T16:03:33Z" level=info msg="Tool required for debug" tool="esp32:esp32p4-libs@3.3.6"
time="2026-02-07T16:03:33Z" level=info msg="Tool required for debug" tool="esp32:esp32p4_es-libs@3.3.6"
time="2026-02-07T16:03:33Z" level=info msg="Tool required for debug" tool="esp32:esp32s2-libs@3.3.6"
time="2026-02-07T16:03:33Z" level=info msg="Tool required for debug" tool="esp32:esp32s3-libs@3.3.6"
time="2026-02-07T16:03:33Z" level=info msg="Tool required for debug" tool="esp32:esptool_py@5.1.0"
time="2026-02-07T16:03:33Z" level=info msg="Tool required for debug" tool="esp32:mklittlefs@4.0.2-db0513a"
time="2026-02-07T16:03:33Z" level=info msg="Tool required for debug" tool="esp32:mkspiffs@0.2.3"
time="2026-02-07T16:03:33Z" level=info msg="Tool required for debug" tool="esp32:openocd-esp32@v0.12.0-esp32-20251215"
time="2026-02-07T16:03:33Z" level=info msg="Tool required for debug" tool="esp32:riscv32-esp-elf-gdb@16.3_20250913"
time="2026-02-07T16:03:33Z" level=info msg="Tool required for debug" tool="esp32:xtensa-esp-elf-gdb@16.3_20250913"
time="2026-02-07T16:03:33Z" level=info msg="Tool required for debug" tool="arduino:avr-gcc@7.3.0-atmel3.6.1-arduino7"
time="2026-02-07T16:03:33Z" level=info msg="Tool required for debug" tool="builtin:dfu-discovery@0.1.2"
time="2026-02-07T16:03:33Z" level=info msg="Tool required for debug" tool="arduino:avrdude@8.0.0-arduino1"
time="2026-02-07T16:03:33Z" level=info msg="Tool required for debug" tool="builtin:ctags@5.8-arduino11"
time="2026-02-07T16:03:33Z" level=info msg="Tool required for debug" tool="builtin:mdns-discovery@1.0.12"
time="2026-02-07T16:03:33Z" level=info msg="Tool required for debug" tool="builtin:serial-discovery@1.4.3"
time="2026-02-07T16:03:33Z" level=info msg="Tool required for debug" tool="builtin:serial-monitor@0.15.0"
time="2026-02-07T16:03:33Z" level=info msg="Tool required for debug" tool="arduino:arduinoOTA@1.3.0"
time="2026-02-07T16:03:33Z" level=info msg="Tool required for debug" tool="arduino:dfu-util@0.11.0-arduino5"
time="2026-02-07T16:03:33Z" level=info msg="Tool required for debug" tool="esp32:esp-rv32@2511"
time="2026-02-07T16:03:33Z" level=info msg="Tool required for debug" tool="esp32:esp-x32@2511"
time="2026-02-07T16:03:33Z" level=info msg="Tool required for debug" tool="esp32:esp32-libs@3.3.6"
time="2026-02-07T16:03:33Z" level=info msg="Tool required for debug" tool="esp32:esp32c3-libs@3.3.6"
time="2026-02-07T16:03:33Z" level=info msg="Tool required for debug" tool="esp32:esp32c5-libs@3.3.6"
time="2026-02-07T16:03:33Z" level=info msg="Tool required for debug" tool="esp32:esp32c6-libs@3.3.6"
time="2026-02-07T16:03:33Z" level=info msg="Tool required for debug" tool="esp32:esp32h2-libs@3.3.6"
time="2026-02-07T16:03:33Z" level=info msg="Tool required for debug" tool="esp32:esp32p4-libs@3.3.6"
time="2026-02-07T16:03:33Z" level=info msg="Tool required for debug" tool="esp32:esp32p4_es-libs@3.3.6"
time="2026-02-07T16:03:33Z" level=info msg="Tool required for debug" tool="esp32:esp32s2-libs@3.3.6"
time="2026-02-07T16:03:33Z" level=info msg="Tool required for debug" tool="esp32:esp32s3-libs@3.3.6"
time="2026-02-07T16:03:33Z" level=info msg="Tool required for debug" tool="esp32:esptool_py@5.1.0"
time="2026-02-07T16:03:33Z" level=info msg="Tool required for debug" tool="esp32:mklittlefs@4.0.2-db0513a"
time="2026-02-07T16:03:33Z" level=info msg="Tool required for debug" tool="esp32:mkspiffs@0.2.3"
time="2026-02-07T16:03:33Z" level=info msg="Tool required for debug" tool="esp32:openocd-esp32@v0.12.0-esp32-20251215"
time="2026-02-07T16:03:33Z" level=info msg="Tool required for debug" tool="esp32:riscv32-esp-elf-gdb@16.3_20250913"
time="2026-02-07T16:03:33Z" level=info msg="Tool required for debug" tool="esp32:xtensa-esp-elf-gdb@16.3_20250913"
time="2026-02-07T16:03:33Z" level=info msg="Tool required for debug" tool="builtin:serial-discovery@1.4.3"
time="2026-02-07T16:03:33Z" level=info msg="Tool required for debug" tool="builtin:serial-monitor@0.15.0"
time="2026-02-07T16:03:33Z" level=info msg="Tool required for debug" tool="arduino:arduinoOTA@1.3.0"
time="2026-02-07T16:03:33Z" level=info msg="Tool required for debug" tool="arduino:avr-gcc@7.3.0-atmel3.6.1-arduino7"
time="2026-02-07T16:03:33Z" level=info msg="Tool required for debug" tool="arduino:avrdude@8.0.0-arduino1"
time="2026-02-07T16:03:33Z" level=info msg="Tool required for debug" tool="builtin:ctags@5.8-arduino11"
time="2026-02-07T16:03:33Z" level=info msg="Tool required for debug" tool="builtin:dfu-discovery@0.1.2"
time="2026-02-07T16:03:33Z" level=info msg="Tool required for debug" tool="arduino:dfu-util@0.11.0-arduino5"
time="2026-02-07T16:03:33Z" level=info msg="Tool required for debug" tool="esp32:esp-rv32@2511"
time="2026-02-07T16:03:33Z" level=info msg="Tool required for debug" tool="esp32:esp-x32@2511"
time="2026-02-07T16:03:33Z" level=info msg="Tool required for debug" tool="esp32:esp32-libs@3.3.6"
time="2026-02-07T16:03:33Z" level=info msg="Tool required for debug" tool="esp32:esp32c3-libs@3.3.6"
time="2026-02-07T16:03:33Z" level=info msg="Tool required for debug" tool="esp32:esp32c5-libs@3.3.6"
time="2026-02-07T16:03:33Z" level=info msg="Tool required for debug" tool="esp32:esp32c6-libs@3.3.6"
time="2026-02-07T16:03:33Z" level=info msg="Tool required for debug" tool="esp32:esp32h2-libs@3.3.6"
time="2026-02-07T16:03:33Z" level=info msg="Tool required for debug" tool="esp32:esp32p4-libs@3.3.6"
time="2026-02-07T16:03:33Z" level=info msg="Tool required for debug" tool="esp32:esp32p4_es-libs@3.3.6"
time="2026-02-07T16:03:33Z" level=info msg="Tool required for debug" tool="esp32:esp32s2-libs@3.3.6"
time="2026-02-07T16:03:33Z" level=info msg="Tool required for debug" tool="esp32:esp32s3-libs@3.3.6"
time="2026-02-07T16:03:33Z" level=info msg="Tool required for debug" tool="esp32:esptool_py@5.1.0"
time="2026-02-07T16:03:33Z" level=info msg="Tool required for debug" tool="esp32:mklittlefs@4.0.2-db0513a"
time="2026-02-07T16:03:33Z" level=info msg="Tool required for debug" tool="builtin:mdns-discovery@1.0.12"
time="2026-02-07T16:03:33Z" level=info msg="Tool required for debug" tool="esp32:mkspiffs@0.2.3"
time="2026-02-07T16:03:33Z" level=info msg="Tool required for debug" tool="esp32:openocd-esp32@v0.12.0-esp32-20251215"
time="2026-02-07T16:03:33Z" level=info msg="Tool required for debug" tool="esp32:riscv32-esp-elf-gdb@16.3_20250913"
time="2026-02-07T16:03:33Z" level=info msg="Tool required for debug" tool="esp32:xtensa-esp-elf-gdb@16.3_20250913"
time="2026-02-07T16:03:33Z" level=info msg="Tool required for debug" tool="builtin:dfu-discovery@0.1.2"
time="2026-02-07T16:03:33Z" level=info msg="Tool required for debug" tool="arduino:arduinoOTA@1.3.0"
time="2026-02-07T16:03:33Z" level=info msg="Tool required for debug" tool="builtin:mdns-discovery@1.0.12"
time="2026-02-07T16:03:33Z" level=info msg="Tool required for debug" tool="arduino:avrdude@8.0.0-arduino1"
time="2026-02-07T16:03:33Z" level=info msg="Tool required for debug" tool="builtin:serial-monitor@0.15.0"
time="2026-02-07T16:03:33Z" level=info msg="Tool required for debug" tool="arduino:avr-gcc@7.3.0-atmel3.6.1-arduino7"
time="2026-02-07T16:03:33Z" level=info msg="Tool required for debug" tool="builtin:ctags@5.8-arduino11"
time="2026-02-07T16:03:33Z" level=info msg="Tool required for debug" tool="builtin:serial-discovery@1.4.3"
time="2026-02-07T16:03:33Z" level=info msg="Tool required for debug" tool="arduino:dfu-util@0.11.0-arduino5"
time="2026-02-07T16:03:33Z" level=info msg="Tool required for debug" tool="esp32:esp-rv32@2511"
time="2026-02-07T16:03:33Z" level=info msg="Tool required for debug" tool="esp32:esp-x32@2511"
time="2026-02-07T16:03:33Z" level=info msg="Tool required for debug" tool="esp32:esp32-libs@3.3.6"
time="2026-02-07T16:03:33Z" level=info msg="Tool required for debug" tool="esp32:esp32c3-libs@3.3.6"
time="2026-02-07T16:03:33Z" level=info msg="Tool required for debug" tool="esp32:esp32c5-libs@3.3.6"
time="2026-02-07T16:03:33Z" level=info msg="Tool required for debug" tool="esp32:esp32c6-libs@3.3.6"
time="2026-02-07T16:03:33Z" level=info msg="Tool required for debug" tool="esp32:esp32h2-libs@3.3.6"
time="2026-02-07T16:03:33Z" level=info msg="Tool required for debug" tool="esp32:esp32p4-libs@3.3.6"
time="2026-02-07T16:03:33Z" level=info msg="Tool required for debug" tool="esp32:esp32p4_es-libs@3.3.6"
time="2026-02-07T16:03:33Z" level=info msg="Tool required for debug" tool="esp32:esp32s2-libs@3.3.6"
time="2026-02-07T16:03:33Z" level=info msg="Tool required for debug" tool="esp32:esp32s3-libs@3.3.6"
time="2026-02-07T16:03:33Z" level=info msg="Tool required for debug" tool="esp32:esptool_py@5.1.0"
time="2026-02-07T16:03:33Z" level=info msg="Tool required for debug" tool="esp32:mklittlefs@4.0.2-db0513a"
time="2026-02-07T16:03:33Z" level=info msg="Tool required for debug" tool="esp32:mkspiffs@0.2.3"
time="2026-02-07T16:03:33Z" level=info msg="Tool required for debug" tool="esp32:openocd-esp32@v0.12.0-esp32-20251215"
time="2026-02-07T16:03:33Z" level=info msg="Tool required for debug" tool="esp32:riscv32-esp-elf-gdb@16.3_20250913"
time="2026-02-07T16:03:33Z" level=info msg="Tool required for debug" tool="esp32:xtensa-esp-elf-gdb@16.3_20250913"
time="2026-02-07T16:03:33Z" level=info msg="Tool required for debug" tool="arduino:avrdude@8.0.0-arduino1"
time="2026-02-07T16:03:33Z" level=info msg="Tool required for debug" tool="builtin:dfu-discovery@0.1.2"
time="2026-02-07T16:03:33Z" level=info msg="Tool required for debug" tool="builtin:mdns-discovery@1.0.12"
time="2026-02-07T16:03:33Z" level=info msg="Tool required for debug" tool="builtin:serial-monitor@0.15.0"
time="2026-02-07T16:03:33Z" level=info msg="Tool required for debug" tool="arduino:avr-gcc@7.3.0-atmel3.6.1-arduino7"
time="2026-02-07T16:03:33Z" level=info msg="Tool required for debug" tool="builtin:ctags@5.8-arduino11"
time="2026-02-07T16:03:33Z" level=info msg="Tool required for debug" tool="arduino:arduinoOTA@1.3.0"
time="2026-02-07T16:03:33Z" level=info msg="Tool required for debug" tool="builtin:serial-discovery@1.4.3"
time="2026-02-07T16:03:33Z" level=info msg="Tool required for debug" tool="arduino:dfu-util@0.11.0-arduino5"
time="2026-02-07T16:03:33Z" level=info msg="Tool required for debug" tool="esp32:esp-rv32@2511"
time="2026-02-07T16:03:33Z" level=info msg="Tool required for debug" tool="esp32:esp-x32@2511"
time="2026-02-07T16:03:33Z" level=info msg="Tool required for debug" tool="esp32:esp32-libs@3.3.6"
time="2026-02-07T16:03:33Z" level=info msg="Tool required for debug" tool="esp32:esp32c3-libs@3.3.6"
time="2026-02-07T16:03:33Z" level=info msg="Tool required for debug" tool="esp32:esp32c5-libs@3.3.6"
time="2026-02-07T16:03:33Z" level=info msg="Tool required for debug" tool="esp32:esp32c6-libs@3.3.6"
time="2026-02-07T16:03:33Z" level=info msg="Tool required for debug" tool="esp32:esp32h2-libs@3.3.6"
time="2026-02-07T16:03:33Z" level=info msg="Tool required for debug" tool="esp32:esp32p4-libs@3.3.6"
time="2026-02-07T16:03:33Z" level=info msg="Tool required for debug" tool="esp32:esp32p4_es-libs@3.3.6"
time="2026-02-07T16:03:33Z" level=info msg="Tool required for debug" tool="esp32:esp32s2-libs@3.3.6"
time="2026-02-07T16:03:33Z" level=info msg="Tool required for debug" tool="esp32:esp32s3-libs@3.3.6"
time="2026-02-07T16:03:33Z" level=info msg="Tool required for debug" tool="esp32:esptool_py@5.1.0"
time="2026-02-07T16:03:33Z" level=info msg="Tool required for debug" tool="esp32:mklittlefs@4.0.2-db0513a"
time="2026-02-07T16:03:33Z" level=info msg="Tool required for debug" tool="esp32:mkspiffs@0.2.3"
time="2026-02-07T16:03:33Z" level=info msg="Tool required for debug" tool="esp32:openocd-esp32@v0.12.0-esp32-20251215"
time="2026-02-07T16:03:33Z" level=info msg="Tool required for debug" tool="esp32:riscv32-esp-elf-gdb@16.3_20250913"
time="2026-02-07T16:03:33Z" level=info msg="Tool required for debug" tool="esp32:xtensa-esp-elf-gdb@16.3_20250913"
time="2026-02-07T16:03:33Z" level=info msg="Tool required for debug" tool="arduino:arduinoOTA@1.3.0"
time="2026-02-07T16:03:33Z" level=info msg="Tool required for debug" tool="arduino:avrdude@8.0.0-arduino1"
time="2026-02-07T16:03:33Z" level=info msg="Tool required for debug" tool="builtin:serial-monitor@0.15.0"
time="2026-02-07T16:03:33Z" level=info msg="Tool required for debug" tool="arduino:avr-gcc@7.3.0-atmel3.6.1-arduino7"
time="2026-02-07T16:03:33Z" level=info msg="Tool required for debug" tool="builtin:mdns-discovery@1.0.12"
time="2026-02-07T16:03:33Z" level=info msg="Tool required for debug" tool="builtin:ctags@5.8-arduino11"
time="2026-02-07T16:03:33Z" level=info msg="Tool required for debug" tool="builtin:dfu-discovery@0.1.2"
time="2026-02-07T16:03:33Z" level=info msg="Tool required for debug" tool="builtin:serial-discovery@1.4.3"
time="2026-02-07T16:03:33Z" level=info msg="Tool required for debug" tool="arduino:dfu-util@0.11.0-arduino5"
time="2026-02-07T16:03:33Z" level=info msg="Tool required for debug" tool="esp32:esp-rv32@2511"
time="2026-02-07T16:03:33Z" level=info msg="Tool required for debug" tool="esp32:esp-x32@2511"
time="2026-02-07T16:03:33Z" level=info msg="Tool required for debug" tool="esp32:esp32-libs@3.3.6"
time="2026-02-07T16:03:33Z" level=info msg="Tool required for debug" tool="esp32:esp32c3-libs@3.3.6"
time="2026-02-07T16:03:33Z" level=info msg="Tool required for debug" tool="esp32:esp32c5-libs@3.3.6"
time="2026-02-07T16:03:33Z" level=info msg="Tool required for debug" tool="esp32:esp32c6-libs@3.3.6"
time="2026-02-07T16:03:33Z" level=info msg="Tool required for debug" tool="esp32:esp32h2-libs@3.3.6"
time="2026-02-07T16:03:33Z" level=info msg="Tool required for debug" tool="esp32:esp32p4-libs@3.3.6"
time="2026-02-07T16:03:33Z" level=info msg="Tool required for debug" tool="esp32:esp32p4_es-libs@3.3.6"
time="2026-02-07T16:03:33Z" level=info msg="Tool required for debug" tool="esp32:esp32s2-libs@3.3.6"
time="2026-02-07T16:03:33Z" level=info msg="Tool required for debug" tool="esp32:esp32s3-libs@3.3.6"
time="2026-02-07T16:03:33Z" level=info msg="Tool required for debug" tool="esp32:esptool_py@5.1.0"
time="2026-02-07T16:03:33Z" level=info msg="Tool required for debug" tool="esp32:mklittlefs@4.0.2-db0513a"
time="2026-02-07T16:03:33Z" level=info msg="Tool required for debug" tool="esp32:mkspiffs@0.2.3"
time="2026-02-07T16:03:33Z" level=info msg="Tool required for debug" tool="esp32:openocd-esp32@v0.12.0-esp32-20251215"
time="2026-02-07T16:03:33Z" level=info msg="Tool required for debug" tool="esp32:riscv32-esp-elf-gdb@16.3_20250913"
time="2026-02-07T16:03:33Z" level=info msg="Tool required for debug" tool="esp32:xtensa-esp-elf-gdb@16.3_20250913"
time="2026-02-07T16:03:33Z" level=info msg="Tool required for debug" tool="arduino:arduinoOTA@1.3.0"
2026-02-07 16:03:33 2026-02-07T16:03:33.197Z root INFO [e2b46ed1-89ae-492e-8cec-e7765e373164] Starting plugins.
2026-02-07 16:03:33 2026-02-07T16:03:33.198Z root INFO [hosted-plugin: 2038] calling activation function on JSON Language Features (built-in)
2026-02-07 16:03:33 2026-02-07T16:03:33.198Z daemon INFO time="2026-02-07T16:03:33Z" level=info msg="Tool required for debug" tool="builtin:serial-discovery@1.4.3"
time="2026-02-07T16:03:33Z" level=info msg="Tool required for debug" tool="builtin:dfu-discovery@0.1.2"
time="2026-02-07T16:03:33Z" level=info msg="Tool required for debug" tool="arduino:avrdude@8.0.0-arduino1"
time="2026-02-07T16:03:33Z" level=info msg="Tool required for debug" tool="builtin:serial-monitor@0.15.0"
time="2026-02-07T16:03:33Z" level=info msg="Tool required for debug" tool="builtin:ctags@5.8-arduino11"
time="2026-02-07T16:03:33Z" level=info msg="Tool required for debug" tool="builtin:mdns-discovery@1.0.12"
time="2026-02-07T16:03:33Z" level=info msg="Tool required for debug" tool="arduino:avr-gcc@7.3.0-atmel3.6.1-arduino7"
2026-02-07 16:03:33 2026-02-07T16:03:33.199Z daemon INFO time="2026-02-07T16:03:33Z" level=info msg="Tool required for debug" tool="arduino:dfu-util@0.11.0-arduino5"
time="2026-02-07T16:03:33Z" level=info msg="Tool required for debug" tool="esp32:esp-rv32@2511"
time="2026-02-07T16:03:33Z" level=info msg="Tool required for debug" tool="esp32:esp-x32@2511"
time="2026-02-07T16:03:33Z" level=info msg="Tool required for debug" tool="esp32:esp32-libs@3.3.6"
time="2026-02-07T16:03:33Z" level=info msg="Tool required for debug" tool="esp32:esp32c3-libs@3.3.6"
time="2026-02-07T16:03:33Z" level=info msg="Tool required for debug" tool="esp32:esp32c5-libs@3.3.6"
time="2026-02-07T16:03:33Z" level=info msg="Tool required for debug" tool="esp32:esp32c6-libs@3.3.6"
time="2026-02-07T16:03:33Z" level=info msg="Tool required for debug" tool="esp32:esp32h2-libs@3.3.6"
time="2026-02-07T16:03:33Z" level=info msg="Tool required for debug" tool="esp32:esp32p4-libs@3.3.6"
time="2026-02-07T16:03:33Z" level=info msg="Tool required for debug" tool="esp32:esp32p4_es-libs@3.3.6"
time="2026-02-07T16:03:33Z" level=info msg="Tool required for debug" tool="esp32:esp32s2-libs@3.3.6"
time="2026-02-07T16:03:33Z" level=info msg="Tool required for debug" tool="esp32:esp32s3-libs@3.3.6"
time="2026-02-07T16:03:33Z" level=info msg="Tool required for debug" tool="esp32:esptool_py@5.1.0"
time="2026-02-07T16:03:33Z" level=info msg="Tool required for debug" tool="esp32:mklittlefs@4.0.2-db0513a"
time="2026-02-07T16:03:33Z" level=info msg="Tool required for debug" tool="esp32:mkspiffs@0.2.3"
2026-02-07 16:03:33 2026-02-07T16:03:33.199Z daemon INFO time="2026-02-07T16:03:33Z" level=info msg="Tool required for debug" tool="esp32:openocd-esp32@v0.12.0-esp32-20251215"
time="2026-02-07T16:03:33Z" level=info msg="Tool required for debug" tool="esp32:riscv32-esp-elf-gdb@16.3_20250913"
time="2026-02-07T16:03:33Z" level=info msg="Tool required for debug" tool="esp32:xtensa-esp-elf-gdb@16.3_20250913"
time="2026-02-07T16:03:33Z" level=info msg="Tool required for debug" tool="builtin:ctags@5.8-arduino11"
time="2026-02-07T16:03:33Z" level=info msg="Tool required for debug" tool="builtin:dfu-discovery@0.1.2"
2026-02-07 16:03:33 2026-02-07T16:03:33.199Z daemon INFO time="2026-02-07T16:03:33Z" level=info msg="Tool required for debug" tool="arduino:avr-gcc@7.3.0-atmel3.6.1-arduino7"
time="2026-02-07T16:03:33Z" level=info msg="Tool required for debug" tool="arduino:arduinoOTA@1.3.0"
time="2026-02-07T16:03:33Z" level=info msg="Tool required for debug" tool="builtin:mdns-discovery@1.0.12"
2026-02-07 16:03:33 2026-02-07T16:03:33.199Z daemon INFO time="2026-02-07T16:03:33Z" level=info msg="Tool required for debug" tool="builtin:serial-discovery@1.4.3"
time="2026-02-07T16:03:33Z" level=info msg="Tool required for debug" tool="builtin:serial-monitor@0.15.0"
2026-02-07 16:03:33 2026-02-07T16:03:33.199Z daemon INFO time="2026-02-07T16:03:33Z" level=info msg="Tool required for debug" tool="arduino:avrdude@8.0.0-arduino1"
2026-02-07 16:03:33 2026-02-07T16:03:33.200Z daemon INFO time="2026-02-07T16:03:33Z" level=info msg="Tool required for debug" tool="arduino:dfu-util@0.11.0-arduino5"
time="2026-02-07T16:03:33Z" level=info msg="Tool required for debug" tool="esp32:esp-rv32@2511"
2026-02-07 16:03:33 2026-02-07T16:03:33.200Z daemon INFO time="2026-02-07T16:03:33Z" level=info msg="Tool required for debug" tool="esp32:esp-x32@2511"
time="2026-02-07T16:03:33Z" level=info msg="Tool required for debug" tool="esp32:esp32-libs@3.3.6"
time="2026-02-07T16:03:33Z" level=info msg="Tool required for debug" tool="esp32:esp32c3-libs@3.3.6"
time="2026-02-07T16:03:33Z" level=info msg="Tool required for debug" tool="esp32:esp32c5-libs@3.3.6"
time="2026-02-07T16:03:33Z" level=info msg="Tool required for debug" tool="esp32:esp32c6-libs@3.3.6"
2026-02-07 16:03:33 2026-02-07T16:03:33.200Z daemon INFO time="2026-02-07T16:03:33Z" level=info msg="Tool required for debug" tool="esp32:esp32h2-libs@3.3.6"
time="2026-02-07T16:03:33Z" level=info msg="Tool required for debug" tool="esp32:esp32p4-libs@3.3.6"
time="2026-02-07T16:03:33Z" level=info msg="Tool required for debug" tool="esp32:esp32p4_es-libs@3.3.6"
time="2026-02-07T16:03:33Z" level=info msg="Tool required for debug" tool="esp32:esp32s2-libs@3.3.6"
2026-02-07 16:03:33 2026-02-07T16:03:33.200Z daemon INFO time="2026-02-07T16:03:33Z" level=info msg="Tool required for debug" tool="esp32:esp32s3-libs@3.3.6"
time="2026-02-07T16:03:33Z" level=info msg="Tool required for debug" tool="esp32:esptool_py@5.1.0"
time="2026-02-07T16:03:33Z" level=info msg="Tool required for debug" tool="esp32:mklittlefs@4.0.2-db0513a"
2026-02-07 16:03:33 2026-02-07T16:03:33.200Z daemon INFO time="2026-02-07T16:03:33Z" level=info msg="Tool required for debug" tool="esp32:mkspiffs@0.2.3"
time="2026-02-07T16:03:33Z" level=info msg="Tool required for debug" tool="esp32:openocd-esp32@v0.12.0-esp32-20251215"
time="2026-02-07T16:03:33Z" level=info msg="Tool required for debug" tool="esp32:riscv32-esp-elf-gdb@16.3_20250913"
2026-02-07 16:03:33 2026-02-07T16:03:33.200Z daemon INFO time="2026-02-07T16:03:33Z" level=info msg="Tool required for debug" tool="esp32:xtensa-esp-elf-gdb@16.3_20250913"
time="2026-02-07T16:03:33Z" level=info msg="Tool required for debug" tool="arduino:avrdude@8.0.0-arduino1"
2026-02-07 16:03:33 2026-02-07T16:03:33.200Z daemon INFO time="2026-02-07T16:03:33Z" level=info msg="Tool required for debug" tool="builtin:ctags@5.8-arduino11"
time="2026-02-07T16:03:33Z" level=info msg="Tool required for debug" tool="builtin:dfu-discovery@0.1.2"
2026-02-07 16:03:33 2026-02-07T16:03:33.200Z daemon INFO time="2026-02-07T16:03:33Z" level=info msg="Tool required for debug" tool="arduino:arduinoOTA@1.3.0"
time="2026-02-07T16:03:33Z" level=info msg="Tool required for debug" tool="builtin:serial-discovery@1.4.3"
2026-02-07 16:03:33 2026-02-07T16:03:33.200Z daemon INFO time="2026-02-07T16:03:33Z" level=info msg="Tool required for debug" tool="arduino:avr-gcc@7.3.0-atmel3.6.1-arduino7"
time="2026-02-07T16:03:33Z" level=info msg="Tool required for debug" tool="builtin:mdns-discovery@1.0.12"
2026-02-07 16:03:33 2026-02-07T16:03:33.200Z daemon INFO time="2026-02-07T16:03:33Z" level=info msg="Tool required for debug" tool="builtin:serial-monitor@0.15.0"
2026-02-07 16:03:33 2026-02-07T16:03:33.202Z daemon INFO time="2026-02-07T16:03:33Z" level=info msg="Tool required for debug" tool="arduino:dfu-util@0.11.0-arduino5"
time="2026-02-07T16:03:33Z" level=info msg="Tool required for debug" tool="esp32:esp-rv32@2511"
2026-02-07 16:03:33 2026-02-07T16:03:33.202Z daemon INFO time="2026-02-07T16:03:33Z" level=info msg="Tool required for debug" tool="esp32:esp-x32@2511"
time="2026-02-07T16:03:33Z" level=info msg="Tool required for debug" tool="esp32:esp32-libs@3.3.6"
time="2026-02-07T16:03:33Z" level=info msg="Tool required for debug" tool="esp32:esp32c3-libs@3.3.6"
time="2026-02-07T16:03:33Z" level=info msg="Tool required for debug" tool="esp32:esp32c5-libs@3.3.6"
time="2026-02-07T16:03:33Z" level=info msg="Tool required for debug" tool="esp32:esp32c6-libs@3.3.6"
time="2026-02-07T16:03:33Z" level=info msg="Tool required for debug" tool="esp32:esp32h2-libs@3.3.6"
2026-02-07 16:03:33 2026-02-07T16:03:33.202Z daemon INFO time="2026-02-07T16:03:33Z" level=info msg="Tool required for debug" tool="esp32:esp32p4-libs@3.3.6"
time="2026-02-07T16:03:33Z" level=info msg="Tool required for debug" tool="esp32:esp32p4_es-libs@3.3.6"
time="2026-02-07T16:03:33Z" level=info msg="Tool required for debug" tool="esp32:esp32s2-libs@3.3.6"
2026-02-07 16:03:33 2026-02-07T16:03:33.202Z daemon INFO time="2026-02-07T16:03:33Z" level=info msg="Tool required for debug" tool="esp32:esp32s3-libs@3.3.6"
time="2026-02-07T16:03:33Z" level=info msg="Tool required for debug" tool="esp32:esptool_py@5.1.0"
time="2026-02-07T16:03:33Z" level=info msg="Tool required for debug" tool="esp32:mklittlefs@4.0.2-db0513a"
2026-02-07 16:03:33 2026-02-07T16:03:33.202Z daemon INFO time="2026-02-07T16:03:33Z" level=info msg="Tool required for debug" tool="esp32:mkspiffs@0.2.3"
time="2026-02-07T16:03:33Z" level=info msg="Tool required for debug" tool="esp32:openocd-esp32@v0.12.0-esp32-20251215"
time="2026-02-07T16:03:33Z" level=info msg="Tool required for debug" tool="esp32:riscv32-esp-elf-gdb@16.3_20250913"
2026-02-07 16:03:33 2026-02-07T16:03:33.202Z daemon INFO time="2026-02-07T16:03:33Z" level=info msg="Tool required for debug" tool="esp32:xtensa-esp-elf-gdb@16.3_20250913"
time="2026-02-07T16:03:33Z" level=info msg="Tool required for debug" tool="builtin:serial-discovery@1.4.3"
2026-02-07 16:03:33 2026-02-07T16:03:33.202Z daemon INFO time="2026-02-07T16:03:33Z" level=info msg="Tool required for debug" tool="arduino:arduinoOTA@1.3.0"
time="2026-02-07T16:03:33Z" level=info msg="Tool required for debug" tool="arduino:avr-gcc@7.3.0-atmel3.6.1-arduino7"
time="2026-02-07T16:03:33Z" level=info msg="Tool required for debug" tool="builtin:serial-monitor@0.15.0"
2026-02-07 16:03:33 2026-02-07T16:03:33.202Z daemon INFO time="2026-02-07T16:03:33Z" level=info msg="Tool required for debug" tool="builtin:ctags@5.8-arduino11"
2026-02-07 16:03:33 2026-02-07T16:03:33.202Z daemon INFO time="2026-02-07T16:03:33Z" level=info msg="Tool required for debug" tool="arduino:avrdude@8.0.0-arduino1"
time="2026-02-07T16:03:33Z" level=info msg="Tool required for debug" tool="builtin:dfu-discovery@0.1.2"
2026-02-07 16:03:33 2026-02-07T16:03:33.202Z daemon INFO time="2026-02-07T16:03:33Z" level=info msg="Tool required for debug" tool="builtin:mdns-discovery@1.0.12"
2026-02-07 16:03:33 2026-02-07T16:03:33.203Z daemon INFO time="2026-02-07T16:03:33Z" level=info msg="Tool required for debug" tool="arduino:dfu-util@0.11.0-arduino5"
time="2026-02-07T16:03:33Z" level=info msg="Tool required for debug" tool="esp32:esp-rv32@2511"
2026-02-07 16:03:33 2026-02-07T16:03:33.203Z daemon INFO time="2026-02-07T16:03:33Z" level=info msg="Tool required for debug" tool="esp32:esp-x32@2511"
time="2026-02-07T16:03:33Z" level=info msg="Tool required for debug" tool="esp32:esp32-libs@3.3.6"
time="2026-02-07T16:03:33Z" level=info msg="Tool required for debug" tool="esp32:esp32c3-libs@3.3.6"
time="2026-02-07T16:03:33Z" level=info msg="Tool required for debug" tool="esp32:esp32c5-libs@3.3.6"
time="2026-02-07T16:03:33Z" level=info msg="Tool required for debug" tool="esp32:esp32c6-libs@3.3.6"
2026-02-07 16:03:33 2026-02-07T16:03:33.203Z daemon INFO time="2026-02-07T16:03:33Z" level=info msg="Tool required for debug" tool="esp32:esp32h2-libs@3.3.6"
time="2026-02-07T16:03:33Z" level=info msg="Tool required for debug" tool="esp32:esp32p4-libs@3.3.6"
time="2026-02-07T16:03:33Z" level=info msg="Tool required for debug" tool="esp32:esp32p4_es-libs@3.3.6"
2026-02-07 16:03:33 2026-02-07T16:03:33.203Z daemon INFO time="2026-02-07T16:03:33Z" level=info msg="Tool required for debug" tool="esp32:esp32s2-libs@3.3.6"
time="2026-02-07T16:03:33Z" level=info msg="Tool required for debug" tool="esp32:esp32s3-libs@3.3.6"
time="2026-02-07T16:03:33Z" level=info msg="Tool required for debug" tool="esp32:esptool_py@5.1.0"
time="2026-02-07T16:03:33Z" level=info msg="Tool required for debug" tool="esp32:mklittlefs@4.0.2-db0513a"
time="2026-02-07T16:03:33Z" level=info msg="Tool required for debug" tool="esp32:mkspiffs@0.2.3"
time="2026-02-07T16:03:33Z" level=info msg="Tool required for debug" tool="esp32:openocd-esp32@v0.12.0-esp32-20251215"
2026-02-07 16:03:33 2026-02-07T16:03:33.203Z daemon INFO time="2026-02-07T16:03:33Z" level=info msg="Tool required for debug" tool="esp32:riscv32-esp-elf-gdb@16.3_20250913"
time="2026-02-07T16:03:33Z" level=info msg="Tool required for debug" tool="esp32:xtensa-esp-elf-gdb@16.3_20250913"
time="2026-02-07T16:03:33Z" level=info msg="Tool required for debug" tool="arduino:avrdude@8.0.0-arduino1"
time="2026-02-07T16:03:33Z" level=info msg="Tool required for debug" tool="arduino:avr-gcc@7.3.0-atmel3.6.1-arduino7"
time="2026-02-07T16:03:33Z" level=info msg="Tool required for debug" tool="builtin:mdns-discovery@1.0.12"
time="2026-02-07T16:03:33Z" level=info msg="Tool required for debug" tool="builtin:serial-monitor@0.15.0"
2026-02-07 16:03:33 2026-02-07T16:03:33.203Z daemon INFO time="2026-02-07T16:03:33Z" level=info msg="Tool required for debug" tool="builtin:ctags@5.8-arduino11"
time="2026-02-07T16:03:33Z" level=info msg="Tool required for debug" tool="arduino:arduinoOTA@1.3.0"
time="2026-02-07T16:03:33Z" level=info msg="Tool required for debug" tool="builtin:dfu-discovery@0.1.2"
time="2026-02-07T16:03:33Z" level=info msg="Tool required for debug" tool="builtin:serial-discovery@1.4.3"
2026-02-07 16:03:33 2026-02-07T16:03:33.204Z daemon INFO time="2026-02-07T16:03:33Z" level=info msg="Tool required for debug" tool="arduino:dfu-util@0.11.0-arduino5"
time="2026-02-07T16:03:33Z" level=info msg="Tool required for debug" tool="esp32:esp-rv32@2511"
2026-02-07 16:03:33 2026-02-07T16:03:33.204Z daemon INFO time="2026-02-07T16:03:33Z" level=info msg="Tool required for debug" tool="esp32:esp-x32@2511"
time="2026-02-07T16:03:33Z" level=info msg="Tool required for debug" tool="esp32:esp32-libs@3.3.6"
2026-02-07 16:03:33 2026-02-07T16:03:33.204Z daemon INFO time="2026-02-07T16:03:33Z" level=info msg="Tool required for debug" tool="esp32:esp32c3-libs@3.3.6"
time="2026-02-07T16:03:33Z" level=info msg="Tool required for debug" tool="esp32:esp32c5-libs@3.3.6"
2026-02-07 16:03:33 2026-02-07T16:03:33.204Z daemon INFO time="2026-02-07T16:03:33Z" level=info msg="Tool required for debug" tool="esp32:esp32c6-libs@3.3.6"
time="2026-02-07T16:03:33Z" level=info msg="Tool required for debug" tool="esp32:esp32h2-libs@3.3.6"
time="2026-02-07T16:03:33Z" level=info msg="Tool required for debug" tool="esp32:esp32p4-libs@3.3.6"
time="2026-02-07T16:03:33Z" level=info msg="Tool required for debug" tool="esp32:esp32p4_es-libs@3.3.6"
time="2026-02-07T16:03:33Z" level=info msg="Tool required for debug" tool="esp32:esp32s2-libs@3.3.6"
2026-02-07 16:03:33 2026-02-07T16:03:33.204Z daemon INFO time="2026-02-07T16:03:33Z" level=info msg="Tool required for debug" tool="esp32:esp32s3-libs@3.3.6"
time="2026-02-07T16:03:33Z" level=info msg="Tool required for debug" tool="esp32:esptool_py@5.1.0"
time="2026-02-07T16:03:33Z" level=info msg="Tool required for debug" tool="esp32:mklittlefs@4.0.2-db0513a"
2026-02-07 16:03:33 2026-02-07T16:03:33.204Z daemon INFO time="2026-02-07T16:03:33Z" level=info msg="Tool required for debug" tool="esp32:mkspiffs@0.2.3"
time="2026-02-07T16:03:33Z" level=info msg="Tool required for debug" tool="esp32:openocd-esp32@v0.12.0-esp32-20251215"
2026-02-07 16:03:33 2026-02-07T16:03:33.204Z daemon INFO time="2026-02-07T16:03:33Z" level=info msg="Tool required for debug" tool="esp32:riscv32-esp-elf-gdb@16.3_20250913"
time="2026-02-07T16:03:33Z" level=info msg="Tool required for debug" tool="esp32:xtensa-esp-elf-gdb@16.3_20250913"
time="2026-02-07T16:03:33Z" level=info msg="Tool required for debug" tool="arduino:arduinoOTA@1.3.0"
2026-02-07 16:03:33 2026-02-07T16:03:33.204Z daemon INFO time="2026-02-07T16:03:33Z" level=info msg="Tool required for debug" tool="builtin:ctags@5.8-arduino11"
2026-02-07 16:03:33 2026-02-07T16:03:33.204Z daemon INFO time="2026-02-07T16:03:33Z" level=info msg="Tool required for debug" tool="builtin:serial-discovery@1.4.3"
time="2026-02-07T16:03:33Z" level=info msg="Tool required for debug" tool="arduino:avr-gcc@7.3.0-atmel3.6.1-arduino7"
2026-02-07 16:03:33 2026-02-07T16:03:33.204Z daemon INFO time="2026-02-07T16:03:33Z" level=info msg="Tool required for debug" tool="builtin:dfu-discovery@0.1.2"
time="2026-02-07T16:03:33Z" level=info msg="Tool required for debug" tool="builtin:mdns-discovery@1.0.12"
2026-02-07 16:03:33 2026-02-07T16:03:33.204Z daemon INFO time="2026-02-07T16:03:33Z" level=info msg="Tool required for debug" tool="builtin:serial-monitor@0.15.0"
time="2026-02-07T16:03:33Z" level=info msg="Tool required for debug" tool="arduino:avrdude@8.0.0-arduino1"
2026-02-07 16:03:33 2026-02-07T16:03:33.206Z daemon INFO time="2026-02-07T16:03:33Z" level=info msg="Tool required for debug" tool="arduino:dfu-util@0.11.0-arduino5"
time="2026-02-07T16:03:33Z" level=info msg="Tool required for debug" tool="esp32:esp-rv32@2511"
2026-02-07 16:03:33 2026-02-07T16:03:33.206Z daemon INFO time="2026-02-07T16:03:33Z" level=info msg="Tool required for debug" tool="esp32:esp-x32@2511"
time="2026-02-07T16:03:33Z" level=info msg="Tool required for debug" tool="esp32:esp32-libs@3.3.6"
time="2026-02-07T16:03:33Z" level=info msg="Tool required for debug" tool="esp32:esp32c3-libs@3.3.6"
time="2026-02-07T16:03:33Z" level=info msg="Tool required for debug" tool="esp32:esp32c5-libs@3.3.6"
time="2026-02-07T16:03:33Z" level=info msg="Tool required for debug" tool="esp32:esp32c6-libs@3.3.6"
time="2026-02-07T16:03:33Z" level=info msg="Tool required for debug" tool="esp32:esp32h2-libs@3.3.6"
time="2026-02-07T16:03:33Z" level=info msg="Tool required for debug" tool="esp32:esp32p4-libs@3.3.6"
time="2026-02-07T16:03:33Z" level=info msg="Tool required for debug" tool="esp32:esp32p4_es-libs@3.3.6"
2026-02-07 16:03:33 2026-02-07T16:03:33.206Z daemon INFO time="2026-02-07T16:03:33Z" level=info msg="Tool required for debug" tool="esp32:esp32s2-libs@3.3.6"
time="2026-02-07T16:03:33Z" level=info msg="Tool required for debug" tool="esp32:esp32s3-libs@3.3.6"
time="2026-02-07T16:03:33Z" level=info msg="Tool required for debug" tool="esp32:esptool_py@5.1.0"
time="2026-02-07T16:03:33Z" level=info msg="Tool required for debug" tool="esp32:mklittlefs@4.0.2-db0513a"
2026-02-07 16:03:33 2026-02-07T16:03:33.206Z daemon INFO time="2026-02-07T16:03:33Z" level=info msg="Tool required for debug" tool="esp32:mkspiffs@0.2.3"
time="2026-02-07T16:03:33Z" level=info msg="Tool required for debug" tool="esp32:openocd-esp32@v0.12.0-esp32-20251215"
time="2026-02-07T16:03:33Z" level=info msg="Tool required for debug" tool="esp32:riscv32-esp-elf-gdb@16.3_20250913"
2026-02-07 16:03:33 2026-02-07T16:03:33.206Z daemon INFO time="2026-02-07T16:03:33Z" level=info msg="Tool required for debug" tool="esp32:xtensa-esp-elf-gdb@16.3_20250913"
time="2026-02-07T16:03:33Z" level=info msg="Tool required for debug" tool="arduino:arduinoOTA@1.3.0"
time="2026-02-07T16:03:33Z" level=info msg="Tool required for debug" tool="builtin:ctags@5.8-arduino11"
2026-02-07 16:03:33 2026-02-07T16:03:33.206Z daemon INFO time="2026-02-07T16:03:33Z" level=info msg="Tool required for debug" tool="builtin:mdns-discovery@1.0.12"
2026-02-07 16:03:33 2026-02-07T16:03:33.206Z daemon INFO time="2026-02-07T16:03:33Z" level=info msg="Tool required for debug" tool="builtin:serial-discovery@1.4.3"
2026-02-07 16:03:33 2026-02-07T16:03:33.206Z daemon INFO time="2026-02-07T16:03:33Z" level=info msg="Tool required for debug" tool="builtin:dfu-discovery@0.1.2"
time="2026-02-07T16:03:33Z" level=info msg="Tool required for debug" tool="arduino:avrdude@8.0.0-arduino1"
2026-02-07 16:03:33 2026-02-07T16:03:33.206Z daemon INFO time="2026-02-07T16:03:33Z" level=info msg="Tool required for debug" tool="builtin:serial-monitor@0.15.0"
time="2026-02-07T16:03:33Z" level=info msg="Tool required for debug" tool="arduino:avr-gcc@7.3.0-atmel3.6.1-arduino7"
2026-02-07 16:03:33 2026-02-07T16:03:33.207Z daemon INFO time="2026-02-07T16:03:33Z" level=info msg="Tool required for debug" tool="arduino:dfu-util@0.11.0-arduino5"
2026-02-07 16:03:33 2026-02-07T16:03:33.207Z daemon INFO time="2026-02-07T16:03:33Z" level=info msg="Tool required for debug" tool="esp32:esp-rv32@2511"
time="2026-02-07T16:03:33Z" level=info msg="Tool required for debug" tool="esp32:esp-x32@2511"
time="2026-02-07T16:03:33Z" level=info msg="Tool required for debug" tool="esp32:esp32-libs@3.3.6"
2026-02-07 16:03:33 2026-02-07T16:03:33.207Z daemon INFO time="2026-02-07T16:03:33Z" level=info msg="Tool required for debug" tool="esp32:esp32c3-libs@3.3.6"
time="2026-02-07T16:03:33Z" level=info msg="Tool required for debug" tool="esp32:esp32c5-libs@3.3.6"
2026-02-07 16:03:33 2026-02-07T16:03:33.208Z daemon INFO time="2026-02-07T16:03:33Z" level=info msg="Tool required for debug" tool="esp32:esp32c6-libs@3.3.6"
time="2026-02-07T16:03:33Z" level=info msg="Tool required for debug" tool="esp32:esp32h2-libs@3.3.6"
time="2026-02-07T16:03:33Z" level=info msg="Tool required for debug" tool="esp32:esp32p4-libs@3.3.6"
time="2026-02-07T16:03:33Z" level=info msg="Tool required for debug" tool="esp32:esp32p4_es-libs@3.3.6"
time="2026-02-07T16:03:33Z" level=info msg="Tool required for debug" tool="esp32:esp32s2-libs@3.3.6"
time="2026-02-07T16:03:33Z" level=info msg="Tool required for debug" tool="esp32:esp32s3-libs@3.3.6"
time="2026-02-07T16:03:33Z" level=info msg="Tool required for debug" tool="esp32:esptool_py@5.1.0"
time="2026-02-07T16:03:33Z" level=info msg="Tool required for debug" tool="esp32:mklittlefs@4.0.2-db0513a"
time="2026-02-07T16:03:33Z" level=info msg="Tool required for debug" tool="esp32:mkspiffs@0.2.3"
time="2026-02-07T16:03:33Z" level=info msg="Tool required for debug" tool="esp32:openocd-esp32@v0.12.0-esp32-20251215"
time="2026-02-07T16:03:33Z" level=info msg="Tool required for debug" tool="esp32:riscv32-esp-elf-gdb@16.3_20250913"
2026-02-07 16:03:33 2026-02-07T16:03:33.208Z daemon INFO time="2026-02-07T16:03:33Z" level=info msg="Tool required for debug" tool="esp32:xtensa-esp-elf-gdb@16.3_20250913"
time="2026-02-07T16:03:33Z" level=info msg="Tool required for debug" tool="arduino:avr-gcc@7.3.0-atmel3.6.1-arduino7"
time="2026-02-07T16:03:33Z" level=info msg="Tool required for debug" tool="arduino:arduinoOTA@1.3.0"
time="2026-02-07T16:03:33Z" level=info msg="Tool required for debug" tool="arduino:avrdude@8.0.0-arduino1"
time="2026-02-07T16:03:33Z" level=info msg="Tool required for debug" tool="builtin:mdns-discovery@1.0.12"
time="2026-02-07T16:03:33Z" level=info msg="Tool required for debug" tool="builtin:ctags@5.8-arduino11"
2026-02-07 16:03:33 2026-02-07T16:03:33.208Z daemon INFO time="2026-02-07T16:03:33Z" level=info msg="Tool required for debug" tool="builtin:serial-discovery@1.4.3"
time="2026-02-07T16:03:33Z" level=info msg="Tool required for debug" tool="builtin:serial-monitor@0.15.0"
time="2026-02-07T16:03:33Z" level=info msg="Tool required for debug" tool="builtin:dfu-discovery@0.1.2"
2026-02-07 16:03:33 2026-02-07T16:03:33.209Z daemon INFO time="2026-02-07T16:03:33Z" level=info msg="Tool required for debug" tool="arduino:dfu-util@0.11.0-arduino5"
time="2026-02-07T16:03:33Z" level=info msg="Tool required for debug" tool="esp32:esp-rv32@2511"
2026-02-07 16:03:33 2026-02-07T16:03:33.209Z daemon INFO time="2026-02-07T16:03:33Z" level=info msg="Tool required for debug" tool="esp32:esp-x32@2511"
time="2026-02-07T16:03:33Z" level=info msg="Tool required for debug" tool="esp32:esp32-libs@3.3.6"
time="2026-02-07T16:03:33Z" level=info msg="Tool required for debug" tool="esp32:esp32c3-libs@3.3.6"
time="2026-02-07T16:03:33Z" level=info msg="Tool required for debug" tool="esp32:esp32c5-libs@3.3.6"
time="2026-02-07T16:03:33Z" level=info msg="Tool required for debug" tool="esp32:esp32c6-libs@3.3.6"
2026-02-07 16:03:33 2026-02-07T16:03:33.209Z daemon INFO time="2026-02-07T16:03:33Z" level=info msg="Tool required for debug" tool="esp32:esp32h2-libs@3.3.6"
time="2026-02-07T16:03:33Z" level=info msg="Tool required for debug" tool="esp32:esp32p4-libs@3.3.6"
time="2026-02-07T16:03:33Z" level=info msg="Tool required for debug" tool="esp32:esp32p4_es-libs@3.3.6"
2026-02-07 16:03:33 2026-02-07T16:03:33.209Z daemon INFO time="2026-02-07T16:03:33Z" level=info msg="Tool required for debug" tool="esp32:esp32s2-libs@3.3.6"
2026-02-07 16:03:33 2026-02-07T16:03:33.209Z daemon INFO time="2026-02-07T16:03:33Z" level=info msg="Tool required for debug" tool="esp32:esp32s3-libs@3.3.6"
2026-02-07 16:03:33 2026-02-07T16:03:33.209Z daemon INFO time="2026-02-07T16:03:33Z" level=info msg="Tool required for debug" tool="esp32:esptool_py@5.1.0"
time="2026-02-07T16:03:33Z" level=info msg="Tool required for debug" tool="esp32:mklittlefs@4.0.2-db0513a"
2026-02-07 16:03:33 2026-02-07T16:03:33.209Z daemon INFO time="2026-02-07T16:03:33Z" level=info msg="Tool required for debug" tool="esp32:mkspiffs@0.2.3"
2026-02-07 16:03:33 2026-02-07T16:03:33.209Z daemon INFO time="2026-02-07T16:03:33Z" level=info msg="Tool required for debug" tool="esp32:openocd-esp32@v0.12.0-esp32-20251215"
time="2026-02-07T16:03:33Z" level=info msg="Tool required for debug" tool="esp32:riscv32-esp-elf-gdb@16.3_20250913"
2026-02-07 16:03:33 2026-02-07T16:03:33.209Z daemon INFO time="2026-02-07T16:03:33Z" level=info msg="Tool required for debug" tool="esp32:xtensa-esp-elf-gdb@16.3_20250913"
time="2026-02-07T16:03:33Z" level=info msg="Tool required for debug" tool="arduino:avrdude@8.0.0-arduino1"
time="2026-02-07T16:03:33Z" level=info msg="Tool required for debug" tool="builtin:serial-monitor@0.15.0"
2026-02-07 16:03:33 2026-02-07T16:03:33.209Z daemon INFO time="2026-02-07T16:03:33Z" level=info msg="Tool required for debug" tool="builtin:mdns-discovery@1.0.12"
2026-02-07 16:03:33 2026-02-07T16:03:33.209Z daemon INFO time="2026-02-07T16:03:33Z" level=info msg="Tool required for debug" tool="builtin:serial-discovery@1.4.3"
time="2026-02-07T16:03:33Z" level=info msg="Tool required for debug" tool="arduino:avr-gcc@7.3.0-atmel3.6.1-arduino7"
2026-02-07 16:03:33 2026-02-07T16:03:33.209Z daemon INFO time="2026-02-07T16:03:33Z" level=info msg="Tool required for debug" tool="arduino:arduinoOTA@1.3.0"
time="2026-02-07T16:03:33Z" level=info msg="Tool required for debug" tool="builtin:ctags@5.8-arduino11"
2026-02-07 16:03:33 2026-02-07T16:03:33.209Z daemon INFO time="2026-02-07T16:03:33Z" level=info msg="Tool required for debug" tool="builtin:dfu-discovery@0.1.2"
2026-02-07 16:03:33 2026-02-07T16:03:33.210Z daemon INFO time="2026-02-07T16:03:33Z" level=info msg="Tool required for debug" tool="arduino:dfu-util@0.11.0-arduino5"
2026-02-07 16:03:33 2026-02-07T16:03:33.210Z daemon INFO time="2026-02-07T16:03:33Z" level=info msg="Tool required for debug" tool="esp32:esp-rv32@2511"
time="2026-02-07T16:03:33Z" level=info msg="Tool required for debug" tool="esp32:esp-x32@2511"
time="2026-02-07T16:03:33Z" level=info msg="Tool required for debug" tool="esp32:esp32-libs@3.3.6"
time="2026-02-07T16:03:33Z" level=info msg="Tool required for debug" tool="esp32:esp32c3-libs@3.3.6"
time="2026-02-07T16:03:33Z" level=info msg="Tool required for debug" tool="esp32:esp32c5-libs@3.3.6"
2026-02-07 16:03:33 2026-02-07T16:03:33.210Z daemon INFO time="2026-02-07T16:03:33Z" level=info msg="Tool required for debug" tool="esp32:esp32c6-libs@3.3.6"
time="2026-02-07T16:03:33Z" level=info msg="Tool required for debug" tool="esp32:esp32h2-libs@3.3.6"
time="2026-02-07T16:03:33Z" level=info msg="Tool required for debug" tool="esp32:esp32p4-libs@3.3.6"
time="2026-02-07T16:03:33Z" level=info msg="Tool required for debug" tool="esp32:esp32p4_es-libs@3.3.6"
2026-02-07 16:03:33 2026-02-07T16:03:33.210Z daemon INFO time="2026-02-07T16:03:33Z" level=info msg="Tool required for debug" tool="esp32:esp32s2-libs@3.3.6"
time="2026-02-07T16:03:33Z" level=info msg="Tool required for debug" tool="esp32:esp32s3-libs@3.3.6"
2026-02-07 16:03:33 2026-02-07T16:03:33.210Z daemon INFO time="2026-02-07T16:03:33Z" level=info msg="Tool required for debug" tool="esp32:esptool_py@5.1.0"
time="2026-02-07T16:03:33Z" level=info msg="Tool required for debug" tool="esp32:mklittlefs@4.0.2-db0513a"
2026-02-07 16:03:33 2026-02-07T16:03:33.210Z daemon INFO time="2026-02-07T16:03:33Z" level=info msg="Tool required for debug" tool="esp32:mkspiffs@0.2.3"
time="2026-02-07T16:03:33Z" level=info msg="Tool required for debug" tool="esp32:openocd-esp32@v0.12.0-esp32-20251215"
2026-02-07 16:03:33 2026-02-07T16:03:33.210Z daemon INFO time="2026-02-07T16:03:33Z" level=info msg="Tool required for debug" tool="esp32:riscv32-esp-elf-gdb@16.3_20250913"
time="2026-02-07T16:03:33Z" level=info msg="Tool required for debug" tool="esp32:xtensa-esp-elf-gdb@16.3_20250913"
2026-02-07 16:03:33 2026-02-07T16:03:33.210Z daemon INFO time="2026-02-07T16:03:33Z" level=info msg="Tool required for debug" tool="builtin:serial-monitor@0.15.0"
2026-02-07 16:03:33 2026-02-07T16:03:33.210Z daemon INFO time="2026-02-07T16:03:33Z" level=info msg="Tool required for debug" tool="builtin:ctags@5.8-arduino11"
2026-02-07 16:03:33 2026-02-07T16:03:33.210Z daemon INFO time="2026-02-07T16:03:33Z" level=info msg="Tool required for debug" tool="arduino:avr-gcc@7.3.0-atmel3.6.1-arduino7"
time="2026-02-07T16:03:33Z" level=info msg="Tool required for debug" tool="arduino:avrdude@8.0.0-arduino1"
2026-02-07 16:03:33 2026-02-07T16:03:33.210Z daemon INFO time="2026-02-07T16:03:33Z" level=info msg="Tool required for debug" tool="builtin:dfu-discovery@0.1.2"
time="2026-02-07T16:03:33Z" level=info msg="Tool required for debug" tool="builtin:serial-discovery@1.4.3"
2026-02-07 16:03:33 2026-02-07T16:03:33.210Z daemon INFO time="2026-02-07T16:03:33Z" level=info msg="Tool required for debug" tool="arduino:arduinoOTA@1.3.0"
time="2026-02-07T16:03:33Z" level=info msg="Tool required for debug" tool="builtin:mdns-discovery@1.0.12"
2026-02-07 16:03:33 2026-02-07T16:03:33.212Z daemon INFO time="2026-02-07T16:03:33Z" level=info msg="Tool required for debug" tool="arduino:dfu-util@0.11.0-arduino5"
time="2026-02-07T16:03:33Z" level=info msg="Tool required for debug" tool="esp32:esp-rv32@2511"
2026-02-07 16:03:33 2026-02-07T16:03:33.212Z daemon INFO time="2026-02-07T16:03:33Z" level=info msg="Tool required for debug" tool="esp32:esp-x32@2511"
time="2026-02-07T16:03:33Z" level=info msg="Tool required for debug" tool="esp32:esp32-libs@3.3.6"
time="2026-02-07T16:03:33Z" level=info msg="Tool required for debug" tool="esp32:esp32c3-libs@3.3.6"
time="2026-02-07T16:03:33Z" level=info msg="Tool required for debug" tool="esp32:esp32c5-libs@3.3.6"
time="2026-02-07T16:03:33Z" level=info msg="Tool required for debug" tool="esp32:esp32c6-libs@3.3.6"
time="2026-02-07T16:03:33Z" level=info msg="Tool required for debug" tool="esp32:esp32h2-libs@3.3.6"
time="2026-02-07T16:03:33Z" level=info msg="Tool required for debug" tool="esp32:esp32p4-libs@3.3.6"
time="2026-02-07T16:03:33Z" level=info msg="Tool required for debug" tool="esp32:esp32p4_es-libs@3.3.6"
2026-02-07 16:03:33 2026-02-07T16:03:33.212Z daemon INFO time="2026-02-07T16:03:33Z" level=info msg="Tool required for debug" tool="esp32:esp32s2-libs@3.3.6"
time="2026-02-07T16:03:33Z" level=info msg="Tool required for debug" tool="esp32:esp32s3-libs@3.3.6"
time="2026-02-07T16:03:33Z" level=info msg="Tool required for debug" tool="esp32:esptool_py@5.1.0"
time="2026-02-07T16:03:33Z" level=info msg="Tool required for debug" tool="esp32:mklittlefs@4.0.2-db0513a"
2026-02-07 16:03:33 2026-02-07T16:03:33.212Z daemon INFO time="2026-02-07T16:03:33Z" level=info msg="Tool required for debug" tool="esp32:mkspiffs@0.2.3"
time="2026-02-07T16:03:33Z" level=info msg="Tool required for debug" tool="esp32:openocd-esp32@v0.12.0-esp32-20251215"
time="2026-02-07T16:03:33Z" level=info msg="Tool required for debug" tool="esp32:riscv32-esp-elf-gdb@16.3_20250913"
2026-02-07 16:03:33 2026-02-07T16:03:33.212Z daemon INFO time="2026-02-07T16:03:33Z" level=info msg="Tool required for debug" tool="esp32:xtensa-esp-elf-gdb@16.3_20250913"
time="2026-02-07T16:03:33Z" level=info msg="Tool required for debug" tool="builtin:dfu-discovery@0.1.2"
time="2026-02-07T16:03:33Z" level=info msg="Tool required for debug" tool="arduino:avr-gcc@7.3.0-atmel3.6.1-arduino7"
time="2026-02-07T16:03:33Z" level=info msg="Tool required for debug" tool="arduino:avrdude@8.0.0-arduino1"
2026-02-07 16:03:33 2026-02-07T16:03:33.212Z daemon INFO time="2026-02-07T16:03:33Z" level=info msg="Tool required for debug" tool="builtin:serial-discovery@1.4.3"
2026-02-07 16:03:33 2026-02-07T16:03:33.212Z daemon INFO time="2026-02-07T16:03:33Z" level=info msg="Tool required for debug" tool="arduino:arduinoOTA@1.3.0"
time="2026-02-07T16:03:33Z" level=info msg="Tool required for debug" tool="builtin:ctags@5.8-arduino11"
2026-02-07 16:03:33 2026-02-07T16:03:33.212Z daemon INFO time="2026-02-07T16:03:33Z" level=info msg="Tool required for debug" tool="builtin:mdns-discovery@1.0.12"
time="2026-02-07T16:03:33Z" level=info msg="Tool required for debug" tool="builtin:serial-monitor@0.15.0"
2026-02-07 16:03:33 2026-02-07T16:03:33.213Z daemon INFO time="2026-02-07T16:03:33Z" level=info msg="Tool required for debug" tool="arduino:dfu-util@0.11.0-arduino5"
time="2026-02-07T16:03:33Z" level=info msg="Tool required for debug" tool="esp32:esp-rv32@2511"
2026-02-07 16:03:33 2026-02-07T16:03:33.213Z daemon INFO time="2026-02-07T16:03:33Z" level=info msg="Tool required for debug" tool="esp32:esp-x32@2511"
time="2026-02-07T16:03:33Z" level=info msg="Tool required for debug" tool="esp32:esp32-libs@3.3.6"
time="2026-02-07T16:03:33Z" level=info msg="Tool required for debug" tool="esp32:esp32c3-libs@3.3.6"
2026-02-07 16:03:33 2026-02-07T16:03:33.213Z daemon INFO time="2026-02-07T16:03:33Z" level=info msg="Tool required for debug" tool="esp32:esp32c5-libs@3.3.6"
time="2026-02-07T16:03:33Z" level=info msg="Tool required for debug" tool="esp32:esp32c6-libs@3.3.6"
time="2026-02-07T16:03:33Z" level=info msg="Tool required for debug" tool="esp32:esp32h2-libs@3.3.6"
2026-02-07 16:03:33 2026-02-07T16:03:33.213Z daemon INFO time="2026-02-07T16:03:33Z" level=info msg="Tool required for debug" tool="esp32:esp32p4-libs@3.3.6"
time="2026-02-07T16:03:33Z" level=info msg="Tool required for debug" tool="esp32:esp32p4_es-libs@3.3.6"
time="2026-02-07T16:03:33Z" level=info msg="Tool required for debug" tool="esp32:esp32s2-libs@3.3.6"
2026-02-07 16:03:33 2026-02-07T16:03:33.213Z daemon INFO time="2026-02-07T16:03:33Z" level=info msg="Tool required for debug" tool="esp32:esp32s3-libs@3.3.6"
time="2026-02-07T16:03:33Z" level=info msg="Tool required for debug" tool="esp32:esptool_py@5.1.0"
time="2026-02-07T16:03:33Z" level=info msg="Tool required for debug" tool="esp32:mklittlefs@4.0.2-db0513a"
2026-02-07 16:03:33 2026-02-07T16:03:33.213Z daemon INFO time="2026-02-07T16:03:33Z" level=info msg="Tool required for debug" tool="esp32:mkspiffs@0.2.3"
time="2026-02-07T16:03:33Z" level=info msg="Tool required for debug" tool="esp32:openocd-esp32@v0.12.0-esp32-20251215"
time="2026-02-07T16:03:33Z" level=info msg="Tool required for debug" tool="esp32:riscv32-esp-elf-gdb@16.3_20250913"
2026-02-07 16:03:33 2026-02-07T16:03:33.213Z daemon INFO time="2026-02-07T16:03:33Z" level=info msg="Tool required for debug" tool="esp32:xtensa-esp-elf-gdb@16.3_20250913"
time="2026-02-07T16:03:33Z" level=info msg="Tool required for debug" tool="builtin:mdns-discovery@1.0.12"
2026-02-07 16:03:33 2026-02-07T16:03:33.213Z daemon INFO time="2026-02-07T16:03:33Z" level=info msg="Tool required for debug" tool="arduino:avr-gcc@7.3.0-atmel3.6.1-arduino7"
time="2026-02-07T16:03:33Z" level=info msg="Tool required for debug" tool="arduino:arduinoOTA@1.3.0"
2026-02-07 16:03:33 2026-02-07T16:03:33.213Z daemon INFO time="2026-02-07T16:03:33Z" level=info msg="Tool required for debug" tool="builtin:dfu-discovery@0.1.2"
time="2026-02-07T16:03:33Z" level=info msg="Tool required for debug" tool="arduino:avrdude@8.0.0-arduino1"
2026-02-07 16:03:33 2026-02-07T16:03:33.213Z daemon INFO time="2026-02-07T16:03:33Z" level=info msg="Tool required for debug" tool="builtin:ctags@5.8-arduino11"
2026-02-07 16:03:33 2026-02-07T16:03:33.213Z daemon INFO time="2026-02-07T16:03:33Z" level=info msg="Tool required for debug" tool="builtin:serial-discovery@1.4.3"
time="2026-02-07T16:03:33Z" level=info msg="Tool required for debug" tool="builtin:serial-monitor@0.15.0"
2026-02-07 16:03:33 2026-02-07T16:03:33.248Z root INFO [hosted-plugin: 2038] PLUGIN_HOST(2038): PluginManagerExtImpl/loadPlugin(/opt/arduino-ide/resources/app/plugins/cortex-debug/extension/dist/extension.js)
2026-02-07 16:03:33 2026-02-07T16:03:33.268Z root INFO [hosted-plugin: 2038] Debug configuration provider has been registered: cortex-debug, trigger: 1
2026-02-07 16:03:33 2026-02-07T16:03:33.268Z root INFO [hosted-plugin: 2038] calling activation function on Cortex-Debug
2026-02-07 16:03:33 2026-02-07T16:03:33.270Z root INFO [hosted-plugin: 2038] GDB server console created
2026-02-07 16:03:33 2026-02-07T16:03:33.275Z root INFO [e2b46ed1-89ae-492e-8cec-e7765e373164] Start of 23 plugins: 810.1 ms [Finished 2.989 s after frontend start]
2026-02-07 16:03:33 2026-02-07T16:03:33.304Z root INFO Starting language server: esp32:esp32:esp32h2:UploadSpeed=921600,CDCOnBoot=default,FlashFreq=64,FlashMode=qio,FlashSize=4M,PartitionScheme=default,DebugLevel=none,EraseFlash=none,JTAGAdapter=default,ZigbeeMode=default
2026-02-07 16:03:33 2026-02-07T16:03:33.314Z root INFO [hosted-plugin: 2038] PLUGIN_HOST(2038): PluginManagerExtImpl/loadPlugin(/opt/arduino-ide/resources/app/plugins/vscode-arduino-tools/extension/dist/extension.js)
2026-02-07 16:03:33 2026-02-07T16:03:33.330Z root INFO [hosted-plugin: 2038] calling activation function on VS Code Arduino Tools
2026-02-07 16:03:33 2026-02-07T16:03:33.341Z daemon INFO time="2026-02-07T16:03:33Z" level=info msg="Adding libraries dir" dir=/home/shrek/.arduino15/libraries isSingleLibrary=false location=ide
time="2026-02-07T16:03:33Z" level=info msg="Adding libraries dir" dir=/home/shrek/.arduino15/packages/esp32/hardware/esp32/3.3.6/libraries isSingleLibrary=false location=platform
2026-02-07 16:03:33 2026-02-07T16:03:33.341Z daemon INFO time="2026-02-07T16:03:33Z" level=info msg="Adding libraries dir" dir=/home/shrek/Arduino/libraries isSingleLibrary=false location=user
2026-02-07 16:03:33 isTempSketch: false. Input was /home/shrek/Arduino/AndroidCnct/test1
2026-02-07 16:03:33 Marking workspace as a closed sketch. Workspace URI: file:///home/shrek/Arduino/AndroidCnct/test1. Date: 1770480213424.
2026-02-07 16:03:33 isTempSketch: false. Input was /home/shrek/Arduino/AndroidCnct/test1
2026-02-07 16:03:33 Marking workspace as a closed sketch. Workspace URI: file:///home/shrek/Arduino/AndroidCnct/test1. Date: 1770480213425.
2026-02-07 16:03:33 2026-02-07T16:03:33.429Z root INFO socked closed
2026-02-07 16:03:33 2026-02-07T16:03:33.429Z root INFO closing connection for 1
2026-02-07 16:03:33 2026-02-07T16:03:33.429Z root INFO Closing channel on service path '/localization-server'.
2026-02-07 16:03:33 2026-02-07T16:03:33.429Z root INFO Closing channel on service path '/os'.
2026-02-07 16:03:33 2026-02-07T16:03:33.429Z root INFO Closing channel on service path '/services/commands'.
2026-02-07 16:03:33 2026-02-07T16:03:33.429Z root INFO Closing channel on service path '/services/keyboard'.
2026-02-07 16:03:33 2026-02-07T16:03:33.429Z root INFO Closing channel on service path '/services/logger'.
2026-02-07 16:03:33 2026-02-07T16:03:33.429Z root INFO Closing channel on service path '/services/messageService'.
2026-02-07 16:03:33 2026-02-07T16:03:33.429Z root INFO Closing channel on service path '/services/ChannelCloseService'.
2026-02-07 16:03:33 2026-02-07T16:03:33.429Z root INFO Closing channel on service path '/services/remote-filesystem'.
2026-02-07 16:03:33 2026-02-07T16:03:33.429Z root INFO Closing channel on service path '/services/envs'.
2026-02-07 16:03:33 2026-02-07T16:03:33.429Z root INFO Closing channel on service path '/services/authentication-service'.
2026-02-07 16:03:33 2026-02-07T16:03:33.429Z root INFO Closing channel on service path '/services/sketches-service'.
2026-02-07 16:03:33 2026-02-07T16:03:33.429Z root INFO Closing channel on service path '/services/config-service'.
2026-02-07 16:03:33 2026-02-07T16:03:33.429Z root INFO Closing channel on service path '/services/workspace'.
2026-02-07 16:03:33 2026-02-07T16:03:33.429Z root INFO Closing channel on service path '/services/notification-service'.
2026-02-07 16:03:33 2026-02-07T16:03:33.429Z root INFO Closing channel on service path '/services/arduino-daemon'.
2026-02-07 16:03:33 2026-02-07T16:03:33.429Z root INFO Closing channel on service path '/services/stopwatch'.
2026-02-07 16:03:33 2026-02-07T16:03:33.429Z root INFO Closing channel on service path '/services/application'.
2026-02-07 16:03:33 2026-02-07T16:03:33.429Z root INFO Closing channel on service path '/services/i18n'.
2026-02-07 16:03:33 2026-02-07T16:03:33.429Z root INFO Closing channel on service path '/services/quickInput'.
2026-02-07 16:03:33 2026-02-07T16:03:33.429Z root INFO Closing channel on service path '/services/debug'.
2026-02-07 16:03:33 2026-02-07T16:03:33.429Z root INFO Closing channel on service path '/services/shell-terminal'.
2026-02-07 16:03:33 2026-02-07T16:03:33.429Z root INFO Closing channel on service path '/services/quickPick'.
2026-02-07 16:03:33 2026-02-07T16:03:33.429Z root INFO Closing channel on service path '/services/task'.
2026-02-07 16:03:33 2026-02-07T16:03:33.429Z root INFO Closing channel on service path '/services/search'.
2026-02-07 16:03:33 2026-02-07T16:03:33.429Z root INFO Closing channel on service path '/services/hostedPlugin'.
2026-02-07 16:03:33 2026-02-07T16:03:33.429Z root INFO Closing channel on service path '/services/plugin-ext'.
2026-02-07 16:03:33 2026-02-07T16:03:33.429Z root INFO Closing channel on service path '/services/plugin-paths'.
2026-02-07 16:03:33 2026-02-07T16:03:33.429Z root INFO Closing channel on service path '/services/cli-preferences'.
2026-02-07 16:03:33 2026-02-07T16:03:33.429Z root INFO Closing channel on service path '/services/boards-service'.
2026-02-07 16:03:33 2026-02-07T16:03:33.429Z root INFO Closing channel on service path '/services/response-service'.
2026-02-07 16:03:33 2026-02-07T16:03:33.429Z root INFO Closing channel on service path '/services/file-system-ext'.
2026-02-07 16:03:33 2026-02-07T16:03:33.429Z root INFO Closing channel on service path '/services/core-service'.
2026-02-07 16:03:33 2026-02-07T16:03:33.429Z root INFO Closing channel on service path '/services/example-service'.
2026-02-07 16:03:33 2026-02-07T16:03:33.429Z root INFO Closing channel on service path '/services/library-service'.
2026-02-07 16:03:33 2026-02-07T16:03:33.429Z root INFO Closing channel on service path '/services/executable-service'.
2026-02-07 16:03:33 2026-02-07T16:03:33.429Z root INFO Closing channel on service path '/services/arduino-firmware-uploader'.
2026-02-07 16:03:33 2026-02-07T16:03:33.429Z root INFO Closing channel on service path '/services/formatter'.
2026-02-07 16:03:33 2026-02-07T16:03:33.429Z root INFO Closing channel on service path '/services/search-in-workspace'.
2026-02-07 16:03:33 2026-02-07T16:03:33.429Z root INFO Closing channel on service path '/services/request-service'.
2026-02-07 16:03:33 2026-02-07T16:03:33.429Z root INFO Closing channel on service path '/services/keyStore'.
2026-02-07 16:03:33 2026-02-07T16:03:33.429Z root INFO Closing channel on service path '/services/languagePackService'.
2026-02-07 16:03:33 Closing channel on service path '/services/electron-window'.
2026-02-07 16:03:33 Closing channel on service path '/services/ide-updater'.
2026-02-07 16:03:34 2026-02-07T16:03:34.335Z daemon INFO time="2026-02-07T16:03:34Z" level=info msg="Adding libraries dir" dir=/home/shrek/.arduino15/libraries isSingleLibrary=false location=ide
time="2026-02-07T16:03:34Z" level=info msg="Adding libraries dir" dir=/home/shrek/.arduino15/packages/esp32/hardware/esp32/3.3.6/libraries isSingleLibrary=false location=platform
2026-02-07 16:03:34 2026-02-07T16:03:34.335Z daemon INFO time="2026-02-07T16:03:34Z" level=info msg="Adding libraries dir" dir=/home/shrek/Arduino/libraries isSingleLibrary=false location=user
2026-02-07 16:07:25 2026-02-07T16:07:25.132Z root ERROR ---- !!!SLOW!!! DURATION: search took 222.241 ms. Args: [{"query":"","type":"All","topic":"All"}] ----
2026-02-07 16:07:27 2026-02-07T16:07:27.535Z root INFO ---- DURATION: search took 64.329 ms. Args: [{"query":"ada","type":"All","topic":"All"}] ----
2026-02-07 16:07:28 2026-02-07T16:07:28.898Z root INFO ---- DURATION: search took 65.528 ms. Args: [{"query":"adafruit","type":"All","topic":"All"}] ----
2026-02-07 16:07:35 2026-02-07T16:07:35.485Z root INFO ---- DURATION: search took 67.675 ms. Args: [{"query":"adafruit ","type":"All","topic":"All"}] ----
2026-02-07 16:07:36 2026-02-07T16:07:36.365Z root INFO ---- DURATION: search took 62.083 ms. Args: [{"query":"adafruit","type":"All","topic":"All"}] ----
2026-02-07 16:07:37 2026-02-07T16:07:37.686Z root INFO ---- DURATION: search took 66.064 ms. Args: [{"query":"adafruit_s","type":"All","topic":"All"}] ----
2026-02-07 16:07:39 2026-02-07T16:07:39.459Z root INFO ---- DURATION: search took 53.180 ms. Args: [{"query":"adafruit_SSD","type":"All","topic":"All"}] ----
2026-02-07 16:07:44 2026-02-07T16:07:44.169Z root INFO >>> Starting library package installation... {
  name: 'Adafruit SSD1306',
  exampleUris: [],
  location: 0,
  installedVersion: undefined,
  author: 'Adafruit',
  availableVersions: [
    '2.5.16', '2.5.15', '2.5.14', '2.5.13',
    '2.5.12', '2.5.11', '2.5.10', '2.5.9',
    '2.5.7',  '2.5.6',  '2.5.4',  '2.5.3',
    '2.5.2',  '2.5.1',  '2.5.0',  '2.4.7',
    '2.4.6',  '2.4.5',  '2.4.4',  '2.4.3',
    '2.4.2',  '2.4.1',  '2.4.0',  '2.3.1',
    '2.3.0',  '2.2.1',  '2.2.0',  '2.1.0',
    '2.0.4',  '2.0.3',  '2.0.2',  '2.0.1',
    '2.0.0',  '1.3.0',  '1.2.9',  '1.2.8',
    '1.2.7',  '1.2.6',  '1.2.5',  '1.2.4',
    '1.2.3',  '1.2.2',  '1.2.1',  '1.2.0',
    '1.1.2',  '1.1.0',  '1.0.1',  '1.0.0'
  ],
  includes: [],
  description: 'SSD1306 oled driver library for monochrome 128x64 and 128x32 displays',
  moreInfoLink: 'https://github.com/adafruit/Adafruit_SSD1306',
  summary: 'SSD1306 oled driver library for monochrome 128x64 and 128x32 displays',
  category: 'Display',
  types: [ 'Contributed' ],
  index: 1
}
2026-02-07 16:07:44 2026-02-07T16:07:44.170Z discovery-log INFO stop
2026-02-07 16:07:44 2026-02-07T16:07:44.170Z discovery-log INFO >>> Stopping boards watcher...
2026-02-07 16:07:44 2026-02-07T16:07:44.170Z discovery-log INFO Canceling boards watcher...
2026-02-07 16:07:44 2026-02-07T16:07:44.170Z discovery-log INFO disposing requesting cancel
2026-02-07 16:07:44 2026-02-07T16:07:44.170Z discovery-log INFO disposing canceled
2026-02-07 16:07:44 2026-02-07T16:07:44.171Z discovery-log INFO error received
2026-02-07 16:07:44 2026-02-07T16:07:44.171Z discovery-log INFO cancel error received!
2026-02-07 16:07:44 2026-02-07T16:07:44.171Z discovery-log INFO stop received event: either end or cancel
2026-02-07 16:07:44 2026-02-07T16:07:44.171Z discovery-log INFO stop stopped
2026-02-07 16:07:44 2026-02-07T16:07:44.171Z discovery-log INFO received end
2026-02-07 16:07:44 2026-02-07T16:07:44.259Z daemon INFO time="2026-02-07T16:07:44Z" level=info msg="Starting download" url="https://downloads.arduino.cc/libraries/github.com/adafruit/Adafruit_BusIO-1.17.4.zip?query=depends"
2026-02-07 16:07:44 2026-02-07T16:07:44.414Z daemon INFO time="2026-02-07T16:07:44Z" level=info msg="Installing library" library="Adafruit BusIO@1.17.4"
2026-02-07 16:07:44 2026-02-07T16:07:44.416Z daemon INFO time="2026-02-07T16:07:44Z" level=info msg="Starting download" url="https://downloads.arduino.cc/libraries/github.com/adafruit/Adafruit_GFX_Library-1.12.4.zip?query=depends"
2026-02-07 16:07:44 2026-02-07T16:07:44.539Z daemon INFO time="2026-02-07T16:07:44Z" level=info msg="Installing library" library="Adafruit GFX Library@1.12.4"
2026-02-07 16:07:44 2026-02-07T16:07:44.548Z daemon INFO time="2026-02-07T16:07:44Z" level=info msg="Starting download" url="https://downloads.arduino.cc/libraries/github.com/adafruit/Adafruit_SSD1306-2.5.16.zip?query=install"
2026-02-07 16:07:44 2026-02-07T16:07:44.678Z daemon INFO time="2026-02-07T16:07:44Z" level=info msg="Installing library" library="Adafruit SSD1306@2.5.16"
2026-02-07 16:07:44 2026-02-07T16:07:44.691Z daemon INFO time="2026-02-07T16:07:44Z" level=info msg="Checking signature" index=/home/shrek/.arduino15/package_index.json signatureFile=/home/shrek/.arduino15/package_index.json.sig trusted=true
2026-02-07 16:07:44 2026-02-07T16:07:44.692Z daemon INFO time="2026-02-07T16:07:44Z" level=info msg="Missing signature file" index=/home/shrek/.arduino15/package_esp32_index.json
2026-02-07 16:07:44 2026-02-07T16:07:44.692Z daemon INFO time="2026-02-07T16:07:44Z" level=info msg="Loading hardware from: /home/shrek/.arduino15/packages"
2026-02-07 16:07:44 2026-02-07T16:07:44.692Z daemon INFO time="2026-02-07T16:07:44Z" level=info msg="Loading package arduino from: /home/shrek/.arduino15/packages/arduino/hardware"
2026-02-07 16:07:44 2026-02-07T16:07:44.693Z daemon INFO time="2026-02-07T16:07:44Z" level=info msg="Missing signature file" index=/home/shrek/.arduino15/packages/arduino/hardware/avr/1.8.7/installed.json
2026-02-07 16:07:44 2026-02-07T16:07:44.693Z daemon INFO time="2026-02-07T16:07:44Z" level=info msg="Adding monitor tool" protocol=serial tool="builtin:serial-monitor"
time="2026-02-07T16:07:44Z" level=info msg="Loaded platform" platform="arduino:avr@1.8.7"
2026-02-07 16:07:44 2026-02-07T16:07:44.693Z daemon INFO time="2026-02-07T16:07:44Z" level=info msg="Checking existence of 'tools' path: /home/shrek/.arduino15/packages/arduino/tools"
time="2026-02-07T16:07:44Z" level=info msg="Loading tools from dir: /home/shrek/.arduino15/packages/arduino/tools"
2026-02-07 16:07:44 2026-02-07T16:07:44.693Z daemon INFO time="2026-02-07T16:07:44Z" level=info msg="Loaded tool" tool="arduino:arduinoOTA@1.3.0"
2026-02-07 16:07:44 2026-02-07T16:07:44.694Z daemon INFO time="2026-02-07T16:07:44Z" level=info msg="Loaded tool" tool="arduino:avr-gcc@7.3.0-atmel3.6.1-arduino7"
2026-02-07 16:07:44 2026-02-07T16:07:44.694Z daemon INFO time="2026-02-07T16:07:44Z" level=info msg="Loaded tool" tool="arduino:avrdude@8.0.0-arduino1"
2026-02-07 16:07:44 2026-02-07T16:07:44.694Z daemon INFO time="2026-02-07T16:07:44Z" level=info msg="Loaded tool" tool="arduino:dfu-util@0.11.0-arduino5"
time="2026-02-07T16:07:44Z" level=info msg="Loading package builtin from: /home/shrek/.arduino15/packages/builtin"
2026-02-07 16:07:44 2026-02-07T16:07:44.694Z daemon INFO time="2026-02-07T16:07:44Z" level=info msg="Checking existence of 'tools' path: /home/shrek/.arduino15/packages/builtin/tools"
time="2026-02-07T16:07:44Z" level=info msg="Loading tools from dir: /home/shrek/.arduino15/packages/builtin/tools"
2026-02-07 16:07:44 2026-02-07T16:07:44.694Z daemon INFO time="2026-02-07T16:07:44Z" level=info msg="Loaded tool" tool="builtin:ctags@5.8-arduino11"
2026-02-07 16:07:44 2026-02-07T16:07:44.694Z daemon INFO time="2026-02-07T16:07:44Z" level=info msg="Loaded tool" tool="builtin:dfu-discovery@0.1.2"
2026-02-07 16:07:44 2026-02-07T16:07:44.694Z daemon INFO time="2026-02-07T16:07:44Z" level=info msg="Loaded tool" tool="builtin:mdns-discovery@1.0.12"
2026-02-07 16:07:44 2026-02-07T16:07:44.694Z daemon INFO time="2026-02-07T16:07:44Z" level=info msg="Loaded tool" tool="builtin:serial-discovery@1.4.3"
time="2026-02-07T16:07:44Z" level=info msg="Loaded tool" tool="builtin:serial-monitor@0.15.0"
2026-02-07 16:07:44 2026-02-07T16:07:44.694Z daemon INFO time="2026-02-07T16:07:44Z" level=info msg="Loading package esp32 from: /home/shrek/.arduino15/packages/esp32/hardware"
2026-02-07 16:07:44 2026-02-07T16:07:44.695Z daemon INFO time="2026-02-07T16:07:44Z" level=info msg="Missing signature file" index=/home/shrek/.arduino15/packages/esp32/hardware/esp32/3.3.6/installed.json
2026-02-07 16:07:44 2026-02-07T16:07:44.766Z daemon INFO time="2026-02-07T16:07:44Z" level=info msg="Adding monitor tool" protocol=serial tool="builtin:serial-monitor"
time="2026-02-07T16:07:44Z" level=info msg="Loaded platform" platform="esp32:esp32@3.3.6"
2026-02-07 16:07:44 2026-02-07T16:07:44.766Z daemon INFO time="2026-02-07T16:07:44Z" level=info msg="Checking existence of 'tools' path: /home/shrek/.arduino15/packages/esp32/tools"
time="2026-02-07T16:07:44Z" level=info msg="Loading tools from dir: /home/shrek/.arduino15/packages/esp32/tools"
time="2026-02-07T16:07:44Z" level=info msg="Loaded tool" tool="esp32:esp-rv32@2511"
2026-02-07 16:07:44 2026-02-07T16:07:44.766Z daemon INFO time="2026-02-07T16:07:44Z" level=info msg="Loaded tool" tool="esp32:esp-x32@2511"
time="2026-02-07T16:07:44Z" level=info msg="Loaded tool" tool="esp32:esp32-libs@3.3.6"
2026-02-07 16:07:44 2026-02-07T16:07:44.766Z daemon INFO time="2026-02-07T16:07:44Z" level=info msg="Loaded tool" tool="esp32:esp32c3-libs@3.3.6"
time="2026-02-07T16:07:44Z" level=info msg="Loaded tool" tool="esp32:esp32c5-libs@3.3.6"
2026-02-07 16:07:44 2026-02-07T16:07:44.766Z daemon INFO time="2026-02-07T16:07:44Z" level=info msg="Loaded tool" tool="esp32:esp32c6-libs@3.3.6"
2026-02-07 16:07:44 2026-02-07T16:07:44.766Z daemon INFO time="2026-02-07T16:07:44Z" level=info msg="Loaded tool" tool="esp32:esp32h2-libs@3.3.6"
time="2026-02-07T16:07:44Z" level=info msg="Loaded tool" tool="esp32:esp32p4-libs@3.3.6"
2026-02-07 16:07:44 2026-02-07T16:07:44.766Z daemon INFO time="2026-02-07T16:07:44Z" level=info msg="Loaded tool" tool="esp32:esp32p4_es-libs@3.3.6"
2026-02-07 16:07:44 2026-02-07T16:07:44.766Z daemon INFO time="2026-02-07T16:07:44Z" level=info msg="Loaded tool" tool="esp32:esp32s2-libs@3.3.6"
2026-02-07 16:07:44 2026-02-07T16:07:44.766Z daemon INFO time="2026-02-07T16:07:44Z" level=info msg="Loaded tool" tool="esp32:esp32s3-libs@3.3.6"
2026-02-07 16:07:44 2026-02-07T16:07:44.766Z daemon INFO time="2026-02-07T16:07:44Z" level=info msg="Loaded tool" tool="esp32:esptool_py@5.1.0"
2026-02-07 16:07:44 2026-02-07T16:07:44.766Z daemon INFO time="2026-02-07T16:07:44Z" level=info msg="Loaded tool" tool="esp32:mklittlefs@4.0.2-db0513a"
time="2026-02-07T16:07:44Z" level=info msg="Loaded tool" tool="esp32:mkspiffs@0.2.3"
2026-02-07 16:07:44 2026-02-07T16:07:44.766Z daemon INFO time="2026-02-07T16:07:44Z" level=info msg="Loaded tool" tool="esp32:openocd-esp32@v0.12.0-esp32-20251215"
time="2026-02-07T16:07:44Z" level=info msg="Loaded tool" tool="esp32:riscv32-esp-elf-gdb@16.3_20250913"
time="2026-02-07T16:07:44Z" level=info msg="Loaded tool" tool="esp32:xtensa-esp-elf-gdb@16.3_20250913"
2026-02-07 16:07:44 2026-02-07T16:07:44.768Z daemon INFO time="2026-02-07T16:07:44Z" level=info msg="Discovery event channel closed builtin:serial-discovery. Exiting goroutine."
2026-02-07 16:07:44 2026-02-07T16:07:44.769Z daemon INFO time="2026-02-07T16:07:44Z" level=info msg="Closed and removed discovery builtin:serial-discovery"
time="2026-02-07T16:07:44Z" level=error msg="Stopped decode loop: EOF" discovery="builtin:serial-discovery"
2026-02-07 16:07:44 2026-02-07T16:07:44.769Z daemon INFO time="2026-02-07T16:07:44Z" level=info msg="Discovery event channel closed builtin:mdns-discovery. Exiting goroutine."
2026-02-07 16:07:44 2026-02-07T16:07:44.769Z daemon INFO time="2026-02-07T16:07:44Z" level=info msg="Closed and removed discovery builtin:mdns-discovery"
2026-02-07 16:07:44 2026-02-07T16:07:44.769Z daemon INFO time="2026-02-07T16:07:44Z" level=error msg="Stopped decode loop: EOF" discovery="builtin:mdns-discovery"
2026-02-07 16:07:44 2026-02-07T16:07:44.772Z daemon INFO time="2026-02-07T16:07:44Z" level=info msg="Adding libraries dir" dir=/home/shrek/.arduino15/packages/arduino/hardware/avr/1.8.7/libraries isSingleLibrary=false location=platform
2026-02-07 16:07:44 2026-02-07T16:07:44.772Z daemon INFO time="2026-02-07T16:07:44Z" level=info msg="Adding libraries dir" dir=/home/shrek/.arduino15/packages/esp32/hardware/esp32/3.3.6/libraries isSingleLibrary=false location=platform
time="2026-02-07T16:07:44Z" level=info msg="Loading libraries index file" index=/home/shrek/.arduino15/library_index.json
2026-02-07 16:07:44 2026-02-07T16:07:44.902Z daemon INFO time="2026-02-07T16:07:44Z" level=info msg="Adding libraries dir" dir=/home/shrek/.arduino15/libraries isSingleLibrary=false location=ide
2026-02-07 16:07:44 2026-02-07T16:07:44.902Z daemon INFO time="2026-02-07T16:07:44Z" level=info msg="Adding libraries dir" dir=/home/shrek/Arduino/libraries isSingleLibrary=false location=user
2026-02-07 16:07:44 2026-02-07T16:07:44.933Z discovery-log INFO start
2026-02-07 16:07:44 2026-02-07T16:07:44.933Z discovery-log INFO start new deferred
2026-02-07 16:07:44 2026-02-07T16:07:44.933Z discovery-log INFO start resolved watching
2026-02-07 16:07:44 2026-02-07T16:07:44.933Z discovery-log INFO {"eventType":"add","port":{"matchingBoardsList":[],"port":{"address":"/dev/ttyS0","label":"/dev/ttyS0","protocol":"serial","protocolLabel":"Serial Port","propertiesMap":[],"hardwareId":""}},"error":""}
2026-02-07 16:07:45 2026-02-07T16:07:45.143Z root ERROR ---- !!!SLOW!!! DURATION: search took 210.236 ms. Args: [{}] ----
2026-02-07 16:07:45 2026-02-07T16:07:45.143Z root INFO <<< Library package installation done. {
  name: 'Adafruit SSD1306',
  exampleUris: [],
  location: 0,
  installedVersion: undefined,
  author: 'Adafruit',
  availableVersions: [
    '2.5.16', '2.5.15', '2.5.14', '2.5.13',
    '2.5.12', '2.5.11', '2.5.10', '2.5.9',
    '2.5.7',  '2.5.6',  '2.5.4',  '2.5.3',
    '2.5.2',  '2.5.1',  '2.5.0',  '2.4.7',
    '2.4.6',  '2.4.5',  '2.4.4',  '2.4.3',
    '2.4.2',  '2.4.1',  '2.4.0',  '2.3.1',
    '2.3.0',  '2.2.1',  '2.2.0',  '2.1.0',
    '2.0.4',  '2.0.3',  '2.0.2',  '2.0.1',
    '2.0.0',  '1.3.0',  '1.2.9',  '1.2.8',
    '1.2.7',  '1.2.6',  '1.2.5',  '1.2.4',
    '1.2.3',  '1.2.2',  '1.2.1',  '1.2.0',
    '1.1.2',  '1.1.0',  '1.0.1',  '1.0.0'
  ],
  includes: [],
  description: 'SSD1306 oled driver library for monochrome 128x64 and 128x32 displays',
  moreInfoLink: 'https://github.com/adafruit/Adafruit_SSD1306',
  summary: 'SSD1306 oled driver library for monochrome 128x64 and 128x32 displays',
  category: 'Display',
  types: [ 'Contributed' ],
  index: 1
}
2026-02-07 16:07:45 2026-02-07T16:07:45.250Z root INFO ---- DURATION: search took 60.095 ms. Args: [{"query":"adafruit_SSD","type":"All","topic":"All"}] ----
2026-02-07 16:07:45 2026-02-07T16:07:45.256Z root INFO Starting language server: esp32:esp32:esp32h2:UploadSpeed=921600,CDCOnBoot=default,FlashFreq=64,FlashMode=qio,FlashSize=4M,PartitionScheme=default,DebugLevel=none,EraseFlash=none,JTAGAdapter=default,ZigbeeMode=default
2026-02-07 16:07:45 2026-02-07T16:07:45.286Z daemon INFO time="2026-02-07T16:07:45Z" level=info msg="Adding libraries dir" dir=/home/shrek/.arduino15/libraries isSingleLibrary=false location=ide
2026-02-07 16:07:45 2026-02-07T16:07:45.286Z daemon INFO time="2026-02-07T16:07:45Z" level=info msg="Adding libraries dir" dir=/home/shrek/.arduino15/packages/esp32/hardware/esp32/3.3.6/libraries isSingleLibrary=false location=platform
time="2026-02-07T16:07:45Z" level=info msg="Adding libraries dir" dir=/home/shrek/Arduino/libraries isSingleLibrary=false location=user
2026-02-07 16:07:45 2026-02-07T16:07:45.746Z root INFO ---- DURATION: search took 62.993 ms. Args: [{"query":"adafruit_SSD","type":"All","topic":"All"}] ----
2026-02-07 16:07:46 2026-02-07T16:07:46.317Z daemon INFO time="2026-02-07T16:07:46Z" level=info msg="Adding libraries dir" dir=/home/shrek/.arduino15/libraries isSingleLibrary=false location=ide
time="2026-02-07T16:07:46Z" level=info msg="Adding libraries dir" dir=/home/shrek/.arduino15/packages/esp32/hardware/esp32/3.3.6/libraries isSingleLibrary=false location=platform
time="2026-02-07T16:07:46Z" level=info msg="Adding libraries dir" dir=/home/shrek/Arduino/libraries isSingleLibrary=false location=user
2026-02-07 16:09:50 2026-02-07T16:09:50.162Z config INFO Updating daemon with 'data': {
  "board_manager": {
    "additional_urls": [
      "http://arduino.esp8266.com/stable/package_esp8266com_index.json"
    ]
  },
  "directories": {
    "data": "/home/shrek/.arduino15",
    "user": "/home/shrek/Arduino"
  },
  "locale": "en",
  "network": {}
}
2026-02-07 16:09:50 2026-02-07T16:09:50.173Z root INFO core-client-provider [platform-index] Downloading index: package_index.tar.bz2

2026-02-07 16:09:50 2026-02-07T16:09:50.173Z daemon INFO time="2026-02-07T16:09:50Z" level=info msg="Updating index" url="https://downloads.arduino.cc/packages/package_index.tar.bz2"
time="2026-02-07T16:09:50Z" level=info msg="Starting download" url="https://downloads.arduino.cc/packages/package_index.tar.bz2"
2026-02-07 16:09:50 2026-02-07T16:09:50.355Z daemon INFO time="2026-02-07T16:09:50Z" level=info msg="Updating index" url="http://arduino.esp8266.com/stable/package_esp8266com_index.json"
2026-02-07 16:09:50 2026-02-07T16:09:50.355Z daemon INFO time="2026-02-07T16:09:50Z" level=info msg="Starting download" url="http://arduino.esp8266.com/stable/package_esp8266com_index.json"
2026-02-07 16:09:50 2026-02-07T16:09:50.355Z root INFO core-client-provider [platform-index] Downloading index: package_esp8266com_index.json

2026-02-07 16:09:50 2026-02-07T16:09:50.969Z daemon INFO time="2026-02-07T16:09:50Z" level=info msg="Checking signature" index=/home/shrek/.arduino15/package_index.json signatureFile=/home/shrek/.arduino15/package_index.json.sig trusted=true
2026-02-07 16:09:50 2026-02-07T16:09:50.969Z daemon INFO time="2026-02-07T16:09:50Z" level=info msg="Missing signature file" index=/home/shrek/.arduino15/package_esp8266com_index.json
2026-02-07 16:09:50 2026-02-07T16:09:50.969Z daemon INFO time="2026-02-07T16:09:50Z" level=info msg="Loading hardware from: /home/shrek/.arduino15/packages"
2026-02-07 16:09:50 2026-02-07T16:09:50.970Z daemon INFO time="2026-02-07T16:09:50Z" level=info msg="Loading package arduino from: /home/shrek/.arduino15/packages/arduino/hardware"
2026-02-07 16:09:50 2026-02-07T16:09:50.970Z daemon INFO time="2026-02-07T16:09:50Z" level=info msg="Missing signature file" index=/home/shrek/.arduino15/packages/arduino/hardware/avr/1.8.7/installed.json
2026-02-07 16:09:50 2026-02-07T16:09:50.971Z daemon INFO time="2026-02-07T16:09:50Z" level=info msg="Adding monitor tool" protocol=serial tool="builtin:serial-monitor"
time="2026-02-07T16:09:50Z" level=info msg="Loaded platform" platform="arduino:avr@1.8.7"
2026-02-07 16:09:50 2026-02-07T16:09:50.971Z daemon INFO time="2026-02-07T16:09:50Z" level=info msg="Checking existence of 'tools' path: /home/shrek/.arduino15/packages/arduino/tools"
time="2026-02-07T16:09:50Z" level=info msg="Loading tools from dir: /home/shrek/.arduino15/packages/arduino/tools"
2026-02-07 16:09:50 2026-02-07T16:09:50.971Z daemon INFO time="2026-02-07T16:09:50Z" level=info msg="Loaded tool" tool="arduino:arduinoOTA@1.3.0"
time="2026-02-07T16:09:50Z" level=info msg="Loaded tool" tool="arduino:avr-gcc@7.3.0-atmel3.6.1-arduino7"
2026-02-07 16:09:50 2026-02-07T16:09:50.971Z daemon INFO time="2026-02-07T16:09:50Z" level=info msg="Loaded tool" tool="arduino:avrdude@8.0.0-arduino1"
time="2026-02-07T16:09:50Z" level=info msg="Loaded tool" tool="arduino:dfu-util@0.11.0-arduino5"
2026-02-07 16:09:50 2026-02-07T16:09:50.971Z daemon INFO time="2026-02-07T16:09:50Z" level=info msg="Loading package builtin from: /home/shrek/.arduino15/packages/builtin"
time="2026-02-07T16:09:50Z" level=info msg="Checking existence of 'tools' path: /home/shrek/.arduino15/packages/builtin/tools"
time="2026-02-07T16:09:50Z" level=info msg="Loading tools from dir: /home/shrek/.arduino15/packages/builtin/tools"
2026-02-07 16:09:50 2026-02-07T16:09:50.971Z daemon INFO time="2026-02-07T16:09:50Z" level=info msg="Loaded tool" tool="builtin:ctags@5.8-arduino11"
2026-02-07 16:09:50 2026-02-07T16:09:50.971Z daemon INFO time="2026-02-07T16:09:50Z" level=info msg="Loaded tool" tool="builtin:dfu-discovery@0.1.2"
time="2026-02-07T16:09:50Z" level=info msg="Loaded tool" tool="builtin:mdns-discovery@1.0.12"
2026-02-07 16:09:50 2026-02-07T16:09:50.971Z daemon INFO time="2026-02-07T16:09:50Z" level=info msg="Loaded tool" tool="builtin:serial-discovery@1.4.3"
time="2026-02-07T16:09:50Z" level=info msg="Loaded tool" tool="builtin:serial-monitor@0.15.0"
2026-02-07 16:09:50 2026-02-07T16:09:50.971Z daemon INFO time="2026-02-07T16:09:50Z" level=info msg="Loading package esp32 from: /home/shrek/.arduino15/packages/esp32/hardware"
2026-02-07 16:09:50 2026-02-07T16:09:50.972Z daemon INFO time="2026-02-07T16:09:50Z" level=info msg="Missing signature file" index=/home/shrek/.arduino15/packages/esp32/hardware/esp32/3.3.6/installed.json
2026-02-07 16:09:51 2026-02-07T16:09:51.046Z daemon INFO time="2026-02-07T16:09:51Z" level=info msg="Adding monitor tool" protocol=serial tool="builtin:serial-monitor"
time="2026-02-07T16:09:51Z" level=info msg="Loaded platform" platform="esp32:esp32@3.3.6"
time="2026-02-07T16:09:51Z" level=info msg="Checking existence of 'tools' path: /home/shrek/.arduino15/packages/esp32/tools"
2026-02-07 16:09:51 2026-02-07T16:09:51.046Z daemon INFO time="2026-02-07T16:09:51Z" level=info msg="Loading tools from dir: /home/shrek/.arduino15/packages/esp32/tools"
time="2026-02-07T16:09:51Z" level=info msg="Loaded tool" tool="esp32:esp-rv32@2511"
time="2026-02-07T16:09:51Z" level=info msg="Loaded tool" tool="esp32:esp-x32@2511"
2026-02-07 16:09:51 2026-02-07T16:09:51.046Z daemon INFO time="2026-02-07T16:09:51Z" level=info msg="Loaded tool" tool="esp32:esp32-libs@3.3.6"
time="2026-02-07T16:09:51Z" level=info msg="Loaded tool" tool="esp32:esp32c3-libs@3.3.6"
2026-02-07 16:09:51 2026-02-07T16:09:51.046Z daemon INFO time="2026-02-07T16:09:51Z" level=info msg="Loaded tool" tool="esp32:esp32c5-libs@3.3.6"
time="2026-02-07T16:09:51Z" level=info msg="Loaded tool" tool="esp32:esp32c6-libs@3.3.6"
2026-02-07 16:09:51 2026-02-07T16:09:51.046Z daemon INFO time="2026-02-07T16:09:51Z" level=info msg="Loaded tool" tool="esp32:esp32h2-libs@3.3.6"
time="2026-02-07T16:09:51Z" level=info msg="Loaded tool" tool="esp32:esp32p4-libs@3.3.6"
2026-02-07 16:09:51 2026-02-07T16:09:51.046Z daemon INFO time="2026-02-07T16:09:51Z" level=info msg="Loaded tool" tool="esp32:esp32p4_es-libs@3.3.6"
2026-02-07 16:09:51 2026-02-07T16:09:51.046Z daemon INFO time="2026-02-07T16:09:51Z" level=info msg="Loaded tool" tool="esp32:esp32s2-libs@3.3.6"
time="2026-02-07T16:09:51Z" level=info msg="Loaded tool" tool="esp32:esp32s3-libs@3.3.6"
2026-02-07 16:09:51 2026-02-07T16:09:51.046Z daemon INFO time="2026-02-07T16:09:51Z" level=info msg="Loaded tool" tool="esp32:esptool_py@5.1.0"
2026-02-07 16:09:51 2026-02-07T16:09:51.046Z daemon INFO time="2026-02-07T16:09:51Z" level=info msg="Loaded tool" tool="esp32:mklittlefs@4.0.2-db0513a"
time="2026-02-07T16:09:51Z" level=info msg="Loaded tool" tool="esp32:mkspiffs@0.2.3"
2026-02-07 16:09:51 2026-02-07T16:09:51.046Z daemon INFO time="2026-02-07T16:09:51Z" level=info msg="Loaded tool" tool="esp32:openocd-esp32@v0.12.0-esp32-20251215"
2026-02-07 16:09:51 2026-02-07T16:09:51.046Z daemon INFO time="2026-02-07T16:09:51Z" level=info msg="Loaded tool" tool="esp32:riscv32-esp-elf-gdb@16.3_20250913"
2026-02-07 16:09:51 2026-02-07T16:09:51.046Z daemon INFO time="2026-02-07T16:09:51Z" level=info msg="Loaded tool" tool="esp32:xtensa-esp-elf-gdb@16.3_20250913"
2026-02-07 16:09:51 2026-02-07T16:09:51.048Z daemon INFO time="2026-02-07T16:09:51Z" level=info msg="Discovery event channel closed builtin:serial-discovery. Exiting goroutine."
2026-02-07 16:09:51 2026-02-07T16:09:51.049Z discovery-log INFO {"eventType":"remove","port":{"matchingBoardsList":[],"port":{"address":"/dev/ttyS0","label":"/dev/ttyS0","protocol":"serial","protocolLabel":"Serial Port","propertiesMap":[],"hardwareId":""}},"error":""}
2026-02-07 16:09:51 2026-02-07T16:09:51.049Z daemon INFO time="2026-02-07T16:09:51Z" level=info msg="Closed and removed discovery builtin:serial-discovery"
time="2026-02-07T16:09:51Z" level=error msg="Stopped decode loop: EOF" discovery="builtin:serial-discovery"
time="2026-02-07T16:09:51Z" level=info msg="Discovery event channel closed builtin:mdns-discovery. Exiting goroutine."
2026-02-07 16:09:51 2026-02-07T16:09:51.049Z daemon INFO time="2026-02-07T16:09:51Z" level=info msg="Closed and removed discovery builtin:mdns-discovery"
2026-02-07 16:09:51 2026-02-07T16:09:51.049Z daemon INFO time="2026-02-07T16:09:51Z" level=error msg="Stopped decode loop: EOF" discovery="builtin:mdns-discovery"
2026-02-07 16:09:51 2026-02-07T16:09:51.051Z discovery-log INFO {"eventType":"add","port":{"matchingBoardsList":[],"port":{"address":"/dev/ttyS0","label":"/dev/ttyS0","protocol":"serial","protocolLabel":"Serial Port","propertiesMap":[],"hardwareId":""}},"error":""}
2026-02-07 16:09:51 2026-02-07T16:09:51.052Z daemon INFO time="2026-02-07T16:09:51Z" level=info msg="Adding libraries dir" dir=/home/shrek/.arduino15/packages/arduino/hardware/avr/1.8.7/libraries isSingleLibrary=false location=platform
2026-02-07 16:09:51 2026-02-07T16:09:51.052Z daemon INFO time="2026-02-07T16:09:51Z" level=info msg="Adding libraries dir" dir=/home/shrek/.arduino15/packages/esp32/hardware/esp32/3.3.6/libraries isSingleLibrary=false location=platform
2026-02-07 16:09:51 2026-02-07T16:09:51.053Z daemon INFO time="2026-02-07T16:09:51Z" level=info msg="Loading libraries index file" index=/home/shrek/.arduino15/library_index.json
2026-02-07 16:09:51 2026-02-07T16:09:51.201Z daemon INFO time="2026-02-07T16:09:51Z" level=info msg="Adding libraries dir" dir=/home/shrek/.arduino15/libraries isSingleLibrary=false location=ide
time="2026-02-07T16:09:51Z" level=info msg="Adding libraries dir" dir=/home/shrek/Arduino/libraries isSingleLibrary=false location=user
2026-02-07 16:09:51 2026-02-07T16:09:51.794Z root INFO ---- DURATION: search took 61.680 ms. Args: [{"query":"adafruit_SSD","type":"All","topic":"All"}] ----
2026-02-07 16:10:47 2026-02-07T16:10:47.671Z root INFO >>> Starting boards package installation... {
  id: 'esp8266:esp8266',
  name: 'esp8266',
  summary: 'Boards included in this package:',
  description: "Generic ESP8266 Module, Generic ESP8285 Module, Lifely Agrumino Lemon v4, ESPDuino (ESP-13 Module), Adafruit Feather HUZZAH ESP8266, WiFi Kit 8, Invent One, XinaBox CW01, ESPresso Lite 1.0, ESPresso Lite 2.0, Phoenix 1.0, Phoenix 2.0, NodeMCU 0.9 (ESP-12 Module), NodeMCU 1.0 (ESP-12E Module), Olimex MOD-WIFI-ESP8266(-DEV), SparkFun ESP8266 Thing, SparkFun ESP8266 Thing Dev, SparkFun Blynk Board, SweetPea ESP-210, LOLIN(WEMOS) D1 R2 & mini, LOLIN(WEMOS) D1 ESP-WROOM-02, LOLIN(WEMOS) D1 mini (clone), LOLIN(WEMOS) D1 mini Pro, LOLIN(WEMOS) D1 mini Lite, LOLIN(WeMos) D1 R1, ESPino (ESP-12 Module), ThaiEasyElec's ESPino, WifInfo, Arduino, 4D Systems gen4 IoD Range, Digistump Oak, WiFiduino, Amperka WiFi Slot, Seeed Wio Link, ESPectro Core, Schirmilabs Eduino WiFi, ITEAD Sonoff, DOIT ESP-Mx DevKit (ESP8285)",
  boards: [
    { name: 'Generic ESP8266 Module', fqbn: '' },
    { name: 'Generic ESP8285 Module', fqbn: '' },
    { name: 'Lifely Agrumino Lemon v4', fqbn: '' },
    { name: 'ESPDuino (ESP-13 Module)', fqbn: '' },
    { name: 'Adafruit Feather HUZZAH ESP8266', fqbn: '' },
    { name: 'WiFi Kit 8', fqbn: '' },
    { name: 'Invent One', fqbn: '' },
    { name: 'XinaBox CW01', fqbn: '' },
    { name: 'ESPresso Lite 1.0', fqbn: '' },
    { name: 'ESPresso Lite 2.0', fqbn: '' },
    { name: 'Phoenix 1.0', fqbn: '' },
    { name: 'Phoenix 2.0', fqbn: '' },
    { name: 'NodeMCU 0.9 (ESP-12 Module)', fqbn: '' },
    { name: 'NodeMCU 1.0 (ESP-12E Module)', fqbn: '' },
    { name: 'Olimex MOD-WIFI-ESP8266(-DEV)', fqbn: '' },
    { name: 'SparkFun ESP8266 Thing', fqbn: '' },
    { name: 'SparkFun ESP8266 Thing Dev', fqbn: '' },
    { name: 'SparkFun Blynk Board', fqbn: '' },
    { name: 'SweetPea ESP-210', fqbn: '' },
    { name: 'LOLIN(WEMOS) D1 R2 & mini', fqbn: '' },
    { name: 'LOLIN(WEMOS) D1 ESP-WROOM-02', fqbn: '' },
    { name: 'LOLIN(WEMOS) D1 mini (clone)', fqbn: '' },
    { name: 'LOLIN(WEMOS) D1 mini Pro', fqbn: '' },
    { name: 'LOLIN(WEMOS) D1 mini Lite', fqbn: '' },
    { name: 'LOLIN(WeMos) D1 R1', fqbn: '' },
    { name: 'ESPino (ESP-12 Module)', fqbn: '' },
    { name: "ThaiEasyElec's ESPino", fqbn: '' },
    { name: 'WifInfo', fqbn: '' },
    { name: 'Arduino', fqbn: '' },
    { name: '4D Systems gen4 IoD Range', fqbn: '' },
    { name: 'Digistump Oak', fqbn: '' },
    { name: 'WiFiduino', fqbn: '' },
    { name: 'Amperka WiFi Slot', fqbn: '' },
    { name: 'Seeed Wio Link', fqbn: '' },
    { name: 'ESPectro Core', fqbn: '' },
    { name: 'Schirmilabs Eduino WiFi', fqbn: '' },
    { name: 'ITEAD Sonoff', fqbn: '' },
    { name: 'DOIT ESP-Mx DevKit (ESP8285)', fqbn: '' }
  ],
  types: [ 'ESP8266' ],
  moreInfoLink: 'https://github.com/esp8266/Arduino',
  author: 'ESP8266 Community',
  deprecated: false,
  availableVersions: [
    '3.1.2', '3.1.1', '3.1.0',
    '3.0.2', '3.0.1', '3.0.0',
    '2.7.4', '2.7.3', '2.7.2',
    '2.7.1', '2.7.0', '2.6.3',
    '2.6.2', '2.6.1', '2.6.0',
    '2.5.2', '2.5.1', '2.5.0',
    '2.4.2', '2.4.1', '2.4.0',
    '2.3.0', '2.2.0', '2.1.0',
    '2.0.0'
  ],
  index: 0
}
2026-02-07 16:10:47 2026-02-07T16:10:47.672Z discovery-log INFO stop
2026-02-07 16:10:47 2026-02-07T16:10:47.672Z discovery-log INFO >>> Stopping boards watcher...
2026-02-07 16:10:47 2026-02-07T16:10:47.672Z discovery-log INFO Canceling boards watcher...
2026-02-07 16:10:47 2026-02-07T16:10:47.672Z discovery-log INFO disposing requesting cancel
2026-02-07 16:10:47 2026-02-07T16:10:47.672Z discovery-log INFO disposing canceled
2026-02-07 16:10:47 2026-02-07T16:10:47.672Z discovery-log INFO error received
2026-02-07 16:10:47 2026-02-07T16:10:47.672Z discovery-log INFO cancel error received!
2026-02-07 16:10:47 2026-02-07T16:10:47.672Z discovery-log INFO stop received event: either end or cancel
2026-02-07 16:10:47 2026-02-07T16:10:47.672Z discovery-log INFO stop stopped
2026-02-07 16:10:47 2026-02-07T16:10:47.672Z discovery-log INFO received end
2026-02-07 16:10:47 2026-02-07T16:10:47.673Z daemon INFO time="2026-02-07T16:10:47Z" level=info msg="Starting download" url="https://github.com/earlephilhower/esp-quick-toolchain/releases/download/3.1.0-gcc10.3/x86_64-linux-gnu.xtensa-lx106-elf-e5f9fec.220621.tar.gz"
2026-02-07 16:10:50 2026-02-07T16:10:50.971Z daemon INFO time="2026-02-07T16:10:50Z" level=info msg="Starting download" url="https://github.com/earlephilhower/esp-quick-toolchain/releases/download/3.1.0-gcc10.3/x86_64-linux-gnu.mkspiffs-7fefeac.220621.tar.gz"
2026-02-07 16:10:51 2026-02-07T16:10:51.185Z daemon INFO time="2026-02-07T16:10:51Z" level=info msg="Starting download" url="https://github.com/earlephilhower/esp-quick-toolchain/releases/download/3.1.0-gcc10.3/x86_64-linux-gnu.mklittlefs-30b7fc1.220621.tar.gz"
2026-02-07 16:10:51 2026-02-07T16:10:51.432Z daemon INFO time="2026-02-07T16:10:51Z" level=info msg="Starting download" url="https://github.com/earlephilhower/esp-quick-toolchain/releases/download/2.5.0-4/python3-via-env.tar.gz"
2026-02-07 16:10:51 2026-02-07T16:10:51.652Z daemon INFO time="2026-02-07T16:10:51Z" level=info msg="Starting download" url="https://github.com/esp8266/Arduino/releases/download/3.1.2/esp8266-3.1.2.zip"
2026-02-07 16:10:53 2026-02-07T16:10:53.377Z daemon INFO time="2026-02-07T16:10:53Z" level=info msg="Installing tool" Tool="esp8266:xtensa-lx106-elf-gcc@3.1.0-gcc10.3-e5f9fec"
2026-02-07 16:10:54 2026-02-07T16:10:54.463Z daemon INFO time="2026-02-07T16:10:54Z" level=info msg="Running tool post_install script" Tool="esp8266:xtensa-lx106-elf-gcc@3.1.0-gcc10.3-e5f9fec"
2026-02-07 16:10:54 2026-02-07T16:10:54.463Z daemon INFO time="2026-02-07T16:10:54Z" level=info msg="Tool installed" Tool="esp8266:xtensa-lx106-elf-gcc@3.1.0-gcc10.3-e5f9fec"
time="2026-02-07T16:10:54Z" level=info msg="Installing tool" Tool="esp8266:mkspiffs@3.1.0-gcc10.3-e5f9fec"
2026-02-07 16:10:54 2026-02-07T16:10:54.464Z daemon INFO time="2026-02-07T16:10:54Z" level=info msg="Running tool post_install script" Tool="esp8266:mkspiffs@3.1.0-gcc10.3-e5f9fec"
time="2026-02-07T16:10:54Z" level=info msg="Tool installed" Tool="esp8266:mkspiffs@3.1.0-gcc10.3-e5f9fec"
time="2026-02-07T16:10:54Z" level=info msg="Installing tool" Tool="esp8266:mklittlefs@3.1.0-gcc10.3-e5f9fec"
2026-02-07 16:10:54 2026-02-07T16:10:54.465Z daemon INFO time="2026-02-07T16:10:54Z" level=info msg="Running tool post_install script" Tool="esp8266:mklittlefs@3.1.0-gcc10.3-e5f9fec"
2026-02-07 16:10:54 2026-02-07T16:10:54.465Z daemon INFO time="2026-02-07T16:10:54Z" level=info msg="Tool installed" Tool="esp8266:mklittlefs@3.1.0-gcc10.3-e5f9fec"
time="2026-02-07T16:10:54Z" level=info msg="Installing tool" Tool="esp8266:python3@3.7.2-post1"
2026-02-07 16:10:54 2026-02-07T16:10:54.466Z daemon INFO time="2026-02-07T16:10:54Z" level=info msg="Running tool post_install script" Tool="esp8266:python3@3.7.2-post1"
time="2026-02-07T16:10:54Z" level=info msg="Tool installed" Tool="esp8266:python3@3.7.2-post1"
time="2026-02-07T16:10:54Z" level=info msg="Installing platform" platform="esp8266:esp8266@3.1.2"
2026-02-07 16:10:55 2026-02-07T16:10:55.115Z daemon INFO time="2026-02-07T16:10:55Z" level=info msg="Running post_install script" platform="esp8266:esp8266@3.1.2"
2026-02-07 16:10:55 2026-02-07T16:10:55.115Z daemon INFO time="2026-02-07T16:10:55Z" level=info msg="Platform installed" platform="esp8266:esp8266@3.1.2"
2026-02-07 16:10:55 2026-02-07T16:10:55.121Z daemon INFO time="2026-02-07T16:10:55Z" level=info msg="Checking signature" index=/home/shrek/.arduino15/package_index.json signatureFile=/home/shrek/.arduino15/package_index.json.sig trusted=true
2026-02-07 16:10:55 2026-02-07T16:10:55.122Z daemon INFO time="2026-02-07T16:10:55Z" level=info msg="Missing signature file" index=/home/shrek/.arduino15/package_esp8266com_index.json
2026-02-07 16:10:55 2026-02-07T16:10:55.122Z daemon INFO time="2026-02-07T16:10:55Z" level=info msg="Loading hardware from: /home/shrek/.arduino15/packages"
2026-02-07 16:10:55 2026-02-07T16:10:55.122Z daemon INFO time="2026-02-07T16:10:55Z" level=info msg="Loading package arduino from: /home/shrek/.arduino15/packages/arduino/hardware"
2026-02-07 16:10:55 2026-02-07T16:10:55.123Z daemon INFO time="2026-02-07T16:10:55Z" level=info msg="Missing signature file" index=/home/shrek/.arduino15/packages/arduino/hardware/avr/1.8.7/installed.json
2026-02-07 16:10:55 2026-02-07T16:10:55.124Z daemon INFO time="2026-02-07T16:10:55Z" level=info msg="Adding monitor tool" protocol=serial tool="builtin:serial-monitor"
time="2026-02-07T16:10:55Z" level=info msg="Loaded platform" platform="arduino:avr@1.8.7"
time="2026-02-07T16:10:55Z" level=info msg="Checking existence of 'tools' path: /home/shrek/.arduino15/packages/arduino/tools"
2026-02-07 16:10:55 2026-02-07T16:10:55.124Z daemon INFO time="2026-02-07T16:10:55Z" level=info msg="Loading tools from dir: /home/shrek/.arduino15/packages/arduino/tools"
time="2026-02-07T16:10:55Z" level=info msg="Loaded tool" tool="arduino:arduinoOTA@1.3.0"
2026-02-07 16:10:55 2026-02-07T16:10:55.124Z daemon INFO time="2026-02-07T16:10:55Z" level=info msg="Loaded tool" tool="arduino:avr-gcc@7.3.0-atmel3.6.1-arduino7"
time="2026-02-07T16:10:55Z" level=info msg="Loaded tool" tool="arduino:avrdude@8.0.0-arduino1"
2026-02-07 16:10:55 2026-02-07T16:10:55.124Z daemon INFO time="2026-02-07T16:10:55Z" level=info msg="Loaded tool" tool="arduino:dfu-util@0.11.0-arduino5"
time="2026-02-07T16:10:55Z" level=info msg="Loading package builtin from: /home/shrek/.arduino15/packages/builtin"
2026-02-07 16:10:55 2026-02-07T16:10:55.124Z daemon INFO time="2026-02-07T16:10:55Z" level=info msg="Checking existence of 'tools' path: /home/shrek/.arduino15/packages/builtin/tools"
time="2026-02-07T16:10:55Z" level=info msg="Loading tools from dir: /home/shrek/.arduino15/packages/builtin/tools"
time="2026-02-07T16:10:55Z" level=info msg="Loaded tool" tool="builtin:ctags@5.8-arduino11"
2026-02-07 16:10:55 2026-02-07T16:10:55.124Z daemon INFO time="2026-02-07T16:10:55Z" level=info msg="Loaded tool" tool="builtin:dfu-discovery@0.1.2"
time="2026-02-07T16:10:55Z" level=info msg="Loaded tool" tool="builtin:mdns-discovery@1.0.12"
2026-02-07 16:10:55 2026-02-07T16:10:55.124Z daemon INFO time="2026-02-07T16:10:55Z" level=info msg="Loaded tool" tool="builtin:serial-discovery@1.4.3"
time="2026-02-07T16:10:55Z" level=info msg="Loaded tool" tool="builtin:serial-monitor@0.15.0"
time="2026-02-07T16:10:55Z" level=info msg="Loading package esp32 from: /home/shrek/.arduino15/packages/esp32/hardware"
2026-02-07 16:10:55 2026-02-07T16:10:55.125Z daemon INFO time="2026-02-07T16:10:55Z" level=info msg="Missing signature file" index=/home/shrek/.arduino15/packages/esp32/hardware/esp32/3.3.6/installed.json
2026-02-07 16:10:55 2026-02-07T16:10:55.198Z daemon INFO time="2026-02-07T16:10:55Z" level=info msg="Adding monitor tool" protocol=serial tool="builtin:serial-monitor"
time="2026-02-07T16:10:55Z" level=info msg="Loaded platform" platform="esp32:esp32@3.3.6"
2026-02-07 16:10:55 2026-02-07T16:10:55.198Z daemon INFO time="2026-02-07T16:10:55Z" level=info msg="Checking existence of 'tools' path: /home/shrek/.arduino15/packages/esp32/tools"
time="2026-02-07T16:10:55Z" level=info msg="Loading tools from dir: /home/shrek/.arduino15/packages/esp32/tools"
time="2026-02-07T16:10:55Z" level=info msg="Loaded tool" tool="esp32:esp-rv32@2511"
2026-02-07 16:10:55 2026-02-07T16:10:55.199Z daemon INFO time="2026-02-07T16:10:55Z" level=info msg="Loaded tool" tool="esp32:esp-x32@2511"
time="2026-02-07T16:10:55Z" level=info msg="Loaded tool" tool="esp32:esp32-libs@3.3.6"
2026-02-07 16:10:55 2026-02-07T16:10:55.199Z daemon INFO time="2026-02-07T16:10:55Z" level=info msg="Loaded tool" tool="esp32:esp32c3-libs@3.3.6"
time="2026-02-07T16:10:55Z" level=info msg="Loaded tool" tool="esp32:esp32c5-libs@3.3.6"
2026-02-07 16:10:55 2026-02-07T16:10:55.199Z daemon INFO time="2026-02-07T16:10:55Z" level=info msg="Loaded tool" tool="esp32:esp32c6-libs@3.3.6"
2026-02-07 16:10:55 2026-02-07T16:10:55.199Z daemon INFO time="2026-02-07T16:10:55Z" level=info msg="Loaded tool" tool="esp32:esp32h2-libs@3.3.6"
2026-02-07 16:10:55 2026-02-07T16:10:55.199Z daemon INFO time="2026-02-07T16:10:55Z" level=info msg="Loaded tool" tool="esp32:esp32p4-libs@3.3.6"
2026-02-07 16:10:55 2026-02-07T16:10:55.199Z daemon INFO time="2026-02-07T16:10:55Z" level=info msg="Loaded tool" tool="esp32:esp32p4_es-libs@3.3.6"
2026-02-07 16:10:55 2026-02-07T16:10:55.199Z daemon INFO time="2026-02-07T16:10:55Z" level=info msg="Loaded tool" tool="esp32:esp32s2-libs@3.3.6"
2026-02-07 16:10:55 2026-02-07T16:10:55.199Z daemon INFO time="2026-02-07T16:10:55Z" level=info msg="Loaded tool" tool="esp32:esp32s3-libs@3.3.6"
2026-02-07 16:10:55 2026-02-07T16:10:55.199Z daemon INFO time="2026-02-07T16:10:55Z" level=info msg="Loaded tool" tool="esp32:esptool_py@5.1.0"
2026-02-07 16:10:55 2026-02-07T16:10:55.199Z daemon INFO time="2026-02-07T16:10:55Z" level=info msg="Loaded tool" tool="esp32:mklittlefs@4.0.2-db0513a"
2026-02-07 16:10:55 2026-02-07T16:10:55.199Z daemon INFO time="2026-02-07T16:10:55Z" level=info msg="Loaded tool" tool="esp32:mkspiffs@0.2.3"
2026-02-07 16:10:55 2026-02-07T16:10:55.199Z daemon INFO time="2026-02-07T16:10:55Z" level=info msg="Loaded tool" tool="esp32:openocd-esp32@v0.12.0-esp32-20251215"
2026-02-07 16:10:55 2026-02-07T16:10:55.199Z daemon INFO time="2026-02-07T16:10:55Z" level=info msg="Loaded tool" tool="esp32:riscv32-esp-elf-gdb@16.3_20250913"
2026-02-07 16:10:55 2026-02-07T16:10:55.199Z daemon INFO time="2026-02-07T16:10:55Z" level=info msg="Loaded tool" tool="esp32:xtensa-esp-elf-gdb@16.3_20250913"
2026-02-07 16:10:55 2026-02-07T16:10:55.199Z daemon INFO time="2026-02-07T16:10:55Z" level=info msg="Loading package esp8266 from: /home/shrek/.arduino15/packages/esp8266/hardware"
2026-02-07 16:10:55 2026-02-07T16:10:55.199Z daemon INFO time="2026-02-07T16:10:55Z" level=info msg="Missing signature file" index=/home/shrek/.arduino15/packages/esp8266/hardware/esp8266/3.1.2/installed.json
2026-02-07 16:10:55 2026-02-07T16:10:55.206Z daemon INFO time="2026-02-07T16:10:55Z" level=info msg="Adding monitor tool" protocol=serial tool="builtin:serial-monitor"
time="2026-02-07T16:10:55Z" level=info msg="Loaded platform" platform="esp8266:esp8266@3.1.2"
time="2026-02-07T16:10:55Z" level=info msg="Checking existence of 'tools' path: /home/shrek/.arduino15/packages/esp8266/tools"
time="2026-02-07T16:10:55Z" level=info msg="Loading tools from dir: /home/shrek/.arduino15/packages/esp8266/tools"
2026-02-07 16:10:55 2026-02-07T16:10:55.206Z daemon INFO time="2026-02-07T16:10:55Z" level=info msg="Loaded tool" tool="esp8266:mklittlefs@3.1.0-gcc10.3-e5f9fec"
time="2026-02-07T16:10:55Z" level=info msg="Loaded tool" tool="esp8266:mkspiffs@3.1.0-gcc10.3-e5f9fec"
2026-02-07 16:10:55 2026-02-07T16:10:55.206Z daemon INFO time="2026-02-07T16:10:55Z" level=info msg="Loaded tool" tool="esp8266:python3@3.7.2-post1"
2026-02-07 16:10:55 2026-02-07T16:10:55.206Z daemon INFO time="2026-02-07T16:10:55Z" level=info msg="Loaded tool" tool="esp8266:xtensa-lx106-elf-gcc@3.1.0-gcc10.3-e5f9fec"
2026-02-07 16:10:55 2026-02-07T16:10:55.208Z daemon INFO time="2026-02-07T16:10:55Z" level=info msg="Discovery event channel closed builtin:serial-discovery. Exiting goroutine."
2026-02-07 16:10:55 2026-02-07T16:10:55.208Z daemon INFO time="2026-02-07T16:10:55Z" level=info msg="Closed and removed discovery builtin:serial-discovery"
2026-02-07 16:10:55 2026-02-07T16:10:55.208Z daemon INFO time="2026-02-07T16:10:55Z" level=error msg="Stopped decode loop: EOF" discovery="builtin:serial-discovery"
2026-02-07 16:10:55 2026-02-07T16:10:55.208Z daemon INFO time="2026-02-07T16:10:55Z" level=info msg="Discovery event channel closed builtin:mdns-discovery. Exiting goroutine."
2026-02-07 16:10:55 2026-02-07T16:10:55.208Z daemon INFO time="2026-02-07T16:10:55Z" level=info msg="Closed and removed discovery builtin:mdns-discovery"
2026-02-07 16:10:55 2026-02-07T16:10:55.209Z daemon INFO time="2026-02-07T16:10:55Z" level=error msg="Stopped decode loop: EOF" discovery="builtin:mdns-discovery"
2026-02-07 16:10:55 2026-02-07T16:10:55.211Z daemon INFO time="2026-02-07T16:10:55Z" level=info msg="Adding libraries dir" dir=/home/shrek/.arduino15/packages/arduino/hardware/avr/1.8.7/libraries isSingleLibrary=false location=platform
2026-02-07 16:10:55 2026-02-07T16:10:55.211Z daemon INFO time="2026-02-07T16:10:55Z" level=info msg="Adding libraries dir" dir=/home/shrek/.arduino15/packages/esp32/hardware/esp32/3.3.6/libraries isSingleLibrary=false location=platform
2026-02-07 16:10:55 2026-02-07T16:10:55.211Z daemon INFO time="2026-02-07T16:10:55Z" level=info msg="Adding libraries dir" dir=/home/shrek/.arduino15/packages/esp8266/hardware/esp8266/3.1.2/libraries isSingleLibrary=false location=platform
time="2026-02-07T16:10:55Z" level=info msg="Loading libraries index file" index=/home/shrek/.arduino15/library_index.json
2026-02-07 16:10:55 2026-02-07T16:10:55.348Z daemon INFO time="2026-02-07T16:10:55Z" level=info msg="Adding libraries dir" dir=/home/shrek/.arduino15/libraries isSingleLibrary=false location=ide
time="2026-02-07T16:10:55Z" level=info msg="Adding libraries dir" dir=/home/shrek/Arduino/libraries isSingleLibrary=false location=user
2026-02-07 16:10:55 2026-02-07T16:10:55.392Z discovery-log INFO start
2026-02-07 16:10:55 2026-02-07T16:10:55.392Z discovery-log INFO start new deferred
2026-02-07 16:10:55 2026-02-07T16:10:55.392Z discovery-log INFO start resolved watching
2026-02-07 16:10:55 2026-02-07T16:10:55.392Z discovery-log INFO {"eventType":"add","port":{"matchingBoardsList":[],"port":{"address":"/dev/ttyS0","label":"/dev/ttyS0","protocol":"serial","protocolLabel":"Serial Port","propertiesMap":[],"hardwareId":""}},"error":""}
2026-02-07 16:10:55 2026-02-07T16:10:55.400Z root INFO <<< Boards package installation done. {
  id: 'esp8266:esp8266',
  name: 'esp8266',
  summary: 'Boards included in this package:',
  description: "Generic ESP8266 Module, Generic ESP8285 Module, Lifely Agrumino Lemon v4, ESPDuino (ESP-13 Module), Adafruit Feather HUZZAH ESP8266, WiFi Kit 8, Invent One, XinaBox CW01, ESPresso Lite 1.0, ESPresso Lite 2.0, Phoenix 1.0, Phoenix 2.0, NodeMCU 0.9 (ESP-12 Module), NodeMCU 1.0 (ESP-12E Module), Olimex MOD-WIFI-ESP8266(-DEV), SparkFun ESP8266 Thing, SparkFun ESP8266 Thing Dev, SparkFun Blynk Board, SweetPea ESP-210, LOLIN(WEMOS) D1 R2 & mini, LOLIN(WEMOS) D1 ESP-WROOM-02, LOLIN(WEMOS) D1 mini (clone), LOLIN(WEMOS) D1 mini Pro, LOLIN(WEMOS) D1 mini Lite, LOLIN(WeMos) D1 R1, ESPino (ESP-12 Module), ThaiEasyElec's ESPino, WifInfo, Arduino, 4D Systems gen4 IoD Range, Digistump Oak, WiFiduino, Amperka WiFi Slot, Seeed Wio Link, ESPectro Core, Schirmilabs Eduino WiFi, ITEAD Sonoff, DOIT ESP-Mx DevKit (ESP8285)",
  boards: [
    { name: 'Generic ESP8266 Module', fqbn: '' },
    { name: 'Generic ESP8285 Module', fqbn: '' },
    { name: 'Lifely Agrumino Lemon v4', fqbn: '' },
    { name: 'ESPDuino (ESP-13 Module)', fqbn: '' },
    { name: 'Adafruit Feather HUZZAH ESP8266', fqbn: '' },
    { name: 'WiFi Kit 8', fqbn: '' },
    { name: 'Invent One', fqbn: '' },
    { name: 'XinaBox CW01', fqbn: '' },
    { name: 'ESPresso Lite 1.0', fqbn: '' },
    { name: 'ESPresso Lite 2.0', fqbn: '' },
    { name: 'Phoenix 1.0', fqbn: '' },
    { name: 'Phoenix 2.0', fqbn: '' },
    { name: 'NodeMCU 0.9 (ESP-12 Module)', fqbn: '' },
    { name: 'NodeMCU 1.0 (ESP-12E Module)', fqbn: '' },
    { name: 'Olimex MOD-WIFI-ESP8266(-DEV)', fqbn: '' },
    { name: 'SparkFun ESP8266 Thing', fqbn: '' },
    { name: 'SparkFun ESP8266 Thing Dev', fqbn: '' },
    { name: 'SparkFun Blynk Board', fqbn: '' },
    { name: 'SweetPea ESP-210', fqbn: '' },
    { name: 'LOLIN(WEMOS) D1 R2 & mini', fqbn: '' },
    { name: 'LOLIN(WEMOS) D1 ESP-WROOM-02', fqbn: '' },
    { name: 'LOLIN(WEMOS) D1 mini (clone)', fqbn: '' },
    { name: 'LOLIN(WEMOS) D1 mini Pro', fqbn: '' },
    { name: 'LOLIN(WEMOS) D1 mini Lite', fqbn: '' },
    { name: 'LOLIN(WeMos) D1 R1', fqbn: '' },
    { name: 'ESPino (ESP-12 Module)', fqbn: '' },
    { name: "ThaiEasyElec's ESPino", fqbn: '' },
    { name: 'WifInfo', fqbn: '' },
    { name: 'Arduino', fqbn: '' },
    { name: '4D Systems gen4 IoD Range', fqbn: '' },
    { name: 'Digistump Oak', fqbn: '' },
    { name: 'WiFiduino', fqbn: '' },
    { name: 'Amperka WiFi Slot', fqbn: '' },
    { name: 'Seeed Wio Link', fqbn: '' },
    { name: 'ESPectro Core', fqbn: '' },
    { name: 'Schirmilabs Eduino WiFi', fqbn: '' },
    { name: 'ITEAD Sonoff', fqbn: '' },
    { name: 'DOIT ESP-Mx DevKit (ESP8285)', fqbn: '' }
  ],
  types: [ 'ESP8266' ],
  moreInfoLink: 'https://github.com/esp8266/Arduino',
  author: 'ESP8266 Community',
  deprecated: false,
  availableVersions: [
    '3.1.2', '3.1.1', '3.1.0',
    '3.0.2', '3.0.1', '3.0.0',
    '2.7.4', '2.7.3', '2.7.2',
    '2.7.1', '2.7.0', '2.6.3',
    '2.6.2', '2.6.1', '2.6.0',
    '2.5.2', '2.5.1', '2.5.0',
    '2.4.2', '2.4.1', '2.4.0',
    '2.3.0', '2.2.0', '2.1.0',
    '2.0.0'
  ],
  index: 0
}
2026-02-07 16:10:55 2026-02-07T16:10:55.438Z root INFO Starting language server: esp32:esp32:esp32h2:UploadSpeed=921600,CDCOnBoot=default,FlashFreq=64,FlashMode=qio,FlashSize=4M,PartitionScheme=default,DebugLevel=none,EraseFlash=none,JTAGAdapter=default,ZigbeeMode=default
2026-02-07 16:10:55 2026-02-07T16:10:55.438Z daemon INFO time="2026-02-07T16:10:55Z" level=info msg="Tool required for debug" tool="arduino:dfu-util@0.11.0-arduino5"
time="2026-02-07T16:10:55Z" level=info msg="Tool required for debug" tool="esp32:esp-rv32@2511"
time="2026-02-07T16:10:55Z" level=info msg="Tool required for debug" tool="esp32:esp-x32@2511"
time="2026-02-07T16:10:55Z" level=info msg="Tool required for debug" tool="esp32:esp32-libs@3.3.6"
time="2026-02-07T16:10:55Z" level=info msg="Tool required for debug" tool="esp32:esp32c3-libs@3.3.6"
time="2026-02-07T16:10:55Z" level=info msg="Tool required for debug" tool="esp32:esp32c5-libs@3.3.6"
time="2026-02-07T16:10:55Z" level=info msg="Tool required for debug" tool="esp32:esp32c6-libs@3.3.6"
time="2026-02-07T16:10:55Z" level=info msg="Tool required for debug" tool="esp32:esp32h2-libs@3.3.6"
time="2026-02-07T16:10:55Z" level=info msg="Tool required for debug" tool="esp32:esp32p4-libs@3.3.6"
time="2026-02-07T16:10:55Z" level=info msg="Tool required for debug" tool="esp32:esp32p4_es-libs@3.3.6"
time="2026-02-07T16:10:55Z" level=info msg="Tool required for debug" tool="esp32:esp32s2-libs@3.3.6"
time="2026-02-07T16:10:55Z" level=info msg="Tool required for debug" tool="esp32:esp32s3-libs@3.3.6"
time="2026-02-07T16:10:55Z" level=info msg="Tool required for debug" tool="esp32:esptool_py@5.1.0"
time="2026-02-07T16:10:55Z" level=info msg="Tool required for debug" tool="esp32:mklittlefs@4.0.2-db0513a"
time="2026-02-07T16:10:55Z" level=info msg="Tool required for debug" tool="esp32:mkspiffs@0.2.3"
time="2026-02-07T16:10:55Z" level=info msg="Tool required for debug" tool="esp32:openocd-esp32@v0.12.0-esp32-20251215"
time="2026-02-07T16:10:55Z" level=info msg="Tool required for debug" tool="esp32:riscv32-esp-elf-gdb@16.3_20250913"
time="2026-02-07T16:10:55Z" level=info msg="Tool required for debug" tool="esp32:xtensa-esp-elf-gdb@16.3_20250913"
time="2026-02-07T16:10:55Z" level=info msg="Tool required for debug" tool="arduino:avr-gcc@7.3.0-atmel3.6.1-arduino7"
time="2026-02-07T16:10:55Z" level=info msg="Tool required for debug" tool="builtin:serial-discovery@1.4.3"
time="2026-02-07T16:10:55Z" level=info msg="Tool required for debug" tool="arduino:arduinoOTA@1.3.0"
time="2026-02-07T16:10:55Z" level=info msg="Tool required for debug" tool="builtin:mdns-discovery@1.0.12"
time="2026-02-07T16:10:55Z" level=info msg="Tool required for debug" tool="esp8266:python3@3.7.2-post1"
time="2026-02-07T16:10:55Z" level=info msg="Tool required for debug" tool="esp8266:xtensa-lx106-elf-gcc@3.1.0-gcc10.3-e5f9fec"
time="2026-02-07T16:10:55Z" level=info msg="Tool required for debug" tool="arduino:avrdude@8.0.0-arduino1"
time="2026-02-07T16:10:55Z" level=info msg="Tool required for debug" tool="builtin:serial-monitor@0.15.0"
time="2026-02-07T16:10:55Z" level=info msg="Tool required for debug" tool="builtin:ctags@5.8-arduino11"
time="2026-02-07T16:10:55Z" level=info msg="Tool required for debug" tool="builtin:dfu-discovery@0.1.2"
2026-02-07 16:10:55 2026-02-07T16:10:55.441Z daemon INFO time="2026-02-07T16:10:55Z" level=info msg="Tool required for debug" tool="arduino:dfu-util@0.11.0-arduino5"
time="2026-02-07T16:10:55Z" level=info msg="Tool required for debug" tool="esp32:esp-rv32@2511"
time="2026-02-07T16:10:55Z" level=info msg="Tool required for debug" tool="esp32:esp-x32@2511"
time="2026-02-07T16:10:55Z" level=info msg="Tool required for debug" tool="esp32:esp32-libs@3.3.6"
time="2026-02-07T16:10:55Z" level=info msg="Tool required for debug" tool="esp32:esp32c3-libs@3.3.6"
time="2026-02-07T16:10:55Z" level=info msg="Tool required for debug" tool="esp32:esp32c5-libs@3.3.6"
time="2026-02-07T16:10:55Z" level=info msg="Tool required for debug" tool="esp32:esp32c6-libs@3.3.6"
time="2026-02-07T16:10:55Z" level=info msg="Tool required for debug" tool="esp32:esp32h2-libs@3.3.6"
time="2026-02-07T16:10:55Z" level=info msg="Tool required for debug" tool="esp32:esp32p4-libs@3.3.6"
time="2026-02-07T16:10:55Z" level=info msg="Tool required for debug" tool="esp32:esp32p4_es-libs@3.3.6"
time="2026-02-07T16:10:55Z" level=info msg="Tool required for debug" tool="esp32:esp32s2-libs@3.3.6"
time="2026-02-07T16:10:55Z" level=info msg="Tool required for debug" tool="esp32:esp32s3-libs@3.3.6"
time="2026-02-07T16:10:55Z" level=info msg="Tool required for debug" tool="esp32:esptool_py@5.1.0"
time="2026-02-07T16:10:55Z" level=info msg="Tool required for debug" tool="esp32:mklittlefs@4.0.2-db0513a"
time="2026-02-07T16:10:55Z" level=info msg="Tool required for debug" tool="esp32:mkspiffs@0.2.3"
time="2026-02-07T16:10:55Z" level=info msg="Tool required for debug" tool="esp32:openocd-esp32@v0.12.0-esp32-20251215"
time="2026-02-07T16:10:55Z" level=info msg="Tool required for debug" tool="esp32:riscv32-esp-elf-gdb@16.3_20250913"
time="2026-02-07T16:10:55Z" level=info msg="Tool required for debug" tool="esp32:xtensa-esp-elf-gdb@16.3_20250913"
time="2026-02-07T16:10:55Z" level=info msg="Tool required for debug" tool="esp8266:python3@3.7.2-post1"
time="2026-02-07T16:10:55Z" level=info msg="Tool required for debug" tool="arduino:avr-gcc@7.3.0-atmel3.6.1-arduino7"
time="2026-02-07T16:10:55Z" level=info msg="Tool required for debug" tool="builtin:dfu-discovery@0.1.2"
time="2026-02-07T16:10:55Z" level=info msg="Tool required for debug" tool="esp8266:xtensa-lx106-elf-gcc@3.1.0-gcc10.3-e5f9fec"
time="2026-02-07T16:10:55Z" level=info msg="Tool required for debug" tool="builtin:mdns-discovery@1.0.12"
time="2026-02-07T16:10:55Z" level=info msg="Tool required for debug" tool="builtin:serial-discovery@1.4.3"
time="2026-02-07T16:10:55Z" level=info msg="Tool required for debug" tool="arduino:arduinoOTA@1.3.0"
time="2026-02-07T16:10:55Z" level=info msg="Tool required for debug" tool="arduino:avrdude@8.0.0-arduino1"
time="2026-02-07T16:10:55Z" level=info msg="Tool required for debug" tool="builtin:serial-monitor@0.15.0"
time="2026-02-07T16:10:55Z" level=info msg="Tool required for debug" tool="builtin:ctags@5.8-arduino11"
2026-02-07 16:10:55 2026-02-07T16:10:55.441Z daemon INFO time="2026-02-07T16:10:55Z" level=info msg="Tool required for debug" tool="arduino:dfu-util@0.11.0-arduino5"
time="2026-02-07T16:10:55Z" level=info msg="Tool required for debug" tool="esp32:esp-rv32@2511"
time="2026-02-07T16:10:55Z" level=info msg="Tool required for debug" tool="esp32:esp-x32@2511"
time="2026-02-07T16:10:55Z" level=info msg="Tool required for debug" tool="esp32:esp32-libs@3.3.6"
time="2026-02-07T16:10:55Z" level=info msg="Tool required for debug" tool="esp32:esp32c3-libs@3.3.6"
time="2026-02-07T16:10:55Z" level=info msg="Tool required for debug" tool="esp32:esp32c5-libs@3.3.6"
time="2026-02-07T16:10:55Z" level=info msg="Tool required for debug" tool="esp32:esp32c6-libs@3.3.6"
time="2026-02-07T16:10:55Z" level=info msg="Tool required for debug" tool="esp32:esp32h2-libs@3.3.6"
2026-02-07 16:10:55 2026-02-07T16:10:55.441Z daemon INFO time="2026-02-07T16:10:55Z" level=info msg="Tool required for debug" tool="esp32:esp32p4-libs@3.3.6"
time="2026-02-07T16:10:55Z" level=info msg="Tool required for debug" tool="esp32:esp32p4_es-libs@3.3.6"
time="2026-02-07T16:10:55Z" level=info msg="Tool required for debug" tool="esp32:esp32s2-libs@3.3.6"
time="2026-02-07T16:10:55Z" level=info msg="Tool required for debug" tool="esp32:esp32s3-libs@3.3.6"
time="2026-02-07T16:10:55Z" level=info msg="Tool required for debug" tool="esp32:esptool_py@5.1.0"
time="2026-02-07T16:10:55Z" level=info msg="Tool required for debug" tool="esp32:mklittlefs@4.0.2-db0513a"
time="2026-02-07T16:10:55Z" level=info msg="Tool required for debug" tool="esp32:mkspiffs@0.2.3"
time="2026-02-07T16:10:55Z" level=info msg="Tool required for debug" tool="esp32:openocd-esp32@v0.12.0-esp32-20251215"
time="2026-02-07T16:10:55Z" level=info msg="Tool required for debug" tool="esp32:riscv32-esp-elf-gdb@16.3_20250913"
time="2026-02-07T16:10:55Z" level=info msg="Tool required for debug" tool="esp32:xtensa-esp-elf-gdb@16.3_20250913"
time="2026-02-07T16:10:55Z" level=info msg="Tool required for debug" tool="esp8266:python3@3.7.2-post1"
time="2026-02-07T16:10:55Z" level=info msg="Tool required for debug" tool="arduino:avrdude@8.0.0-arduino1"
time="2026-02-07T16:10:55Z" level=info msg="Tool required for debug" tool="builtin:serial-monitor@0.15.0"
time="2026-02-07T16:10:55Z" level=info msg="Tool required for debug" tool="builtin:serial-discovery@1.4.3"
2026-02-07 16:10:55 2026-02-07T16:10:55.442Z daemon INFO time="2026-02-07T16:10:55Z" level=info msg="Tool required for debug" tool="builtin:ctags@5.8-arduino11"
time="2026-02-07T16:10:55Z" level=info msg="Tool required for debug" tool="arduino:avr-gcc@7.3.0-atmel3.6.1-arduino7"
time="2026-02-07T16:10:55Z" level=info msg="Tool required for debug" tool="builtin:dfu-discovery@0.1.2"
time="2026-02-07T16:10:55Z" level=info msg="Tool required for debug" tool="esp8266:xtensa-lx106-elf-gcc@3.1.0-gcc10.3-e5f9fec"
time="2026-02-07T16:10:55Z" level=info msg="Tool required for debug" tool="arduino:arduinoOTA@1.3.0"
time="2026-02-07T16:10:55Z" level=info msg="Tool required for debug" tool="builtin:mdns-discovery@1.0.12"
2026-02-07 16:10:55 2026-02-07T16:10:55.573Z daemon INFO time="2026-02-07T16:10:55Z" level=info msg="Tool required for debug" tool="arduino:dfu-util@0.11.0-arduino5"
time="2026-02-07T16:10:55Z" level=info msg="Tool required for debug" tool="esp32:esp-rv32@2511"
time="2026-02-07T16:10:55Z" level=info msg="Tool required for debug" tool="esp32:esp-x32@2511"
time="2026-02-07T16:10:55Z" level=info msg="Tool required for debug" tool="esp32:esp32-libs@3.3.6"
time="2026-02-07T16:10:55Z" level=info msg="Tool required for debug" tool="esp32:esp32c3-libs@3.3.6"
time="2026-02-07T16:10:55Z" level=info msg="Tool required for debug" tool="esp32:esp32c5-libs@3.3.6"
time="2026-02-07T16:10:55Z" level=info msg="Tool required for debug" tool="esp32:esp32c6-libs@3.3.6"
time="2026-02-07T16:10:55Z" level=info msg="Tool required for debug" tool="esp32:esp32h2-libs@3.3.6"
time="2026-02-07T16:10:55Z" level=info msg="Tool required for debug" tool="esp32:esp32p4-libs@3.3.6"
time="2026-02-07T16:10:55Z" level=info msg="Tool required for debug" tool="esp32:esp32p4_es-libs@3.3.6"
time="2026-02-07T16:10:55Z" level=info msg="Tool required for debug" tool="esp32:esp32s2-libs@3.3.6"
time="2026-02-07T16:10:55Z" level=info msg="Tool required for debug" tool="esp32:esp32s3-libs@3.3.6"
time="2026-02-07T16:10:55Z" level=info msg="Tool required for debug" tool="esp32:esptool_py@5.1.0"
time="2026-02-07T16:10:55Z" level=info msg="Tool required for debug" tool="esp32:mklittlefs@4.0.2-db0513a"
time="2026-02-07T16:10:55Z" level=info msg="Tool required for debug" tool="esp32:mkspiffs@0.2.3"
time="2026-02-07T16:10:55Z" level=info msg="Tool required for debug" tool="esp32:openocd-esp32@v0.12.0-esp32-20251215"
time="2026-02-07T16:10:55Z" level=info msg="Tool required for debug" tool="esp32:riscv32-esp-elf-gdb@16.3_20250913"
time="2026-02-07T16:10:55Z" level=info msg="Tool required for debug" tool="esp32:xtensa-esp-elf-gdb@16.3_20250913"
time="2026-02-07T16:10:55Z" level=info msg="Tool required for debug" tool="esp8266:xtensa-lx106-elf-gcc@3.1.0-gcc10.3-e5f9fec"
time="2026-02-07T16:10:55Z" level=info msg="Tool required for debug" tool="arduino:avr-gcc@7.3.0-atmel3.6.1-arduino7"
time="2026-02-07T16:10:55Z" level=info msg="Tool required for debug" tool="arduino:avrdude@8.0.0-arduino1"
time="2026-02-07T16:10:55Z" level=info msg="Tool required for debug" tool="builtin:serial-monitor@0.15.0"
time="2026-02-07T16:10:55Z" level=info msg="Tool required for debug" tool="arduino:arduinoOTA@1.3.0"
time="2026-02-07T16:10:55Z" level=info msg="Tool required for debug" tool="builtin:mdns-discovery@1.0.12"
time="2026-02-07T16:10:55Z" level=info msg="Tool required for debug" tool="builtin:ctags@5.8-arduino11"
time="2026-02-07T16:10:55Z" level=info msg="Tool required for debug" tool="builtin:dfu-discovery@0.1.2"
time="2026-02-07T16:10:55Z" level=info msg="Tool required for debug" tool="esp8266:python3@3.7.2-post1"
time="2026-02-07T16:10:55Z" level=info msg="Tool required for debug" tool="builtin:serial-discovery@1.4.3"
time="2026-02-07T16:10:55Z" level=info msg="Tool required for debug" tool="arduino:dfu-util@0.11.0-arduino5"
time="2026-02-07T16:10:55Z" level=info msg="Tool required for debug" tool="esp32:esp-rv32@2511"
time="2026-02-07T16:10:55Z" level=info msg="Tool required for debug" tool="esp32:esp-x32@2511"
time="2026-02-07T16:10:55Z" level=info msg="Tool required for debug" tool="esp32:esp32-libs@3.3.6"
time="2026-02-07T16:10:55Z" level=info msg="Tool required for debug" tool="esp32:esp32c3-libs@3.3.6"
time="2026-02-07T16:10:55Z" level=info msg="Tool required for debug" tool="esp32:esp32c5-libs@3.3.6"
time="2026-02-07T16:10:55Z" level=info msg="Tool required for debug" tool="esp32:esp32c6-libs@3.3.6"
time="2026-02-07T16:10:55Z" level=info msg="Tool required for debug" tool="esp32:esp32h2-libs@3.3.6"
time="2026-02-07T16:10:55Z" level=info msg="Tool required for debug" tool="esp32:esp32p4-libs@3.3.6"
time="2026-02-07T16:10:55Z" level=info msg="Tool required for debug" tool="esp32:esp32p4_es-libs@3.3.6"
time="2026-02-07T16:10:55Z" level=info msg="Tool required for debug" tool="esp32:esp32s2-libs@3.3.6"
time="2026-02-07T16:10:55Z" level=info msg="Tool required for debug" tool="esp32:esp32s3-libs@3.3.6"
time="2026-02-07T16:10:55Z" level=info msg="Tool required for debug" tool="esp32:esptool_py@5.1.0"
time="2026-02-07T16:10:55Z" level=info msg="Tool required for debug" tool="esp32:mklittlefs@4.0.2-db0513a"
time="2026-02-07T16:10:55Z" level=info msg="Tool required for debug" tool="esp32:mkspiffs@0.2.3"
time="2026-02-07T16:10:55Z" level=info msg="Tool required for debug" tool="esp32:openocd-esp32@v0.12.0-esp32-20251215"
time="2026-02-07T16:10:55Z" level=info msg="Tool required for debug" tool="esp32:riscv32-esp-elf-gdb@16.3_20250913"
time="2026-02-07T16:10:55Z" level=info msg="Tool required for debug" tool="esp32:xtensa-esp-elf-gdb@16.3_20250913"
time="2026-02-07T16:10:55Z" level=info msg="Tool required for debug" tool="builtin:serial-discovery@1.4.3"
time="2026-02-07T16:10:55Z" level=info msg="Tool required for debug" tool="arduino:avr-gcc@7.3.0-atmel3.6.1-arduino7"
time="2026-02-07T16:10:55Z" level=info msg="Tool required for debug" tool="arduino:avrdude@8.0.0-arduino1"
time="2026-02-07T16:10:55Z" level=info msg="Tool required for debug" tool="builtin:ctags@5.8-arduino11"
time="2026-02-07T16:10:55Z" level=info msg="Tool required for debug" tool="builtin:dfu-discovery@0.1.2"
time="2026-02-07T16:10:55Z" level=info msg="Tool required for debug" tool="builtin:mdns-discovery@1.0.12"
time="2026-02-07T16:10:55Z" level=info msg="Tool required for debug" tool="arduino:arduinoOTA@1.3.0"
time="2026-02-07T16:10:55Z" level=info msg="Tool required for debug" tool="builtin:serial-monitor@0.15.0"
time="2026-02-07T16:10:55Z" level=info msg="Tool required for debug" tool="esp8266:python3@3.7.2-post1"
time="2026-02-07T16:10:55Z" level=info msg="Tool required for debug" tool="esp8266:xtensa-lx106-elf-gcc@3.1.0-gcc10.3-e5f9fec"
time="2026-02-07T16:10:55Z" level=info msg="Tool required for debug" tool="arduino:dfu-util@0.11.0-arduino5"
time="2026-02-07T16:10:55Z" level=info msg="Tool required for debug" tool="esp32:esp-rv32@2511"
time="2026-02-07T16:10:55Z" level=info msg="Tool required for debug" tool="esp32:esp-x32@2511"
time="2026-02-07T16:10:55Z" level=info msg="Tool required for debug" tool="esp32:esp32-libs@3.3.6"
time="2026-02-07T16:10:55Z" level=info msg="Tool required for debug" tool="esp32:esp32c3-libs@3.3.6"
time="2026-02-07T16:10:55Z" level=info msg="Tool required for debug" tool="esp32:esp32c5-libs@3.3.6"
time="2026-02-07T16:10:55Z" level=info msg="Tool required for debug" tool="esp32:esp32c6-libs@3.3.6"
time="2026-02-07T16:10:55Z" level=info msg="Tool required for debug" tool="esp32:esp32h2-libs@3.3.6"
time="2026-02-07T16:10:55Z" level=info msg="Tool required for debug" tool="esp32:esp32p4-libs@3.3.6"
time="2026-02-07T16:10:55Z" level=info msg="Tool required for debug" tool="esp32:esp32p4_es-libs@3.3.6"
time="2026-02-07T16:10:55Z" level=info msg="Tool required for debug" tool="esp32:esp32s2-libs@3.3.6"
time="2026-02-07T16:10:55Z" level=info msg="Tool required for debug" tool="esp32:esp32s3-libs@3.3.6"
time="2026-02-07T16:10:55Z" level=info msg="Tool required for debug" tool="esp32:esptool_py@5.1.0"
time="2026-02-07T16:10:55Z" level=info msg="Tool required for debug" tool="esp32:mklittlefs@4.0.2-db0513a"
time="2026-02-07T16:10:55Z" level=info msg="Tool required for debug" tool="esp32:mkspiffs@0.2.3"
time="2026-02-07T16:10:55Z" level=info msg="Tool required for debug" tool="esp32:openocd-esp32@v0.12.0-esp32-20251215"
time="2026-02-07T16:10:55Z" level=info msg="Tool required for debug" tool="esp32:riscv32-esp-elf-gdb@16.3_20250913"
time="2026-02-07T16:10:55Z" level=info msg="Tool required for debug" tool="esp32:xtensa-esp-elf-gdb@16.3_20250913"
time="2026-02-07T16:10:55Z" level=info msg="Tool required for debug" tool="builtin:serial-discovery@1.4.3"
time="2026-02-07T16:10:55Z" level=info msg="Tool required for debug" tool="arduino:arduinoOTA@1.3.0"
time="2026-02-07T16:10:55Z" level=info msg="Tool required for debug" tool="builtin:ctags@5.8-arduino11"
time="2026-02-07T16:10:55Z" level=info msg="Tool required for debug" tool="arduino:avr-gcc@7.3.0-atmel3.6.1-arduino7"
time="2026-02-07T16:10:55Z" level=info msg="Tool required for debug" tool="builtin:dfu-discovery@0.1.2"
time="2026-02-07T16:10:55Z" level=info msg="Tool required for debug" tool="esp8266:python3@3.7.2-post1"
time="2026-02-07T16:10:55Z" level=info msg="Tool required for debug" tool="esp8266:xtensa-lx106-elf-gcc@3.1.0-gcc10.3-e5f9fec"
time="2026-02-07T16:10:55Z" level=info msg="Tool required for debug" tool="arduino:avrdude@8.0.0-arduino1"
time="2026-02-07T16:10:55Z" level=info msg="Tool required for debug" tool="builtin:serial-monitor@0.15.0"
time="2026-02-07T16:10:55Z" level=info msg="Tool required for debug" tool="builtin:mdns-discovery@1.0.12"
time="2026-02-07T16:10:55Z" level=info msg="Tool required for debug" tool="arduino:dfu-util@0.11.0-arduino5"
time="2026-02-07T16:10:55Z" level=info msg="Tool required for debug" tool="esp32:esp-rv32@2511"
time="2026-02-07T16:10:55Z" level=info msg="Tool required for debug" tool="esp32:esp-x32@2511"
time="2026-02-07T16:10:55Z" level=info msg="Tool required for debug" tool="esp32:esp32-libs@3.3.6"
time="2026-02-07T16:10:55Z" level=info msg="Tool required for debug" tool="esp32:esp32c3-libs@3.3.6"
time="2026-02-07T16:10:55Z" level=info msg="Tool required for debug" tool="esp32:esp32c5-libs@3.3.6"
time="2026-02-07T16:10:55Z" level=info msg="Tool required for debug" tool="esp32:esp32c6-libs@3.3.6"
time="2026-02-07T16:10:55Z" level=info msg="Tool required for debug" tool="esp32:esp32h2-libs@3.3.6"
time="2026-02-07T16:10:55Z" level=info msg="Tool required for debug" tool="esp32:esp32p4-libs@3.3.6"
time="2026-02-07T16:10:55Z" level=info msg="Tool required for debug" tool="esp32:esp32p4_es-libs@3.3.6"
time="2026-02-07T16:10:55Z" level=info msg="Tool required for debug" tool="esp32:esp32s2-libs@3.3.6"
time="2026-02-07T16:10:55Z" level=info msg="Tool required for debug" tool="esp32:esp32s3-libs@3.3.6"
time="2026-02-07T16:10:55Z" level=info msg="Tool required for debug" tool="esp32:esptool_py@5.1.0"
time="2026-02-07T16:10:55Z" level=info msg="Tool required for debug" tool="esp32:mklittlefs@4.0.2-db0513a"
time="2026-02-07T16:10:55Z" level=info msg="Tool required for debug" tool="esp32:mkspiffs@0.2.3"
time="2026-02-07T16:10:55Z" level=info msg="Tool required for debug" tool="esp32:openocd-esp32@v0.12.0-esp32-20251215"
time="2026-02-07T16:10:55Z" level=info msg="Tool required for debug" tool="esp32:riscv32-esp-elf-gdb@16.3_20250913"
time="2026-02-07T16:10:55Z" level=info msg="Tool required for debug" tool="esp32:xtensa-esp-elf-gdb@16.3_20250913"
time="2026-02-07T16:10:55Z" level=info msg="Tool required for debug" tool="builtin:serial-monitor@0.15.0"
time="2026-02-07T16:10:55Z" level=info msg="Tool required for debug" tool="arduino:avrdude@8.0.0-arduino1"
time="2026-02-07T16:10:55Z" level=info msg="Tool required for debug" tool="arduino:arduinoOTA@1.3.0"
time="2026-02-07T16:10:55Z" level=info msg="Tool required for debug" tool="builtin:ctags@5.8-arduino11"
time="2026-02-07T16:10:55Z" level=info msg="Tool required for debug" tool="esp8266:xtensa-lx106-elf-gcc@3.1.0-gcc10.3-e5f9fec"
time="2026-02-07T16:10:55Z" level=info msg="Tool required for debug" tool="builtin:dfu-discovery@0.1.2"
time="2026-02-07T16:10:55Z" level=info msg="Tool required for debug" tool="esp8266:python3@3.7.2-post1"
time="2026-02-07T16:10:55Z" level=info msg="Tool required for debug" tool="builtin:mdns-discovery@1.0.12"
time="2026-02-07T16:10:55Z" level=info msg="Tool required for debug" tool="builtin:serial-discovery@1.4.3"
time="2026-02-07T16:10:55Z" level=info msg="Tool required for debug" tool="arduino:avr-gcc@7.3.0-atmel3.6.1-arduino7"
time="2026-02-07T16:10:55Z" level=info msg="Tool required for debug" tool="arduino:dfu-util@0.11.0-arduino5"
time="2026-02-07T16:10:55Z" level=info msg="Tool required for debug" tool="esp32:esp-rv32@2511"
time="2026-02-07T16:10:55Z" level=info msg="Tool required for debug" tool="esp32:esp-x32@2511"
time="2026-02-07T16:10:55Z" level=info msg="Tool required for debug" tool="esp32:esp32-libs@3.3.6"
time="2026-02-07T16:10:55Z" level=info msg="Tool required for debug" tool="esp32:esp32c3-libs@3.3.6"
time="2026-02-07T16:10:55Z" level=info msg="Tool required for debug" tool="esp32:esp32c5-libs@3.3.6"
time="2026-02-07T16:10:55Z" level=info msg="Tool required for debug" tool="esp32:esp32c6-libs@3.3.6"
time="2026-02-07T16:10:55Z" level=info msg="Tool required for debug" tool="esp32:esp32h2-libs@3.3.6"
time="2026-02-07T16:10:55Z" level=info msg="Tool required for debug" tool="esp32:esp32p4-libs@3.3.6"
time="2026-02-07T16:10:55Z" level=info msg="Tool required for debug" tool="esp32:esp32p4_es-libs@3.3.6"
time="2026-02-07T16:10:55Z" level=info msg="Tool required for debug" tool="esp32:esp32s2-libs@3.3.6"
time="2026-02-07T16:10:55Z" level=info msg="Tool required for debug" tool="esp32:esp32s3-libs@3.3.6"
time="2026-02-07T16:10:55Z" level=info msg="Tool required for debug" tool="esp32:esptool_py@5.1.0"
time="2026-02-07T16:10:55Z" level=info msg="Tool required for debug" tool="esp32:mklittlefs@4.0.2-db0513a"
time="2026-02-07T16:10:55Z" level=info msg="Tool required for debug" tool="esp32:mkspiffs@0.2.3"
time="2026-02-07T16:10:55Z" level=info msg="Tool required for debug" tool="esp32:openocd-esp32@v0.12.0-esp32-20251215"
time="2026-02-07T16:10:55Z" level=info msg="Tool required for debug" tool="esp32:riscv32-esp-elf-gdb@16.3_20250913"
time="2026-02-07T16:10:55Z" level=info msg="Tool required for debug" tool="esp32:xtensa-esp-elf-gdb@16.3_20250913"
time="2026-02-07T16:10:55Z" level=info msg="Tool required for debug" tool="builtin:mdns-discovery@1.0.12"
time="2026-02-07T16:10:55Z" level=info msg="Tool required for debug" tool="builtin:serial-monitor@0.15.0"
time="2026-02-07T16:10:55Z" level=info msg="Tool required for debug" tool="arduino:avrdude@8.0.0-arduino1"
time="2026-02-07T16:10:55Z" level=info msg="Tool required for debug" tool="esp8266:python3@3.7.2-post1"
time="2026-02-07T16:10:55Z" level=info msg="Tool required for debug" tool="builtin:dfu-discovery@0.1.2"
time="2026-02-07T16:10:55Z" level=info msg="Tool required for debug" tool="builtin:serial-discovery@1.4.3"
time="2026-02-07T16:10:55Z" level=info msg="Tool required for debug" tool="builtin:ctags@5.8-arduino11"
time="2026-02-07T16:10:55Z" level=info msg="Tool required for debug" tool="arduino:arduinoOTA@1.3.0"
time="2026-02-07T16:10:55Z" level=info msg="Tool required for debug" tool="arduino:avr-gcc@7.3.0-atmel3.6.1-arduino7"
time="2026-02-07T16:10:55Z" level=info msg="Tool required for debug" tool="esp8266:xtensa-lx106-elf-gcc@3.1.0-gcc10.3-e5f9fec"
time="2026-02-07T16:10:55Z" level=info msg="Tool required for debug" tool="arduino:dfu-util@0.11.0-arduino5"
time="2026-02-07T16:10:55Z" level=info msg="Tool required for debug" tool="esp32:esp-rv32@2511"
time="2026-02-07T16:10:55Z" level=info msg="Tool required for debug" tool="esp32:esp-x32@2511"
time="2026-02-07T16:10:55Z" level=info msg="Tool required for debug" tool="esp32:esp32-libs@3.3.6"
time="2026-02-07T16:10:55Z" level=info msg="Tool required for debug" tool="esp32:esp32c3-libs@3.3.6"
time="2026-02-07T16:10:55Z" level=info msg="Tool required for debug" tool="esp32:esp32c5-libs@3.3.6"
time="2026-02-07T16:10:55Z" level=info msg="Tool required for debug" tool="esp32:esp32c6-libs@3.3.6"
time="2026-02-07T16:10:55Z" level=info msg="Tool required for debug" tool="esp32:esp32h2-libs@3.3.6"
time="2026-02-07T16:10:55Z" level=info msg="Tool required for debug" tool="esp32:esp32p4-libs@3.3.6"
time="2026-02-07T16:10:55Z" level=info msg="Tool required for debug" tool="esp32:esp32p4_es-libs@3.3.6"
time="2026-02-07T16:10:55Z" level=info msg="Tool required for debug" tool="esp32:esp32s2-libs@3.3.6"
time="2026-02-07T16:10:55Z" level=info msg="Tool required for debug" tool="esp32:esp32s3-libs@3.3.6"
time="2026-02-07T16:10:55Z" level=info msg="Tool required for debug" tool="esp32:esptool_py@5.1.0"
time="2026-02-07T16:10:55Z" level=info msg="Tool required for debug" tool="esp32:mklittlefs@4.0.2-db0513a"
time="2026-02-07T16:10:55Z" level=info msg="Tool required for debug" tool="esp32:mkspiffs@0.2.3"
time="2026-02-07T16:10:55Z" level=info msg="Tool required for debug" tool="esp32:openocd-esp32@v0.12.0-esp32-20251215"
time="2026-02-07T16:10:55Z" level=info msg="Tool required for debug" tool="esp32:riscv32-esp-elf-gdb@16.3_20250913"
time="2026-02-07T16:10:55Z" level=info msg="Tool required for debug" tool="esp32:xtensa-esp-elf-gdb@16.3_20250913"
time="2026-02-07T16:10:55Z" level=info msg="Tool required for debug" tool="builtin:mdns-discovery@1.0.12"
time="2026-02-07T16:10:55Z" level=info msg="Tool required for debug" tool="builtin:ctags@5.8-arduino11"
time="2026-02-07T16:10:55Z" level=info msg="Tool required for debug" tool="esp8266:xtensa-lx106-elf-gcc@3.1.0-gcc10.3-e5f9fec"
time="2026-02-07T16:10:55Z" level=info msg="Tool required for debug" tool="arduino:arduinoOTA@1.3.0"
time="2026-02-07T16:10:55Z" level=info msg="Tool required for debug" tool="arduino:avrdude@8.0.0-arduino1"
time="2026-02-07T16:10:55Z" level=info msg="Tool required for debug" tool="esp8266:python3@3.7.2-post1"
time="2026-02-07T16:10:55Z" level=info msg="Tool required for debug" tool="arduino:avr-gcc@7.3.0-atmel3.6.1-arduino7"
time="2026-02-07T16:10:55Z" level=info msg="Tool required for debug" tool="builtin:dfu-discovery@0.1.2"
time="2026-02-07T16:10:55Z" level=info msg="Tool required for debug" tool="builtin:serial-discovery@1.4.3"
time="2026-02-07T16:10:55Z" level=info msg="Tool required for debug" tool="builtin:serial-monitor@0.15.0"
time="2026-02-07T16:10:55Z" level=info msg="Adding libraries dir" dir=/home/shrek/.arduino15/libraries isSingleLibrary=false location=ide
time="2026-02-07T16:10:55Z" level=info msg="Adding libraries dir" dir=/home/shrek/.arduino15/packages/esp32/hardware/esp32/3.3.6/libraries isSingleLibrary=false location=platform
time="2026-02-07T16:10:55Z" level=info msg="Adding libraries dir" dir=/home/shrek/Arduino/libraries isSingleLibrary=false location=user
time="2026-02-07T16:10:55Z" level=info msg="Tool required for debug" tool="arduino:dfu-util@0.11.0-arduino5"
time="2026-02-07T16:10:55Z" level=info msg="Tool required for debug" tool="esp32:esp-rv32@2511"
time="2026-02-07T16:10:55Z" level=info msg="Tool required for debug" tool="esp32:esp-x32@2511"
time="2026-02-07T16:10:55Z" level=info msg="Tool required for debug" tool="esp32:esp32-libs@3.3.6"
time="2026-02-07T16:10:55Z" level=info msg="Tool required for debug" tool="esp32:esp32c3-libs@3.3.6"
time="2026-02-07T16:10:55Z" level=info msg="Tool required for debug" tool="esp32:esp32c5-libs@3.3.6"
time="2026-02-07T16:10:55Z" level=info msg="Tool required for debug" tool="esp32:esp32c6-libs@3.3.6"
time="2026-02-07T16:10:55Z" level=info msg="Tool required for debug" tool="esp32:esp32h2-libs@3.3.6"
time="2026-02-07T16:10:55Z" level=info msg="Tool required for debug" tool="esp32:esp32p4-libs@3.3.6"
time="2026-02-07T16:10:55Z" level=info msg="Tool required for debug" tool="esp32:esp32p4_es-libs@3.3.6"
time="2026-02-07T16:10:55Z" level=info msg="Tool required for debug" tool="esp32:esp32s2-libs@3.3.6"
time="2026-02-07T16:10:55Z" level=info msg="Tool required for debug" tool="esp32:esp32s3-libs@3.3.6"
time="2026-02-07T16:10:55Z" level=info msg="Tool required for debug" tool="esp32:esptool_py@5.1.0"
time="2026-02-07T16:10:55Z" level=info msg="Tool required for debug" tool="esp32:mklittlefs@4.0.2-db0513a"
time="2026-02-07T16:10:55Z" level=info msg="Tool required for debug" tool="esp32:mkspiffs@0.2.3"
time="2026-02-07T16:10:55Z" level=info msg="Tool required for debug" tool="esp32:openocd-esp32@v0.12.0-esp32-20251215"
time="2026-02-07T16:10:55Z" level=info msg="Tool required for debug" tool="esp32:riscv32-esp-elf-gdb@16.3_20250913"
time="2026-02-07T16:10:55Z" level=info msg="Tool required for debug" tool="esp32:xtensa-esp-elf-gdb@16.3_20250913"
time="2026-02-07T16:10:55Z" level=info msg="Tool required for debug" tool="esp8266:xtensa-lx106-elf-gcc@3.1.0-gcc10.3-e5f9fec"
time="2026-02-07T16:10:55Z" level=info msg="Tool required for debug" tool="esp8266:python3@3.7.2-post1"
time="2026-02-07T16:10:55Z" level=info msg="Tool required for debug" tool="arduino:arduinoOTA@1.3.0"
time="2026-02-07T16:10:55Z" level=info msg="Tool required for debug" tool="builtin:serial-discovery@1.4.3"
time="2026-02-07T16:10:55Z" level=info msg="Tool required for debug" tool="arduino:avrdude@8.0.0-arduino1"
time="2026-02-07T16:10:55Z" level=info msg="Tool required for debug" tool="builtin:dfu-discovery@0.1.2"
time="2026-02-07T16:10:55Z" level=info msg="Tool required for debug" tool="arduino:avr-gcc@7.3.0-atmel3.6.1-arduino7"
time="2026-02-07T16:10:55Z" level=info msg="Tool required for debug" tool="builtin:mdns-discovery@1.0.12"
time="2026-02-07T16:10:55Z" level=info msg="Tool required for debug" tool="builtin:serial-monitor@0.15.0"
time="2026-02-07T16:10:55Z" level=info msg="Tool required for debug" tool="builtin:ctags@5.8-arduino11"
time="2026-02-07T16:10:55Z" level=info msg="Tool required for debug" tool="arduino:dfu-util@0.11.0-arduino5"
time="2026-02-07T16:10:55Z" level=info msg="Tool required for debug" tool="esp32:esp-rv32@2511"
time="2026-02-07T16:10:55Z" level=info msg="Tool required for debug" tool="esp32:esp-x32@2511"
time="2026-02-07T16:10:55Z" level=info msg="Tool required for debug" tool="esp32:esp32-libs@3.3.6"
time="2026-02-07T16:10:55Z" level=info msg="Tool required for debug" tool="esp32:esp32c3-libs@3.3.6"
time="2026-02-07T16:10:55Z" level=info msg="Tool required for debug" tool="esp32:esp32c5-libs@3.3.6"
time="2026-02-07T16:10:55Z" level=info msg="Tool required for debug" tool="esp32:esp32c6-libs@3.3.6"
time="2026-02-07T16:10:55Z" level=info msg="Tool required for debug" tool="esp32:esp32h2-libs@3.3.6"
time="2026-02-07T16:10:55Z" level=info msg="Tool required for debug" tool="esp32:esp32p4-libs@3.3.6"
time="2026-02-07T16:10:55Z" level=info msg="Tool required for debug" tool="esp32:esp32p4_es-libs@3.3.6"
time="2026-02-07T16:10:55Z" level=info msg="Tool required for debug" tool="esp32:esp32s2-libs@3.3.6"
time="2026-02-07T16:10:55Z" level=info msg="Tool required for debug" tool="esp32:esp32s3-libs@3.3.6"
time="2026-02-07T16:10:55Z" level=info msg="Tool required for debug" tool="esp32:esptool_py@5.1.0"
time="2026-02-07T16:10:55Z" level=info msg="Tool required for debug" tool="esp32:mklittlefs@4.0.2-db0513a"
time="2026-02-07T16:10:55Z" level=info msg="Tool required for debug" tool="esp32:mkspiffs@0.2.3"
time="2026-02-07T16:10:55Z" level=info msg="Tool required for debug" tool="esp32:openocd-esp32@v0.12.0-esp32-20251215"
time="2026-02-07T16:10:55Z" level=info msg="Tool required for debug" tool="esp32:riscv32-esp-elf-gdb@16.3_20250913"
time="2026-02-07T16:10:55Z" level=info msg="Tool required for debug" tool="esp32:xtensa-esp-elf-gdb@16.3_20250913"
time="2026-02-07T16:10:55Z" level=info msg="Tool required for debug" tool="builtin:mdns-discovery@1.0.12"
time="2026-02-07T16:10:55Z" level=info msg="Tool required for debug" tool="esp8266:python3@3.7.2-post1"
time="2026-02-07T16:10:55Z" level=info msg="Tool required for debug" tool="builtin:serial-discovery@1.4.3"
time="2026-02-07T16:10:55Z" level=info msg="Tool required for debug" tool="arduino:arduinoOTA@1.3.0"
time="2026-02-07T16:10:55Z" level=info msg="Tool required for debug" tool="arduino:avr-gcc@7.3.0-atmel3.6.1-arduino7"
time="2026-02-07T16:10:55Z" level=info msg="Tool required for debug" tool="builtin:serial-monitor@0.15.0"
time="2026-02-07T16:10:55Z" level=info msg="Tool required for debug" tool="esp8266:xtensa-lx106-elf-gcc@3.1.0-gcc10.3-e5f9fec"
time="2026-02-07T16:10:55Z" level=info msg="Tool required for debug" tool="arduino:avrdude@8.0.0-arduino1"
time="2026-02-07T16:10:55Z" level=info msg="Tool required for debug" tool="builtin:ctags@5.8-arduino11"
time="2026-02-07T16:10:55Z" level=info msg="Tool required for debug" tool="builtin:dfu-discovery@0.1.2"
2026-02-07 16:10:56 2026-02-07T16:10:56.501Z daemon INFO time="2026-02-07T16:10:56Z" level=info msg="Adding libraries dir" dir=/home/shrek/.arduino15/libraries isSingleLibrary=false location=ide
time="2026-02-07T16:10:56Z" level=info msg="Adding libraries dir" dir=/home/shrek/.arduino15/packages/esp32/hardware/esp32/3.3.6/libraries isSingleLibrary=false location=platform
2026-02-07 16:10:56 2026-02-07T16:10:56.501Z daemon INFO time="2026-02-07T16:10:56Z" level=info msg="Adding libraries dir" dir=/home/shrek/Arduino/libraries isSingleLibrary=false location=user
2026-02-07 16:11:32 2026-02-07T16:11:32.426Z root INFO Starting language server: esp8266:esp8266:nodemcuv2:led=2,baud=115200,xtal=80,eesz=4M2M,dbg=Disabled,lvl=None____,ip=lm2f,vt=flash,exception=disabled,stacksmash=disabled,wipe=none,ssl=all,mmu=3232,non32xfer=fast
2026-02-07 16:11:32 2026-02-07T16:11:32.454Z daemon INFO time="2026-02-07T16:11:32Z" level=info msg="Tool required for debug" tool="esp8266:mklittlefs@3.1.0-gcc10.3-e5f9fec"
time="2026-02-07T16:11:32Z" level=info msg="Tool required for debug" tool="esp8266:mkspiffs@3.1.0-gcc10.3-e5f9fec"
2026-02-07 16:11:32 2026-02-07T16:11:32.454Z daemon INFO time="2026-02-07T16:11:32Z" level=info msg="Tool required for debug" tool="esp8266:python3@3.7.2-post1"
time="2026-02-07T16:11:32Z" level=info msg="Tool required for debug" tool="esp8266:xtensa-lx106-elf-gcc@3.1.0-gcc10.3-e5f9fec"
time="2026-02-07T16:11:32Z" level=info msg="Tool required for debug" tool="arduino:avr-gcc@7.3.0-atmel3.6.1-arduino7"
time="2026-02-07T16:11:32Z" level=info msg="Tool required for debug" tool="esp32:esp32p4-libs@3.3.6"
time="2026-02-07T16:11:32Z" level=info msg="Tool required for debug" tool="esp32:xtensa-esp-elf-gdb@16.3_20250913"
time="2026-02-07T16:11:32Z" level=info msg="Tool required for debug" tool="esp32:riscv32-esp-elf-gdb@16.3_20250913"
time="2026-02-07T16:11:32Z" level=info msg="Tool required for debug" tool="esp32:esp32s3-libs@3.3.6"
time="2026-02-07T16:11:32Z" level=info msg="Tool required for debug" tool="builtin:ctags@5.8-arduino11"
2026-02-07 16:11:32 2026-02-07T16:11:32.454Z daemon INFO time="2026-02-07T16:11:32Z" level=info msg="Tool required for debug" tool="esp32:esp32-libs@3.3.6"
time="2026-02-07T16:11:32Z" level=info msg="Tool required for debug" tool="arduino:arduinoOTA@1.3.0"
time="2026-02-07T16:11:32Z" level=info msg="Tool required for debug" tool="arduino:avrdude@8.0.0-arduino1"
2026-02-07 16:11:32 2026-02-07T16:11:32.454Z daemon INFO time="2026-02-07T16:11:32Z" level=info msg="Tool required for debug" tool="builtin:serial-discovery@1.4.3"
time="2026-02-07T16:11:32Z" level=info msg="Tool required for debug" tool="esp32:esp32c6-libs@3.3.6"
time="2026-02-07T16:11:32Z" level=info msg="Tool required for debug" tool="esp32:esp32h2-libs@3.3.6"
2026-02-07 16:11:32 2026-02-07T16:11:32.454Z daemon INFO time="2026-02-07T16:11:32Z" level=info msg="Tool required for debug" tool="builtin:dfu-discovery@0.1.2"
2026-02-07 16:11:32 2026-02-07T16:11:32.454Z daemon INFO time="2026-02-07T16:11:32Z" level=info msg="Tool required for debug" tool="esp32:esp32p4_es-libs@3.3.6"
time="2026-02-07T16:11:32Z" level=info msg="Tool required for debug" tool="esp32:esptool_py@5.1.0"
time="2026-02-07T16:11:32Z" level=info msg="Tool required for debug" tool="esp32:esp-rv32@2511"
2026-02-07 16:11:32 2026-02-07T16:11:32.454Z daemon INFO time="2026-02-07T16:11:32Z" level=info msg="Tool required for debug" tool="esp32:esp32c3-libs@3.3.6"
time="2026-02-07T16:11:32Z" level=info msg="Tool required for debug" tool="esp32:esp32s2-libs@3.3.6"
time="2026-02-07T16:11:32Z" level=info msg="Tool required for debug" tool="arduino:dfu-util@0.11.0-arduino5"
2026-02-07 16:11:32 2026-02-07T16:11:32.454Z daemon INFO time="2026-02-07T16:11:32Z" level=info msg="Tool required for debug" tool="builtin:mdns-discovery@1.0.12"
time="2026-02-07T16:11:32Z" level=info msg="Tool required for debug" tool="builtin:serial-monitor@0.15.0"
2026-02-07 16:11:32 2026-02-07T16:11:32.454Z daemon INFO time="2026-02-07T16:11:32Z" level=info msg="Tool required for debug" tool="esp32:openocd-esp32@v0.12.0-esp32-20251215"
time="2026-02-07T16:11:32Z" level=info msg="Tool required for debug" tool="esp32:esp32c5-libs@3.3.6"
2026-02-07 16:11:32 2026-02-07T16:11:32.454Z daemon INFO time="2026-02-07T16:11:32Z" level=info msg="Tool required for debug" tool="esp32:esp-x32@2511"
2026-02-07 16:11:32 2026-02-07T16:11:32.454Z root ERROR Failed to get debug config: esp8266:esp8266:nodemcuv2:led=2,baud=115200,xtal=80,eesz=4M2M,dbg=Disabled,lvl=None____,ip=lm2f,vt=flash,exception=disabled,stacksmash=disabled,wipe=none,ssl=all,mmu=3232,non32xfer=fast, undefined Error: Debugging is not supported.
    at Object.callback (/opt/arduino-ide/resources/app/lib/backend/main.js:2:4742300)
    at Object.onReceiveStatus (/opt/arduino-ide/resources/app/lib/backend/main.js:2:3778020)
    at Object.onReceiveStatus (/opt/arduino-ide/resources/app/lib/backend/main.js:2:2211941)
    at Object.onReceiveStatus (/opt/arduino-ide/resources/app/lib/backend/main.js:2:2211386)
    at /opt/arduino-ide/resources/app/lib/backend/main.js:2:4348117
    at process.processTicksAndRejections (node:internal/process/task_queues:77:11)
2026-02-07 16:11:32 2026-02-07T16:11:32.472Z daemon INFO time="2026-02-07T16:11:32Z" level=info msg="Adding libraries dir" dir=/home/shrek/.arduino15/libraries isSingleLibrary=false location=ide
2026-02-07 16:11:32 2026-02-07T16:11:32.472Z daemon INFO time="2026-02-07T16:11:32Z" level=info msg="Adding libraries dir" dir=/home/shrek/.arduino15/packages/esp8266/hardware/esp8266/3.1.2/libraries isSingleLibrary=false location=platform
time="2026-02-07T16:11:32Z" level=info msg="Adding libraries dir" dir=/home/shrek/Arduino/libraries isSingleLibrary=false location=user
2026-02-07 16:11:32 2026-02-07T16:11:32.985Z daemon INFO time="2026-02-07T16:11:32Z" level=info msg="Adding libraries dir" dir=/home/shrek/.arduino15/libraries isSingleLibrary=false location=ide
time="2026-02-07T16:11:32Z" level=info msg="Adding libraries dir" dir=/home/shrek/.arduino15/packages/esp8266/hardware/esp8266/3.1.2/libraries isSingleLibrary=false location=platform
time="2026-02-07T16:11:32Z" level=info msg="Adding libraries dir" dir=/home/shrek/Arduino/libraries isSingleLibrary=false location=user
2026-02-07 16:11:44 2026-02-07T16:11:44.008Z daemon INFO time="2026-02-07T16:11:44Z" level=info msg="Tool required for debug" tool="esp8266:mklittlefs@3.1.0-gcc10.3-e5f9fec"
time="2026-02-07T16:11:44Z" level=info msg="Tool required for debug" tool="esp8266:mkspiffs@3.1.0-gcc10.3-e5f9fec"
2026-02-07 16:11:44 2026-02-07T16:11:44.008Z daemon INFO time="2026-02-07T16:11:44Z" level=info msg="Tool required for debug" tool="esp8266:python3@3.7.2-post1"
time="2026-02-07T16:11:44Z" level=info msg="Tool required for debug" tool="esp8266:xtensa-lx106-elf-gcc@3.1.0-gcc10.3-e5f9fec"
time="2026-02-07T16:11:44Z" level=info msg="Tool required for debug" tool="arduino:arduinoOTA@1.3.0"
time="2026-02-07T16:11:44Z" level=info msg="Tool required for debug" tool="arduino:dfu-util@0.11.0-arduino5"
time="2026-02-07T16:11:44Z" level=info msg="Tool required for debug" tool="esp32:esptool_py@5.1.0"
2026-02-07 16:11:44 2026-02-07T16:11:44.008Z daemon INFO time="2026-02-07T16:11:44Z" level=info msg="Tool required for debug" tool="esp32:esp32p4-libs@3.3.6"
2026-02-07 16:11:44 2026-02-07T16:11:44.008Z daemon INFO time="2026-02-07T16:11:44Z" level=info msg="Tool required for debug" tool="esp32:xtensa-esp-elf-gdb@16.3_20250913"
time="2026-02-07T16:11:44Z" level=info msg="Tool required for debug" tool="esp32:esp32p4_es-libs@3.3.6"
time="2026-02-07T16:11:44Z" level=info msg="Tool required for debug" tool="arduino:avr-gcc@7.3.0-atmel3.6.1-arduino7"
2026-02-07 16:11:44 2026-02-07T16:11:44.008Z daemon INFO time="2026-02-07T16:11:44Z" level=info msg="Tool required for debug" tool="builtin:serial-discovery@1.4.3"
2026-02-07 16:11:44 2026-02-07T16:11:44.013Z daemon INFO time="2026-02-07T16:11:44Z" level=info msg="Tool required for debug" tool="builtin:ctags@5.8-arduino11"
time="2026-02-07T16:11:44Z" level=info msg="Tool required for debug" tool="builtin:mdns-discovery@1.0.12"
time="2026-02-07T16:11:44Z" level=info msg="Tool required for debug" tool="esp32:esp-rv32@2511"
time="2026-02-07T16:11:44Z" level=info msg="Tool required for debug" tool="esp32:esp32c3-libs@3.3.6"
time="2026-02-07T16:11:44Z" level=info msg="Tool required for debug" tool="esp32:esp32-libs@3.3.6"
time="2026-02-07T16:11:44Z" level=info msg="Tool required for debug" tool="arduino:avrdude@8.0.0-arduino1"
time="2026-02-07T16:11:44Z" level=info msg="Tool required for debug" tool="builtin:dfu-discovery@0.1.2"
time="2026-02-07T16:11:44Z" level=info msg="Tool required for debug" tool="esp32:esp32h2-libs@3.3.6"
time="2026-02-07T16:11:44Z" level=info msg="Tool required for debug" tool="esp32:openocd-esp32@v0.12.0-esp32-20251215"
time="2026-02-07T16:11:44Z" level=info msg="Tool required for debug" tool="esp32:esp32c5-libs@3.3.6"
time="2026-02-07T16:11:44Z" level=info msg="Tool required for debug" tool="esp32:riscv32-esp-elf-gdb@16.3_20250913"
time="2026-02-07T16:11:44Z" level=info msg="Tool required for debug" tool="esp32:esp-x32@2511"
time="2026-02-07T16:11:44Z" level=info msg="Tool required for debug" tool="builtin:serial-monitor@0.15.0"
time="2026-02-07T16:11:44Z" level=info msg="Tool required for debug" tool="esp32:esp32s2-libs@3.3.6"
time="2026-02-07T16:11:44Z" level=info msg="Tool required for debug" tool="esp32:esp32s3-libs@3.3.6"
time="2026-02-07T16:11:44Z" level=info msg="Tool required for debug" tool="esp32:esp32c6-libs@3.3.6"
2026-02-07 16:11:44 2026-02-07T16:11:44.014Z root ERROR Failed to get debug config: esp8266:esp8266:nodemcuv2:led=2,baud=115200,xtal=80,eesz=4M,dbg=Disabled,lvl=None____,ip=lm2f,vt=flash,exception=disabled,stacksmash=disabled,wipe=none,ssl=all,mmu=3232,non32xfer=fast, undefined Error: Debugging is not supported.
    at Object.callback (/opt/arduino-ide/resources/app/lib/backend/main.js:2:4742300)
    at Object.onReceiveStatus (/opt/arduino-ide/resources/app/lib/backend/main.js:2:3778020)
    at Object.onReceiveStatus (/opt/arduino-ide/resources/app/lib/backend/main.js:2:2211941)
    at Object.onReceiveStatus (/opt/arduino-ide/resources/app/lib/backend/main.js:2:2211386)
    at /opt/arduino-ide/resources/app/lib/backend/main.js:2:4348117
    at process.processTicksAndRejections (node:internal/process/task_queues:77:11)
2026-02-07 16:11:44 2026-02-07T16:11:44.024Z root INFO Starting language server: esp8266:esp8266:nodemcuv2:led=2,baud=115200,xtal=80,eesz=4M,dbg=Disabled,lvl=None____,ip=lm2f,vt=flash,exception=disabled,stacksmash=disabled,wipe=none,ssl=all,mmu=3232,non32xfer=fast
2026-02-07 16:11:44 2026-02-07T16:11:44.035Z daemon INFO time="2026-02-07T16:11:44Z" level=info msg="Adding libraries dir" dir=/home/shrek/.arduino15/libraries isSingleLibrary=false location=ide
2026-02-07 16:11:44 2026-02-07T16:11:44.035Z daemon INFO time="2026-02-07T16:11:44Z" level=info msg="Adding libraries dir" dir=/home/shrek/.arduino15/packages/esp8266/hardware/esp8266/3.1.2/libraries isSingleLibrary=false location=platform
time="2026-02-07T16:11:44Z" level=info msg="Adding libraries dir" dir=/home/shrek/Arduino/libraries isSingleLibrary=false location=user
2026-02-07 16:11:44 2026-02-07T16:11:44.532Z daemon INFO time="2026-02-07T16:11:44Z" level=info msg="Adding libraries dir" dir=/home/shrek/.arduino15/libraries isSingleLibrary=false location=ide
time="2026-02-07T16:11:44Z" level=info msg="Adding libraries dir" dir=/home/shrek/.arduino15/packages/esp8266/hardware/esp8266/3.1.2/libraries isSingleLibrary=false location=platform
time="2026-02-07T16:11:44Z" level=info msg="Adding libraries dir" dir=/home/shrek/Arduino/libraries isSingleLibrary=false location=user
2026-02-07 16:12:09 2026-02-07T16:12:09.768Z discovery-log INFO {"eventType":"add","port":{"matchingBoardsList":[],"port":{"address":"/dev/ttyUSB0","label":"/dev/ttyUSB0","protocol":"serial","protocolLabel":"Serial Port (USB)","propertiesMap":[["pid","0x7523"],["serialNumber",""],["vid","0x1a86"]],"hardwareId":""}},"error":""}
2026-02-07 16:12:44 2026-02-07T16:12:44.552Z discovery-log INFO {"eventType":"remove","port":{"matchingBoardsList":[],"port":{"address":"/dev/ttyUSB0","label":"","protocol":"serial","protocolLabel":"","propertiesMap":[],"hardwareId":""}},"error":""}
2026-02-07 16:13:49 2026-02-07T16:13:49.399Z discovery-log INFO {"eventType":"add","port":{"matchingBoardsList":[],"port":{"address":"/dev/ttyUSB0","label":"/dev/ttyUSB0","protocol":"serial","protocolLabel":"Serial Port (USB)","propertiesMap":[["pid","0x7523"],["serialNumber",""],["vid","0x1a86"]],"hardwareId":""}},"error":""}
2026-02-07 16:14:30 2026-02-07T16:14:30.550Z root INFO ---- DURATION: search took 77.084 ms. Args: [{"query":"Adafruit","type":"All","topic":"All"}] ----
2026-02-07 16:14:32 2026-02-07T16:14:32.484Z root INFO ---- DURATION: search took 56.259 ms. Args: [{"query":"Adafruit SSD","type":"All","topic":"All"}] ----
2026-02-07 16:14:35 2026-02-07T16:14:35.173Z root INFO ---- DURATION: search took 55.785 ms. Args: [{"query":"Adafruit SS","type":"All","topic":"All"}] ----
2026-02-07 16:14:35 2026-02-07T16:14:35.820Z root INFO ---- DURATION: search took 63.503 ms. Args: [{"query":"Adafruit ","type":"All","topic":"All"}] ----
2026-02-07 16:14:37 2026-02-07T16:14:37.955Z root INFO ---- DURATION: search took 55.787 ms. Args: [{"query":"Adafruit GFX","type":"All","topic":"All"}] ----
2026-02-07 16:14:44 2026-02-07T16:14:44.229Z root INFO ---- DURATION: search took 53.753 ms. Args: [{"query":"Adafruit GF","type":"All","topic":"All"}] ----
2026-02-07 16:14:45 2026-02-07T16:14:45.376Z root ERROR ---- !!!SLOW!!! DURATION: search took 193.613 ms. Args: [{"query":"","type":"All","topic":"All"}] ----
2026-02-07 16:14:47 2026-02-07T16:14:47.301Z root ERROR ---- !!!SLOW!!! DURATION: search took 116.645 ms. Args: [{"query":"Arduino","type":"All","topic":"All"}] ----
2026-02-07 16:14:48 2026-02-07T16:14:48.608Z root INFO ---- DURATION: search took 56.013 ms. Args: [{"query":"ArduinoJSON","type":"All","topic":"All"}] ----
2026-02-07 16:14:54 2026-02-07T16:14:54.274Z root INFO >>> Starting library package installation... {
  name: 'ArduinoJson',
  exampleUris: [],
  location: 0,
  installedVersion: undefined,
  author: 'Benoit Blanchon <blog.benoitblanchon.fr>',
  availableVersions: [
    '7.4.2',      '7.4.1',      '7.4.0',      '7.3.1',      '7.3.0',
    '7.2.1',      '7.2.0',      '7.1.0',      '7.0.4',      '7.0.3',
    '7.0.2',      '7.0.1',      '7.0.0',      '6.21.5',     '6.21.4',
    '6.21.3',     '6.21.2',     '6.21.1',     '6.21.0',     '6.20.1',
    '6.20.0',     '6.19.4',     '6.19.3',     '6.19.2',     '6.19.1',
    '6.19.0',     '6.18.5',     '6.18.4',     '6.18.3',     '6.18.2',
    '6.18.1',     '6.18.0',     '6.17.3',     '6.17.2',     '6.17.1',
    '6.17.0',     '6.16.1',     '6.16.0',     '6.15.2',     '6.15.1',
    '6.15.0',     '6.14.1',     '6.14.0',     '6.13.0',     '6.12.0',
    '6.11.5',     '6.11.4',     '6.11.3',     '6.11.2',     '6.11.1',
    '6.11.0',     '6.10.1',     '6.10.0',     '6.9.1',      '6.9.0',
    '6.8.0-beta', '6.7.0-beta', '6.6.0-beta', '6.5.0-beta', '6.4.0-beta',
    '6.3.0-beta', '6.2.3-beta', '6.2.2-beta', '6.2.1-beta', '6.2.0-beta',
    '6.1.0-beta', '6.0.1-beta', '6.0.0-beta', '5.13.5',     '5.13.4',
    '5.13.3',     '5.13.2',     '5.13.1',     '5.13.0',     '5.12.0',
    '5.11.2',     '5.11.1',     '5.11.0',     '5.10.1',     '5.10.0',
    '5.9.0',      '5.8.4',      '5.8.3',      '5.8.2',      '5.8.1',
    '5.8.0',      '5.7.3',      '5.7.2',      '5.7.1',      '5.7.0',
    '5.6.7',      '5.6.6',      '5.6.5',      '5.6.4',      '5.6.3',
    '5.6.2',      '5.6.1',      '5.6.0',      '5.5.1',      '5.5.0',
    ... 17 more items
  ],
  includes: [],
  description: '⭐ 6953 stars on GitHub! Supports serialization, deserialization, MessagePack, streams, filtering, and more. Fully tested and documented.',
  moreInfoLink: 'https://arduinojson.org/?utm_source=meta&utm_medium=library.properties',
  summary: 'A simple and efficient JSON library for embedded C++.',
  category: 'Data Processing',
  types: [ 'Contributed' ],
  index: 0
}
2026-02-07 16:14:54 2026-02-07T16:14:54.274Z discovery-log INFO stop
2026-02-07 16:14:54 2026-02-07T16:14:54.274Z discovery-log INFO >>> Stopping boards watcher...
2026-02-07 16:14:54 2026-02-07T16:14:54.274Z discovery-log INFO Canceling boards watcher...
2026-02-07 16:14:54 2026-02-07T16:14:54.274Z discovery-log INFO disposing requesting cancel
2026-02-07 16:14:54 2026-02-07T16:14:54.274Z discovery-log INFO disposing canceled
2026-02-07 16:14:54 2026-02-07T16:14:54.275Z discovery-log INFO error received
2026-02-07 16:14:54 2026-02-07T16:14:54.275Z discovery-log INFO cancel error received!
2026-02-07 16:14:54 2026-02-07T16:14:54.275Z discovery-log INFO stop received event: either end or cancel
2026-02-07 16:14:54 2026-02-07T16:14:54.275Z discovery-log INFO stop stopped
2026-02-07 16:14:54 2026-02-07T16:14:54.275Z discovery-log INFO received end
2026-02-07 16:14:54 2026-02-07T16:14:54.316Z daemon INFO time="2026-02-07T16:14:54Z" level=info msg="Starting download" url="https://downloads.arduino.cc/libraries/github.com/bblanchon/ArduinoJson-7.4.2.zip?query=install"
2026-02-07 16:14:54 2026-02-07T16:14:54.549Z daemon INFO time="2026-02-07T16:14:54Z" level=info msg="Installing library" library=ArduinoJson@7.4.2
2026-02-07 16:14:54 2026-02-07T16:14:54.579Z daemon INFO time="2026-02-07T16:14:54Z" level=info msg="Checking signature" index=/home/shrek/.arduino15/package_index.json signatureFile=/home/shrek/.arduino15/package_index.json.sig trusted=true
2026-02-07 16:14:54 2026-02-07T16:14:54.580Z daemon INFO time="2026-02-07T16:14:54Z" level=info msg="Missing signature file" index=/home/shrek/.arduino15/package_esp8266com_index.json
2026-02-07 16:14:54 2026-02-07T16:14:54.581Z daemon INFO time="2026-02-07T16:14:54Z" level=info msg="Loading hardware from: /home/shrek/.arduino15/packages"
2026-02-07 16:14:54 2026-02-07T16:14:54.581Z daemon INFO time="2026-02-07T16:14:54Z" level=info msg="Loading package arduino from: /home/shrek/.arduino15/packages/arduino/hardware"
2026-02-07 16:14:54 2026-02-07T16:14:54.581Z daemon INFO time="2026-02-07T16:14:54Z" level=info msg="Missing signature file" index=/home/shrek/.arduino15/packages/arduino/hardware/avr/1.8.7/installed.json
2026-02-07 16:14:54 2026-02-07T16:14:54.582Z daemon INFO time="2026-02-07T16:14:54Z" level=info msg="Adding monitor tool" protocol=serial tool="builtin:serial-monitor"
time="2026-02-07T16:14:54Z" level=info msg="Loaded platform" platform="arduino:avr@1.8.7"
time="2026-02-07T16:14:54Z" level=info msg="Checking existence of 'tools' path: /home/shrek/.arduino15/packages/arduino/tools"
2026-02-07 16:14:54 2026-02-07T16:14:54.582Z daemon INFO time="2026-02-07T16:14:54Z" level=info msg="Loading tools from dir: /home/shrek/.arduino15/packages/arduino/tools"
time="2026-02-07T16:14:54Z" level=info msg="Loaded tool" tool="arduino:arduinoOTA@1.3.0"
2026-02-07 16:14:54 2026-02-07T16:14:54.582Z daemon INFO time="2026-02-07T16:14:54Z" level=info msg="Loaded tool" tool="arduino:avr-gcc@7.3.0-atmel3.6.1-arduino7"
2026-02-07 16:14:54 2026-02-07T16:14:54.582Z daemon INFO time="2026-02-07T16:14:54Z" level=info msg="Loaded tool" tool="arduino:avrdude@8.0.0-arduino1"
2026-02-07 16:14:54 2026-02-07T16:14:54.582Z daemon INFO time="2026-02-07T16:14:54Z" level=info msg="Loaded tool" tool="arduino:dfu-util@0.11.0-arduino5"
2026-02-07 16:14:54 2026-02-07T16:14:54.582Z daemon INFO time="2026-02-07T16:14:54Z" level=info msg="Loading package builtin from: /home/shrek/.arduino15/packages/builtin"
2026-02-07 16:14:54 2026-02-07T16:14:54.582Z daemon INFO time="2026-02-07T16:14:54Z" level=info msg="Checking existence of 'tools' path: /home/shrek/.arduino15/packages/builtin/tools"
time="2026-02-07T16:14:54Z" level=info msg="Loading tools from dir: /home/shrek/.arduino15/packages/builtin/tools"
2026-02-07 16:14:54 2026-02-07T16:14:54.582Z daemon INFO time="2026-02-07T16:14:54Z" level=info msg="Loaded tool" tool="builtin:ctags@5.8-arduino11"
2026-02-07 16:14:54 2026-02-07T16:14:54.582Z daemon INFO time="2026-02-07T16:14:54Z" level=info msg="Loaded tool" tool="builtin:dfu-discovery@0.1.2"
2026-02-07 16:14:54 2026-02-07T16:14:54.582Z daemon INFO time="2026-02-07T16:14:54Z" level=info msg="Loaded tool" tool="builtin:mdns-discovery@1.0.12"
2026-02-07 16:14:54 2026-02-07T16:14:54.582Z daemon INFO time="2026-02-07T16:14:54Z" level=info msg="Loaded tool" tool="builtin:serial-discovery@1.4.3"
2026-02-07 16:14:54 2026-02-07T16:14:54.582Z daemon INFO time="2026-02-07T16:14:54Z" level=info msg="Loaded tool" tool="builtin:serial-monitor@0.15.0"
time="2026-02-07T16:14:54Z" level=info msg="Loading package esp32 from: /home/shrek/.arduino15/packages/esp32/hardware"
2026-02-07 16:14:54 2026-02-07T16:14:54.583Z daemon INFO time="2026-02-07T16:14:54Z" level=info msg="Missing signature file" index=/home/shrek/.arduino15/packages/esp32/hardware/esp32/3.3.6/installed.json
2026-02-07 16:14:54 2026-02-07T16:14:54.668Z daemon INFO time="2026-02-07T16:14:54Z" level=info msg="Adding monitor tool" protocol=serial tool="builtin:serial-monitor"
time="2026-02-07T16:14:54Z" level=info msg="Loaded platform" platform="esp32:esp32@3.3.6"
2026-02-07 16:14:54 2026-02-07T16:14:54.668Z daemon INFO time="2026-02-07T16:14:54Z" level=info msg="Checking existence of 'tools' path: /home/shrek/.arduino15/packages/esp32/tools"
time="2026-02-07T16:14:54Z" level=info msg="Loading tools from dir: /home/shrek/.arduino15/packages/esp32/tools"
2026-02-07 16:14:54 2026-02-07T16:14:54.668Z daemon INFO time="2026-02-07T16:14:54Z" level=info msg="Loaded tool" tool="esp32:esp-rv32@2511"
2026-02-07 16:14:54 2026-02-07T16:14:54.668Z daemon INFO time="2026-02-07T16:14:54Z" level=info msg="Loaded tool" tool="esp32:esp-x32@2511"
2026-02-07 16:14:54 2026-02-07T16:14:54.668Z daemon INFO time="2026-02-07T16:14:54Z" level=info msg="Loaded tool" tool="esp32:esp32-libs@3.3.6"
2026-02-07 16:14:54 2026-02-07T16:14:54.668Z daemon INFO time="2026-02-07T16:14:54Z" level=info msg="Loaded tool" tool="esp32:esp32c3-libs@3.3.6"
2026-02-07 16:14:54 2026-02-07T16:14:54.668Z daemon INFO time="2026-02-07T16:14:54Z" level=info msg="Loaded tool" tool="esp32:esp32c5-libs@3.3.6"
2026-02-07 16:14:54 2026-02-07T16:14:54.668Z daemon INFO time="2026-02-07T16:14:54Z" level=info msg="Loaded tool" tool="esp32:esp32c6-libs@3.3.6"
2026-02-07 16:14:54 2026-02-07T16:14:54.668Z daemon INFO time="2026-02-07T16:14:54Z" level=info msg="Loaded tool" tool="esp32:esp32h2-libs@3.3.6"
2026-02-07 16:14:54 2026-02-07T16:14:54.668Z daemon INFO time="2026-02-07T16:14:54Z" level=info msg="Loaded tool" tool="esp32:esp32p4-libs@3.3.6"
2026-02-07 16:14:54 2026-02-07T16:14:54.668Z daemon INFO time="2026-02-07T16:14:54Z" level=info msg="Loaded tool" tool="esp32:esp32p4_es-libs@3.3.6"
2026-02-07 16:14:54 2026-02-07T16:14:54.668Z daemon INFO time="2026-02-07T16:14:54Z" level=info msg="Loaded tool" tool="esp32:esp32s2-libs@3.3.6"
2026-02-07 16:14:54 2026-02-07T16:14:54.668Z daemon INFO time="2026-02-07T16:14:54Z" level=info msg="Loaded tool" tool="esp32:esp32s3-libs@3.3.6"
2026-02-07 16:14:54 2026-02-07T16:14:54.668Z daemon INFO time="2026-02-07T16:14:54Z" level=info msg="Loaded tool" tool="esp32:esptool_py@5.1.0"
2026-02-07 16:14:54 2026-02-07T16:14:54.668Z daemon INFO time="2026-02-07T16:14:54Z" level=info msg="Loaded tool" tool="esp32:mklittlefs@4.0.2-db0513a"
2026-02-07 16:14:54 2026-02-07T16:14:54.668Z daemon INFO time="2026-02-07T16:14:54Z" level=info msg="Loaded tool" tool="esp32:mkspiffs@0.2.3"
2026-02-07 16:14:54 2026-02-07T16:14:54.668Z daemon INFO time="2026-02-07T16:14:54Z" level=info msg="Loaded tool" tool="esp32:openocd-esp32@v0.12.0-esp32-20251215"
2026-02-07 16:14:54 2026-02-07T16:14:54.668Z daemon INFO time="2026-02-07T16:14:54Z" level=info msg="Loaded tool" tool="esp32:riscv32-esp-elf-gdb@16.3_20250913"
2026-02-07 16:14:54 2026-02-07T16:14:54.668Z daemon INFO time="2026-02-07T16:14:54Z" level=info msg="Loaded tool" tool="esp32:xtensa-esp-elf-gdb@16.3_20250913"
2026-02-07 16:14:54 2026-02-07T16:14:54.668Z daemon INFO time="2026-02-07T16:14:54Z" level=info msg="Loading package esp8266 from: /home/shrek/.arduino15/packages/esp8266/hardware"
2026-02-07 16:14:54 2026-02-07T16:14:54.669Z daemon INFO time="2026-02-07T16:14:54Z" level=info msg="Missing signature file" index=/home/shrek/.arduino15/packages/esp8266/hardware/esp8266/3.1.2/installed.json
2026-02-07 16:14:54 2026-02-07T16:14:54.676Z daemon INFO time="2026-02-07T16:14:54Z" level=info msg="Adding monitor tool" protocol=serial tool="builtin:serial-monitor"
time="2026-02-07T16:14:54Z" level=info msg="Loaded platform" platform="esp8266:esp8266@3.1.2"
2026-02-07 16:14:54 2026-02-07T16:14:54.676Z daemon INFO time="2026-02-07T16:14:54Z" level=info msg="Checking existence of 'tools' path: /home/shrek/.arduino15/packages/esp8266/tools"
time="2026-02-07T16:14:54Z" level=info msg="Loading tools from dir: /home/shrek/.arduino15/packages/esp8266/tools"
time="2026-02-07T16:14:54Z" level=info msg="Loaded tool" tool="esp8266:mklittlefs@3.1.0-gcc10.3-e5f9fec"
2026-02-07 16:14:54 2026-02-07T16:14:54.676Z daemon INFO time="2026-02-07T16:14:54Z" level=info msg="Loaded tool" tool="esp8266:mkspiffs@3.1.0-gcc10.3-e5f9fec"
2026-02-07 16:14:54 2026-02-07T16:14:54.676Z daemon INFO time="2026-02-07T16:14:54Z" level=info msg="Loaded tool" tool="esp8266:python3@3.7.2-post1"
2026-02-07 16:14:54 2026-02-07T16:14:54.676Z daemon INFO time="2026-02-07T16:14:54Z" level=info msg="Loaded tool" tool="esp8266:xtensa-lx106-elf-gcc@3.1.0-gcc10.3-e5f9fec"
2026-02-07 16:14:54 2026-02-07T16:14:54.678Z daemon INFO time="2026-02-07T16:14:54Z" level=info msg="Discovery event channel closed builtin:serial-discovery. Exiting goroutine."
2026-02-07 16:14:54 2026-02-07T16:14:54.678Z daemon INFO time="2026-02-07T16:14:54Z" level=info msg="Closed and removed discovery builtin:serial-discovery"
2026-02-07 16:14:54 2026-02-07T16:14:54.678Z daemon INFO time="2026-02-07T16:14:54Z" level=error msg="Stopped decode loop: EOF" discovery="builtin:serial-discovery"
2026-02-07 16:14:54 2026-02-07T16:14:54.678Z daemon INFO time="2026-02-07T16:14:54Z" level=info msg="Discovery event channel closed builtin:mdns-discovery. Exiting goroutine."
2026-02-07 16:14:54 2026-02-07T16:14:54.679Z daemon INFO time="2026-02-07T16:14:54Z" level=info msg="Closed and removed discovery builtin:mdns-discovery"
2026-02-07 16:14:54 2026-02-07T16:14:54.679Z daemon INFO time="2026-02-07T16:14:54Z" level=error msg="Stopped decode loop: EOF" discovery="builtin:mdns-discovery"
2026-02-07 16:14:54 2026-02-07T16:14:54.682Z daemon INFO time="2026-02-07T16:14:54Z" level=info msg="Adding libraries dir" dir=/home/shrek/.arduino15/packages/esp32/hardware/esp32/3.3.6/libraries isSingleLibrary=false location=platform
2026-02-07 16:14:54 2026-02-07T16:14:54.682Z daemon INFO time="2026-02-07T16:14:54Z" level=info msg="Adding libraries dir" dir=/home/shrek/.arduino15/packages/arduino/hardware/avr/1.8.7/libraries isSingleLibrary=false location=platform
2026-02-07 16:14:54 2026-02-07T16:14:54.682Z daemon INFO time="2026-02-07T16:14:54Z" level=info msg="Adding libraries dir" dir=/home/shrek/.arduino15/packages/esp8266/hardware/esp8266/3.1.2/libraries isSingleLibrary=false location=platform
2026-02-07 16:14:54 2026-02-07T16:14:54.682Z daemon INFO time="2026-02-07T16:14:54Z" level=info msg="Loading libraries index file" index=/home/shrek/.arduino15/library_index.json
2026-02-07 16:14:54 2026-02-07T16:14:54.819Z daemon INFO time="2026-02-07T16:14:54Z" level=info msg="Adding libraries dir" dir=/home/shrek/.arduino15/libraries isSingleLibrary=false location=ide
time="2026-02-07T16:14:54Z" level=info msg="Adding libraries dir" dir=/home/shrek/Arduino/libraries isSingleLibrary=false location=user
2026-02-07 16:14:54 2026-02-07T16:14:54.862Z discovery-log INFO start
2026-02-07 16:14:54 2026-02-07T16:14:54.862Z discovery-log INFO start new deferred
2026-02-07 16:14:54 2026-02-07T16:14:54.862Z discovery-log INFO start resolved watching
2026-02-07 16:14:54 2026-02-07T16:14:54.862Z discovery-log INFO {"eventType":"add","port":{"matchingBoardsList":[],"port":{"address":"/dev/ttyS0","label":"/dev/ttyS0","protocol":"serial","protocolLabel":"Serial Port","propertiesMap":[],"hardwareId":""}},"error":""}
2026-02-07 16:14:54 2026-02-07T16:14:54.863Z discovery-log INFO {"eventType":"add","port":{"matchingBoardsList":[],"port":{"address":"/dev/ttyUSB0","label":"/dev/ttyUSB0","protocol":"serial","protocolLabel":"Serial Port (USB)","propertiesMap":[["pid","0x7523"],["serialNumber",""],["vid","0x1a86"]],"hardwareId":""}},"error":""}
2026-02-07 16:14:55 2026-02-07T16:14:55.077Z root ERROR ---- !!!SLOW!!! DURATION: search took 214.986 ms. Args: [{}] ----
2026-02-07 16:14:55 2026-02-07T16:14:55.077Z root INFO <<< Library package installation done. {
  name: 'ArduinoJson',
  exampleUris: [],
  location: 0,
  installedVersion: undefined,
  author: 'Benoit Blanchon <blog.benoitblanchon.fr>',
  availableVersions: [
    '7.4.2',      '7.4.1',      '7.4.0',      '7.3.1',      '7.3.0',
    '7.2.1',      '7.2.0',      '7.1.0',      '7.0.4',      '7.0.3',
    '7.0.2',      '7.0.1',      '7.0.0',      '6.21.5',     '6.21.4',
    '6.21.3',     '6.21.2',     '6.21.1',     '6.21.0',     '6.20.1',
    '6.20.0',     '6.19.4',     '6.19.3',     '6.19.2',     '6.19.1',
    '6.19.0',     '6.18.5',     '6.18.4',     '6.18.3',     '6.18.2',
    '6.18.1',     '6.18.0',     '6.17.3',     '6.17.2',     '6.17.1',
    '6.17.0',     '6.16.1',     '6.16.0',     '6.15.2',     '6.15.1',
    '6.15.0',     '6.14.1',     '6.14.0',     '6.13.0',     '6.12.0',
    '6.11.5',     '6.11.4',     '6.11.3',     '6.11.2',     '6.11.1',
    '6.11.0',     '6.10.1',     '6.10.0',     '6.9.1',      '6.9.0',
    '6.8.0-beta', '6.7.0-beta', '6.6.0-beta', '6.5.0-beta', '6.4.0-beta',
    '6.3.0-beta', '6.2.3-beta', '6.2.2-beta', '6.2.1-beta', '6.2.0-beta',
    '6.1.0-beta', '6.0.1-beta', '6.0.0-beta', '5.13.5',     '5.13.4',
    '5.13.3',     '5.13.2',     '5.13.1',     '5.13.0',     '5.12.0',
    '5.11.2',     '5.11.1',     '5.11.0',     '5.10.1',     '5.10.0',
    '5.9.0',      '5.8.4',      '5.8.3',      '5.8.2',      '5.8.1',
    '5.8.0',      '5.7.3',      '5.7.2',      '5.7.1',      '5.7.0',
    '5.6.7',      '5.6.6',      '5.6.5',      '5.6.4',      '5.6.3',
    '5.6.2',      '5.6.1',      '5.6.0',      '5.5.1',      '5.5.0',
    ... 17 more items
  ],
  includes: [],
  description: '⭐ 6953 stars on GitHub! Supports serialization, deserialization, MessagePack, streams, filtering, and more. Fully tested and documented.',
  moreInfoLink: 'https://arduinojson.org/?utm_source=meta&utm_medium=library.properties',
  summary: 'A simple and efficient JSON library for embedded C++.',
  category: 'Data Processing',
  types: [ 'Contributed' ],
  index: 0
}
2026-02-07 16:14:55 2026-02-07T16:14:55.192Z root INFO ---- DURATION: search took 70.259 ms. Args: [{"query":"ArduinoJSON","type":"All","topic":"All"}] ----
2026-02-07 16:14:55 2026-02-07T16:14:55.195Z root INFO Starting language server: esp8266:esp8266:nodemcuv2:led=2,baud=115200,xtal=80,eesz=4M,dbg=Disabled,lvl=None____,ip=lm2f,vt=flash,exception=disabled,stacksmash=disabled,wipe=none,ssl=all,mmu=3232,non32xfer=fast
2026-02-07 16:14:55 2026-02-07T16:14:55.228Z daemon INFO time="2026-02-07T16:14:55Z" level=info msg="Adding libraries dir" dir=/home/shrek/.arduino15/libraries isSingleLibrary=false location=ide
2026-02-07 16:14:55 2026-02-07T16:14:55.228Z daemon INFO time="2026-02-07T16:14:55Z" level=info msg="Adding libraries dir" dir=/home/shrek/.arduino15/packages/esp8266/hardware/esp8266/3.1.2/libraries isSingleLibrary=false location=platform
time="2026-02-07T16:14:55Z" level=info msg="Adding libraries dir" dir=/home/shrek/Arduino/libraries isSingleLibrary=false location=user
2026-02-07 16:14:55 2026-02-07T16:14:55.677Z root INFO ---- DURATION: search took 60.071 ms. Args: [{"query":"ArduinoJSON","type":"All","topic":"All"}] ----
2026-02-07 16:14:55 2026-02-07T16:14:55.727Z daemon INFO time="2026-02-07T16:14:55Z" level=info msg="Adding libraries dir" dir=/home/shrek/.arduino15/libraries isSingleLibrary=false location=ide
time="2026-02-07T16:14:55Z" level=info msg="Adding libraries dir" dir=/home/shrek/.arduino15/packages/esp8266/hardware/esp8266/3.1.2/libraries isSingleLibrary=false location=platform
2026-02-07 16:14:55 2026-02-07T16:14:55.727Z daemon INFO time="2026-02-07T16:14:55Z" level=info msg="Adding libraries dir" dir=/home/shrek/Arduino/libraries isSingleLibrary=false location=user
2026-02-07 16:15:07 2026-02-07T16:15:07.048Z daemon INFO time="2026-02-07T16:15:07Z" level=info msg="Adding libraries dir" dir=/home/shrek/.arduino15/libraries isSingleLibrary=false location=ide
2026-02-07 16:15:07 2026-02-07T16:15:07.048Z daemon INFO time="2026-02-07T16:15:07Z" level=info msg="Adding libraries dir" dir=/home/shrek/.arduino15/packages/esp8266/hardware/esp8266/3.1.2/libraries isSingleLibrary=false location=platform
time="2026-02-07T16:15:07Z" level=info msg="Adding libraries dir" dir=/home/shrek/Arduino/libraries isSingleLibrary=false location=user
2026-02-07 16:15:22 2026-02-07T16:15:22.823Z daemon INFO time="2026-02-07T16:15:22Z" level=info msg="Adding libraries dir" dir=/home/shrek/.arduino15/libraries isSingleLibrary=false location=ide
time="2026-02-07T16:15:22Z" level=info msg="Adding libraries dir" dir=/home/shrek/.arduino15/packages/esp8266/hardware/esp8266/3.1.2/libraries isSingleLibrary=false location=platform
time="2026-02-07T16:15:22Z" level=info msg="Adding libraries dir" dir=/home/shrek/Arduino/libraries isSingleLibrary=false location=user
2026-02-07 16:15:24 2026-02-07T16:15:24.254Z daemon INFO time="2026-02-07T16:15:24Z" level=info msg="Adding libraries dir" dir=/home/shrek/.arduino15/libraries isSingleLibrary=false location=ide
2026-02-07 16:15:24 2026-02-07T16:15:24.254Z daemon INFO time="2026-02-07T16:15:24Z" level=info msg="Adding libraries dir" dir=/home/shrek/.arduino15/packages/esp8266/hardware/esp8266/3.1.2/libraries isSingleLibrary=false location=platform
time="2026-02-07T16:15:24Z" level=info msg="Adding libraries dir" dir=/home/shrek/Arduino/libraries isSingleLibrary=false location=user
2026-02-07 16:17:16 2026-02-07T16:17:16.358Z daemon INFO time="2026-02-07T16:17:16Z" level=info msg="Adding libraries dir" dir=/home/shrek/.arduino15/libraries isSingleLibrary=false location=ide
2026-02-07 16:17:16 2026-02-07T16:17:16.358Z daemon INFO time="2026-02-07T16:17:16Z" level=info msg="Adding libraries dir" dir=/home/shrek/.arduino15/packages/esp8266/hardware/esp8266/3.1.2/libraries isSingleLibrary=false location=platform
time="2026-02-07T16:17:16Z" level=info msg="Adding libraries dir" dir=/home/shrek/Arduino/libraries isSingleLibrary=false location=user
2026-02-07 16:17:29 2026-02-07T16:17:29.388Z daemon INFO time="2026-02-07T16:17:29Z" level=info msg="Adding libraries dir" dir=/home/shrek/.arduino15/libraries isSingleLibrary=false location=ide
2026-02-07 16:17:29 2026-02-07T16:17:29.388Z daemon INFO time="2026-02-07T16:17:29Z" level=info msg="Adding libraries dir" dir=/home/shrek/.arduino15/packages/esp8266/hardware/esp8266/3.1.2/libraries isSingleLibrary=false location=platform
time="2026-02-07T16:17:29Z" level=info msg="Adding libraries dir" dir=/home/shrek/Arduino/libraries isSingleLibrary=false location=user
2026-02-07 16:17:36 2026-02-07T16:17:36.799Z daemon INFO time="2026-02-07T16:17:36Z" level=info msg="Adding libraries dir" dir=/home/shrek/.arduino15/libraries isSingleLibrary=false location=ide
time="2026-02-07T16:17:36Z" level=info msg="Adding libraries dir" dir=/home/shrek/.arduino15/packages/esp8266/hardware/esp8266/3.1.2/libraries isSingleLibrary=false location=platform
2026-02-07 16:17:36 2026-02-07T16:17:36.799Z daemon INFO time="2026-02-07T16:17:36Z" level=info msg="Adding libraries dir" dir=/home/shrek/Arduino/libraries isSingleLibrary=false location=user
2026-02-07 16:17:38 2026-02-07T16:17:38.223Z daemon INFO time="2026-02-07T16:17:38Z" level=info msg="Adding libraries dir" dir=/home/shrek/.arduino15/libraries isSingleLibrary=false location=ide
2026-02-07 16:17:38 2026-02-07T16:17:38.223Z daemon INFO time="2026-02-07T16:17:38Z" level=info msg="Adding libraries dir" dir=/home/shrek/.arduino15/packages/esp8266/hardware/esp8266/3.1.2/libraries isSingleLibrary=false location=platform
time="2026-02-07T16:17:38Z" level=info msg="Adding libraries dir" dir=/home/shrek/Arduino/libraries isSingleLibrary=false location=user
2026-02-07 16:17:42 2026-02-07T16:17:42.408Z daemon INFO time="2026-02-07T16:17:42Z" level=info msg="Adding libraries dir" dir=/home/shrek/.arduino15/libraries isSingleLibrary=false location=ide
2026-02-07 16:17:42 2026-02-07T16:17:42.408Z daemon INFO time="2026-02-07T16:17:42Z" level=info msg="Adding libraries dir" dir=/home/shrek/.arduino15/packages/esp8266/hardware/esp8266/3.1.2/libraries isSingleLibrary=false location=platform
time="2026-02-07T16:17:42Z" level=info msg="Adding libraries dir" dir=/home/shrek/Arduino/libraries isSingleLibrary=false location=user
2026-02-07 16:17:43 2026-02-07T16:17:43.836Z daemon INFO time="2026-02-07T16:17:43Z" level=info msg="Adding libraries dir" dir=/home/shrek/.arduino15/libraries isSingleLibrary=false location=ide
2026-02-07 16:17:43 2026-02-07T16:17:43.836Z daemon INFO time="2026-02-07T16:17:43Z" level=info msg="Adding libraries dir" dir=/home/shrek/.arduino15/packages/esp8266/hardware/esp8266/3.1.2/libraries isSingleLibrary=false location=platform
time="2026-02-07T16:17:43Z" level=info msg="Adding libraries dir" dir=/home/shrek/Arduino/libraries isSingleLibrary=false location=user
2026-02-07 16:17:46 2026-02-07T16:17:46.067Z daemon INFO time="2026-02-07T16:17:46Z" level=info msg="Adding libraries dir" dir=/home/shrek/.arduino15/libraries isSingleLibrary=false location=ide
2026-02-07 16:17:46 2026-02-07T16:17:46.067Z daemon INFO time="2026-02-07T16:17:46Z" level=info msg="Adding libraries dir" dir=/home/shrek/.arduino15/packages/esp8266/hardware/esp8266/3.1.2/libraries isSingleLibrary=false location=platform
time="2026-02-07T16:17:46Z" level=info msg="Adding libraries dir" dir=/home/shrek/Arduino/libraries isSingleLibrary=false location=user
2026-02-07 16:17:47 2026-02-07T16:17:47.490Z daemon INFO time="2026-02-07T16:17:47Z" level=info msg="Adding libraries dir" dir=/home/shrek/.arduino15/libraries isSingleLibrary=false location=ide
2026-02-07 16:17:47 2026-02-07T16:17:47.490Z daemon INFO time="2026-02-07T16:17:47Z" level=info msg="Adding libraries dir" dir=/home/shrek/.arduino15/packages/esp8266/hardware/esp8266/3.1.2/libraries isSingleLibrary=false location=platform
time="2026-02-07T16:17:47Z" level=info msg="Adding libraries dir" dir=/home/shrek/Arduino/libraries isSingleLibrary=false location=user
2026-02-07 16:17:52 2026-02-07T16:17:52.565Z daemon INFO time="2026-02-07T16:17:52Z" level=info msg="Adding libraries dir" dir=/home/shrek/.arduino15/libraries isSingleLibrary=false location=ide
2026-02-07 16:17:52 2026-02-07T16:17:52.565Z daemon INFO time="2026-02-07T16:17:52Z" level=info msg="Adding libraries dir" dir=/home/shrek/.arduino15/packages/esp8266/hardware/esp8266/3.1.2/libraries isSingleLibrary=false location=platform
time="2026-02-07T16:17:52Z" level=info msg="Adding libraries dir" dir=/home/shrek/Arduino/libraries isSingleLibrary=false location=user
2026-02-07 16:17:56 2026-02-07T16:17:56.188Z daemon INFO time="2026-02-07T16:17:56Z" level=info msg="Adding libraries dir" dir=/home/shrek/.arduino15/libraries isSingleLibrary=false location=ide
2026-02-07 16:17:56 2026-02-07T16:17:56.189Z daemon INFO time="2026-02-07T16:17:56Z" level=info msg="Adding libraries dir" dir=/home/shrek/.arduino15/packages/esp8266/hardware/esp8266/3.1.2/libraries isSingleLibrary=false location=platform
time="2026-02-07T16:17:56Z" level=info msg="Adding libraries dir" dir=/home/shrek/Arduino/libraries isSingleLibrary=false location=user
2026-02-07 16:18:01 2026-02-07T16:18:01.087Z daemon INFO time="2026-02-07T16:18:01Z" level=info msg="Adding libraries dir" dir=/home/shrek/.arduino15/libraries isSingleLibrary=false location=ide
2026-02-07 16:18:01 2026-02-07T16:18:01.087Z daemon INFO time="2026-02-07T16:18:01Z" level=info msg="Adding libraries dir" dir=/home/shrek/.arduino15/packages/esp8266/hardware/esp8266/3.1.2/libraries isSingleLibrary=false location=platform
time="2026-02-07T16:18:01Z" level=info msg="Adding libraries dir" dir=/home/shrek/Arduino/libraries isSingleLibrary=false location=user
2026-02-07 16:18:01 2026-02-07T16:18:01.438Z daemon INFO time="2026-02-07T16:18:01Z" level=info msg="Adding libraries dir" dir=/home/shrek/.arduino15/libraries isSingleLibrary=false location=ide
time="2026-02-07T16:18:01Z" level=info msg="Adding libraries dir" dir=/home/shrek/.arduino15/packages/esp8266/hardware/esp8266/3.1.2/libraries isSingleLibrary=false location=platform
time="2026-02-07T16:18:01Z" level=info msg="Adding libraries dir" dir=/home/shrek/Arduino/libraries isSingleLibrary=false location=user
2026-02-07 16:18:01 2026-02-07T16:18:01.590Z daemon INFO time="2026-02-07T16:18:01Z" level=info msg="Resolving include ESP8266WiFi.h for arch esp8266"
time="2026-02-07T16:18:01Z" level=info msg="  found better lib" lib=ESP8266WiFi prio=6B0
2026-02-07 16:18:01 2026-02-07T16:18:01.741Z daemon INFO time="2026-02-07T16:18:01Z" level=info msg="Resolving include Wire.h for arch esp8266"
time="2026-02-07T16:18:01Z" level=info msg="  found better lib" lib=Wire prio=6B0
2026-02-07 16:18:01 2026-02-07T16:18:01.893Z daemon INFO time="2026-02-07T16:18:01Z" level=info msg="Resolving include Adafruit_GFX.h for arch esp8266"
time="2026-02-07T16:18:01Z" level=info msg="  found better lib" lib="Adafruit GFX Library" prio=517
2026-02-07 16:18:02 2026-02-07T16:18:02.049Z daemon INFO time="2026-02-07T16:18:02Z" level=info msg="Resolving include Adafruit_I2CDevice.h for arch esp8266"
time="2026-02-07T16:18:02Z" level=info msg="  found better lib" lib="Adafruit BusIO" prio=3EB
2026-02-07 16:18:02 2026-02-07T16:18:02.200Z daemon INFO time="2026-02-07T16:18:02Z" level=info msg="Resolving include SPI.h for arch esp8266"
time="2026-02-07T16:18:02Z" level=info msg="  found better lib" lib=SPI prio=6B0
2026-02-07 16:18:02 2026-02-07T16:18:02.350Z daemon INFO time="2026-02-07T16:18:02Z" level=info msg="Resolving include Adafruit_SSD1306.h for arch esp8266"
time="2026-02-07T16:18:02Z" level=info msg="  found better lib" lib="Adafruit SSD1306" prio=6A7
2026-02-07 16:18:11 2026-02-07T16:18:11.049Z root INFO Executing 'arduino.languageserver.notifyBuildDidComplete' with "file:///home/shrek/.cache/arduino/sketches/4208BE5754A710EE22897B1BA8DE05A3"
2026-02-07 16:18:11 2026-02-07T16:18:11.074Z daemon INFO time="2026-02-07T16:18:11Z" level=info msg="Tool required for debug" tool="esp8266:mklittlefs@3.1.0-gcc10.3-e5f9fec"
time="2026-02-07T16:18:11Z" level=info msg="Tool required for debug" tool="esp8266:mkspiffs@3.1.0-gcc10.3-e5f9fec"
2026-02-07 16:18:11 2026-02-07T16:18:11.075Z daemon INFO time="2026-02-07T16:18:11Z" level=info msg="Tool required for debug" tool="esp8266:python3@3.7.2-post1"
time="2026-02-07T16:18:11Z" level=info msg="Tool required for debug" tool="esp8266:xtensa-lx106-elf-gcc@3.1.0-gcc10.3-e5f9fec"
time="2026-02-07T16:18:11Z" level=info msg="Tool required for debug" tool="esp32:esp32c3-libs@3.3.6"
time="2026-02-07T16:18:11Z" level=info msg="Tool required for debug" tool="esp32:esp32s3-libs@3.3.6"
time="2026-02-07T16:18:11Z" level=info msg="Tool required for debug" tool="esp32:esp-x32@2511"
time="2026-02-07T16:18:11Z" level=info msg="Tool required for debug" tool="esp32:xtensa-esp-elf-gdb@16.3_20250913"
time="2026-02-07T16:18:11Z" level=info msg="Tool required for debug" tool="arduino:avrdude@8.0.0-arduino1"
time="2026-02-07T16:18:11Z" level=info msg="Tool required for debug" tool="builtin:serial-discovery@1.4.3"
time="2026-02-07T16:18:11Z" level=info msg="Tool required for debug" tool="esp32:esp32-libs@3.3.6"
time="2026-02-07T16:18:11Z" level=info msg="Tool required for debug" tool="esp32:esp32c5-libs@3.3.6"
2026-02-07 16:18:11 2026-02-07T16:18:11.075Z daemon INFO time="2026-02-07T16:18:11Z" level=info msg="Tool required for debug" tool="esp32:esp32h2-libs@3.3.6"
time="2026-02-07T16:18:11Z" level=info msg="Tool required for debug" tool="esp32:openocd-esp32@v0.12.0-esp32-20251215"
time="2026-02-07T16:18:11Z" level=info msg="Tool required for debug" tool="builtin:dfu-discovery@0.1.2"
time="2026-02-07T16:18:11Z" level=info msg="Tool required for debug" tool="esp32:esp32c6-libs@3.3.6"
time="2026-02-07T16:18:11Z" level=info msg="Tool required for debug" tool="esp32:esp32p4-libs@3.3.6"
time="2026-02-07T16:18:11Z" level=info msg="Tool required for debug" tool="esp32:esptool_py@5.1.0"
time="2026-02-07T16:18:11Z" level=info msg="Tool required for debug" tool="esp32:esp32p4_es-libs@3.3.6"
time="2026-02-07T16:18:11Z" level=info msg="Tool required for debug" tool="esp32:riscv32-esp-elf-gdb@16.3_20250913"
2026-02-07 16:18:11 2026-02-07T16:18:11.075Z daemon INFO time="2026-02-07T16:18:11Z" level=info msg="Tool required for debug" tool="esp32:esp-rv32@2511"
time="2026-02-07T16:18:11Z" level=info msg="Tool required for debug" tool="builtin:mdns-discovery@1.0.12"
time="2026-02-07T16:18:11Z" level=info msg="Tool required for debug" tool="builtin:serial-monitor@0.15.0"
time="2026-02-07T16:18:11Z" level=info msg="Tool required for debug" tool="esp32:esp32s2-libs@3.3.6"
time="2026-02-07T16:18:11Z" level=info msg="Tool required for debug" tool="arduino:avr-gcc@7.3.0-atmel3.6.1-arduino7"
time="2026-02-07T16:18:11Z" level=info msg="Tool required for debug" tool="arduino:dfu-util@0.11.0-arduino5"
time="2026-02-07T16:18:11Z" level=info msg="Tool required for debug" tool="arduino:arduinoOTA@1.3.0"
time="2026-02-07T16:18:11Z" level=info msg="Tool required for debug" tool="builtin:ctags@5.8-arduino11"
2026-02-07 16:18:11 2026-02-07T16:18:11.075Z root ERROR Failed to get debug config: esp8266:esp8266:nodemcuv2:led=2,baud=115200,xtal=80,eesz=4M,dbg=Disabled,lvl=None____,ip=lm2f,vt=flash,exception=disabled,stacksmash=disabled,wipe=none,ssl=all,mmu=3232,non32xfer=fast, undefined Error: Debugging is not supported.
    at Object.callback (/opt/arduino-ide/resources/app/lib/backend/main.js:2:4742300)
    at Object.onReceiveStatus (/opt/arduino-ide/resources/app/lib/backend/main.js:2:3778020)
    at Object.onReceiveStatus (/opt/arduino-ide/resources/app/lib/backend/main.js:2:2211941)
    at Object.onReceiveStatus (/opt/arduino-ide/resources/app/lib/backend/main.js:2:2211386)
    at /opt/arduino-ide/resources/app/lib/backend/main.js:2:4348117
    at process.processTicksAndRejections (node:internal/process/task_queues:77:11)
2026-02-07 16:18:12 2026-02-07T16:18:12.056Z daemon INFO time="2026-02-07T16:18:12Z" level=info msg="Adding libraries dir" dir=/home/shrek/.arduino15/libraries isSingleLibrary=false location=ide
2026-02-07 16:18:12 2026-02-07T16:18:12.056Z daemon INFO time="2026-02-07T16:18:12Z" level=info msg="Adding libraries dir" dir=/home/shrek/.arduino15/packages/esp8266/hardware/esp8266/3.1.2/libraries isSingleLibrary=false location=platform
time="2026-02-07T16:18:12Z" level=info msg="Adding libraries dir" dir=/home/shrek/Arduino/libraries isSingleLibrary=false location=user
2026-02-07 16:18:36 2026-02-07T16:18:36.227Z root INFO Received port after upload [arduino+serial:///dev/ttyUSB0, esp8266:esp8266:nodemcuv2:led=2,baud=115200,xtal=80,eesz=4M,dbg=Disabled,lvl=None____,ip=lm2f,vt=flash,exception=disabled,stacksmash=disabled,wipe=none,ssl=all,mmu=3232,non32xfer=fast, sketch_feb7a]. Before port: {"protocol":"serial","address":"/dev/ttyUSB0"}, after port: {"address":"/dev/ttyUSB0","addressLabel":"/dev/ttyUSB0","protocol":"serial","protocolLabel":"Serial Port (USB)","properties":{"pid":"0x7523","serialNumber":"","vid":"0x1a86"}}
2026-02-07 16:19:07 2026-02-07T16:19:07.416Z daemon INFO time="2026-02-07T16:19:07Z" level=info msg="Adding libraries dir" dir=/home/shrek/.arduino15/libraries isSingleLibrary=false location=ide
2026-02-07 16:19:07 2026-02-07T16:19:07.416Z daemon INFO time="2026-02-07T16:19:07Z" level=info msg="Adding libraries dir" dir=/home/shrek/.arduino15/packages/esp8266/hardware/esp8266/3.1.2/libraries isSingleLibrary=false location=platform
time="2026-02-07T16:19:07Z" level=info msg="Adding libraries dir" dir=/home/shrek/Arduino/libraries isSingleLibrary=false location=user
2026-02-07 16:19:08 2026-02-07T16:19:08.049Z daemon INFO time="2026-02-07T16:19:08Z" level=info msg="Adding libraries dir" dir=/home/shrek/.arduino15/libraries isSingleLibrary=false location=ide
2026-02-07 16:19:08 2026-02-07T16:19:08.049Z daemon INFO time="2026-02-07T16:19:08Z" level=info msg="Adding libraries dir" dir=/home/shrek/.arduino15/packages/esp8266/hardware/esp8266/3.1.2/libraries isSingleLibrary=false location=platform
time="2026-02-07T16:19:08Z" level=info msg="Adding libraries dir" dir=/home/shrek/Arduino/libraries isSingleLibrary=false location=user
2026-02-07 16:19:08 2026-02-07T16:19:08.238Z daemon INFO time="2026-02-07T16:19:08Z" level=info msg="Resolving include ESP8266WiFi.h for arch esp8266"
time="2026-02-07T16:19:08Z" level=info msg="  found better lib" lib=ESP8266WiFi prio=6B0
2026-02-07 16:19:08 2026-02-07T16:19:08.367Z daemon INFO time="2026-02-07T16:19:08Z" level=info msg="Resolving include Wire.h for arch esp8266"
time="2026-02-07T16:19:08Z" level=info msg="  found better lib" lib=Wire prio=6B0
2026-02-07 16:19:08 2026-02-07T16:19:08.372Z daemon INFO time="2026-02-07T16:19:08Z" level=info msg="Resolving include Adafruit_GFX.h for arch esp8266"
time="2026-02-07T16:19:08Z" level=info msg="  found better lib" lib="Adafruit GFX Library" prio=517
2026-02-07 16:19:08 2026-02-07T16:19:08.372Z daemon INFO time="2026-02-07T16:19:08Z" level=info msg="Resolving include Adafruit_I2CDevice.h for arch esp8266"
2026-02-07 16:19:08 2026-02-07T16:19:08.372Z daemon INFO time="2026-02-07T16:19:08Z" level=info msg="  found better lib" lib="Adafruit BusIO" prio=3EB
2026-02-07 16:19:08 2026-02-07T16:19:08.381Z daemon INFO time="2026-02-07T16:19:08Z" level=info msg="Resolving include SPI.h for arch esp8266"
time="2026-02-07T16:19:08Z" level=info msg="  found better lib" lib=SPI prio=6B0
2026-02-07 16:19:08 2026-02-07T16:19:08.381Z daemon INFO time="2026-02-07T16:19:08Z" level=info msg="Resolving include Adafruit_SSD1306.h for arch esp8266"
time="2026-02-07T16:19:08Z" level=info msg="  found better lib" lib="Adafruit SSD1306" prio=6A7
2026-02-07 16:19:10 2026-02-07T16:19:10.030Z root INFO Executing 'arduino.languageserver.notifyBuildDidComplete' with "file:///home/shrek/.cache/arduino/sketches/4208BE5754A710EE22897B1BA8DE05A3"
2026-02-07 16:19:10 2026-02-07T16:19:10.053Z daemon INFO time="2026-02-07T16:19:10Z" level=info msg="Tool required for debug" tool="esp8266:mklittlefs@3.1.0-gcc10.3-e5f9fec"
time="2026-02-07T16:19:10Z" level=info msg="Tool required for debug" tool="esp8266:mkspiffs@3.1.0-gcc10.3-e5f9fec"
2026-02-07 16:19:10 2026-02-07T16:19:10.053Z daemon INFO time="2026-02-07T16:19:10Z" level=info msg="Tool required for debug" tool="esp8266:python3@3.7.2-post1"
time="2026-02-07T16:19:10Z" level=info msg="Tool required for debug" tool="esp8266:xtensa-lx106-elf-gcc@3.1.0-gcc10.3-e5f9fec"
time="2026-02-07T16:19:10Z" level=info msg="Tool required for debug" tool="arduino:arduinoOTA@1.3.0"
time="2026-02-07T16:19:10Z" level=info msg="Tool required for debug" tool="builtin:ctags@5.8-arduino11"
time="2026-02-07T16:19:10Z" level=info msg="Tool required for debug" tool="builtin:dfu-discovery@0.1.2"
time="2026-02-07T16:19:10Z" level=info msg="Tool required for debug" tool="builtin:serial-discovery@1.4.3"
time="2026-02-07T16:19:10Z" level=info msg="Tool required for debug" tool="esp32:esp32c5-libs@3.3.6"
2026-02-07 16:19:10 2026-02-07T16:19:10.053Z daemon INFO time="2026-02-07T16:19:10Z" level=info msg="Tool required for debug" tool="esp32:esp32h2-libs@3.3.6"
time="2026-02-07T16:19:10Z" level=info msg="Tool required for debug" tool="esp32:riscv32-esp-elf-gdb@16.3_20250913"
time="2026-02-07T16:19:10Z" level=info msg="Tool required for debug" tool="esp32:xtensa-esp-elf-gdb@16.3_20250913"
time="2026-02-07T16:19:10Z" level=info msg="Tool required for debug" tool="builtin:mdns-discovery@1.0.12"
2026-02-07 16:19:10 2026-02-07T16:19:10.053Z daemon INFO time="2026-02-07T16:19:10Z" level=info msg="Tool required for debug" tool="esp32:esp-rv32@2511"
time="2026-02-07T16:19:10Z" level=info msg="Tool required for debug" tool="esp32:esp32-libs@3.3.6"
time="2026-02-07T16:19:10Z" level=info msg="Tool required for debug" tool="esp32:esp32c6-libs@3.3.6"
2026-02-07 16:19:10 2026-02-07T16:19:10.053Z daemon INFO time="2026-02-07T16:19:10Z" level=info msg="Tool required for debug" tool="esp32:esp32p4-libs@3.3.6"
time="2026-02-07T16:19:10Z" level=info msg="Tool required for debug" tool="arduino:dfu-util@0.11.0-arduino5"
time="2026-02-07T16:19:10Z" level=info msg="Tool required for debug" tool="arduino:avrdude@8.0.0-arduino1"
time="2026-02-07T16:19:10Z" level=info msg="Tool required for debug" tool="esp32:esp32c3-libs@3.3.6"
2026-02-07 16:19:10 2026-02-07T16:19:10.053Z daemon INFO time="2026-02-07T16:19:10Z" level=info msg="Tool required for debug" tool="esp32:esp32s3-libs@3.3.6"
time="2026-02-07T16:19:10Z" level=info msg="Tool required for debug" tool="esp32:esp-x32@2511"
time="2026-02-07T16:19:10Z" level=info msg="Tool required for debug" tool="esp32:esp32p4_es-libs@3.3.6"
2026-02-07 16:19:10 2026-02-07T16:19:10.053Z daemon INFO time="2026-02-07T16:19:10Z" level=info msg="Tool required for debug" tool="esp32:openocd-esp32@v0.12.0-esp32-20251215"
time="2026-02-07T16:19:10Z" level=info msg="Tool required for debug" tool="builtin:serial-monitor@0.15.0"
2026-02-07 16:19:10 2026-02-07T16:19:10.053Z daemon INFO time="2026-02-07T16:19:10Z" level=info msg="Tool required for debug" tool="esp32:esp32s2-libs@3.3.6"
time="2026-02-07T16:19:10Z" level=info msg="Tool required for debug" tool="esp32:esptool_py@5.1.0"
time="2026-02-07T16:19:10Z" level=info msg="Tool required for debug" tool="arduino:avr-gcc@7.3.0-atmel3.6.1-arduino7"
2026-02-07 16:19:10 2026-02-07T16:19:10.053Z root ERROR Failed to get debug config: esp8266:esp8266:nodemcuv2:led=2,baud=115200,xtal=80,eesz=4M,dbg=Disabled,lvl=None____,ip=lm2f,vt=flash,exception=disabled,stacksmash=disabled,wipe=none,ssl=all,mmu=3232,non32xfer=fast, undefined Error: Debugging is not supported.
    at Object.callback (/opt/arduino-ide/resources/app/lib/backend/main.js:2:4742300)
    at Object.onReceiveStatus (/opt/arduino-ide/resources/app/lib/backend/main.js:2:3778020)
    at Object.onReceiveStatus (/opt/arduino-ide/resources/app/lib/backend/main.js:2:2211941)
    at Object.onReceiveStatus (/opt/arduino-ide/resources/app/lib/backend/main.js:2:2211386)
    at /opt/arduino-ide/resources/app/lib/backend/main.js:2:4348117
    at process.processTicksAndRejections (node:internal/process/task_queues:77:11)
2026-02-07 16:19:11 2026-02-07T16:19:11.035Z daemon INFO time="2026-02-07T16:19:11Z" level=info msg="Adding libraries dir" dir=/home/shrek/.arduino15/libraries isSingleLibrary=false location=ide
2026-02-07 16:19:11 2026-02-07T16:19:11.035Z daemon INFO time="2026-02-07T16:19:11Z" level=info msg="Adding libraries dir" dir=/home/shrek/.arduino15/packages/esp8266/hardware/esp8266/3.1.2/libraries isSingleLibrary=false location=platform
time="2026-02-07T16:19:11Z" level=info msg="Adding libraries dir" dir=/home/shrek/Arduino/libraries isSingleLibrary=false location=user
2026-02-07 16:19:35 2026-02-07T16:19:35.187Z root INFO Received port after upload [arduino+serial:///dev/ttyUSB0, esp8266:esp8266:nodemcuv2:led=2,baud=115200,xtal=80,eesz=4M,dbg=Disabled,lvl=None____,ip=lm2f,vt=flash,exception=disabled,stacksmash=disabled,wipe=none,ssl=all,mmu=3232,non32xfer=fast, sketch_feb7a]. Before port: {"protocol":"serial","address":"/dev/ttyUSB0"}, after port: {"address":"/dev/ttyUSB0","addressLabel":"/dev/ttyUSB0","protocol":"serial","protocolLabel":"Serial Port (USB)","properties":{"pid":"0x7523","serialNumber":"","vid":"0x1a86"}}
2026-02-07 16:19:48 2026-02-07T16:19:48.381Z daemon INFO time="2026-02-07T16:19:48Z" level=info msg="Adding libraries dir" dir=/home/shrek/.arduino15/libraries isSingleLibrary=false location=ide
time="2026-02-07T16:19:48Z" level=info msg="Adding libraries dir" dir=/home/shrek/.arduino15/packages/esp8266/hardware/esp8266/3.1.2/libraries isSingleLibrary=false location=platform
time="2026-02-07T16:19:48Z" level=info msg="Adding libraries dir" dir=/home/shrek/Arduino/libraries isSingleLibrary=false location=user
2026-02-07 16:19:52 2026-02-07T16:19:52.733Z daemon INFO time="2026-02-07T16:19:52Z" level=info msg="Adding libraries dir" dir=/home/shrek/.arduino15/libraries isSingleLibrary=false location=ide
time="2026-02-07T16:19:52Z" level=info msg="Adding libraries dir" dir=/home/shrek/.arduino15/packages/esp8266/hardware/esp8266/3.1.2/libraries isSingleLibrary=false location=platform
2026-02-07 16:19:52 2026-02-07T16:19:52.733Z daemon INFO time="2026-02-07T16:19:52Z" level=info msg="Adding libraries dir" dir=/home/shrek/Arduino/libraries isSingleLibrary=false location=user
2026-02-07 16:19:52 2026-02-07T16:19:52.913Z daemon INFO time="2026-02-07T16:19:52Z" level=info msg="Resolving include ESP8266WiFi.h for arch esp8266"
time="2026-02-07T16:19:52Z" level=info msg="  found better lib" lib=ESP8266WiFi prio=6B0
2026-02-07 16:19:53 2026-02-07T16:19:53.013Z daemon INFO time="2026-02-07T16:19:53Z" level=info msg="Resolving include Wire.h for arch esp8266"
time="2026-02-07T16:19:53Z" level=info msg="  found better lib" lib=Wire prio=6B0
2026-02-07 16:19:53 2026-02-07T16:19:53.014Z daemon INFO time="2026-02-07T16:19:53Z" level=info msg="Resolving include Adafruit_GFX.h for arch esp8266"
2026-02-07 16:19:53 2026-02-07T16:19:53.014Z daemon INFO time="2026-02-07T16:19:53Z" level=info msg="  found better lib" lib="Adafruit GFX Library" prio=517
2026-02-07 16:19:53 2026-02-07T16:19:53.021Z daemon INFO time="2026-02-07T16:19:53Z" level=info msg="Resolving include Adafruit_I2CDevice.h for arch esp8266"
time="2026-02-07T16:19:53Z" level=info msg="  found better lib" lib="Adafruit BusIO" prio=3EB
2026-02-07 16:19:53 2026-02-07T16:19:53.022Z daemon INFO time="2026-02-07T16:19:53Z" level=info msg="Resolving include SPI.h for arch esp8266"
time="2026-02-07T16:19:53Z" level=info msg="  found better lib" lib=SPI prio=6B0
2026-02-07 16:19:53 2026-02-07T16:19:53.043Z daemon INFO time="2026-02-07T16:19:53Z" level=info msg="Resolving include Adafruit_SSD1306.h for arch esp8266"
time="2026-02-07T16:19:53Z" level=info msg="  found better lib" lib="Adafruit SSD1306" prio=6A7
2026-02-07 16:19:53 2026-02-07T16:19:53.062Z daemon INFO time="2026-02-07T16:19:53Z" level=info msg="Adding libraries dir" dir=/home/shrek/.arduino15/libraries isSingleLibrary=false location=ide
2026-02-07 16:19:53 2026-02-07T16:19:53.062Z daemon INFO time="2026-02-07T16:19:53Z" level=info msg="Adding libraries dir" dir=/home/shrek/.arduino15/packages/esp8266/hardware/esp8266/3.1.2/libraries isSingleLibrary=false location=platform
time="2026-02-07T16:19:53Z" level=info msg="Adding libraries dir" dir=/home/shrek/Arduino/libraries isSingleLibrary=false location=user
2026-02-07 16:19:54 2026-02-07T16:19:54.679Z root INFO Executing 'arduino.languageserver.notifyBuildDidComplete' with "file:///home/shrek/.cache/arduino/sketches/4208BE5754A710EE22897B1BA8DE05A3"
2026-02-07 16:19:54 2026-02-07T16:19:54.699Z daemon INFO time="2026-02-07T16:19:54Z" level=info msg="Tool required for debug" tool="esp8266:mklittlefs@3.1.0-gcc10.3-e5f9fec"
time="2026-02-07T16:19:54Z" level=info msg="Tool required for debug" tool="esp8266:mkspiffs@3.1.0-gcc10.3-e5f9fec"
2026-02-07 16:19:54 2026-02-07T16:19:54.699Z daemon INFO time="2026-02-07T16:19:54Z" level=info msg="Tool required for debug" tool="esp8266:python3@3.7.2-post1"
time="2026-02-07T16:19:54Z" level=info msg="Tool required for debug" tool="esp8266:xtensa-lx106-elf-gcc@3.1.0-gcc10.3-e5f9fec"
time="2026-02-07T16:19:54Z" level=info msg="Tool required for debug" tool="esp32:riscv32-esp-elf-gdb@16.3_20250913"
time="2026-02-07T16:19:54Z" level=info msg="Tool required for debug" tool="esp32:openocd-esp32@v0.12.0-esp32-20251215"
time="2026-02-07T16:19:54Z" level=info msg="Tool required for debug" tool="esp32:esp32p4-libs@3.3.6"
time="2026-02-07T16:19:54Z" level=info msg="Tool required for debug" tool="arduino:arduinoOTA@1.3.0"
time="2026-02-07T16:19:54Z" level=info msg="Tool required for debug" tool="esp32:esp32s3-libs@3.3.6"
time="2026-02-07T16:19:54Z" level=info msg="Tool required for debug" tool="esp32:esptool_py@5.1.0"
time="2026-02-07T16:19:54Z" level=info msg="Tool required for debug" tool="esp32:esp-x32@2511"
time="2026-02-07T16:19:54Z" level=info msg="Tool required for debug" tool="esp32:esp32h2-libs@3.3.6"
time="2026-02-07T16:19:54Z" level=info msg="Tool required for debug" tool="arduino:dfu-util@0.11.0-arduino5"
time="2026-02-07T16:19:54Z" level=info msg="Tool required for debug" tool="builtin:dfu-discovery@0.1.2"
time="2026-02-07T16:19:54Z" level=info msg="Tool required for debug" tool="builtin:mdns-discovery@1.0.12"
2026-02-07 16:19:54 2026-02-07T16:19:54.699Z daemon INFO time="2026-02-07T16:19:54Z" level=info msg="Tool required for debug" tool="builtin:serial-discovery@1.4.3"
time="2026-02-07T16:19:54Z" level=info msg="Tool required for debug" tool="esp32:esp32s2-libs@3.3.6"
time="2026-02-07T16:19:54Z" level=info msg="Tool required for debug" tool="esp32:esp-rv32@2511"
2026-02-07 16:19:54 2026-02-07T16:19:54.699Z daemon INFO time="2026-02-07T16:19:54Z" level=info msg="Tool required for debug" tool="esp32:esp32-libs@3.3.6"
time="2026-02-07T16:19:54Z" level=info msg="Tool required for debug" tool="arduino:avrdude@8.0.0-arduino1"
time="2026-02-07T16:19:54Z" level=info msg="Tool required for debug" tool="builtin:ctags@5.8-arduino11"
2026-02-07 16:19:54 2026-02-07T16:19:54.699Z daemon INFO time="2026-02-07T16:19:54Z" level=info msg="Tool required for debug" tool="esp32:esp32c3-libs@3.3.6"
2026-02-07 16:19:54 2026-02-07T16:19:54.699Z daemon INFO time="2026-02-07T16:19:54Z" level=info msg="Tool required for debug" tool="esp32:xtensa-esp-elf-gdb@16.3_20250913"
time="2026-02-07T16:19:54Z" level=info msg="Tool required for debug" tool="esp32:esp32c6-libs@3.3.6"
time="2026-02-07T16:19:54Z" level=info msg="Tool required for debug" tool="arduino:avr-gcc@7.3.0-atmel3.6.1-arduino7"
time="2026-02-07T16:19:54Z" level=info msg="Tool required for debug" tool="builtin:serial-monitor@0.15.0"
2026-02-07 16:19:54 2026-02-07T16:19:54.699Z daemon INFO time="2026-02-07T16:19:54Z" level=info msg="Tool required for debug" tool="esp32:esp32c5-libs@3.3.6"
time="2026-02-07T16:19:54Z" level=info msg="Tool required for debug" tool="esp32:esp32p4_es-libs@3.3.6"
2026-02-07 16:19:54 2026-02-07T16:19:54.700Z root ERROR Failed to get debug config: esp8266:esp8266:nodemcuv2:led=2,baud=115200,xtal=80,eesz=4M,dbg=Disabled,lvl=None____,ip=lm2f,vt=flash,exception=disabled,stacksmash=disabled,wipe=none,ssl=all,mmu=3232,non32xfer=fast, undefined Error: Debugging is not supported.
    at Object.callback (/opt/arduino-ide/resources/app/lib/backend/main.js:2:4742300)
    at Object.onReceiveStatus (/opt/arduino-ide/resources/app/lib/backend/main.js:2:3778020)
    at Object.onReceiveStatus (/opt/arduino-ide/resources/app/lib/backend/main.js:2:2211941)
    at Object.onReceiveStatus (/opt/arduino-ide/resources/app/lib/backend/main.js:2:2211386)
    at /opt/arduino-ide/resources/app/lib/backend/main.js:2:4348117
    at process.processTicksAndRejections (node:internal/process/task_queues:77:11)
2026-02-07 16:19:55 2026-02-07T16:19:55.684Z daemon INFO time="2026-02-07T16:19:55Z" level=info msg="Adding libraries dir" dir=/home/shrek/.arduino15/libraries isSingleLibrary=false location=ide
2026-02-07 16:19:55 2026-02-07T16:19:55.684Z daemon INFO time="2026-02-07T16:19:55Z" level=info msg="Adding libraries dir" dir=/home/shrek/.arduino15/packages/esp8266/hardware/esp8266/3.1.2/libraries isSingleLibrary=false location=platform
time="2026-02-07T16:19:55Z" level=info msg="Adding libraries dir" dir=/home/shrek/Arduino/libraries isSingleLibrary=false location=user
2026-02-07 16:20:19 2026-02-07T16:20:19.831Z root INFO Received port after upload [arduino+serial:///dev/ttyUSB0, esp8266:esp8266:nodemcuv2:led=2,baud=115200,xtal=80,eesz=4M,dbg=Disabled,lvl=None____,ip=lm2f,vt=flash,exception=disabled,stacksmash=disabled,wipe=none,ssl=all,mmu=3232,non32xfer=fast, sketch_feb7a]. Before port: {"protocol":"serial","address":"/dev/ttyUSB0"}, after port: {"address":"/dev/ttyUSB0","addressLabel":"/dev/ttyUSB0","protocol":"serial","protocolLabel":"Serial Port (USB)","properties":{"pid":"0x7523","serialNumber":"","vid":"0x1a86"}}
2026-02-07 16:21:04 2026-02-07T16:21:04.358Z daemon INFO time="2026-02-07T16:21:04Z" level=info msg="Adding libraries dir" dir=/home/shrek/.arduino15/libraries isSingleLibrary=false location=ide
time="2026-02-07T16:21:04Z" level=info msg="Adding libraries dir" dir=/home/shrek/.arduino15/packages/esp8266/hardware/esp8266/3.1.2/libraries isSingleLibrary=false location=platform
2026-02-07 16:21:04 2026-02-07T16:21:04.358Z daemon INFO time="2026-02-07T16:21:04Z" level=info msg="Adding libraries dir" dir=/home/shrek/Arduino/libraries isSingleLibrary=false location=user
2026-02-07 16:21:11 2026-02-07T16:21:11.228Z daemon INFO time="2026-02-07T16:21:11Z" level=info msg="Adding libraries dir" dir=/home/shrek/.arduino15/libraries isSingleLibrary=false location=ide
2026-02-07 16:21:11 2026-02-07T16:21:11.228Z daemon INFO time="2026-02-07T16:21:11Z" level=info msg="Adding libraries dir" dir=/home/shrek/.arduino15/packages/esp8266/hardware/esp8266/3.1.2/libraries isSingleLibrary=false location=platform
time="2026-02-07T16:21:11Z" level=info msg="Adding libraries dir" dir=/home/shrek/Arduino/libraries isSingleLibrary=false location=user
2026-02-07 16:21:11 2026-02-07T16:21:11.255Z daemon INFO time="2026-02-07T16:21:11Z" level=info msg="Adding libraries dir" dir=/home/shrek/.arduino15/libraries isSingleLibrary=false location=ide
2026-02-07 16:21:11 2026-02-07T16:21:11.255Z daemon INFO time="2026-02-07T16:21:11Z" level=info msg="Adding libraries dir" dir=/home/shrek/.arduino15/packages/esp8266/hardware/esp8266/3.1.2/libraries isSingleLibrary=false location=platform
time="2026-02-07T16:21:11Z" level=info msg="Adding libraries dir" dir=/home/shrek/Arduino/libraries isSingleLibrary=false location=user
2026-02-07 16:21:11 2026-02-07T16:21:11.490Z daemon INFO time="2026-02-07T16:21:11Z" level=info msg="Resolving include ESP8266WiFi.h for arch esp8266"
time="2026-02-07T16:21:11Z" level=info msg="  found better lib" lib=ESP8266WiFi prio=6B0
2026-02-07 16:21:11 2026-02-07T16:21:11.624Z daemon INFO time="2026-02-07T16:21:11Z" level=info msg="Resolving include Wire.h for arch esp8266"
time="2026-02-07T16:21:11Z" level=info msg="  found better lib" lib=Wire prio=6B0
2026-02-07 16:21:11 2026-02-07T16:21:11.624Z daemon INFO time="2026-02-07T16:21:11Z" level=info msg="Resolving include Adafruit_GFX.h for arch esp8266"
time="2026-02-07T16:21:11Z" level=info msg="  found better lib" lib="Adafruit GFX Library" prio=517
2026-02-07 16:21:11 2026-02-07T16:21:11.624Z daemon INFO time="2026-02-07T16:21:11Z" level=info msg="Resolving include Adafruit_I2CDevice.h for arch esp8266"
2026-02-07 16:21:11 2026-02-07T16:21:11.624Z daemon INFO time="2026-02-07T16:21:11Z" level=info msg="  found better lib" lib="Adafruit BusIO" prio=3EB
2026-02-07 16:21:11 2026-02-07T16:21:11.625Z daemon INFO time="2026-02-07T16:21:11Z" level=info msg="Resolving include SPI.h for arch esp8266"
time="2026-02-07T16:21:11Z" level=info msg="  found better lib" lib=SPI prio=6B0
2026-02-07 16:21:11 2026-02-07T16:21:11.625Z daemon INFO time="2026-02-07T16:21:11Z" level=info msg="Resolving include Adafruit_SSD1306.h for arch esp8266"
2026-02-07 16:21:11 2026-02-07T16:21:11.625Z daemon INFO time="2026-02-07T16:21:11Z" level=info msg="  found better lib" lib="Adafruit SSD1306" prio=6A7
2026-02-07 16:21:13 2026-02-07T16:21:13.334Z root INFO Executing 'arduino.languageserver.notifyBuildDidComplete' with "file:///home/shrek/.cache/arduino/sketches/4208BE5754A710EE22897B1BA8DE05A3"
2026-02-07 16:21:13 2026-02-07T16:21:13.368Z daemon INFO time="2026-02-07T16:21:13Z" level=info msg="Tool required for debug" tool="esp8266:mklittlefs@3.1.0-gcc10.3-e5f9fec"
time="2026-02-07T16:21:13Z" level=info msg="Tool required for debug" tool="esp8266:mkspiffs@3.1.0-gcc10.3-e5f9fec"
2026-02-07 16:21:13 2026-02-07T16:21:13.369Z daemon INFO time="2026-02-07T16:21:13Z" level=info msg="Tool required for debug" tool="esp8266:python3@3.7.2-post1"
time="2026-02-07T16:21:13Z" level=info msg="Tool required for debug" tool="esp8266:xtensa-lx106-elf-gcc@3.1.0-gcc10.3-e5f9fec"
time="2026-02-07T16:21:13Z" level=info msg="Tool required for debug" tool="arduino:avr-gcc@7.3.0-atmel3.6.1-arduino7"
time="2026-02-07T16:21:13Z" level=info msg="Tool required for debug" tool="builtin:ctags@5.8-arduino11"
time="2026-02-07T16:21:13Z" level=info msg="Tool required for debug" tool="builtin:mdns-discovery@1.0.12"
time="2026-02-07T16:21:13Z" level=info msg="Tool required for debug" tool="builtin:serial-monitor@0.15.0"
2026-02-07 16:21:13 2026-02-07T16:21:13.369Z daemon INFO time="2026-02-07T16:21:13Z" level=info msg="Tool required for debug" tool="esp32:esp-rv32@2511"
time="2026-02-07T16:21:13Z" level=info msg="Tool required for debug" tool="esp32:esptool_py@5.1.0"
2026-02-07 16:21:13 2026-02-07T16:21:13.369Z daemon INFO time="2026-02-07T16:21:13Z" level=info msg="Tool required for debug" tool="esp32:esp32h2-libs@3.3.6"
time="2026-02-07T16:21:13Z" level=info msg="Tool required for debug" tool="esp32:esp32p4_es-libs@3.3.6"
time="2026-02-07T16:21:13Z" level=info msg="Tool required for debug" tool="arduino:dfu-util@0.11.0-arduino5"
2026-02-07 16:21:13 2026-02-07T16:21:13.369Z daemon INFO time="2026-02-07T16:21:13Z" level=info msg="Tool required for debug" tool="arduino:arduinoOTA@1.3.0"
time="2026-02-07T16:21:13Z" level=info msg="Tool required for debug" tool="arduino:avrdude@8.0.0-arduino1"
2026-02-07 16:21:13 2026-02-07T16:21:13.369Z daemon INFO time="2026-02-07T16:21:13Z" level=info msg="Tool required for debug" tool="builtin:serial-discovery@1.4.3"
time="2026-02-07T16:21:13Z" level=info msg="Tool required for debug" tool="esp32:esp32s2-libs@3.3.6"
2026-02-07 16:21:13 2026-02-07T16:21:13.369Z daemon INFO time="2026-02-07T16:21:13Z" level=info msg="Tool required for debug" tool="esp32:riscv32-esp-elf-gdb@16.3_20250913"
time="2026-02-07T16:21:13Z" level=info msg="Tool required for debug" tool="esp32:esp32c6-libs@3.3.6"
2026-02-07 16:21:13 2026-02-07T16:21:13.369Z daemon INFO time="2026-02-07T16:21:13Z" level=info msg="Tool required for debug" tool="builtin:dfu-discovery@0.1.2"
time="2026-02-07T16:21:13Z" level=info msg="Tool required for debug" tool="esp32:esp32s3-libs@3.3.6"
2026-02-07 16:21:13 2026-02-07T16:21:13.369Z daemon INFO time="2026-02-07T16:21:13Z" level=info msg="Tool required for debug" tool="esp32:esp-x32@2511"
time="2026-02-07T16:21:13Z" level=info msg="Tool required for debug" tool="esp32:xtensa-esp-elf-gdb@16.3_20250913"
2026-02-07 16:21:13 2026-02-07T16:21:13.369Z daemon INFO time="2026-02-07T16:21:13Z" level=info msg="Tool required for debug" tool="esp32:esp32-libs@3.3.6"
time="2026-02-07T16:21:13Z" level=info msg="Tool required for debug" tool="esp32:esp32p4-libs@3.3.6"
2026-02-07 16:21:13 2026-02-07T16:21:13.369Z daemon INFO time="2026-02-07T16:21:13Z" level=info msg="Tool required for debug" tool="esp32:esp32c3-libs@3.3.6"
time="2026-02-07T16:21:13Z" level=info msg="Tool required for debug" tool="esp32:esp32c5-libs@3.3.6"
2026-02-07 16:21:13 2026-02-07T16:21:13.369Z daemon INFO time="2026-02-07T16:21:13Z" level=info msg="Tool required for debug" tool="esp32:openocd-esp32@v0.12.0-esp32-20251215"
2026-02-07 16:21:13 2026-02-07T16:21:13.369Z root ERROR Failed to get debug config: esp8266:esp8266:nodemcuv2:led=2,baud=115200,xtal=80,eesz=4M,dbg=Disabled,lvl=None____,ip=lm2f,vt=flash,exception=disabled,stacksmash=disabled,wipe=none,ssl=all,mmu=3232,non32xfer=fast, undefined Error: Debugging is not supported.
    at Object.callback (/opt/arduino-ide/resources/app/lib/backend/main.js:2:4742300)
    at Object.onReceiveStatus (/opt/arduino-ide/resources/app/lib/backend/main.js:2:3778020)
    at Object.onReceiveStatus (/opt/arduino-ide/resources/app/lib/backend/main.js:2:2211941)
    at Object.onReceiveStatus (/opt/arduino-ide/resources/app/lib/backend/main.js:2:2211386)
    at /opt/arduino-ide/resources/app/lib/backend/main.js:2:4348117
    at process.processTicksAndRejections (node:internal/process/task_queues:77:11)
2026-02-07 16:21:14 2026-02-07T16:21:14.340Z daemon INFO time="2026-02-07T16:21:14Z" level=info msg="Adding libraries dir" dir=/home/shrek/.arduino15/libraries isSingleLibrary=false location=ide
2026-02-07 16:21:14 2026-02-07T16:21:14.340Z daemon INFO time="2026-02-07T16:21:14Z" level=info msg="Adding libraries dir" dir=/home/shrek/.arduino15/packages/esp8266/hardware/esp8266/3.1.2/libraries isSingleLibrary=false location=platform
time="2026-02-07T16:21:14Z" level=info msg="Adding libraries dir" dir=/home/shrek/Arduino/libraries isSingleLibrary=false location=user
2026-02-07 16:21:38 2026-02-07T16:21:38.494Z root INFO Received port after upload [arduino+serial:///dev/ttyUSB0, esp8266:esp8266:nodemcuv2:led=2,baud=115200,xtal=80,eesz=4M,dbg=Disabled,lvl=None____,ip=lm2f,vt=flash,exception=disabled,stacksmash=disabled,wipe=none,ssl=all,mmu=3232,non32xfer=fast, sketch_feb7a]. Before port: {"protocol":"serial","address":"/dev/ttyUSB0"}, after port: {"address":"/dev/ttyUSB0","addressLabel":"/dev/ttyUSB0","protocol":"serial","protocolLabel":"Serial Port (USB)","properties":{"pid":"0x7523","serialNumber":"","vid":"0x1a86"}}
2026-02-07 16:22:00 2026-02-07T16:22:00.631Z daemon INFO time="2026-02-07T16:22:00Z" level=info msg="Adding libraries dir" dir=/home/shrek/.arduino15/libraries isSingleLibrary=false location=ide
2026-02-07 16:22:00 2026-02-07T16:22:00.631Z daemon INFO time="2026-02-07T16:22:00Z" level=info msg="Adding libraries dir" dir=/home/shrek/.arduino15/packages/esp8266/hardware/esp8266/3.1.2/libraries isSingleLibrary=false location=platform
time="2026-02-07T16:22:00Z" level=info msg="Adding libraries dir" dir=/home/shrek/Arduino/libraries isSingleLibrary=false location=user
2026-02-07 16:22:12 2026-02-07T16:22:12.054Z daemon INFO time="2026-02-07T16:22:12Z" level=info msg="Adding libraries dir" dir=/home/shrek/.arduino15/libraries isSingleLibrary=false location=ide
2026-02-07 16:22:12 2026-02-07T16:22:12.054Z daemon INFO time="2026-02-07T16:22:12Z" level=info msg="Adding libraries dir" dir=/home/shrek/.arduino15/packages/esp8266/hardware/esp8266/3.1.2/libraries isSingleLibrary=false location=platform
time="2026-02-07T16:22:12Z" level=info msg="Adding libraries dir" dir=/home/shrek/Arduino/libraries isSingleLibrary=false location=user
2026-02-07 16:22:12 2026-02-07T16:22:12.149Z daemon INFO time="2026-02-07T16:22:12Z" level=info msg="Adding libraries dir" dir=/home/shrek/.arduino15/libraries isSingleLibrary=false location=ide
2026-02-07 16:22:12 2026-02-07T16:22:12.149Z daemon INFO time="2026-02-07T16:22:12Z" level=info msg="Adding libraries dir" dir=/home/shrek/.arduino15/packages/esp8266/hardware/esp8266/3.1.2/libraries isSingleLibrary=false location=platform
time="2026-02-07T16:22:12Z" level=info msg="Adding libraries dir" dir=/home/shrek/Arduino/libraries isSingleLibrary=false location=user
2026-02-07 16:22:12 2026-02-07T16:22:12.256Z daemon INFO time="2026-02-07T16:22:12Z" level=info msg="Resolving include ESP8266WiFi.h for arch esp8266"
2026-02-07 16:22:12 2026-02-07T16:22:12.257Z daemon INFO time="2026-02-07T16:22:12Z" level=info msg="  found better lib" lib=ESP8266WiFi prio=6B0
2026-02-07 16:22:12 2026-02-07T16:22:12.374Z daemon INFO time="2026-02-07T16:22:12Z" level=info msg="Resolving include Wire.h for arch esp8266"
time="2026-02-07T16:22:12Z" level=info msg="  found better lib" lib=Wire prio=6B0
2026-02-07 16:22:12 2026-02-07T16:22:12.380Z daemon INFO time="2026-02-07T16:22:12Z" level=info msg="Resolving include Adafruit_GFX.h for arch esp8266"
time="2026-02-07T16:22:12Z" level=info msg="  found better lib" lib="Adafruit GFX Library" prio=517
2026-02-07 16:22:12 2026-02-07T16:22:12.414Z daemon INFO time="2026-02-07T16:22:12Z" level=info msg="Resolving include Adafruit_I2CDevice.h for arch esp8266"
time="2026-02-07T16:22:12Z" level=info msg="  found better lib" lib="Adafruit BusIO" prio=3EB
2026-02-07 16:22:12 2026-02-07T16:22:12.420Z daemon INFO time="2026-02-07T16:22:12Z" level=info msg="Resolving include SPI.h for arch esp8266"
time="2026-02-07T16:22:12Z" level=info msg="  found better lib" lib=SPI prio=6B0
2026-02-07 16:22:12 2026-02-07T16:22:12.422Z daemon INFO time="2026-02-07T16:22:12Z" level=info msg="Resolving include Adafruit_SSD1306.h for arch esp8266"
2026-02-07 16:22:12 2026-02-07T16:22:12.422Z daemon INFO time="2026-02-07T16:22:12Z" level=info msg="  found better lib" lib="Adafruit SSD1306" prio=6A7
2026-02-07 16:22:14 2026-02-07T16:22:14.080Z root INFO Executing 'arduino.languageserver.notifyBuildDidComplete' with "file:///home/shrek/.cache/arduino/sketches/4208BE5754A710EE22897B1BA8DE05A3"
2026-02-07 16:22:14 2026-02-07T16:22:14.100Z daemon INFO time="2026-02-07T16:22:14Z" level=info msg="Tool required for debug" tool="esp8266:mklittlefs@3.1.0-gcc10.3-e5f9fec"
time="2026-02-07T16:22:14Z" level=info msg="Tool required for debug" tool="esp8266:mkspiffs@3.1.0-gcc10.3-e5f9fec"
time="2026-02-07T16:22:14Z" level=info msg="Tool required for debug" tool="esp8266:python3@3.7.2-post1"
2026-02-07 16:22:14 2026-02-07T16:22:14.100Z daemon INFO time="2026-02-07T16:22:14Z" level=info msg="Tool required for debug" tool="esp8266:xtensa-lx106-elf-gcc@3.1.0-gcc10.3-e5f9fec"
time="2026-02-07T16:22:14Z" level=info msg="Tool required for debug" tool="esp32:esp32p4-libs@3.3.6"
time="2026-02-07T16:22:14Z" level=info msg="Tool required for debug" tool="builtin:mdns-discovery@1.0.12"
time="2026-02-07T16:22:14Z" level=info msg="Tool required for debug" tool="builtin:serial-monitor@0.15.0"
time="2026-02-07T16:22:14Z" level=info msg="Tool required for debug" tool="builtin:ctags@5.8-arduino11"
time="2026-02-07T16:22:14Z" level=info msg="Tool required for debug" tool="esp32:esp32c5-libs@3.3.6"
time="2026-02-07T16:22:14Z" level=info msg="Tool required for debug" tool="esp32:esp32s2-libs@3.3.6"
time="2026-02-07T16:22:14Z" level=info msg="Tool required for debug" tool="esp32:esp-x32@2511"
time="2026-02-07T16:22:14Z" level=info msg="Tool required for debug" tool="esp32:openocd-esp32@v0.12.0-esp32-20251215"
2026-02-07 16:22:14 2026-02-07T16:22:14.100Z daemon INFO time="2026-02-07T16:22:14Z" level=info msg="Tool required for debug" tool="esp32:esp32c6-libs@3.3.6"
time="2026-02-07T16:22:14Z" level=info msg="Tool required for debug" tool="arduino:arduinoOTA@1.3.0"
time="2026-02-07T16:22:14Z" level=info msg="Tool required for debug" tool="arduino:avrdude@8.0.0-arduino1"
time="2026-02-07T16:22:14Z" level=info msg="Tool required for debug" tool="esp32:esptool_py@5.1.0"
2026-02-07 16:22:14 2026-02-07T16:22:14.100Z daemon INFO time="2026-02-07T16:22:14Z" level=info msg="Tool required for debug" tool="esp32:esp32h2-libs@3.3.6"
time="2026-02-07T16:22:14Z" level=info msg="Tool required for debug" tool="esp32:xtensa-esp-elf-gdb@16.3_20250913"
time="2026-02-07T16:22:14Z" level=info msg="Tool required for debug" tool="esp32:esp-rv32@2511"
time="2026-02-07T16:22:14Z" level=info msg="Tool required for debug" tool="arduino:avr-gcc@7.3.0-atmel3.6.1-arduino7"
2026-02-07 16:22:14 2026-02-07T16:22:14.101Z daemon INFO time="2026-02-07T16:22:14Z" level=info msg="Tool required for debug" tool="builtin:dfu-discovery@0.1.2"
time="2026-02-07T16:22:14Z" level=info msg="Tool required for debug" tool="esp32:esp32c3-libs@3.3.6"
2026-02-07 16:22:14 2026-02-07T16:22:14.101Z daemon INFO time="2026-02-07T16:22:14Z" level=info msg="Tool required for debug" tool="esp32:esp32s3-libs@3.3.6"
time="2026-02-07T16:22:14Z" level=info msg="Tool required for debug" tool="esp32:riscv32-esp-elf-gdb@16.3_20250913"
time="2026-02-07T16:22:14Z" level=info msg="Tool required for debug" tool="arduino:dfu-util@0.11.0-arduino5"
time="2026-02-07T16:22:14Z" level=info msg="Tool required for debug" tool="builtin:serial-discovery@1.4.3"
2026-02-07 16:22:14 2026-02-07T16:22:14.101Z daemon INFO time="2026-02-07T16:22:14Z" level=info msg="Tool required for debug" tool="esp32:esp32p4_es-libs@3.3.6"
time="2026-02-07T16:22:14Z" level=info msg="Tool required for debug" tool="esp32:esp32-libs@3.3.6"
2026-02-07 16:22:14 2026-02-07T16:22:14.101Z root ERROR Failed to get debug config: esp8266:esp8266:nodemcuv2:led=2,baud=115200,xtal=80,eesz=4M,dbg=Disabled,lvl=None____,ip=lm2f,vt=flash,exception=disabled,stacksmash=disabled,wipe=none,ssl=all,mmu=3232,non32xfer=fast, undefined Error: Debugging is not supported.
    at Object.callback (/opt/arduino-ide/resources/app/lib/backend/main.js:2:4742300)
    at Object.onReceiveStatus (/opt/arduino-ide/resources/app/lib/backend/main.js:2:3778020)
    at Object.onReceiveStatus (/opt/arduino-ide/resources/app/lib/backend/main.js:2:2211941)
    at Object.onReceiveStatus (/opt/arduino-ide/resources/app/lib/backend/main.js:2:2211386)
    at /opt/arduino-ide/resources/app/lib/backend/main.js:2:4348117
    at process.processTicksAndRejections (node:internal/process/task_queues:77:11)
2026-02-07 16:22:15 2026-02-07T16:22:15.086Z daemon INFO time="2026-02-07T16:22:15Z" level=info msg="Adding libraries dir" dir=/home/shrek/.arduino15/libraries isSingleLibrary=false location=ide
2026-02-07 16:22:15 2026-02-07T16:22:15.086Z daemon INFO time="2026-02-07T16:22:15Z" level=info msg="Adding libraries dir" dir=/home/shrek/.arduino15/packages/esp8266/hardware/esp8266/3.1.2/libraries isSingleLibrary=false location=platform
time="2026-02-07T16:22:15Z" level=info msg="Adding libraries dir" dir=/home/shrek/Arduino/libraries isSingleLibrary=false location=user
2026-02-07 16:22:39 2026-02-07T16:22:39.236Z root INFO Received port after upload [arduino+serial:///dev/ttyUSB0, esp8266:esp8266:nodemcuv2:led=2,baud=115200,xtal=80,eesz=4M,dbg=Disabled,lvl=None____,ip=lm2f,vt=flash,exception=disabled,stacksmash=disabled,wipe=none,ssl=all,mmu=3232,non32xfer=fast, sketch_feb7a]. Before port: {"protocol":"serial","address":"/dev/ttyUSB0"}, after port: {"address":"/dev/ttyUSB0","addressLabel":"/dev/ttyUSB0","protocol":"serial","protocolLabel":"Serial Port (USB)","properties":{"pid":"0x7523","serialNumber":"","vid":"0x1a86"}}
2026-02-07 16:24:26 2026-02-07T16:24:26.958Z root INFO ---- DURATION: search took 70.072 ms. Args: [{"query":"Adafruit SH","type":"All","topic":"All"}] ----
2026-02-07 16:24:29 2026-02-07T16:24:29.871Z root INFO ---- DURATION: search took 55.491 ms. Args: [{"query":"Adafruit SH1106","type":"All","topic":"All"}] ----
2026-02-07 16:24:45 2026-02-07T16:24:45.775Z root INFO ---- DURATION: search took 54.777 ms. Args: [{"query":"Adafruit SH1106","type":"All","topic":"All"}] ----
2026-02-07 16:24:52 2026-02-07T16:24:52.624Z root INFO >>> Starting library package installation... {
  name: 'Adafruit SH110X',
  exampleUris: [],
  location: 0,
  installedVersion: undefined,
  author: 'Adafruit',
  availableVersions: [
    '2.1.14', '2.1.13', '2.1.12',
    '2.1.11', '2.1.10', '2.1.8',
    '2.1.7',  '2.1.6',  '2.1.5',
    '2.1.4',  '2.1.3',  '2.1.2',
    '2.1.1',  '2.1.0',  '2.0.0',
    '1.2.1',  '1.2.0',  '1.0.0'
  ],
  includes: [],
  description: 'SH110X oled driver library for monochrome displays with SH1107 or SH1106G drivers',
  moreInfoLink: 'https://github.com/adafruit/Adafruit_SH110X',
  summary: 'SH110X oled driver library for monochrome displays with SH1107 or SH1106G drivers',
  category: 'Display',
  types: [ 'Contributed' ],
  index: 0
}
2026-02-07 16:24:52 2026-02-07T16:24:52.624Z discovery-log INFO stop
2026-02-07 16:24:52 2026-02-07T16:24:52.624Z discovery-log INFO >>> Stopping boards watcher...
2026-02-07 16:24:52 2026-02-07T16:24:52.624Z discovery-log INFO Canceling boards watcher...
2026-02-07 16:24:52 2026-02-07T16:24:52.624Z discovery-log INFO disposing requesting cancel
2026-02-07 16:24:52 2026-02-07T16:24:52.624Z discovery-log INFO disposing canceled
2026-02-07 16:24:52 2026-02-07T16:24:52.624Z discovery-log INFO error received
2026-02-07 16:24:52 2026-02-07T16:24:52.624Z discovery-log INFO cancel error received!
2026-02-07 16:24:52 2026-02-07T16:24:52.624Z discovery-log INFO stop received event: either end or cancel
2026-02-07 16:24:52 2026-02-07T16:24:52.624Z discovery-log INFO stop stopped
2026-02-07 16:24:52 2026-02-07T16:24:52.624Z discovery-log INFO received end
2026-02-07 16:24:52 2026-02-07T16:24:52.760Z daemon INFO time="2026-02-07T16:24:52Z" level=info msg="Starting download" url="https://downloads.arduino.cc/libraries/github.com/adafruit/Adafruit_SH110X-2.1.14.zip?query=install"
2026-02-07 16:24:52 2026-02-07T16:24:52.876Z daemon INFO time="2026-02-07T16:24:52Z" level=info msg="Installing library" library="Adafruit SH110X@2.1.14"
2026-02-07 16:24:52 2026-02-07T16:24:52.884Z daemon INFO time="2026-02-07T16:24:52Z" level=info msg="Checking signature" index=/home/shrek/.arduino15/package_index.json signatureFile=/home/shrek/.arduino15/package_index.json.sig trusted=true
2026-02-07 16:24:52 2026-02-07T16:24:52.884Z daemon INFO time="2026-02-07T16:24:52Z" level=info msg="Missing signature file" index=/home/shrek/.arduino15/package_esp8266com_index.json
2026-02-07 16:24:52 2026-02-07T16:24:52.885Z daemon INFO time="2026-02-07T16:24:52Z" level=info msg="Loading hardware from: /home/shrek/.arduino15/packages"
2026-02-07 16:24:52 2026-02-07T16:24:52.885Z daemon INFO time="2026-02-07T16:24:52Z" level=info msg="Loading package arduino from: /home/shrek/.arduino15/packages/arduino/hardware"
2026-02-07 16:24:52 2026-02-07T16:24:52.885Z daemon INFO time="2026-02-07T16:24:52Z" level=info msg="Missing signature file" index=/home/shrek/.arduino15/packages/arduino/hardware/avr/1.8.7/installed.json
2026-02-07 16:24:52 2026-02-07T16:24:52.886Z daemon INFO time="2026-02-07T16:24:52Z" level=info msg="Adding monitor tool" protocol=serial tool="builtin:serial-monitor"
time="2026-02-07T16:24:52Z" level=info msg="Loaded platform" platform="arduino:avr@1.8.7"
2026-02-07 16:24:52 2026-02-07T16:24:52.886Z daemon INFO time="2026-02-07T16:24:52Z" level=info msg="Checking existence of 'tools' path: /home/shrek/.arduino15/packages/arduino/tools"
time="2026-02-07T16:24:52Z" level=info msg="Loading tools from dir: /home/shrek/.arduino15/packages/arduino/tools"
2026-02-07 16:24:52 2026-02-07T16:24:52.886Z daemon INFO time="2026-02-07T16:24:52Z" level=info msg="Loaded tool" tool="arduino:arduinoOTA@1.3.0"
2026-02-07 16:24:52 2026-02-07T16:24:52.886Z daemon INFO time="2026-02-07T16:24:52Z" level=info msg="Loaded tool" tool="arduino:avr-gcc@7.3.0-atmel3.6.1-arduino7"
2026-02-07 16:24:52 2026-02-07T16:24:52.886Z daemon INFO time="2026-02-07T16:24:52Z" level=info msg="Loaded tool" tool="arduino:avrdude@8.0.0-arduino1"
2026-02-07 16:24:52 2026-02-07T16:24:52.886Z daemon INFO time="2026-02-07T16:24:52Z" level=info msg="Loaded tool" tool="arduino:dfu-util@0.11.0-arduino5"
2026-02-07 16:24:52 2026-02-07T16:24:52.886Z daemon INFO time="2026-02-07T16:24:52Z" level=info msg="Loading package builtin from: /home/shrek/.arduino15/packages/builtin"
2026-02-07 16:24:52 2026-02-07T16:24:52.886Z daemon INFO time="2026-02-07T16:24:52Z" level=info msg="Checking existence of 'tools' path: /home/shrek/.arduino15/packages/builtin/tools"
time="2026-02-07T16:24:52Z" level=info msg="Loading tools from dir: /home/shrek/.arduino15/packages/builtin/tools"
2026-02-07 16:24:52 2026-02-07T16:24:52.886Z daemon INFO time="2026-02-07T16:24:52Z" level=info msg="Loaded tool" tool="builtin:ctags@5.8-arduino11"
2026-02-07 16:24:52 2026-02-07T16:24:52.886Z daemon INFO time="2026-02-07T16:24:52Z" level=info msg="Loaded tool" tool="builtin:dfu-discovery@0.1.2"
2026-02-07 16:24:52 2026-02-07T16:24:52.886Z daemon INFO time="2026-02-07T16:24:52Z" level=info msg="Loaded tool" tool="builtin:mdns-discovery@1.0.12"
2026-02-07 16:24:52 2026-02-07T16:24:52.886Z daemon INFO time="2026-02-07T16:24:52Z" level=info msg="Loaded tool" tool="builtin:serial-discovery@1.4.3"
2026-02-07 16:24:52 2026-02-07T16:24:52.886Z daemon INFO time="2026-02-07T16:24:52Z" level=info msg="Loaded tool" tool="builtin:serial-monitor@0.15.0"
2026-02-07 16:24:52 2026-02-07T16:24:52.886Z daemon INFO time="2026-02-07T16:24:52Z" level=info msg="Loading package esp32 from: /home/shrek/.arduino15/packages/esp32/hardware"
2026-02-07 16:24:52 2026-02-07T16:24:52.888Z daemon INFO time="2026-02-07T16:24:52Z" level=info msg="Missing signature file" index=/home/shrek/.arduino15/packages/esp32/hardware/esp32/3.3.6/installed.json
2026-02-07 16:24:52 2026-02-07T16:24:52.971Z daemon INFO time="2026-02-07T16:24:52Z" level=info msg="Adding monitor tool" protocol=serial tool="builtin:serial-monitor"
time="2026-02-07T16:24:52Z" level=info msg="Loaded platform" platform="esp32:esp32@3.3.6"
time="2026-02-07T16:24:52Z" level=info msg="Checking existence of 'tools' path: /home/shrek/.arduino15/packages/esp32/tools"
2026-02-07 16:24:52 2026-02-07T16:24:52.971Z daemon INFO time="2026-02-07T16:24:52Z" level=info msg="Loading tools from dir: /home/shrek/.arduino15/packages/esp32/tools"
time="2026-02-07T16:24:52Z" level=info msg="Loaded tool" tool="esp32:esp-rv32@2511"
2026-02-07 16:24:52 2026-02-07T16:24:52.971Z daemon INFO time="2026-02-07T16:24:52Z" level=info msg="Loaded tool" tool="esp32:esp-x32@2511"
2026-02-07 16:24:52 2026-02-07T16:24:52.971Z daemon INFO time="2026-02-07T16:24:52Z" level=info msg="Loaded tool" tool="esp32:esp32-libs@3.3.6"
2026-02-07 16:24:52 2026-02-07T16:24:52.971Z daemon INFO time="2026-02-07T16:24:52Z" level=info msg="Loaded tool" tool="esp32:esp32c3-libs@3.3.6"
2026-02-07 16:24:52 2026-02-07T16:24:52.971Z daemon INFO time="2026-02-07T16:24:52Z" level=info msg="Loaded tool" tool="esp32:esp32c5-libs@3.3.6"
2026-02-07 16:24:52 2026-02-07T16:24:52.971Z daemon INFO time="2026-02-07T16:24:52Z" level=info msg="Loaded tool" tool="esp32:esp32c6-libs@3.3.6"
2026-02-07 16:24:52 2026-02-07T16:24:52.971Z daemon INFO time="2026-02-07T16:24:52Z" level=info msg="Loaded tool" tool="esp32:esp32h2-libs@3.3.6"
2026-02-07 16:24:52 2026-02-07T16:24:52.971Z daemon INFO time="2026-02-07T16:24:52Z" level=info msg="Loaded tool" tool="esp32:esp32p4-libs@3.3.6"
2026-02-07 16:24:52 2026-02-07T16:24:52.971Z daemon INFO time="2026-02-07T16:24:52Z" level=info msg="Loaded tool" tool="esp32:esp32p4_es-libs@3.3.6"
2026-02-07 16:24:52 2026-02-07T16:24:52.971Z daemon INFO time="2026-02-07T16:24:52Z" level=info msg="Loaded tool" tool="esp32:esp32s2-libs@3.3.6"
time="2026-02-07T16:24:52Z" level=info msg="Loaded tool" tool="esp32:esp32s3-libs@3.3.6"
2026-02-07 16:24:52 2026-02-07T16:24:52.971Z daemon INFO time="2026-02-07T16:24:52Z" level=info msg="Loaded tool" tool="esp32:esptool_py@5.1.0"
2026-02-07 16:24:52 2026-02-07T16:24:52.971Z daemon INFO time="2026-02-07T16:24:52Z" level=info msg="Loaded tool" tool="esp32:mklittlefs@4.0.2-db0513a"
time="2026-02-07T16:24:52Z" level=info msg="Loaded tool" tool="esp32:mkspiffs@0.2.3"
2026-02-07 16:24:52 2026-02-07T16:24:52.971Z daemon INFO time="2026-02-07T16:24:52Z" level=info msg="Loaded tool" tool="esp32:openocd-esp32@v0.12.0-esp32-20251215"
2026-02-07 16:24:52 2026-02-07T16:24:52.971Z daemon INFO time="2026-02-07T16:24:52Z" level=info msg="Loaded tool" tool="esp32:riscv32-esp-elf-gdb@16.3_20250913"
2026-02-07 16:24:52 2026-02-07T16:24:52.971Z daemon INFO time="2026-02-07T16:24:52Z" level=info msg="Loaded tool" tool="esp32:xtensa-esp-elf-gdb@16.3_20250913"
2026-02-07 16:24:52 2026-02-07T16:24:52.971Z daemon INFO time="2026-02-07T16:24:52Z" level=info msg="Loading package esp8266 from: /home/shrek/.arduino15/packages/esp8266/hardware"
2026-02-07 16:24:52 2026-02-07T16:24:52.971Z daemon INFO time="2026-02-07T16:24:52Z" level=info msg="Missing signature file" index=/home/shrek/.arduino15/packages/esp8266/hardware/esp8266/3.1.2/installed.json
2026-02-07 16:24:52 2026-02-07T16:24:52.978Z daemon INFO time="2026-02-07T16:24:52Z" level=info msg="Adding monitor tool" protocol=serial tool="builtin:serial-monitor"
time="2026-02-07T16:24:52Z" level=info msg="Loaded platform" platform="esp8266:esp8266@3.1.2"
2026-02-07 16:24:52 2026-02-07T16:24:52.978Z daemon INFO time="2026-02-07T16:24:52Z" level=info msg="Checking existence of 'tools' path: /home/shrek/.arduino15/packages/esp8266/tools"
time="2026-02-07T16:24:52Z" level=info msg="Loading tools from dir: /home/shrek/.arduino15/packages/esp8266/tools"
2026-02-07 16:24:52 2026-02-07T16:24:52.978Z daemon INFO time="2026-02-07T16:24:52Z" level=info msg="Loaded tool" tool="esp8266:mklittlefs@3.1.0-gcc10.3-e5f9fec"
2026-02-07 16:24:52 2026-02-07T16:24:52.978Z daemon INFO time="2026-02-07T16:24:52Z" level=info msg="Loaded tool" tool="esp8266:mkspiffs@3.1.0-gcc10.3-e5f9fec"
2026-02-07 16:24:52 2026-02-07T16:24:52.978Z daemon INFO time="2026-02-07T16:24:52Z" level=info msg="Loaded tool" tool="esp8266:python3@3.7.2-post1"
2026-02-07 16:24:52 2026-02-07T16:24:52.978Z daemon INFO time="2026-02-07T16:24:52Z" level=info msg="Loaded tool" tool="esp8266:xtensa-lx106-elf-gcc@3.1.0-gcc10.3-e5f9fec"
2026-02-07 16:24:52 2026-02-07T16:24:52.980Z daemon INFO time="2026-02-07T16:24:52Z" level=info msg="Discovery event channel closed builtin:serial-discovery. Exiting goroutine."
2026-02-07 16:24:52 2026-02-07T16:24:52.980Z daemon INFO time="2026-02-07T16:24:52Z" level=info msg="Closed and removed discovery builtin:serial-discovery"
2026-02-07 16:24:52 2026-02-07T16:24:52.980Z daemon INFO time="2026-02-07T16:24:52Z" level=error msg="Stopped decode loop: EOF" discovery="builtin:serial-discovery"
2026-02-07 16:24:52 2026-02-07T16:24:52.981Z daemon INFO time="2026-02-07T16:24:52Z" level=info msg="Discovery event channel closed builtin:mdns-discovery. Exiting goroutine."
2026-02-07 16:24:52 2026-02-07T16:24:52.981Z daemon INFO time="2026-02-07T16:24:52Z" level=info msg="Closed and removed discovery builtin:mdns-discovery"
2026-02-07 16:24:52 2026-02-07T16:24:52.981Z daemon INFO time="2026-02-07T16:24:52Z" level=error msg="Stopped decode loop: EOF" discovery="builtin:mdns-discovery"
2026-02-07 16:24:52 2026-02-07T16:24:52.985Z daemon INFO time="2026-02-07T16:24:52Z" level=info msg="Adding libraries dir" dir=/home/shrek/.arduino15/packages/esp8266/hardware/esp8266/3.1.2/libraries isSingleLibrary=false location=platform
2026-02-07 16:24:52 2026-02-07T16:24:52.985Z daemon INFO time="2026-02-07T16:24:52Z" level=info msg="Adding libraries dir" dir=/home/shrek/.arduino15/packages/esp32/hardware/esp32/3.3.6/libraries isSingleLibrary=false location=platform
2026-02-07 16:24:52 2026-02-07T16:24:52.985Z daemon INFO time="2026-02-07T16:24:52Z" level=info msg="Adding libraries dir" dir=/home/shrek/.arduino15/packages/arduino/hardware/avr/1.8.7/libraries isSingleLibrary=false location=platform
2026-02-07 16:24:52 2026-02-07T16:24:52.985Z daemon INFO time="2026-02-07T16:24:52Z" level=info msg="Loading libraries index file" index=/home/shrek/.arduino15/library_index.json
2026-02-07 16:24:53 2026-02-07T16:24:53.125Z daemon INFO time="2026-02-07T16:24:53Z" level=info msg="Adding libraries dir" dir=/home/shrek/.arduino15/libraries isSingleLibrary=false location=ide
time="2026-02-07T16:24:53Z" level=info msg="Adding libraries dir" dir=/home/shrek/Arduino/libraries isSingleLibrary=false location=user
2026-02-07 16:24:53 2026-02-07T16:24:53.167Z discovery-log INFO start
2026-02-07 16:24:53 2026-02-07T16:24:53.167Z discovery-log INFO start new deferred
2026-02-07 16:24:53 2026-02-07T16:24:53.167Z discovery-log INFO start resolved watching
2026-02-07 16:24:53 2026-02-07T16:24:53.167Z discovery-log INFO {"eventType":"add","port":{"matchingBoardsList":[],"port":{"address":"/dev/ttyS0","label":"/dev/ttyS0","protocol":"serial","protocolLabel":"Serial Port","propertiesMap":[],"hardwareId":""}},"error":""}
2026-02-07 16:24:53 2026-02-07T16:24:53.168Z discovery-log INFO {"eventType":"add","port":{"matchingBoardsList":[],"port":{"address":"/dev/ttyUSB0","label":"/dev/ttyUSB0","protocol":"serial","protocolLabel":"Serial Port (USB)","propertiesMap":[["pid","0x7523"],["serialNumber",""],["vid","0x1a86"]],"hardwareId":""}},"error":""}
2026-02-07 16:24:53 2026-02-07T16:24:53.395Z root ERROR ---- !!!SLOW!!! DURATION: search took 227.920 ms. Args: [{}] ----
2026-02-07 16:24:53 2026-02-07T16:24:53.395Z root INFO <<< Library package installation done. {
  name: 'Adafruit SH110X',
  exampleUris: [],
  location: 0,
  installedVersion: undefined,
  author: 'Adafruit',
  availableVersions: [
    '2.1.14', '2.1.13', '2.1.12',
    '2.1.11', '2.1.10', '2.1.8',
    '2.1.7',  '2.1.6',  '2.1.5',
    '2.1.4',  '2.1.3',  '2.1.2',
    '2.1.1',  '2.1.0',  '2.0.0',
    '1.2.1',  '1.2.0',  '1.0.0'
  ],
  includes: [],
  description: 'SH110X oled driver library for monochrome displays with SH1107 or SH1106G drivers',
  moreInfoLink: 'https://github.com/adafruit/Adafruit_SH110X',
  summary: 'SH110X oled driver library for monochrome displays with SH1107 or SH1106G drivers',
  category: 'Display',
  types: [ 'Contributed' ],
  index: 0
}
2026-02-07 16:24:53 2026-02-07T16:24:53.503Z root INFO ---- DURATION: search took 61.996 ms. Args: [{"query":"Adafruit SH1106","type":"All","topic":"All"}] ----
2026-02-07 16:24:53 2026-02-07T16:24:53.513Z root INFO Starting language server: esp8266:esp8266:nodemcuv2:led=2,baud=115200,xtal=80,eesz=4M,dbg=Disabled,lvl=None____,ip=lm2f,vt=flash,exception=disabled,stacksmash=disabled,wipe=none,ssl=all,mmu=3232,non32xfer=fast
2026-02-07 16:24:53 2026-02-07T16:24:53.545Z daemon INFO time="2026-02-07T16:24:53Z" level=info msg="Adding libraries dir" dir=/home/shrek/.arduino15/libraries isSingleLibrary=false location=ide
time="2026-02-07T16:24:53Z" level=info msg="Adding libraries dir" dir=/home/shrek/.arduino15/packages/esp8266/hardware/esp8266/3.1.2/libraries isSingleLibrary=false location=platform
2026-02-07 16:24:53 2026-02-07T16:24:53.545Z daemon INFO time="2026-02-07T16:24:53Z" level=info msg="Adding libraries dir" dir=/home/shrek/Arduino/libraries isSingleLibrary=false location=user
2026-02-07 16:24:53 2026-02-07T16:24:53.706Z daemon INFO time="2026-02-07T16:24:53Z" level=info msg="Resolving include ESP8266WiFi.h for arch esp8266"
time="2026-02-07T16:24:53Z" level=info msg="  found better lib" lib=ESP8266WiFi prio=6B0
2026-02-07 16:24:53 2026-02-07T16:24:53.866Z daemon INFO time="2026-02-07T16:24:53Z" level=info msg="Resolving include Wire.h for arch esp8266"
time="2026-02-07T16:24:53Z" level=info msg="  found better lib" lib=Wire prio=6B0
2026-02-07 16:24:53 2026-02-07T16:24:53.993Z root INFO ---- DURATION: search took 56.114 ms. Args: [{"query":"Adafruit SH1106","type":"All","topic":"All"}] ----
2026-02-07 16:24:54 2026-02-07T16:24:54.030Z daemon INFO time="2026-02-07T16:24:54Z" level=info msg="Resolving include Adafruit_GFX.h for arch esp8266"
time="2026-02-07T16:24:54Z" level=info msg="  found better lib" lib="Adafruit GFX Library" prio=517
2026-02-07 16:24:54 2026-02-07T16:24:54.180Z daemon INFO time="2026-02-07T16:24:54Z" level=info msg="Resolving include Adafruit_I2CDevice.h for arch esp8266"
time="2026-02-07T16:24:54Z" level=info msg="  found better lib" lib="Adafruit BusIO" prio=3EB
2026-02-07 16:24:54 2026-02-07T16:24:54.331Z daemon INFO time="2026-02-07T16:24:54Z" level=info msg="Resolving include SPI.h for arch esp8266"
time="2026-02-07T16:24:54Z" level=info msg="  found better lib" lib=SPI prio=6B0
2026-02-07 16:24:54 2026-02-07T16:24:54.481Z daemon INFO time="2026-02-07T16:24:54Z" level=info msg="Resolving include Adafruit_SSD1306.h for arch esp8266"
time="2026-02-07T16:24:54Z" level=info msg="  found better lib" lib="Adafruit SSD1306" prio=6A7
2026-02-07 16:24:55 2026-02-07T16:24:55.835Z daemon INFO time="2026-02-07T16:24:55Z" level=info msg="Adding libraries dir" dir=/home/shrek/.arduino15/libraries isSingleLibrary=false location=ide
2026-02-07 16:24:55 2026-02-07T16:24:55.835Z daemon INFO time="2026-02-07T16:24:55Z" level=info msg="Adding libraries dir" dir=/home/shrek/.arduino15/packages/esp8266/hardware/esp8266/3.1.2/libraries isSingleLibrary=false location=platform
time="2026-02-07T16:24:55Z" level=info msg="Adding libraries dir" dir=/home/shrek/Arduino/libraries isSingleLibrary=false location=user
2026-02-07 16:25:14 2026-02-07T16:25:14.145Z daemon INFO time="2026-02-07T16:25:14Z" level=info msg="Adding libraries dir" dir=/home/shrek/.arduino15/libraries isSingleLibrary=false location=ide
2026-02-07 16:25:14 2026-02-07T16:25:14.145Z daemon INFO time="2026-02-07T16:25:14Z" level=info msg="Adding libraries dir" dir=/home/shrek/.arduino15/packages/esp8266/hardware/esp8266/3.1.2/libraries isSingleLibrary=false location=platform
time="2026-02-07T16:25:14Z" level=info msg="Adding libraries dir" dir=/home/shrek/Arduino/libraries isSingleLibrary=false location=user
2026-02-07 16:25:15 2026-02-07T16:25:15.682Z daemon INFO time="2026-02-07T16:25:15Z" level=info msg="Adding libraries dir" dir=/home/shrek/.arduino15/libraries isSingleLibrary=false location=ide
2026-02-07 16:25:15 2026-02-07T16:25:15.682Z daemon INFO time="2026-02-07T16:25:15Z" level=info msg="Adding libraries dir" dir=/home/shrek/.arduino15/packages/esp8266/hardware/esp8266/3.1.2/libraries isSingleLibrary=false location=platform
time="2026-02-07T16:25:15Z" level=info msg="Adding libraries dir" dir=/home/shrek/Arduino/libraries isSingleLibrary=false location=user
2026-02-07 16:25:21 2026-02-07T16:25:21.663Z daemon INFO time="2026-02-07T16:25:21Z" level=info msg="Adding libraries dir" dir=/home/shrek/.arduino15/libraries isSingleLibrary=false location=ide
2026-02-07 16:25:21 2026-02-07T16:25:21.663Z daemon INFO time="2026-02-07T16:25:21Z" level=info msg="Adding libraries dir" dir=/home/shrek/.arduino15/packages/esp8266/hardware/esp8266/3.1.2/libraries isSingleLibrary=false location=platform
time="2026-02-07T16:25:21Z" level=info msg="Adding libraries dir" dir=/home/shrek/Arduino/libraries isSingleLibrary=false location=user
2026-02-07 16:25:37 2026-02-07T16:25:37.091Z daemon INFO time="2026-02-07T16:25:37Z" level=info msg="Adding libraries dir" dir=/home/shrek/.arduino15/libraries isSingleLibrary=false location=ide
2026-02-07 16:25:37 2026-02-07T16:25:37.091Z daemon INFO time="2026-02-07T16:25:37Z" level=info msg="Adding libraries dir" dir=/home/shrek/.arduino15/packages/esp8266/hardware/esp8266/3.1.2/libraries isSingleLibrary=false location=platform
time="2026-02-07T16:25:37Z" level=info msg="Adding libraries dir" dir=/home/shrek/Arduino/libraries isSingleLibrary=false location=user
2026-02-07 16:25:43 2026-02-07T16:25:43.656Z daemon INFO time="2026-02-07T16:25:43Z" level=info msg="Adding libraries dir" dir=/home/shrek/.arduino15/libraries isSingleLibrary=false location=ide
2026-02-07 16:25:43 2026-02-07T16:25:43.656Z daemon INFO time="2026-02-07T16:25:43Z" level=info msg="Adding libraries dir" dir=/home/shrek/.arduino15/packages/esp8266/hardware/esp8266/3.1.2/libraries isSingleLibrary=false location=platform
time="2026-02-07T16:25:43Z" level=info msg="Adding libraries dir" dir=/home/shrek/Arduino/libraries isSingleLibrary=false location=user
2026-02-07 16:25:45 2026-02-07T16:25:45.505Z daemon INFO time="2026-02-07T16:25:45Z" level=info msg="Adding libraries dir" dir=/home/shrek/.arduino15/libraries isSingleLibrary=false location=ide
time="2026-02-07T16:25:45Z" level=info msg="Adding libraries dir" dir=/home/shrek/.arduino15/packages/esp8266/hardware/esp8266/3.1.2/libraries isSingleLibrary=false location=platform
2026-02-07 16:25:45 2026-02-07T16:25:45.505Z daemon INFO time="2026-02-07T16:25:45Z" level=info msg="Adding libraries dir" dir=/home/shrek/Arduino/libraries isSingleLibrary=false location=user
2026-02-07 16:25:45 2026-02-07T16:25:45.698Z daemon INFO time="2026-02-07T16:25:45Z" level=info msg="Resolving include Wire.h for arch esp8266"
time="2026-02-07T16:25:45Z" level=info msg="  found better lib" lib=Wire prio=6B0
2026-02-07 16:25:45 2026-02-07T16:25:45.781Z daemon INFO time="2026-02-07T16:25:45Z" level=info msg="Resolving include Adafruit_GFX.h for arch esp8266"
time="2026-02-07T16:25:45Z" level=info msg="  found better lib" lib="Adafruit GFX Library" prio=517
2026-02-07 16:25:45 2026-02-07T16:25:45.864Z daemon INFO time="2026-02-07T16:25:45Z" level=info msg="Resolving include Adafruit_I2CDevice.h for arch esp8266"
time="2026-02-07T16:25:45Z" level=info msg="  found better lib" lib="Adafruit BusIO" prio=3EB
2026-02-07 16:25:45 2026-02-07T16:25:45.947Z daemon INFO time="2026-02-07T16:25:45Z" level=info msg="Resolving include SPI.h for arch esp8266"
time="2026-02-07T16:25:45Z" level=info msg="  found better lib" lib=SPI prio=6B0
2026-02-07 16:25:46 2026-02-07T16:25:46.031Z daemon INFO time="2026-02-07T16:25:46Z" level=info msg="Resolving include Adafruit_SH110X.h for arch esp8266"
2026-02-07 16:25:46 2026-02-07T16:25:46.031Z daemon INFO time="2026-02-07T16:25:46Z" level=info msg="  found better lib" lib="Adafruit SH110X" prio=6A7
2026-02-07 16:25:46 2026-02-07T16:25:46.815Z root INFO compiler-errors Current error changed to d;352
2026-02-07 16:25:46 2026-02-07T16:25:46.821Z root INFO compiler-errors Handling selection change in editor file:///tmp/.arduinoIDE-unsaved202617-1432-1bnonhp.nuxg/sketch_feb7a/sketch_feb7a.ino. New (monaco) selection: [5,1 -> 5,1]
2026-02-07 16:26:36 2026-02-07T16:26:36.181Z root INFO compiler-errors Handling selection change in editor file:///tmp/.arduinoIDE-unsaved202617-1432-1bnonhp.nuxg/sketch_feb7a/sketch_feb7a.ino. New (monaco) selection: [16,30 -> 16,30]
2026-02-07 16:26:36 2026-02-07T16:26:36.181Z root INFO compiler-errors New (monaco) selection [16,30 -> 16,30] does not intersect any error locations. Skipping.
2026-02-07 16:26:36 2026-02-07T16:26:36.427Z root INFO compiler-errors Handling selection change in editor file:///tmp/.arduinoIDE-unsaved202617-1432-1bnonhp.nuxg/sketch_feb7a/sketch_feb7a.ino. New (monaco) selection: [1,1 -> 23,1]
2026-02-07 16:26:36 2026-02-07T16:26:36.720Z root INFO compiler-errors decoration range: [5,1 -> 5,1], change range: [1,1 -> 23,1], affects: true
2026-02-07 16:26:36 2026-02-07T16:26:36.721Z root INFO compiler-errors decoration range: [8,30 -> 8,30], change range: [1,1 -> 23,1], affects: true
2026-02-07 16:26:36 2026-02-07T16:26:36.721Z root INFO compiler-errors decoration range: [8,34 -> 8,34], change range: [1,1 -> 23,1], affects: true
2026-02-07 16:26:36 2026-02-07T16:26:36.721Z root INFO compiler-errors decoration range: [13,1 -> 13,1], change range: [1,1 -> 23,1], affects: true
2026-02-07 16:26:36 2026-02-07T16:26:36.721Z root INFO compiler-errors Handling selection change in editor file:///tmp/.arduinoIDE-unsaved202617-1432-1bnonhp.nuxg/sketch_feb7a/sketch_feb7a.ino. New (monaco) selection: [26,1 -> 26,1]
2026-02-07 16:26:36 2026-02-07T16:26:36.721Z root INFO compiler-errors New (monaco) selection [26,1 -> 26,1] does not intersect any error locations. Skipping.
2026-02-07 16:26:38 2026-02-07T16:26:38.726Z daemon INFO time="2026-02-07T16:26:38Z" level=info msg="Adding libraries dir" dir=/home/shrek/.arduino15/libraries isSingleLibrary=false location=ide
2026-02-07 16:26:38 2026-02-07T16:26:38.726Z daemon INFO time="2026-02-07T16:26:38Z" level=info msg="Adding libraries dir" dir=/home/shrek/.arduino15/packages/esp8266/hardware/esp8266/3.1.2/libraries isSingleLibrary=false location=platform
time="2026-02-07T16:26:38Z" level=info msg="Adding libraries dir" dir=/home/shrek/Arduino/libraries isSingleLibrary=false location=user
2026-02-07 16:26:39 2026-02-07T16:26:39.101Z daemon INFO time="2026-02-07T16:26:39Z" level=info msg="Adding libraries dir" dir=/home/shrek/.arduino15/libraries isSingleLibrary=false location=ide
2026-02-07 16:26:39 2026-02-07T16:26:39.101Z daemon INFO time="2026-02-07T16:26:39Z" level=info msg="Adding libraries dir" dir=/home/shrek/.arduino15/packages/esp8266/hardware/esp8266/3.1.2/libraries isSingleLibrary=false location=platform
time="2026-02-07T16:26:39Z" level=info msg="Adding libraries dir" dir=/home/shrek/Arduino/libraries isSingleLibrary=false location=user
2026-02-07 16:26:39 2026-02-07T16:26:39.320Z daemon INFO time="2026-02-07T16:26:39Z" level=info msg="Resolving include Wire.h for arch esp8266"
time="2026-02-07T16:26:39Z" level=info msg="  found better lib" lib=Wire prio=6B0
2026-02-07 16:26:39 2026-02-07T16:26:39.335Z daemon INFO time="2026-02-07T16:26:39Z" level=info msg="Resolving include Adafruit_GFX.h for arch esp8266"
time="2026-02-07T16:26:39Z" level=info msg="  found better lib" lib="Adafruit GFX Library" prio=517
2026-02-07 16:26:39 2026-02-07T16:26:39.384Z daemon INFO time="2026-02-07T16:26:39Z" level=info msg="Resolving include Adafruit_I2CDevice.h for arch esp8266"
2026-02-07 16:26:39 2026-02-07T16:26:39.384Z daemon INFO time="2026-02-07T16:26:39Z" level=info msg="  found better lib" lib="Adafruit BusIO" prio=3EB
2026-02-07 16:26:39 2026-02-07T16:26:39.403Z daemon INFO time="2026-02-07T16:26:39Z" level=info msg="Resolving include SPI.h for arch esp8266"
time="2026-02-07T16:26:39Z" level=info msg="  found better lib" lib=SPI prio=6B0
2026-02-07 16:26:39 2026-02-07T16:26:39.403Z daemon INFO time="2026-02-07T16:26:39Z" level=info msg="Resolving include Adafruit_SH110X.h for arch esp8266"
time="2026-02-07T16:26:39Z" level=info msg="  found better lib" lib="Adafruit SH110X" prio=6A7
2026-02-07 16:26:42 2026-02-07T16:26:42.672Z root INFO Executing 'arduino.languageserver.notifyBuildDidComplete' with "file:///home/shrek/.cache/arduino/sketches/4208BE5754A710EE22897B1BA8DE05A3"
2026-02-07 16:26:42 2026-02-07T16:26:42.711Z daemon INFO time="2026-02-07T16:26:42Z" level=info msg="Tool required for debug" tool="esp8266:mklittlefs@3.1.0-gcc10.3-e5f9fec"
time="2026-02-07T16:26:42Z" level=info msg="Tool required for debug" tool="esp8266:mkspiffs@3.1.0-gcc10.3-e5f9fec"
2026-02-07 16:26:42 2026-02-07T16:26:42.711Z daemon INFO time="2026-02-07T16:26:42Z" level=info msg="Tool required for debug" tool="esp8266:python3@3.7.2-post1"
time="2026-02-07T16:26:42Z" level=info msg="Tool required for debug" tool="esp8266:xtensa-lx106-elf-gcc@3.1.0-gcc10.3-e5f9fec"
time="2026-02-07T16:26:42Z" level=info msg="Tool required for debug" tool="builtin:serial-monitor@0.15.0"
time="2026-02-07T16:26:42Z" level=info msg="Tool required for debug" tool="builtin:ctags@5.8-arduino11"
time="2026-02-07T16:26:42Z" level=info msg="Tool required for debug" tool="esp32:xtensa-esp-elf-gdb@16.3_20250913"
time="2026-02-07T16:26:42Z" level=info msg="Tool required for debug" tool="esp32:esp-x32@2511"
time="2026-02-07T16:26:42Z" level=info msg="Tool required for debug" tool="esp32:esp32c3-libs@3.3.6"
2026-02-07 16:26:42 2026-02-07T16:26:42.711Z daemon INFO time="2026-02-07T16:26:42Z" level=info msg="Tool required for debug" tool="esp32:openocd-esp32@v0.12.0-esp32-20251215"
time="2026-02-07T16:26:42Z" level=info msg="Tool required for debug" tool="esp32:riscv32-esp-elf-gdb@16.3_20250913"
time="2026-02-07T16:26:42Z" level=info msg="Tool required for debug" tool="esp32:esp32p4_es-libs@3.3.6"
time="2026-02-07T16:26:42Z" level=info msg="Tool required for debug" tool="esp32:esp32p4-libs@3.3.6"
2026-02-07 16:26:42 2026-02-07T16:26:42.712Z daemon INFO time="2026-02-07T16:26:42Z" level=info msg="Tool required for debug" tool="esp32:esp32-libs@3.3.6"
time="2026-02-07T16:26:42Z" level=info msg="Tool required for debug" tool="esp32:esp32c5-libs@3.3.6"
time="2026-02-07T16:26:42Z" level=info msg="Tool required for debug" tool="esp32:esp32c6-libs@3.3.6"
2026-02-07 16:26:42 2026-02-07T16:26:42.712Z daemon INFO time="2026-02-07T16:26:42Z" level=info msg="Tool required for debug" tool="builtin:mdns-discovery@1.0.12"
time="2026-02-07T16:26:42Z" level=info msg="Tool required for debug" tool="arduino:dfu-util@0.11.0-arduino5"
time="2026-02-07T16:26:42Z" level=info msg="Tool required for debug" tool="arduino:arduinoOTA@1.3.0"
2026-02-07 16:26:42 2026-02-07T16:26:42.712Z daemon INFO time="2026-02-07T16:26:42Z" level=info msg="Tool required for debug" tool="arduino:avrdude@8.0.0-arduino1"
time="2026-02-07T16:26:42Z" level=info msg="Tool required for debug" tool="esp32:esp32s3-libs@3.3.6"
time="2026-02-07T16:26:42Z" level=info msg="Tool required for debug" tool="esp32:esp-rv32@2511"
2026-02-07 16:26:42 2026-02-07T16:26:42.712Z daemon INFO time="2026-02-07T16:26:42Z" level=info msg="Tool required for debug" tool="esp32:esp32h2-libs@3.3.6"
time="2026-02-07T16:26:42Z" level=info msg="Tool required for debug" tool="esp32:esp32s2-libs@3.3.6"
2026-02-07 16:26:42 2026-02-07T16:26:42.712Z daemon INFO time="2026-02-07T16:26:42Z" level=info msg="Tool required for debug" tool="builtin:dfu-discovery@0.1.2"
time="2026-02-07T16:26:42Z" level=info msg="Tool required for debug" tool="arduino:avr-gcc@7.3.0-atmel3.6.1-arduino7"
time="2026-02-07T16:26:42Z" level=info msg="Tool required for debug" tool="esp32:esptool_py@5.1.0"
2026-02-07 16:26:42 2026-02-07T16:26:42.712Z daemon INFO time="2026-02-07T16:26:42Z" level=info msg="Tool required for debug" tool="builtin:serial-discovery@1.4.3"
2026-02-07 16:26:42 2026-02-07T16:26:42.712Z root ERROR Failed to get debug config: esp8266:esp8266:nodemcuv2:led=2,baud=115200,xtal=80,eesz=4M,dbg=Disabled,lvl=None____,ip=lm2f,vt=flash,exception=disabled,stacksmash=disabled,wipe=none,ssl=all,mmu=3232,non32xfer=fast, undefined Error: Debugging is not supported.
    at Object.callback (/opt/arduino-ide/resources/app/lib/backend/main.js:2:4742300)
    at Object.onReceiveStatus (/opt/arduino-ide/resources/app/lib/backend/main.js:2:3778020)
    at Object.onReceiveStatus (/opt/arduino-ide/resources/app/lib/backend/main.js:2:2211941)
    at Object.onReceiveStatus (/opt/arduino-ide/resources/app/lib/backend/main.js:2:2211386)
    at /opt/arduino-ide/resources/app/lib/backend/main.js:2:4348117
    at process.processTicksAndRejections (node:internal/process/task_queues:77:11)
2026-02-07 16:26:43 2026-02-07T16:26:43.677Z daemon INFO time="2026-02-07T16:26:43Z" level=info msg="Adding libraries dir" dir=/home/shrek/.arduino15/libraries isSingleLibrary=false location=ide
2026-02-07 16:26:43 2026-02-07T16:26:43.677Z daemon INFO time="2026-02-07T16:26:43Z" level=info msg="Adding libraries dir" dir=/home/shrek/.arduino15/packages/esp8266/hardware/esp8266/3.1.2/libraries isSingleLibrary=false location=platform
time="2026-02-07T16:26:43Z" level=info msg="Adding libraries dir" dir=/home/shrek/Arduino/libraries isSingleLibrary=false location=user
2026-02-07 16:27:07 2026-02-07T16:27:07.624Z root INFO Received port after upload [arduino+serial:///dev/ttyUSB0, esp8266:esp8266:nodemcuv2:led=2,baud=115200,xtal=80,eesz=4M,dbg=Disabled,lvl=None____,ip=lm2f,vt=flash,exception=disabled,stacksmash=disabled,wipe=none,ssl=all,mmu=3232,non32xfer=fast, sketch_feb7a]. Before port: {"protocol":"serial","address":"/dev/ttyUSB0"}, after port: {"address":"/dev/ttyUSB0","addressLabel":"/dev/ttyUSB0","protocol":"serial","protocolLabel":"Serial Port (USB)","properties":{"pid":"0x7523","serialNumber":"","vid":"0x1a86"}}
2026-02-07 16:27:45 2026-02-07T16:27:45.580Z daemon INFO time="2026-02-07T16:27:45Z" level=info msg="Adding libraries dir" dir=/home/shrek/.arduino15/libraries isSingleLibrary=false location=ide
time="2026-02-07T16:27:45Z" level=info msg="Adding libraries dir" dir=/home/shrek/.arduino15/packages/esp8266/hardware/esp8266/3.1.2/libraries isSingleLibrary=false location=platform
time="2026-02-07T16:27:45Z" level=info msg="Adding libraries dir" dir=/home/shrek/Arduino/libraries isSingleLibrary=false location=user
2026-02-07 16:27:47 2026-02-07T16:27:47.028Z daemon INFO time="2026-02-07T16:27:47Z" level=info msg="Adding libraries dir" dir=/home/shrek/.arduino15/libraries isSingleLibrary=false location=ide
2026-02-07 16:27:47 2026-02-07T16:27:47.028Z daemon INFO time="2026-02-07T16:27:47Z" level=info msg="Adding libraries dir" dir=/home/shrek/.arduino15/packages/esp8266/hardware/esp8266/3.1.2/libraries isSingleLibrary=false location=platform
time="2026-02-07T16:27:47Z" level=info msg="Adding libraries dir" dir=/home/shrek/Arduino/libraries isSingleLibrary=false location=user
2026-02-07 16:27:53 2026-02-07T16:27:53.724Z daemon INFO time="2026-02-07T16:27:53Z" level=info msg="Adding libraries dir" dir=/home/shrek/.arduino15/libraries isSingleLibrary=false location=ide
2026-02-07 16:27:53 2026-02-07T16:27:53.724Z daemon INFO time="2026-02-07T16:27:53Z" level=info msg="Adding libraries dir" dir=/home/shrek/.arduino15/packages/esp8266/hardware/esp8266/3.1.2/libraries isSingleLibrary=false location=platform
time="2026-02-07T16:27:53Z" level=info msg="Adding libraries dir" dir=/home/shrek/Arduino/libraries isSingleLibrary=false location=user
2026-02-07 16:27:53 2026-02-07T16:27:53.910Z daemon INFO time="2026-02-07T16:27:53Z" level=info msg="Resolving include Wire.h for arch esp8266"
time="2026-02-07T16:27:53Z" level=info msg="  found better lib" lib=Wire prio=6B0
2026-02-07 16:27:53 2026-02-07T16:27:53.910Z daemon INFO time="2026-02-07T16:27:53Z" level=info msg="Resolving include Adafruit_GFX.h for arch esp8266"
2026-02-07 16:27:53 2026-02-07T16:27:53.910Z daemon INFO time="2026-02-07T16:27:53Z" level=info msg="  found better lib" lib="Adafruit GFX Library" prio=517
2026-02-07 16:27:53 2026-02-07T16:27:53.912Z daemon INFO time="2026-02-07T16:27:53Z" level=info msg="Resolving include Adafruit_I2CDevice.h for arch esp8266"
2026-02-07 16:27:53 2026-02-07T16:27:53.912Z daemon INFO time="2026-02-07T16:27:53Z" level=info msg="  found better lib" lib="Adafruit BusIO" prio=3EB
2026-02-07 16:27:53 2026-02-07T16:27:53.914Z daemon INFO time="2026-02-07T16:27:53Z" level=info msg="Resolving include SPI.h for arch esp8266"
time="2026-02-07T16:27:53Z" level=info msg="  found better lib" lib=SPI prio=6B0
2026-02-07 16:27:53 2026-02-07T16:27:53.914Z daemon INFO time="2026-02-07T16:27:53Z" level=info msg="Resolving include Adafruit_SH110X.h for arch esp8266"
time="2026-02-07T16:27:53Z" level=info msg="  found better lib" lib="Adafruit SH110X" prio=6A7
2026-02-07 16:27:55 2026-02-07T16:27:55.408Z root INFO Executing 'arduino.languageserver.notifyBuildDidComplete' with "file:///home/shrek/.cache/arduino/sketches/4208BE5754A710EE22897B1BA8DE05A3"
2026-02-07 16:27:55 2026-02-07T16:27:55.429Z daemon INFO time="2026-02-07T16:27:55Z" level=info msg="Tool required for debug" tool="esp8266:mklittlefs@3.1.0-gcc10.3-e5f9fec"
time="2026-02-07T16:27:55Z" level=info msg="Tool required for debug" tool="esp8266:mkspiffs@3.1.0-gcc10.3-e5f9fec"
time="2026-02-07T16:27:55Z" level=info msg="Tool required for debug" tool="esp8266:python3@3.7.2-post1"
2026-02-07 16:27:55 2026-02-07T16:27:55.430Z daemon INFO time="2026-02-07T16:27:55Z" level=info msg="Tool required for debug" tool="esp8266:xtensa-lx106-elf-gcc@3.1.0-gcc10.3-e5f9fec"
time="2026-02-07T16:27:55Z" level=info msg="Tool required for debug" tool="esp32:esp-rv32@2511"
time="2026-02-07T16:27:55Z" level=info msg="Tool required for debug" tool="esp32:esp32h2-libs@3.3.6"
time="2026-02-07T16:27:55Z" level=info msg="Tool required for debug" tool="esp32:esp32s2-libs@3.3.6"
time="2026-02-07T16:27:55Z" level=info msg="Tool required for debug" tool="builtin:mdns-discovery@1.0.12"
time="2026-02-07T16:27:55Z" level=info msg="Tool required for debug" tool="builtin:ctags@5.8-arduino11"
time="2026-02-07T16:27:55Z" level=info msg="Tool required for debug" tool="arduino:arduinoOTA@1.3.0"
time="2026-02-07T16:27:55Z" level=info msg="Tool required for debug" tool="esp32:esp32c6-libs@3.3.6"
time="2026-02-07T16:27:55Z" level=info msg="Tool required for debug" tool="esp32:esp32p4_es-libs@3.3.6"
2026-02-07 16:27:55 2026-02-07T16:27:55.430Z daemon INFO time="2026-02-07T16:27:55Z" level=info msg="Tool required for debug" tool="esp32:esp32-libs@3.3.6"
time="2026-02-07T16:27:55Z" level=info msg="Tool required for debug" tool="esp32:esp32c3-libs@3.3.6"
time="2026-02-07T16:27:55Z" level=info msg="Tool required for debug" tool="esp32:openocd-esp32@v0.12.0-esp32-20251215"
time="2026-02-07T16:27:55Z" level=info msg="Tool required for debug" tool="builtin:serial-discovery@1.4.3"
2026-02-07 16:27:55 2026-02-07T16:27:55.430Z daemon INFO time="2026-02-07T16:27:55Z" level=info msg="Tool required for debug" tool="esp32:esp32c5-libs@3.3.6"
time="2026-02-07T16:27:55Z" level=info msg="Tool required for debug" tool="esp32:esp32s3-libs@3.3.6"
time="2026-02-07T16:27:55Z" level=info msg="Tool required for debug" tool="esp32:esp-x32@2511"
time="2026-02-07T16:27:55Z" level=info msg="Tool required for debug" tool="builtin:serial-monitor@0.15.0"
2026-02-07 16:27:55 2026-02-07T16:27:55.430Z daemon INFO time="2026-02-07T16:27:55Z" level=info msg="Tool required for debug" tool="arduino:avr-gcc@7.3.0-atmel3.6.1-arduino7"
time="2026-02-07T16:27:55Z" level=info msg="Tool required for debug" tool="esp32:esptool_py@5.1.0"
2026-02-07 16:27:55 2026-02-07T16:27:55.430Z daemon INFO time="2026-02-07T16:27:55Z" level=info msg="Tool required for debug" tool="esp32:esp32p4-libs@3.3.6"
time="2026-02-07T16:27:55Z" level=info msg="Tool required for debug" tool="esp32:xtensa-esp-elf-gdb@16.3_20250913"
time="2026-02-07T16:27:55Z" level=info msg="Tool required for debug" tool="esp32:riscv32-esp-elf-gdb@16.3_20250913"
2026-02-07 16:27:55 2026-02-07T16:27:55.430Z daemon INFO time="2026-02-07T16:27:55Z" level=info msg="Tool required for debug" tool="builtin:dfu-discovery@0.1.2"
time="2026-02-07T16:27:55Z" level=info msg="Tool required for debug" tool="arduino:avrdude@8.0.0-arduino1"
time="2026-02-07T16:27:55Z" level=info msg="Tool required for debug" tool="arduino:dfu-util@0.11.0-arduino5"
2026-02-07 16:27:55 2026-02-07T16:27:55.430Z root ERROR Failed to get debug config: esp8266:esp8266:nodemcuv2:led=2,baud=115200,xtal=80,eesz=4M,dbg=Disabled,lvl=None____,ip=lm2f,vt=flash,exception=disabled,stacksmash=disabled,wipe=none,ssl=all,mmu=3232,non32xfer=fast, undefined Error: Debugging is not supported.
    at Object.callback (/opt/arduino-ide/resources/app/lib/backend/main.js:2:4742300)
    at Object.onReceiveStatus (/opt/arduino-ide/resources/app/lib/backend/main.js:2:3778020)
    at Object.onReceiveStatus (/opt/arduino-ide/resources/app/lib/backend/main.js:2:2211941)
    at Object.onReceiveStatus (/opt/arduino-ide/resources/app/lib/backend/main.js:2:2211386)
    at /opt/arduino-ide/resources/app/lib/backend/main.js:2:4348117
    at process.processTicksAndRejections (node:internal/process/task_queues:77:11)
2026-02-07 16:27:56 2026-02-07T16:27:56.413Z daemon INFO time="2026-02-07T16:27:56Z" level=info msg="Adding libraries dir" dir=/home/shrek/.arduino15/libraries isSingleLibrary=false location=ide
2026-02-07 16:27:56 2026-02-07T16:27:56.413Z daemon INFO time="2026-02-07T16:27:56Z" level=info msg="Adding libraries dir" dir=/home/shrek/.arduino15/packages/esp8266/hardware/esp8266/3.1.2/libraries isSingleLibrary=false location=platform
time="2026-02-07T16:27:56Z" level=info msg="Adding libraries dir" dir=/home/shrek/Arduino/libraries isSingleLibrary=false location=user
2026-02-07 16:28:20 2026-02-07T16:28:20.360Z root INFO Received port after upload [arduino+serial:///dev/ttyUSB0, esp8266:esp8266:nodemcuv2:led=2,baud=115200,xtal=80,eesz=4M,dbg=Disabled,lvl=None____,ip=lm2f,vt=flash,exception=disabled,stacksmash=disabled,wipe=none,ssl=all,mmu=3232,non32xfer=fast, sketch_feb7a]. Before port: {"protocol":"serial","address":"/dev/ttyUSB0"}, after port: {"address":"/dev/ttyUSB0","addressLabel":"/dev/ttyUSB0","protocol":"serial","protocolLabel":"Serial Port (USB)","properties":{"pid":"0x7523","serialNumber":"","vid":"0x1a86"}}
2026-02-07 16:28:52 2026-02-07T16:28:52.902Z discovery-log INFO {"eventType":"remove","port":{"matchingBoardsList":[],"port":{"address":"/dev/ttyUSB0","label":"","protocol":"serial","protocolLabel":"","propertiesMap":[],"hardwareId":""}},"error":""}
2026-02-07 16:31:01 2026-02-07T16:31:01.527Z root INFO ---- DURATION: search took 65.856 ms. Args: [{"query":"Adafruit GFX","type":"All","topic":"All"}] ----
2026-02-07 16:31:05 2026-02-07T16:31:05.890Z root INFO ---- DURATION: search took 64.881 ms. Args: [{"query":"Adafruit ","type":"All","topic":"All"}] ----
2026-02-07 16:31:06 2026-02-07T16:31:06.973Z root INFO ---- DURATION: search took 63.437 ms. Args: [{"query":"Adafruit SH","type":"All","topic":"All"}] ----
2026-02-07 16:31:08 2026-02-07T16:31:08.440Z root INFO ---- DURATION: search took 56.841 ms. Args: [{"query":"Adafruit SH11","type":"All","topic":"All"}] ----
2026-02-07 16:31:09 2026-02-07T16:31:09.572Z root INFO ---- DURATION: search took 54.751 ms. Args: [{"query":"Adafruit SH110","type":"All","topic":"All"}] ----
2026-02-07 16:31:18 2026-02-07T16:31:18.903Z daemon INFO time="2026-02-07T16:31:18Z" level=info msg="Adding libraries dir" dir=/home/shrek/.arduino15/libraries isSingleLibrary=false location=ide
2026-02-07 16:31:18 2026-02-07T16:31:18.903Z daemon INFO time="2026-02-07T16:31:18Z" level=info msg="Adding libraries dir" dir=/home/shrek/.arduino15/packages/esp8266/hardware/esp8266/3.1.2/libraries isSingleLibrary=false location=platform
time="2026-02-07T16:31:18Z" level=info msg="Adding libraries dir" dir=/home/shrek/Arduino/libraries isSingleLibrary=false location=user
2026-02-07 16:31:20 2026-02-07T16:31:20.354Z daemon INFO time="2026-02-07T16:31:20Z" level=info msg="Adding libraries dir" dir=/home/shrek/.arduino15/libraries isSingleLibrary=false location=ide
2026-02-07 16:31:20 2026-02-07T16:31:20.354Z daemon INFO time="2026-02-07T16:31:20Z" level=info msg="Adding libraries dir" dir=/home/shrek/.arduino15/packages/esp8266/hardware/esp8266/3.1.2/libraries isSingleLibrary=false location=platform
time="2026-02-07T16:31:20Z" level=info msg="Adding libraries dir" dir=/home/shrek/Arduino/libraries isSingleLibrary=false location=user
2026-02-07 16:31:24 2026-02-07T16:31:24.178Z discovery-log INFO {"eventType":"add","port":{"matchingBoardsList":[],"port":{"address":"/dev/ttyUSB0","label":"/dev/ttyUSB0","protocol":"serial","protocolLabel":"Serial Port (USB)","propertiesMap":[["pid","0x7523"],["serialNumber",""],["vid","0x1a86"]],"hardwareId":""}},"error":""}
2026-02-07 16:31:27 2026-02-07T16:31:27.920Z daemon INFO time="2026-02-07T16:31:27Z" level=info msg="Adding libraries dir" dir=/home/shrek/.arduino15/libraries isSingleLibrary=false location=ide
2026-02-07 16:31:27 2026-02-07T16:31:27.920Z daemon INFO time="2026-02-07T16:31:27Z" level=info msg="Adding libraries dir" dir=/home/shrek/.arduino15/packages/esp8266/hardware/esp8266/3.1.2/libraries isSingleLibrary=false location=platform
time="2026-02-07T16:31:27Z" level=info msg="Adding libraries dir" dir=/home/shrek/Arduino/libraries isSingleLibrary=false location=user
2026-02-07 16:31:28 2026-02-07T16:31:28.097Z daemon INFO time="2026-02-07T16:31:28Z" level=info msg="Resolving include Wire.h for arch esp8266"
time="2026-02-07T16:31:28Z" level=info msg="  found better lib" lib=Wire prio=6B0
2026-02-07 16:31:28 2026-02-07T16:31:28.098Z daemon INFO time="2026-02-07T16:31:28Z" level=info msg="Resolving include Adafruit_GFX.h for arch esp8266"
time="2026-02-07T16:31:28Z" level=info msg="  found better lib" lib="Adafruit GFX Library" prio=517
2026-02-07 16:31:28 2026-02-07T16:31:28.098Z daemon INFO time="2026-02-07T16:31:28Z" level=info msg="Resolving include Adafruit_I2CDevice.h for arch esp8266"
2026-02-07 16:31:28 2026-02-07T16:31:28.098Z daemon INFO time="2026-02-07T16:31:28Z" level=info msg="  found better lib" lib="Adafruit BusIO" prio=3EB
2026-02-07 16:31:28 2026-02-07T16:31:28.099Z daemon INFO time="2026-02-07T16:31:28Z" level=info msg="Resolving include SPI.h for arch esp8266"
time="2026-02-07T16:31:28Z" level=info msg="  found better lib" lib=SPI prio=6B0
2026-02-07 16:31:28 2026-02-07T16:31:28.099Z daemon INFO time="2026-02-07T16:31:28Z" level=info msg="Resolving include Adafruit_SH110X.h for arch esp8266"
2026-02-07 16:31:28 2026-02-07T16:31:28.099Z daemon INFO time="2026-02-07T16:31:28Z" level=info msg="  found better lib" lib="Adafruit SH110X" prio=6A7
2026-02-07 16:31:29 2026-02-07T16:31:29.538Z root INFO Executing 'arduino.languageserver.notifyBuildDidComplete' with "file:///home/shrek/.cache/arduino/sketches/4208BE5754A710EE22897B1BA8DE05A3"
2026-02-07 16:31:29 2026-02-07T16:31:29.563Z daemon INFO time="2026-02-07T16:31:29Z" level=info msg="Tool required for debug" tool="esp8266:mklittlefs@3.1.0-gcc10.3-e5f9fec"
time="2026-02-07T16:31:29Z" level=info msg="Tool required for debug" tool="esp8266:mkspiffs@3.1.0-gcc10.3-e5f9fec"
time="2026-02-07T16:31:29Z" level=info msg="Tool required for debug" tool="esp8266:python3@3.7.2-post1"
2026-02-07 16:31:29 2026-02-07T16:31:29.563Z daemon INFO time="2026-02-07T16:31:29Z" level=info msg="Tool required for debug" tool="esp8266:xtensa-lx106-elf-gcc@3.1.0-gcc10.3-e5f9fec"
time="2026-02-07T16:31:29Z" level=info msg="Tool required for debug" tool="esp32:xtensa-esp-elf-gdb@16.3_20250913"
time="2026-02-07T16:31:29Z" level=info msg="Tool required for debug" tool="esp32:esp32-libs@3.3.6"
time="2026-02-07T16:31:29Z" level=info msg="Tool required for debug" tool="esp32:riscv32-esp-elf-gdb@16.3_20250913"
time="2026-02-07T16:31:29Z" level=info msg="Tool required for debug" tool="esp32:esp32c5-libs@3.3.6"
time="2026-02-07T16:31:29Z" level=info msg="Tool required for debug" tool="esp32:esp32h2-libs@3.3.6"
time="2026-02-07T16:31:29Z" level=info msg="Tool required for debug" tool="esp32:esp32p4-libs@3.3.6"
time="2026-02-07T16:31:29Z" level=info msg="Tool required for debug" tool="builtin:serial-discovery@1.4.3"
time="2026-02-07T16:31:29Z" level=info msg="Tool required for debug" tool="builtin:ctags@5.8-arduino11"
time="2026-02-07T16:31:29Z" level=info msg="Tool required for debug" tool="arduino:avrdude@8.0.0-arduino1"
time="2026-02-07T16:31:29Z" level=info msg="Tool required for debug" tool="arduino:dfu-util@0.11.0-arduino5"
time="2026-02-07T16:31:29Z" level=info msg="Tool required for debug" tool="esp32:esp32s3-libs@3.3.6"
2026-02-07 16:31:29 2026-02-07T16:31:29.563Z daemon INFO time="2026-02-07T16:31:29Z" level=info msg="Tool required for debug" tool="esp32:esp32c3-libs@3.3.6"
time="2026-02-07T16:31:29Z" level=info msg="Tool required for debug" tool="esp32:esp32p4_es-libs@3.3.6"
time="2026-02-07T16:31:29Z" level=info msg="Tool required for debug" tool="builtin:mdns-discovery@1.0.12"
time="2026-02-07T16:31:29Z" level=info msg="Tool required for debug" tool="arduino:arduinoOTA@1.3.0"
time="2026-02-07T16:31:29Z" level=info msg="Tool required for debug" tool="esp32:esp-x32@2511"
time="2026-02-07T16:31:29Z" level=info msg="Tool required for debug" tool="esp32:esp-rv32@2511"
2026-02-07 16:31:29 2026-02-07T16:31:29.563Z daemon INFO time="2026-02-07T16:31:29Z" level=info msg="Tool required for debug" tool="esp32:esp32s2-libs@3.3.6"
time="2026-02-07T16:31:29Z" level=info msg="Tool required for debug" tool="esp32:esptool_py@5.1.0"
time="2026-02-07T16:31:29Z" level=info msg="Tool required for debug" tool="builtin:dfu-discovery@0.1.2"
time="2026-02-07T16:31:29Z" level=info msg="Tool required for debug" tool="builtin:serial-monitor@0.15.0"
2026-02-07 16:31:29 2026-02-07T16:31:29.563Z daemon INFO time="2026-02-07T16:31:29Z" level=info msg="Tool required for debug" tool="arduino:avr-gcc@7.3.0-atmel3.6.1-arduino7"
time="2026-02-07T16:31:29Z" level=info msg="Tool required for debug" tool="esp32:openocd-esp32@v0.12.0-esp32-20251215"
time="2026-02-07T16:31:29Z" level=info msg="Tool required for debug" tool="esp32:esp32c6-libs@3.3.6"
2026-02-07 16:31:29 2026-02-07T16:31:29.563Z root ERROR Failed to get debug config: esp8266:esp8266:nodemcuv2:led=2,baud=115200,xtal=80,eesz=4M,dbg=Disabled,lvl=None____,ip=lm2f,vt=flash,exception=disabled,stacksmash=disabled,wipe=none,ssl=all,mmu=3232,non32xfer=fast, undefined Error: Debugging is not supported.
    at Object.callback (/opt/arduino-ide/resources/app/lib/backend/main.js:2:4742300)
    at Object.onReceiveStatus (/opt/arduino-ide/resources/app/lib/backend/main.js:2:3778020)
    at Object.onReceiveStatus (/opt/arduino-ide/resources/app/lib/backend/main.js:2:2211941)
    at Object.onReceiveStatus (/opt/arduino-ide/resources/app/lib/backend/main.js:2:2211386)
    at /opt/arduino-ide/resources/app/lib/backend/main.js:2:4348117
    at process.processTicksAndRejections (node:internal/process/task_queues:77:11)
2026-02-07 16:31:30 2026-02-07T16:31:30.542Z daemon INFO time="2026-02-07T16:31:30Z" level=info msg="Adding libraries dir" dir=/home/shrek/.arduino15/libraries isSingleLibrary=false location=ide
2026-02-07 16:31:30 2026-02-07T16:31:30.542Z daemon INFO time="2026-02-07T16:31:30Z" level=info msg="Adding libraries dir" dir=/home/shrek/.arduino15/packages/esp8266/hardware/esp8266/3.1.2/libraries isSingleLibrary=false location=platform
time="2026-02-07T16:31:30Z" level=info msg="Adding libraries dir" dir=/home/shrek/Arduino/libraries isSingleLibrary=false location=user
2026-02-07 16:31:54 2026-02-07T16:31:54.487Z root INFO Received port after upload [arduino+serial:///dev/ttyUSB0, esp8266:esp8266:nodemcuv2:led=2,baud=115200,xtal=80,eesz=4M,dbg=Disabled,lvl=None____,ip=lm2f,vt=flash,exception=disabled,stacksmash=disabled,wipe=none,ssl=all,mmu=3232,non32xfer=fast, sketch_feb7a]. Before port: {"protocol":"serial","address":"/dev/ttyUSB0"}, after port: {"address":"/dev/ttyUSB0","addressLabel":"/dev/ttyUSB0","protocol":"serial","protocolLabel":"Serial Port (USB)","properties":{"pid":"0x7523","serialNumber":"","vid":"0x1a86"}}
2026-02-07 16:32:07 2026-02-07T16:32:07.559Z root INFO ---- DURATION: search took 67.133 ms. Args: [{"query":"Adafruit","type":"All","topic":"All"}] ----
2026-02-07 16:32:09 2026-02-07T16:32:09.420Z root INFO ---- DURATION: search took 57.536 ms. Args: [{"query":"Adafruit SSD","type":"All","topic":"All"}] ----
2026-02-07 16:32:12 2026-02-07T16:32:12.844Z root INFO >>> Starting library package uninstallation... {
  name: 'Adafruit SSD1306',
  exampleUris: [],
  location: 0,
  installedVersion: '2.5.16',
  author: 'Adafruit',
  availableVersions: [
    '2.5.16', '2.5.15', '2.5.14', '2.5.13',
    '2.5.12', '2.5.11', '2.5.10', '2.5.9',
    '2.5.7',  '2.5.6',  '2.5.4',  '2.5.3',
    '2.5.2',  '2.5.1',  '2.5.0',  '2.4.7',
    '2.4.6',  '2.4.5',  '2.4.4',  '2.4.3',
    '2.4.2',  '2.4.1',  '2.4.0',  '2.3.1',
    '2.3.0',  '2.2.1',  '2.2.0',  '2.1.0',
    '2.0.4',  '2.0.3',  '2.0.2',  '2.0.1',
    '2.0.0',  '1.3.0',  '1.2.9',  '1.2.8',
    '1.2.7',  '1.2.6',  '1.2.5',  '1.2.4',
    '1.2.3',  '1.2.2',  '1.2.1',  '1.2.0',
    '1.1.2',  '1.1.0',  '1.0.1',  '1.0.0'
  ],
  includes: [],
  description: 'SSD1306 oled driver library for monochrome 128x64 and 128x32 displays',
  moreInfoLink: 'https://github.com/adafruit/Adafruit_SSD1306',
  summary: 'SSD1306 oled driver library for monochrome 128x64 and 128x32 displays',
  category: 'Display',
  types: [ 'Contributed' ],
  index: 1
}
2026-02-07 16:32:12 2026-02-07T16:32:12.844Z discovery-log INFO stop
2026-02-07 16:32:12 2026-02-07T16:32:12.844Z discovery-log INFO >>> Stopping boards watcher...
2026-02-07 16:32:12 2026-02-07T16:32:12.844Z discovery-log INFO Canceling boards watcher...
2026-02-07 16:32:12 2026-02-07T16:32:12.844Z discovery-log INFO disposing requesting cancel
2026-02-07 16:32:12 2026-02-07T16:32:12.844Z discovery-log INFO disposing canceled
2026-02-07 16:32:12 2026-02-07T16:32:12.844Z discovery-log INFO error received
2026-02-07 16:32:12 2026-02-07T16:32:12.844Z discovery-log INFO cancel error received!
2026-02-07 16:32:12 2026-02-07T16:32:12.844Z discovery-log INFO stop received event: either end or cancel
2026-02-07 16:32:12 2026-02-07T16:32:12.844Z discovery-log INFO stop stopped
2026-02-07 16:32:12 2026-02-07T16:32:12.844Z discovery-log INFO received end
2026-02-07 16:32:12 2026-02-07T16:32:12.846Z discovery-log INFO start
2026-02-07 16:32:12 2026-02-07T16:32:12.846Z discovery-log INFO start new deferred
2026-02-07 16:32:12 2026-02-07T16:32:12.846Z root INFO <<< Library package uninstallation done. {
  name: 'Adafruit SSD1306',
  exampleUris: [],
  location: 0,
  installedVersion: '2.5.16',
  author: 'Adafruit',
  availableVersions: [
    '2.5.16', '2.5.15', '2.5.14', '2.5.13',
    '2.5.12', '2.5.11', '2.5.10', '2.5.9',
    '2.5.7',  '2.5.6',  '2.5.4',  '2.5.3',
    '2.5.2',  '2.5.1',  '2.5.0',  '2.4.7',
    '2.4.6',  '2.4.5',  '2.4.4',  '2.4.3',
    '2.4.2',  '2.4.1',  '2.4.0',  '2.3.1',
    '2.3.0',  '2.2.1',  '2.2.0',  '2.1.0',
    '2.0.4',  '2.0.3',  '2.0.2',  '2.0.1',
    '2.0.0',  '1.3.0',  '1.2.9',  '1.2.8',
    '1.2.7',  '1.2.6',  '1.2.5',  '1.2.4',
    '1.2.3',  '1.2.2',  '1.2.1',  '1.2.0',
    '1.1.2',  '1.1.0',  '1.0.1',  '1.0.0'
  ],
  includes: [],
  description: 'SSD1306 oled driver library for monochrome 128x64 and 128x32 displays',
  moreInfoLink: 'https://github.com/adafruit/Adafruit_SSD1306',
  summary: 'SSD1306 oled driver library for monochrome 128x64 and 128x32 displays',
  category: 'Display',
  types: [ 'Contributed' ],
  index: 1
}
2026-02-07 16:32:12 2026-02-07T16:32:12.846Z discovery-log INFO start resolved watching
2026-02-07 16:32:12 2026-02-07T16:32:12.846Z discovery-log INFO {"eventType":"add","port":{"matchingBoardsList":[],"port":{"address":"/dev/ttyS0","label":"/dev/ttyS0","protocol":"serial","protocolLabel":"Serial Port","propertiesMap":[],"hardwareId":""}},"error":""}
2026-02-07 16:32:12 2026-02-07T16:32:12.846Z discovery-log INFO {"eventType":"add","port":{"matchingBoardsList":[],"port":{"address":"/dev/ttyUSB0","label":"/dev/ttyUSB0","protocol":"serial","protocolLabel":"Serial Port (USB)","propertiesMap":[["pid","0x7523"],["serialNumber",""],["vid","0x1a86"]],"hardwareId":""}},"error":""}
2026-02-07 16:32:12 2026-02-07T16:32:12.951Z root INFO ---- DURATION: search took 64.356 ms. Args: [{"query":"Adafruit SSD","type":"All","topic":"All"}] ----
2026-02-07 16:32:12 2026-02-07T16:32:12.967Z root INFO Starting language server: esp8266:esp8266:nodemcuv2:led=2,baud=115200,xtal=80,eesz=4M,dbg=Disabled,lvl=None____,ip=lm2f,vt=flash,exception=disabled,stacksmash=disabled,wipe=none,ssl=all,mmu=3232,non32xfer=fast
2026-02-07 16:32:12 2026-02-07T16:32:12.995Z daemon INFO time="2026-02-07T16:32:12Z" level=info msg="Adding libraries dir" dir=/home/shrek/.arduino15/libraries isSingleLibrary=false location=ide
time="2026-02-07T16:32:12Z" level=info msg="Adding libraries dir" dir=/home/shrek/.arduino15/packages/esp8266/hardware/esp8266/3.1.2/libraries isSingleLibrary=false location=platform
2026-02-07 16:32:12 2026-02-07T16:32:12.995Z daemon INFO time="2026-02-07T16:32:12Z" level=info msg="Adding libraries dir" dir=/home/shrek/Arduino/libraries isSingleLibrary=false location=user
2026-02-07 16:32:13 2026-02-07T16:32:13.146Z daemon INFO time="2026-02-07T16:32:13Z" level=info msg="Resolving include Wire.h for arch esp8266"
time="2026-02-07T16:32:13Z" level=info msg="  found better lib" lib=Wire prio=6B0
2026-02-07 16:32:13 2026-02-07T16:32:13.228Z daemon INFO time="2026-02-07T16:32:13Z" level=info msg="Resolving include Adafruit_GFX.h for arch esp8266"
time="2026-02-07T16:32:13Z" level=info msg="  found better lib" lib="Adafruit GFX Library" prio=517
2026-02-07 16:32:13 2026-02-07T16:32:13.315Z daemon INFO time="2026-02-07T16:32:13Z" level=info msg="Resolving include Adafruit_I2CDevice.h for arch esp8266"
time="2026-02-07T16:32:13Z" level=info msg="  found better lib" lib="Adafruit BusIO" prio=3EB
2026-02-07 16:32:13 2026-02-07T16:32:13.399Z daemon INFO time="2026-02-07T16:32:13Z" level=info msg="Resolving include SPI.h for arch esp8266"
time="2026-02-07T16:32:13Z" level=info msg="  found better lib" lib=SPI prio=6B0
2026-02-07 16:32:13 2026-02-07T16:32:13.451Z root INFO ---- DURATION: search took 54.455 ms. Args: [{"query":"Adafruit SSD","type":"All","topic":"All"}] ----
2026-02-07 16:32:13 2026-02-07T16:32:13.492Z daemon INFO time="2026-02-07T16:32:13Z" level=info msg="Resolving include Adafruit_SH110X.h for arch esp8266"
time="2026-02-07T16:32:13Z" level=info msg="  found better lib" lib="Adafruit SH110X" prio=6A7
2026-02-07 16:32:14 2026-02-07T16:32:14.195Z daemon INFO time="2026-02-07T16:32:14Z" level=info msg="Adding libraries dir" dir=/home/shrek/.arduino15/libraries isSingleLibrary=false location=ide
time="2026-02-07T16:32:14Z" level=info msg="Adding libraries dir" dir=/home/shrek/.arduino15/packages/esp8266/hardware/esp8266/3.1.2/libraries isSingleLibrary=false location=platform
time="2026-02-07T16:32:14Z" level=info msg="Adding libraries dir" dir=/home/shrek/Arduino/libraries isSingleLibrary=false location=user
2026-02-07 16:32:21 2026-02-07T16:32:21.952Z daemon INFO time="2026-02-07T16:32:21Z" level=info msg="Adding libraries dir" dir=/home/shrek/.arduino15/libraries isSingleLibrary=false location=ide
2026-02-07 16:32:21 2026-02-07T16:32:21.952Z daemon INFO time="2026-02-07T16:32:21Z" level=info msg="Adding libraries dir" dir=/home/shrek/.arduino15/packages/esp8266/hardware/esp8266/3.1.2/libraries isSingleLibrary=false location=platform
time="2026-02-07T16:32:21Z" level=info msg="Adding libraries dir" dir=/home/shrek/Arduino/libraries isSingleLibrary=false location=user
2026-02-07 16:32:22 2026-02-07T16:32:22.172Z daemon INFO time="2026-02-07T16:32:22Z" level=info msg="Resolving include Wire.h for arch esp8266"
time="2026-02-07T16:32:22Z" level=info msg="  found better lib" lib=Wire prio=6B0
2026-02-07 16:32:22 2026-02-07T16:32:22.172Z daemon INFO time="2026-02-07T16:32:22Z" level=info msg="Resolving include Adafruit_GFX.h for arch esp8266"
time="2026-02-07T16:32:22Z" level=info msg="  found better lib" lib="Adafruit GFX Library" prio=517
2026-02-07 16:32:22 2026-02-07T16:32:22.174Z daemon INFO time="2026-02-07T16:32:22Z" level=info msg="Resolving include Adafruit_I2CDevice.h for arch esp8266"
time="2026-02-07T16:32:22Z" level=info msg="  found better lib" lib="Adafruit BusIO" prio=3EB
2026-02-07 16:32:22 2026-02-07T16:32:22.175Z daemon INFO time="2026-02-07T16:32:22Z" level=info msg="Resolving include SPI.h for arch esp8266"
time="2026-02-07T16:32:22Z" level=info msg="  found better lib" lib=SPI prio=6B0
2026-02-07 16:32:22 2026-02-07T16:32:22.175Z daemon INFO time="2026-02-07T16:32:22Z" level=info msg="Resolving include Adafruit_SH110X.h for arch esp8266"
2026-02-07 16:32:22 2026-02-07T16:32:22.175Z daemon INFO time="2026-02-07T16:32:22Z" level=info msg="  found better lib" lib="Adafruit SH110X" prio=6A7
2026-02-07 16:32:23 2026-02-07T16:32:23.626Z root INFO Executing 'arduino.languageserver.notifyBuildDidComplete' with "file:///home/shrek/.cache/arduino/sketches/4208BE5754A710EE22897B1BA8DE05A3"
2026-02-07 16:32:23 2026-02-07T16:32:23.649Z daemon INFO time="2026-02-07T16:32:23Z" level=info msg="Tool required for debug" tool="esp8266:mklittlefs@3.1.0-gcc10.3-e5f9fec"
time="2026-02-07T16:32:23Z" level=info msg="Tool required for debug" tool="esp8266:mkspiffs@3.1.0-gcc10.3-e5f9fec"
time="2026-02-07T16:32:23Z" level=info msg="Tool required for debug" tool="esp8266:python3@3.7.2-post1"
2026-02-07 16:32:23 2026-02-07T16:32:23.649Z daemon INFO time="2026-02-07T16:32:23Z" level=info msg="Tool required for debug" tool="esp8266:xtensa-lx106-elf-gcc@3.1.0-gcc10.3-e5f9fec"
time="2026-02-07T16:32:23Z" level=info msg="Tool required for debug" tool="esp32:esp32s3-libs@3.3.6"
time="2026-02-07T16:32:23Z" level=info msg="Tool required for debug" tool="builtin:serial-discovery@1.4.3"
time="2026-02-07T16:32:23Z" level=info msg="Tool required for debug" tool="builtin:ctags@5.8-arduino11"
time="2026-02-07T16:32:23Z" level=info msg="Tool required for debug" tool="builtin:dfu-discovery@0.1.2"
time="2026-02-07T16:32:23Z" level=info msg="Tool required for debug" tool="esp32:xtensa-esp-elf-gdb@16.3_20250913"
time="2026-02-07T16:32:23Z" level=info msg="Tool required for debug" tool="arduino:avr-gcc@7.3.0-atmel3.6.1-arduino7"
time="2026-02-07T16:32:23Z" level=info msg="Tool required for debug" tool="arduino:arduinoOTA@1.3.0"
time="2026-02-07T16:32:23Z" level=info msg="Tool required for debug" tool="arduino:avrdude@8.0.0-arduino1"
time="2026-02-07T16:32:23Z" level=info msg="Tool required for debug" tool="esp32:esp32c5-libs@3.3.6"
2026-02-07 16:32:23 2026-02-07T16:32:23.649Z daemon INFO time="2026-02-07T16:32:23Z" level=info msg="Tool required for debug" tool="esp32:esp32s2-libs@3.3.6"
time="2026-02-07T16:32:23Z" level=info msg="Tool required for debug" tool="esp32:esp32-libs@3.3.6"
time="2026-02-07T16:32:23Z" level=info msg="Tool required for debug" tool="esp32:openocd-esp32@v0.12.0-esp32-20251215"
time="2026-02-07T16:32:23Z" level=info msg="Tool required for debug" tool="builtin:serial-monitor@0.15.0"
time="2026-02-07T16:32:23Z" level=info msg="Tool required for debug" tool="builtin:mdns-discovery@1.0.12"
2026-02-07 16:32:23 2026-02-07T16:32:23.649Z daemon INFO time="2026-02-07T16:32:23Z" level=info msg="Tool required for debug" tool="arduino:dfu-util@0.11.0-arduino5"
time="2026-02-07T16:32:23Z" level=info msg="Tool required for debug" tool="esp32:esp-rv32@2511"
time="2026-02-07T16:32:23Z" level=info msg="Tool required for debug" tool="esp32:esp32c6-libs@3.3.6"
time="2026-02-07T16:32:23Z" level=info msg="Tool required for debug" tool="esp32:esp32h2-libs@3.3.6"
time="2026-02-07T16:32:23Z" level=info msg="Tool required for debug" tool="esp32:esp32p4_es-libs@3.3.6"
2026-02-07 16:32:23 2026-02-07T16:32:23.649Z daemon INFO time="2026-02-07T16:32:23Z" level=info msg="Tool required for debug" tool="esp32:esp32p4-libs@3.3.6"
time="2026-02-07T16:32:23Z" level=info msg="Tool required for debug" tool="esp32:esp-x32@2511"
time="2026-02-07T16:32:23Z" level=info msg="Tool required for debug" tool="esp32:esp32c3-libs@3.3.6"
time="2026-02-07T16:32:23Z" level=info msg="Tool required for debug" tool="esp32:riscv32-esp-elf-gdb@16.3_20250913"
time="2026-02-07T16:32:23Z" level=info msg="Tool required for debug" tool="esp32:esptool_py@5.1.0"
2026-02-07 16:32:23 2026-02-07T16:32:23.649Z root ERROR Failed to get debug config: esp8266:esp8266:nodemcuv2:led=2,baud=115200,xtal=80,eesz=4M,dbg=Disabled,lvl=None____,ip=lm2f,vt=flash,exception=disabled,stacksmash=disabled,wipe=none,ssl=all,mmu=3232,non32xfer=fast, undefined Error: Debugging is not supported.
    at Object.callback (/opt/arduino-ide/resources/app/lib/backend/main.js:2:4742300)
    at Object.onReceiveStatus (/opt/arduino-ide/resources/app/lib/backend/main.js:2:3778020)
    at Object.onReceiveStatus (/opt/arduino-ide/resources/app/lib/backend/main.js:2:2211941)
    at Object.onReceiveStatus (/opt/arduino-ide/resources/app/lib/backend/main.js:2:2211386)
    at /opt/arduino-ide/resources/app/lib/backend/main.js:2:4348117
    at process.processTicksAndRejections (node:internal/process/task_queues:77:11)
2026-02-07 16:32:24 2026-02-07T16:32:24.631Z daemon INFO time="2026-02-07T16:32:24Z" level=info msg="Adding libraries dir" dir=/home/shrek/.arduino15/libraries isSingleLibrary=false location=ide
2026-02-07 16:32:24 2026-02-07T16:32:24.631Z daemon INFO time="2026-02-07T16:32:24Z" level=info msg="Adding libraries dir" dir=/home/shrek/.arduino15/packages/esp8266/hardware/esp8266/3.1.2/libraries isSingleLibrary=false location=platform
time="2026-02-07T16:32:24Z" level=info msg="Adding libraries dir" dir=/home/shrek/Arduino/libraries isSingleLibrary=false location=user
2026-02-07 16:32:48 2026-02-07T16:32:48.577Z root INFO Received port after upload [arduino+serial:///dev/ttyUSB0, esp8266:esp8266:nodemcuv2:led=2,baud=115200,xtal=80,eesz=4M,dbg=Disabled,lvl=None____,ip=lm2f,vt=flash,exception=disabled,stacksmash=disabled,wipe=none,ssl=all,mmu=3232,non32xfer=fast, sketch_feb7a]. Before port: {"protocol":"serial","address":"/dev/ttyUSB0"}, after port: {"address":"/dev/ttyUSB0","addressLabel":"/dev/ttyUSB0","protocol":"serial","protocolLabel":"Serial Port (USB)","properties":{"pid":"0x7523","serialNumber":"","vid":"0x1a86"}}
2026-02-07 16:33:35 isTempSketch: true. Input was /tmp/.arduinoIDE-unsaved202617-1432-1bnonhp.nuxg/sketch_feb7a
2026-02-07 16:33:35 Ignored marking workspace as a closed sketch. The sketch was detected as temporary. Workspace URI: file:///tmp/.arduinoIDE-unsaved202617-1432-1bnonhp.nuxg/sketch_feb7a.
2026-02-07 16:33:40 2026-02-07T16:33:40.787Z discovery-log INFO {"eventType":"remove","port":{"matchingBoardsList":[],"port":{"address":"/dev/ttyUSB0","label":"","protocol":"serial","protocolLabel":"","propertiesMap":[],"hardwareId":""}},"error":""}
