2026-02-04 16:52:41 Arduino IDE 2.3.7
2026-02-04 16:52:41 Checking for frontend application configuration customizations. Module path: /opt/arduino-ide/resources/app/lib/backend/electron-main.js, destination 'package.json': /opt/arduino-ide/resources/app/package.json
2026-02-04 16:52:41 Setting 'theia.frontend.config.appVersion' application configuration value to: "2.3.7" (type of string)
2026-02-04 16:52:41 Setting 'theia.frontend.config.cliVersion' application configuration value to: "1.3.1" (type of string)
2026-02-04 16:52:41 Setting 'theia.frontend.config.buildDate' application configuration value to: "2025-12-17T16:01:58.874Z" (type of string)
2026-02-04 16:52:41 Frontend application configuration after modifications: {"applicationName":"Arduino IDE","defaultTheme":{"light":"arduino-theme","dark":"arduino-theme-dark"},"defaultIconTheme":"none","electron":{"windowOptions":{},"showWindowEarly":true,"splashScreenOptions":{},"uriScheme":"arduino-ide"},"defaultLocale":"","validatePreferencesSchema":false,"reloadOnReconnect":true,"uriScheme":"theia","preferences":{"window.title":"${rootName}${activeEditorShort}${appName}","files.autoSave":"afterDelay","editor.minimap.enabled":false,"editor.tabSize":2,"editor.scrollBeyondLastLine":false,"editor.quickSuggestions":{"other":false,"comments":false,"strings":false},"editor.maxTokenizationLineLength":500,"editor.bracketPairColorization.enabled":false,"breadcrumbs.enabled":false,"workbench.tree.renderIndentGuides":"none","explorer.compactFolders":false},"appVersion":"2.3.7","cliVersion":"1.3.1","buildDate":"2025-12-17T16:01:58.874Z"}
2026-02-04 16:52:41 Starting backend process. PID: 2202
2026-02-04 16:52:41 Showing main window early
2026-02-04 16:52:42 Using browser-only version of superagent in non-browser environment
2026-02-04 16:52:42 Configuration directory URI: 'file:///home/shrek/.arduinoIDE'
2026-02-04 16:52:42 Configuring to accept webviews on '^.+\.webview\..+$' hostname.
2026-02-04 16:52:42 2026-02-04T16:52:42.098Z root INFO Backend u.initialize: 17.6 ms [Finished 0.373 s after backend start]
2026-02-04 16:52:42 2026-02-04T16:52:42.099Z root INFO Backend Object.initialize: 16.5 ms [Finished 0.373 s after backend start]
2026-02-04 16:52:42 2026-02-04T16:52:42.099Z root INFO Backend a.initialize: 0.7 ms [Finished 0.373 s after backend start]
2026-02-04 16:52:42 2026-02-04T16:52:42.099Z root INFO Backend a.initialize: 0.5 ms [Finished 0.373 s after backend start]
2026-02-04 16:52:42 2026-02-04T16:52:42.100Z root INFO Backend u.initialize: 0.7 ms [Finished 0.373 s after backend start]
2026-02-04 16:52:42 2026-02-04T16:52:42.101Z root INFO Backend l.initialize: 17.3 ms [Finished 0.373 s after backend start]
2026-02-04 16:52:42 2026-02-04T16:52:42.105Z root INFO configured all backend app contributions
2026-02-04 16:52:42 2026-02-04T16:52:42.105Z root INFO Backend l.onStart: 1.0 ms [Finished 0.380 s after backend start]
2026-02-04 16:52:42 2026-02-04T16:52:42.105Z root INFO Backend d.onStart: 0.0 ms [Finished 0.380 s after backend start]
2026-02-04 16:52:42 2026-02-04T16:52:42.106Z root INFO Backend a.onStart: 0.2 ms [Finished 0.381 s after backend start]
2026-02-04 16:52:42 2026-02-04T16:52:42.106Z config INFO >>> Initializing CLI configuration...
2026-02-04 16:52:42 2026-02-04T16:52:42.106Z root INFO Backend x.onStart: 0.2 ms [Finished 0.381 s after backend start]
2026-02-04 16:52:42 2026-02-04T16:52:42.106Z config INFO Loading CLI configuration from /home/shrek/.arduinoIDE/arduino-cli.yaml...
2026-02-04 16:52:42 2026-02-04T16:52:42.106Z daemon INFO Starting daemon from /opt/arduino-ide/resources/app/lib/backend/resources/arduino-cli...
2026-02-04 16:52:42 2026-02-04T16:52:42.106Z root INFO Backend w.onStart: 0.2 ms [Finished 0.381 s after backend start]
2026-02-04 16:52:42 2026-02-04T16:52:42.106Z discovery-log INFO start
2026-02-04 16:52:42 2026-02-04T16:52:42.106Z discovery-log INFO start new deferred
2026-02-04 16:52:42 2026-02-04T16:52:42.106Z root INFO Backend v.onStart: 0.1 ms [Finished 0.381 s after backend start]
2026-02-04 16:52:42 2026-02-04T16:52:42.106Z root INFO Backend a.onStart: 0.1 ms [Finished 0.381 s after backend start]
2026-02-04 16:52:42 2026-02-04T16:52:42.108Z root INFO Theia app listening on http://127.0.0.1:44719.
2026-02-04 16:52:42 2026-02-04T16:52:42.108Z root INFO Finished starting backend application: 2.1 ms [Finished 0.384 s after backend start]
2026-02-04 16:52:42 Restoring workspace roots: /home/shrek/Arduino/practice
2026-02-04 16:52:42 2026-02-04T16:52:42.109Z root WARN The local plugin referenced by local-dir:/home/shrek/.arduinoIDE/plugins does not exist.
2026-02-04 16:52:42 2026-02-04T16:52:42.109Z root WARN The local plugin referenced by local-dir:/home/shrek/.arduinoIDE/deployedPlugins does not exist.
2026-02-04 16:52:42 isTempSketch: false. Input was /home/shrek/Arduino/practice/practice.ino
2026-02-04 16:52:42 2026-02-04T16:52:42.116Z config INFO Loaded CLI configuration: {"board_manager":{"additional_urls":["https://raw.githubusercontent.com/espressif/arduino-esp32/gh-pages/package_esp32_index.json"]},"directories":{"builtin":{"libraries":"/home/shrek/.arduino15/libraries"},"data":"/home/shrek/.arduino15","user":"/home/shrek/Arduino"},"locale":"en"}
2026-02-04 16:52:42 2026-02-04T16:52:42.116Z config INFO 'directories.data' and 'directories.user' are set in the CLI configuration model.
2026-02-04 16:52:42 2026-02-04T16:52:42.116Z config INFO Loaded the CLI configuration.
2026-02-04 16:52:42 2026-02-04T16:52:42.116Z config INFO Mapped the CLI configuration: {"dataDirUri":"file:///home/shrek/.arduino15","sketchDirUri":"file:///home/shrek/Arduino","additionalUrls":["https://raw.githubusercontent.com/espressif/arduino-esp32/gh-pages/package_esp32_index.json"],"network":"none","locale":"en"}
2026-02-04 16:52:42 2026-02-04T16:52:42.116Z config INFO Validating the CLI configuration...
2026-02-04 16:52:42 2026-02-04T16:52:42.116Z config INFO The CLI config is valid.
2026-02-04 16:52:42 2026-02-04T16:52:42.116Z config INFO <<< Initialized the CLI configuration.
2026-02-04 16:52:42 2026-02-04T16:52:42.144Z root INFO Resolve plugins list: 36.9 ms [Finished 0.419 s after backend start]
2026-02-04 16:52:42 2026-02-04T16:52:42.188Z daemon INFO time="2026-02-04T16:52:42Z" level=info msg="arduino-cli version 1.3.1"
2026-02-04 16:52:42 2026-02-04T16:52:42.188Z daemon INFO time="2026-02-04T16:52:42Z" level=info msg="Using config file: /home/shrek/.arduinoIDE/arduino-cli.yaml"
time="2026-02-04T16:52:42Z" level=info msg="Executing `arduino-cli daemon`"
2026-02-04 16:52:42 2026-02-04T16:52:42.195Z daemon INFO Daemon is now listening on 127.0.0.1:33423
{"IP":"127.0.0.1","Port":"33423"}
2026-02-04 16:52:42 2026-02-04T16:52:42.195Z daemon INFO Daemon is running.
2026-02-04 16:52:42 2026-02-04T16:52:42.230Z daemon INFO time="2026-02-04T16:52:42Z" level=info msg="Checking signature" index=/home/shrek/.arduino15/package_index.json signatureFile=/home/shrek/.arduino15/package_index.json.sig trusted=true
2026-02-04 16:52:42 2026-02-04T16:52:42.239Z daemon INFO time="2026-02-04T16:52:42Z" level=info msg="Missing signature file" index=/home/shrek/.arduino15/package_esp32_index.json
time="2026-02-04T16:52:42Z" level=info msg="Loading hardware from: /home/shrek/.arduino15/packages"
time="2026-02-04T16:52:42Z" level=info msg="Loading package arduino from: /home/shrek/.arduino15/packages/arduino/hardware"
time="2026-02-04T16:52:42Z" level=info msg="Missing signature file" index=/home/shrek/.arduino15/packages/arduino/hardware/avr/1.8.7/installed.json
2026-02-04 16:52:42 2026-02-04T16:52:42.249Z daemon INFO time="2026-02-04T16:52:42Z" level=info msg="Adding monitor tool" protocol=serial tool="builtin:serial-monitor"
time="2026-02-04T16:52:42Z" level=info msg="Loaded platform" platform="arduino:avr@1.8.7"
time="2026-02-04T16:52:42Z" level=info msg="Checking existence of 'tools' path: /home/shrek/.arduino15/packages/arduino/tools"
time="2026-02-04T16:52:42Z" level=info msg="Loading tools from dir: /home/shrek/.arduino15/packages/arduino/tools"
time="2026-02-04T16:52:42Z" level=info msg="Loaded tool" tool="arduino:arduinoOTA@1.3.0"
time="2026-02-04T16:52:42Z" level=info msg="Loaded tool" tool="arduino:avr-gcc@7.3.0-atmel3.6.1-arduino7"
time="2026-02-04T16:52:42Z" level=info msg="Loaded tool" tool="arduino:avrdude@8.0.0-arduino1"
time="2026-02-04T16:52:42Z" level=info msg="Loaded tool" tool="arduino:dfu-util@0.11.0-arduino5"
time="2026-02-04T16:52:42Z" level=info msg="Loading package builtin from: /home/shrek/.arduino15/packages/builtin"
time="2026-02-04T16:52:42Z" level=info msg="Checking existence of 'tools' path: /home/shrek/.arduino15/packages/builtin/tools"
time="2026-02-04T16:52:42Z" level=info msg="Loading tools from dir: /home/shrek/.arduino15/packages/builtin/tools"
time="2026-02-04T16:52:42Z" level=info msg="Loaded tool" tool="builtin:ctags@5.8-arduino11"
time="2026-02-04T16:52:42Z" level=info msg="Loaded tool" tool="builtin:dfu-discovery@0.1.2"
time="2026-02-04T16:52:42Z" level=info msg="Loaded tool" tool="builtin:mdns-discovery@1.0.12"
time="2026-02-04T16:52:42Z" level=info msg="Loaded tool" tool="builtin:serial-discovery@1.4.3"
time="2026-02-04T16:52:42Z" level=info msg="Loaded tool" tool="builtin:serial-monitor@0.15.0"
time="2026-02-04T16:52:42Z" level=info msg="Loading package esp32 from: /home/shrek/.arduino15/packages/esp32/hardware"
2026-02-04 16:52:42 2026-02-04T16:52:42.250Z daemon INFO time="2026-02-04T16:52:42Z" level=info msg="Missing signature file" index=/home/shrek/.arduino15/packages/esp32/hardware/esp32/3.3.6/installed.json
2026-02-04 16:52:42 2026-02-04T16:52:42.349Z daemon INFO time="2026-02-04T16:52:42Z" level=info msg="Adding monitor tool" protocol=serial tool="builtin:serial-monitor"
time="2026-02-04T16:52:42Z" level=info msg="Loaded platform" platform="esp32:esp32@3.3.6"
2026-02-04 16:52:42 2026-02-04T16:52:42.349Z daemon INFO time="2026-02-04T16:52:42Z" level=info msg="Checking existence of 'tools' path: /home/shrek/.arduino15/packages/esp32/tools"
time="2026-02-04T16:52:42Z" level=info msg="Loading tools from dir: /home/shrek/.arduino15/packages/esp32/tools"
2026-02-04 16:52:42 2026-02-04T16:52:42.354Z daemon INFO time="2026-02-04T16:52:42Z" level=info msg="Loaded tool" tool="esp32:esp-rv32@2511"
time="2026-02-04T16:52:42Z" level=info msg="Loaded tool" tool="esp32:esp-x32@2511"
time="2026-02-04T16:52:42Z" level=info msg="Loaded tool" tool="esp32:esp32-libs@3.3.6"
time="2026-02-04T16:52:42Z" level=info msg="Loaded tool" tool="esp32:esp32c3-libs@3.3.6"
time="2026-02-04T16:52:42Z" level=info msg="Loaded tool" tool="esp32:esp32c5-libs@3.3.6"
time="2026-02-04T16:52:42Z" level=info msg="Loaded tool" tool="esp32:esp32c6-libs@3.3.6"
time="2026-02-04T16:52:42Z" level=info msg="Loaded tool" tool="esp32:esp32h2-libs@3.3.6"
2026-02-04 16:52:42 2026-02-04T16:52:42.354Z daemon INFO time="2026-02-04T16:52:42Z" level=info msg="Loaded tool" tool="esp32:esp32p4-libs@3.3.6"
2026-02-04 16:52:42 2026-02-04T16:52:42.362Z daemon INFO time="2026-02-04T16:52:42Z" level=info msg="Loaded tool" tool="esp32:esp32p4_es-libs@3.3.6"
time="2026-02-04T16:52:42Z" level=info msg="Loaded tool" tool="esp32:esp32s2-libs@3.3.6"
time="2026-02-04T16:52:42Z" level=info msg="Loaded tool" tool="esp32:esp32s3-libs@3.3.6"
time="2026-02-04T16:52:42Z" level=info msg="Loaded tool" tool="esp32:esptool_py@5.1.0"
time="2026-02-04T16:52:42Z" level=info msg="Loaded tool" tool="esp32:mklittlefs@4.0.2-db0513a"
time="2026-02-04T16:52:42Z" level=info msg="Loaded tool" tool="esp32:mkspiffs@0.2.3"
time="2026-02-04T16:52:42Z" level=info msg="Loaded tool" tool="esp32:openocd-esp32@v0.12.0-esp32-20251215"
time="2026-02-04T16:52:42Z" level=info msg="Loaded tool" tool="esp32:riscv32-esp-elf-gdb@16.3_20250913"
time="2026-02-04T16:52:42Z" level=info msg="Loaded tool" tool="esp32:xtensa-esp-elf-gdb@16.3_20250913"
time="2026-02-04T16:52:42Z" level=info msg="Adding libraries dir" dir=/home/shrek/.arduino15/packages/arduino/hardware/avr/1.8.7/libraries isSingleLibrary=false location=platform
time="2026-02-04T16:52:42Z" level=info msg="Adding libraries dir" dir=/home/shrek/.arduino15/packages/esp32/hardware/esp32/3.3.6/libraries isSingleLibrary=false location=platform
time="2026-02-04T16:52:42Z" level=info msg="Loading libraries index file" index=/home/shrek/.arduino15/library_index.json
2026-02-04 16:52:42 2026-02-04T16:52:42.535Z root INFO Deploy plugins list: 428.3 ms [Finished 0.810 s after backend start]
2026-02-04 16:52:42 2026-02-04T16:52:42.565Z daemon INFO time="2026-02-04T16:52:42Z" level=info msg="Adding libraries dir" dir=/home/shrek/.arduino15/libraries isSingleLibrary=false location=ide
2026-02-04 16:52:42 2026-02-04T16:52:42.565Z daemon INFO time="2026-02-04T16:52:42Z" level=info msg="Adding libraries dir" dir=/home/shrek/Arduino/libraries isSingleLibrary=false location=user
2026-02-04 16:52:42 2026-02-04T16:52:42.617Z root INFO creating connection for 1
2026-02-04 16:52:42 2026-02-04T16:52:42.666Z discovery-log INFO start resolved watching
2026-02-04 16:52:42 2026-02-04T16:52:42.682Z discovery-log INFO {"eventType":"add","port":{"matchingBoardsList":[],"port":{"address":"/dev/ttyS0","label":"/dev/ttyS0","protocol":"serial","protocolLabel":"Serial Port","propertiesMap":[],"hardwareId":""}},"error":""}
2026-02-04 16:52:43 2026-02-04T16:52:43.240Z root WARN A command editor.action.toggleStickyScroll is already registered.
2026-02-04 16:52:43 2026-02-04T16:52:43.252Z sketches-service WARN Warning! The request sketch path was different than the response sketch path from the CLI. This could be a potential bug. Request: </home/shrek/Arduino/practice/practice.ino>, response: </home/shrek/Arduino/practice>.
2026-02-04 16:52:43 Opening channel for service path '/services/electron-window'.
2026-02-04 16:52:43 Opening channel for service path '/services/ide-updater'.
2026-02-04 16:52:43 2026-02-04T16:52:43.301Z root INFO Start frontend contributions: 157.7 ms [Finished 1.181 s after frontend start]
2026-02-04 16:52:43 2026-02-04T16:52:43.301Z root INFO Changed application state from 'init' to 'started_contributions'.
2026-02-04 16:52:43 2026-02-04T16:52:43.308Z root INFO Changed application state from 'started_contributions' to 'attached_shell'.
2026-02-04 16:52:43 2026-02-04T16:52:43.308Z root INFO >>> Restoring the layout state...
2026-02-04 16:52:43 2026-02-04T16:52:43.333Z root INFO [081bc272-d480-4f64-99a9-0571574a07fd] Waiting for backend deployment: 36.7 ms [Finished 1.214 s after frontend start]
2026-02-04 16:52:43 2026-02-04T16:52:43.633Z root INFO [hosted-plugin: 2326] PLUGIN_HOST(2326) starting instance
[Object: null prototype] {}
2026-02-04 16:52:43 2026-02-04T16:52:43.962Z root INFO [081bc272-d480-4f64-99a9-0571574a07fd] Sync of 23 plugins: 634.8 ms [Finished 1.849 s after frontend start]
2026-02-04 16:52:43 2026-02-04T16:52:43.976Z root INFO ------- SERIALIZED LAYOUT DATA -------
2026-02-04 16:52:43 2026-02-04T16:52:43.976Z root INFO {"version":5,"mainPanel":{"main":{"type":"tab-area","widgets":[{"constructionOptions":{"factoryId":"code-editor-opener","options":{"counter":0,"kind":"navigatable","uri":"file:///home/shrek/Arduino/practice/practice.ino"}},"innerWidgetState":"{\"cursorState\":[{\"inSelectionMode\":false,\"selectionStart\":{\"lineNumber\":1,\"column\":21},\"position\":{\"lineNumber\":1,\"column\":21}}],\"viewState\":{\"scrollLeft\":0,\"firstPosition\":{\"lineNumber\":1,\"column\":1},\"firstPositionDeltaTop\":0},\"contributionsState\":{\"editor.contrib.folding\":{\"lineCount\":60,\"provider\":\"indent\",\"foldedImports\":false},\"editor.contrib.wordHighlighter\":false}}"}],"currentIndex":0}},"mainPanelPinned":[false],"bottomPanel":{"config":{"main":{"type":"tab-area","widgets":[{"constructionOptions":{"factoryId":"outputView"},"innerWidgetState":"{\"locked\":false}"}],"currentIndex":0}},"pinned":[false],"size":239,"expanded":true},"leftPanel":{"type":"sidepanel","items":[{"widget":{"constructionOptions":{"factoryId":"arduino-sketchbook-widget"}},"rank":1,"expanded":false,"pinned":false},{"widget":{"constructionOptions":{"factoryId":"boards-list-widget"}},"rank":2,"expanded":false,"pinned":false},{"widget":{"constructionOptions":{"factoryId":"library-list-widget"}},"rank":3,"expanded":true,"pinned":false},{"widget":{"constructionOptions":{"factoryId":"debug"},"innerWidgetState":"{\"parts\":[{\"partId\":\"debug:threads:-1\",\"collapsed\":false,\"hidden\":false,\"relativeSize\":1.384,\"originalContainerId\":\"debug:view-container:-1\",\"originalContainerTitle\":{\"label\":\"debug\",\"iconClass\":\"codicon codicon-debug-alt\",\"closeable\":true},\"widget\":{\"constructionOptions\":{\"factoryId\":\"debug:threads\"},\"innerWidgetState\":\"{}\"}},{\"partId\":\"debug:frames:-1\",\"collapsed\":false,\"hidden\":false,\"relativeSize\":1.384,\"originalContainerId\":\"debug:view-container:-1\",\"originalContainerTitle\":{\"label\":\"debug\",\"iconClass\":\"codicon codicon-debug-alt\",\"closeable\":true},\"widget\":{\"constructionOptions\":{\"factoryId\":\"debug:frames\"},\"innerWidgetState\":\"{}\"}},{\"partId\":\"debug:variables:-1\",\"collapsed\":false,\"hidden\":false,\"relativeSize\":1.384,\"originalContainerId\":\"debug:view-container:-1\",\"originalContainerTitle\":{\"label\":\"debug\",\"iconClass\":\"codicon codicon-debug-alt\",\"closeable\":true},\"widget\":{\"constructionOptions\":{\"factoryId\":\"debug:variables\"},\"innerWidgetState\":\"{}\"}},{\"partId\":\"debug:watch:-1\",\"collapsed\":false,\"hidden\":false,\"relativeSize\":1.384,\"originalContainerId\":\"debug:view-container:-1\",\"originalContainerTitle\":{\"label\":\"debug\",\"iconClass\":\"codicon codicon-debug-alt\",\"closeable\":true},\"widget\":{\"constructionOptions\":{\"factoryId\":\"debug:watch\"},\"innerWidgetState\":\"{}\"}},{\"partId\":\"debug:breakpoints:-1\",\"collapsed\":false,\"hidden\":false,\"relativeSize\":1.384,\"originalContainerId\":\"debug:view-container:-1\",\"originalContainerTitle\":{\"label\":\"debug\",\"iconClass\":\"codicon codicon-debug-alt\",\"closeable\":true},\"widget\":{\"constructionOptions\":{\"factoryId\":\"debug:breakpoints\"},\"innerWidgetState\":\"{}\"}},{\"partId\":\"plugin-view:cortex-debug.peripherals\",\"collapsed\":true,\"hidden\":true,\"originalContainerId\":\"debug:view-container:-1\",\"originalContainerTitle\":{\"label\":\"debug\",\"iconClass\":\"codicon codicon-debug-alt\",\"closeable\":true},\"widget\":{\"constructionOptions\":{\"factoryId\":\"plugin-view\",\"options\":{\"id\":\"plugin-view:cortex-debug.peripherals\",\"viewId\":\"cortex-debug.peripherals\"}},\"innerWidgetState\":\"{\\\"label\\\":\\\"Cortex Peripherals\\\",\\\"widgets\\\":[],\\\"suppressUpdateViewVisibility\\\":false,\\\"currentViewContainerId\\\":\\\"debug\\\"}\"}},{\"partId\":\"plugin-view:cortex-debug.registers\",\"collapsed\":true,\"hidden\":true,\"originalContainerId\":\"debug:view-container:-1\",\"originalContainerTitle\":{\"label\":\"debug\",\"iconClass\":\"codicon codicon-debug-alt\",\"closeable\":true},\"widget\":{\"constructionOptions\":{\"factoryId\":\"plugin-view\",\"options\":{\"id\":\"plugin-view:cortex-debug.registers\",\"viewId\":\"cortex-debug.registers\"}},\"innerWidgetState\":\"{\\\"label\\\":\\\"Cortex Registers\\\",\\\"widgets\\\":[],\\\"suppressUpdateViewVisibility\\\":false,\\\"currentViewContainerId\\\":\\\"debug\\\"}\"}}],\"title\":{\"label\":\"debug\",\"iconClass\":\"codicon codicon-debug-alt\",\"closeable\":true}}"},"rank":4,"expanded":false,"pinned":false},{"widget":{"constructionOptions":{"factoryId":"search-view-container"},"innerWidgetState":"{\"parts\":[{\"partId\":\"search-in-workspace\",\"collapsed\":false,\"hidden\":false,\"originalContainerId\":\"search-view-container\",\"originalContainerTitle\":{\"label\":\"Search\",\"iconClass\":\"codicon codicon-search\",\"closeable\":true},\"widget\":{\"constructionOptions\":{\"factoryId\":\"search-in-workspace\"},\"innerWidgetState\":\"{\\\"matchCaseState\\\":{\\\"className\\\":\\\"codicon codicon-case-sensitive\\\",\\\"enabled\\\":false,\\\"title\\\":\\\"Match Case\\\"},\\\"wholeWordState\\\":{\\\"className\\\":\\\"codicon codicon-whole-word\\\",\\\"enabled\\\":false,\\\"title\\\":\\\"Match Whole Word\\\"},\\\"regExpState\\\":{\\\"className\\\":\\\"codicon codicon-regex\\\",\\\"enabled\\\":false,\\\"title\\\":\\\"Use Regular Expression\\\"},\\\"includeIgnoredState\\\":{\\\"className\\\":\\\"codicon codicon-eye\\\",\\\"enabled\\\":false,\\\"title\\\":\\\"Include Ignored Files\\\"},\\\"showSearchDetails\\\":false,\\\"searchInWorkspaceOptions\\\":{\\\"matchCase\\\":false,\\\"matchWholeWord\\\":false,\\\"useRegExp\\\":false,\\\"multiline\\\":false,\\\"includeIgnored\\\":false,\\\"include\\\":[],\\\"exclude\\\":[],\\\"maxResults\\\":2000},\\\"searchTerm\\\":\\\"\\\",\\\"replaceTerm\\\":\\\"\\\",\\\"showReplaceField\\\":false,\\\"searchHistoryState\\\":{\\\"history\\\":[],\\\"index\\\":0},\\\"replaceHistoryState\\\":{\\\"history\\\":[],\\\"index\\\":0},\\\"includeHistoryState\\\":{\\\"history\\\":[],\\\"index\\\":0},\\\"excludeHistoryState\\\":{\\\"history\\\":[],\\\"index\\\":0}}\"}}],\"title\":{\"label\":\"Search\",\"iconClass\":\"fa fa-arduino-search\",\"closeable\":true}}"},"rank":5,"expanded":false,"pinned":false}],"size":268},"rightPanel":{"type":"sidepanel","items":[]},"activeWidgetId":"library-list-widget"}
2026-02-04 16:52:43 2026-02-04T16:52:43.977Z root INFO ------- END SERIALIZED LAYOUT DATA -------
2026-02-04 16:52:44 2026-02-04T16:52:44.158Z root INFO <<< The layout has been successfully restored.
2026-02-04 16:52:44 2026-02-04T16:52:44.218Z root INFO Initialize the workbench layout: 850.1 ms [Finished 2.045 s after frontend start]
2026-02-04 16:52:44 2026-02-04T16:52:44.218Z root INFO Changed application state from 'attached_shell' to 'initialized_layout'.
2026-02-04 16:52:44 2026-02-04T16:52:44.219Z root INFO [081bc272-d480-4f64-99a9-0571574a07fd] Loading plugin contributions
2026-02-04 16:52:44 2026-02-04T16:52:44.219Z root INFO [081bc272-d480-4f64-99a9-0571574a07fd] Load contributions of 23 plugins: 57.7 ms [Finished 2.103 s after frontend start]
2026-02-04 16:52:44 2026-02-04T16:52:44.262Z root WARN 'cpp' language is remapped from 'source.cpp.embedded.macro' to 'source.cpp' scope
2026-02-04 16:52:44 2026-02-04T16:52:44.262Z root WARN a registered grammar configuration for 'cpp' language is overridden
2026-02-04 16:52:44 2026-02-04T16:52:44.331Z root ERROR [hosted-plugin: 2326] Conflict in settings file Default: Ignoring cortex-debug.armToolchainPath.linux as cortex-debug.armToolchainPath is null
2026-02-04 16:52:44 2026-02-04T16:52:44.331Z root ERROR [hosted-plugin: 2326] Conflict in settings file Default: Ignoring cortex-debug.armToolchainPath.osx as cortex-debug.armToolchainPath is null
Conflict in settings file Default: Ignoring cortex-debug.armToolchainPath.windows as cortex-debug.armToolchainPath is null
2026-02-04 16:52:44 2026-02-04T16:52:44.331Z root ERROR [hosted-plugin: 2326] Conflict in settings file Default: Ignoring cortex-debug.JLinkGDBServerPath.linux as cortex-debug.JLinkGDBServerPath is null
Conflict in settings file Default: Ignoring cortex-debug.JLinkGDBServerPath.osx as cortex-debug.JLinkGDBServerPath is null
2026-02-04 16:52:44 2026-02-04T16:52:44.331Z root ERROR [hosted-plugin: 2326] Conflict in settings file Default: Ignoring cortex-debug.JLinkGDBServerPath.windows as cortex-debug.JLinkGDBServerPath is null
Conflict in settings file Default: Ignoring cortex-debug.openocdPath.linux as cortex-debug.openocdPath is null
2026-02-04 16:52:44 2026-02-04T16:52:44.331Z root ERROR [hosted-plugin: 2326] Conflict in settings file Default: Ignoring cortex-debug.openocdPath.osx as cortex-debug.openocdPath is null
2026-02-04 16:52:44 2026-02-04T16:52:44.331Z root ERROR [hosted-plugin: 2326] Conflict in settings file Default: Ignoring cortex-debug.openocdPath.windows as cortex-debug.openocdPath is null
Conflict in settings file Default: Ignoring cortex-debug.pyocdPath.linux as cortex-debug.pyocdPath is null
Conflict in settings file Default: Ignoring cortex-debug.pyocdPath.osx as cortex-debug.pyocdPath is null
Conflict in settings file Default: Ignoring cortex-debug.pyocdPath.windows as cortex-debug.pyocdPath is null
2026-02-04 16:52:44 2026-02-04T16:52:44.331Z root ERROR [hosted-plugin: 2326] Conflict in settings file Default: Ignoring cortex-debug.PEGDBServerPath.linux as cortex-debug.PEGDBServerPath is null
Conflict in settings file Default: Ignoring cortex-debug.PEGDBServerPath.osx as cortex-debug.PEGDBServerPath is null
Conflict in settings file Default: Ignoring cortex-debug.PEGDBServerPath.windows as cortex-debug.PEGDBServerPath is null
Conflict in settings file Default: Ignoring cortex-debug.stutilPath.linux as cortex-debug.stutilPath is null
2026-02-04 16:52:44 2026-02-04T16:52:44.331Z root ERROR [hosted-plugin: 2326] Conflict in settings file Default: Ignoring cortex-debug.stutilPath.osx as cortex-debug.stutilPath is null
Conflict in settings file Default: Ignoring cortex-debug.stutilPath.windows as cortex-debug.stutilPath is null
Conflict in settings file Default: Ignoring cortex-debug.stlinkPath.linux as cortex-debug.stlinkPath is null
Conflict in settings file Default: Ignoring cortex-debug.stlinkPath.osx as cortex-debug.stlinkPath is null
Conflict in settings file Default: Ignoring cortex-debug.stlinkPath.windows as cortex-debug.stlinkPath is null
2026-02-04 16:52:44 2026-02-04T16:52:44.331Z root ERROR [hosted-plugin: 2326] Conflict in settings file Default: Ignoring cortex-debug.stm32cubeprogrammer.linux as cortex-debug.stm32cubeprogrammer is null
Conflict in settings file Default: Ignoring cortex-debug.stm32cubeprogrammer.osx as cortex-debug.stm32cubeprogrammer is null
Conflict in settings file Default: Ignoring cortex-debug.stm32cubeprogrammer.windows as cortex-debug.stm32cubeprogrammer is null
2026-02-04 16:52:44 2026-02-04T16:52:44.336Z root INFO [hosted-plugin: 2326] PLUGIN_HOST(2326): PluginManagerExtImpl/init()
2026-02-04 16:52:44 2026-02-04T16:52:44.337Z root INFO [hosted-plugin: 2326] PLUGIN_HOST(2326): initializing(vscode-arduino-api@0.1.2 with /opt/arduino-ide/resources/app/lib/backend/plugin-vscode-init)
2026-02-04 16:52:44 2026-02-04T16:52:44.381Z root INFO [hosted-plugin: 2326] PLUGIN_HOST(2326): initializing(json-language-features@1.88.1 with /opt/arduino-ide/resources/app/lib/backend/plugin-vscode-init)
2026-02-04 16:52:44 2026-02-04T16:52:44.383Z root INFO [hosted-plugin: 2326] PLUGIN_HOST(2326): initializing(cortex-debug@1.5.1 with /opt/arduino-ide/resources/app/lib/backend/plugin-vscode-init)
2026-02-04 16:52:44 2026-02-04T16:52:44.384Z root INFO [hosted-plugin: 2326] Debugger contribution has been registered: cortex-debug
2026-02-04 16:52:44 2026-02-04T16:52:44.385Z root INFO [hosted-plugin: 2326] PLUGIN_HOST(2326): initializing(vscode-arduino-tools@0.1.3 with /opt/arduino-ide/resources/app/lib/backend/plugin-vscode-init)
2026-02-04 16:52:44 2026-02-04T16:52:44.385Z root INFO [hosted-plugin: 2326] PLUGIN_HOST(2326): initializing(cpp@1.88.1 with /opt/arduino-ide/resources/app/lib/backend/plugin-vscode-init)
2026-02-04 16:52:44 2026-02-04T16:52:44.386Z root INFO [hosted-plugin: 2326] PLUGIN_HOST(2326): initializing(json@1.88.1 with /opt/arduino-ide/resources/app/lib/backend/plugin-vscode-init)
2026-02-04 16:52:44 2026-02-04T16:52:44.387Z root INFO [hosted-plugin: 2326] PLUGIN_HOST(2326): initializing(vscode-language-pack-bg@1.48.3 with /opt/arduino-ide/resources/app/lib/backend/plugin-vscode-init)
2026-02-04 16:52:44 2026-02-04T16:52:44.389Z root INFO [hosted-plugin: 2326] PLUGIN_HOST(2326): initializing(vscode-language-pack-cs@1.96.0 with /opt/arduino-ide/resources/app/lib/backend/plugin-vscode-init)
2026-02-04 16:52:44 2026-02-04T16:52:44.389Z root INFO [hosted-plugin: 2326] PLUGIN_HOST(2326): initializing(vscode-language-pack-de@1.96.0 with /opt/arduino-ide/resources/app/lib/backend/plugin-vscode-init)
2026-02-04 16:52:44 2026-02-04T16:52:44.389Z root INFO [hosted-plugin: 2326] PLUGIN_HOST(2326): initializing(vscode-language-pack-es@1.96.0 with /opt/arduino-ide/resources/app/lib/backend/plugin-vscode-init)
2026-02-04 16:52:44 2026-02-04T16:52:44.390Z root INFO [hosted-plugin: 2326] PLUGIN_HOST(2326): initializing(vscode-language-pack-fr@1.96.0 with /opt/arduino-ide/resources/app/lib/backend/plugin-vscode-init)
2026-02-04 16:52:44 2026-02-04T16:52:44.390Z root INFO [hosted-plugin: 2326] PLUGIN_HOST(2326): initializing(vscode-language-pack-hu@1.48.3 with /opt/arduino-ide/resources/app/lib/backend/plugin-vscode-init)
2026-02-04 16:52:44 2026-02-04T16:52:44.390Z root INFO [hosted-plugin: 2326] PLUGIN_HOST(2326): initializing(vscode-language-pack-it@1.96.0 with /opt/arduino-ide/resources/app/lib/backend/plugin-vscode-init)
2026-02-04 16:52:44 2026-02-04T16:52:44.391Z root INFO [hosted-plugin: 2326] PLUGIN_HOST(2326): initializing(vscode-language-pack-ja@1.96.0 with /opt/arduino-ide/resources/app/lib/backend/plugin-vscode-init)
2026-02-04 16:52:44 2026-02-04T16:52:44.391Z root INFO [hosted-plugin: 2326] PLUGIN_HOST(2326): initializing(vscode-language-pack-ko@1.96.0 with /opt/arduino-ide/resources/app/lib/backend/plugin-vscode-init)
2026-02-04 16:52:44 2026-02-04T16:52:44.391Z root INFO [hosted-plugin: 2326] PLUGIN_HOST(2326): initializing(vscode-language-pack-nl@1.48.3 with /opt/arduino-ide/resources/app/lib/backend/plugin-vscode-init)
2026-02-04 16:52:44 2026-02-04T16:52:44.391Z root INFO [hosted-plugin: 2326] PLUGIN_HOST(2326): initializing(vscode-language-pack-pl@1.96.0 with /opt/arduino-ide/resources/app/lib/backend/plugin-vscode-init)
2026-02-04 16:52:44 2026-02-04T16:52:44.391Z root INFO [hosted-plugin: 2326] PLUGIN_HOST(2326): initializing(vscode-language-pack-pt-BR@1.96.0 with /opt/arduino-ide/resources/app/lib/backend/plugin-vscode-init)
2026-02-04 16:52:44 2026-02-04T16:52:44.392Z root INFO [hosted-plugin: 2326] PLUGIN_HOST(2326): initializing(vscode-language-pack-ru@1.96.0 with /opt/arduino-ide/resources/app/lib/backend/plugin-vscode-init)
2026-02-04 16:52:44 2026-02-04T16:52:44.392Z root INFO [hosted-plugin: 2326] PLUGIN_HOST(2326): initializing(vscode-language-pack-tr@1.96.0 with /opt/arduino-ide/resources/app/lib/backend/plugin-vscode-init)
2026-02-04 16:52:44 2026-02-04T16:52:44.392Z root INFO [hosted-plugin: 2326] PLUGIN_HOST(2326): initializing(vscode-language-pack-uk@1.48.3 with /opt/arduino-ide/resources/app/lib/backend/plugin-vscode-init)
2026-02-04 16:52:44 2026-02-04T16:52:44.392Z root INFO [hosted-plugin: 2326] PLUGIN_HOST(2326): initializing(vscode-language-pack-zh-hans@1.96.0 with /opt/arduino-ide/resources/app/lib/backend/plugin-vscode-init)
2026-02-04 16:52:44 2026-02-04T16:52:44.392Z root INFO [hosted-plugin: 2326] PLUGIN_HOST(2326): initializing(vscode-language-pack-zh-hant@1.96.0 with /opt/arduino-ide/resources/app/lib/backend/plugin-vscode-init)
2026-02-04 16:52:44 2026-02-04T16:52:44.400Z root INFO [hosted-plugin: 2326] PLUGIN_HOST(2326): PluginManagerExtImpl/loadPlugin(/opt/arduino-ide/resources/app/plugins/vscode-builtin-json-language-features/extension/client/dist/node/jsonClientMain)
2026-02-04 16:52:44 2026-02-04T16:52:44.432Z root INFO [hosted-plugin: 2326] PLUGIN_HOST(2326): PluginManagerExtImpl/loadPlugin(/opt/arduino-ide/resources/app/plugins/vscode-arduino-tools/extension/dist/extension.js)
2026-02-04 16:52:44 2026-02-04T16:52:44.449Z root INFO [hosted-plugin: 2326] PLUGIN_HOST(2326): PluginManagerExtImpl/loadPlugin(/opt/arduino-ide/resources/app/plugins/vscode-arduino-api/extension/dist/extension.js)
2026-02-04 16:52:44 2026-02-04T16:52:44.452Z root INFO [hosted-plugin: 2326] calling activation function on VS Code Arduino Tools
2026-02-04 16:52:44 2026-02-04T16:52:44.452Z root INFO [hosted-plugin: 2326] calling activation function on Arduino IDE API for VS Code extensions
2026-02-04 16:52:44 2026-02-04T16:52:44.460Z root INFO [081bc272-d480-4f64-99a9-0571574a07fd] Starting plugins.
2026-02-04 16:52:44 2026-02-04T16:52:44.474Z root INFO [hosted-plugin: 2326] PLUGIN_HOST(2326): PluginManagerExtImpl/loadPlugin(/opt/arduino-ide/resources/app/plugins/cortex-debug/extension/dist/extension.js)
2026-02-04 16:52:44 2026-02-04T16:52:44.494Z root INFO [hosted-plugin: 2326] Debug configuration provider has been registered: cortex-debug, trigger: 1
2026-02-04 16:52:44 2026-02-04T16:52:44.494Z root INFO [hosted-plugin: 2326] calling activation function on Cortex-Debug
2026-02-04 16:52:44 2026-02-04T16:52:44.496Z root INFO [hosted-plugin: 2326] GDB server console created
2026-02-04 16:52:44 2026-02-04T16:52:44.535Z root INFO [081bc272-d480-4f64-99a9-0571574a07fd] Start of 23 plugins: 315.4 ms [Finished 2.422 s after frontend start]
2026-02-04 16:52:44 2026-02-04T16:52:44.591Z root INFO [hosted-plugin: 2326] calling activation function on JSON Language Features (built-in)
2026-02-04 16:52:44 2026-02-04T16:52:44.872Z root ERROR ---- !!!SLOW!!! DURATION: search took 216.614 ms. Args: [{"query":"","type":"All","topic":"All"}] ----
2026-02-04 16:52:45 2026-02-04T16:52:45.155Z root INFO Frontend application start: 1949.1 ms [Finished 3.430 s after backend start]
2026-02-04 16:52:45 Checking for update
2026-02-04 16:52:45 2026-02-04T16:52:45.172Z root INFO Replace loading indicator with ready workbench UI (animation): 834.6 ms [Finished 2.940 s after frontend start]
2026-02-04 16:52:45 2026-02-04T16:52:45.173Z root INFO Changed application state from 'initialized_layout' to 'ready'.
2026-02-04 16:52:45 2026-02-04T16:52:45.173Z root WARN Linked preference "workbench.colorCustomizations" not found.
2026-02-04 16:52:45 2026-02-04T16:52:45.200Z sketches-service WARN Mismatching sketch file <led.ino> and sketch folder name <practice>. Skipping
2026-02-04 16:52:45 2026-02-04T16:52:45.200Z sketches-service WARN Mismatching sketch file <led.ino> and sketch folder name <practice>. Skipping
2026-02-04 16:52:45 2026-02-04T16:52:45.200Z sketches-service WARN Mismatching sketch file <led.ino> and sketch folder name <practice>. Skipping
2026-02-04 16:52:45 2026-02-04T16:52:45.217Z daemon INFO time="2026-02-04T16:52:45Z" level=info msg="Updating index" url="https://downloads.arduino.cc/packages/package_index.tar.bz2"
time="2026-02-04T16:52:45Z" level=info msg="Starting download" url="https://downloads.arduino.cc/libraries/library_index.tar.bz2"
time="2026-02-04T16:52:45Z" level=info msg="Starting download" url="https://downloads.arduino.cc/packages/package_index.tar.bz2"
2026-02-04 16:52:45 2026-02-04T16:52:45.219Z root INFO core-client-provider [library-index] Downloading index: library_index.tar.bz2

2026-02-04 16:52:45 2026-02-04T16:52:45.220Z root INFO core-client-provider [platform-index] Downloading index: package_index.tar.bz2

2026-02-04 16:52:45 2026-02-04T16:52:45.390Z daemon INFO time="2026-02-04T16:52:45Z" level=info msg="Tool required for debug" tool="arduino:dfu-util@0.11.0-arduino5"
time="2026-02-04T16:52:45Z" level=info msg="Tool required for debug" tool="esp32:esp-rv32@2511"
time="2026-02-04T16:52:45Z" level=info msg="Tool required for debug" tool="esp32:esp-x32@2511"
time="2026-02-04T16:52:45Z" level=info msg="Tool required for debug" tool="esp32:esp32-libs@3.3.6"
time="2026-02-04T16:52:45Z" level=info msg="Tool required for debug" tool="esp32:esp32c3-libs@3.3.6"
time="2026-02-04T16:52:45Z" level=info msg="Tool required for debug" tool="esp32:esp32c5-libs@3.3.6"
time="2026-02-04T16:52:45Z" level=info msg="Tool required for debug" tool="esp32:esp32c6-libs@3.3.6"
time="2026-02-04T16:52:45Z" level=info msg="Tool required for debug" tool="esp32:esp32h2-libs@3.3.6"
time="2026-02-04T16:52:45Z" level=info msg="Tool required for debug" tool="esp32:esp32p4-libs@3.3.6"
time="2026-02-04T16:52:45Z" level=info msg="Tool required for debug" tool="esp32:esp32p4_es-libs@3.3.6"
time="2026-02-04T16:52:45Z" level=info msg="Tool required for debug" tool="esp32:esp32s2-libs@3.3.6"
time="2026-02-04T16:52:45Z" level=info msg="Tool required for debug" tool="esp32:esp32s3-libs@3.3.6"
time="2026-02-04T16:52:45Z" level=info msg="Tool required for debug" tool="esp32:esptool_py@5.1.0"
time="2026-02-04T16:52:45Z" level=info msg="Tool required for debug" tool="esp32:mklittlefs@4.0.2-db0513a"
time="2026-02-04T16:52:45Z" level=info msg="Tool required for debug" tool="esp32:mkspiffs@0.2.3"
time="2026-02-04T16:52:45Z" level=info msg="Tool required for debug" tool="esp32:openocd-esp32@v0.12.0-esp32-20251215"
time="2026-02-04T16:52:45Z" level=info msg="Tool required for debug" tool="esp32:riscv32-esp-elf-gdb@16.3_20250913"
time="2026-02-04T16:52:45Z" level=info msg="Tool required for debug" tool="esp32:xtensa-esp-elf-gdb@16.3_20250913"
time="2026-02-04T16:52:45Z" level=info msg="Tool required for debug" tool="builtin:ctags@5.8-arduino11"
time="2026-02-04T16:52:45Z" level=info msg="Tool required for debug" tool="arduino:avrdude@8.0.0-arduino1"
time="2026-02-04T16:52:45Z" level=info msg="Tool required for debug" tool="arduino:arduinoOTA@1.3.0"
time="2026-02-04T16:52:45Z" level=info msg="Tool required for debug" tool="builtin:mdns-discovery@1.0.12"
time="2026-02-04T16:52:45Z" level=info msg="Tool required for debug" tool="builtin:serial-discovery@1.4.3"
time="2026-02-04T16:52:45Z" level=info msg="Tool required for debug" tool="builtin:serial-monitor@0.15.0"
time="2026-02-04T16:52:45Z" level=info msg="Tool required for debug" tool="arduino:avr-gcc@7.3.0-atmel3.6.1-arduino7"
time="2026-02-04T16:52:45Z" level=info msg="Tool required for debug" tool="builtin:dfu-discovery@0.1.2"
2026-02-04 16:52:45 2026-02-04T16:52:45.392Z daemon INFO time="2026-02-04T16:52:45Z" level=info msg="Updating index" url="https://raw.githubusercontent.com/espressif/arduino-esp32/gh-pages/package_esp32_index.json"
time="2026-02-04T16:52:45Z" level=info msg="Starting download" url="https://raw.githubusercontent.com/espressif/arduino-esp32/gh-pages/package_esp32_index.json"
2026-02-04 16:52:45 2026-02-04T16:52:45.392Z root INFO core-client-provider [platform-index] Downloading index: package_esp32_index.json

2026-02-04 16:52:45 2026-02-04T16:52:45.392Z daemon INFO time="2026-02-04T16:52:45Z" level=info msg="Tool required for debug" tool="arduino:dfu-util@0.11.0-arduino5"
time="2026-02-04T16:52:45Z" level=info msg="Tool required for debug" tool="esp32:esp-rv32@2511"
time="2026-02-04T16:52:45Z" level=info msg="Tool required for debug" tool="esp32:esp-x32@2511"
time="2026-02-04T16:52:45Z" level=info msg="Tool required for debug" tool="esp32:esp32-libs@3.3.6"
time="2026-02-04T16:52:45Z" level=info msg="Tool required for debug" tool="esp32:esp32c3-libs@3.3.6"
time="2026-02-04T16:52:45Z" level=info msg="Tool required for debug" tool="esp32:esp32c5-libs@3.3.6"
time="2026-02-04T16:52:45Z" level=info msg="Tool required for debug" tool="esp32:esp32c6-libs@3.3.6"
time="2026-02-04T16:52:45Z" level=info msg="Tool required for debug" tool="esp32:esp32h2-libs@3.3.6"
time="2026-02-04T16:52:45Z" level=info msg="Tool required for debug" tool="esp32:esp32p4-libs@3.3.6"
time="2026-02-04T16:52:45Z" level=info msg="Tool required for debug" tool="esp32:esp32p4_es-libs@3.3.6"
time="2026-02-04T16:52:45Z" level=info msg="Tool required for debug" tool="esp32:esp32s2-libs@3.3.6"
time="2026-02-04T16:52:45Z" level=info msg="Tool required for debug" tool="esp32:esp32s3-libs@3.3.6"
time="2026-02-04T16:52:45Z" level=info msg="Tool required for debug" tool="esp32:esptool_py@5.1.0"
time="2026-02-04T16:52:45Z" level=info msg="Tool required for debug" tool="esp32:mklittlefs@4.0.2-db0513a"
time="2026-02-04T16:52:45Z" level=info msg="Tool required for debug" tool="esp32:mkspiffs@0.2.3"
2026-02-04 16:52:45 2026-02-04T16:52:45.393Z daemon INFO time="2026-02-04T16:52:45Z" level=info msg="Tool required for debug" tool="esp32:openocd-esp32@v0.12.0-esp32-20251215"
time="2026-02-04T16:52:45Z" level=info msg="Tool required for debug" tool="esp32:riscv32-esp-elf-gdb@16.3_20250913"
time="2026-02-04T16:52:45Z" level=info msg="Tool required for debug" tool="esp32:xtensa-esp-elf-gdb@16.3_20250913"
time="2026-02-04T16:52:45Z" level=info msg="Tool required for debug" tool="arduino:avr-gcc@7.3.0-atmel3.6.1-arduino7"
time="2026-02-04T16:52:45Z" level=info msg="Tool required for debug" tool="builtin:serial-monitor@0.15.0"
time="2026-02-04T16:52:45Z" level=info msg="Tool required for debug" tool="builtin:dfu-discovery@0.1.2"
time="2026-02-04T16:52:45Z" level=info msg="Tool required for debug" tool="builtin:mdns-discovery@1.0.12"
time="2026-02-04T16:52:45Z" level=info msg="Tool required for debug" tool="builtin:serial-discovery@1.4.3"
time="2026-02-04T16:52:45Z" level=info msg="Tool required for debug" tool="builtin:ctags@5.8-arduino11"
time="2026-02-04T16:52:45Z" level=info msg="Tool required for debug" tool="arduino:avrdude@8.0.0-arduino1"
time="2026-02-04T16:52:45Z" level=info msg="Tool required for debug" tool="arduino:arduinoOTA@1.3.0"
2026-02-04 16:52:45 2026-02-04T16:52:45.494Z daemon INFO time="2026-02-04T16:52:45Z" level=info msg="Tool required for debug" tool="arduino:dfu-util@0.11.0-arduino5"
time="2026-02-04T16:52:45Z" level=info msg="Tool required for debug" tool="esp32:esp-rv32@2511"
time="2026-02-04T16:52:45Z" level=info msg="Tool required for debug" tool="esp32:esp-x32@2511"
time="2026-02-04T16:52:45Z" level=info msg="Tool required for debug" tool="esp32:esp32-libs@3.3.6"
time="2026-02-04T16:52:45Z" level=info msg="Tool required for debug" tool="esp32:esp32c3-libs@3.3.6"
time="2026-02-04T16:52:45Z" level=info msg="Tool required for debug" tool="esp32:esp32c5-libs@3.3.6"
time="2026-02-04T16:52:45Z" level=info msg="Tool required for debug" tool="esp32:esp32c6-libs@3.3.6"
time="2026-02-04T16:52:45Z" level=info msg="Tool required for debug" tool="esp32:esp32h2-libs@3.3.6"
time="2026-02-04T16:52:45Z" level=info msg="Tool required for debug" tool="esp32:esp32p4-libs@3.3.6"
time="2026-02-04T16:52:45Z" level=info msg="Tool required for debug" tool="esp32:esp32p4_es-libs@3.3.6"
time="2026-02-04T16:52:45Z" level=info msg="Tool required for debug" tool="esp32:esp32s2-libs@3.3.6"
time="2026-02-04T16:52:45Z" level=info msg="Tool required for debug" tool="esp32:esp32s3-libs@3.3.6"
time="2026-02-04T16:52:45Z" level=info msg="Tool required for debug" tool="esp32:esptool_py@5.1.0"
time="2026-02-04T16:52:45Z" level=info msg="Tool required for debug" tool="esp32:mklittlefs@4.0.2-db0513a"
time="2026-02-04T16:52:45Z" level=info msg="Tool required for debug" tool="esp32:mkspiffs@0.2.3"
time="2026-02-04T16:52:45Z" level=info msg="Tool required for debug" tool="esp32:openocd-esp32@v0.12.0-esp32-20251215"
time="2026-02-04T16:52:45Z" level=info msg="Tool required for debug" tool="esp32:riscv32-esp-elf-gdb@16.3_20250913"
time="2026-02-04T16:52:45Z" level=info msg="Tool required for debug" tool="esp32:xtensa-esp-elf-gdb@16.3_20250913"
time="2026-02-04T16:52:45Z" level=info msg="Tool required for debug" tool="builtin:serial-monitor@0.15.0"
time="2026-02-04T16:52:45Z" level=info msg="Tool required for debug" tool="builtin:mdns-discovery@1.0.12"
time="2026-02-04T16:52:45Z" level=info msg="Tool required for debug" tool="arduino:avrdude@8.0.0-arduino1"
time="2026-02-04T16:52:45Z" level=info msg="Tool required for debug" tool="builtin:serial-discovery@1.4.3"
time="2026-02-04T16:52:45Z" level=info msg="Tool required for debug" tool="builtin:ctags@5.8-arduino11"
time="2026-02-04T16:52:45Z" level=info msg="Tool required for debug" tool="builtin:dfu-discovery@0.1.2"
time="2026-02-04T16:52:45Z" level=info msg="Tool required for debug" tool="arduino:arduinoOTA@1.3.0"
time="2026-02-04T16:52:45Z" level=info msg="Tool required for debug" tool="arduino:avr-gcc@7.3.0-atmel3.6.1-arduino7"
time="2026-02-04T16:52:45Z" level=info msg="Tool required for debug" tool="arduino:dfu-util@0.11.0-arduino5"
time="2026-02-04T16:52:45Z" level=info msg="Tool required for debug" tool="esp32:esp-rv32@2511"
time="2026-02-04T16:52:45Z" level=info msg="Tool required for debug" tool="esp32:esp-x32@2511"
time="2026-02-04T16:52:45Z" level=info msg="Tool required for debug" tool="esp32:esp32-libs@3.3.6"
time="2026-02-04T16:52:45Z" level=info msg="Tool required for debug" tool="esp32:esp32c3-libs@3.3.6"
time="2026-02-04T16:52:45Z" level=info msg="Tool required for debug" tool="esp32:esp32c5-libs@3.3.6"
time="2026-02-04T16:52:45Z" level=info msg="Tool required for debug" tool="esp32:esp32c6-libs@3.3.6"
time="2026-02-04T16:52:45Z" level=info msg="Tool required for debug" tool="esp32:esp32h2-libs@3.3.6"
time="2026-02-04T16:52:45Z" level=info msg="Tool required for debug" tool="esp32:esp32p4-libs@3.3.6"
time="2026-02-04T16:52:45Z" level=info msg="Tool required for debug" tool="esp32:esp32p4_es-libs@3.3.6"
time="2026-02-04T16:52:45Z" level=info msg="Tool required for debug" tool="esp32:esp32s2-libs@3.3.6"
time="2026-02-04T16:52:45Z" level=info msg="Tool required for debug" tool="esp32:esp32s3-libs@3.3.6"
time="2026-02-04T16:52:45Z" level=info msg="Tool required for debug" tool="esp32:esptool_py@5.1.0"
time="2026-02-04T16:52:45Z" level=info msg="Tool required for debug" tool="esp32:mklittlefs@4.0.2-db0513a"
time="2026-02-04T16:52:45Z" level=info msg="Tool required for debug" tool="esp32:mkspiffs@0.2.3"
time="2026-02-04T16:52:45Z" level=info msg="Tool required for debug" tool="esp32:openocd-esp32@v0.12.0-esp32-20251215"
time="2026-02-04T16:52:45Z" level=info msg="Tool required for debug" tool="esp32:riscv32-esp-elf-gdb@16.3_20250913"
time="2026-02-04T16:52:45Z" level=info msg="Tool required for debug" tool="esp32:xtensa-esp-elf-gdb@16.3_20250913"
time="2026-02-04T16:52:45Z" level=info msg="Tool required for debug" tool="builtin:serial-monitor@0.15.0"
time="2026-02-04T16:52:45Z" level=info msg="Tool required for debug" tool="arduino:arduinoOTA@1.3.0"
time="2026-02-04T16:52:45Z" level=info msg="Tool required for debug" tool="arduino:avr-gcc@7.3.0-atmel3.6.1-arduino7"
time="2026-02-04T16:52:45Z" level=info msg="Tool required for debug" tool="builtin:ctags@5.8-arduino11"
time="2026-02-04T16:52:45Z" level=info msg="Tool required for debug" tool="builtin:mdns-discovery@1.0.12"
time="2026-02-04T16:52:45Z" level=info msg="Tool required for debug" tool="arduino:avrdude@8.0.0-arduino1"
time="2026-02-04T16:52:45Z" level=info msg="Tool required for debug" tool="builtin:dfu-discovery@0.1.2"
time="2026-02-04T16:52:45Z" level=info msg="Tool required for debug" tool="builtin:serial-discovery@1.4.3"
time="2026-02-04T16:52:45Z" level=info msg="Tool required for debug" tool="arduino:dfu-util@0.11.0-arduino5"
time="2026-02-04T16:52:45Z" level=info msg="Tool required for debug" tool="esp32:esp-rv32@2511"
time="2026-02-04T16:52:45Z" level=info msg="Tool required for debug" tool="esp32:esp-x32@2511"
time="2026-02-04T16:52:45Z" level=info msg="Tool required for debug" tool="esp32:esp32-libs@3.3.6"
time="2026-02-04T16:52:45Z" level=info msg="Tool required for debug" tool="esp32:esp32c3-libs@3.3.6"
time="2026-02-04T16:52:45Z" level=info msg="Tool required for debug" tool="esp32:esp32c5-libs@3.3.6"
time="2026-02-04T16:52:45Z" level=info msg="Tool required for debug" tool="esp32:esp32c6-libs@3.3.6"
time="2026-02-04T16:52:45Z" level=info msg="Tool required for debug" tool="esp32:esp32h2-libs@3.3.6"
time="2026-02-04T16:52:45Z" level=info msg="Tool required for debug" tool="esp32:esp32p4-libs@3.3.6"
time="2026-02-04T16:52:45Z" level=info msg="Tool required for debug" tool="esp32:esp32p4_es-libs@3.3.6"
time="2026-02-04T16:52:45Z" level=info msg="Tool required for debug" tool="esp32:esp32s2-libs@3.3.6"
time="2026-02-04T16:52:45Z" level=info msg="Tool required for debug" tool="esp32:esp32s3-libs@3.3.6"
time="2026-02-04T16:52:45Z" level=info msg="Tool required for debug" tool="esp32:esptool_py@5.1.0"
time="2026-02-04T16:52:45Z" level=info msg="Tool required for debug" tool="esp32:mklittlefs@4.0.2-db0513a"
time="2026-02-04T16:52:45Z" level=info msg="Tool required for debug" tool="esp32:mkspiffs@0.2.3"
time="2026-02-04T16:52:45Z" level=info msg="Tool required for debug" tool="esp32:openocd-esp32@v0.12.0-esp32-20251215"
time="2026-02-04T16:52:45Z" level=info msg="Tool required for debug" tool="esp32:riscv32-esp-elf-gdb@16.3_20250913"
time="2026-02-04T16:52:45Z" level=info msg="Tool required for debug" tool="esp32:xtensa-esp-elf-gdb@16.3_20250913"
time="2026-02-04T16:52:45Z" level=info msg="Tool required for debug" tool="builtin:dfu-discovery@0.1.2"
time="2026-02-04T16:52:45Z" level=info msg="Tool required for debug" tool="builtin:ctags@5.8-arduino11"
time="2026-02-04T16:52:45Z" level=info msg="Tool required for debug" tool="builtin:mdns-discovery@1.0.12"
time="2026-02-04T16:52:45Z" level=info msg="Tool required for debug" tool="arduino:arduinoOTA@1.3.0"
time="2026-02-04T16:52:45Z" level=info msg="Tool required for debug" tool="arduino:avrdude@8.0.0-arduino1"
time="2026-02-04T16:52:45Z" level=info msg="Tool required for debug" tool="arduino:avr-gcc@7.3.0-atmel3.6.1-arduino7"
time="2026-02-04T16:52:45Z" level=info msg="Tool required for debug" tool="builtin:serial-discovery@1.4.3"
time="2026-02-04T16:52:45Z" level=info msg="Tool required for debug" tool="builtin:serial-monitor@0.15.0"
time="2026-02-04T16:52:45Z" level=info msg="Tool required for debug" tool="arduino:dfu-util@0.11.0-arduino5"
time="2026-02-04T16:52:45Z" level=info msg="Tool required for debug" tool="esp32:esp-rv32@2511"
time="2026-02-04T16:52:45Z" level=info msg="Tool required for debug" tool="esp32:esp-x32@2511"
time="2026-02-04T16:52:45Z" level=info msg="Tool required for debug" tool="esp32:esp32-libs@3.3.6"
time="2026-02-04T16:52:45Z" level=info msg="Tool required for debug" tool="esp32:esp32c3-libs@3.3.6"
time="2026-02-04T16:52:45Z" level=info msg="Tool required for debug" tool="esp32:esp32c5-libs@3.3.6"
time="2026-02-04T16:52:45Z" level=info msg="Tool required for debug" tool="esp32:esp32c6-libs@3.3.6"
time="2026-02-04T16:52:45Z" level=info msg="Tool required for debug" tool="esp32:esp32h2-libs@3.3.6"
time="2026-02-04T16:52:45Z" level=info msg="Tool required for debug" tool="esp32:esp32p4-libs@3.3.6"
time="2026-02-04T16:52:45Z" level=info msg="Tool required for debug" tool="esp32:esp32p4_es-libs@3.3.6"
time="2026-02-04T16:52:45Z" level=info msg="Tool required for debug" tool="esp32:esp32s2-libs@3.3.6"
time="2026-02-04T16:52:45Z" level=info msg="Tool required for debug" tool="esp32:esp32s3-libs@3.3.6"
time="2026-02-04T16:52:45Z" level=info msg="Tool required for debug" tool="esp32:esptool_py@5.1.0"
time="2026-02-04T16:52:45Z" level=info msg="Tool required for debug" tool="esp32:mklittlefs@4.0.2-db0513a"
time="2026-02-04T16:52:45Z" level=info msg="Tool required for debug" tool="esp32:mkspiffs@0.2.3"
time="2026-02-04T16:52:45Z" level=info msg="Tool required for debug" tool="esp32:openocd-esp32@v0.12.0-esp32-20251215"
time="2026-02-04T16:52:45Z" level=info msg="Tool required for debug" tool="esp32:riscv32-esp-elf-gdb@16.3_20250913"
time="2026-02-04T16:52:45Z" level=info msg="Tool required for debug" tool="esp32:xtensa-esp-elf-gdb@16.3_20250913"
time="2026-02-04T16:52:45Z" level=info msg="Tool required for debug" tool="arduino:avrdude@8.0.0-arduino1"
time="2026-02-04T16:52:45Z" level=info msg="Tool required for debug" tool="builtin:ctags@5.8-arduino11"
time="2026-02-04T16:52:45Z" level=info msg="Tool required for debug" tool="builtin:mdns-discovery@1.0.12"
time="2026-02-04T16:52:45Z" level=info msg="Tool required for debug" tool="builtin:serial-discovery@1.4.3"
time="2026-02-04T16:52:45Z" level=info msg="Tool required for debug" tool="arduino:avr-gcc@7.3.0-atmel3.6.1-arduino7"
time="2026-02-04T16:52:45Z" level=info msg="Tool required for debug" tool="builtin:serial-monitor@0.15.0"
time="2026-02-04T16:52:45Z" level=info msg="Tool required for debug" tool="arduino:arduinoOTA@1.3.0"
time="2026-02-04T16:52:45Z" level=info msg="Tool required for debug" tool="builtin:dfu-discovery@0.1.2"
time="2026-02-04T16:52:45Z" level=info msg="Tool required for debug" tool="arduino:dfu-util@0.11.0-arduino5"
time="2026-02-04T16:52:45Z" level=info msg="Tool required for debug" tool="esp32:esp-rv32@2511"
time="2026-02-04T16:52:45Z" level=info msg="Tool required for debug" tool="esp32:esp-x32@2511"
time="2026-02-04T16:52:45Z" level=info msg="Tool required for debug" tool="esp32:esp32-libs@3.3.6"
time="2026-02-04T16:52:45Z" level=info msg="Tool required for debug" tool="esp32:esp32c3-libs@3.3.6"
time="2026-02-04T16:52:45Z" level=info msg="Tool required for debug" tool="esp32:esp32c5-libs@3.3.6"
time="2026-02-04T16:52:45Z" level=info msg="Tool required for debug" tool="esp32:esp32c6-libs@3.3.6"
time="2026-02-04T16:52:45Z" level=info msg="Tool required for debug" tool="esp32:esp32h2-libs@3.3.6"
time="2026-02-04T16:52:45Z" level=info msg="Tool required for debug" tool="esp32:esp32p4-libs@3.3.6"
time="2026-02-04T16:52:45Z" level=info msg="Tool required for debug" tool="esp32:esp32p4_es-libs@3.3.6"
time="2026-02-04T16:52:45Z" level=info msg="Tool required for debug" tool="esp32:esp32s2-libs@3.3.6"
time="2026-02-04T16:52:45Z" level=info msg="Tool required for debug" tool="esp32:esp32s3-libs@3.3.6"
time="2026-02-04T16:52:45Z" level=info msg="Tool required for debug" tool="esp32:esptool_py@5.1.0"
time="2026-02-04T16:52:45Z" level=info msg="Tool required for debug" tool="esp32:mklittlefs@4.0.2-db0513a"
time="2026-02-04T16:52:45Z" level=info msg="Tool required for debug" tool="esp32:mkspiffs@0.2.3"
time="2026-02-04T16:52:45Z" level=info msg="Tool required for debug" tool="esp32:openocd-esp32@v0.12.0-esp32-20251215"
time="2026-02-04T16:52:45Z" level=info msg="Tool required for debug" tool="esp32:riscv32-esp-elf-gdb@16.3_20250913"
time="2026-02-04T16:52:45Z" level=info msg="Tool required for debug" tool="esp32:xtensa-esp-elf-gdb@16.3_20250913"
time="2026-02-04T16:52:45Z" level=info msg="Tool required for debug" tool="arduino:arduinoOTA@1.3.0"
time="2026-02-04T16:52:45Z" level=info msg="Tool required for debug" tool="builtin:mdns-discovery@1.0.12"
time="2026-02-04T16:52:45Z" level=info msg="Tool required for debug" tool="builtin:serial-monitor@0.15.0"
time="2026-02-04T16:52:45Z" level=info msg="Tool required for debug" tool="builtin:serial-discovery@1.4.3"
time="2026-02-04T16:52:45Z" level=info msg="Tool required for debug" tool="builtin:dfu-discovery@0.1.2"
time="2026-02-04T16:52:45Z" level=info msg="Tool required for debug" tool="builtin:ctags@5.8-arduino11"
time="2026-02-04T16:52:45Z" level=info msg="Tool required for debug" tool="arduino:avrdude@8.0.0-arduino1"
time="2026-02-04T16:52:45Z" level=info msg="Tool required for debug" tool="arduino:avr-gcc@7.3.0-atmel3.6.1-arduino7"
time="2026-02-04T16:52:45Z" level=info msg="Tool required for debug" tool="arduino:dfu-util@0.11.0-arduino5"
time="2026-02-04T16:52:45Z" level=info msg="Tool required for debug" tool="esp32:esp-rv32@2511"
time="2026-02-04T16:52:45Z" level=info msg="Tool required for debug" tool="esp32:esp-x32@2511"
time="2026-02-04T16:52:45Z" level=info msg="Tool required for debug" tool="esp32:esp32-libs@3.3.6"
time="2026-02-04T16:52:45Z" level=info msg="Tool required for debug" tool="esp32:esp32c3-libs@3.3.6"
time="2026-02-04T16:52:45Z" level=info msg="Tool required for debug" tool="esp32:esp32c5-libs@3.3.6"
time="2026-02-04T16:52:45Z" level=info msg="Tool required for debug" tool="esp32:esp32c6-libs@3.3.6"
time="2026-02-04T16:52:45Z" level=info msg="Tool required for debug" tool="esp32:esp32h2-libs@3.3.6"
time="2026-02-04T16:52:45Z" level=info msg="Tool required for debug" tool="esp32:esp32p4-libs@3.3.6"
time="2026-02-04T16:52:45Z" level=info msg="Tool required for debug" tool="esp32:esp32p4_es-libs@3.3.6"
time="2026-02-04T16:52:45Z" level=info msg="Tool required for debug" tool="esp32:esp32s2-libs@3.3.6"
time="2026-02-04T16:52:45Z" level=info msg="Tool required for debug" tool="esp32:esp32s3-libs@3.3.6"
time="2026-02-04T16:52:45Z" level=info msg="Tool required for debug" tool="esp32:esptool_py@5.1.0"
time="2026-02-04T16:52:45Z" level=info msg="Tool required for debug" tool="esp32:mklittlefs@4.0.2-db0513a"
time="2026-02-04T16:52:45Z" level=info msg="Tool required for debug" tool="esp32:mkspiffs@0.2.3"
time="2026-02-04T16:52:45Z" level=info msg="Tool required for debug" tool="esp32:openocd-esp32@v0.12.0-esp32-20251215"
time="2026-02-04T16:52:45Z" level=info msg="Tool required for debug" tool="esp32:riscv32-esp-elf-gdb@16.3_20250913"
time="2026-02-04T16:52:45Z" level=info msg="Tool required for debug" tool="esp32:xtensa-esp-elf-gdb@16.3_20250913"
time="2026-02-04T16:52:45Z" level=info msg="Tool required for debug" tool="builtin:serial-discovery@1.4.3"
time="2026-02-04T16:52:45Z" level=info msg="Tool required for debug" tool="arduino:arduinoOTA@1.3.0"
time="2026-02-04T16:52:45Z" level=info msg="Tool required for debug" tool="arduino:avrdude@8.0.0-arduino1"
time="2026-02-04T16:52:45Z" level=info msg="Tool required for debug" tool="builtin:mdns-discovery@1.0.12"
time="2026-02-04T16:52:45Z" level=info msg="Tool required for debug" tool="builtin:dfu-discovery@0.1.2"
time="2026-02-04T16:52:45Z" level=info msg="Tool required for debug" tool="arduino:avr-gcc@7.3.0-atmel3.6.1-arduino7"
time="2026-02-04T16:52:45Z" level=info msg="Tool required for debug" tool="builtin:ctags@5.8-arduino11"
time="2026-02-04T16:52:45Z" level=info msg="Tool required for debug" tool="builtin:serial-monitor@0.15.0"
time="2026-02-04T16:52:45Z" level=info msg="Tool required for debug" tool="arduino:dfu-util@0.11.0-arduino5"
time="2026-02-04T16:52:45Z" level=info msg="Tool required for debug" tool="esp32:esp-rv32@2511"
time="2026-02-04T16:52:45Z" level=info msg="Tool required for debug" tool="esp32:esp-x32@2511"
time="2026-02-04T16:52:45Z" level=info msg="Tool required for debug" tool="esp32:esp32-libs@3.3.6"
time="2026-02-04T16:52:45Z" level=info msg="Tool required for debug" tool="esp32:esp32c3-libs@3.3.6"
time="2026-02-04T16:52:45Z" level=info msg="Tool required for debug" tool="esp32:esp32c5-libs@3.3.6"
time="2026-02-04T16:52:45Z" level=info msg="Tool required for debug" tool="esp32:esp32c6-libs@3.3.6"
time="2026-02-04T16:52:45Z" level=info msg="Tool required for debug" tool="esp32:esp32h2-libs@3.3.6"
time="2026-02-04T16:52:45Z" level=info msg="Tool required for debug" tool="esp32:esp32p4-libs@3.3.6"
time="2026-02-04T16:52:45Z" level=info msg="Tool required for debug" tool="esp32:esp32p4_es-libs@3.3.6"
time="2026-02-04T16:52:45Z" level=info msg="Tool required for debug" tool="esp32:esp32s2-libs@3.3.6"
time="2026-02-04T16:52:45Z" level=info msg="Tool required for debug" tool="esp32:esp32s3-libs@3.3.6"
time="2026-02-04T16:52:45Z" level=info msg="Tool required for debug" tool="esp32:esptool_py@5.1.0"
time="2026-02-04T16:52:45Z" level=info msg="Tool required for debug" tool="esp32:mklittlefs@4.0.2-db0513a"
time="2026-02-04T16:52:45Z" level=info msg="Tool required for debug" tool="esp32:mkspiffs@0.2.3"
time="2026-02-04T16:52:45Z" level=info msg="Tool required for debug" tool="esp32:openocd-esp32@v0.12.0-esp32-20251215"
time="2026-02-04T16:52:45Z" level=info msg="Tool required for debug" tool="esp32:riscv32-esp-elf-gdb@16.3_20250913"
time="2026-02-04T16:52:45Z" level=info msg="Tool required for debug" tool="esp32:xtensa-esp-elf-gdb@16.3_20250913"
time="2026-02-04T16:52:45Z" level=info msg="Tool required for debug" tool="builtin:ctags@5.8-arduino11"
time="2026-02-04T16:52:45Z" level=info msg="Tool required for debug" tool="builtin:mdns-discovery@1.0.12"
time="2026-02-04T16:52:45Z" level=info msg="Tool required for debug" tool="builtin:serial-discovery@1.4.3"
time="2026-02-04T16:52:45Z" level=info msg="Tool required for debug" tool="arduino:arduinoOTA@1.3.0"
time="2026-02-04T16:52:45Z" level=info msg="Tool required for debug" tool="arduino:avrdude@8.0.0-arduino1"
time="2026-02-04T16:52:45Z" level=info msg="Tool required for debug" tool="builtin:dfu-discovery@0.1.2"
time="2026-02-04T16:52:45Z" level=info msg="Tool required for debug" tool="builtin:serial-monitor@0.15.0"
time="2026-02-04T16:52:45Z" level=info msg="Tool required for debug" tool="arduino:avr-gcc@7.3.0-atmel3.6.1-arduino7"
time="2026-02-04T16:52:45Z" level=info msg="Tool required for debug" tool="arduino:dfu-util@0.11.0-arduino5"
time="2026-02-04T16:52:45Z" level=info msg="Tool required for debug" tool="esp32:esp-rv32@2511"
time="2026-02-04T16:52:45Z" level=info msg="Tool required for debug" tool="esp32:esp-x32@2511"
time="2026-02-04T16:52:45Z" level=info msg="Tool required for debug" tool="esp32:esp32-libs@3.3.6"
time="2026-02-04T16:52:45Z" level=info msg="Tool required for debug" tool="esp32:esp32c3-libs@3.3.6"
time="2026-02-04T16:52:45Z" level=info msg="Tool required for debug" tool="esp32:esp32c5-libs@3.3.6"
time="2026-02-04T16:52:45Z" level=info msg="Tool required for debug" tool="esp32:esp32c6-libs@3.3.6"
time="2026-02-04T16:52:45Z" level=info msg="Tool required for debug" tool="esp32:esp32h2-libs@3.3.6"
time="2026-02-04T16:52:45Z" level=info msg="Tool required for debug" tool="esp32:esp32p4-libs@3.3.6"
time="2026-02-04T16:52:45Z" level=info msg="Tool required for debug" tool="esp32:esp32p4_es-libs@3.3.6"
time="2026-02-04T16:52:45Z" level=info msg="Tool required for debug" tool="esp32:esp32s2-libs@3.3.6"
time="2026-02-04T16:52:45Z" level=info msg="Tool required for debug" tool="esp32:esp32s3-libs@3.3.6"
time="2026-02-04T16:52:45Z" level=info msg="Tool required for debug" tool="esp32:esptool_py@5.1.0"
time="2026-02-04T16:52:45Z" level=info msg="Tool required for debug" tool="esp32:mklittlefs@4.0.2-db0513a"
time="2026-02-04T16:52:45Z" level=info msg="Tool required for debug" tool="esp32:mkspiffs@0.2.3"
time="2026-02-04T16:52:45Z" level=info msg="Tool required for debug" tool="esp32:openocd-esp32@v0.12.0-esp32-20251215"
time="2026-02-04T16:52:45Z" level=info msg="Tool required for debug" tool="esp32:riscv32-esp-elf-gdb@16.3_20250913"
time="2026-02-04T16:52:45Z" level=info msg="Tool required for debug" tool="esp32:xtensa-esp-elf-gdb@16.3_20250913"
time="2026-02-04T16:52:45Z" level=info msg="Tool required for debug" tool="arduino:avr-gcc@7.3.0-atmel3.6.1-arduino7"
time="2026-02-04T16:52:45Z" level=info msg="Tool required for debug" tool="builtin:dfu-discovery@0.1.2"
time="2026-02-04T16:52:45Z" level=info msg="Tool required for debug" tool="arduino:avrdude@8.0.0-arduino1"
time="2026-02-04T16:52:45Z" level=info msg="Tool required for debug" tool="builtin:serial-discovery@1.4.3"
time="2026-02-04T16:52:45Z" level=info msg="Tool required for debug" tool="arduino:arduinoOTA@1.3.0"
time="2026-02-04T16:52:45Z" level=info msg="Tool required for debug" tool="builtin:mdns-discovery@1.0.12"
time="2026-02-04T16:52:45Z" level=info msg="Tool required for debug" tool="builtin:serial-monitor@0.15.0"
time="2026-02-04T16:52:45Z" level=info msg="Tool required for debug" tool="builtin:ctags@5.8-arduino11"
time="2026-02-04T16:52:45Z" level=info msg="Tool required for debug" tool="arduino:dfu-util@0.11.0-arduino5"
time="2026-02-04T16:52:45Z" level=info msg="Tool required for debug" tool="esp32:esp-rv32@2511"
time="2026-02-04T16:52:45Z" level=info msg="Tool required for debug" tool="esp32:esp-x32@2511"
time="2026-02-04T16:52:45Z" level=info msg="Tool required for debug" tool="esp32:esp32-libs@3.3.6"
time="2026-02-04T16:52:45Z" level=info msg="Tool required for debug" tool="esp32:esp32c3-libs@3.3.6"
time="2026-02-04T16:52:45Z" level=info msg="Tool required for debug" tool="esp32:esp32c5-libs@3.3.6"
time="2026-02-04T16:52:45Z" level=info msg="Tool required for debug" tool="esp32:esp32c6-libs@3.3.6"
time="2026-02-04T16:52:45Z" level=info msg="Tool required for debug" tool="esp32:esp32h2-libs@3.3.6"
time="2026-02-04T16:52:45Z" level=info msg="Tool required for debug" tool="esp32:esp32p4-libs@3.3.6"
time="2026-02-04T16:52:45Z" level=info msg="Tool required for debug" tool="esp32:esp32p4_es-libs@3.3.6"
time="2026-02-04T16:52:45Z" level=info msg="Tool required for debug" tool="esp32:esp32s2-libs@3.3.6"
time="2026-02-04T16:52:45Z" level=info msg="Tool required for debug" tool="esp32:esp32s3-libs@3.3.6"
time="2026-02-04T16:52:45Z" level=info msg="Tool required for debug" tool="esp32:esptool_py@5.1.0"
time="2026-02-04T16:52:45Z" level=info msg="Tool required for debug" tool="esp32:mklittlefs@4.0.2-db0513a"
time="2026-02-04T16:52:45Z" level=info msg="Tool required for debug" tool="esp32:mkspiffs@0.2.3"
time="2026-02-04T16:52:45Z" level=info msg="Tool required for debug" tool="esp32:openocd-esp32@v0.12.0-esp32-20251215"
time="2026-02-04T16:52:45Z" level=info msg="Tool required for debug" tool="esp32:riscv32-esp-elf-gdb@16.3_20250913"
time="2026-02-04T16:52:45Z" level=info msg="Tool required for debug" tool="esp32:xtensa-esp-elf-gdb@16.3_20250913"
time="2026-02-04T16:52:45Z" level=info msg="Tool required for debug" tool="builtin:dfu-discovery@0.1.2"
time="2026-02-04T16:52:45Z" level=info msg="Tool required for debug" tool="builtin:mdns-discovery@1.0.12"
time="2026-02-04T16:52:45Z" level=info msg="Tool required for debug" tool="arduino:avr-gcc@7.3.0-atmel3.6.1-arduino7"
time="2026-02-04T16:52:45Z" level=info msg="Tool required for debug" tool="arduino:arduinoOTA@1.3.0"
time="2026-02-04T16:52:45Z" level=info msg="Tool required for debug" tool="builtin:ctags@5.8-arduino11"
time="2026-02-04T16:52:45Z" level=info msg="Tool required for debug" tool="arduino:avrdude@8.0.0-arduino1"
time="2026-02-04T16:52:45Z" level=info msg="Tool required for debug" tool="builtin:serial-discovery@1.4.3"
time="2026-02-04T16:52:45Z" level=info msg="Tool required for debug" tool="builtin:serial-monitor@0.15.0"
time="2026-02-04T16:52:45Z" level=info msg="Tool required for debug" tool="arduino:dfu-util@0.11.0-arduino5"
time="2026-02-04T16:52:45Z" level=info msg="Tool required for debug" tool="esp32:esp-rv32@2511"
time="2026-02-04T16:52:45Z" level=info msg="Tool required for debug" tool="esp32:esp-x32@2511"
time="2026-02-04T16:52:45Z" level=info msg="Tool required for debug" tool="esp32:esp32-libs@3.3.6"
time="2026-02-04T16:52:45Z" level=info msg="Tool required for debug" tool="esp32:esp32c3-libs@3.3.6"
time="2026-02-04T16:52:45Z" level=info msg="Tool required for debug" tool="esp32:esp32c5-libs@3.3.6"
time="2026-02-04T16:52:45Z" level=info msg="Tool required for debug" tool="esp32:esp32c6-libs@3.3.6"
time="2026-02-04T16:52:45Z" level=info msg="Tool required for debug" tool="esp32:esp32h2-libs@3.3.6"
time="2026-02-04T16:52:45Z" level=info msg="Tool required for debug" tool="esp32:esp32p4-libs@3.3.6"
time="2026-02-04T16:52:45Z" level=info msg="Tool required for debug" tool="esp32:esp32p4_es-libs@3.3.6"
time="2026-02-04T16:52:45Z" level=info msg="Tool required for debug" tool="esp32:esp32s2-libs@3.3.6"
time="2026-02-04T16:52:45Z" level=info msg="Tool required for debug" tool="esp32:esp32s3-libs@3.3.6"
time="2026-02-04T16:52:45Z" level=info msg="Tool required for debug" tool="esp32:esptool_py@5.1.0"
time="2026-02-04T16:52:45Z" level=info msg="Tool required for debug" tool="esp32:mklittlefs@4.0.2-db0513a"
time="2026-02-04T16:52:45Z" level=info msg="Tool required for debug" tool="esp32:mkspiffs@0.2.3"
time="2026-02-04T16:52:45Z" level=info msg="Tool required for debug" tool="esp32:openocd-esp32@v0.12.0-esp32-20251215"
time="2026-02-04T16:52:45Z" level=info msg="Tool required for debug" tool="esp32:riscv32-esp-elf-gdb@16.3_20250913"
time="2026-02-04T16:52:45Z" level=info msg="Tool required for debug" tool="esp32:xtensa-esp-elf-gdb@16.3_20250913"
time="2026-02-04T16:52:45Z" level=info msg="Tool required for debug" tool="builtin:ctags@5.8-arduino11"
time="2026-02-04T16:52:45Z" level=info msg="Tool required for debug" tool="builtin:dfu-discovery@0.1.2"
time="2026-02-04T16:52:45Z" level=info msg="Tool required for debug" tool="arduino:avrdude@8.0.0-arduino1"
time="2026-02-04T16:52:45Z" level=info msg="Tool required for debug" tool="builtin:mdns-discovery@1.0.12"
time="2026-02-04T16:52:45Z" level=info msg="Tool required for debug" tool="builtin:serial-discovery@1.4.3"
time="2026-02-04T16:52:45Z" level=info msg="Tool required for debug" tool="builtin:serial-monitor@0.15.0"
time="2026-02-04T16:52:45Z" level=info msg="Tool required for debug" tool="arduino:avr-gcc@7.3.0-atmel3.6.1-arduino7"
time="2026-02-04T16:52:45Z" level=info msg="Tool required for debug" tool="arduino:arduinoOTA@1.3.0"
time="2026-02-04T16:52:45Z" level=info msg="Tool required for debug" tool="arduino:dfu-util@0.11.0-arduino5"
time="2026-02-04T16:52:45Z" level=info msg="Tool required for debug" tool="esp32:esp-rv32@2511"
time="2026-02-04T16:52:45Z" level=info msg="Tool required for debug" tool="esp32:esp-x32@2511"
time="2026-02-04T16:52:45Z" level=info msg="Tool required for debug" tool="esp32:esp32-libs@3.3.6"
time="2026-02-04T16:52:45Z" level=info msg="Tool required for debug" tool="esp32:esp32c3-libs@3.3.6"
time="2026-02-04T16:52:45Z" level=info msg="Tool required for debug" tool="esp32:esp32c5-libs@3.3.6"
time="2026-02-04T16:52:45Z" level=info msg="Tool required for debug" tool="esp32:esp32c6-libs@3.3.6"
time="2026-02-04T16:52:45Z" level=info msg="Tool required for debug" tool="esp32:esp32h2-libs@3.3.6"
time="2026-02-04T16:52:45Z" level=info msg="Tool required for debug" tool="esp32:esp32p4-libs@3.3.6"
time="2026-02-04T16:52:45Z" level=info msg="Tool required for debug" tool="esp32:esp32p4_es-libs@3.3.6"
time="2026-02-04T16:52:45Z" level=info msg="Tool required for debug" tool="esp32:esp32s2-libs@3.3.6"
time="2026-02-04T16:52:45Z" level=info msg="Tool required for debug" tool="esp32:esp32s3-libs@3.3.6"
time="2026-02-04T16:52:45Z" level=info msg="Tool required for debug" tool="esp32:esptool_py@5.1.0"
time="2026-02-04T16:52:45Z" level=info msg="Tool required for debug" tool="esp32:mklittlefs@4.0.2-db0513a"
time="2026-02-04T16:52:45Z" level=info msg="Tool required for debug" tool="esp32:mkspiffs@0.2.3"
time="2026-02-04T16:52:45Z" level=info msg="Tool required for debug" tool="esp32:openocd-esp32@v0.12.0-esp32-20251215"
time="2026-02-04T16:52:45Z" level=info msg="Tool required for debug" tool="esp32:riscv32-esp-elf-gdb@16.3_20250913"
time="2026-02-04T16:52:45Z" level=info msg="Tool required for debug" tool="esp32:xtensa-esp-elf-gdb@16.3_20250913"
time="2026-02-04T16:52:45Z" level=info msg="Tool required for debug" tool="builtin:ctags@5.8-arduino11"
2026-02-04 16:52:45 2026-02-04T16:52:45.495Z root INFO Starting language server: esp32:esp32:esp32s3:UploadSpeed=115200,USBMode=hwcdc,CDCOnBoot=cdc,MSCOnBoot=default,DFUOnBoot=default,UploadMode=default,CPUFreq=240,FlashMode=qio,FlashSize=32M,PartitionScheme=default,DebugLevel=none,PSRAM=disabled,LoopCore=1,EventsCore=1,EraseFlash=none,JTAGAdapter=default,ZigbeeMode=default
2026-02-04 16:52:45 2026-02-04T16:52:45.495Z daemon INFO time="2026-02-04T16:52:45Z" level=info msg="Tool required for debug" tool="builtin:serial-monitor@0.15.0"
time="2026-02-04T16:52:45Z" level=info msg="Tool required for debug" tool="arduino:avr-gcc@7.3.0-atmel3.6.1-arduino7"
time="2026-02-04T16:52:45Z" level=info msg="Tool required for debug" tool="builtin:dfu-discovery@0.1.2"
time="2026-02-04T16:52:45Z" level=info msg="Tool required for debug" tool="builtin:mdns-discovery@1.0.12"
time="2026-02-04T16:52:45Z" level=info msg="Tool required for debug" tool="builtin:serial-discovery@1.4.3"
time="2026-02-04T16:52:45Z" level=info msg="Tool required for debug" tool="arduino:arduinoOTA@1.3.0"
time="2026-02-04T16:52:45Z" level=info msg="Tool required for debug" tool="arduino:avrdude@8.0.0-arduino1"
2026-02-04 16:52:45 2026-02-04T16:52:45.496Z daemon INFO time="2026-02-04T16:52:45Z" level=info msg="Tool required for debug" tool="arduino:dfu-util@0.11.0-arduino5"
time="2026-02-04T16:52:45Z" level=info msg="Tool required for debug" tool="esp32:esp-rv32@2511"
time="2026-02-04T16:52:45Z" level=info msg="Tool required for debug" tool="esp32:esp-x32@2511"
2026-02-04 16:52:45 2026-02-04T16:52:45.496Z daemon INFO time="2026-02-04T16:52:45Z" level=info msg="Tool required for debug" tool="esp32:esp32-libs@3.3.6"
time="2026-02-04T16:52:45Z" level=info msg="Tool required for debug" tool="esp32:esp32c3-libs@3.3.6"
time="2026-02-04T16:52:45Z" level=info msg="Tool required for debug" tool="esp32:esp32c5-libs@3.3.6"
time="2026-02-04T16:52:45Z" level=info msg="Tool required for debug" tool="esp32:esp32c6-libs@3.3.6"
time="2026-02-04T16:52:45Z" level=info msg="Tool required for debug" tool="esp32:esp32h2-libs@3.3.6"
time="2026-02-04T16:52:45Z" level=info msg="Tool required for debug" tool="esp32:esp32p4-libs@3.3.6"
time="2026-02-04T16:52:45Z" level=info msg="Tool required for debug" tool="esp32:esp32p4_es-libs@3.3.6"
time="2026-02-04T16:52:45Z" level=info msg="Tool required for debug" tool="esp32:esp32s2-libs@3.3.6"
time="2026-02-04T16:52:45Z" level=info msg="Tool required for debug" tool="esp32:esp32s3-libs@3.3.6"
time="2026-02-04T16:52:45Z" level=info msg="Tool required for debug" tool="esp32:esptool_py@5.1.0"
time="2026-02-04T16:52:45Z" level=info msg="Tool required for debug" tool="esp32:mklittlefs@4.0.2-db0513a"
2026-02-04 16:52:45 2026-02-04T16:52:45.496Z daemon INFO time="2026-02-04T16:52:45Z" level=info msg="Tool required for debug" tool="esp32:mkspiffs@0.2.3"
time="2026-02-04T16:52:45Z" level=info msg="Tool required for debug" tool="esp32:openocd-esp32@v0.12.0-esp32-20251215"
time="2026-02-04T16:52:45Z" level=info msg="Tool required for debug" tool="esp32:riscv32-esp-elf-gdb@16.3_20250913"
time="2026-02-04T16:52:45Z" level=info msg="Tool required for debug" tool="esp32:xtensa-esp-elf-gdb@16.3_20250913"
time="2026-02-04T16:52:45Z" level=info msg="Tool required for debug" tool="builtin:ctags@5.8-arduino11"
2026-02-04 16:52:45 2026-02-04T16:52:45.496Z daemon INFO time="2026-02-04T16:52:45Z" level=info msg="Tool required for debug" tool="builtin:mdns-discovery@1.0.12"
time="2026-02-04T16:52:45Z" level=info msg="Tool required for debug" tool="builtin:dfu-discovery@0.1.2"
time="2026-02-04T16:52:45Z" level=info msg="Tool required for debug" tool="builtin:serial-discovery@1.4.3"
2026-02-04 16:52:45 2026-02-04T16:52:45.496Z daemon INFO time="2026-02-04T16:52:45Z" level=info msg="Tool required for debug" tool="arduino:avrdude@8.0.0-arduino1"
time="2026-02-04T16:52:45Z" level=info msg="Tool required for debug" tool="builtin:serial-monitor@0.15.0"
time="2026-02-04T16:52:45Z" level=info msg="Tool required for debug" tool="arduino:arduinoOTA@1.3.0"
2026-02-04 16:52:45 2026-02-04T16:52:45.496Z daemon INFO time="2026-02-04T16:52:45Z" level=info msg="Tool required for debug" tool="arduino:avr-gcc@7.3.0-atmel3.6.1-arduino7"
2026-02-04 16:52:45 2026-02-04T16:52:45.499Z daemon INFO time="2026-02-04T16:52:45Z" level=info msg="Tool required for debug" tool="arduino:dfu-util@0.11.0-arduino5"
time="2026-02-04T16:52:45Z" level=info msg="Tool required for debug" tool="esp32:esp-rv32@2511"
time="2026-02-04T16:52:45Z" level=info msg="Tool required for debug" tool="esp32:esp-x32@2511"
time="2026-02-04T16:52:45Z" level=info msg="Tool required for debug" tool="esp32:esp32-libs@3.3.6"
time="2026-02-04T16:52:45Z" level=info msg="Tool required for debug" tool="esp32:esp32c3-libs@3.3.6"
time="2026-02-04T16:52:45Z" level=info msg="Tool required for debug" tool="esp32:esp32c5-libs@3.3.6"
time="2026-02-04T16:52:45Z" level=info msg="Tool required for debug" tool="esp32:esp32c6-libs@3.3.6"
time="2026-02-04T16:52:45Z" level=info msg="Tool required for debug" tool="esp32:esp32h2-libs@3.3.6"
time="2026-02-04T16:52:45Z" level=info msg="Tool required for debug" tool="esp32:esp32p4-libs@3.3.6"
time="2026-02-04T16:52:45Z" level=info msg="Tool required for debug" tool="esp32:esp32p4_es-libs@3.3.6"
time="2026-02-04T16:52:45Z" level=info msg="Tool required for debug" tool="esp32:esp32s2-libs@3.3.6"
time="2026-02-04T16:52:45Z" level=info msg="Tool required for debug" tool="esp32:esp32s3-libs@3.3.6"
time="2026-02-04T16:52:45Z" level=info msg="Tool required for debug" tool="esp32:esptool_py@5.1.0"
time="2026-02-04T16:52:45Z" level=info msg="Tool required for debug" tool="esp32:mklittlefs@4.0.2-db0513a"
time="2026-02-04T16:52:45Z" level=info msg="Tool required for debug" tool="esp32:mkspiffs@0.2.3"
time="2026-02-04T16:52:45Z" level=info msg="Tool required for debug" tool="esp32:openocd-esp32@v0.12.0-esp32-20251215"
time="2026-02-04T16:52:45Z" level=info msg="Tool required for debug" tool="esp32:riscv32-esp-elf-gdb@16.3_20250913"
time="2026-02-04T16:52:45Z" level=info msg="Tool required for debug" tool="esp32:xtensa-esp-elf-gdb@16.3_20250913"
time="2026-02-04T16:52:45Z" level=info msg="Tool required for debug" tool="arduino:arduinoOTA@1.3.0"
time="2026-02-04T16:52:45Z" level=info msg="Tool required for debug" tool="builtin:mdns-discovery@1.0.12"
time="2026-02-04T16:52:45Z" level=info msg="Tool required for debug" tool="builtin:serial-discovery@1.4.3"
time="2026-02-04T16:52:45Z" level=info msg="Tool required for debug" tool="arduino:avr-gcc@7.3.0-atmel3.6.1-arduino7"
time="2026-02-04T16:52:45Z" level=info msg="Tool required for debug" tool="arduino:avrdude@8.0.0-arduino1"
time="2026-02-04T16:52:45Z" level=info msg="Tool required for debug" tool="builtin:serial-monitor@0.15.0"
time="2026-02-04T16:52:45Z" level=info msg="Tool required for debug" tool="builtin:ctags@5.8-arduino11"
time="2026-02-04T16:52:45Z" level=info msg="Tool required for debug" tool="builtin:dfu-discovery@0.1.2"
2026-02-04 16:52:45 2026-02-04T16:52:45.500Z daemon INFO time="2026-02-04T16:52:45Z" level=info msg="Tool required for debug" tool="arduino:dfu-util@0.11.0-arduino5"
time="2026-02-04T16:52:45Z" level=info msg="Tool required for debug" tool="esp32:esp-rv32@2511"
time="2026-02-04T16:52:45Z" level=info msg="Tool required for debug" tool="esp32:esp-x32@2511"
time="2026-02-04T16:52:45Z" level=info msg="Tool required for debug" tool="esp32:esp32-libs@3.3.6"
time="2026-02-04T16:52:45Z" level=info msg="Tool required for debug" tool="esp32:esp32c3-libs@3.3.6"
time="2026-02-04T16:52:45Z" level=info msg="Tool required for debug" tool="esp32:esp32c5-libs@3.3.6"
time="2026-02-04T16:52:45Z" level=info msg="Tool required for debug" tool="esp32:esp32c6-libs@3.3.6"
time="2026-02-04T16:52:45Z" level=info msg="Tool required for debug" tool="esp32:esp32h2-libs@3.3.6"
time="2026-02-04T16:52:45Z" level=info msg="Tool required for debug" tool="esp32:esp32p4-libs@3.3.6"
time="2026-02-04T16:52:45Z" level=info msg="Tool required for debug" tool="esp32:esp32p4_es-libs@3.3.6"
time="2026-02-04T16:52:45Z" level=info msg="Tool required for debug" tool="esp32:esp32s2-libs@3.3.6"
time="2026-02-04T16:52:45Z" level=info msg="Tool required for debug" tool="esp32:esp32s3-libs@3.3.6"
time="2026-02-04T16:52:45Z" level=info msg="Tool required for debug" tool="esp32:esptool_py@5.1.0"
time="2026-02-04T16:52:45Z" level=info msg="Tool required for debug" tool="esp32:mklittlefs@4.0.2-db0513a"
time="2026-02-04T16:52:45Z" level=info msg="Tool required for debug" tool="esp32:mkspiffs@0.2.3"
time="2026-02-04T16:52:45Z" level=info msg="Tool required for debug" tool="esp32:openocd-esp32@v0.12.0-esp32-20251215"
2026-02-04 16:52:45 2026-02-04T16:52:45.500Z daemon INFO time="2026-02-04T16:52:45Z" level=info msg="Tool required for debug" tool="esp32:riscv32-esp-elf-gdb@16.3_20250913"
time="2026-02-04T16:52:45Z" level=info msg="Tool required for debug" tool="esp32:xtensa-esp-elf-gdb@16.3_20250913"
time="2026-02-04T16:52:45Z" level=info msg="Tool required for debug" tool="builtin:dfu-discovery@0.1.2"
time="2026-02-04T16:52:45Z" level=info msg="Tool required for debug" tool="builtin:serial-monitor@0.15.0"
time="2026-02-04T16:52:45Z" level=info msg="Tool required for debug" tool="builtin:serial-discovery@1.4.3"
time="2026-02-04T16:52:45Z" level=info msg="Tool required for debug" tool="arduino:avr-gcc@7.3.0-atmel3.6.1-arduino7"
time="2026-02-04T16:52:45Z" level=info msg="Tool required for debug" tool="builtin:mdns-discovery@1.0.12"
time="2026-02-04T16:52:45Z" level=info msg="Tool required for debug" tool="arduino:arduinoOTA@1.3.0"
time="2026-02-04T16:52:45Z" level=info msg="Tool required for debug" tool="arduino:avrdude@8.0.0-arduino1"
time="2026-02-04T16:52:45Z" level=info msg="Tool required for debug" tool="builtin:ctags@5.8-arduino11"
2026-02-04 16:52:45 2026-02-04T16:52:45.502Z daemon INFO time="2026-02-04T16:52:45Z" level=info msg="Tool required for debug" tool="arduino:dfu-util@0.11.0-arduino5"
time="2026-02-04T16:52:45Z" level=info msg="Tool required for debug" tool="esp32:esp-rv32@2511"
time="2026-02-04T16:52:45Z" level=info msg="Tool required for debug" tool="esp32:esp-x32@2511"
2026-02-04 16:52:45 2026-02-04T16:52:45.502Z daemon INFO time="2026-02-04T16:52:45Z" level=info msg="Tool required for debug" tool="esp32:esp32-libs@3.3.6"
time="2026-02-04T16:52:45Z" level=info msg="Tool required for debug" tool="esp32:esp32c3-libs@3.3.6"
time="2026-02-04T16:52:45Z" level=info msg="Tool required for debug" tool="esp32:esp32c5-libs@3.3.6"
time="2026-02-04T16:52:45Z" level=info msg="Tool required for debug" tool="esp32:esp32c6-libs@3.3.6"
time="2026-02-04T16:52:45Z" level=info msg="Tool required for debug" tool="esp32:esp32h2-libs@3.3.6"
time="2026-02-04T16:52:45Z" level=info msg="Tool required for debug" tool="esp32:esp32p4-libs@3.3.6"
time="2026-02-04T16:52:45Z" level=info msg="Tool required for debug" tool="esp32:esp32p4_es-libs@3.3.6"
time="2026-02-04T16:52:45Z" level=info msg="Tool required for debug" tool="esp32:esp32s2-libs@3.3.6"
time="2026-02-04T16:52:45Z" level=info msg="Tool required for debug" tool="esp32:esp32s3-libs@3.3.6"
time="2026-02-04T16:52:45Z" level=info msg="Tool required for debug" tool="esp32:esptool_py@5.1.0"
time="2026-02-04T16:52:45Z" level=info msg="Tool required for debug" tool="esp32:mklittlefs@4.0.2-db0513a"
2026-02-04 16:52:45 2026-02-04T16:52:45.502Z daemon INFO time="2026-02-04T16:52:45Z" level=info msg="Tool required for debug" tool="esp32:mkspiffs@0.2.3"
time="2026-02-04T16:52:45Z" level=info msg="Tool required for debug" tool="esp32:openocd-esp32@v0.12.0-esp32-20251215"
time="2026-02-04T16:52:45Z" level=info msg="Tool required for debug" tool="esp32:riscv32-esp-elf-gdb@16.3_20250913"
time="2026-02-04T16:52:45Z" level=info msg="Tool required for debug" tool="esp32:xtensa-esp-elf-gdb@16.3_20250913"
time="2026-02-04T16:52:45Z" level=info msg="Tool required for debug" tool="arduino:arduinoOTA@1.3.0"
time="2026-02-04T16:52:45Z" level=info msg="Tool required for debug" tool="arduino:avrdude@8.0.0-arduino1"
time="2026-02-04T16:52:45Z" level=info msg="Tool required for debug" tool="builtin:dfu-discovery@0.1.2"
2026-02-04 16:52:45 2026-02-04T16:52:45.502Z daemon INFO time="2026-02-04T16:52:45Z" level=info msg="Tool required for debug" tool="builtin:mdns-discovery@1.0.12"
time="2026-02-04T16:52:45Z" level=info msg="Tool required for debug" tool="builtin:serial-discovery@1.4.3"
time="2026-02-04T16:52:45Z" level=info msg="Tool required for debug" tool="arduino:avr-gcc@7.3.0-atmel3.6.1-arduino7"
time="2026-02-04T16:52:45Z" level=info msg="Tool required for debug" tool="builtin:ctags@5.8-arduino11"
2026-02-04 16:52:45 2026-02-04T16:52:45.502Z daemon INFO time="2026-02-04T16:52:45Z" level=info msg="Tool required for debug" tool="builtin:serial-monitor@0.15.0"
2026-02-04 16:52:45 2026-02-04T16:52:45.505Z daemon INFO time="2026-02-04T16:52:45Z" level=info msg="Tool required for debug" tool="arduino:dfu-util@0.11.0-arduino5"
2026-02-04 16:52:45 2026-02-04T16:52:45.505Z daemon INFO time="2026-02-04T16:52:45Z" level=info msg="Tool required for debug" tool="esp32:esp-rv32@2511"
time="2026-02-04T16:52:45Z" level=info msg="Tool required for debug" tool="esp32:esp-x32@2511"
time="2026-02-04T16:52:45Z" level=info msg="Tool required for debug" tool="esp32:esp32-libs@3.3.6"
time="2026-02-04T16:52:45Z" level=info msg="Tool required for debug" tool="esp32:esp32c3-libs@3.3.6"
time="2026-02-04T16:52:45Z" level=info msg="Tool required for debug" tool="esp32:esp32c5-libs@3.3.6"
2026-02-04 16:52:45 2026-02-04T16:52:45.505Z daemon INFO time="2026-02-04T16:52:45Z" level=info msg="Tool required for debug" tool="esp32:esp32c6-libs@3.3.6"
time="2026-02-04T16:52:45Z" level=info msg="Tool required for debug" tool="esp32:esp32h2-libs@3.3.6"
time="2026-02-04T16:52:45Z" level=info msg="Tool required for debug" tool="esp32:esp32p4-libs@3.3.6"
time="2026-02-04T16:52:45Z" level=info msg="Tool required for debug" tool="esp32:esp32p4_es-libs@3.3.6"
time="2026-02-04T16:52:45Z" level=info msg="Tool required for debug" tool="esp32:esp32s2-libs@3.3.6"
time="2026-02-04T16:52:45Z" level=info msg="Tool required for debug" tool="esp32:esp32s3-libs@3.3.6"
time="2026-02-04T16:52:45Z" level=info msg="Tool required for debug" tool="esp32:esptool_py@5.1.0"
time="2026-02-04T16:52:45Z" level=info msg="Tool required for debug" tool="esp32:mklittlefs@4.0.2-db0513a"
time="2026-02-04T16:52:45Z" level=info msg="Tool required for debug" tool="esp32:mkspiffs@0.2.3"
time="2026-02-04T16:52:45Z" level=info msg="Tool required for debug" tool="esp32:openocd-esp32@v0.12.0-esp32-20251215"
time="2026-02-04T16:52:45Z" level=info msg="Tool required for debug" tool="esp32:riscv32-esp-elf-gdb@16.3_20250913"
2026-02-04 16:52:45 2026-02-04T16:52:45.505Z daemon INFO time="2026-02-04T16:52:45Z" level=info msg="Tool required for debug" tool="esp32:xtensa-esp-elf-gdb@16.3_20250913"
time="2026-02-04T16:52:45Z" level=info msg="Tool required for debug" tool="builtin:ctags@5.8-arduino11"
time="2026-02-04T16:52:45Z" level=info msg="Tool required for debug" tool="arduino:arduinoOTA@1.3.0"
2026-02-04 16:52:45 2026-02-04T16:52:45.505Z daemon INFO time="2026-02-04T16:52:45Z" level=info msg="Tool required for debug" tool="builtin:dfu-discovery@0.1.2"
time="2026-02-04T16:52:45Z" level=info msg="Tool required for debug" tool="builtin:serial-monitor@0.15.0"
time="2026-02-04T16:52:45Z" level=info msg="Tool required for debug" tool="arduino:avr-gcc@7.3.0-atmel3.6.1-arduino7"
time="2026-02-04T16:52:45Z" level=info msg="Tool required for debug" tool="builtin:mdns-discovery@1.0.12"
time="2026-02-04T16:52:45Z" level=info msg="Tool required for debug" tool="builtin:serial-discovery@1.4.3"
time="2026-02-04T16:52:45Z" level=info msg="Tool required for debug" tool="arduino:avrdude@8.0.0-arduino1"
2026-02-04 16:52:45 2026-02-04T16:52:45.626Z root ERROR ---- !!!SLOW!!! DURATION: search took 452.990 ms. Args: [{"type":"Updatable"}] ----
2026-02-04 16:52:45 2026-02-04T16:52:45.627Z daemon INFO time="2026-02-04T16:52:45Z" level=info msg="Adding libraries dir" dir=/home/shrek/.arduino15/libraries isSingleLibrary=false location=ide
time="2026-02-04T16:52:45Z" level=info msg="Adding libraries dir" dir=/home/shrek/.arduino15/packages/esp32/hardware/esp32/3.3.6/libraries isSingleLibrary=false location=platform
time="2026-02-04T16:52:45Z" level=info msg="Adding libraries dir" dir=/home/shrek/Arduino/libraries isSingleLibrary=false location=user
2026-02-04 16:52:45 Update for version 2.3.7 is not available (latest version: 2.3.7, downgrade is allowed).
2026-02-04 16:52:46 2026-02-04T16:52:46.382Z daemon INFO time="2026-02-04T16:52:46Z" level=info msg="Checking signature" index=/home/shrek/.arduino15/package_index.json signatureFile=/home/shrek/.arduino15/package_index.json.sig trusted=true
2026-02-04 16:52:46 2026-02-04T16:52:46.383Z daemon INFO time="2026-02-04T16:52:46Z" level=info msg="Missing signature file" index=/home/shrek/.arduino15/package_esp32_index.json
2026-02-04 16:52:46 2026-02-04T16:52:46.383Z daemon INFO time="2026-02-04T16:52:46Z" level=info msg="Loading hardware from: /home/shrek/.arduino15/packages"
2026-02-04 16:52:46 2026-02-04T16:52:46.383Z daemon INFO time="2026-02-04T16:52:46Z" level=info msg="Loading package arduino from: /home/shrek/.arduino15/packages/arduino/hardware"
2026-02-04 16:52:46 2026-02-04T16:52:46.384Z daemon INFO time="2026-02-04T16:52:46Z" level=info msg="Missing signature file" index=/home/shrek/.arduino15/packages/arduino/hardware/avr/1.8.7/installed.json
2026-02-04 16:52:46 2026-02-04T16:52:46.384Z daemon INFO time="2026-02-04T16:52:46Z" level=info msg="Adding monitor tool" protocol=serial tool="builtin:serial-monitor"
time="2026-02-04T16:52:46Z" level=info msg="Loaded platform" platform="arduino:avr@1.8.7"
2026-02-04 16:52:46 2026-02-04T16:52:46.384Z daemon INFO time="2026-02-04T16:52:46Z" level=info msg="Checking existence of 'tools' path: /home/shrek/.arduino15/packages/arduino/tools"
time="2026-02-04T16:52:46Z" level=info msg="Loading tools from dir: /home/shrek/.arduino15/packages/arduino/tools"
2026-02-04 16:52:46 2026-02-04T16:52:46.384Z daemon INFO time="2026-02-04T16:52:46Z" level=info msg="Loaded tool" tool="arduino:arduinoOTA@1.3.0"
2026-02-04 16:52:46 2026-02-04T16:52:46.385Z daemon INFO time="2026-02-04T16:52:46Z" level=info msg="Loaded tool" tool="arduino:avr-gcc@7.3.0-atmel3.6.1-arduino7"
2026-02-04 16:52:46 2026-02-04T16:52:46.385Z daemon INFO time="2026-02-04T16:52:46Z" level=info msg="Loaded tool" tool="arduino:avrdude@8.0.0-arduino1"
2026-02-04 16:52:46 2026-02-04T16:52:46.385Z daemon INFO time="2026-02-04T16:52:46Z" level=info msg="Loaded tool" tool="arduino:dfu-util@0.11.0-arduino5"
2026-02-04 16:52:46 2026-02-04T16:52:46.385Z daemon INFO time="2026-02-04T16:52:46Z" level=info msg="Loading package builtin from: /home/shrek/.arduino15/packages/builtin"
2026-02-04 16:52:46 2026-02-04T16:52:46.385Z daemon INFO time="2026-02-04T16:52:46Z" level=info msg="Checking existence of 'tools' path: /home/shrek/.arduino15/packages/builtin/tools"
time="2026-02-04T16:52:46Z" level=info msg="Loading tools from dir: /home/shrek/.arduino15/packages/builtin/tools"
2026-02-04 16:52:46 2026-02-04T16:52:46.385Z daemon INFO time="2026-02-04T16:52:46Z" level=info msg="Loaded tool" tool="builtin:ctags@5.8-arduino11"
2026-02-04 16:52:46 2026-02-04T16:52:46.385Z daemon INFO time="2026-02-04T16:52:46Z" level=info msg="Loaded tool" tool="builtin:dfu-discovery@0.1.2"
2026-02-04 16:52:46 2026-02-04T16:52:46.385Z daemon INFO time="2026-02-04T16:52:46Z" level=info msg="Loaded tool" tool="builtin:mdns-discovery@1.0.12"
time="2026-02-04T16:52:46Z" level=info msg="Loaded tool" tool="builtin:serial-discovery@1.4.3"
2026-02-04 16:52:46 2026-02-04T16:52:46.385Z daemon INFO time="2026-02-04T16:52:46Z" level=info msg="Loaded tool" tool="builtin:serial-monitor@0.15.0"
2026-02-04 16:52:46 2026-02-04T16:52:46.385Z daemon INFO time="2026-02-04T16:52:46Z" level=info msg="Loading package esp32 from: /home/shrek/.arduino15/packages/esp32/hardware"
2026-02-04 16:52:46 2026-02-04T16:52:46.386Z daemon INFO time="2026-02-04T16:52:46Z" level=info msg="Missing signature file" index=/home/shrek/.arduino15/packages/esp32/hardware/esp32/3.3.6/installed.json
2026-02-04 16:52:46 2026-02-04T16:52:46.416Z daemon INFO time="2026-02-04T16:52:46Z" level=info msg="Resolving include MD_MAX72xx.h for arch esp32"
time="2026-02-04T16:52:46Z" level=info msg="  found better lib" lib=MD_MAX72XX prio=6A7
2026-02-04 16:52:46 2026-02-04T16:52:46.456Z daemon INFO time="2026-02-04T16:52:46Z" level=info msg="Adding monitor tool" protocol=serial tool="builtin:serial-monitor"
time="2026-02-04T16:52:46Z" level=info msg="Loaded platform" platform="esp32:esp32@3.3.6"
time="2026-02-04T16:52:46Z" level=info msg="Checking existence of 'tools' path: /home/shrek/.arduino15/packages/esp32/tools"
time="2026-02-04T16:52:46Z" level=info msg="Loading tools from dir: /home/shrek/.arduino15/packages/esp32/tools"
2026-02-04 16:52:46 2026-02-04T16:52:46.456Z daemon INFO time="2026-02-04T16:52:46Z" level=info msg="Loaded tool" tool="esp32:esp-rv32@2511"
time="2026-02-04T16:52:46Z" level=info msg="Loaded tool" tool="esp32:esp-x32@2511"
time="2026-02-04T16:52:46Z" level=info msg="Loaded tool" tool="esp32:esp32-libs@3.3.6"
2026-02-04 16:52:46 2026-02-04T16:52:46.456Z daemon INFO time="2026-02-04T16:52:46Z" level=info msg="Loaded tool" tool="esp32:esp32c3-libs@3.3.6"
time="2026-02-04T16:52:46Z" level=info msg="Loaded tool" tool="esp32:esp32c5-libs@3.3.6"
time="2026-02-04T16:52:46Z" level=info msg="Loaded tool" tool="esp32:esp32c6-libs@3.3.6"
2026-02-04 16:52:46 2026-02-04T16:52:46.456Z daemon INFO time="2026-02-04T16:52:46Z" level=info msg="Loaded tool" tool="esp32:esp32h2-libs@3.3.6"
time="2026-02-04T16:52:46Z" level=info msg="Loaded tool" tool="esp32:esp32p4-libs@3.3.6"
2026-02-04 16:52:46 2026-02-04T16:52:46.456Z daemon INFO time="2026-02-04T16:52:46Z" level=info msg="Loaded tool" tool="esp32:esp32p4_es-libs@3.3.6"
time="2026-02-04T16:52:46Z" level=info msg="Loaded tool" tool="esp32:esp32s2-libs@3.3.6"
time="2026-02-04T16:52:46Z" level=info msg="Loaded tool" tool="esp32:esp32s3-libs@3.3.6"
2026-02-04 16:52:46 2026-02-04T16:52:46.456Z daemon INFO time="2026-02-04T16:52:46Z" level=info msg="Loaded tool" tool="esp32:esptool_py@5.1.0"
time="2026-02-04T16:52:46Z" level=info msg="Loaded tool" tool="esp32:mklittlefs@4.0.2-db0513a"
time="2026-02-04T16:52:46Z" level=info msg="Loaded tool" tool="esp32:mkspiffs@0.2.3"
2026-02-04 16:52:46 2026-02-04T16:52:46.456Z daemon INFO time="2026-02-04T16:52:46Z" level=info msg="Loaded tool" tool="esp32:openocd-esp32@v0.12.0-esp32-20251215"
2026-02-04 16:52:46 2026-02-04T16:52:46.456Z daemon INFO time="2026-02-04T16:52:46Z" level=info msg="Loaded tool" tool="esp32:riscv32-esp-elf-gdb@16.3_20250913"
2026-02-04 16:52:46 2026-02-04T16:52:46.456Z daemon INFO time="2026-02-04T16:52:46Z" level=info msg="Loaded tool" tool="esp32:xtensa-esp-elf-gdb@16.3_20250913"
2026-02-04 16:52:46 2026-02-04T16:52:46.458Z daemon INFO time="2026-02-04T16:52:46Z" level=info msg="Discovery event channel closed builtin:mdns-discovery. Exiting goroutine."
2026-02-04 16:52:46 2026-02-04T16:52:46.458Z daemon INFO time="2026-02-04T16:52:46Z" level=info msg="Closed and removed discovery builtin:mdns-discovery"
2026-02-04 16:52:46 2026-02-04T16:52:46.458Z daemon INFO time="2026-02-04T16:52:46Z" level=error msg="Stopped decode loop: EOF" discovery="builtin:mdns-discovery"
2026-02-04 16:52:46 2026-02-04T16:52:46.458Z daemon INFO time="2026-02-04T16:52:46Z" level=info msg="Discovery event channel closed builtin:serial-discovery. Exiting goroutine."
2026-02-04 16:52:46 2026-02-04T16:52:46.458Z discovery-log INFO {"eventType":"remove","port":{"matchingBoardsList":[],"port":{"address":"/dev/ttyS0","label":"/dev/ttyS0","protocol":"serial","protocolLabel":"Serial Port","propertiesMap":[],"hardwareId":""}},"error":""}
2026-02-04 16:52:46 2026-02-04T16:52:46.458Z daemon INFO time="2026-02-04T16:52:46Z" level=info msg="Closed and removed discovery builtin:serial-discovery"
time="2026-02-04T16:52:46Z" level=error msg="Stopped decode loop: EOF" discovery="builtin:serial-discovery"
2026-02-04 16:52:46 2026-02-04T16:52:46.460Z discovery-log INFO {"eventType":"add","port":{"matchingBoardsList":[],"port":{"address":"/dev/ttyS0","label":"/dev/ttyS0","protocol":"serial","protocolLabel":"Serial Port","propertiesMap":[],"hardwareId":""}},"error":""}
2026-02-04 16:52:46 2026-02-04T16:52:46.461Z daemon INFO time="2026-02-04T16:52:46Z" level=info msg="Adding libraries dir" dir=/home/shrek/.arduino15/packages/arduino/hardware/avr/1.8.7/libraries isSingleLibrary=false location=platform
2026-02-04 16:52:46 2026-02-04T16:52:46.461Z daemon INFO time="2026-02-04T16:52:46Z" level=info msg="Adding libraries dir" dir=/home/shrek/.arduino15/packages/esp32/hardware/esp32/3.3.6/libraries isSingleLibrary=false location=platform
2026-02-04 16:52:46 2026-02-04T16:52:46.461Z daemon INFO time="2026-02-04T16:52:46Z" level=info msg="Loading libraries index file" index=/home/shrek/.arduino15/library_index.json
2026-02-04 16:52:46 2026-02-04T16:52:46.583Z daemon INFO time="2026-02-04T16:52:46Z" level=info msg="Adding libraries dir" dir=/home/shrek/.arduino15/libraries isSingleLibrary=false location=ide
time="2026-02-04T16:52:46Z" level=info msg="Adding libraries dir" dir=/home/shrek/Arduino/libraries isSingleLibrary=false location=user
2026-02-04 16:52:46 2026-02-04T16:52:46.813Z daemon INFO time="2026-02-04T16:52:46Z" level=info msg="Resolving include SPI.h for arch esp32"
time="2026-02-04T16:52:46Z" level=info msg="  found better lib" lib=SPI prio=6B0
2026-02-04 16:52:47 2026-02-04T16:52:47.330Z root ERROR ---- !!!SLOW!!! DURATION: search took 182.732 ms. Args: [{"query":"","type":"All","topic":"All"}] ----
2026-02-04 16:52:48 2026-02-04T16:52:48.255Z daemon INFO time="2026-02-04T16:52:48Z" level=info msg="Adding libraries dir" dir=/home/shrek/.arduino15/libraries isSingleLibrary=false location=ide
time="2026-02-04T16:52:48Z" level=info msg="Adding libraries dir" dir=/home/shrek/.arduino15/packages/esp32/hardware/esp32/3.3.6/libraries isSingleLibrary=false location=platform
2026-02-04 16:52:48 2026-02-04T16:52:48.255Z daemon INFO time="2026-02-04T16:52:48Z" level=info msg="Adding libraries dir" dir=/home/shrek/Arduino/libraries isSingleLibrary=false location=user
2026-02-04 16:52:53 2026-02-04T16:52:53.372Z root ERROR [hosted-plugin: 2326] Conflict in settings file Default: Ignoring cortex-debug.armToolchainPath.linux as cortex-debug.armToolchainPath is null
2026-02-04 16:52:53 2026-02-04T16:52:53.372Z root ERROR [hosted-plugin: 2326] Conflict in settings file Default: Ignoring cortex-debug.armToolchainPath.osx as cortex-debug.armToolchainPath is null
Conflict in settings file Default: Ignoring cortex-debug.armToolchainPath.windows as cortex-debug.armToolchainPath is null
Conflict in settings file Default: Ignoring cortex-debug.JLinkGDBServerPath.linux as cortex-debug.JLinkGDBServerPath is null
Conflict in settings file Default: Ignoring cortex-debug.JLinkGDBServerPath.osx as cortex-debug.JLinkGDBServerPath is null
2026-02-04 16:52:53 2026-02-04T16:52:53.372Z root ERROR [hosted-plugin: 2326] Conflict in settings file Default: Ignoring cortex-debug.JLinkGDBServerPath.windows as cortex-debug.JLinkGDBServerPath is null
Conflict in settings file Default: Ignoring cortex-debug.openocdPath.linux as cortex-debug.openocdPath is null
Conflict in settings file Default: Ignoring cortex-debug.openocdPath.osx as cortex-debug.openocdPath is null
Conflict in settings file Default: Ignoring cortex-debug.openocdPath.windows as cortex-debug.openocdPath is null
2026-02-04 16:52:53 2026-02-04T16:52:53.372Z root ERROR [hosted-plugin: 2326] Conflict in settings file Default: Ignoring cortex-debug.pyocdPath.linux as cortex-debug.pyocdPath is null
Conflict in settings file Default: Ignoring cortex-debug.pyocdPath.osx as cortex-debug.pyocdPath is null
Conflict in settings file Default: Ignoring cortex-debug.pyocdPath.windows as cortex-debug.pyocdPath is null
2026-02-04 16:52:53 2026-02-04T16:52:53.372Z root ERROR [hosted-plugin: 2326] Conflict in settings file Default: Ignoring cortex-debug.PEGDBServerPath.linux as cortex-debug.PEGDBServerPath is null
Conflict in settings file Default: Ignoring cortex-debug.PEGDBServerPath.osx as cortex-debug.PEGDBServerPath is null
2026-02-04 16:52:53 2026-02-04T16:52:53.372Z root ERROR [hosted-plugin: 2326] Conflict in settings file Default: Ignoring cortex-debug.PEGDBServerPath.windows as cortex-debug.PEGDBServerPath is null
Conflict in settings file Default: Ignoring cortex-debug.stutilPath.linux as cortex-debug.stutilPath is null
Conflict in settings file Default: Ignoring cortex-debug.stutilPath.osx as cortex-debug.stutilPath is null
2026-02-04 16:52:53 2026-02-04T16:52:53.372Z root ERROR [hosted-plugin: 2326] Conflict in settings file Default: Ignoring cortex-debug.stutilPath.windows as cortex-debug.stutilPath is null
Conflict in settings file Default: Ignoring cortex-debug.stlinkPath.linux as cortex-debug.stlinkPath is null
2026-02-04 16:52:53 2026-02-04T16:52:53.372Z root ERROR [hosted-plugin: 2326] Conflict in settings file Default: Ignoring cortex-debug.stlinkPath.osx as cortex-debug.stlinkPath is null
Conflict in settings file Default: Ignoring cortex-debug.stlinkPath.windows as cortex-debug.stlinkPath is null
Conflict in settings file Default: Ignoring cortex-debug.stm32cubeprogrammer.linux as cortex-debug.stm32cubeprogrammer is null
2026-02-04 16:52:53 2026-02-04T16:52:53.372Z root ERROR [hosted-plugin: 2326] Conflict in settings file Default: Ignoring cortex-debug.stm32cubeprogrammer.osx as cortex-debug.stm32cubeprogrammer is null
Conflict in settings file Default: Ignoring cortex-debug.stm32cubeprogrammer.windows as cortex-debug.stm32cubeprogrammer is null
2026-02-04 16:52:56 2026-02-04T16:52:56.265Z root ERROR [hosted-plugin: 2326] Conflict in settings file Default: Ignoring cortex-debug.armToolchainPath.linux as cortex-debug.armToolchainPath is null
2026-02-04 16:52:56 2026-02-04T16:52:56.265Z root ERROR [hosted-plugin: 2326] Conflict in settings file Default: Ignoring cortex-debug.armToolchainPath.osx as cortex-debug.armToolchainPath is null
Conflict in settings file Default: Ignoring cortex-debug.armToolchainPath.windows as cortex-debug.armToolchainPath is null
Conflict in settings file Default: Ignoring cortex-debug.JLinkGDBServerPath.linux as cortex-debug.JLinkGDBServerPath is null
Conflict in settings file Default: Ignoring cortex-debug.JLinkGDBServerPath.osx as cortex-debug.JLinkGDBServerPath is null
Conflict in settings file Default: Ignoring cortex-debug.JLinkGDBServerPath.windows as cortex-debug.JLinkGDBServerPath is null
Conflict in settings file Default: Ignoring cortex-debug.openocdPath.linux as cortex-debug.openocdPath is null
2026-02-04 16:52:56 2026-02-04T16:52:56.265Z root ERROR [hosted-plugin: 2326] Conflict in settings file Default: Ignoring cortex-debug.openocdPath.osx as cortex-debug.openocdPath is null
Conflict in settings file Default: Ignoring cortex-debug.openocdPath.windows as cortex-debug.openocdPath is null
Conflict in settings file Default: Ignoring cortex-debug.pyocdPath.linux as cortex-debug.pyocdPath is null
2026-02-04 16:52:56 2026-02-04T16:52:56.265Z root ERROR [hosted-plugin: 2326] Conflict in settings file Default: Ignoring cortex-debug.pyocdPath.osx as cortex-debug.pyocdPath is null
Conflict in settings file Default: Ignoring cortex-debug.pyocdPath.windows as cortex-debug.pyocdPath is null
2026-02-04 16:52:56 2026-02-04T16:52:56.265Z root ERROR [hosted-plugin: 2326] Conflict in settings file Default: Ignoring cortex-debug.PEGDBServerPath.linux as cortex-debug.PEGDBServerPath is null
Conflict in settings file Default: Ignoring cortex-debug.PEGDBServerPath.osx as cortex-debug.PEGDBServerPath is null
2026-02-04 16:52:56 2026-02-04T16:52:56.265Z root ERROR [hosted-plugin: 2326] Conflict in settings file Default: Ignoring cortex-debug.PEGDBServerPath.windows as cortex-debug.PEGDBServerPath is null
Conflict in settings file Default: Ignoring cortex-debug.stutilPath.linux as cortex-debug.stutilPath is null
Conflict in settings file Default: Ignoring cortex-debug.stutilPath.osx as cortex-debug.stutilPath is null
2026-02-04 16:52:56 2026-02-04T16:52:56.265Z root ERROR [hosted-plugin: 2326] Conflict in settings file Default: Ignoring cortex-debug.stutilPath.windows as cortex-debug.stutilPath is null
Conflict in settings file Default: Ignoring cortex-debug.stlinkPath.linux as cortex-debug.stlinkPath is null
2026-02-04 16:52:56 2026-02-04T16:52:56.266Z root ERROR [hosted-plugin: 2326] Conflict in settings file Default: Ignoring cortex-debug.stlinkPath.osx as cortex-debug.stlinkPath is null
Conflict in settings file Default: Ignoring cortex-debug.stlinkPath.windows as cortex-debug.stlinkPath is null
2026-02-04 16:52:56 2026-02-04T16:52:56.266Z root ERROR [hosted-plugin: 2326] Conflict in settings file Default: Ignoring cortex-debug.stm32cubeprogrammer.linux as cortex-debug.stm32cubeprogrammer is null
2026-02-04 16:52:56 2026-02-04T16:52:56.266Z root ERROR [hosted-plugin: 2326] Conflict in settings file Default: Ignoring cortex-debug.stm32cubeprogrammer.osx as cortex-debug.stm32cubeprogrammer is null
2026-02-04 16:52:56 2026-02-04T16:52:56.266Z root ERROR [hosted-plugin: 2326] Conflict in settings file Default: Ignoring cortex-debug.stm32cubeprogrammer.windows as cortex-debug.stm32cubeprogrammer is null
2026-02-04 16:52:59 2026-02-04T16:52:59.036Z root ERROR [hosted-plugin: 2326] Conflict in settings file Default: Ignoring cortex-debug.armToolchainPath.linux as cortex-debug.armToolchainPath is null
2026-02-04 16:52:59 2026-02-04T16:52:59.036Z root ERROR [hosted-plugin: 2326] Conflict in settings file Default: Ignoring cortex-debug.armToolchainPath.osx as cortex-debug.armToolchainPath is null
Conflict in settings file Default: Ignoring cortex-debug.armToolchainPath.windows as cortex-debug.armToolchainPath is null
Conflict in settings file Default: Ignoring cortex-debug.JLinkGDBServerPath.linux as cortex-debug.JLinkGDBServerPath is null
Conflict in settings file Default: Ignoring cortex-debug.JLinkGDBServerPath.osx as cortex-debug.JLinkGDBServerPath is null
Conflict in settings file Default: Ignoring cortex-debug.JLinkGDBServerPath.windows as cortex-debug.JLinkGDBServerPath is null
Conflict in settings file Default: Ignoring cortex-debug.openocdPath.linux as cortex-debug.openocdPath is null
Conflict in settings file Default: Ignoring cortex-debug.openocdPath.osx as cortex-debug.openocdPath is null
2026-02-04 16:52:59 2026-02-04T16:52:59.036Z root ERROR [hosted-plugin: 2326] Conflict in settings file Default: Ignoring cortex-debug.openocdPath.windows as cortex-debug.openocdPath is null
Conflict in settings file Default: Ignoring cortex-debug.pyocdPath.linux as cortex-debug.pyocdPath is null
2026-02-04 16:52:59 2026-02-04T16:52:59.036Z root ERROR [hosted-plugin: 2326] Conflict in settings file Default: Ignoring cortex-debug.pyocdPath.osx as cortex-debug.pyocdPath is null
2026-02-04 16:52:59 2026-02-04T16:52:59.036Z root ERROR [hosted-plugin: 2326] Conflict in settings file Default: Ignoring cortex-debug.pyocdPath.windows as cortex-debug.pyocdPath is null
2026-02-04 16:52:59 2026-02-04T16:52:59.036Z root ERROR [hosted-plugin: 2326] Conflict in settings file Default: Ignoring cortex-debug.PEGDBServerPath.linux as cortex-debug.PEGDBServerPath is null
Conflict in settings file Default: Ignoring cortex-debug.PEGDBServerPath.osx as cortex-debug.PEGDBServerPath is null
2026-02-04 16:52:59 2026-02-04T16:52:59.036Z root ERROR [hosted-plugin: 2326] Conflict in settings file Default: Ignoring cortex-debug.PEGDBServerPath.windows as cortex-debug.PEGDBServerPath is null
Conflict in settings file Default: Ignoring cortex-debug.stutilPath.linux as cortex-debug.stutilPath is null
2026-02-04 16:52:59 2026-02-04T16:52:59.036Z root ERROR [hosted-plugin: 2326] Conflict in settings file Default: Ignoring cortex-debug.stutilPath.osx as cortex-debug.stutilPath is null
Conflict in settings file Default: Ignoring cortex-debug.stutilPath.windows as cortex-debug.stutilPath is null
2026-02-04 16:52:59 2026-02-04T16:52:59.036Z root ERROR [hosted-plugin: 2326] Conflict in settings file Default: Ignoring cortex-debug.stlinkPath.linux as cortex-debug.stlinkPath is null
Conflict in settings file Default: Ignoring cortex-debug.stlinkPath.osx as cortex-debug.stlinkPath is null
Conflict in settings file Default: Ignoring cortex-debug.stlinkPath.windows as cortex-debug.stlinkPath is null
2026-02-04 16:52:59 2026-02-04T16:52:59.036Z root ERROR [hosted-plugin: 2326] Conflict in settings file Default: Ignoring cortex-debug.stm32cubeprogrammer.linux as cortex-debug.stm32cubeprogrammer is null
Conflict in settings file Default: Ignoring cortex-debug.stm32cubeprogrammer.osx as cortex-debug.stm32cubeprogrammer is null
2026-02-04 16:52:59 2026-02-04T16:52:59.036Z root ERROR [hosted-plugin: 2326] Conflict in settings file Default: Ignoring cortex-debug.stm32cubeprogrammer.windows as cortex-debug.stm32cubeprogrammer is null
2026-02-04 16:53:19 2026-02-04T16:53:19.610Z sketches-service WARN Warning! The request sketch path was different than the response sketch path from the CLI. This could be a potential bug. Request: </home/shrek/Arduino/practice/led.ino/led.ino.ino>, response: </home/shrek/Arduino/practice/led.ino>.
2026-02-04 16:53:19 2026-02-04T16:53:19.997Z root INFO creating connection for 2
2026-02-04 16:53:20 2026-02-04T16:53:20.486Z root WARN A command editor.action.toggleStickyScroll is already registered.
2026-02-04 16:53:20 Opening channel for service path '/services/electron-window'.
2026-02-04 16:53:20 Opening channel for service path '/services/ide-updater'.
2026-02-04 16:53:20 2026-02-04T16:53:20.535Z root INFO Start frontend contributions: 118.7 ms [Finished 0.878 s after frontend start]
2026-02-04 16:53:20 2026-02-04T16:53:20.535Z root INFO Changed application state from 'init' to 'started_contributions'.
2026-02-04 16:53:20 2026-02-04T16:53:20.558Z root INFO [c21f03e7-26a4-4b9b-8ab1-2d92c147960c] Waiting for backend deployment: 33.4 ms [Finished 0.909 s after frontend start]
2026-02-04 16:53:20 2026-02-04T16:53:20.855Z root INFO Changed application state from 'started_contributions' to 'attached_shell'.
2026-02-04 16:53:20 2026-02-04T16:53:20.855Z root INFO >>> Restoring the layout state...
2026-02-04 16:53:20 2026-02-04T16:53:20.855Z root INFO <<< Nothing to restore.
2026-02-04 16:53:20 2026-02-04T16:53:20.855Z root INFO Initialize the workbench layout: 12.0 ms [Finished 1.132 s after frontend start]
2026-02-04 16:53:20 2026-02-04T16:53:20.855Z root INFO Changed application state from 'attached_shell' to 'initialized_layout'.
2026-02-04 16:53:20 2026-02-04T16:53:20.855Z root INFO [hosted-plugin: 7473] PLUGIN_HOST(7473) starting instance
[Object: null prototype] {}
2026-02-04 16:53:21 2026-02-04T16:53:21.239Z root INFO [c21f03e7-26a4-4b9b-8ab1-2d92c147960c] Sync of 23 plugins: 659.1 ms [Finished 1.568 s after frontend start]
2026-02-04 16:53:21 2026-02-04T16:53:21.240Z root INFO [c21f03e7-26a4-4b9b-8ab1-2d92c147960c] Loading plugin contributions
2026-02-04 16:53:21 2026-02-04T16:53:21.240Z root INFO [c21f03e7-26a4-4b9b-8ab1-2d92c147960c] Load contributions of 23 plugins: 22.4 ms [Finished 1.591 s after frontend start]
2026-02-04 16:53:21 2026-02-04T16:53:21.255Z root WARN 'cpp' language is remapped from 'source.cpp.embedded.macro' to 'source.cpp' scope
2026-02-04 16:53:21 2026-02-04T16:53:21.255Z root WARN a registered grammar configuration for 'cpp' language is overridden
2026-02-04 16:53:21 2026-02-04T16:53:21.399Z root ERROR [hosted-plugin: 7473] Conflict in settings file Default: Ignoring cortex-debug.armToolchainPath.linux as cortex-debug.armToolchainPath is null
2026-02-04 16:53:21 2026-02-04T16:53:21.399Z root ERROR [hosted-plugin: 7473] Conflict in settings file Default: Ignoring cortex-debug.armToolchainPath.osx as cortex-debug.armToolchainPath is null
2026-02-04 16:53:21 2026-02-04T16:53:21.399Z root ERROR [hosted-plugin: 7473] Conflict in settings file Default: Ignoring cortex-debug.armToolchainPath.windows as cortex-debug.armToolchainPath is null
2026-02-04 16:53:21 2026-02-04T16:53:21.399Z root ERROR [hosted-plugin: 7473] Conflict in settings file Default: Ignoring cortex-debug.JLinkGDBServerPath.linux as cortex-debug.JLinkGDBServerPath is null
2026-02-04 16:53:21 2026-02-04T16:53:21.399Z root ERROR [hosted-plugin: 7473] Conflict in settings file Default: Ignoring cortex-debug.JLinkGDBServerPath.osx as cortex-debug.JLinkGDBServerPath is null
2026-02-04 16:53:21 2026-02-04T16:53:21.399Z root ERROR [hosted-plugin: 7473] Conflict in settings file Default: Ignoring cortex-debug.JLinkGDBServerPath.windows as cortex-debug.JLinkGDBServerPath is null
2026-02-04 16:53:21 2026-02-04T16:53:21.399Z root ERROR [hosted-plugin: 7473] Conflict in settings file Default: Ignoring cortex-debug.openocdPath.linux as cortex-debug.openocdPath is null
2026-02-04 16:53:21 2026-02-04T16:53:21.399Z root ERROR [hosted-plugin: 7473] Conflict in settings file Default: Ignoring cortex-debug.openocdPath.osx as cortex-debug.openocdPath is null
2026-02-04 16:53:21 2026-02-04T16:53:21.399Z root ERROR [hosted-plugin: 7473] Conflict in settings file Default: Ignoring cortex-debug.openocdPath.windows as cortex-debug.openocdPath is null
2026-02-04 16:53:21 2026-02-04T16:53:21.399Z root ERROR [hosted-plugin: 7473] Conflict in settings file Default: Ignoring cortex-debug.pyocdPath.linux as cortex-debug.pyocdPath is null
2026-02-04 16:53:21 2026-02-04T16:53:21.399Z root ERROR [hosted-plugin: 7473] Conflict in settings file Default: Ignoring cortex-debug.pyocdPath.osx as cortex-debug.pyocdPath is null
Conflict in settings file Default: Ignoring cortex-debug.pyocdPath.windows as cortex-debug.pyocdPath is null
2026-02-04 16:53:21 2026-02-04T16:53:21.399Z root ERROR [hosted-plugin: 7473] Conflict in settings file Default: Ignoring cortex-debug.PEGDBServerPath.linux as cortex-debug.PEGDBServerPath is null
Conflict in settings file Default: Ignoring cortex-debug.PEGDBServerPath.osx as cortex-debug.PEGDBServerPath is null
Conflict in settings file Default: Ignoring cortex-debug.PEGDBServerPath.windows as cortex-debug.PEGDBServerPath is null
2026-02-04 16:53:21 2026-02-04T16:53:21.399Z root ERROR [hosted-plugin: 7473] Conflict in settings file Default: Ignoring cortex-debug.stutilPath.linux as cortex-debug.stutilPath is null
Conflict in settings file Default: Ignoring cortex-debug.stutilPath.osx as cortex-debug.stutilPath is null
Conflict in settings file Default: Ignoring cortex-debug.stutilPath.windows as cortex-debug.stutilPath is null
2026-02-04 16:53:21 2026-02-04T16:53:21.399Z root ERROR [hosted-plugin: 7473] Conflict in settings file Default: Ignoring cortex-debug.stlinkPath.linux as cortex-debug.stlinkPath is null
Conflict in settings file Default: Ignoring cortex-debug.stlinkPath.osx as cortex-debug.stlinkPath is null
2026-02-04 16:53:21 2026-02-04T16:53:21.399Z root ERROR [hosted-plugin: 7473] Conflict in settings file Default: Ignoring cortex-debug.stlinkPath.windows as cortex-debug.stlinkPath is null
Conflict in settings file Default: Ignoring cortex-debug.stm32cubeprogrammer.linux as cortex-debug.stm32cubeprogrammer is null
Conflict in settings file Default: Ignoring cortex-debug.stm32cubeprogrammer.osx as cortex-debug.stm32cubeprogrammer is null
2026-02-04 16:53:21 2026-02-04T16:53:21.399Z root ERROR [hosted-plugin: 7473] Conflict in settings file Default: Ignoring cortex-debug.stm32cubeprogrammer.windows as cortex-debug.stm32cubeprogrammer is null
2026-02-04 16:53:21 2026-02-04T16:53:21.461Z root INFO [hosted-plugin: 7473] PLUGIN_HOST(7473): PluginManagerExtImpl/init()
2026-02-04 16:53:21 2026-02-04T16:53:21.463Z root INFO [hosted-plugin: 7473] PLUGIN_HOST(7473): initializing(vscode-arduino-api@0.1.2 with /opt/arduino-ide/resources/app/lib/backend/plugin-vscode-init)
2026-02-04 16:53:21 2026-02-04T16:53:21.508Z root INFO [hosted-plugin: 7473] PLUGIN_HOST(7473): initializing(json-language-features@1.88.1 with /opt/arduino-ide/resources/app/lib/backend/plugin-vscode-init)
2026-02-04 16:53:21 2026-02-04T16:53:21.510Z root INFO [hosted-plugin: 7473] PLUGIN_HOST(7473): initializing(cortex-debug@1.5.1 with /opt/arduino-ide/resources/app/lib/backend/plugin-vscode-init)
2026-02-04 16:53:21 2026-02-04T16:53:21.511Z root INFO [hosted-plugin: 7473] Debugger contribution has been registered: cortex-debug
2026-02-04 16:53:21 2026-02-04T16:53:21.511Z root INFO [hosted-plugin: 7473] PLUGIN_HOST(7473): initializing(vscode-arduino-tools@0.1.3 with /opt/arduino-ide/resources/app/lib/backend/plugin-vscode-init)
2026-02-04 16:53:21 2026-02-04T16:53:21.512Z root INFO [hosted-plugin: 7473] PLUGIN_HOST(7473): initializing(cpp@1.88.1 with /opt/arduino-ide/resources/app/lib/backend/plugin-vscode-init)
2026-02-04 16:53:21 2026-02-04T16:53:21.513Z root INFO [hosted-plugin: 7473] PLUGIN_HOST(7473): initializing(json@1.88.1 with /opt/arduino-ide/resources/app/lib/backend/plugin-vscode-init)
2026-02-04 16:53:21 2026-02-04T16:53:21.515Z root INFO [hosted-plugin: 7473] PLUGIN_HOST(7473): initializing(vscode-language-pack-bg@1.48.3 with /opt/arduino-ide/resources/app/lib/backend/plugin-vscode-init)
2026-02-04 16:53:21 2026-02-04T16:53:21.516Z root INFO [hosted-plugin: 7473] PLUGIN_HOST(7473): initializing(vscode-language-pack-cs@1.96.0 with /opt/arduino-ide/resources/app/lib/backend/plugin-vscode-init)
2026-02-04 16:53:21 2026-02-04T16:53:21.516Z root INFO [hosted-plugin: 7473] PLUGIN_HOST(7473): initializing(vscode-language-pack-de@1.96.0 with /opt/arduino-ide/resources/app/lib/backend/plugin-vscode-init)
2026-02-04 16:53:21 2026-02-04T16:53:21.516Z root INFO [hosted-plugin: 7473] PLUGIN_HOST(7473): initializing(vscode-language-pack-es@1.96.0 with /opt/arduino-ide/resources/app/lib/backend/plugin-vscode-init)
2026-02-04 16:53:21 2026-02-04T16:53:21.517Z root INFO [hosted-plugin: 7473] PLUGIN_HOST(7473): initializing(vscode-language-pack-fr@1.96.0 with /opt/arduino-ide/resources/app/lib/backend/plugin-vscode-init)
2026-02-04 16:53:21 2026-02-04T16:53:21.517Z root INFO [hosted-plugin: 7473] PLUGIN_HOST(7473): initializing(vscode-language-pack-hu@1.48.3 with /opt/arduino-ide/resources/app/lib/backend/plugin-vscode-init)
2026-02-04 16:53:21 2026-02-04T16:53:21.517Z root INFO [hosted-plugin: 7473] PLUGIN_HOST(7473): initializing(vscode-language-pack-it@1.96.0 with /opt/arduino-ide/resources/app/lib/backend/plugin-vscode-init)
2026-02-04 16:53:21 2026-02-04T16:53:21.517Z root INFO [hosted-plugin: 7473] PLUGIN_HOST(7473): initializing(vscode-language-pack-ja@1.96.0 with /opt/arduino-ide/resources/app/lib/backend/plugin-vscode-init)
2026-02-04 16:53:21 2026-02-04T16:53:21.518Z root INFO [hosted-plugin: 7473] PLUGIN_HOST(7473): initializing(vscode-language-pack-ko@1.96.0 with /opt/arduino-ide/resources/app/lib/backend/plugin-vscode-init)
2026-02-04 16:53:21 2026-02-04T16:53:21.518Z root INFO [hosted-plugin: 7473] PLUGIN_HOST(7473): initializing(vscode-language-pack-nl@1.48.3 with /opt/arduino-ide/resources/app/lib/backend/plugin-vscode-init)
2026-02-04 16:53:21 2026-02-04T16:53:21.518Z root INFO [hosted-plugin: 7473] PLUGIN_HOST(7473): initializing(vscode-language-pack-pl@1.96.0 with /opt/arduino-ide/resources/app/lib/backend/plugin-vscode-init)
2026-02-04 16:53:21 2026-02-04T16:53:21.518Z root INFO [hosted-plugin: 7473] PLUGIN_HOST(7473): initializing(vscode-language-pack-pt-BR@1.96.0 with /opt/arduino-ide/resources/app/lib/backend/plugin-vscode-init)
2026-02-04 16:53:21 2026-02-04T16:53:21.519Z root INFO [hosted-plugin: 7473] PLUGIN_HOST(7473): initializing(vscode-language-pack-ru@1.96.0 with /opt/arduino-ide/resources/app/lib/backend/plugin-vscode-init)
2026-02-04 16:53:21 2026-02-04T16:53:21.519Z root INFO [hosted-plugin: 7473] PLUGIN_HOST(7473): initializing(vscode-language-pack-tr@1.96.0 with /opt/arduino-ide/resources/app/lib/backend/plugin-vscode-init)
2026-02-04 16:53:21 2026-02-04T16:53:21.519Z root INFO [hosted-plugin: 7473] PLUGIN_HOST(7473): initializing(vscode-language-pack-uk@1.48.3 with /opt/arduino-ide/resources/app/lib/backend/plugin-vscode-init)
2026-02-04 16:53:21 2026-02-04T16:53:21.519Z root INFO [hosted-plugin: 7473] PLUGIN_HOST(7473): initializing(vscode-language-pack-zh-hans@1.96.0 with /opt/arduino-ide/resources/app/lib/backend/plugin-vscode-init)
2026-02-04 16:53:21 2026-02-04T16:53:21.519Z root INFO [hosted-plugin: 7473] PLUGIN_HOST(7473): initializing(vscode-language-pack-zh-hant@1.96.0 with /opt/arduino-ide/resources/app/lib/backend/plugin-vscode-init)
2026-02-04 16:53:21 2026-02-04T16:53:21.561Z root INFO [hosted-plugin: 7473] PLUGIN_HOST(7473): PluginManagerExtImpl/loadPlugin(/opt/arduino-ide/resources/app/plugins/vscode-builtin-json-language-features/extension/client/dist/node/jsonClientMain)
2026-02-04 16:53:21 2026-02-04T16:53:21.594Z root INFO [hosted-plugin: 7473] PLUGIN_HOST(7473): PluginManagerExtImpl/loadPlugin(/opt/arduino-ide/resources/app/plugins/vscode-arduino-api/extension/dist/extension.js)
2026-02-04 16:53:21 2026-02-04T16:53:21.596Z root INFO [hosted-plugin: 7473] calling activation function on Arduino IDE API for VS Code extensions
2026-02-04 16:53:21 2026-02-04T16:53:21.597Z root INFO [c21f03e7-26a4-4b9b-8ab1-2d92c147960c] Starting plugins.
2026-02-04 16:53:21 2026-02-04T16:53:21.732Z root INFO [hosted-plugin: 7473] calling activation function on JSON Language Features (built-in)
2026-02-04 16:53:21 2026-02-04T16:53:21.733Z root INFO Frontend application start: 1268.8 ms [Finished 40.009 s after backend start]
2026-02-04 16:53:21 2026-02-04T16:53:21.745Z root INFO Replace loading indicator with ready workbench UI (animation): 849.3 ms [Finished 1.986 s after frontend start]
2026-02-04 16:53:21 2026-02-04T16:53:21.745Z root INFO Changed application state from 'initialized_layout' to 'ready'.
2026-02-04 16:53:21 2026-02-04T16:53:21.745Z root WARN Linked preference "workbench.colorCustomizations" not found.
2026-02-04 16:53:21 2026-02-04T16:53:21.749Z sketches-service WARN Mismatching sketch file <led.ino> and sketch folder name <practice>. Skipping
2026-02-04 16:53:21 2026-02-04T16:53:21.772Z root INFO Executing startup tasks:
2026-02-04 16:53:21 2026-02-04T16:53:21.772Z root INFO  - 'arduino-use-inherited-boards-data' , args: [{"fqbn":"esp32:esp32:esp32s3","data":{"configOptions":[{"label":"Upload Speed","option":"UploadSpeed","values":[{"value":"921600","label":"921600","selected":false},{"value":"115200","label":"115200","selected":true},{"value":"230400","label":"230400","selected":false},{"value":"460800","label":"460800","selected":false}]},{"label":"USB Mode","option":"USBMode","values":[{"value":"hwcdc","label":"Hardware CDC and JTAG","selected":true},{"value":"default","label":"USB-OTG (TinyUSB)","selected":false}]},{"label":"USB CDC On Boot","option":"CDCOnBoot","values":[{"value":"default","label":"Disabled","selected":false},{"value":"cdc","label":"Enabled","selected":true}]},{"label":"USB Firmware MSC On Boot","option":"MSCOnBoot","values":[{"value":"default","label":"Disabled","selected":true},{"value":"msc","label":"Enabled (Requires USB-OTG Mode)","selected":false}]},{"label":"USB DFU On Boot","option":"DFUOnBoot","values":[{"value":"default","label":"Disabled","selected":true},{"value":"dfu","label":"Enabled (Requires USB-OTG Mode)","selected":false}]},{"label":"Upload Mode","option":"UploadMode","values":[{"value":"default","label":"UART0 / Hardware CDC","selected":true},{"value":"cdc","label":"USB-OTG CDC (TinyUSB)","selected":false}]},{"label":"CPU Frequency","option":"CPUFreq","values":[{"value":"240","label":"240MHz (WiFi)","selected":true},{"value":"160","label":"160MHz (WiFi)","selected":false},{"value":"80","label":"80MHz (WiFi)","selected":false},{"value":"40","label":"40MHz","selected":false},{"value":"20","label":"20MHz","selected":false},{"value":"10","label":"10MHz","selected":false}]},{"label":"Flash Mode","option":"FlashMode","values":[{"value":"qio","label":"QIO 80MHz","selected":true},{"value":"qio120","label":"QIO 120MHz","selected":false},{"value":"dio","label":"DIO 80MHz","selected":false},{"value":"opi","label":"OPI 80MHz","selected":false}]},{"label":"Flash Size","option":"FlashSize","values":[{"value":"4M","label":"4MB (32Mb)","selected":false},{"value":"8M","label":"8MB (64Mb)","selected":false},{"value":"16M","label":"16MB (128Mb)","selected":false},{"value":"32M","label":"32MB (256Mb)","selected":true}]},{"label":"Partition Scheme","option":"PartitionScheme","values":[{"value":"default","label":"Default 4MB with spiffs (1.2MB APP/1.5MB SPIFFS)","selected":true},{"value":"defaultffat","label":"Default 4MB with ffat (1.2MB APP/1.5MB FATFS)","selected":false},{"value":"default_8MB","label":"8M with spiffs (3MB APP/1.5MB SPIFFS)","selected":false},{"value":"minimal","label":"Minimal (1.3MB APP/700KB SPIFFS)","selected":false},{"value":"no_fs","label":"No FS 4MB (2MB APP x2)","selected":false},{"value":"no_ota","label":"No OTA (2MB APP/2MB SPIFFS)","selected":false},{"value":"noota_3g","label":"No OTA (1MB APP/3MB SPIFFS)","selected":false},{"value":"noota_ffat","label":"No OTA (2MB APP/2MB FATFS)","selected":false},{"value":"noota_3gffat","label":"No OTA (1MB APP/3MB FATFS)","selected":false},{"value":"huge_app","label":"Huge APP (3MB No OTA/1MB SPIFFS)","selected":false},{"value":"min_spiffs","label":"Minimal SPIFFS (1.9MB APP with OTA/128KB SPIFFS)","selected":false},{"value":"fatflash","label":"16M Flash (2MB APP/12.5MB FATFS)","selected":false},{"value":"app3M_fat9M_16MB","label":"16M Flash (3MB APP/9.9MB FATFS)","selected":false},{"value":"rainmaker","label":"RainMaker 4MB","selected":false},{"value":"rainmaker_4MB","label":"RainMaker 4MB No OTA","selected":false},{"value":"rainmaker_8MB","label":"RainMaker 8MB","selected":false},{"value":"app5M_fat24M_32MB","label":"32M Flash (4.8MB APP/22MB FATFS)","selected":false},{"value":"app5M_little24M_32MB","label":"32M Flash (4.8MB APP/22MB LittleFS)","selected":false},{"value":"app13M_data7M_32MB","label":"32M Flash (13MB APP/6.75MB SPIFFS)","selected":false},{"value":"esp_sr_16","label":"ESP SR 16M (3MB APP/7MB SPIFFS/2.9MB MODEL)","selected":false},{"value":"zigbee_zczr","label":"Zigbee ZCZR 4MB with spiffs","selected":false},{"value":"zigbee_zczr_8MB","label":"Zigbee ZCZR 8MB with spiffs","selected":false},{"value":"custom","label":"Custom","selected":false}]},{"label":"Core Debug Level","option":"DebugLevel","values":[{"value":"none","label":"None","selected":true},{"value":"error","label":"Error","selected":false},{"value":"warn","label":"Warn","selected":false},{"value":"info","label":"Info","selected":false},{"value":"debug","label":"Debug","selected":false},{"value":"verbose","label":"Verbose","selected":false}]},{"label":"PSRAM","option":"PSRAM","values":[{"value":"disabled","label":"Disabled","selected":true},{"value":"enabled","label":"QSPI PSRAM","selected":false},{"value":"opi","label":"OPI PSRAM","selected":false}]},{"label":"Arduino Runs On","option":"LoopCore","values":[{"value":"1","label":"Core 1","selected":true},{"value":"0","label":"Core 0","selected":false}]},{"label":"Events Run On","option":"EventsCore","values":[{"value":"1","label":"Core 1","selected":true},{"value":"0","label":"Core 0","selected":false}]},{"label":"Erase All Flash Before Sketch Upload","option":"EraseFlash","values":[{"value":"none","label":"Disabled","selected":true},{"value":"all","label":"Enabled","selected":false}]},{"label":"JTAG Adapter","option":"JTAGAdapter","values":[{"value":"default","label":"Disabled","selected":true},{"value":"builtin","label":"Integrated USB JTAG","selected":false},{"value":"external","label":"FTDI Adapter","selected":false},{"value":"bridge","label":"ESP USB Bridge","selected":false}]},{"label":"Zigbee Mode","option":"ZigbeeMode","values":[{"value":"default","label":"Disabled","selected":true},{"value":"zczr","label":"Zigbee ZCZR (coordinator/router)","selected":false}]}],"programmers":[{"id":"esptool","name":"Esptool","platform":"esp32:esp32@3.3.6"}]}}]
2026-02-04 16:53:21 2026-02-04T16:53:21.772Z root INFO  - 'arduino-use-inherited-boards-config' , args: [{"selectedBoard":{"name":"ESP32S3 Dev Module","fqbn":"esp32:esp32:esp32s3"},"selectedPort":{"protocol":"serial","address":"/dev/ttyACM0"}},{"arduino+serial:///dev/ttyACM0":{"name":"ESP32S3 Dev Module","fqbn":"esp32:esp32:esp32s3"},"arduino+serial:///dev/ttyS0":{"name":"ESP32S3 Dev Module","fqbn":"esp32:esp32:esp32s3"}}]
2026-02-04 16:53:21 2026-02-04T16:53:21.792Z root INFO [hosted-plugin: 7473] PLUGIN_HOST(7473): PluginManagerExtImpl/loadPlugin(/opt/arduino-ide/resources/app/plugins/cortex-debug/extension/dist/extension.js)
2026-02-04 16:53:21 2026-02-04T16:53:21.818Z root INFO [hosted-plugin: 7473] Debug configuration provider has been registered: cortex-debug, trigger: 1
calling activation function on Cortex-Debug
2026-02-04 16:53:21 2026-02-04T16:53:21.820Z root INFO [hosted-plugin: 7473] GDB server console created
2026-02-04 16:53:21 2026-02-04T16:53:21.838Z sketches-service WARN Mismatching sketch file <led.ino> and sketch folder name <practice>. Skipping
2026-02-04 16:53:21 2026-02-04T16:53:21.839Z sketches-service WARN Mismatching sketch file <led.ino> and sketch folder name <practice>. Skipping
2026-02-04 16:53:21 2026-02-04T16:53:21.964Z root INFO [c21f03e7-26a4-4b9b-8ab1-2d92c147960c] Start of 23 plugins: 669.9 ms [Finished 2.267 s after frontend start]
2026-02-04 16:53:22 2026-02-04T16:53:22.078Z daemon INFO time="2026-02-04T16:53:21Z" level=info msg="Tool required for debug" tool="arduino:dfu-util@0.11.0-arduino5"
time="2026-02-04T16:53:21Z" level=info msg="Tool required for debug" tool="esp32:esp-rv32@2511"
time="2026-02-04T16:53:21Z" level=info msg="Tool required for debug" tool="esp32:esp-x32@2511"
time="2026-02-04T16:53:21Z" level=info msg="Tool required for debug" tool="arduino:dfu-util@0.11.0-arduino5"
time="2026-02-04T16:53:21Z" level=info msg="Tool required for debug" tool="esp32:esp-rv32@2511"
time="2026-02-04T16:53:21Z" level=info msg="Tool required for debug" tool="esp32:esp-x32@2511"
time="2026-02-04T16:53:21Z" level=info msg="Tool required for debug" tool="esp32:esp32-libs@3.3.6"
time="2026-02-04T16:53:21Z" level=info msg="Tool required for debug" tool="esp32:esp32c3-libs@3.3.6"
time="2026-02-04T16:53:21Z" level=info msg="Tool required for debug" tool="esp32:esp32c5-libs@3.3.6"
time="2026-02-04T16:53:21Z" level=info msg="Tool required for debug" tool="esp32:esp32c6-libs@3.3.6"
time="2026-02-04T16:53:21Z" level=info msg="Tool required for debug" tool="esp32:esp32h2-libs@3.3.6"
time="2026-02-04T16:53:21Z" level=info msg="Tool required for debug" tool="esp32:esp32p4-libs@3.3.6"
time="2026-02-04T16:53:21Z" level=info msg="Tool required for debug" tool="esp32:esp32p4_es-libs@3.3.6"
time="2026-02-04T16:53:21Z" level=info msg="Tool required for debug" tool="esp32:esp32s2-libs@3.3.6"
time="2026-02-04T16:53:21Z" level=info msg="Tool required for debug" tool="esp32:esp32s3-libs@3.3.6"
time="2026-02-04T16:53:21Z" level=info msg="Tool required for debug" tool="esp32:esptool_py@5.1.0"
time="2026-02-04T16:53:21Z" level=info msg="Tool required for debug" tool="esp32:mklittlefs@4.0.2-db0513a"
time="2026-02-04T16:53:21Z" level=info msg="Tool required for debug" tool="esp32:mkspiffs@0.2.3"
time="2026-02-04T16:53:21Z" level=info msg="Tool required for debug" tool="esp32:openocd-esp32@v0.12.0-esp32-20251215"
time="2026-02-04T16:53:21Z" level=info msg="Tool required for debug" tool="esp32:riscv32-esp-elf-gdb@16.3_20250913"
time="2026-02-04T16:53:21Z" level=info msg="Tool required for debug" tool="esp32:esp32-libs@3.3.6"
time="2026-02-04T16:53:21Z" level=info msg="Tool required for debug" tool="esp32:esp32c3-libs@3.3.6"
time="2026-02-04T16:53:21Z" level=info msg="Tool required for debug" tool="esp32:esp32c5-libs@3.3.6"
time="2026-02-04T16:53:21Z" level=info msg="Tool required for debug" tool="esp32:esp32c6-libs@3.3.6"
time="2026-02-04T16:53:21Z" level=info msg="Tool required for debug" tool="esp32:esp32h2-libs@3.3.6"
time="2026-02-04T16:53:21Z" level=info msg="Tool required for debug" tool="esp32:xtensa-esp-elf-gdb@16.3_20250913"
time="2026-02-04T16:53:21Z" level=info msg="Tool required for debug" tool="builtin:serial-monitor@0.15.0"
time="2026-02-04T16:53:21Z" level=info msg="Tool required for debug" tool="arduino:avrdude@8.0.0-arduino1"
time="2026-02-04T16:53:21Z" level=info msg="Tool required for debug" tool="builtin:ctags@5.8-arduino11"
time="2026-02-04T16:53:21Z" level=info msg="Tool required for debug" tool="builtin:dfu-discovery@0.1.2"
time="2026-02-04T16:53:21Z" level=info msg="Tool required for debug" tool="esp32:esp32p4-libs@3.3.6"
time="2026-02-04T16:53:21Z" level=info msg="Tool required for debug" tool="esp32:esp32p4_es-libs@3.3.6"
time="2026-02-04T16:53:21Z" level=info msg="Tool required for debug" tool="esp32:esp32s2-libs@3.3.6"
time="2026-02-04T16:53:21Z" level=info msg="Tool required for debug" tool="esp32:esp32s3-libs@3.3.6"
time="2026-02-04T16:53:21Z" level=info msg="Tool required for debug" tool="esp32:esptool_py@5.1.0"
time="2026-02-04T16:53:21Z" level=info msg="Tool required for debug" tool="esp32:mklittlefs@4.0.2-db0513a"
time="2026-02-04T16:53:21Z" level=info msg="Tool required for debug" tool="esp32:mkspiffs@0.2.3"
time="2026-02-04T16:53:21Z" level=info msg="Tool required for debug" tool="esp32:openocd-esp32@v0.12.0-esp32-20251215"
time="2026-02-04T16:53:21Z" level=info msg="Tool required for debug" tool="esp32:riscv32-esp-elf-gdb@16.3_20250913"
time="2026-02-04T16:53:21Z" level=info msg="Tool required for debug" tool="arduino:dfu-util@0.11.0-arduino5"
time="2026-02-04T16:53:21Z" level=info msg="Tool required for debug" tool="esp32:esp-rv32@2511"
time="2026-02-04T16:53:21Z" level=info msg="Tool required for debug" tool="esp32:esp-x32@2511"
time="2026-02-04T16:53:21Z" level=info msg="Tool required for debug" tool="esp32:esp32-libs@3.3.6"
time="2026-02-04T16:53:21Z" level=info msg="Tool required for debug" tool="esp32:esp32c3-libs@3.3.6"
time="2026-02-04T16:53:21Z" level=info msg="Tool required for debug" tool="esp32:esp32c5-libs@3.3.6"
time="2026-02-04T16:53:21Z" level=info msg="Tool required for debug" tool="esp32:esp32c6-libs@3.3.6"
time="2026-02-04T16:53:21Z" level=info msg="Tool required for debug" tool="esp32:esp32h2-libs@3.3.6"
time="2026-02-04T16:53:21Z" level=info msg="Tool required for debug" tool="esp32:esp32p4-libs@3.3.6"
time="2026-02-04T16:53:21Z" level=info msg="Tool required for debug" tool="esp32:esp32p4_es-libs@3.3.6"
time="2026-02-04T16:53:21Z" level=info msg="Tool required for debug" tool="esp32:esp32s2-libs@3.3.6"
time="2026-02-04T16:53:21Z" level=info msg="Tool required for debug" tool="esp32:esp32s3-libs@3.3.6"
time="2026-02-04T16:53:21Z" level=info msg="Tool required for debug" tool="esp32:esptool_py@5.1.0"
time="2026-02-04T16:53:21Z" level=info msg="Tool required for debug" tool="esp32:mklittlefs@4.0.2-db0513a"
time="2026-02-04T16:53:21Z" level=info msg="Tool required for debug" tool="esp32:mkspiffs@0.2.3"
time="2026-02-04T16:53:21Z" level=info msg="Tool required for debug" tool="esp32:openocd-esp32@v0.12.0-esp32-20251215"
time="2026-02-04T16:53:21Z" level=info msg="Tool required for debug" tool="esp32:riscv32-esp-elf-gdb@16.3_20250913"
time="2026-02-04T16:53:21Z" level=info msg="Tool required for debug" tool="esp32:xtensa-esp-elf-gdb@16.3_20250913"
time="2026-02-04T16:53:21Z" level=info msg="Tool required for debug" tool="arduino:avr-gcc@7.3.0-atmel3.6.1-arduino7"
time="2026-02-04T16:53:21Z" level=info msg="Tool required for debug" tool="builtin:dfu-discovery@0.1.2"
time="2026-02-04T16:53:21Z" level=info msg="Tool required for debug" tool="builtin:serial-discovery@1.4.3"
time="2026-02-04T16:53:21Z" level=info msg="Tool required for debug" tool="builtin:ctags@5.8-arduino11"
time="2026-02-04T16:53:21Z" level=info msg="Tool required for debug" tool="builtin:serial-discovery@1.4.3"
time="2026-02-04T16:53:21Z" level=info msg="Tool required for debug" tool="esp32:xtensa-esp-elf-gdb@16.3_20250913"
time="2026-02-04T16:53:21Z" level=info msg="Tool required for debug" tool="builtin:ctags@5.8-arduino11"
time="2026-02-04T16:53:21Z" level=info msg="Tool required for debug" tool="arduino:arduinoOTA@1.3.0"
time="2026-02-04T16:53:21Z" level=info msg="Tool required for debug" tool="builtin:mdns-discovery@1.0.12"
time="2026-02-04T16:53:21Z" level=info msg="Tool required for debug" tool="arduino:avrdude@8.0.0-arduino1"
time="2026-02-04T16:53:21Z" level=info msg="Tool required for debug" tool="builtin:serial-monitor@0.15.0"
time="2026-02-04T16:53:21Z" level=info msg="Tool required for debug" tool="arduino:avr-gcc@7.3.0-atmel3.6.1-arduino7"
time="2026-02-04T16:53:21Z" level=info msg="Tool required for debug" tool="builtin:dfu-discovery@0.1.2"
time="2026-02-04T16:53:21Z" level=info msg="Tool required for debug" tool="builtin:serial-discovery@1.4.3"
time="2026-02-04T16:53:21Z" level=info msg="Tool required for debug" tool="arduino:arduinoOTA@1.3.0"
time="2026-02-04T16:53:21Z" level=info msg="Tool required for debug" tool="builtin:mdns-discovery@1.0.12"
time="2026-02-04T16:53:21Z" level=info msg="Tool required for debug" tool="arduino:arduinoOTA@1.3.0"
time="2026-02-04T16:53:21Z" level=info msg="Tool required for debug" tool="arduino:avrdude@8.0.0-arduino1"
time="2026-02-04T16:53:21Z" level=info msg="Tool required for debug" tool="builtin:serial-monitor@0.15.0"
time="2026-02-04T16:53:21Z" level=info msg="Tool required for debug" tool="builtin:mdns-discovery@1.0.12"
time="2026-02-04T16:53:21Z" level=info msg="Tool required for debug" tool="arduino:avr-gcc@7.3.0-atmel3.6.1-arduino7"
time="2026-02-04T16:53:21Z" level=info msg="Tool required for debug" tool="arduino:dfu-util@0.11.0-arduino5"
time="2026-02-04T16:53:21Z" level=info msg="Tool required for debug" tool="esp32:esp-rv32@2511"
time="2026-02-04T16:53:21Z" level=info msg="Tool required for debug" tool="esp32:esp-x32@2511"
time="2026-02-04T16:53:21Z" level=info msg="Tool required for debug" tool="esp32:esp32-libs@3.3.6"
time="2026-02-04T16:53:21Z" level=info msg="Tool required for debug" tool="esp32:esp32c3-libs@3.3.6"
time="2026-02-04T16:53:21Z" level=info msg="Tool required for debug" tool="esp32:esp32c5-libs@3.3.6"
time="2026-02-04T16:53:21Z" level=info msg="Tool required for debug" tool="esp32:esp32c6-libs@3.3.6"
time="2026-02-04T16:53:21Z" level=info msg="Tool required for debug" tool="esp32:esp32h2-libs@3.3.6"
time="2026-02-04T16:53:21Z" level=info msg="Tool required for debug" tool="esp32:esp32p4-libs@3.3.6"
time="2026-02-04T16:53:21Z" level=info msg="Tool required for debug" tool="esp32:esp32p4_es-libs@3.3.6"
time="2026-02-04T16:53:21Z" level=info msg="Tool required for debug" tool="esp32:esp32s2-libs@3.3.6"
time="2026-02-04T16:53:21Z" level=info msg="Tool required for debug" tool="esp32:esp32s3-libs@3.3.6"
time="2026-02-04T16:53:21Z" level=info msg="Tool required for debug" tool="esp32:esptool_py@5.1.0"
time="2026-02-04T16:53:21Z" level=info msg="Tool required for debug" tool="esp32:mklittlefs@4.0.2-db0513a"
time="2026-02-04T16:53:21Z" level=info msg="Tool required for debug" tool="esp32:mkspiffs@0.2.3"
time="2026-02-04T16:53:21Z" level=info msg="Tool required for debug" tool="esp32:openocd-esp32@v0.12.0-esp32-20251215"
time="2026-02-04T16:53:21Z" level=info msg="Tool required for debug" tool="esp32:riscv32-esp-elf-gdb@16.3_20250913"
time="2026-02-04T16:53:21Z" level=info msg="Tool required for debug" tool="esp32:xtensa-esp-elf-gdb@16.3_20250913"
time="2026-02-04T16:53:21Z" level=info msg="Tool required for debug" tool="builtin:mdns-discovery@1.0.12"
time="2026-02-04T16:53:21Z" level=info msg="Tool required for debug" tool="arduino:arduinoOTA@1.3.0"
time="2026-02-04T16:53:21Z" level=info msg="Tool required for debug" tool="arduino:avrdude@8.0.0-arduino1"
time="2026-02-04T16:53:21Z" level=info msg="Tool required for debug" tool="builtin:dfu-discovery@0.1.2"
time="2026-02-04T16:53:21Z" level=info msg="Tool required for debug" tool="builtin:serial-discovery@1.4.3"
time="2026-02-04T16:53:21Z" level=info msg="Tool required for debug" tool="arduino:dfu-util@0.11.0-arduino5"
time="2026-02-04T16:53:21Z" level=info msg="Tool required for debug" tool="esp32:esp-rv32@2511"
time="2026-02-04T16:53:21Z" level=info msg="Tool required for debug" tool="esp32:esp-x32@2511"
time="2026-02-04T16:53:21Z" level=info msg="Tool required for debug" tool="esp32:esp32-libs@3.3.6"
time="2026-02-04T16:53:21Z" level=info msg="Tool required for debug" tool="esp32:esp32c3-libs@3.3.6"
time="2026-02-04T16:53:21Z" level=info msg="Tool required for debug" tool="esp32:esp32c5-libs@3.3.6"
time="2026-02-04T16:53:21Z" level=info msg="Tool required for debug" tool="esp32:esp32c6-libs@3.3.6"
time="2026-02-04T16:53:21Z" level=info msg="Tool required for debug" tool="esp32:esp32h2-libs@3.3.6"
time="2026-02-04T16:53:21Z" level=info msg="Tool required for debug" tool="esp32:esp32p4-libs@3.3.6"
time="2026-02-04T16:53:21Z" level=info msg="Tool required for debug" tool="esp32:esp32p4_es-libs@3.3.6"
time="2026-02-04T16:53:21Z" level=info msg="Tool required for debug" tool="esp32:esp32s2-libs@3.3.6"
time="2026-02-04T16:53:21Z" level=info msg="Tool required for debug" tool="esp32:esp32s3-libs@3.3.6"
time="2026-02-04T16:53:21Z" level=info msg="Tool required for debug" tool="esp32:esptool_py@5.1.0"
time="2026-02-04T16:53:21Z" level=info msg="Tool required for debug" tool="esp32:mklittlefs@4.0.2-db0513a"
time="2026-02-04T16:53:21Z" level=info msg="Tool required for debug" tool="esp32:mkspiffs@0.2.3"
time="2026-02-04T16:53:21Z" level=info msg="Tool required for debug" tool="esp32:openocd-esp32@v0.12.0-esp32-20251215"
time="2026-02-04T16:53:21Z" level=info msg="Tool required for debug" tool="esp32:riscv32-esp-elf-gdb@16.3_20250913"
time="2026-02-04T16:53:21Z" level=info msg="Tool required for debug" tool="esp32:xtensa-esp-elf-gdb@16.3_20250913"
time="2026-02-04T16:53:21Z" level=info msg="Tool required for debug" tool="arduino:avrdude@8.0.0-arduino1"
time="2026-02-04T16:53:21Z" level=info msg="Tool required for debug" tool="builtin:serial-discovery@1.4.3"
time="2026-02-04T16:53:21Z" level=info msg="Tool required for debug" tool="arduino:avr-gcc@7.3.0-atmel3.6.1-arduino7"
time="2026-02-04T16:53:21Z" level=info msg="Tool required for debug" tool="builtin:serial-monitor@0.15.0"
time="2026-02-04T16:53:21Z" level=info msg="Tool required for debug" tool="builtin:serial-monitor@0.15.0"
time="2026-02-04T16:53:21Z" level=info msg="Tool required for debug" tool="builtin:mdns-discovery@1.0.12"
time="2026-02-04T16:53:21Z" level=info msg="Tool required for debug" tool="builtin:ctags@5.8-arduino11"
time="2026-02-04T16:53:21Z" level=info msg="Tool required for debug" tool="builtin:ctags@5.8-arduino11"
time="2026-02-04T16:53:21Z" level=info msg="Tool required for debug" tool="builtin:dfu-discovery@0.1.2"
time="2026-02-04T16:53:21Z" level=info msg="Tool required for debug" tool="arduino:avr-gcc@7.3.0-atmel3.6.1-arduino7"
time="2026-02-04T16:53:21Z" level=info msg="Tool required for debug" tool="arduino:arduinoOTA@1.3.0"
time="2026-02-04T16:53:21Z" level=info msg="Tool required for debug" tool="arduino:dfu-util@0.11.0-arduino5"
time="2026-02-04T16:53:21Z" level=info msg="Tool required for debug" tool="esp32:esp-rv32@2511"
time="2026-02-04T16:53:21Z" level=info msg="Tool required for debug" tool="esp32:esp-x32@2511"
time="2026-02-04T16:53:21Z" level=info msg="Tool required for debug" tool="esp32:esp32-libs@3.3.6"
time="2026-02-04T16:53:21Z" level=info msg="Tool required for debug" tool="esp32:esp32c3-libs@3.3.6"
time="2026-02-04T16:53:21Z" level=info msg="Tool required for debug" tool="esp32:esp32c5-libs@3.3.6"
time="2026-02-04T16:53:21Z" level=info msg="Tool required for debug" tool="esp32:esp32c6-libs@3.3.6"
time="2026-02-04T16:53:21Z" level=info msg="Tool required for debug" tool="esp32:esp32h2-libs@3.3.6"
time="2026-02-04T16:53:21Z" level=info msg="Tool required for debug" tool="esp32:esp32p4-libs@3.3.6"
time="2026-02-04T16:53:21Z" level=info msg="Tool required for debug" tool="esp32:esp32p4_es-libs@3.3.6"
time="2026-02-04T16:53:21Z" level=info msg="Tool required for debug" tool="esp32:esp32s2-libs@3.3.6"
time="2026-02-04T16:53:21Z" level=info msg="Tool required for debug" tool="esp32:esp32s3-libs@3.3.6"
time="2026-02-04T16:53:21Z" level=info msg="Tool required for debug" tool="esp32:esptool_py@5.1.0"
time="2026-02-04T16:53:21Z" level=info msg="Tool required for debug" tool="esp32:mklittlefs@4.0.2-db0513a"
time="2026-02-04T16:53:21Z" level=info msg="Tool required for debug" tool="esp32:mkspiffs@0.2.3"
time="2026-02-04T16:53:21Z" level=info msg="Tool required for debug" tool="esp32:openocd-esp32@v0.12.0-esp32-20251215"
time="2026-02-04T16:53:21Z" level=info msg="Tool required for debug" tool="esp32:riscv32-esp-elf-gdb@16.3_20250913"
time="2026-02-04T16:53:21Z" level=info msg="Tool required for debug" tool="esp32:xtensa-esp-elf-gdb@16.3_20250913"
time="2026-02-04T16:53:21Z" level=info msg="Tool required for debug" tool="builtin:ctags@5.8-arduino11"
time="2026-02-04T16:53:21Z" level=info msg="Tool required for debug" tool="builtin:dfu-discovery@0.1.2"
time="2026-02-04T16:53:21Z" level=info msg="Tool required for debug" tool="arduino:arduinoOTA@1.3.0"
time="2026-02-04T16:53:21Z" level=info msg="Tool required for debug" tool="builtin:serial-discovery@1.4.3"
time="2026-02-04T16:53:21Z" level=info msg="Tool required for debug" tool="builtin:serial-monitor@0.15.0"
time="2026-02-04T16:53:21Z" level=info msg="Tool required for debug" tool="arduino:avr-gcc@7.3.0-atmel3.6.1-arduino7"
time="2026-02-04T16:53:21Z" level=info msg="Tool required for debug" tool="arduino:avrdude@8.0.0-arduino1"
time="2026-02-04T16:53:21Z" level=info msg="Tool required for debug" tool="builtin:mdns-discovery@1.0.12"
time="2026-02-04T16:53:21Z" level=info msg="Tool required for debug" tool="arduino:dfu-util@0.11.0-arduino5"
time="2026-02-04T16:53:21Z" level=info msg="Tool required for debug" tool="esp32:esp-rv32@2511"
time="2026-02-04T16:53:21Z" level=info msg="Tool required for debug" tool="esp32:esp-x32@2511"
time="2026-02-04T16:53:21Z" level=info msg="Tool required for debug" tool="esp32:esp32-libs@3.3.6"
time="2026-02-04T16:53:21Z" level=info msg="Tool required for debug" tool="esp32:esp32c3-libs@3.3.6"
time="2026-02-04T16:53:21Z" level=info msg="Tool required for debug" tool="esp32:esp32c5-libs@3.3.6"
time="2026-02-04T16:53:21Z" level=info msg="Tool required for debug" tool="esp32:esp32c6-libs@3.3.6"
time="2026-02-04T16:53:21Z" level=info msg="Tool required for debug" tool="esp32:esp32h2-libs@3.3.6"
time="2026-02-04T16:53:21Z" level=info msg="Tool required for debug" tool="esp32:esp32p4-libs@3.3.6"
time="2026-02-04T16:53:21Z" level=info msg="Tool required for debug" tool="esp32:esp32p4_es-libs@3.3.6"
time="2026-02-04T16:53:21Z" level=info msg="Tool required for debug" tool="esp32:esp32s2-libs@3.3.6"
time="2026-02-04T16:53:21Z" level=info msg="Tool required for debug" tool="esp32:esp32s3-libs@3.3.6"
time="2026-02-04T16:53:21Z" level=info msg="Tool required for debug" tool="arduino:dfu-util@0.11.0-arduino5"
time="2026-02-04T16:53:21Z" level=info msg="Tool required for debug" tool="esp32:esp-rv32@2511"
time="2026-02-04T16:53:21Z" level=info msg="Tool required for debug" tool="esp32:esp-x32@2511"
time="2026-02-04T16:53:21Z" level=info msg="Tool required for debug" tool="esp32:esp32-libs@3.3.6"
time="2026-02-04T16:53:21Z" level=info msg="Tool required for debug" tool="esp32:esp32c3-libs@3.3.6"
time="2026-02-04T16:53:21Z" level=info msg="Tool required for debug" tool="esp32:esp32c5-libs@3.3.6"
time="2026-02-04T16:53:21Z" level=info msg="Tool required for debug" tool="esp32:esp32c6-libs@3.3.6"
time="2026-02-04T16:53:21Z" level=info msg="Tool required for debug" tool="esp32:esp32h2-libs@3.3.6"
time="2026-02-04T16:53:21Z" level=info msg="Tool required for debug" tool="esp32:esp32p4-libs@3.3.6"
time="2026-02-04T16:53:21Z" level=info msg="Tool required for debug" tool="esp32:esp32p4_es-libs@3.3.6"
time="2026-02-04T16:53:21Z" level=info msg="Tool required for debug" tool="esp32:esp32s2-libs@3.3.6"
time="2026-02-04T16:53:21Z" level=info msg="Tool required for debug" tool="esp32:esp32s3-libs@3.3.6"
time="2026-02-04T16:53:21Z" level=info msg="Tool required for debug" tool="esp32:esptool_py@5.1.0"
time="2026-02-04T16:53:21Z" level=info msg="Tool required for debug" tool="esp32:esptool_py@5.1.0"
time="2026-02-04T16:53:21Z" level=info msg="Tool required for debug" tool="esp32:mklittlefs@4.0.2-db0513a"
time="2026-02-04T16:53:21Z" level=info msg="Tool required for debug" tool="esp32:mklittlefs@4.0.2-db0513a"
time="2026-02-04T16:53:21Z" level=info msg="Tool required for debug" tool="esp32:mkspiffs@0.2.3"
time="2026-02-04T16:53:21Z" level=info msg="Tool required for debug" tool="esp32:mkspiffs@0.2.3"
time="2026-02-04T16:53:21Z" level=info msg="Tool required for debug" tool="esp32:openocd-esp32@v0.12.0-esp32-20251215"
time="2026-02-04T16:53:21Z" level=info msg="Tool required for debug" tool="esp32:openocd-esp32@v0.12.0-esp32-20251215"
time="2026-02-04T16:53:21Z" level=info msg="Tool required for debug" tool="esp32:riscv32-esp-elf-gdb@16.3_20250913"
time="2026-02-04T16:53:21Z" level=info msg="Tool required for debug" tool="esp32:xtensa-esp-elf-gdb@16.3_20250913"
time="2026-02-04T16:53:21Z" level=info msg="Tool required for debug" tool="builtin:dfu-discovery@0.1.2"
time="2026-02-04T16:53:21Z" level=info msg="Tool required for debug" tool="builtin:serial-monitor@0.15.0"
time="2026-02-04T16:53:21Z" level=info msg="Tool required for debug" tool="arduino:arduinoOTA@1.3.0"
time="2026-02-04T16:53:21Z" level=info msg="Tool required for debug" tool="builtin:ctags@5.8-arduino11"
time="2026-02-04T16:53:21Z" level=info msg="Tool required for debug" tool="builtin:mdns-discovery@1.0.12"
time="2026-02-04T16:53:21Z" level=info msg="Tool required for debug" tool="arduino:avrdude@8.0.0-arduino1"
time="2026-02-04T16:53:21Z" level=info msg="Tool required for debug" tool="builtin:serial-discovery@1.4.3"
time="2026-02-04T16:53:21Z" level=info msg="Tool required for debug" tool="esp32:riscv32-esp-elf-gdb@16.3_20250913"
time="2026-02-04T16:53:21Z" level=info msg="Tool required for debug" tool="esp32:xtensa-esp-elf-gdb@16.3_20250913"
time="2026-02-04T16:53:21Z" level=info msg="Tool required for debug" tool="builtin:mdns-discovery@1.0.12"
time="2026-02-04T16:53:21Z" level=info msg="Tool required for debug" tool="arduino:avr-gcc@7.3.0-atmel3.6.1-arduino7"
time="2026-02-04T16:53:21Z" level=info msg="Tool required for debug" tool="builtin:ctags@5.8-arduino11"
time="2026-02-04T16:53:21Z" level=info msg="Tool required for debug" tool="builtin:dfu-discovery@0.1.2"
time="2026-02-04T16:53:21Z" level=info msg="Tool required for debug" tool="builtin:serial-discovery@1.4.3"
time="2026-02-04T16:53:21Z" level=info msg="Tool required for debug" tool="arduino:arduinoOTA@1.3.0"
time="2026-02-04T16:53:21Z" level=info msg="Tool required for debug" tool="builtin:serial-monitor@0.15.0"
time="2026-02-04T16:53:21Z" level=info msg="Tool required for debug" tool="arduino:avr-gcc@7.3.0-atmel3.6.1-arduino7"
time="2026-02-04T16:53:21Z" level=info msg="Tool required for debug" tool="arduino:avrdude@8.0.0-arduino1"
time="2026-02-04T16:53:21Z" level=info msg="Tool required for debug" tool="arduino:dfu-util@0.11.0-arduino5"
time="2026-02-04T16:53:21Z" level=info msg="Tool required for debug" tool="esp32:esp-rv32@2511"
time="2026-02-04T16:53:21Z" level=info msg="Tool required for debug" tool="esp32:esp-x32@2511"
time="2026-02-04T16:53:21Z" level=info msg="Tool required for debug" tool="esp32:esp32-libs@3.3.6"
time="2026-02-04T16:53:21Z" level=info msg="Tool required for debug" tool="esp32:esp32c3-libs@3.3.6"
time="2026-02-04T16:53:21Z" level=info msg="Tool required for debug" tool="esp32:esp32c5-libs@3.3.6"
time="2026-02-04T16:53:21Z" level=info msg="Tool required for debug" tool="esp32:esp32c6-libs@3.3.6"
time="2026-02-04T16:53:21Z" level=info msg="Tool required for debug" tool="esp32:esp32h2-libs@3.3.6"
time="2026-02-04T16:53:21Z" level=info msg="Tool required for debug" tool="esp32:esp32p4-libs@3.3.6"
time="2026-02-04T16:53:21Z" level=info msg="Tool required for debug" tool="esp32:esp32p4_es-libs@3.3.6"
time="2026-02-04T16:53:21Z" level=info msg="Tool required for debug" tool="esp32:esp32s2-libs@3.3.6"
time="2026-02-04T16:53:21Z" level=info msg="Tool required for debug" tool="esp32:esp32s3-libs@3.3.6"
time="2026-02-04T16:53:21Z" level=info msg="Tool required for debug" tool="esp32:esptool_py@5.1.0"
time="2026-02-04T16:53:21Z" level=info msg="Tool required for debug" tool="esp32:mklittlefs@4.0.2-db0513a"
time="2026-02-04T16:53:21Z" level=info msg="Tool required for debug" tool="esp32:mkspiffs@0.2.3"
time="2026-02-04T16:53:21Z" level=info msg="Tool required for debug" tool="esp32:openocd-esp32@v0.12.0-esp32-20251215"
time="2026-02-04T16:53:21Z" level=info msg="Tool required for debug" tool="esp32:riscv32-esp-elf-gdb@16.3_20250913"
time="2026-02-04T16:53:21Z" level=info msg="Tool required for debug" tool="esp32:xtensa-esp-elf-gdb@16.3_20250913"
time="2026-02-04T16:53:21Z" level=info msg="Tool required for debug" tool="builtin:dfu-discovery@0.1.2"
time="2026-02-04T16:53:21Z" level=info msg="Tool required for debug" tool="builtin:serial-monitor@0.15.0"
time="2026-02-04T16:53:21Z" level=info msg="Tool required for debug" tool="builtin:ctags@5.8-arduino11"
time="2026-02-04T16:53:21Z" level=info msg="Tool required for debug" tool="arduino:arduinoOTA@1.3.0"
time="2026-02-04T16:53:21Z" level=info msg="Tool required for debug" tool="builtin:mdns-discovery@1.0.12"
time="2026-02-04T16:53:21Z" level=info msg="Tool required for debug" tool="arduino:avrdude@8.0.0-arduino1"
time="2026-02-04T16:53:21Z" level=info msg="Tool required for debug" tool="builtin:serial-discovery@1.4.3"
time="2026-02-04T16:53:21Z" level=info msg="Tool required for debug" tool="arduino:avr-gcc@7.3.0-atmel3.6.1-arduino7"
time="2026-02-04T16:53:21Z" level=info msg="Tool required for debug" tool="arduino:dfu-util@0.11.0-arduino5"
time="2026-02-04T16:53:21Z" level=info msg="Tool required for debug" tool="esp32:esp-rv32@2511"
time="2026-02-04T16:53:21Z" level=info msg="Tool required for debug" tool="esp32:esp-x32@2511"
time="2026-02-04T16:53:21Z" level=info msg="Tool required for debug" tool="esp32:esp32-libs@3.3.6"
time="2026-02-04T16:53:21Z" level=info msg="Tool required for debug" tool="esp32:esp32c3-libs@3.3.6"
time="2026-02-04T16:53:21Z" level=info msg="Tool required for debug" tool="esp32:esp32c5-libs@3.3.6"
time="2026-02-04T16:53:21Z" level=info msg="Tool required for debug" tool="esp32:esp32c6-libs@3.3.6"
time="2026-02-04T16:53:21Z" level=info msg="Tool required for debug" tool="esp32:esp32h2-libs@3.3.6"
time="2026-02-04T16:53:21Z" level=info msg="Tool required for debug" tool="esp32:esp32p4-libs@3.3.6"
time="2026-02-04T16:53:21Z" level=info msg="Tool required for debug" tool="esp32:esp32p4_es-libs@3.3.6"
time="2026-02-04T16:53:21Z" level=info msg="Tool required for debug" tool="esp32:esp32s2-libs@3.3.6"
time="2026-02-04T16:53:21Z" level=info msg="Tool required for debug" tool="esp32:esp32s3-libs@3.3.6"
time="2026-02-04T16:53:21Z" level=info msg="Tool required for debug" tool="esp32:esptool_py@5.1.0"
time="2026-02-04T16:53:21Z" level=info msg="Tool required for debug" tool="esp32:mklittlefs@4.0.2-db0513a"
time="2026-02-04T16:53:21Z" level=info msg="Tool required for debug" tool="esp32:mkspiffs@0.2.3"
time="2026-02-04T16:53:21Z" level=info msg="Tool required for debug" tool="esp32:openocd-esp32@v0.12.0-esp32-20251215"
time="2026-02-04T16:53:21Z" level=info msg="Tool required for debug" tool="esp32:riscv32-esp-elf-gdb@16.3_20250913"
time="2026-02-04T16:53:21Z" level=info msg="Tool required for debug" tool="esp32:xtensa-esp-elf-gdb@16.3_20250913"
time="2026-02-04T16:53:21Z" level=info msg="Tool required for debug" tool="builtin:dfu-discovery@0.1.2"
time="2026-02-04T16:53:21Z" level=info msg="Tool required for debug" tool="arduino:avr-gcc@7.3.0-atmel3.6.1-arduino7"
time="2026-02-04T16:53:21Z" level=info msg="Tool required for debug" tool="arduino:avrdude@8.0.0-arduino1"
time="2026-02-04T16:53:21Z" level=info msg="Tool required for debug" tool="builtin:serial-discovery@1.4.3"
time="2026-02-04T16:53:21Z" level=info msg="Tool required for debug" tool="builtin:serial-monitor@0.15.0"
time="2026-02-04T16:53:21Z" level=info msg="Tool required for debug" tool="builtin:ctags@5.8-arduino11"
time="2026-02-04T16:53:21Z" level=info msg="Tool required for debug" tool="builtin:mdns-discovery@1.0.12"
time="2026-02-04T16:53:21Z" level=info msg="Tool required for debug" tool="arduino:arduinoOTA@1.3.0"
time="2026-02-04T16:53:21Z" level=info msg="Tool required for debug" tool="arduino:dfu-util@0.11.0-arduino5"
time="2026-02-04T16:53:21Z" level=info msg="Tool required for debug" tool="esp32:esp-rv32@2511"
time="2026-02-04T16:53:21Z" level=info msg="Tool required for debug" tool="esp32:esp-x32@2511"
time="2026-02-04T16:53:21Z" level=info msg="Tool required for debug" tool="esp32:esp32-libs@3.3.6"
time="2026-02-04T16:53:21Z" level=info msg="Tool required for debug" tool="esp32:esp32c3-libs@3.3.6"
time="2026-02-04T16:53:21Z" level=info msg="Tool required for debug" tool="esp32:esp32c5-libs@3.3.6"
time="2026-02-04T16:53:21Z" level=info msg="Tool required for debug" tool="esp32:esp32c6-libs@3.3.6"
time="2026-02-04T16:53:21Z" level=info msg="Tool required for debug" tool="esp32:esp32h2-libs@3.3.6"
time="2026-02-04T16:53:21Z" level=info msg="Tool required for debug" tool="esp32:esp32p4-libs@3.3.6"
time="2026-02-04T16:53:21Z" level=info msg="Tool required for debug" tool="esp32:esp32p4_es-libs@3.3.6"
time="2026-02-04T16:53:21Z" level=info msg="Tool required for debug" tool="esp32:esp32s2-libs@3.3.6"
time="2026-02-04T16:53:21Z" level=info msg="Tool required for debug" tool="esp32:esp32s3-libs@3.3.6"
time="2026-02-04T16:53:21Z" level=info msg="Tool required for debug" tool="esp32:esptool_py@5.1.0"
time="2026-02-04T16:53:21Z" level=info msg="Tool required for debug" tool="esp32:mklittlefs@4.0.2-db0513a"
time="2026-02-04T16:53:21Z" level=info msg="Tool required for debug" tool="esp32:mkspiffs@0.2.3"
time="2026-02-04T16:53:21Z" level=info msg="Tool required for debug" tool="esp32:openocd-esp32@v0.12.0-esp32-20251215"
time="2026-02-04T16:53:21Z" level=info msg="Tool required for debug" tool="esp32:riscv32-esp-elf-gdb@16.3_20250913"
time="2026-02-04T16:53:21Z" level=info msg="Tool required for debug" tool="esp32:xtensa-esp-elf-gdb@16.3_20250913"
time="2026-02-04T16:53:21Z" level=info msg="Tool required for debug" tool="builtin:ctags@5.8-arduino11"
2026-02-04 16:53:22 2026-02-04T16:53:22.079Z daemon INFO time="2026-02-04T16:53:22Z" level=info msg="Tool required for debug" tool="arduino:avr-gcc@7.3.0-atmel3.6.1-arduino7"
time="2026-02-04T16:53:22Z" level=info msg="Tool required for debug" tool="builtin:dfu-discovery@0.1.2"
time="2026-02-04T16:53:22Z" level=info msg="Tool required for debug" tool="builtin:mdns-discovery@1.0.12"
time="2026-02-04T16:53:21Z" level=info msg="Tool required for debug" tool="arduino:dfu-util@0.11.0-arduino5"
time="2026-02-04T16:53:22Z" level=info msg="Tool required for debug" tool="esp32:esp-rv32@2511"
time="2026-02-04T16:53:22Z" level=info msg="Tool required for debug" tool="esp32:esp-x32@2511"
time="2026-02-04T16:53:22Z" level=info msg="Tool required for debug" tool="esp32:esp32-libs@3.3.6"
time="2026-02-04T16:53:22Z" level=info msg="Tool required for debug" tool="esp32:esp32c3-libs@3.3.6"
time="2026-02-04T16:53:22Z" level=info msg="Tool required for debug" tool="esp32:esp32c5-libs@3.3.6"
time="2026-02-04T16:53:22Z" level=info msg="Tool required for debug" tool="esp32:esp32c6-libs@3.3.6"
time="2026-02-04T16:53:22Z" level=info msg="Tool required for debug" tool="esp32:esp32h2-libs@3.3.6"
time="2026-02-04T16:53:22Z" level=info msg="Tool required for debug" tool="esp32:esp32p4-libs@3.3.6"
time="2026-02-04T16:53:22Z" level=info msg="Tool required for debug" tool="esp32:esp32p4_es-libs@3.3.6"
time="2026-02-04T16:53:22Z" level=info msg="Tool required for debug" tool="esp32:esp32s2-libs@3.3.6"
time="2026-02-04T16:53:22Z" level=info msg="Tool required for debug" tool="esp32:esp32s3-libs@3.3.6"
time="2026-02-04T16:53:22Z" level=info msg="Tool required for debug" tool="esp32:esptool_py@5.1.0"
time="2026-02-04T16:53:22Z" level=info msg="Tool required for debug" tool="esp32:mklittlefs@4.0.2-db0513a"
time="2026-02-04T16:53:22Z" level=info msg="Tool required for debug" tool="esp32:mkspiffs@0.2.3"
time="2026-02-04T16:53:22Z" level=info msg="Tool required for debug" tool="esp32:openocd-esp32@v0.12.0-esp32-20251215"
time="2026-02-04T16:53:22Z" level=info msg="Tool required for debug" tool="esp32:riscv32-esp-elf-gdb@16.3_20250913"
time="2026-02-04T16:53:22Z" level=info msg="Tool required for debug" tool="esp32:xtensa-esp-elf-gdb@16.3_20250913"
time="2026-02-04T16:53:22Z" level=info msg="Tool required for debug" tool="builtin:serial-monitor@0.15.0"
time="2026-02-04T16:53:22Z" level=info msg="Tool required for debug" tool="arduino:avr-gcc@7.3.0-atmel3.6.1-arduino7"
time="2026-02-04T16:53:22Z" level=info msg="Tool required for debug" tool="arduino:avrdude@8.0.0-arduino1"
time="2026-02-04T16:53:22Z" level=info msg="Tool required for debug" tool="builtin:mdns-discovery@1.0.12"
time="2026-02-04T16:53:22Z" level=info msg="Tool required for debug" tool="arduino:arduinoOTA@1.3.0"
time="2026-02-04T16:53:22Z" level=info msg="Tool required for debug" tool="builtin:ctags@5.8-arduino11"
time="2026-02-04T16:53:22Z" level=info msg="Tool required for debug" tool="builtin:dfu-discovery@0.1.2"
time="2026-02-04T16:53:22Z" level=info msg="Tool required for debug" tool="builtin:serial-discovery@1.4.3"
time="2026-02-04T16:53:22Z" level=info msg="Tool required for debug" tool="builtin:serial-monitor@0.15.0"
time="2026-02-04T16:53:21Z" level=info msg="Tool required for debug" tool="arduino:dfu-util@0.11.0-arduino5"
time="2026-02-04T16:53:22Z" level=info msg="Tool required for debug" tool="esp32:esp-rv32@2511"
time="2026-02-04T16:53:22Z" level=info msg="Tool required for debug" tool="esp32:esp-x32@2511"
time="2026-02-04T16:53:22Z" level=info msg="Tool required for debug" tool="esp32:esp32-libs@3.3.6"
time="2026-02-04T16:53:22Z" level=info msg="Tool required for debug" tool="esp32:esp32c3-libs@3.3.6"
time="2026-02-04T16:53:22Z" level=info msg="Tool required for debug" tool="esp32:esp32c5-libs@3.3.6"
time="2026-02-04T16:53:22Z" level=info msg="Tool required for debug" tool="esp32:esp32c6-libs@3.3.6"
time="2026-02-04T16:53:22Z" level=info msg="Tool required for debug" tool="esp32:esp32h2-libs@3.3.6"
time="2026-02-04T16:53:22Z" level=info msg="Tool required for debug" tool="esp32:esp32p4-libs@3.3.6"
time="2026-02-04T16:53:22Z" level=info msg="Tool required for debug" tool="esp32:esp32p4_es-libs@3.3.6"
time="2026-02-04T16:53:22Z" level=info msg="Tool required for debug" tool="esp32:esp32s2-libs@3.3.6"
time="2026-02-04T16:53:22Z" level=info msg="Tool required for debug" tool="esp32:esp32s3-libs@3.3.6"
time="2026-02-04T16:53:22Z" level=info msg="Tool required for debug" tool="esp32:esptool_py@5.1.0"
time="2026-02-04T16:53:22Z" level=info msg="Tool required for debug" tool="arduino:avrdude@8.0.0-arduino1"
time="2026-02-04T16:53:22Z" level=info msg="Tool required for debug" tool="builtin:serial-discovery@1.4.3"
time="2026-02-04T16:53:22Z" level=info msg="Tool required for debug" tool="esp32:mklittlefs@4.0.2-db0513a"
time="2026-02-04T16:53:22Z" level=info msg="Tool required for debug" tool="arduino:arduinoOTA@1.3.0"
time="2026-02-04T16:53:22Z" level=info msg="Tool required for debug" tool="esp32:mkspiffs@0.2.3"
time="2026-02-04T16:53:22Z" level=info msg="Tool required for debug" tool="esp32:openocd-esp32@v0.12.0-esp32-20251215"
time="2026-02-04T16:53:22Z" level=info msg="Tool required for debug" tool="esp32:riscv32-esp-elf-gdb@16.3_20250913"
time="2026-02-04T16:53:22Z" level=info msg="Tool required for debug" tool="esp32:xtensa-esp-elf-gdb@16.3_20250913"
time="2026-02-04T16:53:22Z" level=info msg="Tool required for debug" tool="builtin:mdns-discovery@1.0.12"
time="2026-02-04T16:53:22Z" level=info msg="Tool required for debug" tool="arduino:avr-gcc@7.3.0-atmel3.6.1-arduino7"
time="2026-02-04T16:53:22Z" level=info msg="Tool required for debug" tool="arduino:avrdude@8.0.0-arduino1"
time="2026-02-04T16:53:22Z" level=info msg="Tool required for debug" tool="builtin:serial-discovery@1.4.3"
time="2026-02-04T16:53:22Z" level=info msg="Tool required for debug" tool="builtin:serial-monitor@0.15.0"
time="2026-02-04T16:53:22Z" level=info msg="Tool required for debug" tool="builtin:ctags@5.8-arduino11"
time="2026-02-04T16:53:22Z" level=info msg="Tool required for debug" tool="arduino:arduinoOTA@1.3.0"
time="2026-02-04T16:53:22Z" level=info msg="Tool required for debug" tool="builtin:dfu-discovery@0.1.2"
2026-02-04 16:53:22 2026-02-04T16:53:22.080Z daemon INFO time="2026-02-04T16:53:22Z" level=info msg="Tool required for debug" tool="arduino:dfu-util@0.11.0-arduino5"
time="2026-02-04T16:53:22Z" level=info msg="Tool required for debug" tool="esp32:esp-rv32@2511"
time="2026-02-04T16:53:22Z" level=info msg="Tool required for debug" tool="esp32:esp-x32@2511"
time="2026-02-04T16:53:22Z" level=info msg="Tool required for debug" tool="esp32:esp32-libs@3.3.6"
time="2026-02-04T16:53:22Z" level=info msg="Tool required for debug" tool="esp32:esp32c3-libs@3.3.6"
time="2026-02-04T16:53:22Z" level=info msg="Tool required for debug" tool="esp32:esp32c5-libs@3.3.6"
time="2026-02-04T16:53:22Z" level=info msg="Tool required for debug" tool="esp32:esp32c6-libs@3.3.6"
time="2026-02-04T16:53:22Z" level=info msg="Tool required for debug" tool="esp32:esp32h2-libs@3.3.6"
time="2026-02-04T16:53:22Z" level=info msg="Tool required for debug" tool="esp32:esp32p4-libs@3.3.6"
time="2026-02-04T16:53:22Z" level=info msg="Tool required for debug" tool="esp32:esp32p4_es-libs@3.3.6"
time="2026-02-04T16:53:22Z" level=info msg="Tool required for debug" tool="esp32:esp32s2-libs@3.3.6"
time="2026-02-04T16:53:22Z" level=info msg="Tool required for debug" tool="esp32:esp32s3-libs@3.3.6"
time="2026-02-04T16:53:22Z" level=info msg="Tool required for debug" tool="esp32:esptool_py@5.1.0"
time="2026-02-04T16:53:22Z" level=info msg="Tool required for debug" tool="esp32:mklittlefs@4.0.2-db0513a"
time="2026-02-04T16:53:22Z" level=info msg="Tool required for debug" tool="esp32:mkspiffs@0.2.3"
time="2026-02-04T16:53:22Z" level=info msg="Tool required for debug" tool="esp32:openocd-esp32@v0.12.0-esp32-20251215"
time="2026-02-04T16:53:22Z" level=info msg="Tool required for debug" tool="esp32:riscv32-esp-elf-gdb@16.3_20250913"
time="2026-02-04T16:53:22Z" level=info msg="Tool required for debug" tool="esp32:xtensa-esp-elf-gdb@16.3_20250913"
time="2026-02-04T16:53:22Z" level=info msg="Tool required for debug" tool="builtin:ctags@5.8-arduino11"
time="2026-02-04T16:53:22Z" level=info msg="Tool required for debug" tool="arduino:avrdude@8.0.0-arduino1"
time="2026-02-04T16:53:22Z" level=info msg="Tool required for debug" tool="builtin:mdns-discovery@1.0.12"
time="2026-02-04T16:53:22Z" level=info msg="Tool required for debug" tool="builtin:dfu-discovery@0.1.2"
time="2026-02-04T16:53:22Z" level=info msg="Tool required for debug" tool="builtin:serial-discovery@1.4.3"
time="2026-02-04T16:53:22Z" level=info msg="Tool required for debug" tool="builtin:serial-monitor@0.15.0"
time="2026-02-04T16:53:22Z" level=info msg="Tool required for debug" tool="arduino:arduinoOTA@1.3.0"
time="2026-02-04T16:53:22Z" level=info msg="Tool required for debug" tool="arduino:avr-gcc@7.3.0-atmel3.6.1-arduino7"
time="2026-02-04T16:53:22Z" level=info msg="Tool required for debug" tool="arduino:dfu-util@0.11.0-arduino5"
time="2026-02-04T16:53:22Z" level=info msg="Tool required for debug" tool="esp32:esp-rv32@2511"
time="2026-02-04T16:53:22Z" level=info msg="Tool required for debug" tool="esp32:esp-x32@2511"
time="2026-02-04T16:53:22Z" level=info msg="Tool required for debug" tool="esp32:esp32-libs@3.3.6"
time="2026-02-04T16:53:22Z" level=info msg="Tool required for debug" tool="esp32:esp32c3-libs@3.3.6"
time="2026-02-04T16:53:22Z" level=info msg="Tool required for debug" tool="esp32:esp32c5-libs@3.3.6"
time="2026-02-04T16:53:22Z" level=info msg="Tool required for debug" tool="esp32:esp32c6-libs@3.3.6"
time="2026-02-04T16:53:22Z" level=info msg="Tool required for debug" tool="esp32:esp32h2-libs@3.3.6"
time="2026-02-04T16:53:22Z" level=info msg="Tool required for debug" tool="esp32:esp32p4-libs@3.3.6"
time="2026-02-04T16:53:22Z" level=info msg="Tool required for debug" tool="esp32:esp32p4_es-libs@3.3.6"
time="2026-02-04T16:53:22Z" level=info msg="Tool required for debug" tool="esp32:esp32s2-libs@3.3.6"
time="2026-02-04T16:53:22Z" level=info msg="Tool required for debug" tool="esp32:esp32s3-libs@3.3.6"
time="2026-02-04T16:53:22Z" level=info msg="Tool required for debug" tool="esp32:esptool_py@5.1.0"
time="2026-02-04T16:53:22Z" level=info msg="Tool required for debug" tool="esp32:mklittlefs@4.0.2-db0513a"
time="2026-02-04T16:53:22Z" level=info msg="Tool required for debug" tool="esp32:mkspiffs@0.2.3"
time="2026-02-04T16:53:22Z" level=info msg="Tool required for debug" tool="esp32:openocd-esp32@v0.12.0-esp32-20251215"
time="2026-02-04T16:53:22Z" level=info msg="Tool required for debug" tool="esp32:riscv32-esp-elf-gdb@16.3_20250913"
time="2026-02-04T16:53:22Z" level=info msg="Tool required for debug" tool="esp32:xtensa-esp-elf-gdb@16.3_20250913"
time="2026-02-04T16:53:22Z" level=info msg="Tool required for debug" tool="builtin:serial-discovery@1.4.3"
time="2026-02-04T16:53:22Z" level=info msg="Tool required for debug" tool="builtin:serial-monitor@0.15.0"
time="2026-02-04T16:53:22Z" level=info msg="Tool required for debug" tool="arduino:avr-gcc@7.3.0-atmel3.6.1-arduino7"
time="2026-02-04T16:53:22Z" level=info msg="Tool required for debug" tool="arduino:avrdude@8.0.0-arduino1"
time="2026-02-04T16:53:22Z" level=info msg="Tool required for debug" tool="builtin:mdns-discovery@1.0.12"
time="2026-02-04T16:53:22Z" level=info msg="Tool required for debug" tool="builtin:ctags@5.8-arduino11"
time="2026-02-04T16:53:22Z" level=info msg="Tool required for debug" tool="arduino:arduinoOTA@1.3.0"
time="2026-02-04T16:53:22Z" level=info msg="Tool required for debug" tool="builtin:dfu-discovery@0.1.2"
time="2026-02-04T16:53:22Z" level=info msg="Tool required for debug" tool="arduino:dfu-util@0.11.0-arduino5"
time="2026-02-04T16:53:22Z" level=info msg="Tool required for debug" tool="esp32:esp-rv32@2511"
time="2026-02-04T16:53:22Z" level=info msg="Tool required for debug" tool="esp32:esp-x32@2511"
time="2026-02-04T16:53:22Z" level=info msg="Tool required for debug" tool="esp32:esp32-libs@3.3.6"
time="2026-02-04T16:53:22Z" level=info msg="Tool required for debug" tool="esp32:esp32c3-libs@3.3.6"
time="2026-02-04T16:53:22Z" level=info msg="Tool required for debug" tool="esp32:esp32c5-libs@3.3.6"
time="2026-02-04T16:53:22Z" level=info msg="Tool required for debug" tool="esp32:esp32c6-libs@3.3.6"
time="2026-02-04T16:53:22Z" level=info msg="Tool required for debug" tool="esp32:esp32h2-libs@3.3.6"
time="2026-02-04T16:53:22Z" level=info msg="Tool required for debug" tool="esp32:esp32p4-libs@3.3.6"
time="2026-02-04T16:53:22Z" level=info msg="Tool required for debug" tool="esp32:esp32p4_es-libs@3.3.6"
time="2026-02-04T16:53:22Z" level=info msg="Tool required for debug" tool="esp32:esp32s2-libs@3.3.6"
time="2026-02-04T16:53:22Z" level=info msg="Tool required for debug" tool="esp32:esp32s3-libs@3.3.6"
time="2026-02-04T16:53:22Z" level=info msg="Tool required for debug" tool="esp32:esptool_py@5.1.0"
time="2026-02-04T16:53:22Z" level=info msg="Tool required for debug" tool="esp32:mklittlefs@4.0.2-db0513a"
2026-02-04 16:53:22 2026-02-04T16:53:22.080Z daemon INFO time="2026-02-04T16:53:22Z" level=info msg="Tool required for debug" tool="esp32:mkspiffs@0.2.3"
time="2026-02-04T16:53:22Z" level=info msg="Tool required for debug" tool="esp32:openocd-esp32@v0.12.0-esp32-20251215"
time="2026-02-04T16:53:22Z" level=info msg="Tool required for debug" tool="esp32:riscv32-esp-elf-gdb@16.3_20250913"
time="2026-02-04T16:53:22Z" level=info msg="Tool required for debug" tool="esp32:xtensa-esp-elf-gdb@16.3_20250913"
time="2026-02-04T16:53:22Z" level=info msg="Tool required for debug" tool="arduino:arduinoOTA@1.3.0"
time="2026-02-04T16:53:22Z" level=info msg="Tool required for debug" tool="builtin:ctags@5.8-arduino11"
time="2026-02-04T16:53:22Z" level=info msg="Tool required for debug" tool="builtin:dfu-discovery@0.1.2"
time="2026-02-04T16:53:22Z" level=info msg="Tool required for debug" tool="builtin:mdns-discovery@1.0.12"
time="2026-02-04T16:53:22Z" level=info msg="Tool required for debug" tool="builtin:serial-monitor@0.15.0"
time="2026-02-04T16:53:22Z" level=info msg="Tool required for debug" tool="arduino:avr-gcc@7.3.0-atmel3.6.1-arduino7"
time="2026-02-04T16:53:22Z" level=info msg="Tool required for debug" tool="builtin:serial-discovery@1.4.3"
time="2026-02-04T16:53:22Z" level=info msg="Tool required for debug" tool="arduino:avrdude@8.0.0-arduino1"
2026-02-04 16:53:22 2026-02-04T16:53:22.088Z daemon INFO time="2026-02-04T16:53:22Z" level=info msg="Tool required for debug" tool="arduino:dfu-util@0.11.0-arduino5"
time="2026-02-04T16:53:22Z" level=info msg="Tool required for debug" tool="esp32:esp-rv32@2511"
time="2026-02-04T16:53:22Z" level=info msg="Tool required for debug" tool="esp32:esp-x32@2511"
time="2026-02-04T16:53:22Z" level=info msg="Tool required for debug" tool="esp32:esp32-libs@3.3.6"
time="2026-02-04T16:53:22Z" level=info msg="Tool required for debug" tool="esp32:esp32c3-libs@3.3.6"
time="2026-02-04T16:53:22Z" level=info msg="Tool required for debug" tool="esp32:esp32c5-libs@3.3.6"
time="2026-02-04T16:53:22Z" level=info msg="Tool required for debug" tool="esp32:esp32c6-libs@3.3.6"
time="2026-02-04T16:53:22Z" level=info msg="Tool required for debug" tool="esp32:esp32h2-libs@3.3.6"
time="2026-02-04T16:53:22Z" level=info msg="Tool required for debug" tool="esp32:esp32p4-libs@3.3.6"
time="2026-02-04T16:53:22Z" level=info msg="Tool required for debug" tool="esp32:esp32p4_es-libs@3.3.6"
time="2026-02-04T16:53:22Z" level=info msg="Tool required for debug" tool="esp32:esp32s2-libs@3.3.6"
time="2026-02-04T16:53:22Z" level=info msg="Tool required for debug" tool="esp32:esp32s3-libs@3.3.6"
time="2026-02-04T16:53:22Z" level=info msg="Tool required for debug" tool="esp32:esptool_py@5.1.0"
time="2026-02-04T16:53:22Z" level=info msg="Tool required for debug" tool="esp32:mklittlefs@4.0.2-db0513a"
time="2026-02-04T16:53:22Z" level=info msg="Tool required for debug" tool="esp32:mkspiffs@0.2.3"
time="2026-02-04T16:53:22Z" level=info msg="Tool required for debug" tool="esp32:openocd-esp32@v0.12.0-esp32-20251215"
time="2026-02-04T16:53:22Z" level=info msg="Tool required for debug" tool="esp32:riscv32-esp-elf-gdb@16.3_20250913"
time="2026-02-04T16:53:22Z" level=info msg="Tool required for debug" tool="esp32:xtensa-esp-elf-gdb@16.3_20250913"
time="2026-02-04T16:53:22Z" level=info msg="Tool required for debug" tool="arduino:avrdude@8.0.0-arduino1"
time="2026-02-04T16:53:22Z" level=info msg="Tool required for debug" tool="builtin:mdns-discovery@1.0.12"
time="2026-02-04T16:53:22Z" level=info msg="Tool required for debug" tool="arduino:arduinoOTA@1.3.0"
time="2026-02-04T16:53:22Z" level=info msg="Tool required for debug" tool="builtin:serial-discovery@1.4.3"
time="2026-02-04T16:53:22Z" level=info msg="Tool required for debug" tool="arduino:avr-gcc@7.3.0-atmel3.6.1-arduino7"
time="2026-02-04T16:53:22Z" level=info msg="Tool required for debug" tool="builtin:serial-monitor@0.15.0"
time="2026-02-04T16:53:22Z" level=info msg="Tool required for debug" tool="builtin:ctags@5.8-arduino11"
time="2026-02-04T16:53:22Z" level=info msg="Tool required for debug" tool="builtin:dfu-discovery@0.1.2"
time="2026-02-04T16:53:22Z" level=info msg="Tool required for debug" tool="arduino:dfu-util@0.11.0-arduino5"
time="2026-02-04T16:53:22Z" level=info msg="Tool required for debug" tool="esp32:esp-rv32@2511"
time="2026-02-04T16:53:22Z" level=info msg="Tool required for debug" tool="esp32:esp-x32@2511"
time="2026-02-04T16:53:22Z" level=info msg="Tool required for debug" tool="esp32:esp32-libs@3.3.6"
time="2026-02-04T16:53:22Z" level=info msg="Tool required for debug" tool="esp32:esp32c3-libs@3.3.6"
time="2026-02-04T16:53:22Z" level=info msg="Tool required for debug" tool="esp32:esp32c5-libs@3.3.6"
time="2026-02-04T16:53:22Z" level=info msg="Tool required for debug" tool="esp32:esp32c6-libs@3.3.6"
time="2026-02-04T16:53:22Z" level=info msg="Tool required for debug" tool="esp32:esp32h2-libs@3.3.6"
time="2026-02-04T16:53:22Z" level=info msg="Tool required for debug" tool="esp32:esp32p4-libs@3.3.6"
time="2026-02-04T16:53:22Z" level=info msg="Tool required for debug" tool="esp32:esp32p4_es-libs@3.3.6"
time="2026-02-04T16:53:22Z" level=info msg="Tool required for debug" tool="esp32:esp32s2-libs@3.3.6"
time="2026-02-04T16:53:22Z" level=info msg="Tool required for debug" tool="esp32:esp32s3-libs@3.3.6"
time="2026-02-04T16:53:22Z" level=info msg="Tool required for debug" tool="esp32:esptool_py@5.1.0"
time="2026-02-04T16:53:22Z" level=info msg="Tool required for debug" tool="esp32:mklittlefs@4.0.2-db0513a"
time="2026-02-04T16:53:22Z" level=info msg="Tool required for debug" tool="esp32:mkspiffs@0.2.3"
time="2026-02-04T16:53:22Z" level=info msg="Tool required for debug" tool="esp32:openocd-esp32@v0.12.0-esp32-20251215"
time="2026-02-04T16:53:22Z" level=info msg="Tool required for debug" tool="esp32:riscv32-esp-elf-gdb@16.3_20250913"
time="2026-02-04T16:53:22Z" level=info msg="Tool required for debug" tool="esp32:xtensa-esp-elf-gdb@16.3_20250913"
time="2026-02-04T16:53:22Z" level=info msg="Tool required for debug" tool="builtin:dfu-discovery@0.1.2"
time="2026-02-04T16:53:22Z" level=info msg="Tool required for debug" tool="arduino:arduinoOTA@1.3.0"
time="2026-02-04T16:53:22Z" level=info msg="Tool required for debug" tool="arduino:avrdude@8.0.0-arduino1"
time="2026-02-04T16:53:22Z" level=info msg="Tool required for debug" tool="builtin:ctags@5.8-arduino11"
time="2026-02-04T16:53:22Z" level=info msg="Tool required for debug" tool="builtin:mdns-discovery@1.0.12"
time="2026-02-04T16:53:22Z" level=info msg="Tool required for debug" tool="arduino:avr-gcc@7.3.0-atmel3.6.1-arduino7"
time="2026-02-04T16:53:22Z" level=info msg="Tool required for debug" tool="builtin:serial-discovery@1.4.3"
time="2026-02-04T16:53:22Z" level=info msg="Tool required for debug" tool="builtin:serial-monitor@0.15.0"
time="2026-02-04T16:53:22Z" level=info msg="Tool required for debug" tool="arduino:dfu-util@0.11.0-arduino5"
time="2026-02-04T16:53:22Z" level=info msg="Tool required for debug" tool="esp32:esp-rv32@2511"
time="2026-02-04T16:53:22Z" level=info msg="Tool required for debug" tool="esp32:esp-x32@2511"
time="2026-02-04T16:53:22Z" level=info msg="Tool required for debug" tool="esp32:esp32-libs@3.3.6"
time="2026-02-04T16:53:22Z" level=info msg="Tool required for debug" tool="esp32:esp32c3-libs@3.3.6"
time="2026-02-04T16:53:22Z" level=info msg="Tool required for debug" tool="esp32:esp32c5-libs@3.3.6"
time="2026-02-04T16:53:22Z" level=info msg="Tool required for debug" tool="esp32:esp32c6-libs@3.3.6"
time="2026-02-04T16:53:22Z" level=info msg="Tool required for debug" tool="esp32:esp32h2-libs@3.3.6"
time="2026-02-04T16:53:22Z" level=info msg="Tool required for debug" tool="esp32:esp32p4-libs@3.3.6"
time="2026-02-04T16:53:22Z" level=info msg="Tool required for debug" tool="esp32:esp32p4_es-libs@3.3.6"
time="2026-02-04T16:53:22Z" level=info msg="Tool required for debug" tool="esp32:esp32s2-libs@3.3.6"
time="2026-02-04T16:53:22Z" level=info msg="Tool required for debug" tool="esp32:esp32s3-libs@3.3.6"
time="2026-02-04T16:53:22Z" level=info msg="Tool required for debug" tool="esp32:esptool_py@5.1.0"
time="2026-02-04T16:53:22Z" level=info msg="Tool required for debug" tool="esp32:mklittlefs@4.0.2-db0513a"
time="2026-02-04T16:53:22Z" level=info msg="Tool required for debug" tool="esp32:mkspiffs@0.2.3"
time="2026-02-04T16:53:22Z" level=info msg="Tool required for debug" tool="esp32:openocd-esp32@v0.12.0-esp32-20251215"
time="2026-02-04T16:53:22Z" level=info msg="Tool required for debug" tool="esp32:riscv32-esp-elf-gdb@16.3_20250913"
time="2026-02-04T16:53:22Z" level=info msg="Tool required for debug" tool="esp32:xtensa-esp-elf-gdb@16.3_20250913"
time="2026-02-04T16:53:22Z" level=info msg="Tool required for debug" tool="arduino:avrdude@8.0.0-arduino1"
time="2026-02-04T16:53:22Z" level=info msg="Tool required for debug" tool="arduino:avr-gcc@7.3.0-atmel3.6.1-arduino7"
time="2026-02-04T16:53:22Z" level=info msg="Tool required for debug" tool="builtin:dfu-discovery@0.1.2"
time="2026-02-04T16:53:22Z" level=info msg="Tool required for debug" tool="builtin:serial-discovery@1.4.3"
time="2026-02-04T16:53:22Z" level=info msg="Tool required for debug" tool="builtin:ctags@5.8-arduino11"
time="2026-02-04T16:53:22Z" level=info msg="Tool required for debug" tool="arduino:arduinoOTA@1.3.0"
time="2026-02-04T16:53:22Z" level=info msg="Tool required for debug" tool="builtin:mdns-discovery@1.0.12"
time="2026-02-04T16:53:22Z" level=info msg="Tool required for debug" tool="builtin:serial-monitor@0.15.0"
time="2026-02-04T16:53:22Z" level=info msg="Tool required for debug" tool="arduino:dfu-util@0.11.0-arduino5"
time="2026-02-04T16:53:22Z" level=info msg="Tool required for debug" tool="esp32:esp-rv32@2511"
time="2026-02-04T16:53:22Z" level=info msg="Tool required for debug" tool="esp32:esp-x32@2511"
time="2026-02-04T16:53:22Z" level=info msg="Tool required for debug" tool="esp32:esp32-libs@3.3.6"
time="2026-02-04T16:53:22Z" level=info msg="Tool required for debug" tool="esp32:esp32c3-libs@3.3.6"
time="2026-02-04T16:53:22Z" level=info msg="Tool required for debug" tool="esp32:esp32c5-libs@3.3.6"
time="2026-02-04T16:53:22Z" level=info msg="Tool required for debug" tool="esp32:esp32c6-libs@3.3.6"
time="2026-02-04T16:53:22Z" level=info msg="Tool required for debug" tool="esp32:esp32h2-libs@3.3.6"
time="2026-02-04T16:53:22Z" level=info msg="Tool required for debug" tool="esp32:esp32p4-libs@3.3.6"
time="2026-02-04T16:53:22Z" level=info msg="Tool required for debug" tool="esp32:esp32p4_es-libs@3.3.6"
time="2026-02-04T16:53:22Z" level=info msg="Tool required for debug" tool="esp32:esp32s2-libs@3.3.6"
time="2026-02-04T16:53:22Z" level=info msg="Tool required for debug" tool="esp32:esp32s3-libs@3.3.6"
time="2026-02-04T16:53:22Z" level=info msg="Tool required for debug" tool="esp32:esptool_py@5.1.0"
time="2026-02-04T16:53:22Z" level=info msg="Tool required for debug" tool="esp32:mklittlefs@4.0.2-db0513a"
time="2026-02-04T16:53:22Z" level=info msg="Tool required for debug" tool="esp32:mkspiffs@0.2.3"
time="2026-02-04T16:53:22Z" level=info msg="Tool required for debug" tool="esp32:openocd-esp32@v0.12.0-esp32-20251215"
time="2026-02-04T16:53:22Z" level=info msg="Tool required for debug" tool="esp32:riscv32-esp-elf-gdb@16.3_20250913"
time="2026-02-04T16:53:22Z" level=info msg="Tool required for debug" tool="esp32:xtensa-esp-elf-gdb@16.3_20250913"
time="2026-02-04T16:53:22Z" level=info msg="Tool required for debug" tool="builtin:serial-monitor@0.15.0"
time="2026-02-04T16:53:22Z" level=info msg="Tool required for debug" tool="arduino:arduinoOTA@1.3.0"
time="2026-02-04T16:53:22Z" level=info msg="Tool required for debug" tool="builtin:ctags@5.8-arduino11"
time="2026-02-04T16:53:22Z" level=info msg="Tool required for debug" tool="builtin:dfu-discovery@0.1.2"
time="2026-02-04T16:53:22Z" level=info msg="Tool required for debug" tool="arduino:avr-gcc@7.3.0-atmel3.6.1-arduino7"
time="2026-02-04T16:53:22Z" level=info msg="Tool required for debug" tool="builtin:mdns-discovery@1.0.12"
time="2026-02-04T16:53:22Z" level=info msg="Tool required for debug" tool="builtin:serial-discovery@1.4.3"
time="2026-02-04T16:53:22Z" level=info msg="Tool required for debug" tool="arduino:avrdude@8.0.0-arduino1"
time="2026-02-04T16:53:22Z" level=info msg="Tool required for debug" tool="arduino:dfu-util@0.11.0-arduino5"
time="2026-02-04T16:53:22Z" level=info msg="Tool required for debug" tool="esp32:esp-rv32@2511"
time="2026-02-04T16:53:22Z" level=info msg="Tool required for debug" tool="esp32:esp-x32@2511"
time="2026-02-04T16:53:22Z" level=info msg="Tool required for debug" tool="esp32:esp32-libs@3.3.6"
time="2026-02-04T16:53:22Z" level=info msg="Tool required for debug" tool="esp32:esp32c3-libs@3.3.6"
time="2026-02-04T16:53:22Z" level=info msg="Tool required for debug" tool="esp32:esp32c5-libs@3.3.6"
time="2026-02-04T16:53:22Z" level=info msg="Tool required for debug" tool="esp32:esp32c6-libs@3.3.6"
time="2026-02-04T16:53:22Z" level=info msg="Tool required for debug" tool="esp32:esp32h2-libs@3.3.6"
time="2026-02-04T16:53:22Z" level=info msg="Tool required for debug" tool="esp32:esp32p4-libs@3.3.6"
time="2026-02-04T16:53:22Z" level=info msg="Tool required for debug" tool="esp32:esp32p4_es-libs@3.3.6"
time="2026-02-04T16:53:22Z" level=info msg="Tool required for debug" tool="esp32:esp32s2-libs@3.3.6"
time="2026-02-04T16:53:22Z" level=info msg="Tool required for debug" tool="esp32:esp32s3-libs@3.3.6"
time="2026-02-04T16:53:22Z" level=info msg="Tool required for debug" tool="esp32:esptool_py@5.1.0"
time="2026-02-04T16:53:22Z" level=info msg="Tool required for debug" tool="esp32:mklittlefs@4.0.2-db0513a"
time="2026-02-04T16:53:22Z" level=info msg="Tool required for debug" tool="esp32:mkspiffs@0.2.3"
time="2026-02-04T16:53:22Z" level=info msg="Tool required for debug" tool="esp32:openocd-esp32@v0.12.0-esp32-20251215"
time="2026-02-04T16:53:22Z" level=info msg="Tool required for debug" tool="esp32:riscv32-esp-elf-gdb@16.3_20250913"
time="2026-02-04T16:53:22Z" level=info msg="Tool required for debug" tool="esp32:xtensa-esp-elf-gdb@16.3_20250913"
time="2026-02-04T16:53:22Z" level=info msg="Tool required for debug" tool="arduino:avr-gcc@7.3.0-atmel3.6.1-arduino7"
time="2026-02-04T16:53:22Z" level=info msg="Tool required for debug" tool="builtin:dfu-discovery@0.1.2"
time="2026-02-04T16:53:22Z" level=info msg="Tool required for debug" tool="arduino:avrdude@8.0.0-arduino1"
time="2026-02-04T16:53:22Z" level=info msg="Tool required for debug" tool="builtin:mdns-discovery@1.0.12"
time="2026-02-04T16:53:22Z" level=info msg="Tool required for debug" tool="builtin:serial-monitor@0.15.0"
time="2026-02-04T16:53:22Z" level=info msg="Tool required for debug" tool="arduino:arduinoOTA@1.3.0"
time="2026-02-04T16:53:22Z" level=info msg="Tool required for debug" tool="builtin:serial-discovery@1.4.3"
time="2026-02-04T16:53:22Z" level=info msg="Tool required for debug" tool="builtin:ctags@5.8-arduino11"
time="2026-02-04T16:53:22Z" level=info msg="Tool required for debug" tool="arduino:dfu-util@0.11.0-arduino5"
time="2026-02-04T16:53:22Z" level=info msg="Tool required for debug" tool="esp32:esp-rv32@2511"
time="2026-02-04T16:53:22Z" level=info msg="Tool required for debug" tool="esp32:esp-x32@2511"
time="2026-02-04T16:53:22Z" level=info msg="Tool required for debug" tool="esp32:esp32-libs@3.3.6"
time="2026-02-04T16:53:22Z" level=info msg="Tool required for debug" tool="esp32:esp32c3-libs@3.3.6"
time="2026-02-04T16:53:22Z" level=info msg="Tool required for debug" tool="esp32:esp32c5-libs@3.3.6"
time="2026-02-04T16:53:22Z" level=info msg="Tool required for debug" tool="esp32:esp32c6-libs@3.3.6"
time="2026-02-04T16:53:22Z" level=info msg="Tool required for debug" tool="esp32:esp32h2-libs@3.3.6"
time="2026-02-04T16:53:22Z" level=info msg="Tool required for debug" tool="esp32:esp32p4-libs@3.3.6"
time="2026-02-04T16:53:22Z" level=info msg="Tool required for debug" tool="esp32:esp32p4_es-libs@3.3.6"
time="2026-02-04T16:53:22Z" level=info msg="Tool required for debug" tool="esp32:esp32s2-libs@3.3.6"
time="2026-02-04T16:53:22Z" level=info msg="Tool required for debug" tool="esp32:esp32s3-libs@3.3.6"
time="2026-02-04T16:53:22Z" level=info msg="Tool required for debug" tool="esp32:esptool_py@5.1.0"
time="2026-02-04T16:53:22Z" level=info msg="Tool required for debug" tool="esp32:mklittlefs@4.0.2-db0513a"
time="2026-02-04T16:53:22Z" level=info msg="Tool required for debug" tool="esp32:mkspiffs@0.2.3"
time="2026-02-04T16:53:22Z" level=info msg="Tool required for debug" tool="esp32:openocd-esp32@v0.12.0-esp32-20251215"
time="2026-02-04T16:53:22Z" level=info msg="Tool required for debug" tool="esp32:riscv32-esp-elf-gdb@16.3_20250913"
time="2026-02-04T16:53:22Z" level=info msg="Tool required for debug" tool="esp32:xtensa-esp-elf-gdb@16.3_20250913"
time="2026-02-04T16:53:22Z" level=info msg="Tool required for debug" tool="builtin:serial-discovery@1.4.3"
time="2026-02-04T16:53:22Z" level=info msg="Tool required for debug" tool="builtin:dfu-discovery@0.1.2"
time="2026-02-04T16:53:22Z" level=info msg="Tool required for debug" tool="builtin:mdns-discovery@1.0.12"
time="2026-02-04T16:53:22Z" level=info msg="Tool required for debug" tool="builtin:ctags@5.8-arduino11"
time="2026-02-04T16:53:22Z" level=info msg="Tool required for debug" tool="builtin:serial-monitor@0.15.0"
time="2026-02-04T16:53:22Z" level=info msg="Tool required for debug" tool="arduino:avr-gcc@7.3.0-atmel3.6.1-arduino7"
time="2026-02-04T16:53:22Z" level=info msg="Tool required for debug" tool="arduino:arduinoOTA@1.3.0"
time="2026-02-04T16:53:22Z" level=info msg="Tool required for debug" tool="arduino:avrdude@8.0.0-arduino1"
time="2026-02-04T16:53:22Z" level=info msg="Tool required for debug" tool="arduino:dfu-util@0.11.0-arduino5"
time="2026-02-04T16:53:22Z" level=info msg="Tool required for debug" tool="esp32:esp-rv32@2511"
time="2026-02-04T16:53:22Z" level=info msg="Tool required for debug" tool="esp32:esp-x32@2511"
time="2026-02-04T16:53:22Z" level=info msg="Tool required for debug" tool="esp32:esp32-libs@3.3.6"
time="2026-02-04T16:53:22Z" level=info msg="Tool required for debug" tool="esp32:esp32c3-libs@3.3.6"
time="2026-02-04T16:53:22Z" level=info msg="Tool required for debug" tool="esp32:esp32c5-libs@3.3.6"
time="2026-02-04T16:53:22Z" level=info msg="Tool required for debug" tool="esp32:esp32c6-libs@3.3.6"
time="2026-02-04T16:53:22Z" level=info msg="Tool required for debug" tool="esp32:esp32h2-libs@3.3.6"
time="2026-02-04T16:53:22Z" level=info msg="Tool required for debug" tool="esp32:esp32p4-libs@3.3.6"
time="2026-02-04T16:53:22Z" level=info msg="Tool required for debug" tool="esp32:esp32p4_es-libs@3.3.6"
time="2026-02-04T16:53:22Z" level=info msg="Tool required for debug" tool="esp32:esp32s2-libs@3.3.6"
time="2026-02-04T16:53:22Z" level=info msg="Tool required for debug" tool="esp32:esp32s3-libs@3.3.6"
time="2026-02-04T16:53:22Z" level=info msg="Tool required for debug" tool="esp32:esptool_py@5.1.0"
time="2026-02-04T16:53:22Z" level=info msg="Tool required for debug" tool="esp32:mklittlefs@4.0.2-db0513a"
time="2026-02-04T16:53:22Z" level=info msg="Tool required for debug" tool="esp32:mkspiffs@0.2.3"
time="2026-02-04T16:53:22Z" level=info msg="Tool required for debug" tool="esp32:openocd-esp32@v0.12.0-esp32-20251215"
time="2026-02-04T16:53:22Z" level=info msg="Tool required for debug" tool="esp32:riscv32-esp-elf-gdb@16.3_20250913"
time="2026-02-04T16:53:22Z" level=info msg="Tool required for debug" tool="esp32:xtensa-esp-elf-gdb@16.3_20250913"
time="2026-02-04T16:53:22Z" level=info msg="Tool required for debug" tool="builtin:ctags@5.8-arduino11"
time="2026-02-04T16:53:22Z" level=info msg="Tool required for debug" tool="builtin:mdns-discovery@1.0.12"
time="2026-02-04T16:53:22Z" level=info msg="Tool required for debug" tool="builtin:serial-monitor@0.15.0"
time="2026-02-04T16:53:22Z" level=info msg="Tool required for debug" tool="arduino:arduinoOTA@1.3.0"
time="2026-02-04T16:53:22Z" level=info msg="Tool required for debug" tool="arduino:avrdude@8.0.0-arduino1"
time="2026-02-04T16:53:22Z" level=info msg="Tool required for debug" tool="builtin:serial-discovery@1.4.3"
time="2026-02-04T16:53:22Z" level=info msg="Tool required for debug" tool="builtin:dfu-discovery@0.1.2"
time="2026-02-04T16:53:22Z" level=info msg="Tool required for debug" tool="arduino:avr-gcc@7.3.0-atmel3.6.1-arduino7"
time="2026-02-04T16:53:22Z" level=info msg="Tool required for debug" tool="arduino:dfu-util@0.11.0-arduino5"
time="2026-02-04T16:53:22Z" level=info msg="Tool required for debug" tool="esp32:esp-rv32@2511"
time="2026-02-04T16:53:22Z" level=info msg="Tool required for debug" tool="esp32:esp-x32@2511"
time="2026-02-04T16:53:22Z" level=info msg="Tool required for debug" tool="esp32:esp32-libs@3.3.6"
time="2026-02-04T16:53:22Z" level=info msg="Tool required for debug" tool="esp32:esp32c3-libs@3.3.6"
time="2026-02-04T16:53:22Z" level=info msg="Tool required for debug" tool="esp32:esp32c5-libs@3.3.6"
time="2026-02-04T16:53:22Z" level=info msg="Tool required for debug" tool="esp32:esp32c6-libs@3.3.6"
time="2026-02-04T16:53:22Z" level=info msg="Tool required for debug" tool="esp32:esp32h2-libs@3.3.6"
time="2026-02-04T16:53:22Z" level=info msg="Tool required for debug" tool="esp32:esp32p4-libs@3.3.6"
time="2026-02-04T16:53:22Z" level=info msg="Tool required for debug" tool="esp32:esp32p4_es-libs@3.3.6"
time="2026-02-04T16:53:22Z" level=info msg="Tool required for debug" tool="esp32:esp32s2-libs@3.3.6"
time="2026-02-04T16:53:22Z" level=info msg="Tool required for debug" tool="esp32:esp32s3-libs@3.3.6"
time="2026-02-04T16:53:22Z" level=info msg="Tool required for debug" tool="esp32:esptool_py@5.1.0"
time="2026-02-04T16:53:22Z" level=info msg="Tool required for debug" tool="esp32:mklittlefs@4.0.2-db0513a"
time="2026-02-04T16:53:22Z" level=info msg="Tool required for debug" tool="esp32:mkspiffs@0.2.3"
time="2026-02-04T16:53:22Z" level=info msg="Tool required for debug" tool="esp32:openocd-esp32@v0.12.0-esp32-20251215"
time="2026-02-04T16:53:22Z" level=info msg="Tool required for debug" tool="esp32:riscv32-esp-elf-gdb@16.3_20250913"
time="2026-02-04T16:53:22Z" level=info msg="Tool required for debug" tool="esp32:xtensa-esp-elf-gdb@16.3_20250913"
time="2026-02-04T16:53:22Z" level=info msg="Tool required for debug" tool="builtin:ctags@5.8-arduino11"
time="2026-02-04T16:53:22Z" level=info msg="Tool required for debug" tool="builtin:serial-discovery@1.4.3"
time="2026-02-04T16:53:22Z" level=info msg="Tool required for debug" tool="builtin:serial-monitor@0.15.0"
time="2026-02-04T16:53:22Z" level=info msg="Tool required for debug" tool="arduino:arduinoOTA@1.3.0"
time="2026-02-04T16:53:22Z" level=info msg="Tool required for debug" tool="builtin:dfu-discovery@0.1.2"
time="2026-02-04T16:53:22Z" level=info msg="Tool required for debug" tool="builtin:mdns-discovery@1.0.12"
time="2026-02-04T16:53:22Z" level=info msg="Tool required for debug" tool="arduino:avr-gcc@7.3.0-atmel3.6.1-arduino7"
time="2026-02-04T16:53:22Z" level=info msg="Tool required for debug" tool="arduino:avrdude@8.0.0-arduino1"
time="2026-02-04T16:53:22Z" level=info msg="Tool required for debug" tool="arduino:dfu-util@0.11.0-arduino5"
time="2026-02-04T16:53:22Z" level=info msg="Tool required for debug" tool="esp32:esp-rv32@2511"
time="2026-02-04T16:53:22Z" level=info msg="Tool required for debug" tool="esp32:esp-x32@2511"
time="2026-02-04T16:53:22Z" level=info msg="Tool required for debug" tool="esp32:esp32-libs@3.3.6"
time="2026-02-04T16:53:22Z" level=info msg="Tool required for debug" tool="esp32:esp32c3-libs@3.3.6"
time="2026-02-04T16:53:22Z" level=info msg="Tool required for debug" tool="esp32:esp32c5-libs@3.3.6"
time="2026-02-04T16:53:22Z" level=info msg="Tool required for debug" tool="esp32:esp32c6-libs@3.3.6"
time="2026-02-04T16:53:22Z" level=info msg="Tool required for debug" tool="esp32:esp32h2-libs@3.3.6"
time="2026-02-04T16:53:22Z" level=info msg="Tool required for debug" tool="esp32:esp32p4-libs@3.3.6"
time="2026-02-04T16:53:22Z" level=info msg="Tool required for debug" tool="esp32:esp32p4_es-libs@3.3.6"
time="2026-02-04T16:53:22Z" level=info msg="Tool required for debug" tool="esp32:esp32s2-libs@3.3.6"
time="2026-02-04T16:53:22Z" level=info msg="Tool required for debug" tool="esp32:esp32s3-libs@3.3.6"
time="2026-02-04T16:53:22Z" level=info msg="Tool required for debug" tool="esp32:esptool_py@5.1.0"
time="2026-02-04T16:53:22Z" level=info msg="Tool required for debug" tool="esp32:mklittlefs@4.0.2-db0513a"
time="2026-02-04T16:53:22Z" level=info msg="Tool required for debug" tool="esp32:mkspiffs@0.2.3"
time="2026-02-04T16:53:22Z" level=info msg="Tool required for debug" tool="esp32:openocd-esp32@v0.12.0-esp32-20251215"
time="2026-02-04T16:53:22Z" level=info msg="Tool required for debug" tool="esp32:riscv32-esp-elf-gdb@16.3_20250913"
time="2026-02-04T16:53:22Z" level=info msg="Tool required for debug" tool="esp32:xtensa-esp-elf-gdb@16.3_20250913"
time="2026-02-04T16:53:22Z" level=info msg="Tool required for debug" tool="builtin:serial-discovery@1.4.3"
time="2026-02-04T16:53:22Z" level=info msg="Tool required for debug" tool="arduino:arduinoOTA@1.3.0"
time="2026-02-04T16:53:22Z" level=info msg="Tool required for debug" tool="arduino:avrdude@8.0.0-arduino1"
time="2026-02-04T16:53:22Z" level=info msg="Tool required for debug" tool="arduino:avr-gcc@7.3.0-atmel3.6.1-arduino7"
time="2026-02-04T16:53:22Z" level=info msg="Tool required for debug" tool="builtin:dfu-discovery@0.1.2"
time="2026-02-04T16:53:22Z" level=info msg="Tool required for debug" tool="builtin:serial-monitor@0.15.0"
time="2026-02-04T16:53:22Z" level=info msg="Tool required for debug" tool="builtin:ctags@5.8-arduino11"
time="2026-02-04T16:53:22Z" level=info msg="Tool required for debug" tool="builtin:mdns-discovery@1.0.12"
time="2026-02-04T16:53:22Z" level=info msg="Tool required for debug" tool="arduino:dfu-util@0.11.0-arduino5"
time="2026-02-04T16:53:22Z" level=info msg="Tool required for debug" tool="esp32:esp-rv32@2511"
time="2026-02-04T16:53:22Z" level=info msg="Tool required for debug" tool="esp32:esp-x32@2511"
time="2026-02-04T16:53:22Z" level=info msg="Tool required for debug" tool="esp32:esp32-libs@3.3.6"
time="2026-02-04T16:53:22Z" level=info msg="Tool required for debug" tool="esp32:esp32c3-libs@3.3.6"
time="2026-02-04T16:53:22Z" level=info msg="Tool required for debug" tool="esp32:esp32c5-libs@3.3.6"
time="2026-02-04T16:53:22Z" level=info msg="Tool required for debug" tool="esp32:esp32c6-libs@3.3.6"
time="2026-02-04T16:53:22Z" level=info msg="Tool required for debug" tool="esp32:esp32h2-libs@3.3.6"
time="2026-02-04T16:53:22Z" level=info msg="Tool required for debug" tool="esp32:esp32p4-libs@3.3.6"
time="2026-02-04T16:53:22Z" level=info msg="Tool required for debug" tool="esp32:esp32p4_es-libs@3.3.6"
time="2026-02-04T16:53:22Z" level=info msg="Tool required for debug" tool="esp32:esp32s2-libs@3.3.6"
time="2026-02-04T16:53:22Z" level=info msg="Tool required for debug" tool="esp32:esp32s3-libs@3.3.6"
time="2026-02-04T16:53:22Z" level=info msg="Tool required for debug" tool="esp32:esptool_py@5.1.0"
time="2026-02-04T16:53:22Z" level=info msg="Tool required for debug" tool="esp32:mklittlefs@4.0.2-db0513a"
time="2026-02-04T16:53:22Z" level=info msg="Tool required for debug" tool="esp32:mkspiffs@0.2.3"
time="2026-02-04T16:53:22Z" level=info msg="Tool required for debug" tool="esp32:openocd-esp32@v0.12.0-esp32-20251215"
time="2026-02-04T16:53:22Z" level=info msg="Tool required for debug" tool="esp32:riscv32-esp-elf-gdb@16.3_20250913"
time="2026-02-04T16:53:22Z" level=info msg="Tool required for debug" tool="esp32:xtensa-esp-elf-gdb@16.3_20250913"
time="2026-02-04T16:53:22Z" level=info msg="Tool required for debug" tool="builtin:serial-monitor@0.15.0"
time="2026-02-04T16:53:22Z" level=info msg="Tool required for debug" tool="builtin:ctags@5.8-arduino11"
time="2026-02-04T16:53:22Z" level=info msg="Tool required for debug" tool="arduino:arduinoOTA@1.3.0"
time="2026-02-04T16:53:22Z" level=info msg="Tool required for debug" tool="arduino:avrdude@8.0.0-arduino1"
time="2026-02-04T16:53:22Z" level=info msg="Tool required for debug" tool="arduino:avr-gcc@7.3.0-atmel3.6.1-arduino7"
time="2026-02-04T16:53:22Z" level=info msg="Tool required for debug" tool="builtin:dfu-discovery@0.1.2"
time="2026-02-04T16:53:22Z" level=info msg="Tool required for debug" tool="builtin:mdns-discovery@1.0.12"
time="2026-02-04T16:53:22Z" level=info msg="Tool required for debug" tool="builtin:serial-discovery@1.4.3"
time="2026-02-04T16:53:22Z" level=info msg="Tool required for debug" tool="arduino:dfu-util@0.11.0-arduino5"
time="2026-02-04T16:53:22Z" level=info msg="Tool required for debug" tool="esp32:esp-rv32@2511"
time="2026-02-04T16:53:22Z" level=info msg="Tool required for debug" tool="esp32:esp-x32@2511"
time="2026-02-04T16:53:22Z" level=info msg="Tool required for debug" tool="esp32:esp32-libs@3.3.6"
time="2026-02-04T16:53:22Z" level=info msg="Tool required for debug" tool="esp32:esp32c3-libs@3.3.6"
time="2026-02-04T16:53:22Z" level=info msg="Tool required for debug" tool="esp32:esp32c5-libs@3.3.6"
time="2026-02-04T16:53:22Z" level=info msg="Tool required for debug" tool="esp32:esp32c6-libs@3.3.6"
time="2026-02-04T16:53:22Z" level=info msg="Tool required for debug" tool="esp32:esp32h2-libs@3.3.6"
time="2026-02-04T16:53:22Z" level=info msg="Tool required for debug" tool="esp32:esp32p4-libs@3.3.6"
time="2026-02-04T16:53:22Z" level=info msg="Tool required for debug" tool="esp32:esp32p4_es-libs@3.3.6"
time="2026-02-04T16:53:22Z" level=info msg="Tool required for debug" tool="esp32:esp32s2-libs@3.3.6"
time="2026-02-04T16:53:22Z" level=info msg="Tool required for debug" tool="esp32:esp32s3-libs@3.3.6"
time="2026-02-04T16:53:22Z" level=info msg="Tool required for debug" tool="esp32:esptool_py@5.1.0"
time="2026-02-04T16:53:22Z" level=info msg="Tool required for debug" tool="esp32:mklittlefs@4.0.2-db0513a"
time="2026-02-04T16:53:22Z" level=info msg="Tool required for debug" tool="esp32:mkspiffs@0.2.3"
time="2026-02-04T16:53:22Z" level=info msg="Tool required for debug" tool="esp32:openocd-esp32@v0.12.0-esp32-20251215"
time="2026-02-04T16:53:22Z" level=info msg="Tool required for debug" tool="esp32:riscv32-esp-elf-gdb@16.3_20250913"
time="2026-02-04T16:53:22Z" level=info msg="Tool required for debug" tool="esp32:xtensa-esp-elf-gdb@16.3_20250913"
time="2026-02-04T16:53:22Z" level=info msg="Tool required for debug" tool="builtin:serial-discovery@1.4.3"
time="2026-02-04T16:53:22Z" level=info msg="Tool required for debug" tool="builtin:ctags@5.8-arduino11"
2026-02-04 16:53:22 2026-02-04T16:53:22.091Z daemon INFO time="2026-02-04T16:53:22Z" level=info msg="Tool required for debug" tool="builtin:mdns-discovery@1.0.12"
time="2026-02-04T16:53:22Z" level=info msg="Tool required for debug" tool="arduino:arduinoOTA@1.3.0"
time="2026-02-04T16:53:22Z" level=info msg="Tool required for debug" tool="arduino:dfu-util@0.11.0-arduino5"
time="2026-02-04T16:53:22Z" level=info msg="Tool required for debug" tool="builtin:serial-monitor@0.15.0"
time="2026-02-04T16:53:22Z" level=info msg="Tool required for debug" tool="arduino:avr-gcc@7.3.0-atmel3.6.1-arduino7"
time="2026-02-04T16:53:22Z" level=info msg="Tool required for debug" tool="arduino:avrdude@8.0.0-arduino1"
time="2026-02-04T16:53:22Z" level=info msg="Tool required for debug" tool="builtin:dfu-discovery@0.1.2"
time="2026-02-04T16:53:22Z" level=info msg="Tool required for debug" tool="arduino:dfu-util@0.11.0-arduino5"
time="2026-02-04T16:53:22Z" level=info msg="Tool required for debug" tool="esp32:esp-rv32@2511"
time="2026-02-04T16:53:22Z" level=info msg="Tool required for debug" tool="esp32:esp-x32@2511"
time="2026-02-04T16:53:22Z" level=info msg="Tool required for debug" tool="esp32:esp32-libs@3.3.6"
time="2026-02-04T16:53:22Z" level=info msg="Tool required for debug" tool="esp32:esp-rv32@2511"
time="2026-02-04T16:53:22Z" level=info msg="Tool required for debug" tool="esp32:esp-x32@2511"
time="2026-02-04T16:53:22Z" level=info msg="Tool required for debug" tool="esp32:esp32-libs@3.3.6"
time="2026-02-04T16:53:22Z" level=info msg="Tool required for debug" tool="esp32:esp32c3-libs@3.3.6"
time="2026-02-04T16:53:22Z" level=info msg="Tool required for debug" tool="esp32:esp32c5-libs@3.3.6"
time="2026-02-04T16:53:22Z" level=info msg="Tool required for debug" tool="esp32:esp32c6-libs@3.3.6"
time="2026-02-04T16:53:22Z" level=info msg="Tool required for debug" tool="esp32:esp32h2-libs@3.3.6"
time="2026-02-04T16:53:22Z" level=info msg="Tool required for debug" tool="esp32:esp32p4-libs@3.3.6"
time="2026-02-04T16:53:22Z" level=info msg="Tool required for debug" tool="esp32:esp32p4_es-libs@3.3.6"
time="2026-02-04T16:53:22Z" level=info msg="Tool required for debug" tool="esp32:esp32s2-libs@3.3.6"
time="2026-02-04T16:53:22Z" level=info msg="Tool required for debug" tool="esp32:esp32s3-libs@3.3.6"
time="2026-02-04T16:53:22Z" level=info msg="Tool required for debug" tool="esp32:esptool_py@5.1.0"
time="2026-02-04T16:53:22Z" level=info msg="Tool required for debug" tool="esp32:esp32c3-libs@3.3.6"
time="2026-02-04T16:53:22Z" level=info msg="Tool required for debug" tool="esp32:mklittlefs@4.0.2-db0513a"
time="2026-02-04T16:53:22Z" level=info msg="Tool required for debug" tool="esp32:esp32c5-libs@3.3.6"
time="2026-02-04T16:53:22Z" level=info msg="Tool required for debug" tool="esp32:mkspiffs@0.2.3"
time="2026-02-04T16:53:22Z" level=info msg="Tool required for debug" tool="esp32:esp32c6-libs@3.3.6"
time="2026-02-04T16:53:22Z" level=info msg="Tool required for debug" tool="esp32:openocd-esp32@v0.12.0-esp32-20251215"
time="2026-02-04T16:53:22Z" level=info msg="Tool required for debug" tool="esp32:esp32h2-libs@3.3.6"
time="2026-02-04T16:53:22Z" level=info msg="Tool required for debug" tool="esp32:riscv32-esp-elf-gdb@16.3_20250913"
time="2026-02-04T16:53:22Z" level=info msg="Tool required for debug" tool="esp32:esp32p4-libs@3.3.6"
time="2026-02-04T16:53:22Z" level=info msg="Tool required for debug" tool="esp32:xtensa-esp-elf-gdb@16.3_20250913"
time="2026-02-04T16:53:22Z" level=info msg="Tool required for debug" tool="esp32:esp32p4_es-libs@3.3.6"
time="2026-02-04T16:53:22Z" level=info msg="Tool required for debug" tool="arduino:arduinoOTA@1.3.0"
time="2026-02-04T16:53:22Z" level=info msg="Tool required for debug" tool="esp32:esp32s2-libs@3.3.6"
time="2026-02-04T16:53:22Z" level=info msg="Tool required for debug" tool="builtin:mdns-discovery@1.0.12"
time="2026-02-04T16:53:22Z" level=info msg="Tool required for debug" tool="esp32:esp32s3-libs@3.3.6"
time="2026-02-04T16:53:22Z" level=info msg="Tool required for debug" tool="esp32:esptool_py@5.1.0"
time="2026-02-04T16:53:22Z" level=info msg="Tool required for debug" tool="builtin:ctags@5.8-arduino11"
time="2026-02-04T16:53:22Z" level=info msg="Tool required for debug" tool="esp32:mklittlefs@4.0.2-db0513a"
time="2026-02-04T16:53:22Z" level=info msg="Tool required for debug" tool="esp32:mkspiffs@0.2.3"
time="2026-02-04T16:53:22Z" level=info msg="Tool required for debug" tool="esp32:openocd-esp32@v0.12.0-esp32-20251215"
time="2026-02-04T16:53:22Z" level=info msg="Tool required for debug" tool="esp32:riscv32-esp-elf-gdb@16.3_20250913"
time="2026-02-04T16:53:22Z" level=info msg="Tool required for debug" tool="esp32:xtensa-esp-elf-gdb@16.3_20250913"
time="2026-02-04T16:53:22Z" level=info msg="Tool required for debug" tool="builtin:mdns-discovery@1.0.12"
time="2026-02-04T16:53:22Z" level=info msg="Tool required for debug" tool="builtin:serial-monitor@0.15.0"
time="2026-02-04T16:53:22Z" level=info msg="Tool required for debug" tool="builtin:ctags@5.8-arduino11"
time="2026-02-04T16:53:22Z" level=info msg="Tool required for debug" tool="builtin:dfu-discovery@0.1.2"
time="2026-02-04T16:53:22Z" level=info msg="Tool required for debug" tool="arduino:arduinoOTA@1.3.0"
time="2026-02-04T16:53:22Z" level=info msg="Tool required for debug" tool="builtin:serial-discovery@1.4.3"
time="2026-02-04T16:53:22Z" level=info msg="Tool required for debug" tool="builtin:dfu-discovery@0.1.2"
time="2026-02-04T16:53:22Z" level=info msg="Tool required for debug" tool="arduino:avr-gcc@7.3.0-atmel3.6.1-arduino7"
time="2026-02-04T16:53:22Z" level=info msg="Tool required for debug" tool="arduino:avrdude@8.0.0-arduino1"
time="2026-02-04T16:53:22Z" level=info msg="Tool required for debug" tool="arduino:avrdude@8.0.0-arduino1"
time="2026-02-04T16:53:22Z" level=info msg="Tool required for debug" tool="arduino:avr-gcc@7.3.0-atmel3.6.1-arduino7"
time="2026-02-04T16:53:22Z" level=info msg="Tool required for debug" tool="builtin:serial-discovery@1.4.3"
time="2026-02-04T16:53:22Z" level=info msg="Tool required for debug" tool="builtin:serial-monitor@0.15.0"
time="2026-02-04T16:53:22Z" level=info msg="Tool required for debug" tool="arduino:dfu-util@0.11.0-arduino5"
time="2026-02-04T16:53:22Z" level=info msg="Tool required for debug" tool="esp32:esp-rv32@2511"
2026-02-04 16:53:22 2026-02-04T16:53:22.092Z daemon INFO time="2026-02-04T16:53:22Z" level=info msg="Tool required for debug" tool="esp32:esp-x32@2511"
time="2026-02-04T16:53:22Z" level=info msg="Tool required for debug" tool="esp32:esp32-libs@3.3.6"
time="2026-02-04T16:53:22Z" level=info msg="Tool required for debug" tool="esp32:esp32c3-libs@3.3.6"
time="2026-02-04T16:53:22Z" level=info msg="Tool required for debug" tool="esp32:esp32c5-libs@3.3.6"
time="2026-02-04T16:53:22Z" level=info msg="Tool required for debug" tool="esp32:esp32c6-libs@3.3.6"
time="2026-02-04T16:53:22Z" level=info msg="Tool required for debug" tool="esp32:esp32h2-libs@3.3.6"
time="2026-02-04T16:53:22Z" level=info msg="Tool required for debug" tool="esp32:esp32p4-libs@3.3.6"
time="2026-02-04T16:53:22Z" level=info msg="Tool required for debug" tool="esp32:esp32p4_es-libs@3.3.6"
time="2026-02-04T16:53:22Z" level=info msg="Tool required for debug" tool="esp32:esp32s2-libs@3.3.6"
time="2026-02-04T16:53:22Z" level=info msg="Tool required for debug" tool="esp32:esp32s3-libs@3.3.6"
time="2026-02-04T16:53:22Z" level=info msg="Tool required for debug" tool="esp32:esptool_py@5.1.0"
time="2026-02-04T16:53:22Z" level=info msg="Tool required for debug" tool="esp32:mklittlefs@4.0.2-db0513a"
time="2026-02-04T16:53:22Z" level=info msg="Tool required for debug" tool="esp32:mkspiffs@0.2.3"
time="2026-02-04T16:53:22Z" level=info msg="Tool required for debug" tool="esp32:openocd-esp32@v0.12.0-esp32-20251215"
time="2026-02-04T16:53:22Z" level=info msg="Tool required for debug" tool="esp32:riscv32-esp-elf-gdb@16.3_20250913"
time="2026-02-04T16:53:22Z" level=info msg="Tool required for debug" tool="esp32:xtensa-esp-elf-gdb@16.3_20250913"
time="2026-02-04T16:53:22Z" level=info msg="Tool required for debug" tool="builtin:ctags@5.8-arduino11"
time="2026-02-04T16:53:22Z" level=info msg="Tool required for debug" tool="builtin:mdns-discovery@1.0.12"
time="2026-02-04T16:53:22Z" level=info msg="Tool required for debug" tool="arduino:avrdude@8.0.0-arduino1"
time="2026-02-04T16:53:22Z" level=info msg="Tool required for debug" tool="arduino:avr-gcc@7.3.0-atmel3.6.1-arduino7"
time="2026-02-04T16:53:22Z" level=info msg="Tool required for debug" tool="builtin:dfu-discovery@0.1.2"
time="2026-02-04T16:53:22Z" level=info msg="Tool required for debug" tool="builtin:serial-discovery@1.4.3"
time="2026-02-04T16:53:22Z" level=info msg="Tool required for debug" tool="builtin:serial-monitor@0.15.0"
time="2026-02-04T16:53:22Z" level=info msg="Tool required for debug" tool="arduino:arduinoOTA@1.3.0"
time="2026-02-04T16:53:22Z" level=info msg="Tool required for debug" tool="arduino:dfu-util@0.11.0-arduino5"
time="2026-02-04T16:53:22Z" level=info msg="Tool required for debug" tool="esp32:esp-rv32@2511"
time="2026-02-04T16:53:22Z" level=info msg="Tool required for debug" tool="esp32:esp-x32@2511"
time="2026-02-04T16:53:22Z" level=info msg="Tool required for debug" tool="esp32:esp32-libs@3.3.6"
time="2026-02-04T16:53:22Z" level=info msg="Tool required for debug" tool="esp32:esp32c3-libs@3.3.6"
time="2026-02-04T16:53:22Z" level=info msg="Tool required for debug" tool="esp32:esp32c5-libs@3.3.6"
time="2026-02-04T16:53:22Z" level=info msg="Tool required for debug" tool="esp32:esp32c6-libs@3.3.6"
time="2026-02-04T16:53:22Z" level=info msg="Tool required for debug" tool="esp32:esp32h2-libs@3.3.6"
time="2026-02-04T16:53:22Z" level=info msg="Tool required for debug" tool="esp32:esp32p4-libs@3.3.6"
time="2026-02-04T16:53:22Z" level=info msg="Tool required for debug" tool="esp32:esp32p4_es-libs@3.3.6"
time="2026-02-04T16:53:22Z" level=info msg="Tool required for debug" tool="esp32:esp32s2-libs@3.3.6"
time="2026-02-04T16:53:22Z" level=info msg="Tool required for debug" tool="arduino:dfu-util@0.11.0-arduino5"
time="2026-02-04T16:53:22Z" level=info msg="Tool required for debug" tool="esp32:esp-rv32@2511"
time="2026-02-04T16:53:22Z" level=info msg="Tool required for debug" tool="esp32:esp-x32@2511"
time="2026-02-04T16:53:22Z" level=info msg="Tool required for debug" tool="esp32:esp32-libs@3.3.6"
time="2026-02-04T16:53:22Z" level=info msg="Tool required for debug" tool="esp32:esp32c3-libs@3.3.6"
time="2026-02-04T16:53:22Z" level=info msg="Tool required for debug" tool="esp32:esp32c5-libs@3.3.6"
time="2026-02-04T16:53:22Z" level=info msg="Tool required for debug" tool="esp32:esp32c6-libs@3.3.6"
time="2026-02-04T16:53:22Z" level=info msg="Tool required for debug" tool="esp32:esp32h2-libs@3.3.6"
time="2026-02-04T16:53:22Z" level=info msg="Tool required for debug" tool="esp32:esp32p4-libs@3.3.6"
time="2026-02-04T16:53:22Z" level=info msg="Tool required for debug" tool="esp32:esp32p4_es-libs@3.3.6"
time="2026-02-04T16:53:22Z" level=info msg="Tool required for debug" tool="esp32:esp32s2-libs@3.3.6"
time="2026-02-04T16:53:22Z" level=info msg="Tool required for debug" tool="esp32:esp32s3-libs@3.3.6"
time="2026-02-04T16:53:22Z" level=info msg="Tool required for debug" tool="esp32:esp32s3-libs@3.3.6"
time="2026-02-04T16:53:22Z" level=info msg="Tool required for debug" tool="esp32:esptool_py@5.1.0"
time="2026-02-04T16:53:22Z" level=info msg="Tool required for debug" tool="esp32:mklittlefs@4.0.2-db0513a"
time="2026-02-04T16:53:22Z" level=info msg="Tool required for debug" tool="esp32:mkspiffs@0.2.3"
time="2026-02-04T16:53:22Z" level=info msg="Tool required for debug" tool="esp32:openocd-esp32@v0.12.0-esp32-20251215"
time="2026-02-04T16:53:22Z" level=info msg="Tool required for debug" tool="esp32:riscv32-esp-elf-gdb@16.3_20250913"
time="2026-02-04T16:53:22Z" level=info msg="Tool required for debug" tool="esp32:xtensa-esp-elf-gdb@16.3_20250913"
time="2026-02-04T16:53:22Z" level=info msg="Tool required for debug" tool="builtin:ctags@5.8-arduino11"
time="2026-02-04T16:53:22Z" level=info msg="Tool required for debug" tool="arduino:arduinoOTA@1.3.0"
time="2026-02-04T16:53:22Z" level=info msg="Tool required for debug" tool="arduino:avrdude@8.0.0-arduino1"
time="2026-02-04T16:53:22Z" level=info msg="Tool required for debug" tool="builtin:mdns-discovery@1.0.12"
time="2026-02-04T16:53:22Z" level=info msg="Tool required for debug" tool="builtin:serial-discovery@1.4.3"
time="2026-02-04T16:53:22Z" level=info msg="Tool required for debug" tool="arduino:avr-gcc@7.3.0-atmel3.6.1-arduino7"
time="2026-02-04T16:53:22Z" level=info msg="Tool required for debug" tool="builtin:dfu-discovery@0.1.2"
time="2026-02-04T16:53:22Z" level=info msg="Tool required for debug" tool="builtin:serial-monitor@0.15.0"
time="2026-02-04T16:53:22Z" level=info msg="Tool required for debug" tool="esp32:esptool_py@5.1.0"
time="2026-02-04T16:53:22Z" level=info msg="Tool required for debug" tool="esp32:mklittlefs@4.0.2-db0513a"
time="2026-02-04T16:53:22Z" level=info msg="Tool required for debug" tool="esp32:mkspiffs@0.2.3"
time="2026-02-04T16:53:22Z" level=info msg="Tool required for debug" tool="esp32:openocd-esp32@v0.12.0-esp32-20251215"
time="2026-02-04T16:53:22Z" level=info msg="Tool required for debug" tool="esp32:riscv32-esp-elf-gdb@16.3_20250913"
time="2026-02-04T16:53:22Z" level=info msg="Tool required for debug" tool="esp32:xtensa-esp-elf-gdb@16.3_20250913"
time="2026-02-04T16:53:22Z" level=info msg="Tool required for debug" tool="arduino:arduinoOTA@1.3.0"
time="2026-02-04T16:53:22Z" level=info msg="Tool required for debug" tool="arduino:avrdude@8.0.0-arduino1"
time="2026-02-04T16:53:22Z" level=info msg="Tool required for debug" tool="builtin:mdns-discovery@1.0.12"
time="2026-02-04T16:53:22Z" level=info msg="Tool required for debug" tool="arduino:avr-gcc@7.3.0-atmel3.6.1-arduino7"
time="2026-02-04T16:53:22Z" level=info msg="Tool required for debug" tool="builtin:serial-discovery@1.4.3"
time="2026-02-04T16:53:22Z" level=info msg="Tool required for debug" tool="builtin:ctags@5.8-arduino11"
time="2026-02-04T16:53:22Z" level=info msg="Tool required for debug" tool="builtin:serial-monitor@0.15.0"
time="2026-02-04T16:53:22Z" level=info msg="Tool required for debug" tool="builtin:dfu-discovery@0.1.2"
2026-02-04 16:53:22 2026-02-04T16:53:22.093Z daemon INFO time="2026-02-04T16:53:22Z" level=info msg="Tool required for debug" tool="arduino:dfu-util@0.11.0-arduino5"
time="2026-02-04T16:53:22Z" level=info msg="Tool required for debug" tool="esp32:esp-rv32@2511"
time="2026-02-04T16:53:22Z" level=info msg="Tool required for debug" tool="esp32:esp-x32@2511"
time="2026-02-04T16:53:22Z" level=info msg="Tool required for debug" tool="esp32:esp32-libs@3.3.6"
time="2026-02-04T16:53:22Z" level=info msg="Tool required for debug" tool="esp32:esp32c3-libs@3.3.6"
time="2026-02-04T16:53:22Z" level=info msg="Tool required for debug" tool="esp32:esp32c5-libs@3.3.6"
2026-02-04 16:53:22 2026-02-04T16:53:22.093Z daemon INFO time="2026-02-04T16:53:22Z" level=info msg="Tool required for debug" tool="esp32:esp32c6-libs@3.3.6"
time="2026-02-04T16:53:22Z" level=info msg="Tool required for debug" tool="esp32:esp32h2-libs@3.3.6"
time="2026-02-04T16:53:22Z" level=info msg="Tool required for debug" tool="esp32:esp32p4-libs@3.3.6"
time="2026-02-04T16:53:22Z" level=info msg="Tool required for debug" tool="esp32:esp32p4_es-libs@3.3.6"
time="2026-02-04T16:53:22Z" level=info msg="Tool required for debug" tool="esp32:esp32s2-libs@3.3.6"
time="2026-02-04T16:53:22Z" level=info msg="Tool required for debug" tool="esp32:esp32s3-libs@3.3.6"
time="2026-02-04T16:53:22Z" level=info msg="Tool required for debug" tool="esp32:esptool_py@5.1.0"
time="2026-02-04T16:53:22Z" level=info msg="Tool required for debug" tool="esp32:mklittlefs@4.0.2-db0513a"
time="2026-02-04T16:53:22Z" level=info msg="Tool required for debug" tool="esp32:mkspiffs@0.2.3"
2026-02-04 16:53:22 2026-02-04T16:53:22.093Z daemon INFO time="2026-02-04T16:53:22Z" level=info msg="Tool required for debug" tool="esp32:openocd-esp32@v0.12.0-esp32-20251215"
time="2026-02-04T16:53:22Z" level=info msg="Tool required for debug" tool="esp32:riscv32-esp-elf-gdb@16.3_20250913"
time="2026-02-04T16:53:22Z" level=info msg="Tool required for debug" tool="esp32:xtensa-esp-elf-gdb@16.3_20250913"
2026-02-04 16:53:22 2026-02-04T16:53:22.093Z daemon INFO time="2026-02-04T16:53:22Z" level=info msg="Tool required for debug" tool="arduino:avrdude@8.0.0-arduino1"
time="2026-02-04T16:53:22Z" level=info msg="Tool required for debug" tool="arduino:avr-gcc@7.3.0-atmel3.6.1-arduino7"
2026-02-04 16:53:22 2026-02-04T16:53:22.093Z daemon INFO time="2026-02-04T16:53:22Z" level=info msg="Tool required for debug" tool="builtin:dfu-discovery@0.1.2"
2026-02-04 16:53:22 2026-02-04T16:53:22.093Z daemon INFO time="2026-02-04T16:53:22Z" level=info msg="Tool required for debug" tool="arduino:arduinoOTA@1.3.0"
2026-02-04 16:53:22 2026-02-04T16:53:22.093Z daemon INFO time="2026-02-04T16:53:22Z" level=info msg="Tool required for debug" tool="builtin:mdns-discovery@1.0.12"
2026-02-04 16:53:22 2026-02-04T16:53:22.093Z daemon INFO time="2026-02-04T16:53:22Z" level=info msg="Tool required for debug" tool="builtin:serial-discovery@1.4.3"
time="2026-02-04T16:53:22Z" level=info msg="Tool required for debug" tool="builtin:serial-monitor@0.15.0"
2026-02-04 16:53:22 2026-02-04T16:53:22.093Z daemon INFO time="2026-02-04T16:53:22Z" level=info msg="Tool required for debug" tool="builtin:ctags@5.8-arduino11"
2026-02-04 16:53:22 2026-02-04T16:53:22.093Z daemon INFO time="2026-02-04T16:53:22Z" level=info msg="Tool required for debug" tool="arduino:dfu-util@0.11.0-arduino5"
time="2026-02-04T16:53:22Z" level=info msg="Tool required for debug" tool="esp32:esp-rv32@2511"
2026-02-04 16:53:22 2026-02-04T16:53:22.093Z daemon INFO time="2026-02-04T16:53:22Z" level=info msg="Tool required for debug" tool="esp32:esp-x32@2511"
time="2026-02-04T16:53:22Z" level=info msg="Tool required for debug" tool="esp32:esp32-libs@3.3.6"
time="2026-02-04T16:53:22Z" level=info msg="Tool required for debug" tool="esp32:esp32c3-libs@3.3.6"
time="2026-02-04T16:53:22Z" level=info msg="Tool required for debug" tool="esp32:esp32c5-libs@3.3.6"
time="2026-02-04T16:53:22Z" level=info msg="Tool required for debug" tool="esp32:esp32c6-libs@3.3.6"
2026-02-04 16:53:22 2026-02-04T16:53:22.093Z daemon INFO time="2026-02-04T16:53:22Z" level=info msg="Tool required for debug" tool="esp32:esp32h2-libs@3.3.6"
time="2026-02-04T16:53:22Z" level=info msg="Tool required for debug" tool="esp32:esp32p4-libs@3.3.6"
time="2026-02-04T16:53:22Z" level=info msg="Tool required for debug" tool="esp32:esp32p4_es-libs@3.3.6"
time="2026-02-04T16:53:22Z" level=info msg="Tool required for debug" tool="esp32:esp32s2-libs@3.3.6"
time="2026-02-04T16:53:22Z" level=info msg="Tool required for debug" tool="esp32:esp32s3-libs@3.3.6"
2026-02-04 16:53:22 2026-02-04T16:53:22.094Z daemon INFO time="2026-02-04T16:53:22Z" level=info msg="Tool required for debug" tool="esp32:esptool_py@5.1.0"
time="2026-02-04T16:53:22Z" level=info msg="Tool required for debug" tool="esp32:mklittlefs@4.0.2-db0513a"
2026-02-04 16:53:22 2026-02-04T16:53:22.094Z daemon INFO time="2026-02-04T16:53:22Z" level=info msg="Tool required for debug" tool="esp32:mkspiffs@0.2.3"
time="2026-02-04T16:53:22Z" level=info msg="Tool required for debug" tool="esp32:openocd-esp32@v0.12.0-esp32-20251215"
time="2026-02-04T16:53:22Z" level=info msg="Tool required for debug" tool="esp32:riscv32-esp-elf-gdb@16.3_20250913"
time="2026-02-04T16:53:22Z" level=info msg="Tool required for debug" tool="esp32:xtensa-esp-elf-gdb@16.3_20250913"
time="2026-02-04T16:53:22Z" level=info msg="Tool required for debug" tool="builtin:serial-monitor@0.15.0"
time="2026-02-04T16:53:22Z" level=info msg="Tool required for debug" tool="arduino:avr-gcc@7.3.0-atmel3.6.1-arduino7"
2026-02-04 16:53:22 2026-02-04T16:53:22.094Z daemon INFO time="2026-02-04T16:53:22Z" level=info msg="Tool required for debug" tool="builtin:ctags@5.8-arduino11"
time="2026-02-04T16:53:22Z" level=info msg="Tool required for debug" tool="builtin:mdns-discovery@1.0.12"
time="2026-02-04T16:53:22Z" level=info msg="Tool required for debug" tool="arduino:avrdude@8.0.0-arduino1"
time="2026-02-04T16:53:22Z" level=info msg="Tool required for debug" tool="builtin:dfu-discovery@0.1.2"
2026-02-04 16:53:22 2026-02-04T16:53:22.094Z daemon INFO time="2026-02-04T16:53:22Z" level=info msg="Tool required for debug" tool="builtin:serial-discovery@1.4.3"
time="2026-02-04T16:53:22Z" level=info msg="Tool required for debug" tool="arduino:arduinoOTA@1.3.0"
2026-02-04 16:53:22 2026-02-04T16:53:22.094Z daemon INFO time="2026-02-04T16:53:22Z" level=info msg="Tool required for debug" tool="arduino:dfu-util@0.11.0-arduino5"
time="2026-02-04T16:53:22Z" level=info msg="Tool required for debug" tool="esp32:esp-rv32@2511"
2026-02-04 16:53:22 2026-02-04T16:53:22.094Z daemon INFO time="2026-02-04T16:53:22Z" level=info msg="Tool required for debug" tool="esp32:esp-x32@2511"
time="2026-02-04T16:53:22Z" level=info msg="Tool required for debug" tool="esp32:esp32-libs@3.3.6"
time="2026-02-04T16:53:22Z" level=info msg="Tool required for debug" tool="esp32:esp32c3-libs@3.3.6"
time="2026-02-04T16:53:22Z" level=info msg="Tool required for debug" tool="esp32:esp32c5-libs@3.3.6"
2026-02-04 16:53:22 2026-02-04T16:53:22.094Z daemon INFO time="2026-02-04T16:53:22Z" level=info msg="Tool required for debug" tool="esp32:esp32c6-libs@3.3.6"
time="2026-02-04T16:53:22Z" level=info msg="Tool required for debug" tool="esp32:esp32h2-libs@3.3.6"
time="2026-02-04T16:53:22Z" level=info msg="Tool required for debug" tool="esp32:esp32p4-libs@3.3.6"
2026-02-04 16:53:22 2026-02-04T16:53:22.094Z daemon INFO time="2026-02-04T16:53:22Z" level=info msg="Tool required for debug" tool="esp32:esp32p4_es-libs@3.3.6"
time="2026-02-04T16:53:22Z" level=info msg="Tool required for debug" tool="esp32:esp32s2-libs@3.3.6"
time="2026-02-04T16:53:22Z" level=info msg="Tool required for debug" tool="esp32:esp32s3-libs@3.3.6"
time="2026-02-04T16:53:22Z" level=info msg="Tool required for debug" tool="esp32:esptool_py@5.1.0"
time="2026-02-04T16:53:22Z" level=info msg="Tool required for debug" tool="esp32:mklittlefs@4.0.2-db0513a"
time="2026-02-04T16:53:22Z" level=info msg="Tool required for debug" tool="esp32:mkspiffs@0.2.3"
2026-02-04 16:53:22 2026-02-04T16:53:22.094Z daemon INFO time="2026-02-04T16:53:22Z" level=info msg="Tool required for debug" tool="esp32:openocd-esp32@v0.12.0-esp32-20251215"
time="2026-02-04T16:53:22Z" level=info msg="Tool required for debug" tool="esp32:riscv32-esp-elf-gdb@16.3_20250913"
time="2026-02-04T16:53:22Z" level=info msg="Tool required for debug" tool="esp32:xtensa-esp-elf-gdb@16.3_20250913"
time="2026-02-04T16:53:22Z" level=info msg="Tool required for debug" tool="builtin:mdns-discovery@1.0.12"
2026-02-04 16:53:22 2026-02-04T16:53:22.094Z daemon INFO time="2026-02-04T16:53:22Z" level=info msg="Tool required for debug" tool="builtin:serial-monitor@0.15.0"
2026-02-04 16:53:22 2026-02-04T16:53:22.094Z daemon INFO time="2026-02-04T16:53:22Z" level=info msg="Tool required for debug" tool="builtin:dfu-discovery@0.1.2"
time="2026-02-04T16:53:22Z" level=info msg="Tool required for debug" tool="builtin:serial-discovery@1.4.3"
2026-02-04 16:53:22 2026-02-04T16:53:22.094Z daemon INFO time="2026-02-04T16:53:22Z" level=info msg="Tool required for debug" tool="arduino:arduinoOTA@1.3.0"
time="2026-02-04T16:53:22Z" level=info msg="Tool required for debug" tool="arduino:avr-gcc@7.3.0-atmel3.6.1-arduino7"
time="2026-02-04T16:53:22Z" level=info msg="Tool required for debug" tool="arduino:avrdude@8.0.0-arduino1"
time="2026-02-04T16:53:22Z" level=info msg="Tool required for debug" tool="builtin:ctags@5.8-arduino11"
2026-02-04 16:53:22 2026-02-04T16:53:22.095Z daemon INFO time="2026-02-04T16:53:22Z" level=info msg="Tool required for debug" tool="arduino:dfu-util@0.11.0-arduino5"
time="2026-02-04T16:53:22Z" level=info msg="Tool required for debug" tool="esp32:esp-rv32@2511"
2026-02-04 16:53:22 2026-02-04T16:53:22.095Z daemon INFO time="2026-02-04T16:53:22Z" level=info msg="Tool required for debug" tool="esp32:esp-x32@2511"
time="2026-02-04T16:53:22Z" level=info msg="Tool required for debug" tool="esp32:esp32-libs@3.3.6"
time="2026-02-04T16:53:22Z" level=info msg="Tool required for debug" tool="esp32:esp32c3-libs@3.3.6"
time="2026-02-04T16:53:22Z" level=info msg="Tool required for debug" tool="esp32:esp32c5-libs@3.3.6"
time="2026-02-04T16:53:22Z" level=info msg="Tool required for debug" tool="esp32:esp32c6-libs@3.3.6"
time="2026-02-04T16:53:22Z" level=info msg="Tool required for debug" tool="esp32:esp32h2-libs@3.3.6"
time="2026-02-04T16:53:22Z" level=info msg="Tool required for debug" tool="esp32:esp32p4-libs@3.3.6"
time="2026-02-04T16:53:22Z" level=info msg="Tool required for debug" tool="esp32:esp32p4_es-libs@3.3.6"
time="2026-02-04T16:53:22Z" level=info msg="Tool required for debug" tool="esp32:esp32s2-libs@3.3.6"
2026-02-04 16:53:22 2026-02-04T16:53:22.095Z daemon INFO time="2026-02-04T16:53:22Z" level=info msg="Tool required for debug" tool="esp32:esp32s3-libs@3.3.6"
time="2026-02-04T16:53:22Z" level=info msg="Tool required for debug" tool="esp32:esptool_py@5.1.0"
time="2026-02-04T16:53:22Z" level=info msg="Tool required for debug" tool="esp32:mklittlefs@4.0.2-db0513a"
time="2026-02-04T16:53:22Z" level=info msg="Tool required for debug" tool="esp32:mkspiffs@0.2.3"
time="2026-02-04T16:53:22Z" level=info msg="Tool required for debug" tool="esp32:openocd-esp32@v0.12.0-esp32-20251215"
2026-02-04 16:53:22 2026-02-04T16:53:22.095Z daemon INFO time="2026-02-04T16:53:22Z" level=info msg="Tool required for debug" tool="esp32:riscv32-esp-elf-gdb@16.3_20250913"
time="2026-02-04T16:53:22Z" level=info msg="Tool required for debug" tool="esp32:xtensa-esp-elf-gdb@16.3_20250913"
time="2026-02-04T16:53:22Z" level=info msg="Tool required for debug" tool="arduino:arduinoOTA@1.3.0"
time="2026-02-04T16:53:22Z" level=info msg="Tool required for debug" tool="builtin:serial-monitor@0.15.0"
2026-02-04 16:53:22 2026-02-04T16:53:22.095Z daemon INFO time="2026-02-04T16:53:22Z" level=info msg="Tool required for debug" tool="builtin:ctags@5.8-arduino11"
time="2026-02-04T16:53:22Z" level=info msg="Tool required for debug" tool="builtin:dfu-discovery@0.1.2"
2026-02-04 16:53:22 2026-02-04T16:53:22.095Z daemon INFO time="2026-02-04T16:53:22Z" level=info msg="Tool required for debug" tool="builtin:mdns-discovery@1.0.12"
2026-02-04 16:53:22 2026-02-04T16:53:22.095Z daemon INFO time="2026-02-04T16:53:22Z" level=info msg="Tool required for debug" tool="arduino:avrdude@8.0.0-arduino1"
time="2026-02-04T16:53:22Z" level=info msg="Tool required for debug" tool="builtin:serial-discovery@1.4.3"
2026-02-04 16:53:22 2026-02-04T16:53:22.095Z daemon INFO time="2026-02-04T16:53:22Z" level=info msg="Tool required for debug" tool="arduino:avr-gcc@7.3.0-atmel3.6.1-arduino7"
2026-02-04 16:53:22 2026-02-04T16:53:22.096Z daemon INFO time="2026-02-04T16:53:22Z" level=info msg="Tool required for debug" tool="arduino:dfu-util@0.11.0-arduino5"
time="2026-02-04T16:53:22Z" level=info msg="Tool required for debug" tool="esp32:esp-rv32@2511"
2026-02-04 16:53:22 2026-02-04T16:53:22.096Z daemon INFO time="2026-02-04T16:53:22Z" level=info msg="Tool required for debug" tool="esp32:esp-x32@2511"
time="2026-02-04T16:53:22Z" level=info msg="Tool required for debug" tool="esp32:esp32-libs@3.3.6"
time="2026-02-04T16:53:22Z" level=info msg="Tool required for debug" tool="esp32:esp32c3-libs@3.3.6"
time="2026-02-04T16:53:22Z" level=info msg="Tool required for debug" tool="esp32:esp32c5-libs@3.3.6"
2026-02-04 16:53:22 2026-02-04T16:53:22.096Z daemon INFO time="2026-02-04T16:53:22Z" level=info msg="Tool required for debug" tool="esp32:esp32c6-libs@3.3.6"
time="2026-02-04T16:53:22Z" level=info msg="Tool required for debug" tool="esp32:esp32h2-libs@3.3.6"
time="2026-02-04T16:53:22Z" level=info msg="Tool required for debug" tool="esp32:esp32p4-libs@3.3.6"
2026-02-04 16:53:22 2026-02-04T16:53:22.096Z daemon INFO time="2026-02-04T16:53:22Z" level=info msg="Tool required for debug" tool="esp32:esp32p4_es-libs@3.3.6"
time="2026-02-04T16:53:22Z" level=info msg="Tool required for debug" tool="esp32:esp32s2-libs@3.3.6"
time="2026-02-04T16:53:22Z" level=info msg="Tool required for debug" tool="esp32:esp32s3-libs@3.3.6"
time="2026-02-04T16:53:22Z" level=info msg="Tool required for debug" tool="esp32:esptool_py@5.1.0"
2026-02-04 16:53:22 2026-02-04T16:53:22.096Z daemon INFO time="2026-02-04T16:53:22Z" level=info msg="Tool required for debug" tool="esp32:mklittlefs@4.0.2-db0513a"
time="2026-02-04T16:53:22Z" level=info msg="Tool required for debug" tool="esp32:mkspiffs@0.2.3"
time="2026-02-04T16:53:22Z" level=info msg="Tool required for debug" tool="esp32:openocd-esp32@v0.12.0-esp32-20251215"
2026-02-04 16:53:22 2026-02-04T16:53:22.096Z daemon INFO time="2026-02-04T16:53:22Z" level=info msg="Tool required for debug" tool="esp32:riscv32-esp-elf-gdb@16.3_20250913"
time="2026-02-04T16:53:22Z" level=info msg="Tool required for debug" tool="esp32:xtensa-esp-elf-gdb@16.3_20250913"
time="2026-02-04T16:53:22Z" level=info msg="Tool required for debug" tool="arduino:arduinoOTA@1.3.0"
2026-02-04 16:53:22 2026-02-04T16:53:22.096Z daemon INFO time="2026-02-04T16:53:22Z" level=info msg="Tool required for debug" tool="arduino:avrdude@8.0.0-arduino1"
time="2026-02-04T16:53:22Z" level=info msg="Tool required for debug" tool="builtin:ctags@5.8-arduino11"
2026-02-04 16:53:22 2026-02-04T16:53:22.096Z daemon INFO time="2026-02-04T16:53:22Z" level=info msg="Tool required for debug" tool="builtin:mdns-discovery@1.0.12"
time="2026-02-04T16:53:22Z" level=info msg="Tool required for debug" tool="builtin:serial-discovery@1.4.3"
2026-02-04 16:53:22 2026-02-04T16:53:22.096Z daemon INFO time="2026-02-04T16:53:22Z" level=info msg="Tool required for debug" tool="arduino:avr-gcc@7.3.0-atmel3.6.1-arduino7"
time="2026-02-04T16:53:22Z" level=info msg="Tool required for debug" tool="builtin:serial-monitor@0.15.0"
2026-02-04 16:53:22 2026-02-04T16:53:22.096Z daemon INFO time="2026-02-04T16:53:22Z" level=info msg="Tool required for debug" tool="builtin:dfu-discovery@0.1.2"
2026-02-04 16:53:22 2026-02-04T16:53:22.096Z daemon INFO time="2026-02-04T16:53:22Z" level=info msg="Tool required for debug" tool="arduino:dfu-util@0.11.0-arduino5"
time="2026-02-04T16:53:22Z" level=info msg="Tool required for debug" tool="esp32:esp-rv32@2511"
2026-02-04 16:53:22 2026-02-04T16:53:22.096Z daemon INFO time="2026-02-04T16:53:22Z" level=info msg="Tool required for debug" tool="esp32:esp-x32@2511"
time="2026-02-04T16:53:22Z" level=info msg="Tool required for debug" tool="esp32:esp32-libs@3.3.6"
time="2026-02-04T16:53:22Z" level=info msg="Tool required for debug" tool="esp32:esp32c3-libs@3.3.6"
time="2026-02-04T16:53:22Z" level=info msg="Tool required for debug" tool="esp32:esp32c5-libs@3.3.6"
2026-02-04 16:53:22 2026-02-04T16:53:22.096Z daemon INFO time="2026-02-04T16:53:22Z" level=info msg="Tool required for debug" tool="esp32:esp32c6-libs@3.3.6"
time="2026-02-04T16:53:22Z" level=info msg="Tool required for debug" tool="esp32:esp32h2-libs@3.3.6"
time="2026-02-04T16:53:22Z" level=info msg="Tool required for debug" tool="esp32:esp32p4-libs@3.3.6"
time="2026-02-04T16:53:22Z" level=info msg="Tool required for debug" tool="esp32:esp32p4_es-libs@3.3.6"
2026-02-04 16:53:22 2026-02-04T16:53:22.096Z daemon INFO time="2026-02-04T16:53:22Z" level=info msg="Tool required for debug" tool="esp32:esp32s2-libs@3.3.6"
time="2026-02-04T16:53:22Z" level=info msg="Tool required for debug" tool="esp32:esp32s3-libs@3.3.6"
time="2026-02-04T16:53:22Z" level=info msg="Tool required for debug" tool="esp32:esptool_py@5.1.0"
2026-02-04 16:53:22 2026-02-04T16:53:22.096Z daemon INFO time="2026-02-04T16:53:22Z" level=info msg="Tool required for debug" tool="esp32:mklittlefs@4.0.2-db0513a"
time="2026-02-04T16:53:22Z" level=info msg="Tool required for debug" tool="esp32:mkspiffs@0.2.3"
time="2026-02-04T16:53:22Z" level=info msg="Tool required for debug" tool="esp32:openocd-esp32@v0.12.0-esp32-20251215"
time="2026-02-04T16:53:22Z" level=info msg="Tool required for debug" tool="esp32:riscv32-esp-elf-gdb@16.3_20250913"
2026-02-04 16:53:22 2026-02-04T16:53:22.096Z daemon INFO time="2026-02-04T16:53:22Z" level=info msg="Tool required for debug" tool="esp32:xtensa-esp-elf-gdb@16.3_20250913"
time="2026-02-04T16:53:22Z" level=info msg="Tool required for debug" tool="arduino:avr-gcc@7.3.0-atmel3.6.1-arduino7"
time="2026-02-04T16:53:22Z" level=info msg="Tool required for debug" tool="builtin:serial-monitor@0.15.0"
2026-02-04 16:53:22 2026-02-04T16:53:22.096Z daemon INFO time="2026-02-04T16:53:22Z" level=info msg="Tool required for debug" tool="builtin:serial-discovery@1.4.3"
time="2026-02-04T16:53:22Z" level=info msg="Tool required for debug" tool="arduino:arduinoOTA@1.3.0"
time="2026-02-04T16:53:22Z" level=info msg="Tool required for debug" tool="arduino:avrdude@8.0.0-arduino1"
time="2026-02-04T16:53:22Z" level=info msg="Tool required for debug" tool="builtin:ctags@5.8-arduino11"
2026-02-04 16:53:22 2026-02-04T16:53:22.096Z daemon INFO time="2026-02-04T16:53:22Z" level=info msg="Tool required for debug" tool="builtin:dfu-discovery@0.1.2"
time="2026-02-04T16:53:22Z" level=info msg="Tool required for debug" tool="builtin:mdns-discovery@1.0.12"
2026-02-04 16:53:22 2026-02-04T16:53:22.097Z daemon INFO time="2026-02-04T16:53:22Z" level=info msg="Tool required for debug" tool="arduino:dfu-util@0.11.0-arduino5"
time="2026-02-04T16:53:22Z" level=info msg="Tool required for debug" tool="esp32:esp-rv32@2511"
time="2026-02-04T16:53:22Z" level=info msg="Tool required for debug" tool="esp32:esp-x32@2511"
2026-02-04 16:53:22 2026-02-04T16:53:22.097Z daemon INFO time="2026-02-04T16:53:22Z" level=info msg="Tool required for debug" tool="esp32:esp32-libs@3.3.6"
time="2026-02-04T16:53:22Z" level=info msg="Tool required for debug" tool="esp32:esp32c3-libs@3.3.6"
time="2026-02-04T16:53:22Z" level=info msg="Tool required for debug" tool="esp32:esp32c5-libs@3.3.6"
time="2026-02-04T16:53:22Z" level=info msg="Tool required for debug" tool="esp32:esp32c6-libs@3.3.6"
2026-02-04 16:53:22 2026-02-04T16:53:22.097Z daemon INFO time="2026-02-04T16:53:22Z" level=info msg="Tool required for debug" tool="esp32:esp32h2-libs@3.3.6"
time="2026-02-04T16:53:22Z" level=info msg="Tool required for debug" tool="esp32:esp32p4-libs@3.3.6"
time="2026-02-04T16:53:22Z" level=info msg="Tool required for debug" tool="esp32:esp32p4_es-libs@3.3.6"
time="2026-02-04T16:53:22Z" level=info msg="Tool required for debug" tool="esp32:esp32s2-libs@3.3.6"
2026-02-04 16:53:22 2026-02-04T16:53:22.097Z daemon INFO time="2026-02-04T16:53:22Z" level=info msg="Tool required for debug" tool="esp32:esp32s3-libs@3.3.6"
time="2026-02-04T16:53:22Z" level=info msg="Tool required for debug" tool="esp32:esptool_py@5.1.0"
time="2026-02-04T16:53:22Z" level=info msg="Tool required for debug" tool="esp32:mklittlefs@4.0.2-db0513a"
2026-02-04 16:53:22 2026-02-04T16:53:22.097Z daemon INFO time="2026-02-04T16:53:22Z" level=info msg="Tool required for debug" tool="esp32:mkspiffs@0.2.3"
time="2026-02-04T16:53:22Z" level=info msg="Tool required for debug" tool="esp32:openocd-esp32@v0.12.0-esp32-20251215"
time="2026-02-04T16:53:22Z" level=info msg="Tool required for debug" tool="esp32:riscv32-esp-elf-gdb@16.3_20250913"
2026-02-04 16:53:22 2026-02-04T16:53:22.097Z daemon INFO time="2026-02-04T16:53:22Z" level=info msg="Tool required for debug" tool="esp32:xtensa-esp-elf-gdb@16.3_20250913"
time="2026-02-04T16:53:22Z" level=info msg="Tool required for debug" tool="builtin:ctags@5.8-arduino11"
2026-02-04 16:53:22 2026-02-04T16:53:22.097Z daemon INFO time="2026-02-04T16:53:22Z" level=info msg="Tool required for debug" tool="builtin:dfu-discovery@0.1.2"
time="2026-02-04T16:53:22Z" level=info msg="Tool required for debug" tool="builtin:mdns-discovery@1.0.12"
2026-02-04 16:53:22 2026-02-04T16:53:22.097Z daemon INFO time="2026-02-04T16:53:22Z" level=info msg="Tool required for debug" tool="builtin:serial-discovery@1.4.3"
2026-02-04 16:53:22 2026-02-04T16:53:22.097Z daemon INFO time="2026-02-04T16:53:22Z" level=info msg="Tool required for debug" tool="builtin:serial-monitor@0.15.0"
2026-02-04 16:53:22 2026-02-04T16:53:22.097Z daemon INFO time="2026-02-04T16:53:22Z" level=info msg="Tool required for debug" tool="arduino:arduinoOTA@1.3.0"
time="2026-02-04T16:53:22Z" level=info msg="Tool required for debug" tool="arduino:avrdude@8.0.0-arduino1"
time="2026-02-04T16:53:22Z" level=info msg="Tool required for debug" tool="arduino:avr-gcc@7.3.0-atmel3.6.1-arduino7"
2026-02-04 16:53:22 2026-02-04T16:53:22.097Z daemon INFO time="2026-02-04T16:53:22Z" level=info msg="Tool required for debug" tool="arduino:dfu-util@0.11.0-arduino5"
time="2026-02-04T16:53:22Z" level=info msg="Tool required for debug" tool="esp32:esp-rv32@2511"
2026-02-04 16:53:22 2026-02-04T16:53:22.097Z daemon INFO time="2026-02-04T16:53:22Z" level=info msg="Tool required for debug" tool="esp32:esp-x32@2511"
time="2026-02-04T16:53:22Z" level=info msg="Tool required for debug" tool="esp32:esp32-libs@3.3.6"
time="2026-02-04T16:53:22Z" level=info msg="Tool required for debug" tool="esp32:esp32c3-libs@3.3.6"
time="2026-02-04T16:53:22Z" level=info msg="Tool required for debug" tool="esp32:esp32c5-libs@3.3.6"
time="2026-02-04T16:53:22Z" level=info msg="Tool required for debug" tool="esp32:esp32c6-libs@3.3.6"
2026-02-04 16:53:22 2026-02-04T16:53:22.097Z daemon INFO time="2026-02-04T16:53:22Z" level=info msg="Tool required for debug" tool="esp32:esp32h2-libs@3.3.6"
time="2026-02-04T16:53:22Z" level=info msg="Tool required for debug" tool="esp32:esp32p4-libs@3.3.6"
2026-02-04 16:53:22 2026-02-04T16:53:22.098Z daemon INFO time="2026-02-04T16:53:22Z" level=info msg="Tool required for debug" tool="esp32:esp32p4_es-libs@3.3.6"
time="2026-02-04T16:53:22Z" level=info msg="Tool required for debug" tool="esp32:esp32s2-libs@3.3.6"
time="2026-02-04T16:53:22Z" level=info msg="Tool required for debug" tool="esp32:esp32s3-libs@3.3.6"
time="2026-02-04T16:53:22Z" level=info msg="Tool required for debug" tool="esp32:esptool_py@5.1.0"
2026-02-04 16:53:22 2026-02-04T16:53:22.098Z daemon INFO time="2026-02-04T16:53:22Z" level=info msg="Tool required for debug" tool="esp32:mklittlefs@4.0.2-db0513a"
time="2026-02-04T16:53:22Z" level=info msg="Tool required for debug" tool="esp32:mkspiffs@0.2.3"
time="2026-02-04T16:53:22Z" level=info msg="Tool required for debug" tool="esp32:openocd-esp32@v0.12.0-esp32-20251215"
time="2026-02-04T16:53:22Z" level=info msg="Tool required for debug" tool="esp32:riscv32-esp-elf-gdb@16.3_20250913"
2026-02-04 16:53:22 2026-02-04T16:53:22.098Z daemon INFO time="2026-02-04T16:53:22Z" level=info msg="Tool required for debug" tool="esp32:xtensa-esp-elf-gdb@16.3_20250913"
time="2026-02-04T16:53:22Z" level=info msg="Tool required for debug" tool="builtin:serial-monitor@0.15.0"
2026-02-04 16:53:22 2026-02-04T16:53:22.098Z daemon INFO time="2026-02-04T16:53:22Z" level=info msg="Tool required for debug" tool="builtin:ctags@5.8-arduino11"
2026-02-04 16:53:22 2026-02-04T16:53:22.098Z daemon INFO time="2026-02-04T16:53:22Z" level=info msg="Tool required for debug" tool="builtin:serial-discovery@1.4.3"
2026-02-04 16:53:22 2026-02-04T16:53:22.098Z daemon INFO time="2026-02-04T16:53:22Z" level=info msg="Tool required for debug" tool="arduino:arduinoOTA@1.3.0"
time="2026-02-04T16:53:22Z" level=info msg="Tool required for debug" tool="arduino:avrdude@8.0.0-arduino1"
time="2026-02-04T16:53:22Z" level=info msg="Tool required for debug" tool="arduino:avr-gcc@7.3.0-atmel3.6.1-arduino7"
time="2026-02-04T16:53:22Z" level=info msg="Tool required for debug" tool="builtin:dfu-discovery@0.1.2"
2026-02-04 16:53:22 2026-02-04T16:53:22.098Z daemon INFO time="2026-02-04T16:53:22Z" level=info msg="Tool required for debug" tool="builtin:mdns-discovery@1.0.12"
2026-02-04 16:53:22 2026-02-04T16:53:22.098Z daemon INFO time="2026-02-04T16:53:22Z" level=info msg="Tool required for debug" tool="arduino:dfu-util@0.11.0-arduino5"
time="2026-02-04T16:53:22Z" level=info msg="Tool required for debug" tool="esp32:esp-rv32@2511"
2026-02-04 16:53:22 2026-02-04T16:53:22.098Z daemon INFO time="2026-02-04T16:53:22Z" level=info msg="Tool required for debug" tool="esp32:esp-x32@2511"
time="2026-02-04T16:53:22Z" level=info msg="Tool required for debug" tool="esp32:esp32-libs@3.3.6"
time="2026-02-04T16:53:22Z" level=info msg="Tool required for debug" tool="esp32:esp32c3-libs@3.3.6"
time="2026-02-04T16:53:22Z" level=info msg="Tool required for debug" tool="esp32:esp32c5-libs@3.3.6"
time="2026-02-04T16:53:22Z" level=info msg="Tool required for debug" tool="esp32:esp32c6-libs@3.3.6"
time="2026-02-04T16:53:22Z" level=info msg="Tool required for debug" tool="esp32:esp32h2-libs@3.3.6"
time="2026-02-04T16:53:22Z" level=info msg="Tool required for debug" tool="esp32:esp32p4-libs@3.3.6"
2026-02-04 16:53:22 2026-02-04T16:53:22.098Z daemon INFO time="2026-02-04T16:53:22Z" level=info msg="Tool required for debug" tool="esp32:esp32p4_es-libs@3.3.6"
time="2026-02-04T16:53:22Z" level=info msg="Tool required for debug" tool="esp32:esp32s2-libs@3.3.6"
time="2026-02-04T16:53:22Z" level=info msg="Tool required for debug" tool="esp32:esp32s3-libs@3.3.6"
time="2026-02-04T16:53:22Z" level=info msg="Tool required for debug" tool="esp32:esptool_py@5.1.0"
2026-02-04 16:53:22 2026-02-04T16:53:22.098Z daemon INFO time="2026-02-04T16:53:22Z" level=info msg="Tool required for debug" tool="esp32:mklittlefs@4.0.2-db0513a"
time="2026-02-04T16:53:22Z" level=info msg="Tool required for debug" tool="esp32:mkspiffs@0.2.3"
time="2026-02-04T16:53:22Z" level=info msg="Tool required for debug" tool="esp32:openocd-esp32@v0.12.0-esp32-20251215"
time="2026-02-04T16:53:22Z" level=info msg="Tool required for debug" tool="esp32:riscv32-esp-elf-gdb@16.3_20250913"
2026-02-04 16:53:22 2026-02-04T16:53:22.098Z daemon INFO time="2026-02-04T16:53:22Z" level=info msg="Tool required for debug" tool="esp32:xtensa-esp-elf-gdb@16.3_20250913"
time="2026-02-04T16:53:22Z" level=info msg="Tool required for debug" tool="builtin:ctags@5.8-arduino11"
2026-02-04 16:53:22 2026-02-04T16:53:22.098Z daemon INFO time="2026-02-04T16:53:22Z" level=info msg="Tool required for debug" tool="arduino:arduinoOTA@1.3.0"
time="2026-02-04T16:53:22Z" level=info msg="Tool required for debug" tool="builtin:dfu-discovery@0.1.2"
2026-02-04 16:53:22 2026-02-04T16:53:22.098Z daemon INFO time="2026-02-04T16:53:22Z" level=info msg="Tool required for debug" tool="builtin:serial-discovery@1.4.3"
time="2026-02-04T16:53:22Z" level=info msg="Tool required for debug" tool="builtin:serial-monitor@0.15.0"
2026-02-04 16:53:22 2026-02-04T16:53:22.098Z daemon INFO time="2026-02-04T16:53:22Z" level=info msg="Tool required for debug" tool="arduino:avrdude@8.0.0-arduino1"
2026-02-04 16:53:22 2026-02-04T16:53:22.099Z daemon INFO time="2026-02-04T16:53:22Z" level=info msg="Tool required for debug" tool="arduino:avr-gcc@7.3.0-atmel3.6.1-arduino7"
2026-02-04 16:53:22 2026-02-04T16:53:22.099Z daemon INFO time="2026-02-04T16:53:22Z" level=info msg="Tool required for debug" tool="builtin:mdns-discovery@1.0.12"
2026-02-04 16:53:22 2026-02-04T16:53:22.099Z daemon INFO time="2026-02-04T16:53:22Z" level=info msg="Tool required for debug" tool="arduino:dfu-util@0.11.0-arduino5"
2026-02-04 16:53:22 2026-02-04T16:53:22.099Z daemon INFO time="2026-02-04T16:53:22Z" level=info msg="Tool required for debug" tool="esp32:esp-rv32@2511"
time="2026-02-04T16:53:22Z" level=info msg="Tool required for debug" tool="esp32:esp-x32@2511"
time="2026-02-04T16:53:22Z" level=info msg="Tool required for debug" tool="esp32:esp32-libs@3.3.6"
2026-02-04 16:53:22 2026-02-04T16:53:22.099Z daemon INFO time="2026-02-04T16:53:22Z" level=info msg="Tool required for debug" tool="esp32:esp32c3-libs@3.3.6"
time="2026-02-04T16:53:22Z" level=info msg="Tool required for debug" tool="esp32:esp32c5-libs@3.3.6"
2026-02-04 16:53:22 2026-02-04T16:53:22.099Z daemon INFO time="2026-02-04T16:53:22Z" level=info msg="Tool required for debug" tool="esp32:esp32c6-libs@3.3.6"
time="2026-02-04T16:53:22Z" level=info msg="Tool required for debug" tool="esp32:esp32h2-libs@3.3.6"
2026-02-04 16:53:22 2026-02-04T16:53:22.099Z daemon INFO time="2026-02-04T16:53:22Z" level=info msg="Tool required for debug" tool="esp32:esp32p4-libs@3.3.6"
time="2026-02-04T16:53:22Z" level=info msg="Tool required for debug" tool="esp32:esp32p4_es-libs@3.3.6"
2026-02-04 16:53:22 2026-02-04T16:53:22.099Z daemon INFO time="2026-02-04T16:53:22Z" level=info msg="Tool required for debug" tool="esp32:esp32s2-libs@3.3.6"
2026-02-04 16:53:22 2026-02-04T16:53:22.099Z daemon INFO time="2026-02-04T16:53:22Z" level=info msg="Tool required for debug" tool="esp32:esp32s3-libs@3.3.6"
time="2026-02-04T16:53:22Z" level=info msg="Tool required for debug" tool="esp32:esptool_py@5.1.0"
2026-02-04 16:53:22 2026-02-04T16:53:22.099Z daemon INFO time="2026-02-04T16:53:22Z" level=info msg="Tool required for debug" tool="esp32:mklittlefs@4.0.2-db0513a"
time="2026-02-04T16:53:22Z" level=info msg="Tool required for debug" tool="esp32:mkspiffs@0.2.3"
2026-02-04 16:53:22 2026-02-04T16:53:22.099Z daemon INFO time="2026-02-04T16:53:22Z" level=info msg="Tool required for debug" tool="esp32:openocd-esp32@v0.12.0-esp32-20251215"
time="2026-02-04T16:53:22Z" level=info msg="Tool required for debug" tool="esp32:riscv32-esp-elf-gdb@16.3_20250913"
2026-02-04 16:53:22 2026-02-04T16:53:22.099Z daemon INFO time="2026-02-04T16:53:22Z" level=info msg="Tool required for debug" tool="esp32:xtensa-esp-elf-gdb@16.3_20250913"
time="2026-02-04T16:53:22Z" level=info msg="Tool required for debug" tool="builtin:serial-monitor@0.15.0"
time="2026-02-04T16:53:22Z" level=info msg="Tool required for debug" tool="builtin:ctags@5.8-arduino11"
2026-02-04 16:53:22 2026-02-04T16:53:22.099Z daemon INFO time="2026-02-04T16:53:22Z" level=info msg="Tool required for debug" tool="builtin:serial-discovery@1.4.3"
time="2026-02-04T16:53:22Z" level=info msg="Tool required for debug" tool="arduino:arduinoOTA@1.3.0"
time="2026-02-04T16:53:22Z" level=info msg="Tool required for debug" tool="arduino:avrdude@8.0.0-arduino1"
2026-02-04 16:53:22 2026-02-04T16:53:22.099Z daemon INFO time="2026-02-04T16:53:22Z" level=info msg="Tool required for debug" tool="arduino:avr-gcc@7.3.0-atmel3.6.1-arduino7"
time="2026-02-04T16:53:22Z" level=info msg="Tool required for debug" tool="builtin:dfu-discovery@0.1.2"
time="2026-02-04T16:53:22Z" level=info msg="Tool required for debug" tool="builtin:mdns-discovery@1.0.12"
2026-02-04 16:53:22 2026-02-04T16:53:22.100Z daemon INFO time="2026-02-04T16:53:22Z" level=info msg="Tool required for debug" tool="arduino:dfu-util@0.11.0-arduino5"
time="2026-02-04T16:53:22Z" level=info msg="Tool required for debug" tool="esp32:esp-rv32@2511"
2026-02-04 16:53:22 2026-02-04T16:53:22.100Z daemon INFO time="2026-02-04T16:53:22Z" level=info msg="Tool required for debug" tool="esp32:esp-x32@2511"
time="2026-02-04T16:53:22Z" level=info msg="Tool required for debug" tool="esp32:esp32-libs@3.3.6"
time="2026-02-04T16:53:22Z" level=info msg="Tool required for debug" tool="esp32:esp32c3-libs@3.3.6"
time="2026-02-04T16:53:22Z" level=info msg="Tool required for debug" tool="esp32:esp32c5-libs@3.3.6"
time="2026-02-04T16:53:22Z" level=info msg="Tool required for debug" tool="esp32:esp32c6-libs@3.3.6"
time="2026-02-04T16:53:22Z" level=info msg="Tool required for debug" tool="esp32:esp32h2-libs@3.3.6"
time="2026-02-04T16:53:22Z" level=info msg="Tool required for debug" tool="esp32:esp32p4-libs@3.3.6"
time="2026-02-04T16:53:22Z" level=info msg="Tool required for debug" tool="esp32:esp32p4_es-libs@3.3.6"
time="2026-02-04T16:53:22Z" level=info msg="Tool required for debug" tool="esp32:esp32s2-libs@3.3.6"
2026-02-04 16:53:22 2026-02-04T16:53:22.100Z daemon INFO time="2026-02-04T16:53:22Z" level=info msg="Tool required for debug" tool="esp32:esp32s3-libs@3.3.6"
time="2026-02-04T16:53:22Z" level=info msg="Tool required for debug" tool="esp32:esptool_py@5.1.0"
time="2026-02-04T16:53:22Z" level=info msg="Tool required for debug" tool="esp32:mklittlefs@4.0.2-db0513a"
time="2026-02-04T16:53:22Z" level=info msg="Tool required for debug" tool="esp32:mkspiffs@0.2.3"
time="2026-02-04T16:53:22Z" level=info msg="Tool required for debug" tool="esp32:openocd-esp32@v0.12.0-esp32-20251215"
2026-02-04 16:53:22 2026-02-04T16:53:22.100Z daemon INFO time="2026-02-04T16:53:22Z" level=info msg="Tool required for debug" tool="esp32:riscv32-esp-elf-gdb@16.3_20250913"
time="2026-02-04T16:53:22Z" level=info msg="Tool required for debug" tool="esp32:xtensa-esp-elf-gdb@16.3_20250913"
time="2026-02-04T16:53:22Z" level=info msg="Tool required for debug" tool="builtin:ctags@5.8-arduino11"
2026-02-04 16:53:22 2026-02-04T16:53:22.100Z daemon INFO time="2026-02-04T16:53:22Z" level=info msg="Tool required for debug" tool="arduino:avrdude@8.0.0-arduino1"
time="2026-02-04T16:53:22Z" level=info msg="Tool required for debug" tool="builtin:serial-monitor@0.15.0"
2026-02-04 16:53:22 2026-02-04T16:53:22.100Z daemon INFO time="2026-02-04T16:53:22Z" level=info msg="Tool required for debug" tool="builtin:dfu-discovery@0.1.2"
2026-02-04 16:53:22 2026-02-04T16:53:22.100Z daemon INFO time="2026-02-04T16:53:22Z" level=info msg="Tool required for debug" tool="builtin:serial-discovery@1.4.3"
2026-02-04 16:53:22 2026-02-04T16:53:22.100Z daemon INFO time="2026-02-04T16:53:22Z" level=info msg="Tool required for debug" tool="arduino:avr-gcc@7.3.0-atmel3.6.1-arduino7"
time="2026-02-04T16:53:22Z" level=info msg="Tool required for debug" tool="arduino:arduinoOTA@1.3.0"
time="2026-02-04T16:53:22Z" level=info msg="Tool required for debug" tool="builtin:mdns-discovery@1.0.12"
2026-02-04 16:53:22 2026-02-04T16:53:22.100Z daemon INFO time="2026-02-04T16:53:22Z" level=info msg="Tool required for debug" tool="arduino:dfu-util@0.11.0-arduino5"
time="2026-02-04T16:53:22Z" level=info msg="Tool required for debug" tool="esp32:esp-rv32@2511"
time="2026-02-04T16:53:22Z" level=info msg="Tool required for debug" tool="esp32:esp-x32@2511"
2026-02-04 16:53:22 2026-02-04T16:53:22.100Z daemon INFO time="2026-02-04T16:53:22Z" level=info msg="Tool required for debug" tool="esp32:esp32-libs@3.3.6"
time="2026-02-04T16:53:22Z" level=info msg="Tool required for debug" tool="esp32:esp32c3-libs@3.3.6"
time="2026-02-04T16:53:22Z" level=info msg="Tool required for debug" tool="esp32:esp32c5-libs@3.3.6"
time="2026-02-04T16:53:22Z" level=info msg="Tool required for debug" tool="esp32:esp32c6-libs@3.3.6"
time="2026-02-04T16:53:22Z" level=info msg="Tool required for debug" tool="esp32:esp32h2-libs@3.3.6"
time="2026-02-04T16:53:22Z" level=info msg="Tool required for debug" tool="esp32:esp32p4-libs@3.3.6"
time="2026-02-04T16:53:22Z" level=info msg="Tool required for debug" tool="esp32:esp32p4_es-libs@3.3.6"
2026-02-04 16:53:22 2026-02-04T16:53:22.100Z daemon INFO time="2026-02-04T16:53:22Z" level=info msg="Tool required for debug" tool="esp32:esp32s2-libs@3.3.6"
time="2026-02-04T16:53:22Z" level=info msg="Tool required for debug" tool="esp32:esp32s3-libs@3.3.6"
time="2026-02-04T16:53:22Z" level=info msg="Tool required for debug" tool="esp32:esptool_py@5.1.0"
time="2026-02-04T16:53:22Z" level=info msg="Tool required for debug" tool="esp32:mklittlefs@4.0.2-db0513a"
2026-02-04 16:53:22 2026-02-04T16:53:22.100Z daemon INFO time="2026-02-04T16:53:22Z" level=info msg="Tool required for debug" tool="esp32:mkspiffs@0.2.3"
time="2026-02-04T16:53:22Z" level=info msg="Tool required for debug" tool="esp32:openocd-esp32@v0.12.0-esp32-20251215"
time="2026-02-04T16:53:22Z" level=info msg="Tool required for debug" tool="esp32:riscv32-esp-elf-gdb@16.3_20250913"
time="2026-02-04T16:53:22Z" level=info msg="Tool required for debug" tool="esp32:xtensa-esp-elf-gdb@16.3_20250913"
2026-02-04 16:53:22 2026-02-04T16:53:22.100Z daemon INFO time="2026-02-04T16:53:22Z" level=info msg="Tool required for debug" tool="builtin:dfu-discovery@0.1.2"
time="2026-02-04T16:53:22Z" level=info msg="Tool required for debug" tool="builtin:serial-monitor@0.15.0"
2026-02-04 16:53:22 2026-02-04T16:53:22.100Z daemon INFO time="2026-02-04T16:53:22Z" level=info msg="Tool required for debug" tool="builtin:mdns-discovery@1.0.12"
time="2026-02-04T16:53:22Z" level=info msg="Tool required for debug" tool="builtin:serial-discovery@1.4.3"
2026-02-04 16:53:22 2026-02-04T16:53:22.100Z daemon INFO time="2026-02-04T16:53:22Z" level=info msg="Tool required for debug" tool="arduino:arduinoOTA@1.3.0"
time="2026-02-04T16:53:22Z" level=info msg="Tool required for debug" tool="arduino:avrdude@8.0.0-arduino1"
2026-02-04 16:53:22 2026-02-04T16:53:22.100Z daemon INFO time="2026-02-04T16:53:22Z" level=info msg="Tool required for debug" tool="arduino:avr-gcc@7.3.0-atmel3.6.1-arduino7"
time="2026-02-04T16:53:22Z" level=info msg="Tool required for debug" tool="builtin:ctags@5.8-arduino11"
2026-02-04 16:53:22 2026-02-04T16:53:22.101Z daemon INFO time="2026-02-04T16:53:22Z" level=info msg="Tool required for debug" tool="arduino:dfu-util@0.11.0-arduino5"
time="2026-02-04T16:53:22Z" level=info msg="Tool required for debug" tool="esp32:esp-rv32@2511"
time="2026-02-04T16:53:22Z" level=info msg="Tool required for debug" tool="esp32:esp-x32@2511"
2026-02-04 16:53:22 2026-02-04T16:53:22.101Z daemon INFO time="2026-02-04T16:53:22Z" level=info msg="Tool required for debug" tool="esp32:esp32-libs@3.3.6"
time="2026-02-04T16:53:22Z" level=info msg="Tool required for debug" tool="esp32:esp32c3-libs@3.3.6"
time="2026-02-04T16:53:22Z" level=info msg="Tool required for debug" tool="esp32:esp32c5-libs@3.3.6"
time="2026-02-04T16:53:22Z" level=info msg="Tool required for debug" tool="esp32:esp32c6-libs@3.3.6"
time="2026-02-04T16:53:22Z" level=info msg="Tool required for debug" tool="esp32:esp32h2-libs@3.3.6"
time="2026-02-04T16:53:22Z" level=info msg="Tool required for debug" tool="esp32:esp32p4-libs@3.3.6"
time="2026-02-04T16:53:22Z" level=info msg="Tool required for debug" tool="esp32:esp32p4_es-libs@3.3.6"
time="2026-02-04T16:53:22Z" level=info msg="Tool required for debug" tool="esp32:esp32s2-libs@3.3.6"
time="2026-02-04T16:53:22Z" level=info msg="Tool required for debug" tool="esp32:esp32s3-libs@3.3.6"
2026-02-04 16:53:22 2026-02-04T16:53:22.101Z daemon INFO time="2026-02-04T16:53:22Z" level=info msg="Tool required for debug" tool="esp32:esptool_py@5.1.0"
time="2026-02-04T16:53:22Z" level=info msg="Tool required for debug" tool="esp32:mklittlefs@4.0.2-db0513a"
time="2026-02-04T16:53:22Z" level=info msg="Tool required for debug" tool="esp32:mkspiffs@0.2.3"
time="2026-02-04T16:53:22Z" level=info msg="Tool required for debug" tool="esp32:openocd-esp32@v0.12.0-esp32-20251215"
time="2026-02-04T16:53:22Z" level=info msg="Tool required for debug" tool="esp32:riscv32-esp-elf-gdb@16.3_20250913"
2026-02-04 16:53:22 2026-02-04T16:53:22.101Z daemon INFO time="2026-02-04T16:53:22Z" level=info msg="Tool required for debug" tool="esp32:xtensa-esp-elf-gdb@16.3_20250913"
time="2026-02-04T16:53:22Z" level=info msg="Tool required for debug" tool="builtin:serial-discovery@1.4.3"
time="2026-02-04T16:53:22Z" level=info msg="Tool required for debug" tool="arduino:dfu-util@0.11.0-arduino5"
2026-02-04 16:53:22 2026-02-04T16:53:22.101Z daemon INFO time="2026-02-04T16:53:22Z" level=info msg="Tool required for debug" tool="esp32:esp-rv32@2511"
2026-02-04 16:53:22 2026-02-04T16:53:22.101Z daemon INFO time="2026-02-04T16:53:22Z" level=info msg="Tool required for debug" tool="esp32:esp-x32@2511"
time="2026-02-04T16:53:22Z" level=info msg="Tool required for debug" tool="esp32:esp32-libs@3.3.6"
2026-02-04 16:53:22 2026-02-04T16:53:22.101Z daemon INFO time="2026-02-04T16:53:22Z" level=info msg="Tool required for debug" tool="esp32:esp32c3-libs@3.3.6"
time="2026-02-04T16:53:22Z" level=info msg="Tool required for debug" tool="esp32:esp32c5-libs@3.3.6"
2026-02-04 16:53:22 2026-02-04T16:53:22.101Z daemon INFO time="2026-02-04T16:53:22Z" level=info msg="Tool required for debug" tool="esp32:esp32c6-libs@3.3.6"
time="2026-02-04T16:53:22Z" level=info msg="Tool required for debug" tool="esp32:esp32h2-libs@3.3.6"
2026-02-04 16:53:22 2026-02-04T16:53:22.101Z daemon INFO time="2026-02-04T16:53:22Z" level=info msg="Tool required for debug" tool="esp32:esp32p4-libs@3.3.6"
time="2026-02-04T16:53:22Z" level=info msg="Tool required for debug" tool="esp32:esp32p4_es-libs@3.3.6"
time="2026-02-04T16:53:22Z" level=info msg="Tool required for debug" tool="builtin:ctags@5.8-arduino11"
time="2026-02-04T16:53:22Z" level=info msg="Tool required for debug" tool="esp32:esp32s2-libs@3.3.6"
2026-02-04 16:53:22 2026-02-04T16:53:22.101Z daemon INFO time="2026-02-04T16:53:22Z" level=info msg="Tool required for debug" tool="arduino:arduinoOTA@1.3.0"
time="2026-02-04T16:53:22Z" level=info msg="Tool required for debug" tool="arduino:avrdude@8.0.0-arduino1"
time="2026-02-04T16:53:22Z" level=info msg="Tool required for debug" tool="builtin:serial-monitor@0.15.0"
2026-02-04 16:53:22 2026-02-04T16:53:22.101Z daemon INFO time="2026-02-04T16:53:22Z" level=info msg="Tool required for debug" tool="builtin:dfu-discovery@0.1.2"
time="2026-02-04T16:53:22Z" level=info msg="Tool required for debug" tool="builtin:mdns-discovery@1.0.12"
time="2026-02-04T16:53:22Z" level=info msg="Tool required for debug" tool="arduino:avr-gcc@7.3.0-atmel3.6.1-arduino7"
2026-02-04 16:53:22 2026-02-04T16:53:22.101Z daemon INFO time="2026-02-04T16:53:22Z" level=info msg="Tool required for debug" tool="esp32:esp32s3-libs@3.3.6"
2026-02-04 16:53:22 2026-02-04T16:53:22.101Z daemon INFO time="2026-02-04T16:53:22Z" level=info msg="Tool required for debug" tool="esp32:esptool_py@5.1.0"
time="2026-02-04T16:53:22Z" level=info msg="Tool required for debug" tool="esp32:mklittlefs@4.0.2-db0513a"
time="2026-02-04T16:53:22Z" level=info msg="Tool required for debug" tool="esp32:mkspiffs@0.2.3"
2026-02-04 16:53:22 2026-02-04T16:53:22.101Z daemon INFO time="2026-02-04T16:53:22Z" level=info msg="Tool required for debug" tool="esp32:openocd-esp32@v0.12.0-esp32-20251215"
2026-02-04 16:53:22 2026-02-04T16:53:22.101Z daemon INFO time="2026-02-04T16:53:22Z" level=info msg="Tool required for debug" tool="esp32:riscv32-esp-elf-gdb@16.3_20250913"
time="2026-02-04T16:53:22Z" level=info msg="Tool required for debug" tool="esp32:xtensa-esp-elf-gdb@16.3_20250913"
2026-02-04 16:53:22 2026-02-04T16:53:22.101Z daemon INFO time="2026-02-04T16:53:22Z" level=info msg="Tool required for debug" tool="builtin:serial-monitor@0.15.0"
2026-02-04 16:53:22 2026-02-04T16:53:22.101Z daemon INFO time="2026-02-04T16:53:22Z" level=info msg="Tool required for debug" tool="arduino:arduinoOTA@1.3.0"
time="2026-02-04T16:53:22Z" level=info msg="Tool required for debug" tool="arduino:avrdude@8.0.0-arduino1"
2026-02-04 16:53:22 2026-02-04T16:53:22.101Z daemon INFO time="2026-02-04T16:53:22Z" level=info msg="Tool required for debug" tool="arduino:avr-gcc@7.3.0-atmel3.6.1-arduino7"
2026-02-04 16:53:22 2026-02-04T16:53:22.101Z daemon INFO time="2026-02-04T16:53:22Z" level=info msg="Tool required for debug" tool="builtin:dfu-discovery@0.1.2"
2026-02-04 16:53:22 2026-02-04T16:53:22.102Z daemon INFO time="2026-02-04T16:53:22Z" level=info msg="Tool required for debug" tool="builtin:ctags@5.8-arduino11"
2026-02-04 16:53:22 2026-02-04T16:53:22.102Z daemon INFO time="2026-02-04T16:53:22Z" level=info msg="Tool required for debug" tool="builtin:mdns-discovery@1.0.12"
2026-02-04 16:53:22 2026-02-04T16:53:22.102Z daemon INFO time="2026-02-04T16:53:22Z" level=info msg="Tool required for debug" tool="builtin:serial-discovery@1.4.3"
2026-02-04 16:53:22 2026-02-04T16:53:22.102Z daemon INFO time="2026-02-04T16:53:22Z" level=info msg="Tool required for debug" tool="arduino:dfu-util@0.11.0-arduino5"
time="2026-02-04T16:53:22Z" level=info msg="Tool required for debug" tool="esp32:esp-rv32@2511"
2026-02-04 16:53:22 2026-02-04T16:53:22.102Z daemon INFO time="2026-02-04T16:53:22Z" level=info msg="Tool required for debug" tool="esp32:esp-x32@2511"
time="2026-02-04T16:53:22Z" level=info msg="Tool required for debug" tool="esp32:esp32-libs@3.3.6"
time="2026-02-04T16:53:22Z" level=info msg="Tool required for debug" tool="esp32:esp32c3-libs@3.3.6"
time="2026-02-04T16:53:22Z" level=info msg="Tool required for debug" tool="esp32:esp32c5-libs@3.3.6"
time="2026-02-04T16:53:22Z" level=info msg="Tool required for debug" tool="esp32:esp32c6-libs@3.3.6"
2026-02-04 16:53:22 2026-02-04T16:53:22.102Z daemon INFO time="2026-02-04T16:53:22Z" level=info msg="Tool required for debug" tool="esp32:esp32h2-libs@3.3.6"
time="2026-02-04T16:53:22Z" level=info msg="Tool required for debug" tool="esp32:esp32p4-libs@3.3.6"
time="2026-02-04T16:53:22Z" level=info msg="Tool required for debug" tool="esp32:esp32p4_es-libs@3.3.6"
time="2026-02-04T16:53:22Z" level=info msg="Tool required for debug" tool="esp32:esp32s2-libs@3.3.6"
2026-02-04 16:53:22 2026-02-04T16:53:22.102Z daemon INFO time="2026-02-04T16:53:22Z" level=info msg="Tool required for debug" tool="esp32:esp32s3-libs@3.3.6"
time="2026-02-04T16:53:22Z" level=info msg="Tool required for debug" tool="esp32:esptool_py@5.1.0"
time="2026-02-04T16:53:22Z" level=info msg="Tool required for debug" tool="esp32:mklittlefs@4.0.2-db0513a"
time="2026-02-04T16:53:22Z" level=info msg="Tool required for debug" tool="esp32:mkspiffs@0.2.3"
2026-02-04 16:53:22 2026-02-04T16:53:22.102Z daemon INFO time="2026-02-04T16:53:22Z" level=info msg="Tool required for debug" tool="esp32:openocd-esp32@v0.12.0-esp32-20251215"
time="2026-02-04T16:53:22Z" level=info msg="Tool required for debug" tool="esp32:riscv32-esp-elf-gdb@16.3_20250913"
2026-02-04 16:53:22 2026-02-04T16:53:22.102Z daemon INFO time="2026-02-04T16:53:22Z" level=info msg="Tool required for debug" tool="esp32:xtensa-esp-elf-gdb@16.3_20250913"
time="2026-02-04T16:53:22Z" level=info msg="Tool required for debug" tool="builtin:dfu-discovery@0.1.2"
2026-02-04 16:53:22 2026-02-04T16:53:22.102Z daemon INFO time="2026-02-04T16:53:22Z" level=info msg="Tool required for debug" tool="builtin:serial-monitor@0.15.0"
2026-02-04 16:53:22 2026-02-04T16:53:22.102Z daemon INFO time="2026-02-04T16:53:22Z" level=info msg="Tool required for debug" tool="builtin:ctags@5.8-arduino11"
time="2026-02-04T16:53:22Z" level=info msg="Tool required for debug" tool="builtin:mdns-discovery@1.0.12"
2026-02-04 16:53:22 2026-02-04T16:53:22.102Z daemon INFO time="2026-02-04T16:53:22Z" level=info msg="Tool required for debug" tool="builtin:serial-discovery@1.4.3"
time="2026-02-04T16:53:22Z" level=info msg="Tool required for debug" tool="arduino:arduinoOTA@1.3.0"
time="2026-02-04T16:53:22Z" level=info msg="Tool required for debug" tool="arduino:avrdude@8.0.0-arduino1"
2026-02-04 16:53:22 2026-02-04T16:53:22.102Z daemon INFO time="2026-02-04T16:53:22Z" level=info msg="Tool required for debug" tool="arduino:avr-gcc@7.3.0-atmel3.6.1-arduino7"
2026-02-04 16:53:22 2026-02-04T16:53:22.103Z daemon INFO time="2026-02-04T16:53:22Z" level=info msg="Tool required for debug" tool="arduino:dfu-util@0.11.0-arduino5"
time="2026-02-04T16:53:22Z" level=info msg="Tool required for debug" tool="esp32:esp-rv32@2511"
2026-02-04 16:53:22 2026-02-04T16:53:22.103Z daemon INFO time="2026-02-04T16:53:22Z" level=info msg="Tool required for debug" tool="esp32:esp-x32@2511"
time="2026-02-04T16:53:22Z" level=info msg="Tool required for debug" tool="esp32:esp32-libs@3.3.6"
time="2026-02-04T16:53:22Z" level=info msg="Tool required for debug" tool="esp32:esp32c3-libs@3.3.6"
time="2026-02-04T16:53:22Z" level=info msg="Tool required for debug" tool="esp32:esp32c5-libs@3.3.6"
time="2026-02-04T16:53:22Z" level=info msg="Tool required for debug" tool="esp32:esp32c6-libs@3.3.6"
time="2026-02-04T16:53:22Z" level=info msg="Tool required for debug" tool="esp32:esp32h2-libs@3.3.6"
time="2026-02-04T16:53:22Z" level=info msg="Tool required for debug" tool="esp32:esp32p4-libs@3.3.6"
2026-02-04 16:53:22 2026-02-04T16:53:22.103Z daemon INFO time="2026-02-04T16:53:22Z" level=info msg="Tool required for debug" tool="esp32:esp32p4_es-libs@3.3.6"
time="2026-02-04T16:53:22Z" level=info msg="Tool required for debug" tool="esp32:esp32s2-libs@3.3.6"
time="2026-02-04T16:53:22Z" level=info msg="Tool required for debug" tool="esp32:esp32s3-libs@3.3.6"
time="2026-02-04T16:53:22Z" level=info msg="Tool required for debug" tool="esp32:esptool_py@5.1.0"
time="2026-02-04T16:53:22Z" level=info msg="Tool required for debug" tool="esp32:mklittlefs@4.0.2-db0513a"
time="2026-02-04T16:53:22Z" level=info msg="Tool required for debug" tool="esp32:mkspiffs@0.2.3"
time="2026-02-04T16:53:22Z" level=info msg="Tool required for debug" tool="esp32:openocd-esp32@v0.12.0-esp32-20251215"
2026-02-04 16:53:22 2026-02-04T16:53:22.103Z daemon INFO time="2026-02-04T16:53:22Z" level=info msg="Tool required for debug" tool="esp32:riscv32-esp-elf-gdb@16.3_20250913"
time="2026-02-04T16:53:22Z" level=info msg="Tool required for debug" tool="esp32:xtensa-esp-elf-gdb@16.3_20250913"
time="2026-02-04T16:53:22Z" level=info msg="Tool required for debug" tool="builtin:mdns-discovery@1.0.12"
2026-02-04 16:53:22 2026-02-04T16:53:22.103Z daemon INFO time="2026-02-04T16:53:22Z" level=info msg="Tool required for debug" tool="builtin:serial-discovery@1.4.3"
2026-02-04 16:53:22 2026-02-04T16:53:22.103Z daemon INFO time="2026-02-04T16:53:22Z" level=info msg="Tool required for debug" tool="builtin:serial-monitor@0.15.0"
time="2026-02-04T16:53:22Z" level=info msg="Tool required for debug" tool="builtin:dfu-discovery@0.1.2"
2026-02-04 16:53:22 2026-02-04T16:53:22.103Z daemon INFO time="2026-02-04T16:53:22Z" level=info msg="Tool required for debug" tool="arduino:arduinoOTA@1.3.0"
time="2026-02-04T16:53:22Z" level=info msg="Tool required for debug" tool="arduino:avrdude@8.0.0-arduino1"
2026-02-04 16:53:22 2026-02-04T16:53:22.103Z daemon INFO time="2026-02-04T16:53:22Z" level=info msg="Tool required for debug" tool="arduino:avr-gcc@7.3.0-atmel3.6.1-arduino7"
time="2026-02-04T16:53:22Z" level=info msg="Tool required for debug" tool="builtin:ctags@5.8-arduino11"
2026-02-04 16:53:22 2026-02-04T16:53:22.104Z daemon INFO time="2026-02-04T16:53:22Z" level=info msg="Tool required for debug" tool="arduino:dfu-util@0.11.0-arduino5"
time="2026-02-04T16:53:22Z" level=info msg="Tool required for debug" tool="esp32:esp-rv32@2511"
2026-02-04 16:53:22 2026-02-04T16:53:22.104Z daemon INFO time="2026-02-04T16:53:22Z" level=info msg="Tool required for debug" tool="esp32:esp-x32@2511"
time="2026-02-04T16:53:22Z" level=info msg="Tool required for debug" tool="esp32:esp32-libs@3.3.6"
time="2026-02-04T16:53:22Z" level=info msg="Tool required for debug" tool="esp32:esp32c3-libs@3.3.6"
time="2026-02-04T16:53:22Z" level=info msg="Tool required for debug" tool="esp32:esp32c5-libs@3.3.6"
time="2026-02-04T16:53:22Z" level=info msg="Tool required for debug" tool="arduino:dfu-util@0.11.0-arduino5"
time="2026-02-04T16:53:22Z" level=info msg="Tool required for debug" tool="esp32:esp-rv32@2511"
2026-02-04 16:53:22 2026-02-04T16:53:22.104Z daemon INFO time="2026-02-04T16:53:22Z" level=info msg="Tool required for debug" tool="esp32:esp-x32@2511"
time="2026-02-04T16:53:22Z" level=info msg="Tool required for debug" tool="esp32:esp32-libs@3.3.6"
time="2026-02-04T16:53:22Z" level=info msg="Tool required for debug" tool="esp32:esp32c3-libs@3.3.6"
time="2026-02-04T16:53:22Z" level=info msg="Tool required for debug" tool="esp32:esp32c5-libs@3.3.6"
time="2026-02-04T16:53:22Z" level=info msg="Tool required for debug" tool="esp32:esp32c6-libs@3.3.6"
2026-02-04 16:53:22 2026-02-04T16:53:22.104Z daemon INFO time="2026-02-04T16:53:22Z" level=info msg="Tool required for debug" tool="esp32:esp32h2-libs@3.3.6"
time="2026-02-04T16:53:22Z" level=info msg="Tool required for debug" tool="esp32:esp32p4-libs@3.3.6"
time="2026-02-04T16:53:22Z" level=info msg="Tool required for debug" tool="esp32:esp32p4_es-libs@3.3.6"
time="2026-02-04T16:53:22Z" level=info msg="Tool required for debug" tool="esp32:esp32s2-libs@3.3.6"
time="2026-02-04T16:53:22Z" level=info msg="Tool required for debug" tool="esp32:esp32s3-libs@3.3.6"
2026-02-04 16:53:22 2026-02-04T16:53:22.104Z daemon INFO time="2026-02-04T16:53:22Z" level=info msg="Tool required for debug" tool="esp32:esptool_py@5.1.0"
time="2026-02-04T16:53:22Z" level=info msg="Tool required for debug" tool="esp32:mklittlefs@4.0.2-db0513a"
time="2026-02-04T16:53:22Z" level=info msg="Tool required for debug" tool="esp32:mkspiffs@0.2.3"
time="2026-02-04T16:53:22Z" level=info msg="Tool required for debug" tool="esp32:openocd-esp32@v0.12.0-esp32-20251215"
2026-02-04 16:53:22 2026-02-04T16:53:22.104Z daemon INFO time="2026-02-04T16:53:22Z" level=info msg="Tool required for debug" tool="esp32:riscv32-esp-elf-gdb@16.3_20250913"
time="2026-02-04T16:53:22Z" level=info msg="Tool required for debug" tool="esp32:xtensa-esp-elf-gdb@16.3_20250913"
time="2026-02-04T16:53:22Z" level=info msg="Tool required for debug" tool="arduino:arduinoOTA@1.3.0"
time="2026-02-04T16:53:22Z" level=info msg="Tool required for debug" tool="arduino:avrdude@8.0.0-arduino1"
time="2026-02-04T16:53:22Z" level=info msg="Tool required for debug" tool="builtin:ctags@5.8-arduino11"
2026-02-04 16:53:22 2026-02-04T16:53:22.104Z daemon INFO time="2026-02-04T16:53:22Z" level=info msg="Tool required for debug" tool="builtin:dfu-discovery@0.1.2"
time="2026-02-04T16:53:22Z" level=info msg="Tool required for debug" tool="esp32:esp32c6-libs@3.3.6"
2026-02-04 16:53:22 2026-02-04T16:53:22.104Z daemon INFO time="2026-02-04T16:53:22Z" level=info msg="Tool required for debug" tool="builtin:mdns-discovery@1.0.12"
time="2026-02-04T16:53:22Z" level=info msg="Tool required for debug" tool="esp32:esp32h2-libs@3.3.6"
time="2026-02-04T16:53:22Z" level=info msg="Tool required for debug" tool="arduino:avr-gcc@7.3.0-atmel3.6.1-arduino7"
2026-02-04 16:53:22 2026-02-04T16:53:22.104Z daemon INFO time="2026-02-04T16:53:22Z" level=info msg="Tool required for debug" tool="builtin:serial-monitor@0.15.0"
time="2026-02-04T16:53:22Z" level=info msg="Tool required for debug" tool="builtin:serial-discovery@1.4.3"
2026-02-04 16:53:22 2026-02-04T16:53:22.104Z daemon INFO time="2026-02-04T16:53:22Z" level=info msg="Tool required for debug" tool="esp32:esp32p4-libs@3.3.6"
time="2026-02-04T16:53:22Z" level=info msg="Tool required for debug" tool="esp32:esp32p4_es-libs@3.3.6"
2026-02-04 16:53:22 2026-02-04T16:53:22.104Z daemon INFO time="2026-02-04T16:53:22Z" level=info msg="Tool required for debug" tool="esp32:esp32s2-libs@3.3.6"
time="2026-02-04T16:53:22Z" level=info msg="Tool required for debug" tool="esp32:esp32s3-libs@3.3.6"
time="2026-02-04T16:53:22Z" level=info msg="Tool required for debug" tool="esp32:esptool_py@5.1.0"
2026-02-04 16:53:22 2026-02-04T16:53:22.104Z daemon INFO time="2026-02-04T16:53:22Z" level=info msg="Tool required for debug" tool="esp32:mklittlefs@4.0.2-db0513a"
time="2026-02-04T16:53:22Z" level=info msg="Tool required for debug" tool="esp32:mkspiffs@0.2.3"
2026-02-04 16:53:22 2026-02-04T16:53:22.104Z daemon INFO time="2026-02-04T16:53:22Z" level=info msg="Tool required for debug" tool="esp32:openocd-esp32@v0.12.0-esp32-20251215"
time="2026-02-04T16:53:22Z" level=info msg="Tool required for debug" tool="esp32:riscv32-esp-elf-gdb@16.3_20250913"
time="2026-02-04T16:53:22Z" level=info msg="Tool required for debug" tool="esp32:xtensa-esp-elf-gdb@16.3_20250913"
2026-02-04 16:53:22 2026-02-04T16:53:22.104Z daemon INFO time="2026-02-04T16:53:22Z" level=info msg="Tool required for debug" tool="builtin:mdns-discovery@1.0.12"
time="2026-02-04T16:53:22Z" level=info msg="Tool required for debug" tool="builtin:serial-discovery@1.4.3"
2026-02-04 16:53:22 2026-02-04T16:53:22.104Z daemon INFO time="2026-02-04T16:53:22Z" level=info msg="Tool required for debug" tool="builtin:ctags@5.8-arduino11"
2026-02-04 16:53:22 2026-02-04T16:53:22.104Z daemon INFO time="2026-02-04T16:53:22Z" level=info msg="Tool required for debug" tool="builtin:dfu-discovery@0.1.2"
time="2026-02-04T16:53:22Z" level=info msg="Tool required for debug" tool="arduino:avr-gcc@7.3.0-atmel3.6.1-arduino7"
2026-02-04 16:53:22 2026-02-04T16:53:22.104Z daemon INFO time="2026-02-04T16:53:22Z" level=info msg="Tool required for debug" tool="arduino:arduinoOTA@1.3.0"
time="2026-02-04T16:53:22Z" level=info msg="Tool required for debug" tool="builtin:serial-monitor@0.15.0"
2026-02-04 16:53:22 2026-02-04T16:53:22.104Z daemon INFO time="2026-02-04T16:53:22Z" level=info msg="Tool required for debug" tool="arduino:avrdude@8.0.0-arduino1"
2026-02-04 16:53:22 2026-02-04T16:53:22.107Z daemon INFO time="2026-02-04T16:53:22Z" level=info msg="Tool required for debug" tool="arduino:dfu-util@0.11.0-arduino5"
time="2026-02-04T16:53:22Z" level=info msg="Tool required for debug" tool="esp32:esp-rv32@2511"
2026-02-04 16:53:22 2026-02-04T16:53:22.107Z daemon INFO time="2026-02-04T16:53:22Z" level=info msg="Tool required for debug" tool="esp32:esp-x32@2511"
time="2026-02-04T16:53:22Z" level=info msg="Tool required for debug" tool="esp32:esp32-libs@3.3.6"
time="2026-02-04T16:53:22Z" level=info msg="Tool required for debug" tool="esp32:esp32c3-libs@3.3.6"
time="2026-02-04T16:53:22Z" level=info msg="Tool required for debug" tool="esp32:esp32c5-libs@3.3.6"
time="2026-02-04T16:53:22Z" level=info msg="Tool required for debug" tool="esp32:esp32c6-libs@3.3.6"
time="2026-02-04T16:53:22Z" level=info msg="Tool required for debug" tool="esp32:esp32h2-libs@3.3.6"
time="2026-02-04T16:53:22Z" level=info msg="Tool required for debug" tool="esp32:esp32p4-libs@3.3.6"
time="2026-02-04T16:53:22Z" level=info msg="Tool required for debug" tool="esp32:esp32p4_es-libs@3.3.6"
time="2026-02-04T16:53:22Z" level=info msg="Tool required for debug" tool="esp32:esp32s2-libs@3.3.6"
time="2026-02-04T16:53:22Z" level=info msg="Tool required for debug" tool="esp32:esp32s3-libs@3.3.6"
time="2026-02-04T16:53:22Z" level=info msg="Tool required for debug" tool="esp32:esptool_py@5.1.0"
2026-02-04 16:53:22 2026-02-04T16:53:22.107Z daemon INFO time="2026-02-04T16:53:22Z" level=info msg="Tool required for debug" tool="esp32:mklittlefs@4.0.2-db0513a"
time="2026-02-04T16:53:22Z" level=info msg="Tool required for debug" tool="esp32:mkspiffs@0.2.3"
time="2026-02-04T16:53:22Z" level=info msg="Tool required for debug" tool="esp32:openocd-esp32@v0.12.0-esp32-20251215"
time="2026-02-04T16:53:22Z" level=info msg="Tool required for debug" tool="esp32:riscv32-esp-elf-gdb@16.3_20250913"
time="2026-02-04T16:53:22Z" level=info msg="Tool required for debug" tool="esp32:xtensa-esp-elf-gdb@16.3_20250913"
time="2026-02-04T16:53:22Z" level=info msg="Tool required for debug" tool="builtin:mdns-discovery@1.0.12"
time="2026-02-04T16:53:22Z" level=info msg="Tool required for debug" tool="arduino:arduinoOTA@1.3.0"
2026-02-04 16:53:22 2026-02-04T16:53:22.107Z daemon INFO time="2026-02-04T16:53:22Z" level=info msg="Tool required for debug" tool="builtin:serial-monitor@0.15.0"
time="2026-02-04T16:53:22Z" level=info msg="Tool required for debug" tool="arduino:avrdude@8.0.0-arduino1"
time="2026-02-04T16:53:22Z" level=info msg="Tool required for debug" tool="builtin:ctags@5.8-arduino11"
time="2026-02-04T16:53:22Z" level=info msg="Tool required for debug" tool="builtin:serial-discovery@1.4.3"
time="2026-02-04T16:53:22Z" level=info msg="Tool required for debug" tool="arduino:avr-gcc@7.3.0-atmel3.6.1-arduino7"
2026-02-04 16:53:22 2026-02-04T16:53:22.107Z daemon INFO time="2026-02-04T16:53:22Z" level=info msg="Tool required for debug" tool="builtin:dfu-discovery@0.1.2"
2026-02-04 16:53:22 2026-02-04T16:53:22.108Z daemon INFO time="2026-02-04T16:53:22Z" level=info msg="Tool required for debug" tool="arduino:dfu-util@0.11.0-arduino5"
time="2026-02-04T16:53:22Z" level=info msg="Tool required for debug" tool="esp32:esp-rv32@2511"
2026-02-04 16:53:22 2026-02-04T16:53:22.108Z daemon INFO time="2026-02-04T16:53:22Z" level=info msg="Tool required for debug" tool="esp32:esp-x32@2511"
time="2026-02-04T16:53:22Z" level=info msg="Tool required for debug" tool="esp32:esp32-libs@3.3.6"
time="2026-02-04T16:53:22Z" level=info msg="Tool required for debug" tool="esp32:esp32c3-libs@3.3.6"
time="2026-02-04T16:53:22Z" level=info msg="Tool required for debug" tool="esp32:esp32c5-libs@3.3.6"
time="2026-02-04T16:53:22Z" level=info msg="Tool required for debug" tool="esp32:esp32c6-libs@3.3.6"
time="2026-02-04T16:53:22Z" level=info msg="Tool required for debug" tool="esp32:esp32h2-libs@3.3.6"
time="2026-02-04T16:53:22Z" level=info msg="Tool required for debug" tool="esp32:esp32p4-libs@3.3.6"
time="2026-02-04T16:53:22Z" level=info msg="Tool required for debug" tool="esp32:esp32p4_es-libs@3.3.6"
time="2026-02-04T16:53:22Z" level=info msg="Tool required for debug" tool="esp32:esp32s2-libs@3.3.6"
time="2026-02-04T16:53:22Z" level=info msg="Tool required for debug" tool="esp32:esp32s3-libs@3.3.6"
time="2026-02-04T16:53:22Z" level=info msg="Tool required for debug" tool="esp32:esptool_py@5.1.0"
2026-02-04 16:53:22 2026-02-04T16:53:22.108Z daemon INFO time="2026-02-04T16:53:22Z" level=info msg="Tool required for debug" tool="esp32:mklittlefs@4.0.2-db0513a"
time="2026-02-04T16:53:22Z" level=info msg="Tool required for debug" tool="esp32:mkspiffs@0.2.3"
time="2026-02-04T16:53:22Z" level=info msg="Tool required for debug" tool="esp32:openocd-esp32@v0.12.0-esp32-20251215"
time="2026-02-04T16:53:22Z" level=info msg="Tool required for debug" tool="esp32:riscv32-esp-elf-gdb@16.3_20250913"
time="2026-02-04T16:53:22Z" level=info msg="Tool required for debug" tool="esp32:xtensa-esp-elf-gdb@16.3_20250913"
2026-02-04 16:53:22 2026-02-04T16:53:22.108Z daemon INFO time="2026-02-04T16:53:22Z" level=info msg="Tool required for debug" tool="builtin:dfu-discovery@0.1.2"
time="2026-02-04T16:53:22Z" level=info msg="Tool required for debug" tool="builtin:serial-discovery@1.4.3"
time="2026-02-04T16:53:22Z" level=info msg="Tool required for debug" tool="arduino:avr-gcc@7.3.0-atmel3.6.1-arduino7"
2026-02-04 16:53:22 2026-02-04T16:53:22.108Z daemon INFO time="2026-02-04T16:53:22Z" level=info msg="Tool required for debug" tool="builtin:ctags@5.8-arduino11"
time="2026-02-04T16:53:22Z" level=info msg="Tool required for debug" tool="arduino:arduinoOTA@1.3.0"
2026-02-04 16:53:22 2026-02-04T16:53:22.108Z daemon INFO time="2026-02-04T16:53:22Z" level=info msg="Tool required for debug" tool="builtin:mdns-discovery@1.0.12"
time="2026-02-04T16:53:22Z" level=info msg="Tool required for debug" tool="arduino:avrdude@8.0.0-arduino1"
2026-02-04 16:53:22 2026-02-04T16:53:22.108Z daemon INFO time="2026-02-04T16:53:22Z" level=info msg="Tool required for debug" tool="builtin:serial-monitor@0.15.0"
2026-02-04 16:53:22 2026-02-04T16:53:22.110Z daemon INFO time="2026-02-04T16:53:22Z" level=info msg="Tool required for debug" tool="arduino:dfu-util@0.11.0-arduino5"
time="2026-02-04T16:53:22Z" level=info msg="Tool required for debug" tool="esp32:esp-rv32@2511"
time="2026-02-04T16:53:22Z" level=info msg="Tool required for debug" tool="esp32:esp-x32@2511"
2026-02-04 16:53:22 2026-02-04T16:53:22.110Z daemon INFO time="2026-02-04T16:53:22Z" level=info msg="Tool required for debug" tool="esp32:esp32-libs@3.3.6"
time="2026-02-04T16:53:22Z" level=info msg="Tool required for debug" tool="esp32:esp32c3-libs@3.3.6"
time="2026-02-04T16:53:22Z" level=info msg="Tool required for debug" tool="esp32:esp32c5-libs@3.3.6"
time="2026-02-04T16:53:22Z" level=info msg="Tool required for debug" tool="esp32:esp32c6-libs@3.3.6"
time="2026-02-04T16:53:22Z" level=info msg="Tool required for debug" tool="esp32:esp32h2-libs@3.3.6"
time="2026-02-04T16:53:22Z" level=info msg="Tool required for debug" tool="esp32:esp32p4-libs@3.3.6"
time="2026-02-04T16:53:22Z" level=info msg="Tool required for debug" tool="esp32:esp32p4_es-libs@3.3.6"
time="2026-02-04T16:53:22Z" level=info msg="Tool required for debug" tool="esp32:esp32s2-libs@3.3.6"
2026-02-04 16:53:22 2026-02-04T16:53:22.110Z daemon INFO time="2026-02-04T16:53:22Z" level=info msg="Tool required for debug" tool="esp32:esp32s3-libs@3.3.6"
time="2026-02-04T16:53:22Z" level=info msg="Tool required for debug" tool="esp32:esptool_py@5.1.0"
time="2026-02-04T16:53:22Z" level=info msg="Tool required for debug" tool="esp32:mklittlefs@4.0.2-db0513a"
time="2026-02-04T16:53:22Z" level=info msg="Tool required for debug" tool="esp32:mkspiffs@0.2.3"
time="2026-02-04T16:53:22Z" level=info msg="Tool required for debug" tool="esp32:openocd-esp32@v0.12.0-esp32-20251215"
time="2026-02-04T16:53:22Z" level=info msg="Tool required for debug" tool="esp32:riscv32-esp-elf-gdb@16.3_20250913"
2026-02-04 16:53:22 2026-02-04T16:53:22.110Z daemon INFO time="2026-02-04T16:53:22Z" level=info msg="Tool required for debug" tool="esp32:xtensa-esp-elf-gdb@16.3_20250913"
time="2026-02-04T16:53:22Z" level=info msg="Tool required for debug" tool="builtin:mdns-discovery@1.0.12"
time="2026-02-04T16:53:22Z" level=info msg="Tool required for debug" tool="arduino:avrdude@8.0.0-arduino1"
2026-02-04 16:53:22 2026-02-04T16:53:22.110Z daemon INFO time="2026-02-04T16:53:22Z" level=info msg="Tool required for debug" tool="builtin:ctags@5.8-arduino11"
time="2026-02-04T16:53:22Z" level=info msg="Tool required for debug" tool="builtin:dfu-discovery@0.1.2"
2026-02-04 16:53:22 2026-02-04T16:53:22.110Z daemon INFO time="2026-02-04T16:53:22Z" level=info msg="Tool required for debug" tool="arduino:arduinoOTA@1.3.0"
time="2026-02-04T16:53:22Z" level=info msg="Tool required for debug" tool="builtin:serial-discovery@1.4.3"
2026-02-04 16:53:22 2026-02-04T16:53:22.110Z daemon INFO time="2026-02-04T16:53:22Z" level=info msg="Tool required for debug" tool="builtin:serial-monitor@0.15.0"
2026-02-04 16:53:22 2026-02-04T16:53:22.110Z daemon INFO time="2026-02-04T16:53:22Z" level=info msg="Tool required for debug" tool="arduino:avr-gcc@7.3.0-atmel3.6.1-arduino7"
2026-02-04 16:53:22 2026-02-04T16:53:22.111Z daemon INFO time="2026-02-04T16:53:22Z" level=info msg="Tool required for debug" tool="arduino:dfu-util@0.11.0-arduino5"
time="2026-02-04T16:53:22Z" level=info msg="Tool required for debug" tool="esp32:esp-rv32@2511"
2026-02-04 16:53:22 2026-02-04T16:53:22.111Z daemon INFO time="2026-02-04T16:53:22Z" level=info msg="Tool required for debug" tool="esp32:esp-x32@2511"
time="2026-02-04T16:53:22Z" level=info msg="Tool required for debug" tool="esp32:esp32-libs@3.3.6"
time="2026-02-04T16:53:22Z" level=info msg="Tool required for debug" tool="esp32:esp32c3-libs@3.3.6"
time="2026-02-04T16:53:22Z" level=info msg="Tool required for debug" tool="esp32:esp32c5-libs@3.3.6"
time="2026-02-04T16:53:22Z" level=info msg="Tool required for debug" tool="esp32:esp32c6-libs@3.3.6"
time="2026-02-04T16:53:22Z" level=info msg="Tool required for debug" tool="esp32:esp32h2-libs@3.3.6"
2026-02-04 16:53:22 2026-02-04T16:53:22.111Z daemon INFO time="2026-02-04T16:53:22Z" level=info msg="Tool required for debug" tool="esp32:esp32p4-libs@3.3.6"
time="2026-02-04T16:53:22Z" level=info msg="Tool required for debug" tool="esp32:esp32p4_es-libs@3.3.6"
time="2026-02-04T16:53:22Z" level=info msg="Tool required for debug" tool="esp32:esp32s2-libs@3.3.6"
time="2026-02-04T16:53:22Z" level=info msg="Tool required for debug" tool="esp32:esp32s3-libs@3.3.6"
time="2026-02-04T16:53:22Z" level=info msg="Tool required for debug" tool="esp32:esptool_py@5.1.0"
2026-02-04 16:53:22 2026-02-04T16:53:22.112Z daemon INFO time="2026-02-04T16:53:22Z" level=info msg="Tool required for debug" tool="esp32:mklittlefs@4.0.2-db0513a"
time="2026-02-04T16:53:22Z" level=info msg="Tool required for debug" tool="esp32:mkspiffs@0.2.3"
time="2026-02-04T16:53:22Z" level=info msg="Tool required for debug" tool="esp32:openocd-esp32@v0.12.0-esp32-20251215"
2026-02-04 16:53:22 2026-02-04T16:53:22.112Z daemon INFO time="2026-02-04T16:53:22Z" level=info msg="Tool required for debug" tool="esp32:riscv32-esp-elf-gdb@16.3_20250913"
time="2026-02-04T16:53:22Z" level=info msg="Tool required for debug" tool="esp32:xtensa-esp-elf-gdb@16.3_20250913"
time="2026-02-04T16:53:22Z" level=info msg="Tool required for debug" tool="builtin:dfu-discovery@0.1.2"
2026-02-04 16:53:22 2026-02-04T16:53:22.112Z daemon INFO time="2026-02-04T16:53:22Z" level=info msg="Tool required for debug" tool="builtin:serial-discovery@1.4.3"
time="2026-02-04T16:53:22Z" level=info msg="Tool required for debug" tool="arduino:avr-gcc@7.3.0-atmel3.6.1-arduino7"
2026-02-04 16:53:22 2026-02-04T16:53:22.112Z daemon INFO time="2026-02-04T16:53:22Z" level=info msg="Tool required for debug" tool="builtin:serial-monitor@0.15.0"
time="2026-02-04T16:53:22Z" level=info msg="Tool required for debug" tool="builtin:mdns-discovery@1.0.12"
2026-02-04 16:53:22 2026-02-04T16:53:22.112Z daemon INFO time="2026-02-04T16:53:22Z" level=info msg="Tool required for debug" tool="arduino:avrdude@8.0.0-arduino1"
time="2026-02-04T16:53:22Z" level=info msg="Tool required for debug" tool="arduino:arduinoOTA@1.3.0"
time="2026-02-04T16:53:22Z" level=info msg="Tool required for debug" tool="builtin:ctags@5.8-arduino11"
2026-02-04 16:53:22 2026-02-04T16:53:22.155Z root INFO Starting language server: esp32:esp32:esp32s3:UploadSpeed=115200,USBMode=hwcdc,CDCOnBoot=cdc,MSCOnBoot=default,DFUOnBoot=default,UploadMode=default,CPUFreq=240,FlashMode=qio,FlashSize=32M,PartitionScheme=default,DebugLevel=none,PSRAM=disabled,LoopCore=1,EventsCore=1,EraseFlash=none,JTAGAdapter=default,ZigbeeMode=default
2026-02-04 16:53:22 2026-02-04T16:53:22.175Z root INFO [hosted-plugin: 7473] PLUGIN_HOST(7473): PluginManagerExtImpl/loadPlugin(/opt/arduino-ide/resources/app/plugins/vscode-arduino-tools/extension/dist/extension.js)
2026-02-04 16:53:22 2026-02-04T16:53:22.191Z root INFO [hosted-plugin: 7473] calling activation function on VS Code Arduino Tools
2026-02-04 16:53:22 2026-02-04T16:53:22.203Z daemon INFO time="2026-02-04T16:53:22Z" level=info msg="Adding libraries dir" dir=/home/shrek/.arduino15/libraries isSingleLibrary=false location=ide
time="2026-02-04T16:53:22Z" level=info msg="Adding libraries dir" dir=/home/shrek/.arduino15/packages/esp32/hardware/esp32/3.3.6/libraries isSingleLibrary=false location=platform
2026-02-04 16:53:22 2026-02-04T16:53:22.203Z daemon INFO time="2026-02-04T16:53:22Z" level=info msg="Adding libraries dir" dir=/home/shrek/Arduino/libraries isSingleLibrary=false location=user
2026-02-04 16:53:22 2026-02-04T16:53:22.768Z daemon INFO time="2026-02-04T16:53:22Z" level=info msg="Resolving include FastLED.h for arch esp32"
time="2026-02-04T16:53:22Z" level=info msg="  found better lib" lib=FastLED prio=6A7
2026-02-04 16:53:24 isTempSketch: false. Input was /home/shrek/Arduino/practice
2026-02-04 16:53:24 Marking workspace as a closed sketch. Workspace URI: file:///home/shrek/Arduino/practice. Date: 1770224004475.
2026-02-04 16:53:24 isTempSketch: false. Input was /home/shrek/Arduino/practice
2026-02-04 16:53:24 Marking workspace as a closed sketch. Workspace URI: file:///home/shrek/Arduino/practice. Date: 1770224004482.
2026-02-04 16:53:24 2026-02-04T16:53:24.488Z root INFO socked closed
2026-02-04 16:53:24 2026-02-04T16:53:24.488Z root INFO closing connection for 1
2026-02-04 16:53:24 2026-02-04T16:53:24.488Z root INFO Closing channel on service path '/localization-server'.
2026-02-04 16:53:24 2026-02-04T16:53:24.488Z root INFO Closing channel on service path '/os'.
2026-02-04 16:53:24 2026-02-04T16:53:24.488Z root INFO Closing channel on service path '/services/commands'.
2026-02-04 16:53:24 2026-02-04T16:53:24.488Z root INFO Closing channel on service path '/services/keyboard'.
2026-02-04 16:53:24 2026-02-04T16:53:24.488Z root INFO Closing channel on service path '/services/logger'.
2026-02-04 16:53:24 2026-02-04T16:53:24.488Z root INFO Closing channel on service path '/services/messageService'.
2026-02-04 16:53:24 2026-02-04T16:53:24.488Z root INFO Closing channel on service path '/services/ChannelCloseService'.
2026-02-04 16:53:24 2026-02-04T16:53:24.488Z root INFO Closing channel on service path '/services/remote-filesystem'.
2026-02-04 16:53:24 2026-02-04T16:53:24.488Z root INFO Closing channel on service path '/services/envs'.
2026-02-04 16:53:24 2026-02-04T16:53:24.488Z root INFO Closing channel on service path '/services/authentication-service'.
2026-02-04 16:53:24 2026-02-04T16:53:24.488Z root INFO Closing channel on service path '/services/sketches-service'.
2026-02-04 16:53:24 2026-02-04T16:53:24.488Z root INFO Closing channel on service path '/services/config-service'.
2026-02-04 16:53:24 2026-02-04T16:53:24.488Z root INFO Closing channel on service path '/services/workspace'.
2026-02-04 16:53:24 2026-02-04T16:53:24.488Z root INFO Closing channel on service path '/services/notification-service'.
2026-02-04 16:53:24 2026-02-04T16:53:24.488Z root INFO Closing channel on service path '/services/arduino-daemon'.
2026-02-04 16:53:24 2026-02-04T16:53:24.488Z root INFO Closing channel on service path '/services/stopwatch'.
2026-02-04 16:53:24 2026-02-04T16:53:24.488Z root INFO Closing channel on service path '/services/application'.
2026-02-04 16:53:24 2026-02-04T16:53:24.488Z root INFO Closing channel on service path '/services/i18n'.
2026-02-04 16:53:24 2026-02-04T16:53:24.488Z root INFO Closing channel on service path '/services/quickInput'.
2026-02-04 16:53:24 2026-02-04T16:53:24.488Z root INFO Closing channel on service path '/services/debug'.
2026-02-04 16:53:24 2026-02-04T16:53:24.488Z root INFO Closing channel on service path '/services/shell-terminal'.
2026-02-04 16:53:24 2026-02-04T16:53:24.488Z root INFO Closing channel on service path '/services/quickPick'.
2026-02-04 16:53:24 2026-02-04T16:53:24.488Z root INFO Closing channel on service path '/services/task'.
2026-02-04 16:53:24 2026-02-04T16:53:24.488Z root INFO Closing channel on service path '/services/search'.
2026-02-04 16:53:24 2026-02-04T16:53:24.488Z root INFO Closing channel on service path '/services/hostedPlugin'.
2026-02-04 16:53:24 2026-02-04T16:53:24.488Z root INFO Closing channel on service path '/services/plugin-ext'.
2026-02-04 16:53:24 2026-02-04T16:53:24.488Z root INFO Closing channel on service path '/services/plugin-paths'.
2026-02-04 16:53:24 2026-02-04T16:53:24.488Z root INFO Closing channel on service path '/services/cli-preferences'.
2026-02-04 16:53:24 2026-02-04T16:53:24.488Z root INFO Closing channel on service path '/services/boards-service'.
2026-02-04 16:53:24 2026-02-04T16:53:24.488Z root INFO Closing channel on service path '/services/response-service'.
2026-02-04 16:53:24 2026-02-04T16:53:24.488Z root INFO Closing channel on service path '/services/file-system-ext'.
2026-02-04 16:53:24 2026-02-04T16:53:24.488Z root INFO Closing channel on service path '/services/core-service'.
2026-02-04 16:53:24 2026-02-04T16:53:24.488Z root INFO Closing channel on service path '/services/example-service'.
2026-02-04 16:53:24 2026-02-04T16:53:24.488Z root INFO Closing channel on service path '/services/library-service'.
2026-02-04 16:53:24 2026-02-04T16:53:24.488Z root INFO Closing channel on service path '/services/executable-service'.
2026-02-04 16:53:24 2026-02-04T16:53:24.488Z root INFO Closing channel on service path '/services/arduino-firmware-uploader'.
2026-02-04 16:53:24 2026-02-04T16:53:24.488Z root INFO Closing channel on service path '/services/formatter'.
2026-02-04 16:53:24 2026-02-04T16:53:24.488Z root INFO Closing channel on service path '/services/search-in-workspace'.
2026-02-04 16:53:24 2026-02-04T16:53:24.488Z root INFO Closing channel on service path '/services/request-service'.
2026-02-04 16:53:24 2026-02-04T16:53:24.488Z root INFO Closing channel on service path '/services/keyStore'.
2026-02-04 16:53:24 2026-02-04T16:53:24.488Z root INFO Closing channel on service path '/services/languagePackService'.
2026-02-04 16:53:24 Closing channel on service path '/services/electron-window'.
2026-02-04 16:53:24 Closing channel on service path '/services/ide-updater'.
2026-02-04 16:53:26 2026-02-04T16:53:26.947Z daemon INFO time="2026-02-04T16:53:26Z" level=info msg="Adding libraries dir" dir=/home/shrek/.arduino15/libraries isSingleLibrary=false location=ide
time="2026-02-04T16:53:26Z" level=info msg="Adding libraries dir" dir=/home/shrek/.arduino15/packages/esp32/hardware/esp32/3.3.6/libraries isSingleLibrary=false location=platform
2026-02-04 16:53:26 2026-02-04T16:53:26.947Z daemon INFO time="2026-02-04T16:53:26Z" level=info msg="Adding libraries dir" dir=/home/shrek/Arduino/libraries isSingleLibrary=false location=user
2026-02-04 16:53:41 2026-02-04T16:53:41.503Z daemon INFO time="2026-02-04T16:53:41Z" level=info msg="Adding libraries dir" dir=/home/shrek/.arduino15/libraries isSingleLibrary=false location=ide
time="2026-02-04T16:53:41Z" level=info msg="Adding libraries dir" dir=/home/shrek/.arduino15/packages/esp32/hardware/esp32/3.3.6/libraries isSingleLibrary=false location=platform
time="2026-02-04T16:53:41Z" level=info msg="Adding libraries dir" dir=/home/shrek/Arduino/libraries isSingleLibrary=false location=user
2026-02-04 16:53:43 2026-02-04T16:53:43.386Z daemon INFO time="2026-02-04T16:53:43Z" level=info msg="Adding libraries dir" dir=/home/shrek/.arduino15/libraries isSingleLibrary=false location=ide
2026-02-04 16:53:43 2026-02-04T16:53:43.387Z daemon INFO time="2026-02-04T16:53:43Z" level=info msg="Adding libraries dir" dir=/home/shrek/.arduino15/packages/esp32/hardware/esp32/3.3.6/libraries isSingleLibrary=false location=platform
time="2026-02-04T16:53:43Z" level=info msg="Adding libraries dir" dir=/home/shrek/Arduino/libraries isSingleLibrary=false location=user
2026-02-04 16:53:59 2026-02-04T16:53:59.830Z daemon INFO time="2026-02-04T16:53:59Z" level=info msg="Adding libraries dir" dir=/home/shrek/.arduino15/libraries isSingleLibrary=false location=ide
time="2026-02-04T16:53:59Z" level=info msg="Adding libraries dir" dir=/home/shrek/.arduino15/packages/esp32/hardware/esp32/3.3.6/libraries isSingleLibrary=false location=platform
2026-02-04 16:53:59 2026-02-04T16:53:59.830Z daemon INFO time="2026-02-04T16:53:59Z" level=info msg="Adding libraries dir" dir=/home/shrek/Arduino/libraries isSingleLibrary=false location=user
2026-02-04 16:54:02 2026-02-04T16:54:02.137Z daemon INFO time="2026-02-04T16:54:02Z" level=info msg="Adding libraries dir" dir=/home/shrek/.arduino15/libraries isSingleLibrary=false location=ide
2026-02-04 16:54:02 2026-02-04T16:54:02.137Z daemon INFO time="2026-02-04T16:54:02Z" level=info msg="Adding libraries dir" dir=/home/shrek/.arduino15/packages/esp32/hardware/esp32/3.3.6/libraries isSingleLibrary=false location=platform
time="2026-02-04T16:54:02Z" level=info msg="Adding libraries dir" dir=/home/shrek/Arduino/libraries isSingleLibrary=false location=user
2026-02-04 16:55:22 2026-02-04T16:55:22.925Z discovery-log INFO {"eventType":"add","port":{"matchingBoardsList":[],"port":{"address":"/dev/ttyUSB0","label":"/dev/ttyUSB0","protocol":"serial","protocolLabel":"Serial Port (USB)","propertiesMap":[["pid","0xea60"],["serialNumber","e2dc2d4b6971f011b9be029f1045c30f"],["vid","0x10c4"]],"hardwareId":"e2dc2d4b6971f011b9be029f1045c30f"}},"error":""}
2026-02-04 16:57:36 2026-02-04T16:57:36.419Z discovery-log INFO {"eventType":"remove","port":{"matchingBoardsList":[],"port":{"address":"/dev/ttyUSB0","label":"","protocol":"serial","protocolLabel":"","propertiesMap":[],"hardwareId":""}},"error":""}
2026-02-04 16:57:38 2026-02-04T16:57:38.293Z discovery-log INFO {"eventType":"add","port":{"matchingBoardsList":[],"port":{"address":"/dev/ttyUSB0","label":"/dev/ttyUSB0","protocol":"serial","protocolLabel":"Serial Port (USB)","propertiesMap":[["pid","0xea60"],["serialNumber","e2dc2d4b6971f011b9be029f1045c30f"],["vid","0x10c4"]],"hardwareId":"e2dc2d4b6971f011b9be029f1045c30f"}},"error":""}
2026-02-04 17:05:58 2026-02-04T17:05:58.943Z daemon INFO time="2026-02-04T17:05:58Z" level=info msg="Adding libraries dir" dir=/home/shrek/.arduino15/libraries isSingleLibrary=false location=ide
2026-02-04 17:05:58 2026-02-04T17:05:58.943Z daemon INFO time="2026-02-04T17:05:58Z" level=info msg="Adding libraries dir" dir=/home/shrek/.arduino15/packages/esp32/hardware/esp32/3.3.6/libraries isSingleLibrary=false location=platform
time="2026-02-04T17:05:58Z" level=info msg="Adding libraries dir" dir=/home/shrek/Arduino/libraries isSingleLibrary=false location=user
2026-02-04 17:05:59 2026-02-04T17:05:59.511Z daemon INFO time="2026-02-04T17:05:59Z" level=info msg="Resolving include FastLED.h for arch esp32"
time="2026-02-04T17:05:59Z" level=info msg="  found better lib" lib=FastLED prio=6A7
2026-02-04 17:06:00 2026-02-04T17:06:00.893Z daemon INFO time="2026-02-04T17:06:00Z" level=info msg="Adding libraries dir" dir=/home/shrek/.arduino15/libraries isSingleLibrary=false location=ide
2026-02-04 17:06:00 2026-02-04T17:06:00.893Z daemon INFO time="2026-02-04T17:06:00Z" level=info msg="Adding libraries dir" dir=/home/shrek/.arduino15/packages/esp32/hardware/esp32/3.3.6/libraries isSingleLibrary=false location=platform
time="2026-02-04T17:06:00Z" level=info msg="Adding libraries dir" dir=/home/shrek/Arduino/libraries isSingleLibrary=false location=user
2026-02-04 17:06:02 2026-02-04T17:06:02.050Z daemon INFO time="2026-02-04T17:06:02Z" level=info msg="Resolving include FastLED.h for arch esp32"
2026-02-04 17:06:02 2026-02-04T17:06:02.051Z daemon INFO time="2026-02-04T17:06:02Z" level=info msg="  found better lib" lib=FastLED prio=6A7
2026-02-04 17:06:04 2026-02-04T17:06:04.834Z daemon INFO time="2026-02-04T17:06:04Z" level=info msg="Adding libraries dir" dir=/home/shrek/.arduino15/libraries isSingleLibrary=false location=ide
2026-02-04 17:06:04 2026-02-04T17:06:04.834Z daemon INFO time="2026-02-04T17:06:04Z" level=info msg="Adding libraries dir" dir=/home/shrek/.arduino15/packages/esp32/hardware/esp32/3.3.6/libraries isSingleLibrary=false location=platform
2026-02-04 17:06:04 2026-02-04T17:06:04.834Z daemon INFO time="2026-02-04T17:06:04Z" level=info msg="Adding libraries dir" dir=/home/shrek/Arduino/libraries isSingleLibrary=false location=user
2026-02-04 17:06:07 2026-02-04T17:06:07.803Z root INFO compiler-errors Current error changed to d;33
2026-02-04 17:06:07 2026-02-04T17:06:07.814Z root INFO compiler-errors Handling selection change in editor file:///home/shrek/Arduino/practice/led.ino/led.ino.ino. New (monaco) selection: [35,8 -> 35,8]
2026-02-04 17:06:08 2026-02-04T17:06:08.471Z daemon INFO time="2026-02-04T17:06:08Z" level=info msg="Adding libraries dir" dir=/home/shrek/.arduino15/libraries isSingleLibrary=false location=ide
2026-02-04 17:06:08 2026-02-04T17:06:08.471Z daemon INFO time="2026-02-04T17:06:08Z" level=info msg="Adding libraries dir" dir=/home/shrek/.arduino15/packages/esp32/hardware/esp32/3.3.6/libraries isSingleLibrary=false location=platform
time="2026-02-04T17:06:08Z" level=info msg="Adding libraries dir" dir=/home/shrek/Arduino/libraries isSingleLibrary=false location=user
2026-02-04 17:06:12 2026-02-04T17:06:12.666Z root INFO compiler-errors decoration range: [36,3 -> 36,3], change range: [35,8 -> 35,8], affects: false
2026-02-04 17:06:12 2026-02-04T17:06:12.666Z root INFO compiler-errors decoration range: [36,3 -> 36,3], change range: [35,8 -> 35,8], affects: false
2026-02-04 17:06:12 2026-02-04T17:06:12.666Z root INFO compiler-errors Handling selection change in editor file:///home/shrek/Arduino/practice/led.ino/led.ino.ino. New (monaco) selection: [36,3 -> 36,3]
2026-02-04 17:06:13 2026-02-04T17:06:13.080Z root INFO compiler-errors decoration range: [36,4 -> 36,4], change range: [36,3 -> 36,3], affects: true
2026-02-04 17:06:13 2026-02-04T17:06:13.080Z root INFO compiler-errors decoration range: [36,4 -> 36,4], change range: [36,3 -> 36,3], affects: true
2026-02-04 17:06:13 2026-02-04T17:06:13.081Z root INFO compiler-errors Handling selection change in editor file:///home/shrek/Arduino/practice/led.ino/led.ino.ino. New (monaco) selection: [36,4 -> 36,4]
2026-02-04 17:06:13 2026-02-04T17:06:13.081Z root INFO compiler-errors New (monaco) selection [36,4 -> 36,4] does not intersect any error locations. Skipping.
2026-02-04 17:06:13 2026-02-04T17:06:13.601Z root INFO compiler-errors Handling selection change in editor file:///home/shrek/Arduino/practice/led.ino/led.ino.ino. New (monaco) selection: [36,3 -> 36,3]
2026-02-04 17:06:13 2026-02-04T17:06:13.601Z root INFO compiler-errors New (monaco) selection [36,3 -> 36,3] does not intersect any error locations. Skipping.
2026-02-04 17:06:14 2026-02-04T17:06:14.114Z root INFO compiler-errors Handling selection change in editor file:///home/shrek/Arduino/practice/led.ino/led.ino.ino. New (monaco) selection: [36,4 -> 36,4]
2026-02-04 17:06:14 2026-02-04T17:06:14.115Z root INFO compiler-errors New (monaco) selection [36,4 -> 36,4] does not intersect any error locations. Skipping.
2026-02-04 17:06:14 2026-02-04T17:06:14.454Z root INFO compiler-errors Handling selection change in editor file:///home/shrek/Arduino/practice/led.ino/led.ino.ino. New (monaco) selection: [36,3 -> 36,3]
2026-02-04 17:06:14 2026-02-04T17:06:14.454Z root INFO compiler-errors New (monaco) selection [36,3 -> 36,3] does not intersect any error locations. Skipping.
2026-02-04 17:06:14 2026-02-04T17:06:14.632Z root INFO compiler-errors Handling selection change in editor file:///home/shrek/Arduino/practice/led.ino/led.ino.ino. New (monaco) selection: [36,1 -> 36,1]
2026-02-04 17:06:14 2026-02-04T17:06:14.632Z root INFO compiler-errors New (monaco) selection [36,1 -> 36,1] does not intersect any error locations. Skipping.
2026-02-04 17:06:15 2026-02-04T17:06:15.635Z daemon INFO time="2026-02-04T17:06:15Z" level=info msg="Adding libraries dir" dir=/home/shrek/.arduino15/libraries isSingleLibrary=false location=ide
2026-02-04 17:06:15 2026-02-04T17:06:15.635Z daemon INFO time="2026-02-04T17:06:15Z" level=info msg="Adding libraries dir" dir=/home/shrek/.arduino15/packages/esp32/hardware/esp32/3.3.6/libraries isSingleLibrary=false location=platform
time="2026-02-04T17:06:15Z" level=info msg="Adding libraries dir" dir=/home/shrek/Arduino/libraries isSingleLibrary=false location=user
2026-02-04 17:06:15 2026-02-04T17:06:15.778Z root INFO compiler-errors Handling selection change in editor file:///home/shrek/Arduino/practice/led.ino/led.ino.ino. New (monaco) selection: [36,2 -> 36,2]
2026-02-04 17:06:15 2026-02-04T17:06:15.778Z root INFO compiler-errors New (monaco) selection [36,2 -> 36,2] does not intersect any error locations. Skipping.
2026-02-04 17:06:17 2026-02-04T17:06:17.785Z daemon INFO time="2026-02-04T17:06:17Z" level=info msg="Adding libraries dir" dir=/home/shrek/.arduino15/libraries isSingleLibrary=false location=ide
2026-02-04 17:06:17 2026-02-04T17:06:17.785Z daemon INFO time="2026-02-04T17:06:17Z" level=info msg="Adding libraries dir" dir=/home/shrek/.arduino15/packages/esp32/hardware/esp32/3.3.6/libraries isSingleLibrary=false location=platform
time="2026-02-04T17:06:17Z" level=info msg="Adding libraries dir" dir=/home/shrek/Arduino/libraries isSingleLibrary=false location=user
2026-02-04 17:06:18 2026-02-04T17:06:18.583Z daemon INFO time="2026-02-04T17:06:18Z" level=info msg="Adding libraries dir" dir=/home/shrek/.arduino15/libraries isSingleLibrary=false location=ide
2026-02-04 17:06:18 2026-02-04T17:06:18.583Z daemon INFO time="2026-02-04T17:06:18Z" level=info msg="Adding libraries dir" dir=/home/shrek/.arduino15/packages/esp32/hardware/esp32/3.3.6/libraries isSingleLibrary=false location=platform
time="2026-02-04T17:06:18Z" level=info msg="Adding libraries dir" dir=/home/shrek/Arduino/libraries isSingleLibrary=false location=user
2026-02-04 17:06:19 2026-02-04T17:06:19.523Z daemon INFO time="2026-02-04T17:06:19Z" level=info msg="Resolving include FastLED.h for arch esp32"
time="2026-02-04T17:06:19Z" level=info msg="  found better lib" lib=FastLED prio=6A7
2026-02-04 17:06:23 2026-02-04T17:06:23.766Z root INFO compiler-errors Current error changed to d;51
2026-02-04 17:06:24 2026-02-04T17:06:24.109Z root INFO compiler-errors decoration range: [35,10 -> 35,10], change range: [35,8 -> 35,8], affects: true
2026-02-04 17:06:24 2026-02-04T17:06:24.109Z root INFO compiler-errors Handling selection change in editor file:///home/shrek/Arduino/practice/led.ino/led.ino.ino. New (monaco) selection: [35,9 -> 35,9]
2026-02-04 17:06:24 2026-02-04T17:06:24.110Z root INFO compiler-errors New (monaco) selection [35,9 -> 35,9] does not intersect any error locations. Skipping.
2026-02-04 17:06:24 2026-02-04T17:06:24.962Z root INFO compiler-errors Handling selection change in editor file:///home/shrek/Arduino/practice/led.ino/led.ino.ino. New (monaco) selection: [35,10 -> 35,10]
2026-02-04 17:06:24 2026-02-04T17:06:24.962Z root INFO compiler-errors New (monaco) selection [35,10 -> 35,10] does not intersect any error locations. Skipping.
2026-02-04 17:06:25 2026-02-04T17:06:25.069Z root INFO compiler-errors Handling selection change in editor file:///home/shrek/Arduino/practice/led.ino/led.ino.ino. New (monaco) selection: [35,11 -> 35,11]
2026-02-04 17:06:25 2026-02-04T17:06:25.069Z root INFO compiler-errors New (monaco) selection [35,11 -> 35,11] does not intersect any error locations. Skipping.
2026-02-04 17:06:25 2026-02-04T17:06:25.656Z root INFO compiler-errors Handling selection change in editor file:///home/shrek/Arduino/practice/led.ino/led.ino.ino. New (monaco) selection: [35,12 -> 35,12]
2026-02-04 17:06:25 2026-02-04T17:06:25.656Z root INFO compiler-errors New (monaco) selection [35,12 -> 35,12] does not intersect any error locations. Skipping.
2026-02-04 17:06:25 2026-02-04T17:06:25.877Z root INFO compiler-errors Handling selection change in editor file:///home/shrek/Arduino/practice/led.ino/led.ino.ino. New (monaco) selection: [35,13 -> 35,13]
2026-02-04 17:06:25 2026-02-04T17:06:25.877Z root INFO compiler-errors New (monaco) selection [35,13 -> 35,13] does not intersect any error locations. Skipping.
2026-02-04 17:06:26 2026-02-04T17:06:26.235Z root INFO compiler-errors Handling selection change in editor file:///home/shrek/Arduino/practice/led.ino/led.ino.ino. New (monaco) selection: [35,14 -> 35,14]
2026-02-04 17:06:26 2026-02-04T17:06:26.235Z root INFO compiler-errors New (monaco) selection [35,14 -> 35,14] does not intersect any error locations. Skipping.
2026-02-04 17:06:26 2026-02-04T17:06:26.768Z root INFO compiler-errors Handling selection change in editor file:///home/shrek/Arduino/practice/led.ino/led.ino.ino. New (monaco) selection: [35,15 -> 35,15]
2026-02-04 17:06:26 2026-02-04T17:06:26.768Z root INFO compiler-errors New (monaco) selection [35,15 -> 35,15] does not intersect any error locations. Skipping.
2026-02-04 17:06:27 2026-02-04T17:06:27.553Z root INFO compiler-errors Handling selection change in editor file:///home/shrek/Arduino/practice/led.ino/led.ino.ino. New (monaco) selection: [35,14 -> 35,14]
2026-02-04 17:06:27 2026-02-04T17:06:27.553Z root INFO compiler-errors New (monaco) selection [35,14 -> 35,14] does not intersect any error locations. Skipping.
2026-02-04 17:06:27 2026-02-04T17:06:27.821Z root INFO compiler-errors Handling selection change in editor file:///home/shrek/Arduino/practice/led.ino/led.ino.ino. New (monaco) selection: [35,15 -> 35,15]
2026-02-04 17:06:27 2026-02-04T17:06:27.821Z root INFO compiler-errors New (monaco) selection [35,15 -> 35,15] does not intersect any error locations. Skipping.
2026-02-04 17:06:28 2026-02-04T17:06:28.827Z daemon INFO time="2026-02-04T17:06:28Z" level=info msg="Adding libraries dir" dir=/home/shrek/.arduino15/libraries isSingleLibrary=false location=ide
2026-02-04 17:06:28 2026-02-04T17:06:28.827Z daemon INFO time="2026-02-04T17:06:28Z" level=info msg="Adding libraries dir" dir=/home/shrek/.arduino15/packages/esp32/hardware/esp32/3.3.6/libraries isSingleLibrary=false location=platform
time="2026-02-04T17:06:28Z" level=info msg="Adding libraries dir" dir=/home/shrek/Arduino/libraries isSingleLibrary=false location=user
2026-02-04 17:06:30 2026-02-04T17:06:30.116Z daemon INFO time="2026-02-04T17:06:30Z" level=info msg="Adding libraries dir" dir=/home/shrek/.arduino15/libraries isSingleLibrary=false location=ide
2026-02-04 17:06:30 2026-02-04T17:06:30.116Z daemon INFO time="2026-02-04T17:06:30Z" level=info msg="Adding libraries dir" dir=/home/shrek/.arduino15/packages/esp32/hardware/esp32/3.3.6/libraries isSingleLibrary=false location=platform
time="2026-02-04T17:06:30Z" level=info msg="Adding libraries dir" dir=/home/shrek/Arduino/libraries isSingleLibrary=false location=user
2026-02-04 17:06:30 2026-02-04T17:06:30.675Z daemon INFO time="2026-02-04T17:06:30Z" level=info msg="Adding libraries dir" dir=/home/shrek/.arduino15/libraries isSingleLibrary=false location=ide
time="2026-02-04T17:06:30Z" level=info msg="Adding libraries dir" dir=/home/shrek/.arduino15/packages/esp32/hardware/esp32/3.3.6/libraries isSingleLibrary=false location=platform
2026-02-04 17:06:30 2026-02-04T17:06:30.675Z daemon INFO time="2026-02-04T17:06:30Z" level=info msg="Adding libraries dir" dir=/home/shrek/Arduino/libraries isSingleLibrary=false location=user
2026-02-04 17:06:31 2026-02-04T17:06:31.103Z daemon INFO time="2026-02-04T17:06:31Z" level=info msg="Resolving include FastLED.h for arch esp32"
time="2026-02-04T17:06:31Z" level=info msg="  found better lib" lib=FastLED prio=6A7
2026-02-04 17:06:47 2026-02-04T17:06:47.037Z root INFO Executing 'arduino.languageserver.notifyBuildDidComplete' with "file:///home/shrek/.cache/arduino/sketches/685F1B846501B9FC48DBBE71848122CF"
2026-02-04 17:06:47 2026-02-04T17:06:47.073Z daemon INFO time="2026-02-04T17:06:47Z" level=info msg="Tool required for debug" tool="arduino:dfu-util@0.11.0-arduino5"
time="2026-02-04T17:06:47Z" level=info msg="Tool required for debug" tool="esp32:esp-rv32@2511"
2026-02-04 17:06:47 2026-02-04T17:06:47.073Z daemon INFO time="2026-02-04T17:06:47Z" level=info msg="Tool required for debug" tool="esp32:esp-x32@2511"
time="2026-02-04T17:06:47Z" level=info msg="Tool required for debug" tool="esp32:esp32-libs@3.3.6"
time="2026-02-04T17:06:47Z" level=info msg="Tool required for debug" tool="esp32:esp32c3-libs@3.3.6"
time="2026-02-04T17:06:47Z" level=info msg="Tool required for debug" tool="esp32:esp32c5-libs@3.3.6"
time="2026-02-04T17:06:47Z" level=info msg="Tool required for debug" tool="esp32:esp32c6-libs@3.3.6"
time="2026-02-04T17:06:47Z" level=info msg="Tool required for debug" tool="esp32:esp32h2-libs@3.3.6"
time="2026-02-04T17:06:47Z" level=info msg="Tool required for debug" tool="esp32:esp32p4-libs@3.3.6"
time="2026-02-04T17:06:47Z" level=info msg="Tool required for debug" tool="esp32:esp32p4_es-libs@3.3.6"
time="2026-02-04T17:06:47Z" level=info msg="Tool required for debug" tool="esp32:esp32s2-libs@3.3.6"
time="2026-02-04T17:06:47Z" level=info msg="Tool required for debug" tool="esp32:esp32s3-libs@3.3.6"
time="2026-02-04T17:06:47Z" level=info msg="Tool required for debug" tool="esp32:esptool_py@5.1.0"
time="2026-02-04T17:06:47Z" level=info msg="Tool required for debug" tool="esp32:mklittlefs@4.0.2-db0513a"
time="2026-02-04T17:06:47Z" level=info msg="Tool required for debug" tool="esp32:mkspiffs@0.2.3"
2026-02-04 17:06:47 2026-02-04T17:06:47.073Z daemon INFO time="2026-02-04T17:06:47Z" level=info msg="Tool required for debug" tool="esp32:openocd-esp32@v0.12.0-esp32-20251215"
time="2026-02-04T17:06:47Z" level=info msg="Tool required for debug" tool="esp32:riscv32-esp-elf-gdb@16.3_20250913"
time="2026-02-04T17:06:47Z" level=info msg="Tool required for debug" tool="esp32:xtensa-esp-elf-gdb@16.3_20250913"
time="2026-02-04T17:06:47Z" level=info msg="Tool required for debug" tool="builtin:mdns-discovery@1.0.12"
time="2026-02-04T17:06:47Z" level=info msg="Tool required for debug" tool="arduino:avr-gcc@7.3.0-atmel3.6.1-arduino7"
2026-02-04 17:06:47 2026-02-04T17:06:47.073Z daemon INFO time="2026-02-04T17:06:47Z" level=info msg="Tool required for debug" tool="builtin:ctags@5.8-arduino11"
time="2026-02-04T17:06:47Z" level=info msg="Tool required for debug" tool="builtin:serial-discovery@1.4.3"
time="2026-02-04T17:06:47Z" level=info msg="Tool required for debug" tool="arduino:arduinoOTA@1.3.0"
time="2026-02-04T17:06:47Z" level=info msg="Tool required for debug" tool="builtin:serial-monitor@0.15.0"
2026-02-04 17:06:47 2026-02-04T17:06:47.073Z daemon INFO time="2026-02-04T17:06:47Z" level=info msg="Tool required for debug" tool="arduino:avrdude@8.0.0-arduino1"
time="2026-02-04T17:06:47Z" level=info msg="Tool required for debug" tool="builtin:dfu-discovery@0.1.2"
2026-02-04 17:06:47 2026-02-04T17:06:47.075Z daemon INFO time="2026-02-04T17:06:47Z" level=info msg="Tool required for debug" tool="arduino:dfu-util@0.11.0-arduino5"
time="2026-02-04T17:06:47Z" level=info msg="Tool required for debug" tool="esp32:esp-rv32@2511"
time="2026-02-04T17:06:47Z" level=info msg="Tool required for debug" tool="esp32:esp-x32@2511"
2026-02-04 17:06:47 2026-02-04T17:06:47.075Z daemon INFO time="2026-02-04T17:06:47Z" level=info msg="Tool required for debug" tool="esp32:esp32-libs@3.3.6"
time="2026-02-04T17:06:47Z" level=info msg="Tool required for debug" tool="esp32:esp32c3-libs@3.3.6"
time="2026-02-04T17:06:47Z" level=info msg="Tool required for debug" tool="esp32:esp32c5-libs@3.3.6"
time="2026-02-04T17:06:47Z" level=info msg="Tool required for debug" tool="esp32:esp32c6-libs@3.3.6"
time="2026-02-04T17:06:47Z" level=info msg="Tool required for debug" tool="esp32:esp32h2-libs@3.3.6"
time="2026-02-04T17:06:47Z" level=info msg="Tool required for debug" tool="esp32:esp32p4-libs@3.3.6"
2026-02-04 17:06:47 2026-02-04T17:06:47.075Z daemon INFO time="2026-02-04T17:06:47Z" level=info msg="Tool required for debug" tool="esp32:esp32p4_es-libs@3.3.6"
time="2026-02-04T17:06:47Z" level=info msg="Tool required for debug" tool="esp32:esp32s2-libs@3.3.6"
time="2026-02-04T17:06:47Z" level=info msg="Tool required for debug" tool="esp32:esp32s3-libs@3.3.6"
time="2026-02-04T17:06:47Z" level=info msg="Tool required for debug" tool="esp32:esptool_py@5.1.0"
2026-02-04 17:06:47 2026-02-04T17:06:47.075Z daemon INFO time="2026-02-04T17:06:47Z" level=info msg="Tool required for debug" tool="esp32:mklittlefs@4.0.2-db0513a"
time="2026-02-04T17:06:47Z" level=info msg="Tool required for debug" tool="esp32:mkspiffs@0.2.3"
time="2026-02-04T17:06:47Z" level=info msg="Tool required for debug" tool="esp32:openocd-esp32@v0.12.0-esp32-20251215"
time="2026-02-04T17:06:47Z" level=info msg="Tool required for debug" tool="esp32:riscv32-esp-elf-gdb@16.3_20250913"
2026-02-04 17:06:47 2026-02-04T17:06:47.075Z daemon INFO time="2026-02-04T17:06:47Z" level=info msg="Tool required for debug" tool="esp32:xtensa-esp-elf-gdb@16.3_20250913"
time="2026-02-04T17:06:47Z" level=info msg="Tool required for debug" tool="builtin:mdns-discovery@1.0.12"
time="2026-02-04T17:06:47Z" level=info msg="Tool required for debug" tool="builtin:serial-discovery@1.4.3"
2026-02-04 17:06:47 2026-02-04T17:06:47.075Z daemon INFO time="2026-02-04T17:06:47Z" level=info msg="Tool required for debug" tool="arduino:avr-gcc@7.3.0-atmel3.6.1-arduino7"
time="2026-02-04T17:06:47Z" level=info msg="Tool required for debug" tool="arduino:arduinoOTA@1.3.0"
time="2026-02-04T17:06:47Z" level=info msg="Tool required for debug" tool="arduino:avrdude@8.0.0-arduino1"
2026-02-04 17:06:47 2026-02-04T17:06:47.075Z daemon INFO time="2026-02-04T17:06:47Z" level=info msg="Tool required for debug" tool="builtin:dfu-discovery@0.1.2"
time="2026-02-04T17:06:47Z" level=info msg="Tool required for debug" tool="builtin:serial-monitor@0.15.0"
2026-02-04 17:06:47 2026-02-04T17:06:47.075Z daemon INFO time="2026-02-04T17:06:47Z" level=info msg="Tool required for debug" tool="builtin:ctags@5.8-arduino11"
2026-02-04 17:06:47 2026-02-04T17:06:47.076Z daemon INFO time="2026-02-04T17:06:47Z" level=info msg="Tool required for debug" tool="arduino:dfu-util@0.11.0-arduino5"
time="2026-02-04T17:06:47Z" level=info msg="Tool required for debug" tool="esp32:esp-rv32@2511"
2026-02-04 17:06:47 2026-02-04T17:06:47.076Z daemon INFO time="2026-02-04T17:06:47Z" level=info msg="Tool required for debug" tool="esp32:esp-x32@2511"
time="2026-02-04T17:06:47Z" level=info msg="Tool required for debug" tool="esp32:esp32-libs@3.3.6"
time="2026-02-04T17:06:47Z" level=info msg="Tool required for debug" tool="esp32:esp32c3-libs@3.3.6"
time="2026-02-04T17:06:47Z" level=info msg="Tool required for debug" tool="esp32:esp32c5-libs@3.3.6"
time="2026-02-04T17:06:47Z" level=info msg="Tool required for debug" tool="esp32:esp32c6-libs@3.3.6"
time="2026-02-04T17:06:47Z" level=info msg="Tool required for debug" tool="esp32:esp32h2-libs@3.3.6"
time="2026-02-04T17:06:47Z" level=info msg="Tool required for debug" tool="esp32:esp32p4-libs@3.3.6"
2026-02-04 17:06:47 2026-02-04T17:06:47.076Z daemon INFO time="2026-02-04T17:06:47Z" level=info msg="Tool required for debug" tool="esp32:esp32p4_es-libs@3.3.6"
time="2026-02-04T17:06:47Z" level=info msg="Tool required for debug" tool="esp32:esp32s2-libs@3.3.6"
time="2026-02-04T17:06:47Z" level=info msg="Tool required for debug" tool="esp32:esp32s3-libs@3.3.6"
time="2026-02-04T17:06:47Z" level=info msg="Tool required for debug" tool="esp32:esptool_py@5.1.0"
time="2026-02-04T17:06:47Z" level=info msg="Tool required for debug" tool="esp32:mklittlefs@4.0.2-db0513a"
2026-02-04 17:06:47 2026-02-04T17:06:47.076Z daemon INFO time="2026-02-04T17:06:47Z" level=info msg="Tool required for debug" tool="esp32:mkspiffs@0.2.3"
time="2026-02-04T17:06:47Z" level=info msg="Tool required for debug" tool="esp32:openocd-esp32@v0.12.0-esp32-20251215"
time="2026-02-04T17:06:47Z" level=info msg="Tool required for debug" tool="esp32:riscv32-esp-elf-gdb@16.3_20250913"
time="2026-02-04T17:06:47Z" level=info msg="Tool required for debug" tool="esp32:xtensa-esp-elf-gdb@16.3_20250913"
2026-02-04 17:06:47 2026-02-04T17:06:47.077Z daemon INFO time="2026-02-04T17:06:47Z" level=info msg="Tool required for debug" tool="builtin:dfu-discovery@0.1.2"
time="2026-02-04T17:06:47Z" level=info msg="Tool required for debug" tool="builtin:serial-monitor@0.15.0"
2026-02-04 17:06:47 2026-02-04T17:06:47.077Z daemon INFO time="2026-02-04T17:06:47Z" level=info msg="Tool required for debug" tool="arduino:arduinoOTA@1.3.0"
time="2026-02-04T17:06:47Z" level=info msg="Tool required for debug" tool="arduino:avrdude@8.0.0-arduino1"
time="2026-02-04T17:06:47Z" level=info msg="Tool required for debug" tool="builtin:serial-discovery@1.4.3"
time="2026-02-04T17:06:47Z" level=info msg="Tool required for debug" tool="builtin:ctags@5.8-arduino11"
2026-02-04 17:06:47 2026-02-04T17:06:47.077Z daemon INFO time="2026-02-04T17:06:47Z" level=info msg="Tool required for debug" tool="arduino:avr-gcc@7.3.0-atmel3.6.1-arduino7"
time="2026-02-04T17:06:47Z" level=info msg="Tool required for debug" tool="builtin:mdns-discovery@1.0.12"
2026-02-04 17:06:47 2026-02-04T17:06:47.078Z daemon INFO time="2026-02-04T17:06:47Z" level=info msg="Tool required for debug" tool="arduino:dfu-util@0.11.0-arduino5"
time="2026-02-04T17:06:47Z" level=info msg="Tool required for debug" tool="esp32:esp-rv32@2511"
time="2026-02-04T17:06:47Z" level=info msg="Tool required for debug" tool="esp32:esp-x32@2511"
2026-02-04 17:06:47 2026-02-04T17:06:47.078Z daemon INFO time="2026-02-04T17:06:47Z" level=info msg="Tool required for debug" tool="esp32:esp32-libs@3.3.6"
time="2026-02-04T17:06:47Z" level=info msg="Tool required for debug" tool="esp32:esp32c3-libs@3.3.6"
time="2026-02-04T17:06:47Z" level=info msg="Tool required for debug" tool="esp32:esp32c5-libs@3.3.6"
time="2026-02-04T17:06:47Z" level=info msg="Tool required for debug" tool="esp32:esp32c6-libs@3.3.6"
time="2026-02-04T17:06:47Z" level=info msg="Tool required for debug" tool="esp32:esp32h2-libs@3.3.6"
2026-02-04 17:06:47 2026-02-04T17:06:47.078Z daemon INFO time="2026-02-04T17:06:47Z" level=info msg="Tool required for debug" tool="esp32:esp32p4-libs@3.3.6"
time="2026-02-04T17:06:47Z" level=info msg="Tool required for debug" tool="esp32:esp32p4_es-libs@3.3.6"
time="2026-02-04T17:06:47Z" level=info msg="Tool required for debug" tool="esp32:esp32s2-libs@3.3.6"
time="2026-02-04T17:06:47Z" level=info msg="Tool required for debug" tool="esp32:esp32s3-libs@3.3.6"
time="2026-02-04T17:06:47Z" level=info msg="Tool required for debug" tool="esp32:esptool_py@5.1.0"
2026-02-04 17:06:47 2026-02-04T17:06:47.078Z daemon INFO time="2026-02-04T17:06:47Z" level=info msg="Tool required for debug" tool="esp32:mklittlefs@4.0.2-db0513a"
time="2026-02-04T17:06:47Z" level=info msg="Tool required for debug" tool="esp32:mkspiffs@0.2.3"
time="2026-02-04T17:06:47Z" level=info msg="Tool required for debug" tool="esp32:openocd-esp32@v0.12.0-esp32-20251215"
time="2026-02-04T17:06:47Z" level=info msg="Tool required for debug" tool="esp32:riscv32-esp-elf-gdb@16.3_20250913"
2026-02-04 17:06:47 2026-02-04T17:06:47.078Z daemon INFO time="2026-02-04T17:06:47Z" level=info msg="Tool required for debug" tool="esp32:xtensa-esp-elf-gdb@16.3_20250913"
time="2026-02-04T17:06:47Z" level=info msg="Tool required for debug" tool="builtin:ctags@5.8-arduino11"
time="2026-02-04T17:06:47Z" level=info msg="Tool required for debug" tool="builtin:dfu-discovery@0.1.2"
2026-02-04 17:06:47 2026-02-04T17:06:47.078Z daemon INFO time="2026-02-04T17:06:47Z" level=info msg="Tool required for debug" tool="builtin:mdns-discovery@1.0.12"
time="2026-02-04T17:06:47Z" level=info msg="Tool required for debug" tool="builtin:serial-discovery@1.4.3"
2026-02-04 17:06:47 2026-02-04T17:06:47.078Z daemon INFO time="2026-02-04T17:06:47Z" level=info msg="Tool required for debug" tool="builtin:serial-monitor@0.15.0"
time="2026-02-04T17:06:47Z" level=info msg="Tool required for debug" tool="arduino:arduinoOTA@1.3.0"
time="2026-02-04T17:06:47Z" level=info msg="Tool required for debug" tool="arduino:avrdude@8.0.0-arduino1"
2026-02-04 17:06:47 2026-02-04T17:06:47.078Z daemon INFO time="2026-02-04T17:06:47Z" level=info msg="Tool required for debug" tool="arduino:avr-gcc@7.3.0-atmel3.6.1-arduino7"
2026-02-04 17:06:47 2026-02-04T17:06:47.080Z daemon INFO time="2026-02-04T17:06:47Z" level=info msg="Tool required for debug" tool="arduino:dfu-util@0.11.0-arduino5"
time="2026-02-04T17:06:47Z" level=info msg="Tool required for debug" tool="esp32:esp-rv32@2511"
time="2026-02-04T17:06:47Z" level=info msg="Tool required for debug" tool="esp32:esp-x32@2511"
2026-02-04 17:06:47 2026-02-04T17:06:47.080Z daemon INFO time="2026-02-04T17:06:47Z" level=info msg="Tool required for debug" tool="esp32:esp32-libs@3.3.6"
time="2026-02-04T17:06:47Z" level=info msg="Tool required for debug" tool="esp32:esp32c3-libs@3.3.6"
time="2026-02-04T17:06:47Z" level=info msg="Tool required for debug" tool="esp32:esp32c5-libs@3.3.6"
time="2026-02-04T17:06:47Z" level=info msg="Tool required for debug" tool="esp32:esp32c6-libs@3.3.6"
time="2026-02-04T17:06:47Z" level=info msg="Tool required for debug" tool="esp32:esp32h2-libs@3.3.6"
2026-02-04 17:06:47 2026-02-04T17:06:47.080Z daemon INFO time="2026-02-04T17:06:47Z" level=info msg="Tool required for debug" tool="esp32:esp32p4-libs@3.3.6"
time="2026-02-04T17:06:47Z" level=info msg="Tool required for debug" tool="esp32:esp32p4_es-libs@3.3.6"
time="2026-02-04T17:06:47Z" level=info msg="Tool required for debug" tool="esp32:esp32s2-libs@3.3.6"
time="2026-02-04T17:06:47Z" level=info msg="Tool required for debug" tool="esp32:esp32s3-libs@3.3.6"
time="2026-02-04T17:06:47Z" level=info msg="Tool required for debug" tool="esp32:esptool_py@5.1.0"
2026-02-04 17:06:47 2026-02-04T17:06:47.080Z daemon INFO time="2026-02-04T17:06:47Z" level=info msg="Tool required for debug" tool="esp32:mklittlefs@4.0.2-db0513a"
time="2026-02-04T17:06:47Z" level=info msg="Tool required for debug" tool="esp32:mkspiffs@0.2.3"
time="2026-02-04T17:06:47Z" level=info msg="Tool required for debug" tool="esp32:openocd-esp32@v0.12.0-esp32-20251215"
time="2026-02-04T17:06:47Z" level=info msg="Tool required for debug" tool="esp32:riscv32-esp-elf-gdb@16.3_20250913"
2026-02-04 17:06:47 2026-02-04T17:06:47.080Z daemon INFO time="2026-02-04T17:06:47Z" level=info msg="Tool required for debug" tool="esp32:xtensa-esp-elf-gdb@16.3_20250913"
time="2026-02-04T17:06:47Z" level=info msg="Tool required for debug" tool="builtin:dfu-discovery@0.1.2"
time="2026-02-04T17:06:47Z" level=info msg="Tool required for debug" tool="arduino:arduinoOTA@1.3.0"
time="2026-02-04T17:06:47Z" level=info msg="Tool required for debug" tool="builtin:serial-monitor@0.15.0"
2026-02-04 17:06:47 2026-02-04T17:06:47.080Z daemon INFO time="2026-02-04T17:06:47Z" level=info msg="Tool required for debug" tool="builtin:mdns-discovery@1.0.12"
time="2026-02-04T17:06:47Z" level=info msg="Tool required for debug" tool="arduino:avr-gcc@7.3.0-atmel3.6.1-arduino7"
2026-02-04 17:06:47 2026-02-04T17:06:47.080Z daemon INFO time="2026-02-04T17:06:47Z" level=info msg="Tool required for debug" tool="builtin:serial-discovery@1.4.3"
time="2026-02-04T17:06:47Z" level=info msg="Tool required for debug" tool="builtin:ctags@5.8-arduino11"
time="2026-02-04T17:06:47Z" level=info msg="Tool required for debug" tool="arduino:avrdude@8.0.0-arduino1"
2026-02-04 17:06:47 2026-02-04T17:06:47.081Z daemon INFO time="2026-02-04T17:06:47Z" level=info msg="Tool required for debug" tool="arduino:dfu-util@0.11.0-arduino5"
time="2026-02-04T17:06:47Z" level=info msg="Tool required for debug" tool="esp32:esp-rv32@2511"
time="2026-02-04T17:06:47Z" level=info msg="Tool required for debug" tool="esp32:esp-x32@2511"
2026-02-04 17:06:47 2026-02-04T17:06:47.081Z daemon INFO time="2026-02-04T17:06:47Z" level=info msg="Tool required for debug" tool="esp32:esp32-libs@3.3.6"
time="2026-02-04T17:06:47Z" level=info msg="Tool required for debug" tool="esp32:esp32c3-libs@3.3.6"
time="2026-02-04T17:06:47Z" level=info msg="Tool required for debug" tool="esp32:esp32c5-libs@3.3.6"
time="2026-02-04T17:06:47Z" level=info msg="Tool required for debug" tool="esp32:esp32c6-libs@3.3.6"
time="2026-02-04T17:06:47Z" level=info msg="Tool required for debug" tool="esp32:esp32h2-libs@3.3.6"
2026-02-04 17:06:47 2026-02-04T17:06:47.081Z daemon INFO time="2026-02-04T17:06:47Z" level=info msg="Tool required for debug" tool="esp32:esp32p4-libs@3.3.6"
time="2026-02-04T17:06:47Z" level=info msg="Tool required for debug" tool="esp32:esp32p4_es-libs@3.3.6"
time="2026-02-04T17:06:47Z" level=info msg="Tool required for debug" tool="esp32:esp32s2-libs@3.3.6"
time="2026-02-04T17:06:47Z" level=info msg="Tool required for debug" tool="esp32:esp32s3-libs@3.3.6"
time="2026-02-04T17:06:47Z" level=info msg="Tool required for debug" tool="esp32:esptool_py@5.1.0"
2026-02-04 17:06:47 2026-02-04T17:06:47.081Z daemon INFO time="2026-02-04T17:06:47Z" level=info msg="Tool required for debug" tool="esp32:mklittlefs@4.0.2-db0513a"
time="2026-02-04T17:06:47Z" level=info msg="Tool required for debug" tool="esp32:mkspiffs@0.2.3"
time="2026-02-04T17:06:47Z" level=info msg="Tool required for debug" tool="esp32:openocd-esp32@v0.12.0-esp32-20251215"
time="2026-02-04T17:06:47Z" level=info msg="Tool required for debug" tool="esp32:riscv32-esp-elf-gdb@16.3_20250913"
time="2026-02-04T17:06:47Z" level=info msg="Tool required for debug" tool="esp32:xtensa-esp-elf-gdb@16.3_20250913"
2026-02-04 17:06:47 2026-02-04T17:06:47.081Z daemon INFO time="2026-02-04T17:06:47Z" level=info msg="Tool required for debug" tool="builtin:ctags@5.8-arduino11"
time="2026-02-04T17:06:47Z" level=info msg="Tool required for debug" tool="builtin:dfu-discovery@0.1.2"
2026-02-04 17:06:47 2026-02-04T17:06:47.081Z daemon INFO time="2026-02-04T17:06:47Z" level=info msg="Tool required for debug" tool="builtin:serial-discovery@1.4.3"
time="2026-02-04T17:06:47Z" level=info msg="Tool required for debug" tool="builtin:serial-monitor@0.15.0"
time="2026-02-04T17:06:47Z" level=info msg="Tool required for debug" tool="arduino:arduinoOTA@1.3.0"
2026-02-04 17:06:47 2026-02-04T17:06:47.081Z daemon INFO time="2026-02-04T17:06:47Z" level=info msg="Tool required for debug" tool="arduino:avrdude@8.0.0-arduino1"
time="2026-02-04T17:06:47Z" level=info msg="Tool required for debug" tool="builtin:mdns-discovery@1.0.12"
time="2026-02-04T17:06:47Z" level=info msg="Tool required for debug" tool="arduino:avr-gcc@7.3.0-atmel3.6.1-arduino7"
2026-02-04 17:06:47 2026-02-04T17:06:47.083Z daemon INFO time="2026-02-04T17:06:47Z" level=info msg="Tool required for debug" tool="arduino:dfu-util@0.11.0-arduino5"
time="2026-02-04T17:06:47Z" level=info msg="Tool required for debug" tool="esp32:esp-rv32@2511"
time="2026-02-04T17:06:47Z" level=info msg="Tool required for debug" tool="esp32:esp-x32@2511"
2026-02-04 17:06:47 2026-02-04T17:06:47.083Z daemon INFO time="2026-02-04T17:06:47Z" level=info msg="Tool required for debug" tool="esp32:esp32-libs@3.3.6"
time="2026-02-04T17:06:47Z" level=info msg="Tool required for debug" tool="esp32:esp32c3-libs@3.3.6"
time="2026-02-04T17:06:47Z" level=info msg="Tool required for debug" tool="esp32:esp32c5-libs@3.3.6"
time="2026-02-04T17:06:47Z" level=info msg="Tool required for debug" tool="esp32:esp32c6-libs@3.3.6"
time="2026-02-04T17:06:47Z" level=info msg="Tool required for debug" tool="esp32:esp32h2-libs@3.3.6"
2026-02-04 17:06:47 2026-02-04T17:06:47.083Z daemon INFO time="2026-02-04T17:06:47Z" level=info msg="Tool required for debug" tool="esp32:esp32p4-libs@3.3.6"
time="2026-02-04T17:06:47Z" level=info msg="Tool required for debug" tool="esp32:esp32p4_es-libs@3.3.6"
time="2026-02-04T17:06:47Z" level=info msg="Tool required for debug" tool="esp32:esp32s2-libs@3.3.6"
time="2026-02-04T17:06:47Z" level=info msg="Tool required for debug" tool="esp32:esp32s3-libs@3.3.6"
time="2026-02-04T17:06:47Z" level=info msg="Tool required for debug" tool="esp32:esptool_py@5.1.0"
2026-02-04 17:06:47 2026-02-04T17:06:47.083Z daemon INFO time="2026-02-04T17:06:47Z" level=info msg="Tool required for debug" tool="esp32:mklittlefs@4.0.2-db0513a"
time="2026-02-04T17:06:47Z" level=info msg="Tool required for debug" tool="esp32:mkspiffs@0.2.3"
time="2026-02-04T17:06:47Z" level=info msg="Tool required for debug" tool="esp32:openocd-esp32@v0.12.0-esp32-20251215"
time="2026-02-04T17:06:47Z" level=info msg="Tool required for debug" tool="esp32:riscv32-esp-elf-gdb@16.3_20250913"
2026-02-04 17:06:47 2026-02-04T17:06:47.083Z daemon INFO time="2026-02-04T17:06:47Z" level=info msg="Tool required for debug" tool="esp32:xtensa-esp-elf-gdb@16.3_20250913"
time="2026-02-04T17:06:47Z" level=info msg="Tool required for debug" tool="builtin:serial-monitor@0.15.0"
time="2026-02-04T17:06:47Z" level=info msg="Tool required for debug" tool="builtin:ctags@5.8-arduino11"
2026-02-04 17:06:47 2026-02-04T17:06:47.083Z daemon INFO time="2026-02-04T17:06:47Z" level=info msg="Tool required for debug" tool="builtin:dfu-discovery@0.1.2"
time="2026-02-04T17:06:47Z" level=info msg="Tool required for debug" tool="builtin:serial-discovery@1.4.3"
2026-02-04 17:06:47 2026-02-04T17:06:47.083Z daemon INFO time="2026-02-04T17:06:47Z" level=info msg="Tool required for debug" tool="arduino:arduinoOTA@1.3.0"
time="2026-02-04T17:06:47Z" level=info msg="Tool required for debug" tool="arduino:avrdude@8.0.0-arduino1"
time="2026-02-04T17:06:47Z" level=info msg="Tool required for debug" tool="builtin:mdns-discovery@1.0.12"
2026-02-04 17:06:47 2026-02-04T17:06:47.083Z daemon INFO time="2026-02-04T17:06:47Z" level=info msg="Tool required for debug" tool="arduino:avr-gcc@7.3.0-atmel3.6.1-arduino7"
2026-02-04 17:06:47 2026-02-04T17:06:47.084Z daemon INFO time="2026-02-04T17:06:47Z" level=info msg="Tool required for debug" tool="arduino:dfu-util@0.11.0-arduino5"
time="2026-02-04T17:06:47Z" level=info msg="Tool required for debug" tool="esp32:esp-rv32@2511"
time="2026-02-04T17:06:47Z" level=info msg="Tool required for debug" tool="esp32:esp-x32@2511"
2026-02-04 17:06:47 2026-02-04T17:06:47.084Z daemon INFO time="2026-02-04T17:06:47Z" level=info msg="Tool required for debug" tool="esp32:esp32-libs@3.3.6"
time="2026-02-04T17:06:47Z" level=info msg="Tool required for debug" tool="esp32:esp32c3-libs@3.3.6"
time="2026-02-04T17:06:47Z" level=info msg="Tool required for debug" tool="esp32:esp32c5-libs@3.3.6"
time="2026-02-04T17:06:47Z" level=info msg="Tool required for debug" tool="esp32:esp32c6-libs@3.3.6"
time="2026-02-04T17:06:47Z" level=info msg="Tool required for debug" tool="esp32:esp32h2-libs@3.3.6"
time="2026-02-04T17:06:47Z" level=info msg="Tool required for debug" tool="esp32:esp32p4-libs@3.3.6"
2026-02-04 17:06:47 2026-02-04T17:06:47.084Z daemon INFO time="2026-02-04T17:06:47Z" level=info msg="Tool required for debug" tool="esp32:esp32p4_es-libs@3.3.6"
time="2026-02-04T17:06:47Z" level=info msg="Tool required for debug" tool="esp32:esp32s2-libs@3.3.6"
time="2026-02-04T17:06:47Z" level=info msg="Tool required for debug" tool="esp32:esp32s3-libs@3.3.6"
time="2026-02-04T17:06:47Z" level=info msg="Tool required for debug" tool="esp32:esptool_py@5.1.0"
time="2026-02-04T17:06:47Z" level=info msg="Tool required for debug" tool="esp32:mklittlefs@4.0.2-db0513a"
2026-02-04 17:06:47 2026-02-04T17:06:47.084Z daemon INFO time="2026-02-04T17:06:47Z" level=info msg="Tool required for debug" tool="esp32:mkspiffs@0.2.3"
time="2026-02-04T17:06:47Z" level=info msg="Tool required for debug" tool="esp32:openocd-esp32@v0.12.0-esp32-20251215"
time="2026-02-04T17:06:47Z" level=info msg="Tool required for debug" tool="esp32:riscv32-esp-elf-gdb@16.3_20250913"
time="2026-02-04T17:06:47Z" level=info msg="Tool required for debug" tool="esp32:xtensa-esp-elf-gdb@16.3_20250913"
2026-02-04 17:06:47 2026-02-04T17:06:47.084Z daemon INFO time="2026-02-04T17:06:47Z" level=info msg="Tool required for debug" tool="builtin:serial-monitor@0.15.0"
time="2026-02-04T17:06:47Z" level=info msg="Tool required for debug" tool="arduino:avrdude@8.0.0-arduino1"
time="2026-02-04T17:06:47Z" level=info msg="Tool required for debug" tool="arduino:avr-gcc@7.3.0-atmel3.6.1-arduino7"
time="2026-02-04T17:06:47Z" level=info msg="Tool required for debug" tool="builtin:ctags@5.8-arduino11"
2026-02-04 17:06:47 2026-02-04T17:06:47.084Z daemon INFO time="2026-02-04T17:06:47Z" level=info msg="Tool required for debug" tool="builtin:dfu-discovery@0.1.2"
time="2026-02-04T17:06:47Z" level=info msg="Tool required for debug" tool="arduino:arduinoOTA@1.3.0"
time="2026-02-04T17:06:47Z" level=info msg="Tool required for debug" tool="builtin:mdns-discovery@1.0.12"
2026-02-04 17:06:47 2026-02-04T17:06:47.084Z daemon INFO time="2026-02-04T17:06:47Z" level=info msg="Tool required for debug" tool="builtin:serial-discovery@1.4.3"
2026-02-04 17:06:47 2026-02-04T17:06:47.086Z daemon INFO time="2026-02-04T17:06:47Z" level=info msg="Tool required for debug" tool="arduino:dfu-util@0.11.0-arduino5"
time="2026-02-04T17:06:47Z" level=info msg="Tool required for debug" tool="esp32:esp-rv32@2511"
2026-02-04 17:06:47 2026-02-04T17:06:47.086Z daemon INFO time="2026-02-04T17:06:47Z" level=info msg="Tool required for debug" tool="esp32:esp-x32@2511"
time="2026-02-04T17:06:47Z" level=info msg="Tool required for debug" tool="esp32:esp32-libs@3.3.6"
time="2026-02-04T17:06:47Z" level=info msg="Tool required for debug" tool="esp32:esp32c3-libs@3.3.6"
time="2026-02-04T17:06:47Z" level=info msg="Tool required for debug" tool="esp32:esp32c5-libs@3.3.6"
2026-02-04 17:06:47 2026-02-04T17:06:47.086Z daemon INFO time="2026-02-04T17:06:47Z" level=info msg="Tool required for debug" tool="esp32:esp32c6-libs@3.3.6"
time="2026-02-04T17:06:47Z" level=info msg="Tool required for debug" tool="esp32:esp32h2-libs@3.3.6"
2026-02-04 17:06:47 2026-02-04T17:06:47.086Z daemon INFO time="2026-02-04T17:06:47Z" level=info msg="Tool required for debug" tool="esp32:esp32p4-libs@3.3.6"
time="2026-02-04T17:06:47Z" level=info msg="Tool required for debug" tool="esp32:esp32p4_es-libs@3.3.6"
time="2026-02-04T17:06:47Z" level=info msg="Tool required for debug" tool="esp32:esp32s2-libs@3.3.6"
2026-02-04 17:06:47 2026-02-04T17:06:47.086Z daemon INFO time="2026-02-04T17:06:47Z" level=info msg="Tool required for debug" tool="esp32:esp32s3-libs@3.3.6"
time="2026-02-04T17:06:47Z" level=info msg="Tool required for debug" tool="esp32:esptool_py@5.1.0"
2026-02-04 17:06:47 2026-02-04T17:06:47.086Z daemon INFO time="2026-02-04T17:06:47Z" level=info msg="Tool required for debug" tool="esp32:mklittlefs@4.0.2-db0513a"
time="2026-02-04T17:06:47Z" level=info msg="Tool required for debug" tool="esp32:mkspiffs@0.2.3"
2026-02-04 17:06:47 2026-02-04T17:06:47.086Z daemon INFO time="2026-02-04T17:06:47Z" level=info msg="Tool required for debug" tool="esp32:openocd-esp32@v0.12.0-esp32-20251215"
time="2026-02-04T17:06:47Z" level=info msg="Tool required for debug" tool="esp32:riscv32-esp-elf-gdb@16.3_20250913"
time="2026-02-04T17:06:47Z" level=info msg="Tool required for debug" tool="esp32:xtensa-esp-elf-gdb@16.3_20250913"
2026-02-04 17:06:47 2026-02-04T17:06:47.086Z daemon INFO time="2026-02-04T17:06:47Z" level=info msg="Tool required for debug" tool="builtin:ctags@5.8-arduino11"
time="2026-02-04T17:06:47Z" level=info msg="Tool required for debug" tool="builtin:serial-discovery@1.4.3"
2026-02-04 17:06:47 2026-02-04T17:06:47.086Z daemon INFO time="2026-02-04T17:06:47Z" level=info msg="Tool required for debug" tool="arduino:avrdude@8.0.0-arduino1"
time="2026-02-04T17:06:47Z" level=info msg="Tool required for debug" tool="arduino:avr-gcc@7.3.0-atmel3.6.1-arduino7"
time="2026-02-04T17:06:47Z" level=info msg="Tool required for debug" tool="arduino:arduinoOTA@1.3.0"
time="2026-02-04T17:06:47Z" level=info msg="Tool required for debug" tool="builtin:dfu-discovery@0.1.2"
2026-02-04 17:06:47 2026-02-04T17:06:47.086Z daemon INFO time="2026-02-04T17:06:47Z" level=info msg="Tool required for debug" tool="builtin:mdns-discovery@1.0.12"
time="2026-02-04T17:06:47Z" level=info msg="Tool required for debug" tool="builtin:serial-monitor@0.15.0"
2026-02-04 17:06:47 2026-02-04T17:06:47.088Z daemon INFO time="2026-02-04T17:06:47Z" level=info msg="Tool required for debug" tool="arduino:dfu-util@0.11.0-arduino5"
time="2026-02-04T17:06:47Z" level=info msg="Tool required for debug" tool="esp32:esp-rv32@2511"
time="2026-02-04T17:06:47Z" level=info msg="Tool required for debug" tool="esp32:esp-x32@2511"
2026-02-04 17:06:47 2026-02-04T17:06:47.088Z daemon INFO time="2026-02-04T17:06:47Z" level=info msg="Tool required for debug" tool="esp32:esp32-libs@3.3.6"
time="2026-02-04T17:06:47Z" level=info msg="Tool required for debug" tool="esp32:esp32c3-libs@3.3.6"
time="2026-02-04T17:06:47Z" level=info msg="Tool required for debug" tool="esp32:esp32c5-libs@3.3.6"
time="2026-02-04T17:06:47Z" level=info msg="Tool required for debug" tool="esp32:esp32c6-libs@3.3.6"
time="2026-02-04T17:06:47Z" level=info msg="Tool required for debug" tool="esp32:esp32h2-libs@3.3.6"
time="2026-02-04T17:06:47Z" level=info msg="Tool required for debug" tool="esp32:esp32p4-libs@3.3.6"
time="2026-02-04T17:06:47Z" level=info msg="Tool required for debug" tool="esp32:esp32p4_es-libs@3.3.6"
time="2026-02-04T17:06:47Z" level=info msg="Tool required for debug" tool="esp32:esp32s2-libs@3.3.6"
time="2026-02-04T17:06:47Z" level=info msg="Tool required for debug" tool="esp32:esp32s3-libs@3.3.6"
time="2026-02-04T17:06:47Z" level=info msg="Tool required for debug" tool="esp32:esptool_py@5.1.0"
2026-02-04 17:06:47 2026-02-04T17:06:47.088Z daemon INFO time="2026-02-04T17:06:47Z" level=info msg="Tool required for debug" tool="esp32:mklittlefs@4.0.2-db0513a"
time="2026-02-04T17:06:47Z" level=info msg="Tool required for debug" tool="esp32:mkspiffs@0.2.3"
time="2026-02-04T17:06:47Z" level=info msg="Tool required for debug" tool="esp32:openocd-esp32@v0.12.0-esp32-20251215"
time="2026-02-04T17:06:47Z" level=info msg="Tool required for debug" tool="esp32:riscv32-esp-elf-gdb@16.3_20250913"
time="2026-02-04T17:06:47Z" level=info msg="Tool required for debug" tool="esp32:xtensa-esp-elf-gdb@16.3_20250913"
time="2026-02-04T17:06:47Z" level=info msg="Tool required for debug" tool="builtin:dfu-discovery@0.1.2"
2026-02-04 17:06:47 2026-02-04T17:06:47.088Z daemon INFO time="2026-02-04T17:06:47Z" level=info msg="Tool required for debug" tool="builtin:mdns-discovery@1.0.12"
time="2026-02-04T17:06:47Z" level=info msg="Tool required for debug" tool="builtin:ctags@5.8-arduino11"
time="2026-02-04T17:06:47Z" level=info msg="Tool required for debug" tool="arduino:avr-gcc@7.3.0-atmel3.6.1-arduino7"
2026-02-04 17:06:47 2026-02-04T17:06:47.088Z daemon INFO time="2026-02-04T17:06:47Z" level=info msg="Tool required for debug" tool="arduino:arduinoOTA@1.3.0"
time="2026-02-04T17:06:47Z" level=info msg="Tool required for debug" tool="builtin:serial-monitor@0.15.0"
time="2026-02-04T17:06:47Z" level=info msg="Tool required for debug" tool="builtin:serial-discovery@1.4.3"
2026-02-04 17:06:47 2026-02-04T17:06:47.088Z daemon INFO time="2026-02-04T17:06:47Z" level=info msg="Tool required for debug" tool="arduino:avrdude@8.0.0-arduino1"
2026-02-04 17:06:47 2026-02-04T17:06:47.089Z daemon INFO time="2026-02-04T17:06:47Z" level=info msg="Tool required for debug" tool="arduino:dfu-util@0.11.0-arduino5"
time="2026-02-04T17:06:47Z" level=info msg="Tool required for debug" tool="esp32:esp-rv32@2511"
2026-02-04 17:06:47 2026-02-04T17:06:47.089Z daemon INFO time="2026-02-04T17:06:47Z" level=info msg="Tool required for debug" tool="esp32:esp-x32@2511"
time="2026-02-04T17:06:47Z" level=info msg="Tool required for debug" tool="esp32:esp32-libs@3.3.6"
time="2026-02-04T17:06:47Z" level=info msg="Tool required for debug" tool="esp32:esp32c3-libs@3.3.6"
time="2026-02-04T17:06:47Z" level=info msg="Tool required for debug" tool="esp32:esp32c5-libs@3.3.6"
2026-02-04 17:06:47 2026-02-04T17:06:47.089Z daemon INFO time="2026-02-04T17:06:47Z" level=info msg="Tool required for debug" tool="esp32:esp32c6-libs@3.3.6"
time="2026-02-04T17:06:47Z" level=info msg="Tool required for debug" tool="esp32:esp32h2-libs@3.3.6"
time="2026-02-04T17:06:47Z" level=info msg="Tool required for debug" tool="esp32:esp32p4-libs@3.3.6"
2026-02-04 17:06:47 2026-02-04T17:06:47.089Z daemon INFO time="2026-02-04T17:06:47Z" level=info msg="Tool required for debug" tool="esp32:esp32p4_es-libs@3.3.6"
time="2026-02-04T17:06:47Z" level=info msg="Tool required for debug" tool="esp32:esp32s2-libs@3.3.6"
time="2026-02-04T17:06:47Z" level=info msg="Tool required for debug" tool="esp32:esp32s3-libs@3.3.6"
2026-02-04 17:06:47 2026-02-04T17:06:47.089Z daemon INFO time="2026-02-04T17:06:47Z" level=info msg="Tool required for debug" tool="esp32:esptool_py@5.1.0"
time="2026-02-04T17:06:47Z" level=info msg="Tool required for debug" tool="esp32:mklittlefs@4.0.2-db0513a"
time="2026-02-04T17:06:47Z" level=info msg="Tool required for debug" tool="esp32:mkspiffs@0.2.3"
2026-02-04 17:06:47 2026-02-04T17:06:47.089Z daemon INFO time="2026-02-04T17:06:47Z" level=info msg="Tool required for debug" tool="esp32:openocd-esp32@v0.12.0-esp32-20251215"
time="2026-02-04T17:06:47Z" level=info msg="Tool required for debug" tool="esp32:riscv32-esp-elf-gdb@16.3_20250913"
time="2026-02-04T17:06:47Z" level=info msg="Tool required for debug" tool="esp32:xtensa-esp-elf-gdb@16.3_20250913"
2026-02-04 17:06:47 2026-02-04T17:06:47.089Z daemon INFO time="2026-02-04T17:06:47Z" level=info msg="Tool required for debug" tool="arduino:avr-gcc@7.3.0-atmel3.6.1-arduino7"
time="2026-02-04T17:06:47Z" level=info msg="Tool required for debug" tool="builtin:serial-monitor@0.15.0"
2026-02-04 17:06:47 2026-02-04T17:06:47.089Z daemon INFO time="2026-02-04T17:06:47Z" level=info msg="Tool required for debug" tool="builtin:ctags@5.8-arduino11"
2026-02-04 17:06:47 2026-02-04T17:06:47.089Z daemon INFO time="2026-02-04T17:06:47Z" level=info msg="Tool required for debug" tool="builtin:dfu-discovery@0.1.2"
time="2026-02-04T17:06:47Z" level=info msg="Tool required for debug" tool="builtin:mdns-discovery@1.0.12"
2026-02-04 17:06:47 2026-02-04T17:06:47.089Z daemon INFO time="2026-02-04T17:06:47Z" level=info msg="Tool required for debug" tool="arduino:arduinoOTA@1.3.0"
time="2026-02-04T17:06:47Z" level=info msg="Tool required for debug" tool="builtin:serial-discovery@1.4.3"
2026-02-04 17:06:47 2026-02-04T17:06:47.089Z daemon INFO time="2026-02-04T17:06:47Z" level=info msg="Tool required for debug" tool="arduino:avrdude@8.0.0-arduino1"
2026-02-04 17:06:47 2026-02-04T17:06:47.091Z daemon INFO time="2026-02-04T17:06:47Z" level=info msg="Tool required for debug" tool="arduino:dfu-util@0.11.0-arduino5"
time="2026-02-04T17:06:47Z" level=info msg="Tool required for debug" tool="esp32:esp-rv32@2511"
time="2026-02-04T17:06:47Z" level=info msg="Tool required for debug" tool="esp32:esp-x32@2511"
2026-02-04 17:06:47 2026-02-04T17:06:47.091Z daemon INFO time="2026-02-04T17:06:47Z" level=info msg="Tool required for debug" tool="esp32:esp32-libs@3.3.6"
time="2026-02-04T17:06:47Z" level=info msg="Tool required for debug" tool="esp32:esp32c3-libs@3.3.6"
time="2026-02-04T17:06:47Z" level=info msg="Tool required for debug" tool="esp32:esp32c5-libs@3.3.6"
time="2026-02-04T17:06:47Z" level=info msg="Tool required for debug" tool="esp32:esp32c6-libs@3.3.6"
time="2026-02-04T17:06:47Z" level=info msg="Tool required for debug" tool="esp32:esp32h2-libs@3.3.6"
time="2026-02-04T17:06:47Z" level=info msg="Tool required for debug" tool="esp32:esp32p4-libs@3.3.6"
time="2026-02-04T17:06:47Z" level=info msg="Tool required for debug" tool="esp32:esp32p4_es-libs@3.3.6"
time="2026-02-04T17:06:47Z" level=info msg="Tool required for debug" tool="esp32:esp32s2-libs@3.3.6"
time="2026-02-04T17:06:47Z" level=info msg="Tool required for debug" tool="esp32:esp32s3-libs@3.3.6"
time="2026-02-04T17:06:47Z" level=info msg="Tool required for debug" tool="esp32:esptool_py@5.1.0"
2026-02-04 17:06:47 2026-02-04T17:06:47.091Z daemon INFO time="2026-02-04T17:06:47Z" level=info msg="Tool required for debug" tool="esp32:mklittlefs@4.0.2-db0513a"
time="2026-02-04T17:06:47Z" level=info msg="Tool required for debug" tool="esp32:mkspiffs@0.2.3"
time="2026-02-04T17:06:47Z" level=info msg="Tool required for debug" tool="esp32:openocd-esp32@v0.12.0-esp32-20251215"
time="2026-02-04T17:06:47Z" level=info msg="Tool required for debug" tool="esp32:riscv32-esp-elf-gdb@16.3_20250913"
time="2026-02-04T17:06:47Z" level=info msg="Tool required for debug" tool="esp32:xtensa-esp-elf-gdb@16.3_20250913"
time="2026-02-04T17:06:47Z" level=info msg="Tool required for debug" tool="builtin:dfu-discovery@0.1.2"
2026-02-04 17:06:47 2026-02-04T17:06:47.091Z daemon INFO time="2026-02-04T17:06:47Z" level=info msg="Tool required for debug" tool="arduino:arduinoOTA@1.3.0"
time="2026-02-04T17:06:47Z" level=info msg="Tool required for debug" tool="arduino:avr-gcc@7.3.0-atmel3.6.1-arduino7"
time="2026-02-04T17:06:47Z" level=info msg="Tool required for debug" tool="builtin:mdns-discovery@1.0.12"
time="2026-02-04T17:06:47Z" level=info msg="Tool required for debug" tool="builtin:ctags@5.8-arduino11"
2026-02-04 17:06:47 2026-02-04T17:06:47.091Z daemon INFO time="2026-02-04T17:06:47Z" level=info msg="Tool required for debug" tool="builtin:serial-discovery@1.4.3"
time="2026-02-04T17:06:47Z" level=info msg="Tool required for debug" tool="arduino:avrdude@8.0.0-arduino1"
2026-02-04 17:06:47 2026-02-04T17:06:47.091Z daemon INFO time="2026-02-04T17:06:47Z" level=info msg="Tool required for debug" tool="builtin:serial-monitor@0.15.0"
2026-02-04 17:06:47 2026-02-04T17:06:47.093Z daemon INFO time="2026-02-04T17:06:47Z" level=info msg="Tool required for debug" tool="arduino:dfu-util@0.11.0-arduino5"
time="2026-02-04T17:06:47Z" level=info msg="Tool required for debug" tool="esp32:esp-rv32@2511"
2026-02-04 17:06:47 2026-02-04T17:06:47.093Z daemon INFO time="2026-02-04T17:06:47Z" level=info msg="Tool required for debug" tool="esp32:esp-x32@2511"
time="2026-02-04T17:06:47Z" level=info msg="Tool required for debug" tool="esp32:esp32-libs@3.3.6"
time="2026-02-04T17:06:47Z" level=info msg="Tool required for debug" tool="esp32:esp32c3-libs@3.3.6"
time="2026-02-04T17:06:47Z" level=info msg="Tool required for debug" tool="esp32:esp32c5-libs@3.3.6"
time="2026-02-04T17:06:47Z" level=info msg="Tool required for debug" tool="esp32:esp32c6-libs@3.3.6"
time="2026-02-04T17:06:47Z" level=info msg="Tool required for debug" tool="esp32:esp32h2-libs@3.3.6"
time="2026-02-04T17:06:47Z" level=info msg="Tool required for debug" tool="esp32:esp32p4-libs@3.3.6"
time="2026-02-04T17:06:47Z" level=info msg="Tool required for debug" tool="esp32:esp32p4_es-libs@3.3.6"
time="2026-02-04T17:06:47Z" level=info msg="Tool required for debug" tool="esp32:esp32s2-libs@3.3.6"
time="2026-02-04T17:06:47Z" level=info msg="Tool required for debug" tool="esp32:esp32s3-libs@3.3.6"
2026-02-04 17:06:47 2026-02-04T17:06:47.093Z daemon INFO time="2026-02-04T17:06:47Z" level=info msg="Tool required for debug" tool="esp32:esptool_py@5.1.0"
time="2026-02-04T17:06:47Z" level=info msg="Tool required for debug" tool="esp32:mklittlefs@4.0.2-db0513a"
time="2026-02-04T17:06:47Z" level=info msg="Tool required for debug" tool="esp32:mkspiffs@0.2.3"
time="2026-02-04T17:06:47Z" level=info msg="Tool required for debug" tool="esp32:openocd-esp32@v0.12.0-esp32-20251215"
time="2026-02-04T17:06:47Z" level=info msg="Tool required for debug" tool="esp32:riscv32-esp-elf-gdb@16.3_20250913"
2026-02-04 17:06:47 2026-02-04T17:06:47.093Z daemon INFO time="2026-02-04T17:06:47Z" level=info msg="Tool required for debug" tool="esp32:xtensa-esp-elf-gdb@16.3_20250913"
time="2026-02-04T17:06:47Z" level=info msg="Tool required for debug" tool="builtin:ctags@5.8-arduino11"
time="2026-02-04T17:06:47Z" level=info msg="Tool required for debug" tool="builtin:dfu-discovery@0.1.2"
2026-02-04 17:06:47 2026-02-04T17:06:47.093Z daemon INFO time="2026-02-04T17:06:47Z" level=info msg="Tool required for debug" tool="builtin:serial-discovery@1.4.3"
time="2026-02-04T17:06:47Z" level=info msg="Tool required for debug" tool="arduino:arduinoOTA@1.3.0"
2026-02-04 17:06:47 2026-02-04T17:06:47.093Z daemon INFO time="2026-02-04T17:06:47Z" level=info msg="Tool required for debug" tool="arduino:avrdude@8.0.0-arduino1"
time="2026-02-04T17:06:47Z" level=info msg="Tool required for debug" tool="builtin:serial-monitor@0.15.0"
time="2026-02-04T17:06:47Z" level=info msg="Tool required for debug" tool="builtin:mdns-discovery@1.0.12"
2026-02-04 17:06:47 2026-02-04T17:06:47.093Z daemon INFO time="2026-02-04T17:06:47Z" level=info msg="Tool required for debug" tool="arduino:avr-gcc@7.3.0-atmel3.6.1-arduino7"
2026-02-04 17:06:47 2026-02-04T17:06:47.095Z daemon INFO time="2026-02-04T17:06:47Z" level=info msg="Tool required for debug" tool="arduino:dfu-util@0.11.0-arduino5"
time="2026-02-04T17:06:47Z" level=info msg="Tool required for debug" tool="esp32:esp-rv32@2511"
2026-02-04 17:06:47 2026-02-04T17:06:47.095Z daemon INFO time="2026-02-04T17:06:47Z" level=info msg="Tool required for debug" tool="esp32:esp-x32@2511"
time="2026-02-04T17:06:47Z" level=info msg="Tool required for debug" tool="esp32:esp32-libs@3.3.6"
time="2026-02-04T17:06:47Z" level=info msg="Tool required for debug" tool="esp32:esp32c3-libs@3.3.6"
time="2026-02-04T17:06:47Z" level=info msg="Tool required for debug" tool="esp32:esp32c5-libs@3.3.6"
time="2026-02-04T17:06:47Z" level=info msg="Tool required for debug" tool="esp32:esp32c6-libs@3.3.6"
2026-02-04 17:06:47 2026-02-04T17:06:47.095Z daemon INFO time="2026-02-04T17:06:47Z" level=info msg="Tool required for debug" tool="esp32:esp32h2-libs@3.3.6"
time="2026-02-04T17:06:47Z" level=info msg="Tool required for debug" tool="esp32:esp32p4-libs@3.3.6"
time="2026-02-04T17:06:47Z" level=info msg="Tool required for debug" tool="esp32:esp32p4_es-libs@3.3.6"
time="2026-02-04T17:06:47Z" level=info msg="Tool required for debug" tool="esp32:esp32s2-libs@3.3.6"
time="2026-02-04T17:06:47Z" level=info msg="Tool required for debug" tool="esp32:esp32s3-libs@3.3.6"
time="2026-02-04T17:06:47Z" level=info msg="Tool required for debug" tool="esp32:esptool_py@5.1.0"
time="2026-02-04T17:06:47Z" level=info msg="Tool required for debug" tool="esp32:mklittlefs@4.0.2-db0513a"
time="2026-02-04T17:06:47Z" level=info msg="Tool required for debug" tool="esp32:mkspiffs@0.2.3"
2026-02-04 17:06:47 2026-02-04T17:06:47.095Z daemon INFO time="2026-02-04T17:06:47Z" level=info msg="Tool required for debug" tool="esp32:openocd-esp32@v0.12.0-esp32-20251215"
time="2026-02-04T17:06:47Z" level=info msg="Tool required for debug" tool="esp32:riscv32-esp-elf-gdb@16.3_20250913"
time="2026-02-04T17:06:47Z" level=info msg="Tool required for debug" tool="esp32:xtensa-esp-elf-gdb@16.3_20250913"
time="2026-02-04T17:06:47Z" level=info msg="Tool required for debug" tool="builtin:serial-monitor@0.15.0"
2026-02-04 17:06:47 2026-02-04T17:06:47.095Z daemon INFO time="2026-02-04T17:06:47Z" level=info msg="Tool required for debug" tool="builtin:mdns-discovery@1.0.12"
time="2026-02-04T17:06:47Z" level=info msg="Tool required for debug" tool="arduino:avr-gcc@7.3.0-atmel3.6.1-arduino7"
time="2026-02-04T17:06:47Z" level=info msg="Tool required for debug" tool="arduino:avrdude@8.0.0-arduino1"
2026-02-04 17:06:47 2026-02-04T17:06:47.095Z daemon INFO time="2026-02-04T17:06:47Z" level=info msg="Tool required for debug" tool="builtin:serial-discovery@1.4.3"
time="2026-02-04T17:06:47Z" level=info msg="Tool required for debug" tool="builtin:ctags@5.8-arduino11"
2026-02-04 17:06:47 2026-02-04T17:06:47.095Z daemon INFO time="2026-02-04T17:06:47Z" level=info msg="Tool required for debug" tool="arduino:arduinoOTA@1.3.0"
time="2026-02-04T17:06:47Z" level=info msg="Tool required for debug" tool="builtin:dfu-discovery@0.1.2"
2026-02-04 17:06:47 2026-02-04T17:06:47.096Z daemon INFO time="2026-02-04T17:06:47Z" level=info msg="Tool required for debug" tool="arduino:dfu-util@0.11.0-arduino5"
time="2026-02-04T17:06:47Z" level=info msg="Tool required for debug" tool="esp32:esp-rv32@2511"
2026-02-04 17:06:47 2026-02-04T17:06:47.096Z daemon INFO time="2026-02-04T17:06:47Z" level=info msg="Tool required for debug" tool="esp32:esp-x32@2511"
time="2026-02-04T17:06:47Z" level=info msg="Tool required for debug" tool="esp32:esp32-libs@3.3.6"
time="2026-02-04T17:06:47Z" level=info msg="Tool required for debug" tool="esp32:esp32c3-libs@3.3.6"
time="2026-02-04T17:06:47Z" level=info msg="Tool required for debug" tool="esp32:esp32c5-libs@3.3.6"
2026-02-04 17:06:47 2026-02-04T17:06:47.096Z daemon INFO time="2026-02-04T17:06:47Z" level=info msg="Tool required for debug" tool="esp32:esp32c6-libs@3.3.6"
time="2026-02-04T17:06:47Z" level=info msg="Tool required for debug" tool="esp32:esp32h2-libs@3.3.6"
time="2026-02-04T17:06:47Z" level=info msg="Tool required for debug" tool="esp32:esp32p4-libs@3.3.6"
2026-02-04 17:06:47 2026-02-04T17:06:47.096Z daemon INFO time="2026-02-04T17:06:47Z" level=info msg="Tool required for debug" tool="esp32:esp32p4_es-libs@3.3.6"
time="2026-02-04T17:06:47Z" level=info msg="Tool required for debug" tool="esp32:esp32s2-libs@3.3.6"
time="2026-02-04T17:06:47Z" level=info msg="Tool required for debug" tool="esp32:esp32s3-libs@3.3.6"
2026-02-04 17:06:47 2026-02-04T17:06:47.096Z daemon INFO time="2026-02-04T17:06:47Z" level=info msg="Tool required for debug" tool="esp32:esptool_py@5.1.0"
time="2026-02-04T17:06:47Z" level=info msg="Tool required for debug" tool="esp32:mklittlefs@4.0.2-db0513a"
time="2026-02-04T17:06:47Z" level=info msg="Tool required for debug" tool="esp32:mkspiffs@0.2.3"
time="2026-02-04T17:06:47Z" level=info msg="Tool required for debug" tool="esp32:openocd-esp32@v0.12.0-esp32-20251215"
2026-02-04 17:06:47 2026-02-04T17:06:47.096Z daemon INFO time="2026-02-04T17:06:47Z" level=info msg="Tool required for debug" tool="esp32:riscv32-esp-elf-gdb@16.3_20250913"
time="2026-02-04T17:06:47Z" level=info msg="Tool required for debug" tool="esp32:xtensa-esp-elf-gdb@16.3_20250913"
time="2026-02-04T17:06:47Z" level=info msg="Tool required for debug" tool="builtin:serial-monitor@0.15.0"
2026-02-04 17:06:47 2026-02-04T17:06:47.096Z daemon INFO time="2026-02-04T17:06:47Z" level=info msg="Tool required for debug" tool="builtin:dfu-discovery@0.1.2"
2026-02-04 17:06:47 2026-02-04T17:06:47.096Z daemon INFO time="2026-02-04T17:06:47Z" level=info msg="Tool required for debug" tool="builtin:ctags@5.8-arduino11"
time="2026-02-04T17:06:47Z" level=info msg="Tool required for debug" tool="arduino:avr-gcc@7.3.0-atmel3.6.1-arduino7"
2026-02-04 17:06:47 2026-02-04T17:06:47.096Z daemon INFO time="2026-02-04T17:06:47Z" level=info msg="Tool required for debug" tool="arduino:arduinoOTA@1.3.0"
time="2026-02-04T17:06:47Z" level=info msg="Tool required for debug" tool="builtin:mdns-discovery@1.0.12"
2026-02-04 17:06:47 2026-02-04T17:06:47.096Z daemon INFO time="2026-02-04T17:06:47Z" level=info msg="Tool required for debug" tool="builtin:serial-discovery@1.4.3"
time="2026-02-04T17:06:47Z" level=info msg="Tool required for debug" tool="arduino:avrdude@8.0.0-arduino1"
2026-02-04 17:06:47 2026-02-04T17:06:47.098Z daemon INFO time="2026-02-04T17:06:47Z" level=info msg="Tool required for debug" tool="arduino:dfu-util@0.11.0-arduino5"
time="2026-02-04T17:06:47Z" level=info msg="Tool required for debug" tool="esp32:esp-rv32@2511"
time="2026-02-04T17:06:47Z" level=info msg="Tool required for debug" tool="esp32:esp-x32@2511"
2026-02-04 17:06:47 2026-02-04T17:06:47.098Z daemon INFO time="2026-02-04T17:06:47Z" level=info msg="Tool required for debug" tool="esp32:esp32-libs@3.3.6"
time="2026-02-04T17:06:47Z" level=info msg="Tool required for debug" tool="esp32:esp32c3-libs@3.3.6"
time="2026-02-04T17:06:47Z" level=info msg="Tool required for debug" tool="esp32:esp32c5-libs@3.3.6"
time="2026-02-04T17:06:47Z" level=info msg="Tool required for debug" tool="esp32:esp32c6-libs@3.3.6"
time="2026-02-04T17:06:47Z" level=info msg="Tool required for debug" tool="esp32:esp32h2-libs@3.3.6"
time="2026-02-04T17:06:47Z" level=info msg="Tool required for debug" tool="esp32:esp32p4-libs@3.3.6"
time="2026-02-04T17:06:47Z" level=info msg="Tool required for debug" tool="esp32:esp32p4_es-libs@3.3.6"
time="2026-02-04T17:06:47Z" level=info msg="Tool required for debug" tool="esp32:esp32s2-libs@3.3.6"
2026-02-04 17:06:47 2026-02-04T17:06:47.098Z daemon INFO time="2026-02-04T17:06:47Z" level=info msg="Tool required for debug" tool="esp32:esp32s3-libs@3.3.6"
time="2026-02-04T17:06:47Z" level=info msg="Tool required for debug" tool="esp32:esptool_py@5.1.0"
time="2026-02-04T17:06:47Z" level=info msg="Tool required for debug" tool="esp32:mklittlefs@4.0.2-db0513a"
time="2026-02-04T17:06:47Z" level=info msg="Tool required for debug" tool="esp32:mkspiffs@0.2.3"
time="2026-02-04T17:06:47Z" level=info msg="Tool required for debug" tool="esp32:openocd-esp32@v0.12.0-esp32-20251215"
2026-02-04 17:06:47 2026-02-04T17:06:47.098Z daemon INFO time="2026-02-04T17:06:47Z" level=info msg="Tool required for debug" tool="esp32:riscv32-esp-elf-gdb@16.3_20250913"
time="2026-02-04T17:06:47Z" level=info msg="Tool required for debug" tool="esp32:xtensa-esp-elf-gdb@16.3_20250913"
time="2026-02-04T17:06:47Z" level=info msg="Tool required for debug" tool="builtin:serial-discovery@1.4.3"
2026-02-04 17:06:47 2026-02-04T17:06:47.098Z daemon INFO time="2026-02-04T17:06:47Z" level=info msg="Tool required for debug" tool="arduino:avr-gcc@7.3.0-atmel3.6.1-arduino7"
time="2026-02-04T17:06:47Z" level=info msg="Tool required for debug" tool="builtin:serial-monitor@0.15.0"
2026-02-04 17:06:47 2026-02-04T17:06:47.098Z daemon INFO time="2026-02-04T17:06:47Z" level=info msg="Tool required for debug" tool="builtin:ctags@5.8-arduino11"
time="2026-02-04T17:06:47Z" level=info msg="Tool required for debug" tool="arduino:arduinoOTA@1.3.0"
2026-02-04 17:06:47 2026-02-04T17:06:47.098Z daemon INFO time="2026-02-04T17:06:47Z" level=info msg="Tool required for debug" tool="builtin:dfu-discovery@0.1.2"
time="2026-02-04T17:06:47Z" level=info msg="Tool required for debug" tool="builtin:mdns-discovery@1.0.12"
2026-02-04 17:06:47 2026-02-04T17:06:47.098Z daemon INFO time="2026-02-04T17:06:47Z" level=info msg="Tool required for debug" tool="arduino:avrdude@8.0.0-arduino1"
2026-02-04 17:06:47 2026-02-04T17:06:47.099Z daemon INFO time="2026-02-04T17:06:47Z" level=info msg="Tool required for debug" tool="arduino:dfu-util@0.11.0-arduino5"
time="2026-02-04T17:06:47Z" level=info msg="Tool required for debug" tool="esp32:esp-rv32@2511"
2026-02-04 17:06:47 2026-02-04T17:06:47.099Z daemon INFO time="2026-02-04T17:06:47Z" level=info msg="Tool required for debug" tool="esp32:esp-x32@2511"
time="2026-02-04T17:06:47Z" level=info msg="Tool required for debug" tool="esp32:esp32-libs@3.3.6"
time="2026-02-04T17:06:47Z" level=info msg="Tool required for debug" tool="esp32:esp32c3-libs@3.3.6"
time="2026-02-04T17:06:47Z" level=info msg="Tool required for debug" tool="esp32:esp32c5-libs@3.3.6"
2026-02-04 17:06:47 2026-02-04T17:06:47.099Z daemon INFO time="2026-02-04T17:06:47Z" level=info msg="Tool required for debug" tool="esp32:esp32c6-libs@3.3.6"
time="2026-02-04T17:06:47Z" level=info msg="Tool required for debug" tool="esp32:esp32h2-libs@3.3.6"
time="2026-02-04T17:06:47Z" level=info msg="Tool required for debug" tool="esp32:esp32p4-libs@3.3.6"
2026-02-04 17:06:47 2026-02-04T17:06:47.099Z daemon INFO time="2026-02-04T17:06:47Z" level=info msg="Tool required for debug" tool="esp32:esp32p4_es-libs@3.3.6"
time="2026-02-04T17:06:47Z" level=info msg="Tool required for debug" tool="esp32:esp32s2-libs@3.3.6"
time="2026-02-04T17:06:47Z" level=info msg="Tool required for debug" tool="esp32:esp32s3-libs@3.3.6"
2026-02-04 17:06:47 2026-02-04T17:06:47.100Z daemon INFO time="2026-02-04T17:06:47Z" level=info msg="Tool required for debug" tool="esp32:esptool_py@5.1.0"
time="2026-02-04T17:06:47Z" level=info msg="Tool required for debug" tool="esp32:mklittlefs@4.0.2-db0513a"
time="2026-02-04T17:06:47Z" level=info msg="Tool required for debug" tool="esp32:mkspiffs@0.2.3"
2026-02-04 17:06:47 2026-02-04T17:06:47.100Z daemon INFO time="2026-02-04T17:06:47Z" level=info msg="Tool required for debug" tool="esp32:openocd-esp32@v0.12.0-esp32-20251215"
time="2026-02-04T17:06:47Z" level=info msg="Tool required for debug" tool="esp32:riscv32-esp-elf-gdb@16.3_20250913"
time="2026-02-04T17:06:47Z" level=info msg="Tool required for debug" tool="esp32:xtensa-esp-elf-gdb@16.3_20250913"
2026-02-04 17:06:47 2026-02-04T17:06:47.100Z daemon INFO time="2026-02-04T17:06:47Z" level=info msg="Tool required for debug" tool="builtin:ctags@5.8-arduino11"
time="2026-02-04T17:06:47Z" level=info msg="Tool required for debug" tool="arduino:avr-gcc@7.3.0-atmel3.6.1-arduino7"
time="2026-02-04T17:06:47Z" level=info msg="Tool required for debug" tool="arduino:arduinoOTA@1.3.0"
2026-02-04 17:06:47 2026-02-04T17:06:47.100Z daemon INFO time="2026-02-04T17:06:47Z" level=info msg="Tool required for debug" tool="builtin:serial-discovery@1.4.3"
time="2026-02-04T17:06:47Z" level=info msg="Tool required for debug" tool="arduino:avrdude@8.0.0-arduino1"
2026-02-04 17:06:47 2026-02-04T17:06:47.100Z daemon INFO time="2026-02-04T17:06:47Z" level=info msg="Tool required for debug" tool="builtin:dfu-discovery@0.1.2"
time="2026-02-04T17:06:47Z" level=info msg="Tool required for debug" tool="builtin:serial-monitor@0.15.0"
2026-02-04 17:06:47 2026-02-04T17:06:47.100Z daemon INFO time="2026-02-04T17:06:47Z" level=info msg="Tool required for debug" tool="builtin:mdns-discovery@1.0.12"
2026-02-04 17:06:47 2026-02-04T17:06:47.101Z daemon INFO time="2026-02-04T17:06:47Z" level=info msg="Tool required for debug" tool="arduino:dfu-util@0.11.0-arduino5"
time="2026-02-04T17:06:47Z" level=info msg="Tool required for debug" tool="esp32:esp-rv32@2511"
2026-02-04 17:06:47 2026-02-04T17:06:47.101Z daemon INFO time="2026-02-04T17:06:47Z" level=info msg="Tool required for debug" tool="esp32:esp-x32@2511"
time="2026-02-04T17:06:47Z" level=info msg="Tool required for debug" tool="esp32:esp32-libs@3.3.6"
time="2026-02-04T17:06:47Z" level=info msg="Tool required for debug" tool="esp32:esp32c3-libs@3.3.6"
time="2026-02-04T17:06:47Z" level=info msg="Tool required for debug" tool="esp32:esp32c5-libs@3.3.6"
2026-02-04 17:06:47 2026-02-04T17:06:47.101Z daemon INFO time="2026-02-04T17:06:47Z" level=info msg="Tool required for debug" tool="esp32:esp32c6-libs@3.3.6"
time="2026-02-04T17:06:47Z" level=info msg="Tool required for debug" tool="esp32:esp32h2-libs@3.3.6"
time="2026-02-04T17:06:47Z" level=info msg="Tool required for debug" tool="esp32:esp32p4-libs@3.3.6"
2026-02-04 17:06:47 2026-02-04T17:06:47.101Z daemon INFO time="2026-02-04T17:06:47Z" level=info msg="Tool required for debug" tool="esp32:esp32p4_es-libs@3.3.6"
time="2026-02-04T17:06:47Z" level=info msg="Tool required for debug" tool="esp32:esp32s2-libs@3.3.6"
time="2026-02-04T17:06:47Z" level=info msg="Tool required for debug" tool="esp32:esp32s3-libs@3.3.6"
2026-02-04 17:06:47 2026-02-04T17:06:47.101Z daemon INFO time="2026-02-04T17:06:47Z" level=info msg="Tool required for debug" tool="esp32:esptool_py@5.1.0"
time="2026-02-04T17:06:47Z" level=info msg="Tool required for debug" tool="esp32:mklittlefs@4.0.2-db0513a"
time="2026-02-04T17:06:47Z" level=info msg="Tool required for debug" tool="esp32:mkspiffs@0.2.3"
2026-02-04 17:06:47 2026-02-04T17:06:47.101Z daemon INFO time="2026-02-04T17:06:47Z" level=info msg="Tool required for debug" tool="esp32:openocd-esp32@v0.12.0-esp32-20251215"
time="2026-02-04T17:06:47Z" level=info msg="Tool required for debug" tool="esp32:riscv32-esp-elf-gdb@16.3_20250913"
2026-02-04 17:06:47 2026-02-04T17:06:47.101Z daemon INFO time="2026-02-04T17:06:47Z" level=info msg="Tool required for debug" tool="esp32:xtensa-esp-elf-gdb@16.3_20250913"
time="2026-02-04T17:06:47Z" level=info msg="Tool required for debug" tool="builtin:serial-monitor@0.15.0"
2026-02-04 17:06:47 2026-02-04T17:06:47.101Z daemon INFO time="2026-02-04T17:06:47Z" level=info msg="Tool required for debug" tool="builtin:ctags@5.8-arduino11"
time="2026-02-04T17:06:47Z" level=info msg="Tool required for debug" tool="builtin:mdns-discovery@1.0.12"
2026-02-04 17:06:47 2026-02-04T17:06:47.101Z daemon INFO time="2026-02-04T17:06:47Z" level=info msg="Tool required for debug" tool="builtin:dfu-discovery@0.1.2"
2026-02-04 17:06:47 2026-02-04T17:06:47.101Z daemon INFO time="2026-02-04T17:06:47Z" level=info msg="Tool required for debug" tool="builtin:serial-discovery@1.4.3"
time="2026-02-04T17:06:47Z" level=info msg="Tool required for debug" tool="arduino:avrdude@8.0.0-arduino1"
2026-02-04 17:06:47 2026-02-04T17:06:47.101Z daemon INFO time="2026-02-04T17:06:47Z" level=info msg="Tool required for debug" tool="arduino:avr-gcc@7.3.0-atmel3.6.1-arduino7"
time="2026-02-04T17:06:47Z" level=info msg="Tool required for debug" tool="arduino:arduinoOTA@1.3.0"
2026-02-04 17:06:47 2026-02-04T17:06:47.204Z daemon INFO time="2026-02-04T17:06:47Z" level=error msg="Upload port detection failed, watcher closed" task=port_detection
2026-02-04 17:06:48 2026-02-04T17:06:48.043Z daemon INFO time="2026-02-04T17:06:48Z" level=info msg="Adding libraries dir" dir=/home/shrek/.arduino15/libraries isSingleLibrary=false location=ide
2026-02-04 17:06:48 2026-02-04T17:06:48.043Z daemon INFO time="2026-02-04T17:06:48Z" level=info msg="Adding libraries dir" dir=/home/shrek/.arduino15/packages/esp32/hardware/esp32/3.3.6/libraries isSingleLibrary=false location=platform
time="2026-02-04T17:06:48Z" level=info msg="Adding libraries dir" dir=/home/shrek/Arduino/libraries isSingleLibrary=false location=user
2026-02-04 17:07:06 2026-02-04T17:07:06.252Z root INFO Starting language server: esp32:esp32:esp32h2:UploadSpeed=921600,CDCOnBoot=default,FlashFreq=64,FlashMode=qio,FlashSize=4M,PartitionScheme=default,DebugLevel=none,EraseFlash=none,JTAGAdapter=default,ZigbeeMode=default
2026-02-04 17:07:06 2026-02-04T17:07:06.252Z daemon INFO time="2026-02-04T17:07:06Z" level=info msg="Tool required for debug" tool="arduino:dfu-util@0.11.0-arduino5"
2026-02-04 17:07:06 2026-02-04T17:07:06.252Z daemon INFO time="2026-02-04T17:07:06Z" level=info msg="Tool required for debug" tool="esp32:esp-rv32@2511"
2026-02-04 17:07:06 2026-02-04T17:07:06.252Z daemon INFO time="2026-02-04T17:07:06Z" level=info msg="Tool required for debug" tool="esp32:esp-x32@2511"
2026-02-04 17:07:06 2026-02-04T17:07:06.252Z daemon INFO time="2026-02-04T17:07:06Z" level=info msg="Tool required for debug" tool="esp32:esp32-libs@3.3.6"
2026-02-04 17:07:06 2026-02-04T17:07:06.252Z daemon INFO time="2026-02-04T17:07:06Z" level=info msg="Tool required for debug" tool="esp32:esp32c3-libs@3.3.6"
2026-02-04 17:07:06 2026-02-04T17:07:06.252Z daemon INFO time="2026-02-04T17:07:06Z" level=info msg="Tool required for debug" tool="esp32:esp32c5-libs@3.3.6"
2026-02-04 17:07:06 2026-02-04T17:07:06.252Z daemon INFO time="2026-02-04T17:07:06Z" level=info msg="Tool required for debug" tool="esp32:esp32c6-libs@3.3.6"
2026-02-04 17:07:06 2026-02-04T17:07:06.252Z daemon INFO time="2026-02-04T17:07:06Z" level=info msg="Tool required for debug" tool="esp32:esp32h2-libs@3.3.6"
2026-02-04 17:07:06 2026-02-04T17:07:06.253Z daemon INFO time="2026-02-04T17:07:06Z" level=info msg="Tool required for debug" tool="esp32:esp32p4-libs@3.3.6"
2026-02-04 17:07:06 2026-02-04T17:07:06.253Z daemon INFO time="2026-02-04T17:07:06Z" level=info msg="Tool required for debug" tool="esp32:esp32p4_es-libs@3.3.6"
2026-02-04 17:07:06 2026-02-04T17:07:06.253Z daemon INFO time="2026-02-04T17:07:06Z" level=info msg="Tool required for debug" tool="esp32:esp32s2-libs@3.3.6"
2026-02-04 17:07:06 2026-02-04T17:07:06.253Z daemon INFO time="2026-02-04T17:07:06Z" level=info msg="Tool required for debug" tool="esp32:esp32s3-libs@3.3.6"
2026-02-04 17:07:06 2026-02-04T17:07:06.253Z daemon INFO time="2026-02-04T17:07:06Z" level=info msg="Tool required for debug" tool="esp32:esptool_py@5.1.0"
2026-02-04 17:07:06 2026-02-04T17:07:06.253Z daemon INFO time="2026-02-04T17:07:06Z" level=info msg="Tool required for debug" tool="esp32:mklittlefs@4.0.2-db0513a"
2026-02-04 17:07:06 2026-02-04T17:07:06.253Z daemon INFO time="2026-02-04T17:07:06Z" level=info msg="Tool required for debug" tool="esp32:mkspiffs@0.2.3"
2026-02-04 17:07:06 2026-02-04T17:07:06.253Z daemon INFO time="2026-02-04T17:07:06Z" level=info msg="Tool required for debug" tool="esp32:openocd-esp32@v0.12.0-esp32-20251215"
2026-02-04 17:07:06 2026-02-04T17:07:06.253Z daemon INFO time="2026-02-04T17:07:06Z" level=info msg="Tool required for debug" tool="esp32:riscv32-esp-elf-gdb@16.3_20250913"
2026-02-04 17:07:06 2026-02-04T17:07:06.254Z daemon INFO time="2026-02-04T17:07:06Z" level=info msg="Tool required for debug" tool="esp32:xtensa-esp-elf-gdb@16.3_20250913"
2026-02-04 17:07:06 2026-02-04T17:07:06.254Z daemon INFO time="2026-02-04T17:07:06Z" level=info msg="Tool required for debug" tool="builtin:mdns-discovery@1.0.12"
2026-02-04 17:07:06 2026-02-04T17:07:06.254Z daemon INFO time="2026-02-04T17:07:06Z" level=info msg="Tool required for debug" tool="arduino:avr-gcc@7.3.0-atmel3.6.1-arduino7"
2026-02-04 17:07:06 2026-02-04T17:07:06.254Z daemon INFO time="2026-02-04T17:07:06Z" level=info msg="Tool required for debug" tool="arduino:arduinoOTA@1.3.0"
2026-02-04 17:07:06 2026-02-04T17:07:06.254Z daemon INFO time="2026-02-04T17:07:06Z" level=info msg="Tool required for debug" tool="builtin:ctags@5.8-arduino11"
2026-02-04 17:07:06 2026-02-04T17:07:06.256Z daemon INFO time="2026-02-04T17:07:06Z" level=info msg="Tool required for debug" tool="builtin:serial-discovery@1.4.3"
2026-02-04 17:07:06 2026-02-04T17:07:06.256Z daemon INFO time="2026-02-04T17:07:06Z" level=info msg="Tool required for debug" tool="builtin:dfu-discovery@0.1.2"
2026-02-04 17:07:06 2026-02-04T17:07:06.256Z daemon INFO time="2026-02-04T17:07:06Z" level=info msg="Tool required for debug" tool="builtin:serial-monitor@0.15.0"
2026-02-04 17:07:06 2026-02-04T17:07:06.256Z daemon INFO time="2026-02-04T17:07:06Z" level=info msg="Tool required for debug" tool="arduino:avrdude@8.0.0-arduino1"
2026-02-04 17:07:06 2026-02-04T17:07:06.258Z daemon INFO time="2026-02-04T17:07:06Z" level=info msg="Tool required for debug" tool="arduino:dfu-util@0.11.0-arduino5"
time="2026-02-04T17:07:06Z" level=info msg="Tool required for debug" tool="esp32:esp-rv32@2511"
2026-02-04 17:07:06 2026-02-04T17:07:06.258Z daemon INFO time="2026-02-04T17:07:06Z" level=info msg="Tool required for debug" tool="esp32:esp-x32@2511"
time="2026-02-04T17:07:06Z" level=info msg="Tool required for debug" tool="esp32:esp32-libs@3.3.6"
time="2026-02-04T17:07:06Z" level=info msg="Tool required for debug" tool="esp32:esp32c3-libs@3.3.6"
time="2026-02-04T17:07:06Z" level=info msg="Tool required for debug" tool="esp32:esp32c5-libs@3.3.6"
2026-02-04 17:07:06 2026-02-04T17:07:06.258Z daemon INFO time="2026-02-04T17:07:06Z" level=info msg="Tool required for debug" tool="esp32:esp32c6-libs@3.3.6"
2026-02-04 17:07:06 2026-02-04T17:07:06.258Z daemon INFO time="2026-02-04T17:07:06Z" level=info msg="Tool required for debug" tool="esp32:esp32h2-libs@3.3.6"
time="2026-02-04T17:07:06Z" level=info msg="Tool required for debug" tool="esp32:esp32p4-libs@3.3.6"
time="2026-02-04T17:07:06Z" level=info msg="Tool required for debug" tool="esp32:esp32p4_es-libs@3.3.6"
2026-02-04 17:07:06 2026-02-04T17:07:06.258Z daemon INFO time="2026-02-04T17:07:06Z" level=info msg="Tool required for debug" tool="esp32:esp32s2-libs@3.3.6"
time="2026-02-04T17:07:06Z" level=info msg="Tool required for debug" tool="esp32:esp32s3-libs@3.3.6"
time="2026-02-04T17:07:06Z" level=info msg="Tool required for debug" tool="esp32:esptool_py@5.1.0"
time="2026-02-04T17:07:06Z" level=info msg="Tool required for debug" tool="esp32:mklittlefs@4.0.2-db0513a"
2026-02-04 17:07:06 2026-02-04T17:07:06.258Z daemon INFO time="2026-02-04T17:07:06Z" level=info msg="Tool required for debug" tool="esp32:mkspiffs@0.2.3"
time="2026-02-04T17:07:06Z" level=info msg="Tool required for debug" tool="esp32:openocd-esp32@v0.12.0-esp32-20251215"
2026-02-04 17:07:06 2026-02-04T17:07:06.258Z daemon INFO time="2026-02-04T17:07:06Z" level=info msg="Tool required for debug" tool="esp32:riscv32-esp-elf-gdb@16.3_20250913"
time="2026-02-04T17:07:06Z" level=info msg="Tool required for debug" tool="esp32:xtensa-esp-elf-gdb@16.3_20250913"
2026-02-04 17:07:06 2026-02-04T17:07:06.258Z daemon INFO time="2026-02-04T17:07:06Z" level=info msg="Tool required for debug" tool="arduino:avr-gcc@7.3.0-atmel3.6.1-arduino7"
time="2026-02-04T17:07:06Z" level=info msg="Tool required for debug" tool="arduino:avrdude@8.0.0-arduino1"
time="2026-02-04T17:07:06Z" level=info msg="Tool required for debug" tool="builtin:dfu-discovery@0.1.2"
2026-02-04 17:07:06 2026-02-04T17:07:06.258Z daemon INFO time="2026-02-04T17:07:06Z" level=info msg="Tool required for debug" tool="builtin:serial-monitor@0.15.0"
2026-02-04 17:07:06 2026-02-04T17:07:06.258Z daemon INFO time="2026-02-04T17:07:06Z" level=info msg="Tool required for debug" tool="builtin:ctags@5.8-arduino11"
2026-02-04 17:07:06 2026-02-04T17:07:06.258Z daemon INFO time="2026-02-04T17:07:06Z" level=info msg="Tool required for debug" tool="arduino:arduinoOTA@1.3.0"
time="2026-02-04T17:07:06Z" level=info msg="Tool required for debug" tool="builtin:mdns-discovery@1.0.12"
2026-02-04 17:07:06 2026-02-04T17:07:06.258Z daemon INFO time="2026-02-04T17:07:06Z" level=info msg="Tool required for debug" tool="builtin:serial-discovery@1.4.3"
2026-02-04 17:07:06 2026-02-04T17:07:06.262Z daemon INFO time="2026-02-04T17:07:06Z" level=info msg="Tool required for debug" tool="arduino:dfu-util@0.11.0-arduino5"
time="2026-02-04T17:07:06Z" level=info msg="Tool required for debug" tool="esp32:esp-rv32@2511"
time="2026-02-04T17:07:06Z" level=info msg="Tool required for debug" tool="esp32:esp-x32@2511"
time="2026-02-04T17:07:06Z" level=info msg="Tool required for debug" tool="esp32:esp32-libs@3.3.6"
time="2026-02-04T17:07:06Z" level=info msg="Tool required for debug" tool="esp32:esp32c3-libs@3.3.6"
time="2026-02-04T17:07:06Z" level=info msg="Tool required for debug" tool="esp32:esp32c5-libs@3.3.6"
time="2026-02-04T17:07:06Z" level=info msg="Tool required for debug" tool="esp32:esp32c6-libs@3.3.6"
time="2026-02-04T17:07:06Z" level=info msg="Tool required for debug" tool="esp32:esp32h2-libs@3.3.6"
time="2026-02-04T17:07:06Z" level=info msg="Tool required for debug" tool="esp32:esp32p4-libs@3.3.6"
time="2026-02-04T17:07:06Z" level=info msg="Tool required for debug" tool="esp32:esp32p4_es-libs@3.3.6"
time="2026-02-04T17:07:06Z" level=info msg="Tool required for debug" tool="esp32:esp32s2-libs@3.3.6"
time="2026-02-04T17:07:06Z" level=info msg="Tool required for debug" tool="esp32:esp32s3-libs@3.3.6"
time="2026-02-04T17:07:06Z" level=info msg="Tool required for debug" tool="esp32:esptool_py@5.1.0"
time="2026-02-04T17:07:06Z" level=info msg="Tool required for debug" tool="esp32:mklittlefs@4.0.2-db0513a"
time="2026-02-04T17:07:06Z" level=info msg="Tool required for debug" tool="esp32:mkspiffs@0.2.3"
time="2026-02-04T17:07:06Z" level=info msg="Tool required for debug" tool="esp32:openocd-esp32@v0.12.0-esp32-20251215"
time="2026-02-04T17:07:06Z" level=info msg="Tool required for debug" tool="esp32:riscv32-esp-elf-gdb@16.3_20250913"
time="2026-02-04T17:07:06Z" level=info msg="Tool required for debug" tool="esp32:xtensa-esp-elf-gdb@16.3_20250913"
time="2026-02-04T17:07:06Z" level=info msg="Tool required for debug" tool="builtin:dfu-discovery@0.1.2"
time="2026-02-04T17:07:06Z" level=info msg="Tool required for debug" tool="builtin:serial-discovery@1.4.3"
time="2026-02-04T17:07:06Z" level=info msg="Tool required for debug" tool="arduino:avrdude@8.0.0-arduino1"
time="2026-02-04T17:07:06Z" level=info msg="Tool required for debug" tool="builtin:serial-monitor@0.15.0"
time="2026-02-04T17:07:06Z" level=info msg="Tool required for debug" tool="arduino:avr-gcc@7.3.0-atmel3.6.1-arduino7"
time="2026-02-04T17:07:06Z" level=info msg="Tool required for debug" tool="builtin:ctags@5.8-arduino11"
time="2026-02-04T17:07:06Z" level=info msg="Tool required for debug" tool="builtin:mdns-discovery@1.0.12"
time="2026-02-04T17:07:06Z" level=info msg="Tool required for debug" tool="arduino:arduinoOTA@1.3.0"
2026-02-04 17:07:06 2026-02-04T17:07:06.264Z daemon INFO time="2026-02-04T17:07:06Z" level=info msg="Tool required for debug" tool="arduino:dfu-util@0.11.0-arduino5"
time="2026-02-04T17:07:06Z" level=info msg="Tool required for debug" tool="esp32:esp-rv32@2511"
time="2026-02-04T17:07:06Z" level=info msg="Tool required for debug" tool="esp32:esp-x32@2511"
time="2026-02-04T17:07:06Z" level=info msg="Tool required for debug" tool="esp32:esp32-libs@3.3.6"
time="2026-02-04T17:07:06Z" level=info msg="Tool required for debug" tool="esp32:esp32c3-libs@3.3.6"
time="2026-02-04T17:07:06Z" level=info msg="Tool required for debug" tool="esp32:esp32c5-libs@3.3.6"
time="2026-02-04T17:07:06Z" level=info msg="Tool required for debug" tool="esp32:esp32c6-libs@3.3.6"
time="2026-02-04T17:07:06Z" level=info msg="Tool required for debug" tool="esp32:esp32h2-libs@3.3.6"
time="2026-02-04T17:07:06Z" level=info msg="Tool required for debug" tool="esp32:esp32p4-libs@3.3.6"
time="2026-02-04T17:07:06Z" level=info msg="Tool required for debug" tool="esp32:esp32p4_es-libs@3.3.6"
time="2026-02-04T17:07:06Z" level=info msg="Tool required for debug" tool="esp32:esp32s2-libs@3.3.6"
time="2026-02-04T17:07:06Z" level=info msg="Tool required for debug" tool="esp32:esp32s3-libs@3.3.6"
time="2026-02-04T17:07:06Z" level=info msg="Tool required for debug" tool="esp32:esptool_py@5.1.0"
time="2026-02-04T17:07:06Z" level=info msg="Tool required for debug" tool="esp32:mklittlefs@4.0.2-db0513a"
time="2026-02-04T17:07:06Z" level=info msg="Tool required for debug" tool="esp32:mkspiffs@0.2.3"
time="2026-02-04T17:07:06Z" level=info msg="Tool required for debug" tool="esp32:openocd-esp32@v0.12.0-esp32-20251215"
time="2026-02-04T17:07:06Z" level=info msg="Tool required for debug" tool="esp32:riscv32-esp-elf-gdb@16.3_20250913"
time="2026-02-04T17:07:06Z" level=info msg="Tool required for debug" tool="esp32:xtensa-esp-elf-gdb@16.3_20250913"
time="2026-02-04T17:07:06Z" level=info msg="Tool required for debug" tool="builtin:mdns-discovery@1.0.12"
time="2026-02-04T17:07:06Z" level=info msg="Tool required for debug" tool="builtin:serial-discovery@1.4.3"
time="2026-02-04T17:07:06Z" level=info msg="Tool required for debug" tool="builtin:ctags@5.8-arduino11"
time="2026-02-04T17:07:06Z" level=info msg="Tool required for debug" tool="arduino:arduinoOTA@1.3.0"
time="2026-02-04T17:07:06Z" level=info msg="Tool required for debug" tool="builtin:dfu-discovery@0.1.2"
time="2026-02-04T17:07:06Z" level=info msg="Tool required for debug" tool="arduino:avr-gcc@7.3.0-atmel3.6.1-arduino7"
time="2026-02-04T17:07:06Z" level=info msg="Tool required for debug" tool="builtin:serial-monitor@0.15.0"
time="2026-02-04T17:07:06Z" level=info msg="Tool required for debug" tool="arduino:avrdude@8.0.0-arduino1"
2026-02-04 17:07:06 2026-02-04T17:07:06.266Z daemon INFO time="2026-02-04T17:07:06Z" level=info msg="Tool required for debug" tool="arduino:dfu-util@0.11.0-arduino5"
time="2026-02-04T17:07:06Z" level=info msg="Tool required for debug" tool="esp32:esp-rv32@2511"
2026-02-04 17:07:06 2026-02-04T17:07:06.266Z daemon INFO time="2026-02-04T17:07:06Z" level=info msg="Tool required for debug" tool="esp32:esp-x32@2511"
time="2026-02-04T17:07:06Z" level=info msg="Tool required for debug" tool="esp32:esp32-libs@3.3.6"
time="2026-02-04T17:07:06Z" level=info msg="Tool required for debug" tool="esp32:esp32c3-libs@3.3.6"
time="2026-02-04T17:07:06Z" level=info msg="Tool required for debug" tool="esp32:esp32c5-libs@3.3.6"
time="2026-02-04T17:07:06Z" level=info msg="Tool required for debug" tool="esp32:esp32c6-libs@3.3.6"
2026-02-04 17:07:06 2026-02-04T17:07:06.266Z daemon INFO time="2026-02-04T17:07:06Z" level=info msg="Tool required for debug" tool="esp32:esp32h2-libs@3.3.6"
time="2026-02-04T17:07:06Z" level=info msg="Tool required for debug" tool="esp32:esp32p4-libs@3.3.6"
time="2026-02-04T17:07:06Z" level=info msg="Tool required for debug" tool="esp32:esp32p4_es-libs@3.3.6"
time="2026-02-04T17:07:06Z" level=info msg="Tool required for debug" tool="esp32:esp32s2-libs@3.3.6"
time="2026-02-04T17:07:06Z" level=info msg="Tool required for debug" tool="esp32:esp32s3-libs@3.3.6"
time="2026-02-04T17:07:06Z" level=info msg="Tool required for debug" tool="esp32:esptool_py@5.1.0"
2026-02-04 17:07:06 2026-02-04T17:07:06.266Z daemon INFO time="2026-02-04T17:07:06Z" level=info msg="Tool required for debug" tool="esp32:mklittlefs@4.0.2-db0513a"
time="2026-02-04T17:07:06Z" level=info msg="Tool required for debug" tool="esp32:mkspiffs@0.2.3"
time="2026-02-04T17:07:06Z" level=info msg="Tool required for debug" tool="esp32:openocd-esp32@v0.12.0-esp32-20251215"
2026-02-04 17:07:06 2026-02-04T17:07:06.266Z daemon INFO time="2026-02-04T17:07:06Z" level=info msg="Tool required for debug" tool="esp32:riscv32-esp-elf-gdb@16.3_20250913"
time="2026-02-04T17:07:06Z" level=info msg="Tool required for debug" tool="esp32:xtensa-esp-elf-gdb@16.3_20250913"
time="2026-02-04T17:07:06Z" level=info msg="Tool required for debug" tool="builtin:mdns-discovery@1.0.12"
2026-02-04 17:07:06 2026-02-04T17:07:06.266Z daemon INFO time="2026-02-04T17:07:06Z" level=info msg="Tool required for debug" tool="builtin:serial-discovery@1.4.3"
time="2026-02-04T17:07:06Z" level=info msg="Tool required for debug" tool="builtin:dfu-discovery@0.1.2"
time="2026-02-04T17:07:06Z" level=info msg="Tool required for debug" tool="arduino:avr-gcc@7.3.0-atmel3.6.1-arduino7"
2026-02-04 17:07:06 2026-02-04T17:07:06.266Z daemon INFO time="2026-02-04T17:07:06Z" level=info msg="Tool required for debug" tool="builtin:serial-monitor@0.15.0"
2026-02-04 17:07:06 2026-02-04T17:07:06.266Z daemon INFO time="2026-02-04T17:07:06Z" level=info msg="Tool required for debug" tool="arduino:arduinoOTA@1.3.0"
2026-02-04 17:07:06 2026-02-04T17:07:06.266Z daemon INFO time="2026-02-04T17:07:06Z" level=info msg="Tool required for debug" tool="arduino:avrdude@8.0.0-arduino1"
time="2026-02-04T17:07:06Z" level=info msg="Tool required for debug" tool="builtin:ctags@5.8-arduino11"
2026-02-04 17:07:06 2026-02-04T17:07:06.268Z daemon INFO time="2026-02-04T17:07:06Z" level=info msg="Tool required for debug" tool="arduino:dfu-util@0.11.0-arduino5"
2026-02-04 17:07:06 2026-02-04T17:07:06.268Z daemon INFO time="2026-02-04T17:07:06Z" level=info msg="Tool required for debug" tool="esp32:esp-rv32@2511"
time="2026-02-04T17:07:06Z" level=info msg="Tool required for debug" tool="esp32:esp-x32@2511"
time="2026-02-04T17:07:06Z" level=info msg="Tool required for debug" tool="esp32:esp32-libs@3.3.6"
2026-02-04 17:07:06 2026-02-04T17:07:06.268Z daemon INFO time="2026-02-04T17:07:06Z" level=info msg="Tool required for debug" tool="esp32:esp32c3-libs@3.3.6"
time="2026-02-04T17:07:06Z" level=info msg="Tool required for debug" tool="esp32:esp32c5-libs@3.3.6"
time="2026-02-04T17:07:06Z" level=info msg="Tool required for debug" tool="esp32:esp32c6-libs@3.3.6"
2026-02-04 17:07:06 2026-02-04T17:07:06.268Z daemon INFO time="2026-02-04T17:07:06Z" level=info msg="Tool required for debug" tool="esp32:esp32h2-libs@3.3.6"
time="2026-02-04T17:07:06Z" level=info msg="Tool required for debug" tool="esp32:esp32p4-libs@3.3.6"
time="2026-02-04T17:07:06Z" level=info msg="Tool required for debug" tool="esp32:esp32p4_es-libs@3.3.6"
2026-02-04 17:07:06 2026-02-04T17:07:06.268Z daemon INFO time="2026-02-04T17:07:06Z" level=info msg="Tool required for debug" tool="esp32:esp32s2-libs@3.3.6"
time="2026-02-04T17:07:06Z" level=info msg="Tool required for debug" tool="esp32:esp32s3-libs@3.3.6"
2026-02-04 17:07:06 2026-02-04T17:07:06.268Z daemon INFO time="2026-02-04T17:07:06Z" level=info msg="Tool required for debug" tool="esp32:esptool_py@5.1.0"
time="2026-02-04T17:07:06Z" level=info msg="Tool required for debug" tool="esp32:mklittlefs@4.0.2-db0513a"
time="2026-02-04T17:07:06Z" level=info msg="Tool required for debug" tool="esp32:mkspiffs@0.2.3"
2026-02-04 17:07:06 2026-02-04T17:07:06.268Z daemon INFO time="2026-02-04T17:07:06Z" level=info msg="Tool required for debug" tool="esp32:openocd-esp32@v0.12.0-esp32-20251215"
time="2026-02-04T17:07:06Z" level=info msg="Tool required for debug" tool="esp32:riscv32-esp-elf-gdb@16.3_20250913"
2026-02-04 17:07:06 2026-02-04T17:07:06.268Z daemon INFO time="2026-02-04T17:07:06Z" level=info msg="Tool required for debug" tool="esp32:xtensa-esp-elf-gdb@16.3_20250913"
time="2026-02-04T17:07:06Z" level=info msg="Tool required for debug" tool="builtin:dfu-discovery@0.1.2"
2026-02-04 17:07:06 2026-02-04T17:07:06.268Z daemon INFO time="2026-02-04T17:07:06Z" level=info msg="Tool required for debug" tool="builtin:serial-monitor@0.15.0"
2026-02-04 17:07:06 2026-02-04T17:07:06.268Z daemon INFO time="2026-02-04T17:07:06Z" level=info msg="Tool required for debug" tool="arduino:avrdude@8.0.0-arduino1"
time="2026-02-04T17:07:06Z" level=info msg="Tool required for debug" tool="arduino:avr-gcc@7.3.0-atmel3.6.1-arduino7"
2026-02-04 17:07:06 2026-02-04T17:07:06.268Z daemon INFO time="2026-02-04T17:07:06Z" level=info msg="Tool required for debug" tool="builtin:ctags@5.8-arduino11"
time="2026-02-04T17:07:06Z" level=info msg="Tool required for debug" tool="builtin:mdns-discovery@1.0.12"
2026-02-04 17:07:06 2026-02-04T17:07:06.268Z daemon INFO time="2026-02-04T17:07:06Z" level=info msg="Tool required for debug" tool="builtin:serial-discovery@1.4.3"
2026-02-04 17:07:06 2026-02-04T17:07:06.269Z daemon INFO time="2026-02-04T17:07:06Z" level=info msg="Tool required for debug" tool="arduino:arduinoOTA@1.3.0"
2026-02-04 17:07:06 2026-02-04T17:07:06.271Z daemon INFO time="2026-02-04T17:07:06Z" level=info msg="Tool required for debug" tool="arduino:dfu-util@0.11.0-arduino5"
time="2026-02-04T17:07:06Z" level=info msg="Tool required for debug" tool="esp32:esp-rv32@2511"
time="2026-02-04T17:07:06Z" level=info msg="Tool required for debug" tool="esp32:esp-x32@2511"
time="2026-02-04T17:07:06Z" level=info msg="Tool required for debug" tool="esp32:esp32-libs@3.3.6"
time="2026-02-04T17:07:06Z" level=info msg="Tool required for debug" tool="esp32:esp32c3-libs@3.3.6"
time="2026-02-04T17:07:06Z" level=info msg="Tool required for debug" tool="esp32:esp32c5-libs@3.3.6"
time="2026-02-04T17:07:06Z" level=info msg="Tool required for debug" tool="esp32:esp32c6-libs@3.3.6"
time="2026-02-04T17:07:06Z" level=info msg="Tool required for debug" tool="esp32:esp32h2-libs@3.3.6"
time="2026-02-04T17:07:06Z" level=info msg="Tool required for debug" tool="esp32:esp32p4-libs@3.3.6"
time="2026-02-04T17:07:06Z" level=info msg="Tool required for debug" tool="esp32:esp32p4_es-libs@3.3.6"
time="2026-02-04T17:07:06Z" level=info msg="Tool required for debug" tool="esp32:esp32s2-libs@3.3.6"
time="2026-02-04T17:07:06Z" level=info msg="Tool required for debug" tool="esp32:esp32s3-libs@3.3.6"
time="2026-02-04T17:07:06Z" level=info msg="Tool required for debug" tool="esp32:esptool_py@5.1.0"
time="2026-02-04T17:07:06Z" level=info msg="Tool required for debug" tool="esp32:mklittlefs@4.0.2-db0513a"
time="2026-02-04T17:07:06Z" level=info msg="Tool required for debug" tool="esp32:mkspiffs@0.2.3"
time="2026-02-04T17:07:06Z" level=info msg="Tool required for debug" tool="esp32:openocd-esp32@v0.12.0-esp32-20251215"
time="2026-02-04T17:07:06Z" level=info msg="Tool required for debug" tool="esp32:riscv32-esp-elf-gdb@16.3_20250913"
time="2026-02-04T17:07:06Z" level=info msg="Tool required for debug" tool="esp32:xtensa-esp-elf-gdb@16.3_20250913"
time="2026-02-04T17:07:06Z" level=info msg="Tool required for debug" tool="arduino:avrdude@8.0.0-arduino1"
time="2026-02-04T17:07:06Z" level=info msg="Tool required for debug" tool="arduino:avr-gcc@7.3.0-atmel3.6.1-arduino7"
time="2026-02-04T17:07:06Z" level=info msg="Tool required for debug" tool="builtin:mdns-discovery@1.0.12"
time="2026-02-04T17:07:06Z" level=info msg="Tool required for debug" tool="builtin:serial-discovery@1.4.3"
time="2026-02-04T17:07:06Z" level=info msg="Tool required for debug" tool="builtin:serial-monitor@0.15.0"
time="2026-02-04T17:07:06Z" level=info msg="Tool required for debug" tool="builtin:ctags@5.8-arduino11"
2026-02-04 17:07:06 2026-02-04T17:07:06.271Z daemon INFO time="2026-02-04T17:07:06Z" level=info msg="Tool required for debug" tool="arduino:arduinoOTA@1.3.0"
time="2026-02-04T17:07:06Z" level=info msg="Tool required for debug" tool="builtin:dfu-discovery@0.1.2"
2026-02-04 17:07:06 2026-02-04T17:07:06.272Z daemon INFO time="2026-02-04T17:07:06Z" level=info msg="Tool required for debug" tool="arduino:dfu-util@0.11.0-arduino5"
time="2026-02-04T17:07:06Z" level=info msg="Tool required for debug" tool="esp32:esp-rv32@2511"
2026-02-04 17:07:06 2026-02-04T17:07:06.272Z daemon INFO time="2026-02-04T17:07:06Z" level=info msg="Tool required for debug" tool="esp32:esp-x32@2511"
time="2026-02-04T17:07:06Z" level=info msg="Tool required for debug" tool="esp32:esp32-libs@3.3.6"
time="2026-02-04T17:07:06Z" level=info msg="Tool required for debug" tool="esp32:esp32c3-libs@3.3.6"
time="2026-02-04T17:07:06Z" level=info msg="Tool required for debug" tool="esp32:esp32c5-libs@3.3.6"
time="2026-02-04T17:07:06Z" level=info msg="Tool required for debug" tool="esp32:esp32c6-libs@3.3.6"
2026-02-04 17:07:06 2026-02-04T17:07:06.272Z daemon INFO time="2026-02-04T17:07:06Z" level=info msg="Tool required for debug" tool="esp32:esp32h2-libs@3.3.6"
time="2026-02-04T17:07:06Z" level=info msg="Tool required for debug" tool="esp32:esp32p4-libs@3.3.6"
time="2026-02-04T17:07:06Z" level=info msg="Tool required for debug" tool="esp32:esp32p4_es-libs@3.3.6"
2026-02-04 17:07:06 2026-02-04T17:07:06.272Z daemon INFO time="2026-02-04T17:07:06Z" level=info msg="Tool required for debug" tool="esp32:esp32s2-libs@3.3.6"
time="2026-02-04T17:07:06Z" level=info msg="Tool required for debug" tool="esp32:esp32s3-libs@3.3.6"
2026-02-04 17:07:06 2026-02-04T17:07:06.273Z daemon INFO time="2026-02-04T17:07:06Z" level=info msg="Tool required for debug" tool="esp32:esptool_py@5.1.0"
time="2026-02-04T17:07:06Z" level=info msg="Tool required for debug" tool="esp32:mklittlefs@4.0.2-db0513a"
time="2026-02-04T17:07:06Z" level=info msg="Tool required for debug" tool="esp32:mkspiffs@0.2.3"
2026-02-04 17:07:06 2026-02-04T17:07:06.273Z daemon INFO time="2026-02-04T17:07:06Z" level=info msg="Tool required for debug" tool="esp32:openocd-esp32@v0.12.0-esp32-20251215"
time="2026-02-04T17:07:06Z" level=info msg="Tool required for debug" tool="esp32:riscv32-esp-elf-gdb@16.3_20250913"
2026-02-04 17:07:06 2026-02-04T17:07:06.273Z daemon INFO time="2026-02-04T17:07:06Z" level=info msg="Tool required for debug" tool="esp32:xtensa-esp-elf-gdb@16.3_20250913"
time="2026-02-04T17:07:06Z" level=info msg="Tool required for debug" tool="builtin:mdns-discovery@1.0.12"
2026-02-04 17:07:06 2026-02-04T17:07:06.273Z daemon INFO time="2026-02-04T17:07:06Z" level=info msg="Tool required for debug" tool="arduino:avr-gcc@7.3.0-atmel3.6.1-arduino7"
time="2026-02-04T17:07:06Z" level=info msg="Tool required for debug" tool="builtin:serial-discovery@1.4.3"
2026-02-04 17:07:06 2026-02-04T17:07:06.273Z daemon INFO time="2026-02-04T17:07:06Z" level=info msg="Tool required for debug" tool="builtin:ctags@5.8-arduino11"
2026-02-04 17:07:06 2026-02-04T17:07:06.273Z daemon INFO time="2026-02-04T17:07:06Z" level=info msg="Tool required for debug" tool="arduino:avrdude@8.0.0-arduino1"
time="2026-02-04T17:07:06Z" level=info msg="Tool required for debug" tool="arduino:arduinoOTA@1.3.0"
time="2026-02-04T17:07:06Z" level=info msg="Tool required for debug" tool="builtin:serial-monitor@0.15.0"
2026-02-04 17:07:06 2026-02-04T17:07:06.273Z daemon INFO time="2026-02-04T17:07:06Z" level=info msg="Tool required for debug" tool="builtin:dfu-discovery@0.1.2"
2026-02-04 17:07:06 2026-02-04T17:07:06.273Z daemon INFO time="2026-02-04T17:07:06Z" level=info msg="Adding libraries dir" dir=/home/shrek/.arduino15/libraries isSingleLibrary=false location=ide
2026-02-04 17:07:06 2026-02-04T17:07:06.273Z daemon INFO time="2026-02-04T17:07:06Z" level=info msg="Adding libraries dir" dir=/home/shrek/.arduino15/packages/esp32/hardware/esp32/3.3.6/libraries isSingleLibrary=false location=platform
time="2026-02-04T17:07:06Z" level=info msg="Adding libraries dir" dir=/home/shrek/Arduino/libraries isSingleLibrary=false location=user
2026-02-04 17:07:06 2026-02-04T17:07:06.278Z daemon INFO time="2026-02-04T17:07:06Z" level=info msg="Tool required for debug" tool="arduino:dfu-util@0.11.0-arduino5"
time="2026-02-04T17:07:06Z" level=info msg="Tool required for debug" tool="esp32:esp-rv32@2511"
time="2026-02-04T17:07:06Z" level=info msg="Tool required for debug" tool="esp32:esp-x32@2511"
2026-02-04 17:07:06 2026-02-04T17:07:06.278Z daemon INFO time="2026-02-04T17:07:06Z" level=info msg="Tool required for debug" tool="esp32:esp32-libs@3.3.6"
time="2026-02-04T17:07:06Z" level=info msg="Tool required for debug" tool="esp32:esp32c3-libs@3.3.6"
time="2026-02-04T17:07:06Z" level=info msg="Tool required for debug" tool="esp32:esp32c5-libs@3.3.6"
time="2026-02-04T17:07:06Z" level=info msg="Tool required for debug" tool="esp32:esp32c6-libs@3.3.6"
time="2026-02-04T17:07:06Z" level=info msg="Tool required for debug" tool="esp32:esp32h2-libs@3.3.6"
time="2026-02-04T17:07:06Z" level=info msg="Tool required for debug" tool="esp32:esp32p4-libs@3.3.6"
time="2026-02-04T17:07:06Z" level=info msg="Tool required for debug" tool="esp32:esp32p4_es-libs@3.3.6"
time="2026-02-04T17:07:06Z" level=info msg="Tool required for debug" tool="esp32:esp32s2-libs@3.3.6"
time="2026-02-04T17:07:06Z" level=info msg="Tool required for debug" tool="esp32:esp32s3-libs@3.3.6"
time="2026-02-04T17:07:06Z" level=info msg="Tool required for debug" tool="esp32:esptool_py@5.1.0"
2026-02-04 17:07:06 2026-02-04T17:07:06.278Z daemon INFO time="2026-02-04T17:07:06Z" level=info msg="Tool required for debug" tool="esp32:mklittlefs@4.0.2-db0513a"
time="2026-02-04T17:07:06Z" level=info msg="Tool required for debug" tool="esp32:mkspiffs@0.2.3"
time="2026-02-04T17:07:06Z" level=info msg="Tool required for debug" tool="esp32:openocd-esp32@v0.12.0-esp32-20251215"
2026-02-04 17:07:06 2026-02-04T17:07:06.278Z daemon INFO time="2026-02-04T17:07:06Z" level=info msg="Tool required for debug" tool="esp32:riscv32-esp-elf-gdb@16.3_20250913"
time="2026-02-04T17:07:06Z" level=info msg="Tool required for debug" tool="esp32:xtensa-esp-elf-gdb@16.3_20250913"
2026-02-04 17:07:06 2026-02-04T17:07:06.278Z daemon INFO time="2026-02-04T17:07:06Z" level=info msg="Tool required for debug" tool="builtin:serial-discovery@1.4.3"
2026-02-04 17:07:06 2026-02-04T17:07:06.278Z daemon INFO time="2026-02-04T17:07:06Z" level=info msg="Tool required for debug" tool="builtin:serial-monitor@0.15.0"
2026-02-04 17:07:06 2026-02-04T17:07:06.278Z daemon INFO time="2026-02-04T17:07:06Z" level=info msg="Tool required for debug" tool="builtin:dfu-discovery@0.1.2"
2026-02-04 17:07:06 2026-02-04T17:07:06.278Z daemon INFO time="2026-02-04T17:07:06Z" level=info msg="Tool required for debug" tool="arduino:arduinoOTA@1.3.0"
time="2026-02-04T17:07:06Z" level=info msg="Tool required for debug" tool="builtin:ctags@5.8-arduino11"
2026-02-04 17:07:06 2026-02-04T17:07:06.278Z daemon INFO time="2026-02-04T17:07:06Z" level=info msg="Tool required for debug" tool="builtin:mdns-discovery@1.0.12"
2026-02-04 17:07:06 2026-02-04T17:07:06.278Z daemon INFO time="2026-02-04T17:07:06Z" level=info msg="Tool required for debug" tool="arduino:avr-gcc@7.3.0-atmel3.6.1-arduino7"
2026-02-04 17:07:06 2026-02-04T17:07:06.278Z daemon INFO time="2026-02-04T17:07:06Z" level=info msg="Tool required for debug" tool="arduino:avrdude@8.0.0-arduino1"
2026-02-04 17:07:06 2026-02-04T17:07:06.285Z daemon INFO time="2026-02-04T17:07:06Z" level=info msg="Tool required for debug" tool="arduino:dfu-util@0.11.0-arduino5"
time="2026-02-04T17:07:06Z" level=info msg="Tool required for debug" tool="esp32:esp-rv32@2511"
time="2026-02-04T17:07:06Z" level=info msg="Tool required for debug" tool="esp32:esp-x32@2511"
time="2026-02-04T17:07:06Z" level=info msg="Tool required for debug" tool="esp32:esp32-libs@3.3.6"
time="2026-02-04T17:07:06Z" level=info msg="Tool required for debug" tool="esp32:esp32c3-libs@3.3.6"
time="2026-02-04T17:07:06Z" level=info msg="Tool required for debug" tool="esp32:esp32c5-libs@3.3.6"
time="2026-02-04T17:07:06Z" level=info msg="Tool required for debug" tool="esp32:esp32c6-libs@3.3.6"
time="2026-02-04T17:07:06Z" level=info msg="Tool required for debug" tool="esp32:esp32h2-libs@3.3.6"
time="2026-02-04T17:07:06Z" level=info msg="Tool required for debug" tool="esp32:esp32p4-libs@3.3.6"
time="2026-02-04T17:07:06Z" level=info msg="Tool required for debug" tool="esp32:esp32p4_es-libs@3.3.6"
time="2026-02-04T17:07:06Z" level=info msg="Tool required for debug" tool="esp32:esp32s2-libs@3.3.6"
time="2026-02-04T17:07:06Z" level=info msg="Tool required for debug" tool="esp32:esp32s3-libs@3.3.6"
time="2026-02-04T17:07:06Z" level=info msg="Tool required for debug" tool="esp32:esptool_py@5.1.0"
time="2026-02-04T17:07:06Z" level=info msg="Tool required for debug" tool="esp32:mklittlefs@4.0.2-db0513a"
time="2026-02-04T17:07:06Z" level=info msg="Tool required for debug" tool="esp32:mkspiffs@0.2.3"
time="2026-02-04T17:07:06Z" level=info msg="Tool required for debug" tool="esp32:openocd-esp32@v0.12.0-esp32-20251215"
time="2026-02-04T17:07:06Z" level=info msg="Tool required for debug" tool="esp32:riscv32-esp-elf-gdb@16.3_20250913"
time="2026-02-04T17:07:06Z" level=info msg="Tool required for debug" tool="esp32:xtensa-esp-elf-gdb@16.3_20250913"
time="2026-02-04T17:07:06Z" level=info msg="Tool required for debug" tool="builtin:ctags@5.8-arduino11"
time="2026-02-04T17:07:06Z" level=info msg="Tool required for debug" tool="arduino:arduinoOTA@1.3.0"
time="2026-02-04T17:07:06Z" level=info msg="Tool required for debug" tool="builtin:serial-discovery@1.4.3"
time="2026-02-04T17:07:06Z" level=info msg="Tool required for debug" tool="arduino:avr-gcc@7.3.0-atmel3.6.1-arduino7"
time="2026-02-04T17:07:06Z" level=info msg="Tool required for debug" tool="builtin:mdns-discovery@1.0.12"
time="2026-02-04T17:07:06Z" level=info msg="Tool required for debug" tool="builtin:serial-monitor@0.15.0"
time="2026-02-04T17:07:06Z" level=info msg="Tool required for debug" tool="builtin:dfu-discovery@0.1.2"
time="2026-02-04T17:07:06Z" level=info msg="Tool required for debug" tool="arduino:avrdude@8.0.0-arduino1"
2026-02-04 17:07:06 2026-02-04T17:07:06.286Z daemon INFO time="2026-02-04T17:07:06Z" level=info msg="Tool required for debug" tool="arduino:dfu-util@0.11.0-arduino5"
time="2026-02-04T17:07:06Z" level=info msg="Tool required for debug" tool="esp32:esp-rv32@2511"
time="2026-02-04T17:07:06Z" level=info msg="Tool required for debug" tool="esp32:esp-x32@2511"
time="2026-02-04T17:07:06Z" level=info msg="Tool required for debug" tool="esp32:esp32-libs@3.3.6"
time="2026-02-04T17:07:06Z" level=info msg="Tool required for debug" tool="esp32:esp32c3-libs@3.3.6"
time="2026-02-04T17:07:06Z" level=info msg="Tool required for debug" tool="esp32:esp32c5-libs@3.3.6"
time="2026-02-04T17:07:06Z" level=info msg="Tool required for debug" tool="esp32:esp32c6-libs@3.3.6"
time="2026-02-04T17:07:06Z" level=info msg="Tool required for debug" tool="esp32:esp32h2-libs@3.3.6"
time="2026-02-04T17:07:06Z" level=info msg="Tool required for debug" tool="esp32:esp32p4-libs@3.3.6"
time="2026-02-04T17:07:06Z" level=info msg="Tool required for debug" tool="esp32:esp32p4_es-libs@3.3.6"
time="2026-02-04T17:07:06Z" level=info msg="Tool required for debug" tool="esp32:esp32s2-libs@3.3.6"
time="2026-02-04T17:07:06Z" level=info msg="Tool required for debug" tool="esp32:esp32s3-libs@3.3.6"
time="2026-02-04T17:07:06Z" level=info msg="Tool required for debug" tool="esp32:esptool_py@5.1.0"
time="2026-02-04T17:07:06Z" level=info msg="Tool required for debug" tool="esp32:mklittlefs@4.0.2-db0513a"
time="2026-02-04T17:07:06Z" level=info msg="Tool required for debug" tool="esp32:mkspiffs@0.2.3"
time="2026-02-04T17:07:06Z" level=info msg="Tool required for debug" tool="esp32:openocd-esp32@v0.12.0-esp32-20251215"
time="2026-02-04T17:07:06Z" level=info msg="Tool required for debug" tool="esp32:riscv32-esp-elf-gdb@16.3_20250913"
time="2026-02-04T17:07:06Z" level=info msg="Tool required for debug" tool="esp32:xtensa-esp-elf-gdb@16.3_20250913"
time="2026-02-04T17:07:06Z" level=info msg="Tool required for debug" tool="arduino:arduinoOTA@1.3.0"
time="2026-02-04T17:07:06Z" level=info msg="Tool required for debug" tool="arduino:avrdude@8.0.0-arduino1"
time="2026-02-04T17:07:06Z" level=info msg="Tool required for debug" tool="builtin:mdns-discovery@1.0.12"
time="2026-02-04T17:07:06Z" level=info msg="Tool required for debug" tool="builtin:serial-discovery@1.4.3"
time="2026-02-04T17:07:06Z" level=info msg="Tool required for debug" tool="builtin:serial-monitor@0.15.0"
time="2026-02-04T17:07:06Z" level=info msg="Tool required for debug" tool="builtin:dfu-discovery@0.1.2"
time="2026-02-04T17:07:06Z" level=info msg="Tool required for debug" tool="builtin:ctags@5.8-arduino11"
time="2026-02-04T17:07:06Z" level=info msg="Tool required for debug" tool="arduino:avr-gcc@7.3.0-atmel3.6.1-arduino7"
2026-02-04 17:07:07 2026-02-04T17:07:07.060Z daemon INFO time="2026-02-04T17:07:07Z" level=info msg="Resolving include FastLED.h for arch esp32"
time="2026-02-04T17:07:07Z" level=info msg="  found better lib" lib=FastLED prio=6A7
2026-02-04 17:07:11 2026-02-04T17:07:11.010Z daemon INFO time="2026-02-04T17:07:11Z" level=info msg="Adding libraries dir" dir=/home/shrek/.arduino15/libraries isSingleLibrary=false location=ide
time="2026-02-04T17:07:11Z" level=info msg="Adding libraries dir" dir=/home/shrek/.arduino15/packages/esp32/hardware/esp32/3.3.6/libraries isSingleLibrary=false location=platform
time="2026-02-04T17:07:11Z" level=info msg="Adding libraries dir" dir=/home/shrek/Arduino/libraries isSingleLibrary=false location=user
2026-02-04 17:07:15 2026-02-04T17:07:15.284Z daemon INFO time="2026-02-04T17:07:15Z" level=info msg="Adding libraries dir" dir=/home/shrek/.arduino15/libraries isSingleLibrary=false location=ide
2026-02-04 17:07:15 2026-02-04T17:07:15.284Z daemon INFO time="2026-02-04T17:07:15Z" level=info msg="Adding libraries dir" dir=/home/shrek/.arduino15/packages/esp32/hardware/esp32/3.3.6/libraries isSingleLibrary=false location=platform
time="2026-02-04T17:07:15Z" level=info msg="Adding libraries dir" dir=/home/shrek/Arduino/libraries isSingleLibrary=false location=user
2026-02-04 17:07:15 2026-02-04T17:07:15.874Z daemon INFO time="2026-02-04T17:07:15Z" level=info msg="Resolving include FastLED.h for arch esp32"
time="2026-02-04T17:07:15Z" level=info msg="  found better lib" lib=FastLED prio=6A7
2026-02-04 17:07:32 2026-02-04T17:07:32.890Z root INFO Executing 'arduino.languageserver.notifyBuildDidComplete' with "file:///home/shrek/.cache/arduino/sketches/685F1B846501B9FC48DBBE71848122CF"
2026-02-04 17:07:32 2026-02-04T17:07:32.925Z daemon INFO time="2026-02-04T17:07:32Z" level=info msg="Tool required for debug" tool="arduino:dfu-util@0.11.0-arduino5"
time="2026-02-04T17:07:32Z" level=info msg="Tool required for debug" tool="esp32:esp-rv32@2511"
2026-02-04 17:07:32 2026-02-04T17:07:32.925Z daemon INFO time="2026-02-04T17:07:32Z" level=info msg="Tool required for debug" tool="esp32:esp-x32@2511"
time="2026-02-04T17:07:32Z" level=info msg="Tool required for debug" tool="esp32:esp32-libs@3.3.6"
time="2026-02-04T17:07:32Z" level=info msg="Tool required for debug" tool="esp32:esp32c3-libs@3.3.6"
time="2026-02-04T17:07:32Z" level=info msg="Tool required for debug" tool="esp32:esp32c5-libs@3.3.6"
time="2026-02-04T17:07:32Z" level=info msg="Tool required for debug" tool="esp32:esp32c6-libs@3.3.6"
time="2026-02-04T17:07:32Z" level=info msg="Tool required for debug" tool="esp32:esp32h2-libs@3.3.6"
time="2026-02-04T17:07:32Z" level=info msg="Tool required for debug" tool="esp32:esp32p4-libs@3.3.6"
time="2026-02-04T17:07:32Z" level=info msg="Tool required for debug" tool="esp32:esp32p4_es-libs@3.3.6"
time="2026-02-04T17:07:32Z" level=info msg="Tool required for debug" tool="esp32:esp32s2-libs@3.3.6"
time="2026-02-04T17:07:32Z" level=info msg="Tool required for debug" tool="esp32:esp32s3-libs@3.3.6"
2026-02-04 17:07:32 2026-02-04T17:07:32.925Z daemon INFO time="2026-02-04T17:07:32Z" level=info msg="Tool required for debug" tool="esp32:esptool_py@5.1.0"
time="2026-02-04T17:07:32Z" level=info msg="Tool required for debug" tool="esp32:mklittlefs@4.0.2-db0513a"
time="2026-02-04T17:07:32Z" level=info msg="Tool required for debug" tool="esp32:mkspiffs@0.2.3"
time="2026-02-04T17:07:32Z" level=info msg="Tool required for debug" tool="esp32:openocd-esp32@v0.12.0-esp32-20251215"
time="2026-02-04T17:07:32Z" level=info msg="Tool required for debug" tool="esp32:riscv32-esp-elf-gdb@16.3_20250913"
time="2026-02-04T17:07:32Z" level=info msg="Tool required for debug" tool="esp32:xtensa-esp-elf-gdb@16.3_20250913"
time="2026-02-04T17:07:32Z" level=info msg="Tool required for debug" tool="arduino:avrdude@8.0.0-arduino1"
time="2026-02-04T17:07:32Z" level=info msg="Tool required for debug" tool="builtin:ctags@5.8-arduino11"
2026-02-04 17:07:32 2026-02-04T17:07:32.925Z daemon INFO time="2026-02-04T17:07:32Z" level=info msg="Tool required for debug" tool="builtin:dfu-discovery@0.1.2"
time="2026-02-04T17:07:32Z" level=info msg="Tool required for debug" tool="arduino:avr-gcc@7.3.0-atmel3.6.1-arduino7"
time="2026-02-04T17:07:32Z" level=info msg="Tool required for debug" tool="builtin:mdns-discovery@1.0.12"
2026-02-04 17:07:32 2026-02-04T17:07:32.925Z daemon INFO time="2026-02-04T17:07:32Z" level=info msg="Tool required for debug" tool="builtin:serial-discovery@1.4.3"
time="2026-02-04T17:07:32Z" level=info msg="Tool required for debug" tool="arduino:arduinoOTA@1.3.0"
2026-02-04 17:07:32 2026-02-04T17:07:32.925Z daemon INFO time="2026-02-04T17:07:32Z" level=info msg="Tool required for debug" tool="builtin:serial-monitor@0.15.0"
2026-02-04 17:07:32 2026-02-04T17:07:32.926Z daemon INFO time="2026-02-04T17:07:32Z" level=info msg="Tool required for debug" tool="arduino:dfu-util@0.11.0-arduino5"
time="2026-02-04T17:07:32Z" level=info msg="Tool required for debug" tool="esp32:esp-rv32@2511"
2026-02-04 17:07:32 2026-02-04T17:07:32.926Z daemon INFO time="2026-02-04T17:07:32Z" level=info msg="Tool required for debug" tool="esp32:esp-x32@2511"
time="2026-02-04T17:07:32Z" level=info msg="Tool required for debug" tool="esp32:esp32-libs@3.3.6"
time="2026-02-04T17:07:32Z" level=info msg="Tool required for debug" tool="esp32:esp32c3-libs@3.3.6"
time="2026-02-04T17:07:32Z" level=info msg="Tool required for debug" tool="esp32:esp32c5-libs@3.3.6"
time="2026-02-04T17:07:32Z" level=info msg="Tool required for debug" tool="esp32:esp32c6-libs@3.3.6"
time="2026-02-04T17:07:32Z" level=info msg="Tool required for debug" tool="esp32:esp32h2-libs@3.3.6"
2026-02-04 17:07:32 2026-02-04T17:07:32.926Z daemon INFO time="2026-02-04T17:07:32Z" level=info msg="Tool required for debug" tool="esp32:esp32p4-libs@3.3.6"
time="2026-02-04T17:07:32Z" level=info msg="Tool required for debug" tool="esp32:esp32p4_es-libs@3.3.6"
time="2026-02-04T17:07:32Z" level=info msg="Tool required for debug" tool="esp32:esp32s2-libs@3.3.6"
time="2026-02-04T17:07:32Z" level=info msg="Tool required for debug" tool="esp32:esp32s3-libs@3.3.6"
time="2026-02-04T17:07:32Z" level=info msg="Tool required for debug" tool="esp32:esptool_py@5.1.0"
time="2026-02-04T17:07:32Z" level=info msg="Tool required for debug" tool="esp32:mklittlefs@4.0.2-db0513a"
2026-02-04 17:07:32 2026-02-04T17:07:32.926Z daemon INFO time="2026-02-04T17:07:32Z" level=info msg="Tool required for debug" tool="esp32:mkspiffs@0.2.3"
time="2026-02-04T17:07:32Z" level=info msg="Tool required for debug" tool="esp32:openocd-esp32@v0.12.0-esp32-20251215"
time="2026-02-04T17:07:32Z" level=info msg="Tool required for debug" tool="esp32:riscv32-esp-elf-gdb@16.3_20250913"
time="2026-02-04T17:07:32Z" level=info msg="Tool required for debug" tool="esp32:xtensa-esp-elf-gdb@16.3_20250913"
time="2026-02-04T17:07:32Z" level=info msg="Tool required for debug" tool="builtin:serial-discovery@1.4.3"
time="2026-02-04T17:07:32Z" level=info msg="Tool required for debug" tool="builtin:mdns-discovery@1.0.12"
time="2026-02-04T17:07:32Z" level=info msg="Tool required for debug" tool="builtin:serial-monitor@0.15.0"
time="2026-02-04T17:07:32Z" level=info msg="Tool required for debug" tool="builtin:dfu-discovery@0.1.2"
time="2026-02-04T17:07:32Z" level=info msg="Tool required for debug" tool="arduino:avrdude@8.0.0-arduino1"
time="2026-02-04T17:07:32Z" level=info msg="Tool required for debug" tool="builtin:ctags@5.8-arduino11"
time="2026-02-04T17:07:32Z" level=info msg="Tool required for debug" tool="arduino:arduinoOTA@1.3.0"
2026-02-04 17:07:32 2026-02-04T17:07:32.926Z daemon INFO time="2026-02-04T17:07:32Z" level=info msg="Tool required for debug" tool="arduino:avr-gcc@7.3.0-atmel3.6.1-arduino7"
2026-02-04 17:07:32 2026-02-04T17:07:32.928Z daemon INFO time="2026-02-04T17:07:32Z" level=info msg="Tool required for debug" tool="arduino:dfu-util@0.11.0-arduino5"
time="2026-02-04T17:07:32Z" level=info msg="Tool required for debug" tool="esp32:esp-rv32@2511"
time="2026-02-04T17:07:32Z" level=info msg="Tool required for debug" tool="esp32:esp-x32@2511"
2026-02-04 17:07:32 2026-02-04T17:07:32.928Z daemon INFO time="2026-02-04T17:07:32Z" level=info msg="Tool required for debug" tool="esp32:esp32-libs@3.3.6"
time="2026-02-04T17:07:32Z" level=info msg="Tool required for debug" tool="esp32:esp32c3-libs@3.3.6"
time="2026-02-04T17:07:32Z" level=info msg="Tool required for debug" tool="esp32:esp32c5-libs@3.3.6"
time="2026-02-04T17:07:32Z" level=info msg="Tool required for debug" tool="esp32:esp32c6-libs@3.3.6"
time="2026-02-04T17:07:32Z" level=info msg="Tool required for debug" tool="esp32:esp32h2-libs@3.3.6"
2026-02-04 17:07:32 2026-02-04T17:07:32.928Z daemon INFO time="2026-02-04T17:07:32Z" level=info msg="Tool required for debug" tool="esp32:esp32p4-libs@3.3.6"
time="2026-02-04T17:07:32Z" level=info msg="Tool required for debug" tool="esp32:esp32p4_es-libs@3.3.6"
time="2026-02-04T17:07:32Z" level=info msg="Tool required for debug" tool="esp32:esp32s2-libs@3.3.6"
2026-02-04 17:07:32 2026-02-04T17:07:32.928Z daemon INFO time="2026-02-04T17:07:32Z" level=info msg="Tool required for debug" tool="esp32:esp32s3-libs@3.3.6"
time="2026-02-04T17:07:32Z" level=info msg="Tool required for debug" tool="esp32:esptool_py@5.1.0"
2026-02-04 17:07:32 2026-02-04T17:07:32.928Z daemon INFO time="2026-02-04T17:07:32Z" level=info msg="Tool required for debug" tool="esp32:mklittlefs@4.0.2-db0513a"
2026-02-04 17:07:32 2026-02-04T17:07:32.928Z daemon INFO time="2026-02-04T17:07:32Z" level=info msg="Tool required for debug" tool="esp32:mkspiffs@0.2.3"
2026-02-04 17:07:32 2026-02-04T17:07:32.928Z daemon INFO time="2026-02-04T17:07:32Z" level=info msg="Tool required for debug" tool="esp32:openocd-esp32@v0.12.0-esp32-20251215"
time="2026-02-04T17:07:32Z" level=info msg="Tool required for debug" tool="esp32:riscv32-esp-elf-gdb@16.3_20250913"
2026-02-04 17:07:32 2026-02-04T17:07:32.928Z daemon INFO time="2026-02-04T17:07:32Z" level=info msg="Tool required for debug" tool="esp32:xtensa-esp-elf-gdb@16.3_20250913"
2026-02-04 17:07:32 2026-02-04T17:07:32.928Z daemon INFO time="2026-02-04T17:07:32Z" level=info msg="Tool required for debug" tool="builtin:serial-monitor@0.15.0"
2026-02-04 17:07:32 2026-02-04T17:07:32.928Z daemon INFO time="2026-02-04T17:07:32Z" level=info msg="Tool required for debug" tool="builtin:mdns-discovery@1.0.12"
time="2026-02-04T17:07:32Z" level=info msg="Tool required for debug" tool="arduino:arduinoOTA@1.3.0"
2026-02-04 17:07:32 2026-02-04T17:07:32.928Z daemon INFO time="2026-02-04T17:07:32Z" level=info msg="Tool required for debug" tool="builtin:ctags@5.8-arduino11"
2026-02-04 17:07:32 2026-02-04T17:07:32.928Z daemon INFO time="2026-02-04T17:07:32Z" level=info msg="Tool required for debug" tool="builtin:dfu-discovery@0.1.2"
2026-02-04 17:07:32 2026-02-04T17:07:32.928Z daemon INFO time="2026-02-04T17:07:32Z" level=info msg="Tool required for debug" tool="builtin:serial-discovery@1.4.3"
time="2026-02-04T17:07:32Z" level=info msg="Tool required for debug" tool="arduino:avr-gcc@7.3.0-atmel3.6.1-arduino7"
time="2026-02-04T17:07:32Z" level=info msg="Tool required for debug" tool="arduino:avrdude@8.0.0-arduino1"
2026-02-04 17:07:32 2026-02-04T17:07:32.929Z daemon INFO time="2026-02-04T17:07:32Z" level=info msg="Tool required for debug" tool="arduino:dfu-util@0.11.0-arduino5"
time="2026-02-04T17:07:32Z" level=info msg="Tool required for debug" tool="esp32:esp-rv32@2511"
time="2026-02-04T17:07:32Z" level=info msg="Tool required for debug" tool="esp32:esp-x32@2511"
2026-02-04 17:07:32 2026-02-04T17:07:32.929Z daemon INFO time="2026-02-04T17:07:32Z" level=info msg="Tool required for debug" tool="esp32:esp32-libs@3.3.6"
time="2026-02-04T17:07:32Z" level=info msg="Tool required for debug" tool="esp32:esp32c3-libs@3.3.6"
time="2026-02-04T17:07:32Z" level=info msg="Tool required for debug" tool="esp32:esp32c5-libs@3.3.6"
time="2026-02-04T17:07:32Z" level=info msg="Tool required for debug" tool="esp32:esp32c6-libs@3.3.6"
time="2026-02-04T17:07:32Z" level=info msg="Tool required for debug" tool="esp32:esp32h2-libs@3.3.6"
time="2026-02-04T17:07:32Z" level=info msg="Tool required for debug" tool="esp32:esp32p4-libs@3.3.6"
time="2026-02-04T17:07:32Z" level=info msg="Tool required for debug" tool="esp32:esp32p4_es-libs@3.3.6"
time="2026-02-04T17:07:32Z" level=info msg="Tool required for debug" tool="esp32:esp32s2-libs@3.3.6"
2026-02-04 17:07:32 2026-02-04T17:07:32.929Z daemon INFO time="2026-02-04T17:07:32Z" level=info msg="Tool required for debug" tool="esp32:esp32s3-libs@3.3.6"
time="2026-02-04T17:07:32Z" level=info msg="Tool required for debug" tool="esp32:esptool_py@5.1.0"
time="2026-02-04T17:07:32Z" level=info msg="Tool required for debug" tool="esp32:mklittlefs@4.0.2-db0513a"
time="2026-02-04T17:07:32Z" level=info msg="Tool required for debug" tool="esp32:mkspiffs@0.2.3"
time="2026-02-04T17:07:32Z" level=info msg="Tool required for debug" tool="esp32:openocd-esp32@v0.12.0-esp32-20251215"
time="2026-02-04T17:07:32Z" level=info msg="Tool required for debug" tool="esp32:riscv32-esp-elf-gdb@16.3_20250913"
2026-02-04 17:07:32 2026-02-04T17:07:32.929Z daemon INFO time="2026-02-04T17:07:32Z" level=info msg="Tool required for debug" tool="esp32:xtensa-esp-elf-gdb@16.3_20250913"
time="2026-02-04T17:07:32Z" level=info msg="Tool required for debug" tool="builtin:ctags@5.8-arduino11"
2026-02-04 17:07:32 2026-02-04T17:07:32.929Z daemon INFO time="2026-02-04T17:07:32Z" level=info msg="Tool required for debug" tool="arduino:avrdude@8.0.0-arduino1"
time="2026-02-04T17:07:32Z" level=info msg="Tool required for debug" tool="builtin:dfu-discovery@0.1.2"
2026-02-04 17:07:32 2026-02-04T17:07:32.929Z daemon INFO time="2026-02-04T17:07:32Z" level=info msg="Tool required for debug" tool="builtin:mdns-discovery@1.0.12"
time="2026-02-04T17:07:32Z" level=info msg="Tool required for debug" tool="arduino:arduinoOTA@1.3.0"
time="2026-02-04T17:07:32Z" level=info msg="Tool required for debug" tool="arduino:avr-gcc@7.3.0-atmel3.6.1-arduino7"
2026-02-04 17:07:32 2026-02-04T17:07:32.929Z daemon INFO time="2026-02-04T17:07:32Z" level=info msg="Tool required for debug" tool="builtin:serial-discovery@1.4.3"
time="2026-02-04T17:07:32Z" level=info msg="Tool required for debug" tool="builtin:serial-monitor@0.15.0"
2026-02-04 17:07:32 2026-02-04T17:07:32.930Z daemon INFO time="2026-02-04T17:07:32Z" level=info msg="Tool required for debug" tool="arduino:dfu-util@0.11.0-arduino5"
time="2026-02-04T17:07:32Z" level=info msg="Tool required for debug" tool="esp32:esp-rv32@2511"
2026-02-04 17:07:32 2026-02-04T17:07:32.930Z daemon INFO time="2026-02-04T17:07:32Z" level=info msg="Tool required for debug" tool="esp32:esp-x32@2511"
time="2026-02-04T17:07:32Z" level=info msg="Tool required for debug" tool="esp32:esp32-libs@3.3.6"
time="2026-02-04T17:07:32Z" level=info msg="Tool required for debug" tool="esp32:esp32c3-libs@3.3.6"
time="2026-02-04T17:07:32Z" level=info msg="Tool required for debug" tool="esp32:esp32c5-libs@3.3.6"
time="2026-02-04T17:07:32Z" level=info msg="Tool required for debug" tool="esp32:esp32c6-libs@3.3.6"
2026-02-04 17:07:32 2026-02-04T17:07:32.930Z daemon INFO time="2026-02-04T17:07:32Z" level=info msg="Tool required for debug" tool="esp32:esp32h2-libs@3.3.6"
time="2026-02-04T17:07:32Z" level=info msg="Tool required for debug" tool="esp32:esp32p4-libs@3.3.6"
time="2026-02-04T17:07:32Z" level=info msg="Tool required for debug" tool="esp32:esp32p4_es-libs@3.3.6"
time="2026-02-04T17:07:32Z" level=info msg="Tool required for debug" tool="esp32:esp32s2-libs@3.3.6"
2026-02-04 17:07:32 2026-02-04T17:07:32.930Z daemon INFO time="2026-02-04T17:07:32Z" level=info msg="Tool required for debug" tool="esp32:esp32s3-libs@3.3.6"
time="2026-02-04T17:07:32Z" level=info msg="Tool required for debug" tool="esp32:esptool_py@5.1.0"
time="2026-02-04T17:07:32Z" level=info msg="Tool required for debug" tool="esp32:mklittlefs@4.0.2-db0513a"
2026-02-04 17:07:32 2026-02-04T17:07:32.930Z daemon INFO time="2026-02-04T17:07:32Z" level=info msg="Tool required for debug" tool="esp32:mkspiffs@0.2.3"
time="2026-02-04T17:07:32Z" level=info msg="Tool required for debug" tool="esp32:openocd-esp32@v0.12.0-esp32-20251215"
time="2026-02-04T17:07:32Z" level=info msg="Tool required for debug" tool="esp32:riscv32-esp-elf-gdb@16.3_20250913"
2026-02-04 17:07:32 2026-02-04T17:07:32.930Z daemon INFO time="2026-02-04T17:07:32Z" level=info msg="Tool required for debug" tool="esp32:xtensa-esp-elf-gdb@16.3_20250913"
time="2026-02-04T17:07:32Z" level=info msg="Tool required for debug" tool="builtin:dfu-discovery@0.1.2"
2026-02-04 17:07:32 2026-02-04T17:07:32.930Z daemon INFO time="2026-02-04T17:07:32Z" level=info msg="Tool required for debug" tool="builtin:mdns-discovery@1.0.12"
time="2026-02-04T17:07:32Z" level=info msg="Tool required for debug" tool="arduino:arduinoOTA@1.3.0"
2026-02-04 17:07:32 2026-02-04T17:07:32.930Z daemon INFO time="2026-02-04T17:07:32Z" level=info msg="Tool required for debug" tool="arduino:avrdude@8.0.0-arduino1"
time="2026-02-04T17:07:32Z" level=info msg="Tool required for debug" tool="builtin:ctags@5.8-arduino11"
2026-02-04 17:07:32 2026-02-04T17:07:32.930Z daemon INFO time="2026-02-04T17:07:32Z" level=info msg="Tool required for debug" tool="builtin:serial-discovery@1.4.3"
time="2026-02-04T17:07:32Z" level=info msg="Tool required for debug" tool="builtin:serial-monitor@0.15.0"
2026-02-04 17:07:32 2026-02-04T17:07:32.930Z daemon INFO time="2026-02-04T17:07:32Z" level=info msg="Tool required for debug" tool="arduino:avr-gcc@7.3.0-atmel3.6.1-arduino7"
2026-02-04 17:07:32 2026-02-04T17:07:32.932Z daemon INFO time="2026-02-04T17:07:32Z" level=info msg="Tool required for debug" tool="arduino:dfu-util@0.11.0-arduino5"
time="2026-02-04T17:07:32Z" level=info msg="Tool required for debug" tool="esp32:esp-rv32@2511"
time="2026-02-04T17:07:32Z" level=info msg="Tool required for debug" tool="esp32:esp-x32@2511"
2026-02-04 17:07:32 2026-02-04T17:07:32.932Z daemon INFO time="2026-02-04T17:07:32Z" level=info msg="Tool required for debug" tool="esp32:esp32-libs@3.3.6"
time="2026-02-04T17:07:32Z" level=info msg="Tool required for debug" tool="esp32:esp32c3-libs@3.3.6"
time="2026-02-04T17:07:32Z" level=info msg="Tool required for debug" tool="esp32:esp32c5-libs@3.3.6"
time="2026-02-04T17:07:32Z" level=info msg="Tool required for debug" tool="esp32:esp32c6-libs@3.3.6"
time="2026-02-04T17:07:32Z" level=info msg="Tool required for debug" tool="esp32:esp32h2-libs@3.3.6"
time="2026-02-04T17:07:32Z" level=info msg="Tool required for debug" tool="esp32:esp32p4-libs@3.3.6"
time="2026-02-04T17:07:32Z" level=info msg="Tool required for debug" tool="esp32:esp32p4_es-libs@3.3.6"
time="2026-02-04T17:07:32Z" level=info msg="Tool required for debug" tool="esp32:esp32s2-libs@3.3.6"
time="2026-02-04T17:07:32Z" level=info msg="Tool required for debug" tool="esp32:esp32s3-libs@3.3.6"
2026-02-04 17:07:32 2026-02-04T17:07:32.932Z daemon INFO time="2026-02-04T17:07:32Z" level=info msg="Tool required for debug" tool="esp32:esptool_py@5.1.0"
time="2026-02-04T17:07:32Z" level=info msg="Tool required for debug" tool="esp32:mklittlefs@4.0.2-db0513a"
time="2026-02-04T17:07:32Z" level=info msg="Tool required for debug" tool="esp32:mkspiffs@0.2.3"
time="2026-02-04T17:07:32Z" level=info msg="Tool required for debug" tool="esp32:openocd-esp32@v0.12.0-esp32-20251215"
time="2026-02-04T17:07:32Z" level=info msg="Tool required for debug" tool="esp32:riscv32-esp-elf-gdb@16.3_20250913"
2026-02-04 17:07:32 2026-02-04T17:07:32.932Z daemon INFO time="2026-02-04T17:07:32Z" level=info msg="Tool required for debug" tool="esp32:xtensa-esp-elf-gdb@16.3_20250913"
time="2026-02-04T17:07:32Z" level=info msg="Tool required for debug" tool="arduino:avrdude@8.0.0-arduino1"
2026-02-04 17:07:32 2026-02-04T17:07:32.932Z daemon INFO time="2026-02-04T17:07:32Z" level=info msg="Tool required for debug" tool="arduino:avr-gcc@7.3.0-atmel3.6.1-arduino7"
time="2026-02-04T17:07:32Z" level=info msg="Tool required for debug" tool="builtin:serial-monitor@0.15.0"
2026-02-04 17:07:32 2026-02-04T17:07:32.932Z daemon INFO time="2026-02-04T17:07:32Z" level=info msg="Tool required for debug" tool="builtin:dfu-discovery@0.1.2"
2026-02-04 17:07:32 2026-02-04T17:07:32.932Z daemon INFO time="2026-02-04T17:07:32Z" level=info msg="Tool required for debug" tool="builtin:mdns-discovery@1.0.12"
2026-02-04 17:07:32 2026-02-04T17:07:32.932Z daemon INFO time="2026-02-04T17:07:32Z" level=info msg="Tool required for debug" tool="builtin:serial-discovery@1.4.3"
time="2026-02-04T17:07:32Z" level=info msg="Tool required for debug" tool="builtin:ctags@5.8-arduino11"
2026-02-04 17:07:32 2026-02-04T17:07:32.932Z daemon INFO time="2026-02-04T17:07:32Z" level=info msg="Tool required for debug" tool="arduino:arduinoOTA@1.3.0"
2026-02-04 17:07:32 2026-02-04T17:07:32.933Z daemon INFO time="2026-02-04T17:07:32Z" level=info msg="Tool required for debug" tool="arduino:dfu-util@0.11.0-arduino5"
time="2026-02-04T17:07:32Z" level=info msg="Tool required for debug" tool="esp32:esp-rv32@2511"
time="2026-02-04T17:07:32Z" level=info msg="Tool required for debug" tool="esp32:esp-x32@2511"
2026-02-04 17:07:32 2026-02-04T17:07:32.933Z daemon INFO time="2026-02-04T17:07:32Z" level=info msg="Tool required for debug" tool="esp32:esp32-libs@3.3.6"
time="2026-02-04T17:07:32Z" level=info msg="Tool required for debug" tool="esp32:esp32c3-libs@3.3.6"
time="2026-02-04T17:07:32Z" level=info msg="Tool required for debug" tool="esp32:esp32c5-libs@3.3.6"
time="2026-02-04T17:07:32Z" level=info msg="Tool required for debug" tool="esp32:esp32c6-libs@3.3.6"
time="2026-02-04T17:07:32Z" level=info msg="Tool required for debug" tool="esp32:esp32h2-libs@3.3.6"
time="2026-02-04T17:07:32Z" level=info msg="Tool required for debug" tool="esp32:esp32p4-libs@3.3.6"
time="2026-02-04T17:07:32Z" level=info msg="Tool required for debug" tool="esp32:esp32p4_es-libs@3.3.6"
2026-02-04 17:07:32 2026-02-04T17:07:32.933Z daemon INFO time="2026-02-04T17:07:32Z" level=info msg="Tool required for debug" tool="esp32:esp32s2-libs@3.3.6"
time="2026-02-04T17:07:32Z" level=info msg="Tool required for debug" tool="esp32:esp32s3-libs@3.3.6"
time="2026-02-04T17:07:32Z" level=info msg="Tool required for debug" tool="esp32:esptool_py@5.1.0"
time="2026-02-04T17:07:32Z" level=info msg="Tool required for debug" tool="esp32:mklittlefs@4.0.2-db0513a"
time="2026-02-04T17:07:32Z" level=info msg="Tool required for debug" tool="esp32:mkspiffs@0.2.3"
time="2026-02-04T17:07:32Z" level=info msg="Tool required for debug" tool="esp32:openocd-esp32@v0.12.0-esp32-20251215"
time="2026-02-04T17:07:32Z" level=info msg="Tool required for debug" tool="esp32:riscv32-esp-elf-gdb@16.3_20250913"
time="2026-02-04T17:07:32Z" level=info msg="Tool required for debug" tool="esp32:xtensa-esp-elf-gdb@16.3_20250913"
2026-02-04 17:07:32 2026-02-04T17:07:32.933Z daemon INFO time="2026-02-04T17:07:32Z" level=info msg="Tool required for debug" tool="builtin:mdns-discovery@1.0.12"
time="2026-02-04T17:07:32Z" level=info msg="Tool required for debug" tool="builtin:serial-monitor@0.15.0"
time="2026-02-04T17:07:32Z" level=info msg="Tool required for debug" tool="builtin:dfu-discovery@0.1.2"
2026-02-04 17:07:32 2026-02-04T17:07:32.933Z daemon INFO time="2026-02-04T17:07:32Z" level=info msg="Tool required for debug" tool="arduino:avr-gcc@7.3.0-atmel3.6.1-arduino7"
time="2026-02-04T17:07:32Z" level=info msg="Tool required for debug" tool="arduino:arduinoOTA@1.3.0"
time="2026-02-04T17:07:32Z" level=info msg="Tool required for debug" tool="builtin:serial-discovery@1.4.3"
2026-02-04 17:07:32 2026-02-04T17:07:32.933Z daemon INFO time="2026-02-04T17:07:32Z" level=info msg="Tool required for debug" tool="builtin:ctags@5.8-arduino11"
time="2026-02-04T17:07:32Z" level=info msg="Tool required for debug" tool="arduino:avrdude@8.0.0-arduino1"
2026-02-04 17:07:32 2026-02-04T17:07:32.935Z daemon INFO time="2026-02-04T17:07:32Z" level=info msg="Tool required for debug" tool="arduino:dfu-util@0.11.0-arduino5"
time="2026-02-04T17:07:32Z" level=info msg="Tool required for debug" tool="esp32:esp-rv32@2511"
2026-02-04 17:07:32 2026-02-04T17:07:32.935Z daemon INFO time="2026-02-04T17:07:32Z" level=info msg="Tool required for debug" tool="esp32:esp-x32@2511"
time="2026-02-04T17:07:32Z" level=info msg="Tool required for debug" tool="esp32:esp32-libs@3.3.6"
time="2026-02-04T17:07:32Z" level=info msg="Tool required for debug" tool="esp32:esp32c3-libs@3.3.6"
time="2026-02-04T17:07:32Z" level=info msg="Tool required for debug" tool="esp32:esp32c5-libs@3.3.6"
time="2026-02-04T17:07:32Z" level=info msg="Tool required for debug" tool="esp32:esp32c6-libs@3.3.6"
time="2026-02-04T17:07:32Z" level=info msg="Tool required for debug" tool="esp32:esp32h2-libs@3.3.6"
time="2026-02-04T17:07:32Z" level=info msg="Tool required for debug" tool="esp32:esp32p4-libs@3.3.6"
time="2026-02-04T17:07:32Z" level=info msg="Tool required for debug" tool="esp32:esp32p4_es-libs@3.3.6"
time="2026-02-04T17:07:32Z" level=info msg="Tool required for debug" tool="esp32:esp32s2-libs@3.3.6"
time="2026-02-04T17:07:32Z" level=info msg="Tool required for debug" tool="esp32:esp32s3-libs@3.3.6"
time="2026-02-04T17:07:32Z" level=info msg="Tool required for debug" tool="esp32:esptool_py@5.1.0"
2026-02-04 17:07:32 2026-02-04T17:07:32.935Z daemon INFO time="2026-02-04T17:07:32Z" level=info msg="Tool required for debug" tool="esp32:mklittlefs@4.0.2-db0513a"
time="2026-02-04T17:07:32Z" level=info msg="Tool required for debug" tool="esp32:mkspiffs@0.2.3"
time="2026-02-04T17:07:32Z" level=info msg="Tool required for debug" tool="esp32:openocd-esp32@v0.12.0-esp32-20251215"
time="2026-02-04T17:07:32Z" level=info msg="Tool required for debug" tool="esp32:riscv32-esp-elf-gdb@16.3_20250913"
2026-02-04 17:07:32 2026-02-04T17:07:32.935Z daemon INFO time="2026-02-04T17:07:32Z" level=info msg="Tool required for debug" tool="esp32:xtensa-esp-elf-gdb@16.3_20250913"
time="2026-02-04T17:07:32Z" level=info msg="Tool required for debug" tool="builtin:mdns-discovery@1.0.12"
2026-02-04 17:07:32 2026-02-04T17:07:32.935Z daemon INFO time="2026-02-04T17:07:32Z" level=info msg="Tool required for debug" tool="builtin:serial-monitor@0.15.0"
time="2026-02-04T17:07:32Z" level=info msg="Tool required for debug" tool="arduino:avr-gcc@7.3.0-atmel3.6.1-arduino7"
2026-02-04 17:07:32 2026-02-04T17:07:32.935Z daemon INFO time="2026-02-04T17:07:32Z" level=info msg="Tool required for debug" tool="builtin:dfu-discovery@0.1.2"
time="2026-02-04T17:07:32Z" level=info msg="Tool required for debug" tool="arduino:arduinoOTA@1.3.0"
2026-02-04 17:07:32 2026-02-04T17:07:32.935Z daemon INFO time="2026-02-04T17:07:32Z" level=info msg="Tool required for debug" tool="arduino:avrdude@8.0.0-arduino1"
2026-02-04 17:07:32 2026-02-04T17:07:32.935Z daemon INFO time="2026-02-04T17:07:32Z" level=info msg="Tool required for debug" tool="builtin:ctags@5.8-arduino11"
2026-02-04 17:07:32 2026-02-04T17:07:32.935Z daemon INFO time="2026-02-04T17:07:32Z" level=info msg="Tool required for debug" tool="builtin:serial-discovery@1.4.3"
2026-02-04 17:07:32 2026-02-04T17:07:32.936Z daemon INFO time="2026-02-04T17:07:32Z" level=info msg="Tool required for debug" tool="arduino:dfu-util@0.11.0-arduino5"
time="2026-02-04T17:07:32Z" level=info msg="Tool required for debug" tool="esp32:esp-rv32@2511"
2026-02-04 17:07:32 2026-02-04T17:07:32.936Z daemon INFO time="2026-02-04T17:07:32Z" level=info msg="Tool required for debug" tool="esp32:esp-x32@2511"
time="2026-02-04T17:07:32Z" level=info msg="Tool required for debug" tool="esp32:esp32-libs@3.3.6"
time="2026-02-04T17:07:32Z" level=info msg="Tool required for debug" tool="esp32:esp32c3-libs@3.3.6"
time="2026-02-04T17:07:32Z" level=info msg="Tool required for debug" tool="esp32:esp32c5-libs@3.3.6"
2026-02-04 17:07:32 2026-02-04T17:07:32.936Z daemon INFO time="2026-02-04T17:07:32Z" level=info msg="Tool required for debug" tool="esp32:esp32c6-libs@3.3.6"
time="2026-02-04T17:07:32Z" level=info msg="Tool required for debug" tool="esp32:esp32h2-libs@3.3.6"
2026-02-04 17:07:32 2026-02-04T17:07:32.936Z daemon INFO time="2026-02-04T17:07:32Z" level=info msg="Tool required for debug" tool="esp32:esp32p4-libs@3.3.6"
time="2026-02-04T17:07:32Z" level=info msg="Tool required for debug" tool="esp32:esp32p4_es-libs@3.3.6"
2026-02-04 17:07:32 2026-02-04T17:07:32.936Z daemon INFO time="2026-02-04T17:07:32Z" level=info msg="Tool required for debug" tool="esp32:esp32s2-libs@3.3.6"
time="2026-02-04T17:07:32Z" level=info msg="Tool required for debug" tool="esp32:esp32s3-libs@3.3.6"
time="2026-02-04T17:07:32Z" level=info msg="Tool required for debug" tool="esp32:esptool_py@5.1.0"
2026-02-04 17:07:32 2026-02-04T17:07:32.936Z daemon INFO time="2026-02-04T17:07:32Z" level=info msg="Tool required for debug" tool="esp32:mklittlefs@4.0.2-db0513a"
time="2026-02-04T17:07:32Z" level=info msg="Tool required for debug" tool="esp32:mkspiffs@0.2.3"
2026-02-04 17:07:32 2026-02-04T17:07:32.936Z daemon INFO time="2026-02-04T17:07:32Z" level=info msg="Tool required for debug" tool="esp32:openocd-esp32@v0.12.0-esp32-20251215"
time="2026-02-04T17:07:32Z" level=info msg="Tool required for debug" tool="esp32:riscv32-esp-elf-gdb@16.3_20250913"
2026-02-04 17:07:32 2026-02-04T17:07:32.936Z daemon INFO time="2026-02-04T17:07:32Z" level=info msg="Tool required for debug" tool="esp32:xtensa-esp-elf-gdb@16.3_20250913"
time="2026-02-04T17:07:32Z" level=info msg="Tool required for debug" tool="builtin:ctags@5.8-arduino11"
2026-02-04 17:07:32 2026-02-04T17:07:32.936Z daemon INFO time="2026-02-04T17:07:32Z" level=info msg="Tool required for debug" tool="builtin:dfu-discovery@0.1.2"
time="2026-02-04T17:07:32Z" level=info msg="Tool required for debug" tool="builtin:serial-monitor@0.15.0"
2026-02-04 17:07:32 2026-02-04T17:07:32.936Z daemon INFO time="2026-02-04T17:07:32Z" level=info msg="Tool required for debug" tool="arduino:avr-gcc@7.3.0-atmel3.6.1-arduino7"
time="2026-02-04T17:07:32Z" level=info msg="Tool required for debug" tool="arduino:avrdude@8.0.0-arduino1"
2026-02-04 17:07:32 2026-02-04T17:07:32.936Z daemon INFO time="2026-02-04T17:07:32Z" level=info msg="Tool required for debug" tool="builtin:mdns-discovery@1.0.12"
time="2026-02-04T17:07:32Z" level=info msg="Tool required for debug" tool="builtin:serial-discovery@1.4.3"
2026-02-04 17:07:32 2026-02-04T17:07:32.936Z daemon INFO time="2026-02-04T17:07:32Z" level=info msg="Tool required for debug" tool="arduino:arduinoOTA@1.3.0"
2026-02-04 17:07:32 2026-02-04T17:07:32.938Z daemon INFO time="2026-02-04T17:07:32Z" level=info msg="Tool required for debug" tool="arduino:dfu-util@0.11.0-arduino5"
time="2026-02-04T17:07:32Z" level=info msg="Tool required for debug" tool="esp32:esp-rv32@2511"
time="2026-02-04T17:07:32Z" level=info msg="Tool required for debug" tool="esp32:esp-x32@2511"
2026-02-04 17:07:32 2026-02-04T17:07:32.938Z daemon INFO time="2026-02-04T17:07:32Z" level=info msg="Tool required for debug" tool="esp32:esp32-libs@3.3.6"
time="2026-02-04T17:07:32Z" level=info msg="Tool required for debug" tool="esp32:esp32c3-libs@3.3.6"
time="2026-02-04T17:07:32Z" level=info msg="Tool required for debug" tool="esp32:esp32c5-libs@3.3.6"
time="2026-02-04T17:07:32Z" level=info msg="Tool required for debug" tool="esp32:esp32c6-libs@3.3.6"
time="2026-02-04T17:07:32Z" level=info msg="Tool required for debug" tool="esp32:esp32h2-libs@3.3.6"
time="2026-02-04T17:07:32Z" level=info msg="Tool required for debug" tool="esp32:esp32p4-libs@3.3.6"
time="2026-02-04T17:07:32Z" level=info msg="Tool required for debug" tool="esp32:esp32p4_es-libs@3.3.6"
time="2026-02-04T17:07:32Z" level=info msg="Tool required for debug" tool="esp32:esp32s2-libs@3.3.6"
time="2026-02-04T17:07:32Z" level=info msg="Tool required for debug" tool="esp32:esp32s3-libs@3.3.6"
time="2026-02-04T17:07:32Z" level=info msg="Tool required for debug" tool="esp32:esptool_py@5.1.0"
time="2026-02-04T17:07:32Z" level=info msg="Tool required for debug" tool="esp32:mklittlefs@4.0.2-db0513a"
time="2026-02-04T17:07:32Z" level=info msg="Tool required for debug" tool="esp32:mkspiffs@0.2.3"
time="2026-02-04T17:07:32Z" level=info msg="Tool required for debug" tool="esp32:openocd-esp32@v0.12.0-esp32-20251215"
time="2026-02-04T17:07:32Z" level=info msg="Tool required for debug" tool="esp32:riscv32-esp-elf-gdb@16.3_20250913"
time="2026-02-04T17:07:32Z" level=info msg="Tool required for debug" tool="esp32:xtensa-esp-elf-gdb@16.3_20250913"
time="2026-02-04T17:07:32Z" level=info msg="Tool required for debug" tool="arduino:arduinoOTA@1.3.0"
time="2026-02-04T17:07:32Z" level=info msg="Tool required for debug" tool="arduino:avrdude@8.0.0-arduino1"
time="2026-02-04T17:07:32Z" level=info msg="Tool required for debug" tool="builtin:mdns-discovery@1.0.12"
time="2026-02-04T17:07:32Z" level=info msg="Tool required for debug" tool="builtin:serial-monitor@0.15.0"
time="2026-02-04T17:07:32Z" level=info msg="Tool required for debug" tool="builtin:ctags@5.8-arduino11"
2026-02-04 17:07:32 2026-02-04T17:07:32.938Z daemon INFO time="2026-02-04T17:07:32Z" level=info msg="Tool required for debug" tool="builtin:dfu-discovery@0.1.2"
time="2026-02-04T17:07:32Z" level=info msg="Tool required for debug" tool="builtin:serial-discovery@1.4.3"
time="2026-02-04T17:07:32Z" level=info msg="Tool required for debug" tool="arduino:avr-gcc@7.3.0-atmel3.6.1-arduino7"
2026-02-04 17:07:32 2026-02-04T17:07:32.939Z daemon INFO time="2026-02-04T17:07:32Z" level=info msg="Tool required for debug" tool="arduino:dfu-util@0.11.0-arduino5"
time="2026-02-04T17:07:32Z" level=info msg="Tool required for debug" tool="esp32:esp-rv32@2511"
time="2026-02-04T17:07:32Z" level=info msg="Tool required for debug" tool="esp32:esp-x32@2511"
2026-02-04 17:07:32 2026-02-04T17:07:32.939Z daemon INFO time="2026-02-04T17:07:32Z" level=info msg="Tool required for debug" tool="esp32:esp32-libs@3.3.6"
time="2026-02-04T17:07:32Z" level=info msg="Tool required for debug" tool="esp32:esp32c3-libs@3.3.6"
time="2026-02-04T17:07:32Z" level=info msg="Tool required for debug" tool="esp32:esp32c5-libs@3.3.6"
time="2026-02-04T17:07:32Z" level=info msg="Tool required for debug" tool="esp32:esp32c6-libs@3.3.6"
time="2026-02-04T17:07:32Z" level=info msg="Tool required for debug" tool="esp32:esp32h2-libs@3.3.6"
time="2026-02-04T17:07:32Z" level=info msg="Tool required for debug" tool="esp32:esp32p4-libs@3.3.6"
time="2026-02-04T17:07:32Z" level=info msg="Tool required for debug" tool="esp32:esp32p4_es-libs@3.3.6"
time="2026-02-04T17:07:32Z" level=info msg="Tool required for debug" tool="esp32:esp32s2-libs@3.3.6"
2026-02-04 17:07:32 2026-02-04T17:07:32.939Z daemon INFO time="2026-02-04T17:07:32Z" level=info msg="Tool required for debug" tool="esp32:esp32s3-libs@3.3.6"
time="2026-02-04T17:07:32Z" level=info msg="Tool required for debug" tool="esp32:esptool_py@5.1.0"
time="2026-02-04T17:07:32Z" level=info msg="Tool required for debug" tool="esp32:mklittlefs@4.0.2-db0513a"
time="2026-02-04T17:07:32Z" level=info msg="Tool required for debug" tool="esp32:mkspiffs@0.2.3"
time="2026-02-04T17:07:32Z" level=info msg="Tool required for debug" tool="esp32:openocd-esp32@v0.12.0-esp32-20251215"
time="2026-02-04T17:07:32Z" level=info msg="Tool required for debug" tool="esp32:riscv32-esp-elf-gdb@16.3_20250913"
2026-02-04 17:07:32 2026-02-04T17:07:32.939Z daemon INFO time="2026-02-04T17:07:32Z" level=info msg="Tool required for debug" tool="esp32:xtensa-esp-elf-gdb@16.3_20250913"
time="2026-02-04T17:07:32Z" level=info msg="Tool required for debug" tool="builtin:dfu-discovery@0.1.2"
time="2026-02-04T17:07:32Z" level=info msg="Tool required for debug" tool="builtin:mdns-discovery@1.0.12"
2026-02-04 17:07:32 2026-02-04T17:07:32.939Z daemon INFO time="2026-02-04T17:07:32Z" level=info msg="Tool required for debug" tool="builtin:serial-discovery@1.4.3"
time="2026-02-04T17:07:32Z" level=info msg="Tool required for debug" tool="arduino:avrdude@8.0.0-arduino1"
time="2026-02-04T17:07:32Z" level=info msg="Tool required for debug" tool="arduino:arduinoOTA@1.3.0"
time="2026-02-04T17:07:32Z" level=info msg="Tool required for debug" tool="builtin:serial-monitor@0.15.0"
2026-02-04 17:07:32 2026-02-04T17:07:32.939Z daemon INFO time="2026-02-04T17:07:32Z" level=info msg="Tool required for debug" tool="builtin:ctags@5.8-arduino11"
time="2026-02-04T17:07:32Z" level=info msg="Tool required for debug" tool="arduino:avr-gcc@7.3.0-atmel3.6.1-arduino7"
2026-02-04 17:07:33 2026-02-04T17:07:33.897Z daemon INFO time="2026-02-04T17:07:33Z" level=info msg="Adding libraries dir" dir=/home/shrek/.arduino15/libraries isSingleLibrary=false location=ide
2026-02-04 17:07:33 2026-02-04T17:07:33.897Z daemon INFO time="2026-02-04T17:07:33Z" level=info msg="Adding libraries dir" dir=/home/shrek/.arduino15/packages/esp32/hardware/esp32/3.3.6/libraries isSingleLibrary=false location=platform
time="2026-02-04T17:07:33Z" level=info msg="Adding libraries dir" dir=/home/shrek/Arduino/libraries isSingleLibrary=false location=user
2026-02-04 17:07:40 2026-02-04T17:07:40.886Z daemon INFO time="2026-02-04T17:07:40Z" level=error msg="Upload port detection failed, watcher closed" task=port_detection
2026-02-04 17:07:50 2026-02-04T17:07:50.079Z daemon INFO time="2026-02-04T17:07:50Z" level=info msg="Adding libraries dir" dir=/home/shrek/.arduino15/libraries isSingleLibrary=false location=ide
2026-02-04 17:07:50 2026-02-04T17:07:50.079Z daemon INFO time="2026-02-04T17:07:50Z" level=info msg="Adding libraries dir" dir=/home/shrek/.arduino15/packages/esp32/hardware/esp32/3.3.6/libraries isSingleLibrary=false location=platform
time="2026-02-04T17:07:50Z" level=info msg="Adding libraries dir" dir=/home/shrek/Arduino/libraries isSingleLibrary=false location=user
2026-02-04 17:07:50 2026-02-04T17:07:50.677Z daemon INFO time="2026-02-04T17:07:50Z" level=info msg="Resolving include FastLED.h for arch esp32"
time="2026-02-04T17:07:50Z" level=info msg="  found better lib" lib=FastLED prio=6A7
2026-02-04 17:07:53 2026-02-04T17:07:53.329Z root INFO Executing 'arduino.languageserver.notifyBuildDidComplete' with "file:///home/shrek/.cache/arduino/sketches/685F1B846501B9FC48DBBE71848122CF"
2026-02-04 17:07:53 2026-02-04T17:07:53.363Z daemon INFO time="2026-02-04T17:07:53Z" level=info msg="Tool required for debug" tool="arduino:dfu-util@0.11.0-arduino5"
time="2026-02-04T17:07:53Z" level=info msg="Tool required for debug" tool="esp32:esp-rv32@2511"
2026-02-04 17:07:53 2026-02-04T17:07:53.363Z daemon INFO time="2026-02-04T17:07:53Z" level=info msg="Tool required for debug" tool="esp32:esp-x32@2511"
time="2026-02-04T17:07:53Z" level=info msg="Tool required for debug" tool="esp32:esp32-libs@3.3.6"
time="2026-02-04T17:07:53Z" level=info msg="Tool required for debug" tool="esp32:esp32c3-libs@3.3.6"
time="2026-02-04T17:07:53Z" level=info msg="Tool required for debug" tool="esp32:esp32c5-libs@3.3.6"
time="2026-02-04T17:07:53Z" level=info msg="Tool required for debug" tool="esp32:esp32c6-libs@3.3.6"
time="2026-02-04T17:07:53Z" level=info msg="Tool required for debug" tool="esp32:esp32h2-libs@3.3.6"
time="2026-02-04T17:07:53Z" level=info msg="Tool required for debug" tool="esp32:esp32p4-libs@3.3.6"
time="2026-02-04T17:07:53Z" level=info msg="Tool required for debug" tool="esp32:esp32p4_es-libs@3.3.6"
time="2026-02-04T17:07:53Z" level=info msg="Tool required for debug" tool="esp32:esp32s2-libs@3.3.6"
2026-02-04 17:07:53 2026-02-04T17:07:53.363Z daemon INFO time="2026-02-04T17:07:53Z" level=info msg="Tool required for debug" tool="esp32:esp32s3-libs@3.3.6"
time="2026-02-04T17:07:53Z" level=info msg="Tool required for debug" tool="esp32:esptool_py@5.1.0"
time="2026-02-04T17:07:53Z" level=info msg="Tool required for debug" tool="esp32:mklittlefs@4.0.2-db0513a"
2026-02-04 17:07:53 2026-02-04T17:07:53.363Z daemon INFO time="2026-02-04T17:07:53Z" level=info msg="Tool required for debug" tool="esp32:mkspiffs@0.2.3"
time="2026-02-04T17:07:53Z" level=info msg="Tool required for debug" tool="esp32:openocd-esp32@v0.12.0-esp32-20251215"
2026-02-04 17:07:53 2026-02-04T17:07:53.363Z daemon INFO time="2026-02-04T17:07:53Z" level=info msg="Tool required for debug" tool="esp32:riscv32-esp-elf-gdb@16.3_20250913"
time="2026-02-04T17:07:53Z" level=info msg="Tool required for debug" tool="esp32:xtensa-esp-elf-gdb@16.3_20250913"
2026-02-04 17:07:53 2026-02-04T17:07:53.363Z daemon INFO time="2026-02-04T17:07:53Z" level=info msg="Tool required for debug" tool="builtin:dfu-discovery@0.1.2"
2026-02-04 17:07:53 2026-02-04T17:07:53.363Z daemon INFO time="2026-02-04T17:07:53Z" level=info msg="Tool required for debug" tool="builtin:mdns-discovery@1.0.12"
time="2026-02-04T17:07:53Z" level=info msg="Tool required for debug" tool="builtin:ctags@5.8-arduino11"
2026-02-04 17:07:53 2026-02-04T17:07:53.363Z daemon INFO time="2026-02-04T17:07:53Z" level=info msg="Tool required for debug" tool="arduino:avr-gcc@7.3.0-atmel3.6.1-arduino7"
time="2026-02-04T17:07:53Z" level=info msg="Tool required for debug" tool="builtin:serial-discovery@1.4.3"
time="2026-02-04T17:07:53Z" level=info msg="Tool required for debug" tool="builtin:serial-monitor@0.15.0"
2026-02-04 17:07:53 2026-02-04T17:07:53.363Z daemon INFO time="2026-02-04T17:07:53Z" level=info msg="Tool required for debug" tool="arduino:arduinoOTA@1.3.0"
time="2026-02-04T17:07:53Z" level=info msg="Tool required for debug" tool="arduino:avrdude@8.0.0-arduino1"
2026-02-04 17:07:53 2026-02-04T17:07:53.365Z daemon INFO time="2026-02-04T17:07:53Z" level=info msg="Tool required for debug" tool="arduino:dfu-util@0.11.0-arduino5"
time="2026-02-04T17:07:53Z" level=info msg="Tool required for debug" tool="esp32:esp-rv32@2511"
2026-02-04 17:07:53 2026-02-04T17:07:53.365Z daemon INFO time="2026-02-04T17:07:53Z" level=info msg="Tool required for debug" tool="esp32:esp-x32@2511"
time="2026-02-04T17:07:53Z" level=info msg="Tool required for debug" tool="esp32:esp32-libs@3.3.6"
time="2026-02-04T17:07:53Z" level=info msg="Tool required for debug" tool="esp32:esp32c3-libs@3.3.6"
2026-02-04 17:07:53 2026-02-04T17:07:53.365Z daemon INFO time="2026-02-04T17:07:53Z" level=info msg="Tool required for debug" tool="esp32:esp32c5-libs@3.3.6"
time="2026-02-04T17:07:53Z" level=info msg="Tool required for debug" tool="esp32:esp32c6-libs@3.3.6"
2026-02-04 17:07:53 2026-02-04T17:07:53.365Z daemon INFO time="2026-02-04T17:07:53Z" level=info msg="Tool required for debug" tool="esp32:esp32h2-libs@3.3.6"
time="2026-02-04T17:07:53Z" level=info msg="Tool required for debug" tool="esp32:esp32p4-libs@3.3.6"
time="2026-02-04T17:07:53Z" level=info msg="Tool required for debug" tool="esp32:esp32p4_es-libs@3.3.6"
2026-02-04 17:07:53 2026-02-04T17:07:53.365Z daemon INFO time="2026-02-04T17:07:53Z" level=info msg="Tool required for debug" tool="esp32:esp32s2-libs@3.3.6"
time="2026-02-04T17:07:53Z" level=info msg="Tool required for debug" tool="esp32:esp32s3-libs@3.3.6"
time="2026-02-04T17:07:53Z" level=info msg="Tool required for debug" tool="esp32:esptool_py@5.1.0"
2026-02-04 17:07:53 2026-02-04T17:07:53.365Z daemon INFO time="2026-02-04T17:07:53Z" level=info msg="Tool required for debug" tool="esp32:mklittlefs@4.0.2-db0513a"
time="2026-02-04T17:07:53Z" level=info msg="Tool required for debug" tool="esp32:mkspiffs@0.2.3"
time="2026-02-04T17:07:53Z" level=info msg="Tool required for debug" tool="esp32:openocd-esp32@v0.12.0-esp32-20251215"
time="2026-02-04T17:07:53Z" level=info msg="Tool required for debug" tool="esp32:riscv32-esp-elf-gdb@16.3_20250913"
2026-02-04 17:07:53 2026-02-04T17:07:53.365Z daemon INFO time="2026-02-04T17:07:53Z" level=info msg="Tool required for debug" tool="esp32:xtensa-esp-elf-gdb@16.3_20250913"
time="2026-02-04T17:07:53Z" level=info msg="Tool required for debug" tool="builtin:serial-discovery@1.4.3"
2026-02-04 17:07:53 2026-02-04T17:07:53.365Z daemon INFO time="2026-02-04T17:07:53Z" level=info msg="Tool required for debug" tool="builtin:serial-monitor@0.15.0"
time="2026-02-04T17:07:53Z" level=info msg="Tool required for debug" tool="arduino:arduinoOTA@1.3.0"
2026-02-04 17:07:53 2026-02-04T17:07:53.365Z daemon INFO time="2026-02-04T17:07:53Z" level=info msg="Tool required for debug" tool="builtin:ctags@5.8-arduino11"
time="2026-02-04T17:07:53Z" level=info msg="Tool required for debug" tool="arduino:avr-gcc@7.3.0-atmel3.6.1-arduino7"
2026-02-04 17:07:53 2026-02-04T17:07:53.365Z daemon INFO time="2026-02-04T17:07:53Z" level=info msg="Tool required for debug" tool="builtin:mdns-discovery@1.0.12"
2026-02-04 17:07:53 2026-02-04T17:07:53.365Z daemon INFO time="2026-02-04T17:07:53Z" level=info msg="Tool required for debug" tool="arduino:avrdude@8.0.0-arduino1"
2026-02-04 17:07:53 2026-02-04T17:07:53.365Z daemon INFO time="2026-02-04T17:07:53Z" level=info msg="Tool required for debug" tool="builtin:dfu-discovery@0.1.2"
2026-02-04 17:07:53 2026-02-04T17:07:53.366Z daemon INFO time="2026-02-04T17:07:53Z" level=info msg="Tool required for debug" tool="arduino:dfu-util@0.11.0-arduino5"
time="2026-02-04T17:07:53Z" level=info msg="Tool required for debug" tool="esp32:esp-rv32@2511"
2026-02-04 17:07:53 2026-02-04T17:07:53.366Z daemon INFO time="2026-02-04T17:07:53Z" level=info msg="Tool required for debug" tool="esp32:esp-x32@2511"
time="2026-02-04T17:07:53Z" level=info msg="Tool required for debug" tool="esp32:esp32-libs@3.3.6"
time="2026-02-04T17:07:53Z" level=info msg="Tool required for debug" tool="esp32:esp32c3-libs@3.3.6"
2026-02-04 17:07:53 2026-02-04T17:07:53.366Z daemon INFO time="2026-02-04T17:07:53Z" level=info msg="Tool required for debug" tool="esp32:esp32c5-libs@3.3.6"
time="2026-02-04T17:07:53Z" level=info msg="Tool required for debug" tool="esp32:esp32c6-libs@3.3.6"
2026-02-04 17:07:53 2026-02-04T17:07:53.366Z daemon INFO time="2026-02-04T17:07:53Z" level=info msg="Tool required for debug" tool="esp32:esp32h2-libs@3.3.6"
time="2026-02-04T17:07:53Z" level=info msg="Tool required for debug" tool="esp32:esp32p4-libs@3.3.6"
time="2026-02-04T17:07:53Z" level=info msg="Tool required for debug" tool="esp32:esp32p4_es-libs@3.3.6"
2026-02-04 17:07:53 2026-02-04T17:07:53.366Z daemon INFO time="2026-02-04T17:07:53Z" level=info msg="Tool required for debug" tool="esp32:esp32s2-libs@3.3.6"
time="2026-02-04T17:07:53Z" level=info msg="Tool required for debug" tool="esp32:esp32s3-libs@3.3.6"
time="2026-02-04T17:07:53Z" level=info msg="Tool required for debug" tool="esp32:esptool_py@5.1.0"
time="2026-02-04T17:07:53Z" level=info msg="Tool required for debug" tool="esp32:mklittlefs@4.0.2-db0513a"
2026-02-04 17:07:53 2026-02-04T17:07:53.366Z daemon INFO time="2026-02-04T17:07:53Z" level=info msg="Tool required for debug" tool="esp32:mkspiffs@0.2.3"
time="2026-02-04T17:07:53Z" level=info msg="Tool required for debug" tool="esp32:openocd-esp32@v0.12.0-esp32-20251215"
time="2026-02-04T17:07:53Z" level=info msg="Tool required for debug" tool="esp32:riscv32-esp-elf-gdb@16.3_20250913"
2026-02-04 17:07:53 2026-02-04T17:07:53.366Z daemon INFO time="2026-02-04T17:07:53Z" level=info msg="Tool required for debug" tool="esp32:xtensa-esp-elf-gdb@16.3_20250913"
time="2026-02-04T17:07:53Z" level=info msg="Tool required for debug" tool="arduino:arduinoOTA@1.3.0"
time="2026-02-04T17:07:53Z" level=info msg="Tool required for debug" tool="builtin:dfu-discovery@0.1.2"
2026-02-04 17:07:53 2026-02-04T17:07:53.366Z daemon INFO time="2026-02-04T17:07:53Z" level=info msg="Tool required for debug" tool="builtin:mdns-discovery@1.0.12"
2026-02-04 17:07:53 2026-02-04T17:07:53.366Z daemon INFO time="2026-02-04T17:07:53Z" level=info msg="Tool required for debug" tool="builtin:ctags@5.8-arduino11"
2026-02-04 17:07:53 2026-02-04T17:07:53.366Z daemon INFO time="2026-02-04T17:07:53Z" level=info msg="Tool required for debug" tool="builtin:serial-discovery@1.4.3"
2026-02-04 17:07:53 2026-02-04T17:07:53.366Z daemon INFO time="2026-02-04T17:07:53Z" level=info msg="Tool required for debug" tool="builtin:serial-monitor@0.15.0"
time="2026-02-04T17:07:53Z" level=info msg="Tool required for debug" tool="arduino:avrdude@8.0.0-arduino1"
time="2026-02-04T17:07:53Z" level=info msg="Tool required for debug" tool="arduino:avr-gcc@7.3.0-atmel3.6.1-arduino7"
2026-02-04 17:07:53 2026-02-04T17:07:53.367Z daemon INFO time="2026-02-04T17:07:53Z" level=info msg="Tool required for debug" tool="arduino:dfu-util@0.11.0-arduino5"
time="2026-02-04T17:07:53Z" level=info msg="Tool required for debug" tool="esp32:esp-rv32@2511"
2026-02-04 17:07:53 2026-02-04T17:07:53.367Z daemon INFO time="2026-02-04T17:07:53Z" level=info msg="Tool required for debug" tool="esp32:esp-x32@2511"
time="2026-02-04T17:07:53Z" level=info msg="Tool required for debug" tool="esp32:esp32-libs@3.3.6"
time="2026-02-04T17:07:53Z" level=info msg="Tool required for debug" tool="esp32:esp32c3-libs@3.3.6"
2026-02-04 17:07:53 2026-02-04T17:07:53.367Z daemon INFO time="2026-02-04T17:07:53Z" level=info msg="Tool required for debug" tool="esp32:esp32c5-libs@3.3.6"
2026-02-04 17:07:53 2026-02-04T17:07:53.367Z daemon INFO time="2026-02-04T17:07:53Z" level=info msg="Tool required for debug" tool="esp32:esp32c6-libs@3.3.6"
time="2026-02-04T17:07:53Z" level=info msg="Tool required for debug" tool="esp32:esp32h2-libs@3.3.6"
2026-02-04 17:07:53 2026-02-04T17:07:53.367Z daemon INFO time="2026-02-04T17:07:53Z" level=info msg="Tool required for debug" tool="esp32:esp32p4-libs@3.3.6"
time="2026-02-04T17:07:53Z" level=info msg="Tool required for debug" tool="esp32:esp32p4_es-libs@3.3.6"
time="2026-02-04T17:07:53Z" level=info msg="Tool required for debug" tool="esp32:esp32s2-libs@3.3.6"
2026-02-04 17:07:53 2026-02-04T17:07:53.367Z daemon INFO time="2026-02-04T17:07:53Z" level=info msg="Tool required for debug" tool="esp32:esp32s3-libs@3.3.6"
time="2026-02-04T17:07:53Z" level=info msg="Tool required for debug" tool="esp32:esptool_py@5.1.0"
time="2026-02-04T17:07:53Z" level=info msg="Tool required for debug" tool="esp32:mklittlefs@4.0.2-db0513a"
2026-02-04 17:07:53 2026-02-04T17:07:53.367Z daemon INFO time="2026-02-04T17:07:53Z" level=info msg="Tool required for debug" tool="esp32:mkspiffs@0.2.3"
time="2026-02-04T17:07:53Z" level=info msg="Tool required for debug" tool="esp32:openocd-esp32@v0.12.0-esp32-20251215"
2026-02-04 17:07:53 2026-02-04T17:07:53.367Z daemon INFO time="2026-02-04T17:07:53Z" level=info msg="Tool required for debug" tool="esp32:riscv32-esp-elf-gdb@16.3_20250913"
time="2026-02-04T17:07:53Z" level=info msg="Tool required for debug" tool="esp32:xtensa-esp-elf-gdb@16.3_20250913"
time="2026-02-04T17:07:53Z" level=info msg="Tool required for debug" tool="builtin:dfu-discovery@0.1.2"
2026-02-04 17:07:53 2026-02-04T17:07:53.367Z daemon INFO time="2026-02-04T17:07:53Z" level=info msg="Tool required for debug" tool="builtin:serial-discovery@1.4.3"
2026-02-04 17:07:53 2026-02-04T17:07:53.367Z daemon INFO time="2026-02-04T17:07:53Z" level=info msg="Tool required for debug" tool="builtin:ctags@5.8-arduino11"
time="2026-02-04T17:07:53Z" level=info msg="Tool required for debug" tool="arduino:avr-gcc@7.3.0-atmel3.6.1-arduino7"
time="2026-02-04T17:07:53Z" level=info msg="Tool required for debug" tool="builtin:mdns-discovery@1.0.12"
2026-02-04 17:07:53 2026-02-04T17:07:53.367Z daemon INFO time="2026-02-04T17:07:53Z" level=info msg="Tool required for debug" tool="arduino:arduinoOTA@1.3.0"
time="2026-02-04T17:07:53Z" level=info msg="Tool required for debug" tool="arduino:avrdude@8.0.0-arduino1"
time="2026-02-04T17:07:53Z" level=info msg="Tool required for debug" tool="builtin:serial-monitor@0.15.0"
2026-02-04 17:07:53 2026-02-04T17:07:53.368Z daemon INFO time="2026-02-04T17:07:53Z" level=info msg="Tool required for debug" tool="arduino:dfu-util@0.11.0-arduino5"
time="2026-02-04T17:07:53Z" level=info msg="Tool required for debug" tool="esp32:esp-rv32@2511"
time="2026-02-04T17:07:53Z" level=info msg="Tool required for debug" tool="esp32:esp-x32@2511"
time="2026-02-04T17:07:53Z" level=info msg="Tool required for debug" tool="esp32:esp32-libs@3.3.6"
2026-02-04 17:07:53 2026-02-04T17:07:53.368Z daemon INFO time="2026-02-04T17:07:53Z" level=info msg="Tool required for debug" tool="esp32:esp32c3-libs@3.3.6"
time="2026-02-04T17:07:53Z" level=info msg="Tool required for debug" tool="esp32:esp32c5-libs@3.3.6"
time="2026-02-04T17:07:53Z" level=info msg="Tool required for debug" tool="esp32:esp32c6-libs@3.3.6"
time="2026-02-04T17:07:53Z" level=info msg="Tool required for debug" tool="esp32:esp32h2-libs@3.3.6"
time="2026-02-04T17:07:53Z" level=info msg="Tool required for debug" tool="esp32:esp32p4-libs@3.3.6"
time="2026-02-04T17:07:53Z" level=info msg="Tool required for debug" tool="esp32:esp32p4_es-libs@3.3.6"
time="2026-02-04T17:07:53Z" level=info msg="Tool required for debug" tool="esp32:esp32s2-libs@3.3.6"
2026-02-04 17:07:53 2026-02-04T17:07:53.368Z daemon INFO time="2026-02-04T17:07:53Z" level=info msg="Tool required for debug" tool="esp32:esp32s3-libs@3.3.6"
time="2026-02-04T17:07:53Z" level=info msg="Tool required for debug" tool="esp32:esptool_py@5.1.0"
time="2026-02-04T17:07:53Z" level=info msg="Tool required for debug" tool="esp32:mklittlefs@4.0.2-db0513a"
2026-02-04 17:07:53 2026-02-04T17:07:53.368Z daemon INFO time="2026-02-04T17:07:53Z" level=info msg="Tool required for debug" tool="esp32:mkspiffs@0.2.3"
time="2026-02-04T17:07:53Z" level=info msg="Tool required for debug" tool="esp32:openocd-esp32@v0.12.0-esp32-20251215"
time="2026-02-04T17:07:53Z" level=info msg="Tool required for debug" tool="esp32:riscv32-esp-elf-gdb@16.3_20250913"
2026-02-04 17:07:53 2026-02-04T17:07:53.369Z daemon INFO time="2026-02-04T17:07:53Z" level=info msg="Tool required for debug" tool="esp32:xtensa-esp-elf-gdb@16.3_20250913"
time="2026-02-04T17:07:53Z" level=info msg="Tool required for debug" tool="builtin:serial-discovery@1.4.3"
2026-02-04 17:07:53 2026-02-04T17:07:53.369Z daemon INFO time="2026-02-04T17:07:53Z" level=info msg="Tool required for debug" tool="builtin:ctags@5.8-arduino11"
time="2026-02-04T17:07:53Z" level=info msg="Tool required for debug" tool="builtin:mdns-discovery@1.0.12"
time="2026-02-04T17:07:53Z" level=info msg="Tool required for debug" tool="arduino:avrdude@8.0.0-arduino1"
time="2026-02-04T17:07:53Z" level=info msg="Tool required for debug" tool="arduino:avr-gcc@7.3.0-atmel3.6.1-arduino7"
time="2026-02-04T17:07:53Z" level=info msg="Tool required for debug" tool="builtin:serial-monitor@0.15.0"
2026-02-04 17:07:53 2026-02-04T17:07:53.369Z daemon INFO time="2026-02-04T17:07:53Z" level=info msg="Tool required for debug" tool="builtin:dfu-discovery@0.1.2"
time="2026-02-04T17:07:53Z" level=info msg="Tool required for debug" tool="arduino:arduinoOTA@1.3.0"
2026-02-04 17:07:53 2026-02-04T17:07:53.370Z daemon INFO time="2026-02-04T17:07:53Z" level=info msg="Tool required for debug" tool="arduino:dfu-util@0.11.0-arduino5"
time="2026-02-04T17:07:53Z" level=info msg="Tool required for debug" tool="esp32:esp-rv32@2511"
2026-02-04 17:07:53 2026-02-04T17:07:53.370Z daemon INFO time="2026-02-04T17:07:53Z" level=info msg="Tool required for debug" tool="esp32:esp-x32@2511"
time="2026-02-04T17:07:53Z" level=info msg="Tool required for debug" tool="esp32:esp32-libs@3.3.6"
time="2026-02-04T17:07:53Z" level=info msg="Tool required for debug" tool="esp32:esp32c3-libs@3.3.6"
time="2026-02-04T17:07:53Z" level=info msg="Tool required for debug" tool="esp32:esp32c5-libs@3.3.6"
time="2026-02-04T17:07:53Z" level=info msg="Tool required for debug" tool="esp32:esp32c6-libs@3.3.6"
2026-02-04 17:07:53 2026-02-04T17:07:53.370Z daemon INFO time="2026-02-04T17:07:53Z" level=info msg="Tool required for debug" tool="esp32:esp32h2-libs@3.3.6"
time="2026-02-04T17:07:53Z" level=info msg="Tool required for debug" tool="esp32:esp32p4-libs@3.3.6"
2026-02-04 17:07:53 2026-02-04T17:07:53.370Z daemon INFO time="2026-02-04T17:07:53Z" level=info msg="Tool required for debug" tool="esp32:esp32p4_es-libs@3.3.6"
time="2026-02-04T17:07:53Z" level=info msg="Tool required for debug" tool="esp32:esp32s2-libs@3.3.6"
2026-02-04 17:07:53 2026-02-04T17:07:53.370Z daemon INFO time="2026-02-04T17:07:53Z" level=info msg="Tool required for debug" tool="esp32:esp32s3-libs@3.3.6"
time="2026-02-04T17:07:53Z" level=info msg="Tool required for debug" tool="esp32:esptool_py@5.1.0"
time="2026-02-04T17:07:53Z" level=info msg="Tool required for debug" tool="esp32:mklittlefs@4.0.2-db0513a"
2026-02-04 17:07:53 2026-02-04T17:07:53.370Z daemon INFO time="2026-02-04T17:07:53Z" level=info msg="Tool required for debug" tool="esp32:mkspiffs@0.2.3"
time="2026-02-04T17:07:53Z" level=info msg="Tool required for debug" tool="esp32:openocd-esp32@v0.12.0-esp32-20251215"
2026-02-04 17:07:53 2026-02-04T17:07:53.370Z daemon INFO time="2026-02-04T17:07:53Z" level=info msg="Tool required for debug" tool="esp32:riscv32-esp-elf-gdb@16.3_20250913"
time="2026-02-04T17:07:53Z" level=info msg="Tool required for debug" tool="esp32:xtensa-esp-elf-gdb@16.3_20250913"
time="2026-02-04T17:07:53Z" level=info msg="Tool required for debug" tool="builtin:mdns-discovery@1.0.12"
2026-02-04 17:07:53 2026-02-04T17:07:53.370Z daemon INFO time="2026-02-04T17:07:53Z" level=info msg="Tool required for debug" tool="arduino:avr-gcc@7.3.0-atmel3.6.1-arduino7"
2026-02-04 17:07:53 2026-02-04T17:07:53.370Z daemon INFO time="2026-02-04T17:07:53Z" level=info msg="Tool required for debug" tool="builtin:serial-monitor@0.15.0"
time="2026-02-04T17:07:53Z" level=info msg="Tool required for debug" tool="builtin:dfu-discovery@0.1.2"
2026-02-04 17:07:53 2026-02-04T17:07:53.370Z daemon INFO time="2026-02-04T17:07:53Z" level=info msg="Tool required for debug" tool="builtin:serial-discovery@1.4.3"
time="2026-02-04T17:07:53Z" level=info msg="Tool required for debug" tool="arduino:arduinoOTA@1.3.0"
time="2026-02-04T17:07:53Z" level=info msg="Tool required for debug" tool="arduino:avrdude@8.0.0-arduino1"
2026-02-04 17:07:53 2026-02-04T17:07:53.370Z daemon INFO time="2026-02-04T17:07:53Z" level=info msg="Tool required for debug" tool="builtin:ctags@5.8-arduino11"
2026-02-04 17:07:53 2026-02-04T17:07:53.371Z daemon INFO time="2026-02-04T17:07:53Z" level=info msg="Tool required for debug" tool="arduino:dfu-util@0.11.0-arduino5"
time="2026-02-04T17:07:53Z" level=info msg="Tool required for debug" tool="esp32:esp-rv32@2511"
time="2026-02-04T17:07:53Z" level=info msg="Tool required for debug" tool="esp32:esp-x32@2511"
2026-02-04 17:07:53 2026-02-04T17:07:53.371Z daemon INFO time="2026-02-04T17:07:53Z" level=info msg="Tool required for debug" tool="esp32:esp32-libs@3.3.6"
time="2026-02-04T17:07:53Z" level=info msg="Tool required for debug" tool="esp32:esp32c3-libs@3.3.6"
time="2026-02-04T17:07:53Z" level=info msg="Tool required for debug" tool="esp32:esp32c5-libs@3.3.6"
time="2026-02-04T17:07:53Z" level=info msg="Tool required for debug" tool="esp32:esp32c6-libs@3.3.6"
time="2026-02-04T17:07:53Z" level=info msg="Tool required for debug" tool="esp32:esp32h2-libs@3.3.6"
2026-02-04 17:07:53 2026-02-04T17:07:53.371Z daemon INFO time="2026-02-04T17:07:53Z" level=info msg="Tool required for debug" tool="esp32:esp32p4-libs@3.3.6"
time="2026-02-04T17:07:53Z" level=info msg="Tool required for debug" tool="esp32:esp32p4_es-libs@3.3.6"
time="2026-02-04T17:07:53Z" level=info msg="Tool required for debug" tool="esp32:esp32s2-libs@3.3.6"
2026-02-04 17:07:53 2026-02-04T17:07:53.371Z daemon INFO time="2026-02-04T17:07:53Z" level=info msg="Tool required for debug" tool="esp32:esp32s3-libs@3.3.6"
time="2026-02-04T17:07:53Z" level=info msg="Tool required for debug" tool="esp32:esptool_py@5.1.0"
2026-02-04 17:07:53 2026-02-04T17:07:53.371Z daemon INFO time="2026-02-04T17:07:53Z" level=info msg="Tool required for debug" tool="esp32:mklittlefs@4.0.2-db0513a"
time="2026-02-04T17:07:53Z" level=info msg="Tool required for debug" tool="esp32:mkspiffs@0.2.3"
time="2026-02-04T17:07:53Z" level=info msg="Tool required for debug" tool="esp32:openocd-esp32@v0.12.0-esp32-20251215"
2026-02-04 17:07:53 2026-02-04T17:07:53.371Z daemon INFO time="2026-02-04T17:07:53Z" level=info msg="Tool required for debug" tool="esp32:riscv32-esp-elf-gdb@16.3_20250913"
time="2026-02-04T17:07:53Z" level=info msg="Tool required for debug" tool="esp32:xtensa-esp-elf-gdb@16.3_20250913"
2026-02-04 17:07:53 2026-02-04T17:07:53.371Z daemon INFO time="2026-02-04T17:07:53Z" level=info msg="Tool required for debug" tool="arduino:avr-gcc@7.3.0-atmel3.6.1-arduino7"
time="2026-02-04T17:07:53Z" level=info msg="Tool required for debug" tool="builtin:dfu-discovery@0.1.2"
2026-02-04 17:07:53 2026-02-04T17:07:53.371Z daemon INFO time="2026-02-04T17:07:53Z" level=info msg="Tool required for debug" tool="builtin:serial-discovery@1.4.3"
time="2026-02-04T17:07:53Z" level=info msg="Tool required for debug" tool="builtin:serial-monitor@0.15.0"
2026-02-04 17:07:53 2026-02-04T17:07:53.371Z daemon INFO time="2026-02-04T17:07:53Z" level=info msg="Tool required for debug" tool="builtin:ctags@5.8-arduino11"
2026-02-04 17:07:53 2026-02-04T17:07:53.371Z daemon INFO time="2026-02-04T17:07:53Z" level=info msg="Tool required for debug" tool="arduino:avrdude@8.0.0-arduino1"
time="2026-02-04T17:07:53Z" level=info msg="Tool required for debug" tool="builtin:mdns-discovery@1.0.12"
2026-02-04 17:07:53 2026-02-04T17:07:53.371Z daemon INFO time="2026-02-04T17:07:53Z" level=info msg="Tool required for debug" tool="arduino:arduinoOTA@1.3.0"
2026-02-04 17:07:53 2026-02-04T17:07:53.372Z daemon INFO time="2026-02-04T17:07:53Z" level=info msg="Tool required for debug" tool="arduino:dfu-util@0.11.0-arduino5"
time="2026-02-04T17:07:53Z" level=info msg="Tool required for debug" tool="esp32:esp-rv32@2511"
time="2026-02-04T17:07:53Z" level=info msg="Tool required for debug" tool="esp32:esp-x32@2511"
2026-02-04 17:07:53 2026-02-04T17:07:53.372Z daemon INFO time="2026-02-04T17:07:53Z" level=info msg="Tool required for debug" tool="esp32:esp32-libs@3.3.6"
time="2026-02-04T17:07:53Z" level=info msg="Tool required for debug" tool="esp32:esp32c3-libs@3.3.6"
time="2026-02-04T17:07:53Z" level=info msg="Tool required for debug" tool="esp32:esp32c5-libs@3.3.6"
time="2026-02-04T17:07:53Z" level=info msg="Tool required for debug" tool="esp32:esp32c6-libs@3.3.6"
time="2026-02-04T17:07:53Z" level=info msg="Tool required for debug" tool="esp32:esp32h2-libs@3.3.6"
time="2026-02-04T17:07:53Z" level=info msg="Tool required for debug" tool="esp32:esp32p4-libs@3.3.6"
time="2026-02-04T17:07:53Z" level=info msg="Tool required for debug" tool="esp32:esp32p4_es-libs@3.3.6"
2026-02-04 17:07:53 2026-02-04T17:07:53.372Z daemon INFO time="2026-02-04T17:07:53Z" level=info msg="Tool required for debug" tool="esp32:esp32s2-libs@3.3.6"
time="2026-02-04T17:07:53Z" level=info msg="Tool required for debug" tool="esp32:esp32s3-libs@3.3.6"
time="2026-02-04T17:07:53Z" level=info msg="Tool required for debug" tool="esp32:esptool_py@5.1.0"
2026-02-04 17:07:53 2026-02-04T17:07:53.372Z daemon INFO time="2026-02-04T17:07:53Z" level=info msg="Tool required for debug" tool="esp32:mklittlefs@4.0.2-db0513a"
time="2026-02-04T17:07:53Z" level=info msg="Tool required for debug" tool="esp32:mkspiffs@0.2.3"
time="2026-02-04T17:07:53Z" level=info msg="Tool required for debug" tool="esp32:openocd-esp32@v0.12.0-esp32-20251215"
time="2026-02-04T17:07:53Z" level=info msg="Tool required for debug" tool="esp32:riscv32-esp-elf-gdb@16.3_20250913"
2026-02-04 17:07:53 2026-02-04T17:07:53.372Z daemon INFO time="2026-02-04T17:07:53Z" level=info msg="Tool required for debug" tool="esp32:xtensa-esp-elf-gdb@16.3_20250913"
time="2026-02-04T17:07:53Z" level=info msg="Tool required for debug" tool="arduino:avrdude@8.0.0-arduino1"
time="2026-02-04T17:07:53Z" level=info msg="Tool required for debug" tool="builtin:mdns-discovery@1.0.12"
2026-02-04 17:07:53 2026-02-04T17:07:53.372Z daemon INFO time="2026-02-04T17:07:53Z" level=info msg="Tool required for debug" tool="builtin:serial-discovery@1.4.3"
2026-02-04 17:07:53 2026-02-04T17:07:53.372Z daemon INFO time="2026-02-04T17:07:53Z" level=info msg="Tool required for debug" tool="builtin:serial-monitor@0.15.0"
time="2026-02-04T17:07:53Z" level=info msg="Tool required for debug" tool="arduino:arduinoOTA@1.3.0"
time="2026-02-04T17:07:53Z" level=info msg="Tool required for debug" tool="arduino:avr-gcc@7.3.0-atmel3.6.1-arduino7"
2026-02-04 17:07:53 2026-02-04T17:07:53.372Z daemon INFO time="2026-02-04T17:07:53Z" level=info msg="Tool required for debug" tool="builtin:ctags@5.8-arduino11"
time="2026-02-04T17:07:53Z" level=info msg="Tool required for debug" tool="builtin:dfu-discovery@0.1.2"
2026-02-04 17:07:53 2026-02-04T17:07:53.374Z daemon INFO time="2026-02-04T17:07:53Z" level=info msg="Tool required for debug" tool="arduino:dfu-util@0.11.0-arduino5"
time="2026-02-04T17:07:53Z" level=info msg="Tool required for debug" tool="esp32:esp-rv32@2511"
time="2026-02-04T17:07:53Z" level=info msg="Tool required for debug" tool="esp32:esp-x32@2511"
2026-02-04 17:07:53 2026-02-04T17:07:53.374Z daemon INFO time="2026-02-04T17:07:53Z" level=info msg="Tool required for debug" tool="esp32:esp32-libs@3.3.6"
time="2026-02-04T17:07:53Z" level=info msg="Tool required for debug" tool="esp32:esp32c3-libs@3.3.6"
time="2026-02-04T17:07:53Z" level=info msg="Tool required for debug" tool="esp32:esp32c5-libs@3.3.6"
time="2026-02-04T17:07:53Z" level=info msg="Tool required for debug" tool="esp32:esp32c6-libs@3.3.6"
time="2026-02-04T17:07:53Z" level=info msg="Tool required for debug" tool="esp32:esp32h2-libs@3.3.6"
time="2026-02-04T17:07:53Z" level=info msg="Tool required for debug" tool="esp32:esp32p4-libs@3.3.6"
2026-02-04 17:07:53 2026-02-04T17:07:53.374Z daemon INFO time="2026-02-04T17:07:53Z" level=info msg="Tool required for debug" tool="esp32:esp32p4_es-libs@3.3.6"
time="2026-02-04T17:07:53Z" level=info msg="Tool required for debug" tool="esp32:esp32s2-libs@3.3.6"
time="2026-02-04T17:07:53Z" level=info msg="Tool required for debug" tool="esp32:esp32s3-libs@3.3.6"
2026-02-04 17:07:53 2026-02-04T17:07:53.374Z daemon INFO time="2026-02-04T17:07:53Z" level=info msg="Tool required for debug" tool="esp32:esptool_py@5.1.0"
time="2026-02-04T17:07:53Z" level=info msg="Tool required for debug" tool="esp32:mklittlefs@4.0.2-db0513a"
2026-02-04 17:07:53 2026-02-04T17:07:53.374Z daemon INFO time="2026-02-04T17:07:53Z" level=info msg="Tool required for debug" tool="esp32:mkspiffs@0.2.3"
time="2026-02-04T17:07:53Z" level=info msg="Tool required for debug" tool="esp32:openocd-esp32@v0.12.0-esp32-20251215"
time="2026-02-04T17:07:53Z" level=info msg="Tool required for debug" tool="esp32:riscv32-esp-elf-gdb@16.3_20250913"
2026-02-04 17:07:53 2026-02-04T17:07:53.374Z daemon INFO time="2026-02-04T17:07:53Z" level=info msg="Tool required for debug" tool="esp32:xtensa-esp-elf-gdb@16.3_20250913"
time="2026-02-04T17:07:53Z" level=info msg="Tool required for debug" tool="builtin:dfu-discovery@0.1.2"
2026-02-04 17:07:53 2026-02-04T17:07:53.374Z daemon INFO time="2026-02-04T17:07:53Z" level=info msg="Tool required for debug" tool="builtin:serial-discovery@1.4.3"
2026-02-04 17:07:53 2026-02-04T17:07:53.374Z daemon INFO time="2026-02-04T17:07:53Z" level=info msg="Tool required for debug" tool="arduino:avrdude@8.0.0-arduino1"
time="2026-02-04T17:07:53Z" level=info msg="Tool required for debug" tool="builtin:ctags@5.8-arduino11"
2026-02-04 17:07:53 2026-02-04T17:07:53.374Z daemon INFO time="2026-02-04T17:07:53Z" level=info msg="Tool required for debug" tool="builtin:mdns-discovery@1.0.12"
time="2026-02-04T17:07:53Z" level=info msg="Tool required for debug" tool="arduino:arduinoOTA@1.3.0"
2026-02-04 17:07:53 2026-02-04T17:07:53.374Z daemon INFO time="2026-02-04T17:07:53Z" level=info msg="Tool required for debug" tool="arduino:avr-gcc@7.3.0-atmel3.6.1-arduino7"
time="2026-02-04T17:07:53Z" level=info msg="Tool required for debug" tool="builtin:serial-monitor@0.15.0"
2026-02-04 17:07:53 2026-02-04T17:07:53.375Z daemon INFO time="2026-02-04T17:07:53Z" level=info msg="Tool required for debug" tool="arduino:dfu-util@0.11.0-arduino5"
time="2026-02-04T17:07:53Z" level=info msg="Tool required for debug" tool="esp32:esp-rv32@2511"
time="2026-02-04T17:07:53Z" level=info msg="Tool required for debug" tool="esp32:esp-x32@2511"
2026-02-04 17:07:53 2026-02-04T17:07:53.375Z daemon INFO time="2026-02-04T17:07:53Z" level=info msg="Tool required for debug" tool="esp32:esp32-libs@3.3.6"
time="2026-02-04T17:07:53Z" level=info msg="Tool required for debug" tool="esp32:esp32c3-libs@3.3.6"
time="2026-02-04T17:07:53Z" level=info msg="Tool required for debug" tool="esp32:esp32c5-libs@3.3.6"
time="2026-02-04T17:07:53Z" level=info msg="Tool required for debug" tool="esp32:esp32c6-libs@3.3.6"
time="2026-02-04T17:07:53Z" level=info msg="Tool required for debug" tool="esp32:esp32h2-libs@3.3.6"
time="2026-02-04T17:07:53Z" level=info msg="Tool required for debug" tool="esp32:esp32p4-libs@3.3.6"
time="2026-02-04T17:07:53Z" level=info msg="Tool required for debug" tool="esp32:esp32p4_es-libs@3.3.6"
2026-02-04 17:07:53 2026-02-04T17:07:53.375Z daemon INFO time="2026-02-04T17:07:53Z" level=info msg="Tool required for debug" tool="esp32:esp32s2-libs@3.3.6"
time="2026-02-04T17:07:53Z" level=info msg="Tool required for debug" tool="esp32:esp32s3-libs@3.3.6"
time="2026-02-04T17:07:53Z" level=info msg="Tool required for debug" tool="esp32:esptool_py@5.1.0"
time="2026-02-04T17:07:53Z" level=info msg="Tool required for debug" tool="esp32:mklittlefs@4.0.2-db0513a"
2026-02-04 17:07:53 2026-02-04T17:07:53.375Z daemon INFO time="2026-02-04T17:07:53Z" level=info msg="Tool required for debug" tool="esp32:mkspiffs@0.2.3"
time="2026-02-04T17:07:53Z" level=info msg="Tool required for debug" tool="esp32:openocd-esp32@v0.12.0-esp32-20251215"
time="2026-02-04T17:07:53Z" level=info msg="Tool required for debug" tool="esp32:riscv32-esp-elf-gdb@16.3_20250913"
2026-02-04 17:07:53 2026-02-04T17:07:53.375Z daemon INFO time="2026-02-04T17:07:53Z" level=info msg="Tool required for debug" tool="esp32:xtensa-esp-elf-gdb@16.3_20250913"
time="2026-02-04T17:07:53Z" level=info msg="Tool required for debug" tool="builtin:ctags@5.8-arduino11"
2026-02-04 17:07:53 2026-02-04T17:07:53.375Z daemon INFO time="2026-02-04T17:07:53Z" level=info msg="Tool required for debug" tool="builtin:mdns-discovery@1.0.12"
time="2026-02-04T17:07:53Z" level=info msg="Tool required for debug" tool="builtin:serial-monitor@0.15.0"
2026-02-04 17:07:53 2026-02-04T17:07:53.375Z daemon INFO time="2026-02-04T17:07:53Z" level=info msg="Tool required for debug" tool="arduino:arduinoOTA@1.3.0"
2026-02-04 17:07:53 2026-02-04T17:07:53.375Z daemon INFO time="2026-02-04T17:07:53Z" level=info msg="Tool required for debug" tool="arduino:avrdude@8.0.0-arduino1"
time="2026-02-04T17:07:53Z" level=info msg="Tool required for debug" tool="arduino:avr-gcc@7.3.0-atmel3.6.1-arduino7"
time="2026-02-04T17:07:53Z" level=info msg="Tool required for debug" tool="builtin:serial-discovery@1.4.3"
2026-02-04 17:07:53 2026-02-04T17:07:53.375Z daemon INFO time="2026-02-04T17:07:53Z" level=info msg="Tool required for debug" tool="builtin:dfu-discovery@0.1.2"
2026-02-04 17:07:53 2026-02-04T17:07:53.376Z daemon INFO time="2026-02-04T17:07:53Z" level=info msg="Tool required for debug" tool="arduino:dfu-util@0.11.0-arduino5"
time="2026-02-04T17:07:53Z" level=info msg="Tool required for debug" tool="esp32:esp-rv32@2511"
time="2026-02-04T17:07:53Z" level=info msg="Tool required for debug" tool="esp32:esp-x32@2511"
2026-02-04 17:07:53 2026-02-04T17:07:53.376Z daemon INFO time="2026-02-04T17:07:53Z" level=info msg="Tool required for debug" tool="esp32:esp32-libs@3.3.6"
time="2026-02-04T17:07:53Z" level=info msg="Tool required for debug" tool="esp32:esp32c3-libs@3.3.6"
time="2026-02-04T17:07:53Z" level=info msg="Tool required for debug" tool="esp32:esp32c5-libs@3.3.6"
time="2026-02-04T17:07:53Z" level=info msg="Tool required for debug" tool="esp32:esp32c6-libs@3.3.6"
time="2026-02-04T17:07:53Z" level=info msg="Tool required for debug" tool="esp32:esp32h2-libs@3.3.6"
time="2026-02-04T17:07:53Z" level=info msg="Tool required for debug" tool="esp32:esp32p4-libs@3.3.6"
time="2026-02-04T17:07:53Z" level=info msg="Tool required for debug" tool="esp32:esp32p4_es-libs@3.3.6"
2026-02-04 17:07:53 2026-02-04T17:07:53.376Z daemon INFO time="2026-02-04T17:07:53Z" level=info msg="Tool required for debug" tool="esp32:esp32s2-libs@3.3.6"
time="2026-02-04T17:07:53Z" level=info msg="Tool required for debug" tool="esp32:esp32s3-libs@3.3.6"
time="2026-02-04T17:07:53Z" level=info msg="Tool required for debug" tool="esp32:esptool_py@5.1.0"
time="2026-02-04T17:07:53Z" level=info msg="Tool required for debug" tool="esp32:mklittlefs@4.0.2-db0513a"
2026-02-04 17:07:53 2026-02-04T17:07:53.376Z daemon INFO time="2026-02-04T17:07:53Z" level=info msg="Tool required for debug" tool="esp32:mkspiffs@0.2.3"
time="2026-02-04T17:07:53Z" level=info msg="Tool required for debug" tool="esp32:openocd-esp32@v0.12.0-esp32-20251215"
time="2026-02-04T17:07:53Z" level=info msg="Tool required for debug" tool="esp32:riscv32-esp-elf-gdb@16.3_20250913"
time="2026-02-04T17:07:53Z" level=info msg="Tool required for debug" tool="esp32:xtensa-esp-elf-gdb@16.3_20250913"
2026-02-04 17:07:53 2026-02-04T17:07:53.376Z daemon INFO time="2026-02-04T17:07:53Z" level=info msg="Tool required for debug" tool="builtin:serial-discovery@1.4.3"
time="2026-02-04T17:07:53Z" level=info msg="Tool required for debug" tool="builtin:serial-monitor@0.15.0"
2026-02-04 17:07:53 2026-02-04T17:07:53.376Z daemon INFO time="2026-02-04T17:07:53Z" level=info msg="Tool required for debug" tool="builtin:ctags@5.8-arduino11"
time="2026-02-04T17:07:53Z" level=info msg="Tool required for debug" tool="builtin:dfu-discovery@0.1.2"
2026-02-04 17:07:53 2026-02-04T17:07:53.376Z daemon INFO time="2026-02-04T17:07:53Z" level=info msg="Tool required for debug" tool="arduino:avr-gcc@7.3.0-atmel3.6.1-arduino7"
time="2026-02-04T17:07:53Z" level=info msg="Tool required for debug" tool="arduino:avrdude@8.0.0-arduino1"
2026-02-04 17:07:53 2026-02-04T17:07:53.376Z daemon INFO time="2026-02-04T17:07:53Z" level=info msg="Tool required for debug" tool="builtin:mdns-discovery@1.0.12"
time="2026-02-04T17:07:53Z" level=info msg="Tool required for debug" tool="arduino:arduinoOTA@1.3.0"
2026-02-04 17:07:54 2026-02-04T17:07:54.336Z daemon INFO time="2026-02-04T17:07:54Z" level=info msg="Adding libraries dir" dir=/home/shrek/.arduino15/libraries isSingleLibrary=false location=ide
2026-02-04 17:07:54 2026-02-04T17:07:54.336Z daemon INFO time="2026-02-04T17:07:54Z" level=info msg="Adding libraries dir" dir=/home/shrek/.arduino15/packages/esp32/hardware/esp32/3.3.6/libraries isSingleLibrary=false location=platform
time="2026-02-04T17:07:54Z" level=info msg="Adding libraries dir" dir=/home/shrek/Arduino/libraries isSingleLibrary=false location=user
2026-02-04 17:08:00 2026-02-04T17:08:00.119Z root INFO Received port after upload [arduino+serial:///dev/ttyUSB0, esp32:esp32:esp32h2:UploadSpeed=921600,CDCOnBoot=default,FlashFreq=64,FlashMode=qio,FlashSize=4M,PartitionScheme=default,DebugLevel=none,EraseFlash=none,JTAGAdapter=default,ZigbeeMode=default, led.ino]. Before port: {"protocol":"serial","address":"/dev/ttyUSB0"}, after port: {"address":"/dev/ttyUSB0","addressLabel":"/dev/ttyUSB0","protocol":"serial","protocolLabel":"Serial Port (USB)","properties":{"pid":"0xea60","serialNumber":"e2dc2d4b6971f011b9be029f1045c30f","vid":"0x10c4"},"hardwareId":"e2dc2d4b6971f011b9be029f1045c30f"}
2026-02-04 17:14:45 2026-02-04T17:14:45.633Z root ERROR ---- !!!SLOW!!! DURATION: search took 230.166 ms. Args: [{"query":"","type":"All","topic":"All"}] ----
2026-02-04 17:14:50 2026-02-04T17:14:50.091Z root ERROR ---- !!!SLOW!!! DURATION: search took 173.710 ms. Args: [{"query":"","type":"Installed","topic":"All"}] ----
2026-02-04 17:17:41 2026-02-04T17:17:41.121Z daemon INFO time="2026-02-04T17:17:41Z" level=info msg="Adding libraries dir" dir=/home/shrek/.arduino15/libraries isSingleLibrary=false location=ide
time="2026-02-04T17:17:41Z" level=info msg="Adding libraries dir" dir=/home/shrek/.arduino15/packages/esp32/hardware/esp32/3.3.6/libraries isSingleLibrary=false location=platform
time="2026-02-04T17:17:41Z" level=info msg="Adding libraries dir" dir=/home/shrek/Arduino/libraries isSingleLibrary=false location=user
2026-02-04 17:17:44 2026-02-04T17:17:44.556Z daemon INFO time="2026-02-04T17:17:44Z" level=info msg="Adding libraries dir" dir=/home/shrek/.arduino15/libraries isSingleLibrary=false location=ide
2026-02-04 17:17:44 2026-02-04T17:17:44.556Z daemon INFO time="2026-02-04T17:17:44Z" level=info msg="Adding libraries dir" dir=/home/shrek/.arduino15/packages/esp32/hardware/esp32/3.3.6/libraries isSingleLibrary=false location=platform
time="2026-02-04T17:17:44Z" level=info msg="Adding libraries dir" dir=/home/shrek/Arduino/libraries isSingleLibrary=false location=user
2026-02-04 17:17:48 2026-02-04T17:17:48.813Z daemon INFO time="2026-02-04T17:17:48Z" level=info msg="Adding libraries dir" dir=/home/shrek/.arduino15/libraries isSingleLibrary=false location=ide
2026-02-04 17:17:48 2026-02-04T17:17:48.813Z daemon INFO time="2026-02-04T17:17:48Z" level=info msg="Adding libraries dir" dir=/home/shrek/.arduino15/packages/esp32/hardware/esp32/3.3.6/libraries isSingleLibrary=false location=platform
time="2026-02-04T17:17:48Z" level=info msg="Adding libraries dir" dir=/home/shrek/Arduino/libraries isSingleLibrary=false location=user
2026-02-04 17:17:50 2026-02-04T17:17:50.616Z daemon INFO time="2026-02-04T17:17:50Z" level=info msg="Adding libraries dir" dir=/home/shrek/.arduino15/libraries isSingleLibrary=false location=ide
2026-02-04 17:17:50 2026-02-04T17:17:50.616Z daemon INFO time="2026-02-04T17:17:50Z" level=info msg="Adding libraries dir" dir=/home/shrek/.arduino15/packages/esp32/hardware/esp32/3.3.6/libraries isSingleLibrary=false location=platform
time="2026-02-04T17:17:50Z" level=info msg="Adding libraries dir" dir=/home/shrek/Arduino/libraries isSingleLibrary=false location=user
2026-02-04 17:18:00 2026-02-04T17:18:00.030Z daemon INFO time="2026-02-04T17:18:00Z" level=info msg="Adding libraries dir" dir=/home/shrek/.arduino15/libraries isSingleLibrary=false location=ide
2026-02-04 17:18:00 2026-02-04T17:18:00.030Z daemon INFO time="2026-02-04T17:18:00Z" level=info msg="Adding libraries dir" dir=/home/shrek/.arduino15/packages/esp32/hardware/esp32/3.3.6/libraries isSingleLibrary=false location=platform
time="2026-02-04T17:18:00Z" level=info msg="Adding libraries dir" dir=/home/shrek/Arduino/libraries isSingleLibrary=false location=user
2026-02-04 17:18:02 2026-02-04T17:18:02.799Z daemon INFO time="2026-02-04T17:18:02Z" level=info msg="Adding libraries dir" dir=/home/shrek/.arduino15/libraries isSingleLibrary=false location=ide
2026-02-04 17:18:02 2026-02-04T17:18:02.799Z daemon INFO time="2026-02-04T17:18:02Z" level=info msg="Adding libraries dir" dir=/home/shrek/.arduino15/packages/esp32/hardware/esp32/3.3.6/libraries isSingleLibrary=false location=platform
time="2026-02-04T17:18:02Z" level=info msg="Adding libraries dir" dir=/home/shrek/Arduino/libraries isSingleLibrary=false location=user
2026-02-04 17:18:05 2026-02-04T17:18:05.219Z daemon INFO time="2026-02-04T17:18:05Z" level=info msg="Adding libraries dir" dir=/home/shrek/.arduino15/libraries isSingleLibrary=false location=ide
2026-02-04 17:18:05 2026-02-04T17:18:05.219Z daemon INFO time="2026-02-04T17:18:05Z" level=info msg="Adding libraries dir" dir=/home/shrek/.arduino15/packages/esp32/hardware/esp32/3.3.6/libraries isSingleLibrary=false location=platform
time="2026-02-04T17:18:05Z" level=info msg="Adding libraries dir" dir=/home/shrek/Arduino/libraries isSingleLibrary=false location=user
2026-02-04 17:18:07 2026-02-04T17:18:07.019Z daemon INFO time="2026-02-04T17:18:07Z" level=info msg="Adding libraries dir" dir=/home/shrek/.arduino15/libraries isSingleLibrary=false location=ide
2026-02-04 17:18:07 2026-02-04T17:18:07.019Z daemon INFO time="2026-02-04T17:18:07Z" level=info msg="Adding libraries dir" dir=/home/shrek/.arduino15/packages/esp32/hardware/esp32/3.3.6/libraries isSingleLibrary=false location=platform
time="2026-02-04T17:18:07Z" level=info msg="Adding libraries dir" dir=/home/shrek/Arduino/libraries isSingleLibrary=false location=user
2026-02-04 17:18:09 2026-02-04T17:18:09.079Z daemon INFO time="2026-02-04T17:18:09Z" level=info msg="Adding libraries dir" dir=/home/shrek/.arduino15/libraries isSingleLibrary=false location=ide
2026-02-04 17:18:09 2026-02-04T17:18:09.079Z daemon INFO time="2026-02-04T17:18:09Z" level=info msg="Adding libraries dir" dir=/home/shrek/.arduino15/packages/esp32/hardware/esp32/3.3.6/libraries isSingleLibrary=false location=platform
time="2026-02-04T17:18:09Z" level=info msg="Adding libraries dir" dir=/home/shrek/Arduino/libraries isSingleLibrary=false location=user
2026-02-04 17:18:12 2026-02-04T17:18:12.800Z daemon INFO time="2026-02-04T17:18:12Z" level=info msg="Adding libraries dir" dir=/home/shrek/.arduino15/libraries isSingleLibrary=false location=ide
2026-02-04 17:18:12 2026-02-04T17:18:12.800Z daemon INFO time="2026-02-04T17:18:12Z" level=info msg="Adding libraries dir" dir=/home/shrek/.arduino15/packages/esp32/hardware/esp32/3.3.6/libraries isSingleLibrary=false location=platform
time="2026-02-04T17:18:12Z" level=info msg="Adding libraries dir" dir=/home/shrek/Arduino/libraries isSingleLibrary=false location=user
2026-02-04 17:18:15 2026-02-04T17:18:15.201Z daemon INFO time="2026-02-04T17:18:15Z" level=info msg="Adding libraries dir" dir=/home/shrek/.arduino15/libraries isSingleLibrary=false location=ide
2026-02-04 17:18:15 2026-02-04T17:18:15.201Z daemon INFO time="2026-02-04T17:18:15Z" level=info msg="Adding libraries dir" dir=/home/shrek/.arduino15/packages/esp32/hardware/esp32/3.3.6/libraries isSingleLibrary=false location=platform
time="2026-02-04T17:18:15Z" level=info msg="Adding libraries dir" dir=/home/shrek/Arduino/libraries isSingleLibrary=false location=user
2026-02-04 17:18:23 2026-02-04T17:18:23.010Z daemon INFO time="2026-02-04T17:18:23Z" level=info msg="Adding libraries dir" dir=/home/shrek/.arduino15/libraries isSingleLibrary=false location=ide
2026-02-04 17:18:23 2026-02-04T17:18:23.010Z daemon INFO time="2026-02-04T17:18:23Z" level=info msg="Adding libraries dir" dir=/home/shrek/.arduino15/packages/esp32/hardware/esp32/3.3.6/libraries isSingleLibrary=false location=platform
time="2026-02-04T17:18:23Z" level=info msg="Adding libraries dir" dir=/home/shrek/Arduino/libraries isSingleLibrary=false location=user
2026-02-04 17:18:30 2026-02-04T17:18:30.268Z daemon INFO time="2026-02-04T17:18:30Z" level=info msg="Adding libraries dir" dir=/home/shrek/.arduino15/libraries isSingleLibrary=false location=ide
time="2026-02-04T17:18:30Z" level=info msg="Adding libraries dir" dir=/home/shrek/.arduino15/packages/esp32/hardware/esp32/3.3.6/libraries isSingleLibrary=false location=platform
2026-02-04 17:18:30 2026-02-04T17:18:30.268Z daemon INFO time="2026-02-04T17:18:30Z" level=info msg="Adding libraries dir" dir=/home/shrek/Arduino/libraries isSingleLibrary=false location=user
2026-02-04 17:18:35 2026-02-04T17:18:35.422Z daemon INFO time="2026-02-04T17:18:35Z" level=info msg="Adding libraries dir" dir=/home/shrek/.arduino15/libraries isSingleLibrary=false location=ide
2026-02-04 17:18:35 2026-02-04T17:18:35.422Z daemon INFO time="2026-02-04T17:18:35Z" level=info msg="Adding libraries dir" dir=/home/shrek/.arduino15/packages/esp32/hardware/esp32/3.3.6/libraries isSingleLibrary=false location=platform
time="2026-02-04T17:18:35Z" level=info msg="Adding libraries dir" dir=/home/shrek/Arduino/libraries isSingleLibrary=false location=user
2026-02-04 17:18:37 2026-02-04T17:18:37.933Z daemon INFO time="2026-02-04T17:18:37Z" level=info msg="Adding libraries dir" dir=/home/shrek/.arduino15/libraries isSingleLibrary=false location=ide
2026-02-04 17:18:37 2026-02-04T17:18:37.933Z daemon INFO time="2026-02-04T17:18:37Z" level=info msg="Adding libraries dir" dir=/home/shrek/.arduino15/packages/esp32/hardware/esp32/3.3.6/libraries isSingleLibrary=false location=platform
time="2026-02-04T17:18:37Z" level=info msg="Adding libraries dir" dir=/home/shrek/Arduino/libraries isSingleLibrary=false location=user
2026-02-04 17:18:39 2026-02-04T17:18:39.744Z daemon INFO time="2026-02-04T17:18:39Z" level=info msg="Adding libraries dir" dir=/home/shrek/.arduino15/libraries isSingleLibrary=false location=ide
2026-02-04 17:18:39 2026-02-04T17:18:39.744Z daemon INFO time="2026-02-04T17:18:39Z" level=info msg="Adding libraries dir" dir=/home/shrek/.arduino15/packages/esp32/hardware/esp32/3.3.6/libraries isSingleLibrary=false location=platform
time="2026-02-04T17:18:39Z" level=info msg="Adding libraries dir" dir=/home/shrek/Arduino/libraries isSingleLibrary=false location=user
2026-02-04 17:18:40 2026-02-04T17:18:40.010Z daemon INFO time="2026-02-04T17:18:40Z" level=info msg="Adding libraries dir" dir=/home/shrek/.arduino15/libraries isSingleLibrary=false location=ide
2026-02-04 17:18:40 2026-02-04T17:18:40.010Z daemon INFO time="2026-02-04T17:18:40Z" level=info msg="Adding libraries dir" dir=/home/shrek/.arduino15/packages/esp32/hardware/esp32/3.3.6/libraries isSingleLibrary=false location=platform
time="2026-02-04T17:18:40Z" level=info msg="Adding libraries dir" dir=/home/shrek/Arduino/libraries isSingleLibrary=false location=user
2026-02-04 17:18:40 2026-02-04T17:18:40.644Z daemon INFO time="2026-02-04T17:18:40Z" level=info msg="Resolving include FastLED.h for arch esp32"
time="2026-02-04T17:18:40Z" level=info msg="  found better lib" lib=FastLED prio=6A7
2026-02-04 17:18:42 2026-02-04T17:18:42.187Z root INFO compiler-errors Current error changed to d;151
2026-02-04 17:18:42 2026-02-04T17:18:42.196Z root INFO compiler-errors Handling selection change in editor file:///home/shrek/Arduino/practice/led.ino/led.ino.ino. New (monaco) selection: [17,7 -> 17,7]
2026-02-04 17:19:45 2026-02-04T17:19:45.534Z root INFO compiler-errors decoration range: [17,8 -> 17,8], change range: [17,7 -> 17,7], affects: true
2026-02-04 17:19:45 2026-02-04T17:19:45.534Z root INFO compiler-errors decoration range: [17,8 -> 17,8], change range: [17,7 -> 17,7], affects: true
2026-02-04 17:19:45 2026-02-04T17:19:45.534Z root INFO compiler-errors decoration range: [20,1 -> 20,1], change range: [17,7 -> 17,7], affects: false
2026-02-04 17:19:45 2026-02-04T17:19:45.534Z root INFO compiler-errors decoration range: [19,4 -> 19,4], change range: [17,7 -> 17,7], affects: false
2026-02-04 17:19:45 2026-02-04T17:19:45.534Z root INFO compiler-errors decoration range: [19,4 -> 19,4], change range: [17,7 -> 17,7], affects: false
2026-02-04 17:19:45 2026-02-04T17:19:45.534Z root INFO compiler-errors Handling selection change in editor file:///home/shrek/Arduino/practice/led.ino/led.ino.ino. New (monaco) selection: [17,8 -> 17,8]
2026-02-04 17:19:45 2026-02-04T17:19:45.534Z root INFO compiler-errors New (monaco) selection [17,8 -> 17,8] does not intersect any error locations. Skipping.
2026-02-04 17:19:45 2026-02-04T17:19:45.936Z root INFO compiler-errors Handling selection change in editor file:///home/shrek/Arduino/practice/led.ino/led.ino.ino. New (monaco) selection: [17,9 -> 17,9]
2026-02-04 17:19:45 2026-02-04T17:19:45.936Z root INFO compiler-errors New (monaco) selection [17,9 -> 17,9] does not intersect any error locations. Skipping.
2026-02-04 17:19:46 2026-02-04T17:19:46.536Z root INFO compiler-errors Handling selection change in editor file:///home/shrek/Arduino/practice/led.ino/led.ino.ino. New (monaco) selection: [17,10 -> 17,10]
2026-02-04 17:19:46 2026-02-04T17:19:46.537Z root INFO compiler-errors New (monaco) selection [17,10 -> 17,10] does not intersect any error locations. Skipping.
2026-02-04 17:19:46 2026-02-04T17:19:46.541Z daemon INFO time="2026-02-04T17:19:46Z" level=info msg="Adding libraries dir" dir=/home/shrek/.arduino15/libraries isSingleLibrary=false location=ide
2026-02-04 17:19:46 2026-02-04T17:19:46.541Z daemon INFO time="2026-02-04T17:19:46Z" level=info msg="Adding libraries dir" dir=/home/shrek/.arduino15/packages/esp32/hardware/esp32/3.3.6/libraries isSingleLibrary=false location=platform
time="2026-02-04T17:19:46Z" level=info msg="Adding libraries dir" dir=/home/shrek/Arduino/libraries isSingleLibrary=false location=user
2026-02-04 17:19:46 2026-02-04T17:19:46.577Z root INFO compiler-errors Handling selection change in editor file:///home/shrek/Arduino/practice/led.ino/led.ino.ino. New (monaco) selection: [17,11 -> 17,11]
2026-02-04 17:19:46 2026-02-04T17:19:46.577Z root INFO compiler-errors New (monaco) selection [17,11 -> 17,11] does not intersect any error locations. Skipping.
2026-02-04 17:19:46 2026-02-04T17:19:46.616Z root INFO compiler-errors Handling selection change in editor file:///home/shrek/Arduino/practice/led.ino/led.ino.ino. New (monaco) selection: [17,12 -> 17,12]
2026-02-04 17:19:46 2026-02-04T17:19:46.616Z root INFO compiler-errors New (monaco) selection [17,12 -> 17,12] does not intersect any error locations. Skipping.
2026-02-04 17:19:46 2026-02-04T17:19:46.657Z root INFO compiler-errors Handling selection change in editor file:///home/shrek/Arduino/practice/led.ino/led.ino.ino. New (monaco) selection: [17,13 -> 17,13]
2026-02-04 17:19:46 2026-02-04T17:19:46.657Z root INFO compiler-errors New (monaco) selection [17,13 -> 17,13] does not intersect any error locations. Skipping.
2026-02-04 17:19:46 2026-02-04T17:19:46.696Z root INFO compiler-errors Handling selection change in editor file:///home/shrek/Arduino/practice/led.ino/led.ino.ino. New (monaco) selection: [17,14 -> 17,14]
2026-02-04 17:19:46 2026-02-04T17:19:46.696Z root INFO compiler-errors New (monaco) selection [17,14 -> 17,14] does not intersect any error locations. Skipping.
2026-02-04 17:19:46 2026-02-04T17:19:46.737Z root INFO compiler-errors Handling selection change in editor file:///home/shrek/Arduino/practice/led.ino/led.ino.ino. New (monaco) selection: [17,15 -> 17,15]
2026-02-04 17:19:46 2026-02-04T17:19:46.737Z root INFO compiler-errors New (monaco) selection [17,15 -> 17,15] does not intersect any error locations. Skipping.
2026-02-04 17:19:46 2026-02-04T17:19:46.777Z root INFO compiler-errors Handling selection change in editor file:///home/shrek/Arduino/practice/led.ino/led.ino.ino. New (monaco) selection: [17,16 -> 17,16]
2026-02-04 17:19:46 2026-02-04T17:19:46.777Z root INFO compiler-errors New (monaco) selection [17,16 -> 17,16] does not intersect any error locations. Skipping.
2026-02-04 17:19:46 2026-02-04T17:19:46.818Z root INFO compiler-errors Handling selection change in editor file:///home/shrek/Arduino/practice/led.ino/led.ino.ino. New (monaco) selection: [17,17 -> 17,17]
2026-02-04 17:19:46 2026-02-04T17:19:46.818Z root INFO compiler-errors New (monaco) selection [17,17 -> 17,17] does not intersect any error locations. Skipping.
2026-02-04 17:19:46 2026-02-04T17:19:46.859Z root INFO compiler-errors Handling selection change in editor file:///home/shrek/Arduino/practice/led.ino/led.ino.ino. New (monaco) selection: [17,18 -> 17,18]
2026-02-04 17:19:46 2026-02-04T17:19:46.859Z root INFO compiler-errors New (monaco) selection [17,18 -> 17,18] does not intersect any error locations. Skipping.
2026-02-04 17:19:47 2026-02-04T17:19:47.052Z root INFO compiler-errors Handling selection change in editor file:///home/shrek/Arduino/practice/led.ino/led.ino.ino. New (monaco) selection: [17,19 -> 17,19]
2026-02-04 17:19:47 2026-02-04T17:19:47.052Z root INFO compiler-errors New (monaco) selection [17,19 -> 17,19] does not intersect any error locations. Skipping.
2026-02-04 17:19:47 2026-02-04T17:19:47.230Z root INFO compiler-errors Handling selection change in editor file:///home/shrek/Arduino/practice/led.ino/led.ino.ino. New (monaco) selection: [17,20 -> 17,20]
2026-02-04 17:19:47 2026-02-04T17:19:47.230Z root INFO compiler-errors New (monaco) selection [17,20 -> 17,20] does not intersect any error locations. Skipping.
2026-02-04 17:19:47 2026-02-04T17:19:47.384Z root INFO compiler-errors Handling selection change in editor file:///home/shrek/Arduino/practice/led.ino/led.ino.ino. New (monaco) selection: [17,21 -> 17,21]
2026-02-04 17:19:47 2026-02-04T17:19:47.384Z root INFO compiler-errors New (monaco) selection [17,21 -> 17,21] does not intersect any error locations. Skipping.
2026-02-04 17:19:47 2026-02-04T17:19:47.548Z root INFO compiler-errors Handling selection change in editor file:///home/shrek/Arduino/practice/led.ino/led.ino.ino. New (monaco) selection: [17,22 -> 17,22]
2026-02-04 17:19:47 2026-02-04T17:19:47.548Z root INFO compiler-errors New (monaco) selection [17,22 -> 17,22] does not intersect any error locations. Skipping.
2026-02-04 17:19:47 2026-02-04T17:19:47.908Z root INFO compiler-errors Handling selection change in editor file:///home/shrek/Arduino/practice/led.ino/led.ino.ino. New (monaco) selection: [17,21 -> 17,21]
2026-02-04 17:19:47 2026-02-04T17:19:47.908Z root INFO compiler-errors New (monaco) selection [17,21 -> 17,21] does not intersect any error locations. Skipping.
2026-02-04 17:19:48 2026-02-04T17:19:48.223Z root INFO compiler-errors decoration range: [20,1 -> 20,1], change range: [17,21 -> 17,21], affects: false
2026-02-04 17:19:48 2026-02-04T17:19:48.223Z root INFO compiler-errors decoration range: [19,4 -> 19,4], change range: [17,21 -> 17,21], affects: false
2026-02-04 17:19:48 2026-02-04T17:19:48.223Z root INFO compiler-errors decoration range: [19,4 -> 19,4], change range: [17,21 -> 17,21], affects: false
2026-02-04 17:19:48 2026-02-04T17:19:48.223Z root INFO compiler-errors Handling selection change in editor file:///home/shrek/Arduino/practice/led.ino/led.ino.ino. New (monaco) selection: [17,22 -> 17,22]
2026-02-04 17:19:48 2026-02-04T17:19:48.223Z root INFO compiler-errors New (monaco) selection [17,22 -> 17,22] does not intersect any error locations. Skipping.
2026-02-04 17:19:50 2026-02-04T17:19:50.147Z daemon INFO time="2026-02-04T17:19:50Z" level=info msg="Adding libraries dir" dir=/home/shrek/.arduino15/libraries isSingleLibrary=false location=ide
2026-02-04 17:19:50 2026-02-04T17:19:50.147Z daemon INFO time="2026-02-04T17:19:50Z" level=info msg="Adding libraries dir" dir=/home/shrek/.arduino15/packages/esp32/hardware/esp32/3.3.6/libraries isSingleLibrary=false location=platform
time="2026-02-04T17:19:50Z" level=info msg="Adding libraries dir" dir=/home/shrek/Arduino/libraries isSingleLibrary=false location=user
2026-02-04 17:19:50 2026-02-04T17:19:50.228Z daemon INFO time="2026-02-04T17:19:50Z" level=info msg="Adding libraries dir" dir=/home/shrek/.arduino15/libraries isSingleLibrary=false location=ide
2026-02-04 17:19:50 2026-02-04T17:19:50.228Z daemon INFO time="2026-02-04T17:19:50Z" level=info msg="Adding libraries dir" dir=/home/shrek/.arduino15/packages/esp32/hardware/esp32/3.3.6/libraries isSingleLibrary=false location=platform
time="2026-02-04T17:19:50Z" level=info msg="Adding libraries dir" dir=/home/shrek/Arduino/libraries isSingleLibrary=false location=user
2026-02-04 17:19:50 2026-02-04T17:19:50.783Z daemon INFO time="2026-02-04T17:19:50Z" level=info msg="Resolving include FastLED.h for arch esp32"
time="2026-02-04T17:19:50Z" level=info msg="  found better lib" lib=FastLED prio=6A7
2026-02-04 17:19:52 2026-02-04T17:19:52.409Z root INFO compiler-errors Current error changed to d;163
2026-02-04 17:19:52 2026-02-04T17:19:52.418Z root INFO compiler-errors Handling selection change in editor file:///home/shrek/Arduino/practice/led.ino/led.ino.ino. New (monaco) selection: [17,8 -> 17,8]
2026-02-04 17:20:39 2026-02-04T17:20:39.836Z root INFO compiler-errors Handling selection change in editor file:///home/shrek/Arduino/practice/led.ino/led.ino.ino. New (monaco) selection: [17,9 -> 17,9]
2026-02-04 17:20:41 2026-02-04T17:20:41.852Z root INFO compiler-errors Handling selection change in editor file:///home/shrek/Arduino/practice/led.ino/led.ino.ino. New (monaco) selection: [17,8 -> 17,8]
2026-02-04 17:20:42 2026-02-04T17:20:42.224Z root INFO compiler-errors decoration range: [17,9 -> 17,9], change range: [17,8 -> 17,8], affects: true
2026-02-04 17:20:42 2026-02-04T17:20:42.224Z root INFO compiler-errors decoration range: [20,1 -> 20,1], change range: [17,8 -> 17,8], affects: false
2026-02-04 17:20:42 2026-02-04T17:20:42.224Z root INFO compiler-errors decoration range: [19,4 -> 19,4], change range: [17,8 -> 17,8], affects: false
2026-02-04 17:20:42 2026-02-04T17:20:42.224Z root INFO compiler-errors decoration range: [19,4 -> 19,4], change range: [17,8 -> 17,8], affects: false
2026-02-04 17:20:42 2026-02-04T17:20:42.224Z root INFO compiler-errors Handling selection change in editor file:///home/shrek/Arduino/practice/led.ino/led.ino.ino. New (monaco) selection: [17,9 -> 17,9]
2026-02-04 17:20:42 2026-02-04T17:20:42.224Z root INFO compiler-errors New (monaco) selection [17,9 -> 17,9] does not intersect any error locations. Skipping.
2026-02-04 17:20:42 2026-02-04T17:20:42.301Z root INFO compiler-errors decoration range: [20,1 -> 20,1], change range: [17,9 -> 17,9], affects: false
2026-02-04 17:20:42 2026-02-04T17:20:42.301Z root INFO compiler-errors decoration range: [19,4 -> 19,4], change range: [17,9 -> 17,9], affects: false
2026-02-04 17:20:42 2026-02-04T17:20:42.301Z root INFO compiler-errors decoration range: [19,4 -> 19,4], change range: [17,9 -> 17,9], affects: false
2026-02-04 17:20:42 2026-02-04T17:20:42.301Z root INFO compiler-errors Handling selection change in editor file:///home/shrek/Arduino/practice/led.ino/led.ino.ino. New (monaco) selection: [17,10 -> 17,10]
2026-02-04 17:20:42 2026-02-04T17:20:42.301Z root INFO compiler-errors New (monaco) selection [17,10 -> 17,10] does not intersect any error locations. Skipping.
2026-02-04 17:20:42 2026-02-04T17:20:42.410Z root INFO compiler-errors decoration range: [20,1 -> 20,1], change range: [17,10 -> 17,10], affects: false
2026-02-04 17:20:42 2026-02-04T17:20:42.410Z root INFO compiler-errors decoration range: [19,4 -> 19,4], change range: [17,10 -> 17,10], affects: false
2026-02-04 17:20:42 2026-02-04T17:20:42.410Z root INFO compiler-errors decoration range: [19,4 -> 19,4], change range: [17,10 -> 17,10], affects: false
2026-02-04 17:20:42 2026-02-04T17:20:42.410Z root INFO compiler-errors Handling selection change in editor file:///home/shrek/Arduino/practice/led.ino/led.ino.ino. New (monaco) selection: [17,11 -> 17,11]
2026-02-04 17:20:42 2026-02-04T17:20:42.410Z root INFO compiler-errors New (monaco) selection [17,11 -> 17,11] does not intersect any error locations. Skipping.
2026-02-04 17:20:43 2026-02-04T17:20:43.073Z root INFO compiler-errors decoration range: [20,1 -> 20,1], change range: [17,11 -> 17,11], affects: false
2026-02-04 17:20:43 2026-02-04T17:20:43.074Z root INFO compiler-errors decoration range: [19,4 -> 19,4], change range: [17,11 -> 17,11], affects: false
2026-02-04 17:20:43 2026-02-04T17:20:43.074Z root INFO compiler-errors decoration range: [19,4 -> 19,4], change range: [17,11 -> 17,11], affects: false
2026-02-04 17:20:43 2026-02-04T17:20:43.074Z root INFO compiler-errors Handling selection change in editor file:///home/shrek/Arduino/practice/led.ino/led.ino.ino. New (monaco) selection: [17,12 -> 17,12]
2026-02-04 17:20:43 2026-02-04T17:20:43.074Z root INFO compiler-errors New (monaco) selection [17,12 -> 17,12] does not intersect any error locations. Skipping.
2026-02-04 17:20:43 2026-02-04T17:20:43.336Z root INFO compiler-errors decoration range: [20,1 -> 20,1], change range: [17,12 -> 17,12], affects: false
2026-02-04 17:20:43 2026-02-04T17:20:43.336Z root INFO compiler-errors decoration range: [19,4 -> 19,4], change range: [17,12 -> 17,12], affects: false
2026-02-04 17:20:43 2026-02-04T17:20:43.336Z root INFO compiler-errors decoration range: [19,4 -> 19,4], change range: [17,12 -> 17,12], affects: false
2026-02-04 17:20:43 2026-02-04T17:20:43.336Z root INFO compiler-errors Handling selection change in editor file:///home/shrek/Arduino/practice/led.ino/led.ino.ino. New (monaco) selection: [17,13 -> 17,13]
2026-02-04 17:20:43 2026-02-04T17:20:43.336Z root INFO compiler-errors New (monaco) selection [17,13 -> 17,13] does not intersect any error locations. Skipping.
2026-02-04 17:20:43 2026-02-04T17:20:43.444Z root INFO compiler-errors decoration range: [20,1 -> 20,1], change range: [17,13 -> 17,13], affects: false
2026-02-04 17:20:43 2026-02-04T17:20:43.444Z root INFO compiler-errors decoration range: [19,4 -> 19,4], change range: [17,13 -> 17,13], affects: false
2026-02-04 17:20:43 2026-02-04T17:20:43.444Z root INFO compiler-errors decoration range: [19,4 -> 19,4], change range: [17,13 -> 17,13], affects: false
2026-02-04 17:20:43 2026-02-04T17:20:43.444Z root INFO compiler-errors Handling selection change in editor file:///home/shrek/Arduino/practice/led.ino/led.ino.ino. New (monaco) selection: [17,14 -> 17,14]
2026-02-04 17:20:43 2026-02-04T17:20:43.444Z root INFO compiler-errors New (monaco) selection [17,14 -> 17,14] does not intersect any error locations. Skipping.
2026-02-04 17:20:44 2026-02-04T17:20:44.449Z daemon INFO time="2026-02-04T17:20:44Z" level=info msg="Adding libraries dir" dir=/home/shrek/.arduino15/libraries isSingleLibrary=false location=ide
time="2026-02-04T17:20:44Z" level=info msg="Adding libraries dir" dir=/home/shrek/.arduino15/packages/esp32/hardware/esp32/3.3.6/libraries isSingleLibrary=false location=platform
time="2026-02-04T17:20:44Z" level=info msg="Adding libraries dir" dir=/home/shrek/Arduino/libraries isSingleLibrary=false location=user
2026-02-04 17:20:45 2026-02-04T17:20:45.860Z root INFO compiler-errors Handling selection change in editor file:///home/shrek/Arduino/practice/led.ino/led.ino.ino. New (monaco) selection: [17,15 -> 17,15]
2026-02-04 17:20:45 2026-02-04T17:20:45.860Z root INFO compiler-errors New (monaco) selection [17,15 -> 17,15] does not intersect any error locations. Skipping.
2026-02-04 17:20:46 2026-02-04T17:20:46.057Z root INFO compiler-errors Handling selection change in editor file:///home/shrek/Arduino/practice/led.ino/led.ino.ino. New (monaco) selection: [17,16 -> 17,16]
2026-02-04 17:20:46 2026-02-04T17:20:46.057Z root INFO compiler-errors New (monaco) selection [17,16 -> 17,16] does not intersect any error locations. Skipping.
2026-02-04 17:20:46 2026-02-04T17:20:46.264Z daemon INFO time="2026-02-04T17:20:46Z" level=info msg="Adding libraries dir" dir=/home/shrek/.arduino15/libraries isSingleLibrary=false location=ide
2026-02-04 17:20:46 2026-02-04T17:20:46.264Z daemon INFO time="2026-02-04T17:20:46Z" level=info msg="Adding libraries dir" dir=/home/shrek/.arduino15/packages/esp32/hardware/esp32/3.3.6/libraries isSingleLibrary=false location=platform
time="2026-02-04T17:20:46Z" level=info msg="Adding libraries dir" dir=/home/shrek/Arduino/libraries isSingleLibrary=false location=user
2026-02-04 17:20:46 2026-02-04T17:20:46.547Z root INFO compiler-errors decoration range: [20,1 -> 20,1], change range: [17,15 -> 17,16], affects: false
2026-02-04 17:20:46 2026-02-04T17:20:46.547Z root INFO compiler-errors decoration range: [19,4 -> 19,4], change range: [17,15 -> 17,16], affects: false
2026-02-04 17:20:46 2026-02-04T17:20:46.548Z root INFO compiler-errors decoration range: [19,4 -> 19,4], change range: [17,15 -> 17,16], affects: false
2026-02-04 17:20:46 2026-02-04T17:20:46.548Z root INFO compiler-errors Handling selection change in editor file:///home/shrek/Arduino/practice/led.ino/led.ino.ino. New (monaco) selection: [17,15 -> 17,15]
2026-02-04 17:20:46 2026-02-04T17:20:46.548Z root INFO compiler-errors New (monaco) selection [17,15 -> 17,15] does not intersect any error locations. Skipping.
2026-02-04 17:20:46 2026-02-04T17:20:46.715Z root INFO compiler-errors decoration range: [20,1 -> 20,1], change range: [17,14 -> 17,15], affects: false
2026-02-04 17:20:46 2026-02-04T17:20:46.715Z root INFO compiler-errors decoration range: [19,4 -> 19,4], change range: [17,14 -> 17,15], affects: false
2026-02-04 17:20:46 2026-02-04T17:20:46.715Z root INFO compiler-errors decoration range: [19,4 -> 19,4], change range: [17,14 -> 17,15], affects: false
2026-02-04 17:20:46 2026-02-04T17:20:46.715Z root INFO compiler-errors Handling selection change in editor file:///home/shrek/Arduino/practice/led.ino/led.ino.ino. New (monaco) selection: [17,14 -> 17,14]
2026-02-04 17:20:46 2026-02-04T17:20:46.715Z root INFO compiler-errors New (monaco) selection [17,14 -> 17,14] does not intersect any error locations. Skipping.
2026-02-04 17:20:46 2026-02-04T17:20:46.876Z root INFO compiler-errors decoration range: [20,1 -> 20,1], change range: [17,13 -> 17,14], affects: false
2026-02-04 17:20:46 2026-02-04T17:20:46.876Z root INFO compiler-errors decoration range: [19,4 -> 19,4], change range: [17,13 -> 17,14], affects: false
2026-02-04 17:20:46 2026-02-04T17:20:46.876Z root INFO compiler-errors decoration range: [19,4 -> 19,4], change range: [17,13 -> 17,14], affects: false
2026-02-04 17:20:46 2026-02-04T17:20:46.877Z root INFO compiler-errors Handling selection change in editor file:///home/shrek/Arduino/practice/led.ino/led.ino.ino. New (monaco) selection: [17,13 -> 17,13]
2026-02-04 17:20:46 2026-02-04T17:20:46.877Z root INFO compiler-errors New (monaco) selection [17,13 -> 17,13] does not intersect any error locations. Skipping.
2026-02-04 17:20:47 2026-02-04T17:20:47.051Z root INFO compiler-errors decoration range: [20,1 -> 20,1], change range: [17,12 -> 17,13], affects: false
2026-02-04 17:20:47 2026-02-04T17:20:47.051Z root INFO compiler-errors decoration range: [19,4 -> 19,4], change range: [17,12 -> 17,13], affects: false
2026-02-04 17:20:47 2026-02-04T17:20:47.051Z root INFO compiler-errors decoration range: [19,4 -> 19,4], change range: [17,12 -> 17,13], affects: false
2026-02-04 17:20:47 2026-02-04T17:20:47.051Z root INFO compiler-errors Handling selection change in editor file:///home/shrek/Arduino/practice/led.ino/led.ino.ino. New (monaco) selection: [17,12 -> 17,12]
2026-02-04 17:20:47 2026-02-04T17:20:47.051Z root INFO compiler-errors New (monaco) selection [17,12 -> 17,12] does not intersect any error locations. Skipping.
2026-02-04 17:20:47 2026-02-04T17:20:47.570Z root INFO compiler-errors decoration range: [20,1 -> 20,1], change range: [17,12 -> 17,12], affects: false
2026-02-04 17:20:47 2026-02-04T17:20:47.570Z root INFO compiler-errors decoration range: [19,4 -> 19,4], change range: [17,12 -> 17,12], affects: false
2026-02-04 17:20:47 2026-02-04T17:20:47.571Z root INFO compiler-errors decoration range: [19,4 -> 19,4], change range: [17,12 -> 17,12], affects: false
2026-02-04 17:20:47 2026-02-04T17:20:47.571Z root INFO compiler-errors Handling selection change in editor file:///home/shrek/Arduino/practice/led.ino/led.ino.ino. New (monaco) selection: [17,13 -> 17,13]
2026-02-04 17:20:47 2026-02-04T17:20:47.571Z root INFO compiler-errors New (monaco) selection [17,13 -> 17,13] does not intersect any error locations. Skipping.
2026-02-04 17:20:47 2026-02-04T17:20:47.664Z root INFO compiler-errors decoration range: [20,1 -> 20,1], change range: [17,13 -> 17,13], affects: false
2026-02-04 17:20:47 2026-02-04T17:20:47.664Z root INFO compiler-errors decoration range: [19,4 -> 19,4], change range: [17,13 -> 17,13], affects: false
2026-02-04 17:20:47 2026-02-04T17:20:47.665Z root INFO compiler-errors decoration range: [19,4 -> 19,4], change range: [17,13 -> 17,13], affects: false
2026-02-04 17:20:47 2026-02-04T17:20:47.665Z root INFO compiler-errors Handling selection change in editor file:///home/shrek/Arduino/practice/led.ino/led.ino.ino. New (monaco) selection: [17,14 -> 17,14]
2026-02-04 17:20:47 2026-02-04T17:20:47.665Z root INFO compiler-errors New (monaco) selection [17,14 -> 17,14] does not intersect any error locations. Skipping.
2026-02-04 17:20:47 2026-02-04T17:20:47.802Z root INFO compiler-errors decoration range: [20,1 -> 20,1], change range: [17,14 -> 17,14], affects: false
2026-02-04 17:20:47 2026-02-04T17:20:47.802Z root INFO compiler-errors decoration range: [19,4 -> 19,4], change range: [17,14 -> 17,14], affects: false
2026-02-04 17:20:47 2026-02-04T17:20:47.802Z root INFO compiler-errors decoration range: [19,4 -> 19,4], change range: [17,14 -> 17,14], affects: false
2026-02-04 17:20:47 2026-02-04T17:20:47.802Z root INFO compiler-errors Handling selection change in editor file:///home/shrek/Arduino/practice/led.ino/led.ino.ino. New (monaco) selection: [17,15 -> 17,15]
2026-02-04 17:20:47 2026-02-04T17:20:47.802Z root INFO compiler-errors New (monaco) selection [17,15 -> 17,15] does not intersect any error locations. Skipping.
2026-02-04 17:20:48 2026-02-04T17:20:48.681Z root INFO compiler-errors decoration range: [20,1 -> 20,1], change range: [17,15 -> 17,15], affects: false
2026-02-04 17:20:48 2026-02-04T17:20:48.681Z root INFO compiler-errors decoration range: [19,4 -> 19,4], change range: [17,15 -> 17,15], affects: false
2026-02-04 17:20:48 2026-02-04T17:20:48.681Z root INFO compiler-errors decoration range: [19,4 -> 19,4], change range: [17,15 -> 17,15], affects: false
2026-02-04 17:20:48 2026-02-04T17:20:48.681Z root INFO compiler-errors Handling selection change in editor file:///home/shrek/Arduino/practice/led.ino/led.ino.ino. New (monaco) selection: [17,16 -> 17,16]
2026-02-04 17:20:48 2026-02-04T17:20:48.681Z root INFO compiler-errors New (monaco) selection [17,16 -> 17,16] does not intersect any error locations. Skipping.
2026-02-04 17:20:48 2026-02-04T17:20:48.796Z root INFO compiler-errors decoration range: [20,1 -> 20,1], change range: [17,16 -> 17,16], affects: false
2026-02-04 17:20:48 2026-02-04T17:20:48.796Z root INFO compiler-errors decoration range: [19,4 -> 19,4], change range: [17,16 -> 17,16], affects: false
2026-02-04 17:20:48 2026-02-04T17:20:48.796Z root INFO compiler-errors decoration range: [19,4 -> 19,4], change range: [17,16 -> 17,16], affects: false
2026-02-04 17:20:48 2026-02-04T17:20:48.796Z root INFO compiler-errors Handling selection change in editor file:///home/shrek/Arduino/practice/led.ino/led.ino.ino. New (monaco) selection: [17,17 -> 17,17]
2026-02-04 17:20:48 2026-02-04T17:20:48.796Z root INFO compiler-errors New (monaco) selection [17,17 -> 17,17] does not intersect any error locations. Skipping.
2026-02-04 17:20:48 2026-02-04T17:20:48.960Z root INFO compiler-errors decoration range: [20,1 -> 20,1], change range: [17,17 -> 17,17], affects: false
2026-02-04 17:20:48 2026-02-04T17:20:48.960Z root INFO compiler-errors decoration range: [19,4 -> 19,4], change range: [17,17 -> 17,17], affects: false
2026-02-04 17:20:48 2026-02-04T17:20:48.960Z root INFO compiler-errors decoration range: [19,4 -> 19,4], change range: [17,17 -> 17,17], affects: false
2026-02-04 17:20:48 2026-02-04T17:20:48.960Z root INFO compiler-errors Handling selection change in editor file:///home/shrek/Arduino/practice/led.ino/led.ino.ino. New (monaco) selection: [17,18 -> 17,18]
2026-02-04 17:20:48 2026-02-04T17:20:48.960Z root INFO compiler-errors New (monaco) selection [17,18 -> 17,18] does not intersect any error locations. Skipping.
2026-02-04 17:20:49 2026-02-04T17:20:49.307Z root INFO compiler-errors decoration range: [20,1 -> 20,1], change range: [17,18 -> 17,18], affects: false
2026-02-04 17:20:49 2026-02-04T17:20:49.307Z root INFO compiler-errors decoration range: [19,4 -> 19,4], change range: [17,18 -> 17,18], affects: false
2026-02-04 17:20:49 2026-02-04T17:20:49.307Z root INFO compiler-errors decoration range: [19,4 -> 19,4], change range: [17,18 -> 17,18], affects: false
2026-02-04 17:20:49 2026-02-04T17:20:49.307Z root INFO compiler-errors Handling selection change in editor file:///home/shrek/Arduino/practice/led.ino/led.ino.ino. New (monaco) selection: [17,19 -> 17,19]
2026-02-04 17:20:49 2026-02-04T17:20:49.307Z root INFO compiler-errors New (monaco) selection [17,19 -> 17,19] does not intersect any error locations. Skipping.
2026-02-04 17:20:50 2026-02-04T17:20:50.313Z daemon INFO time="2026-02-04T17:20:50Z" level=info msg="Adding libraries dir" dir=/home/shrek/.arduino15/libraries isSingleLibrary=false location=ide
time="2026-02-04T17:20:50Z" level=info msg="Adding libraries dir" dir=/home/shrek/.arduino15/packages/esp32/hardware/esp32/3.3.6/libraries isSingleLibrary=false location=platform
time="2026-02-04T17:20:50Z" level=info msg="Adding libraries dir" dir=/home/shrek/Arduino/libraries isSingleLibrary=false location=user
2026-02-04 17:20:51 2026-02-04T17:20:51.702Z root INFO compiler-errors decoration range: [20,1 -> 20,1], change range: [17,19 -> 17,19], affects: false
2026-02-04 17:20:51 2026-02-04T17:20:51.702Z root INFO compiler-errors decoration range: [19,4 -> 19,4], change range: [17,19 -> 17,19], affects: false
2026-02-04 17:20:51 2026-02-04T17:20:51.703Z root INFO compiler-errors decoration range: [19,4 -> 19,4], change range: [17,19 -> 17,19], affects: false
2026-02-04 17:20:51 2026-02-04T17:20:51.703Z root INFO compiler-errors Handling selection change in editor file:///home/shrek/Arduino/practice/led.ino/led.ino.ino. New (monaco) selection: [17,20 -> 17,20]
2026-02-04 17:20:51 2026-02-04T17:20:51.703Z root INFO compiler-errors New (monaco) selection [17,20 -> 17,20] does not intersect any error locations. Skipping.
2026-02-04 17:20:51 2026-02-04T17:20:51.982Z root INFO compiler-errors decoration range: [20,1 -> 20,1], change range: [17,20 -> 17,20], affects: false
2026-02-04 17:20:51 2026-02-04T17:20:51.982Z root INFO compiler-errors decoration range: [19,4 -> 19,4], change range: [17,20 -> 17,20], affects: false
2026-02-04 17:20:51 2026-02-04T17:20:51.982Z root INFO compiler-errors decoration range: [19,4 -> 19,4], change range: [17,20 -> 17,20], affects: false
2026-02-04 17:20:51 2026-02-04T17:20:51.982Z root INFO compiler-errors Handling selection change in editor file:///home/shrek/Arduino/practice/led.ino/led.ino.ino. New (monaco) selection: [17,21 -> 17,21]
2026-02-04 17:20:51 2026-02-04T17:20:51.982Z root INFO compiler-errors New (monaco) selection [17,21 -> 17,21] does not intersect any error locations. Skipping.
2026-02-04 17:20:52 2026-02-04T17:20:52.257Z root INFO compiler-errors decoration range: [20,1 -> 20,1], change range: [17,21 -> 17,21], affects: false
2026-02-04 17:20:52 2026-02-04T17:20:52.257Z root INFO compiler-errors decoration range: [19,4 -> 19,4], change range: [17,21 -> 17,21], affects: false
2026-02-04 17:20:52 2026-02-04T17:20:52.257Z root INFO compiler-errors decoration range: [19,4 -> 19,4], change range: [17,21 -> 17,21], affects: false
2026-02-04 17:20:52 2026-02-04T17:20:52.257Z root INFO compiler-errors Handling selection change in editor file:///home/shrek/Arduino/practice/led.ino/led.ino.ino. New (monaco) selection: [17,22 -> 17,22]
2026-02-04 17:20:52 2026-02-04T17:20:52.257Z root INFO compiler-errors New (monaco) selection [17,22 -> 17,22] does not intersect any error locations. Skipping.
2026-02-04 17:20:52 2026-02-04T17:20:52.351Z root INFO compiler-errors decoration range: [20,1 -> 20,1], change range: [17,22 -> 17,22], affects: false
2026-02-04 17:20:52 2026-02-04T17:20:52.351Z root INFO compiler-errors decoration range: [19,4 -> 19,4], change range: [17,22 -> 17,22], affects: false
2026-02-04 17:20:52 2026-02-04T17:20:52.351Z root INFO compiler-errors decoration range: [19,4 -> 19,4], change range: [17,22 -> 17,22], affects: false
2026-02-04 17:20:52 2026-02-04T17:20:52.351Z root INFO compiler-errors Handling selection change in editor file:///home/shrek/Arduino/practice/led.ino/led.ino.ino. New (monaco) selection: [17,23 -> 17,23]
2026-02-04 17:20:52 2026-02-04T17:20:52.351Z root INFO compiler-errors New (monaco) selection [17,23 -> 17,23] does not intersect any error locations. Skipping.
2026-02-04 17:20:52 2026-02-04T17:20:52.473Z root INFO compiler-errors decoration range: [20,1 -> 20,1], change range: [17,23 -> 17,23], affects: false
2026-02-04 17:20:52 2026-02-04T17:20:52.473Z root INFO compiler-errors decoration range: [19,4 -> 19,4], change range: [17,23 -> 17,23], affects: false
2026-02-04 17:20:52 2026-02-04T17:20:52.473Z root INFO compiler-errors decoration range: [19,4 -> 19,4], change range: [17,23 -> 17,23], affects: false
2026-02-04 17:20:52 2026-02-04T17:20:52.473Z root INFO compiler-errors Handling selection change in editor file:///home/shrek/Arduino/practice/led.ino/led.ino.ino. New (monaco) selection: [17,24 -> 17,24]
2026-02-04 17:20:52 2026-02-04T17:20:52.473Z root INFO compiler-errors New (monaco) selection [17,24 -> 17,24] does not intersect any error locations. Skipping.
2026-02-04 17:20:53 2026-02-04T17:20:53.478Z daemon INFO time="2026-02-04T17:20:53Z" level=info msg="Adding libraries dir" dir=/home/shrek/.arduino15/libraries isSingleLibrary=false location=ide
2026-02-04 17:20:53 2026-02-04T17:20:53.478Z daemon INFO time="2026-02-04T17:20:53Z" level=info msg="Adding libraries dir" dir=/home/shrek/.arduino15/packages/esp32/hardware/esp32/3.3.6/libraries isSingleLibrary=false location=platform
time="2026-02-04T17:20:53Z" level=info msg="Adding libraries dir" dir=/home/shrek/Arduino/libraries isSingleLibrary=false location=user
2026-02-04 17:20:54 2026-02-04T17:20:54.368Z root INFO compiler-errors decoration range: [20,1 -> 20,1], change range: [17,24 -> 17,24], affects: false
2026-02-04 17:20:54 2026-02-04T17:20:54.368Z root INFO compiler-errors decoration range: [19,4 -> 19,4], change range: [17,24 -> 17,24], affects: false
2026-02-04 17:20:54 2026-02-04T17:20:54.368Z root INFO compiler-errors decoration range: [19,4 -> 19,4], change range: [17,24 -> 17,24], affects: false
2026-02-04 17:20:54 2026-02-04T17:20:54.368Z root INFO compiler-errors Handling selection change in editor file:///home/shrek/Arduino/practice/led.ino/led.ino.ino. New (monaco) selection: [17,25 -> 17,25]
2026-02-04 17:20:54 2026-02-04T17:20:54.368Z root INFO compiler-errors New (monaco) selection [17,25 -> 17,25] does not intersect any error locations. Skipping.
2026-02-04 17:20:56 2026-02-04T17:20:56.373Z daemon INFO time="2026-02-04T17:20:56Z" level=info msg="Adding libraries dir" dir=/home/shrek/.arduino15/libraries isSingleLibrary=false location=ide
2026-02-04 17:20:56 2026-02-04T17:20:56.373Z daemon INFO time="2026-02-04T17:20:56Z" level=info msg="Adding libraries dir" dir=/home/shrek/.arduino15/packages/esp32/hardware/esp32/3.3.6/libraries isSingleLibrary=false location=platform
time="2026-02-04T17:20:56Z" level=info msg="Adding libraries dir" dir=/home/shrek/Arduino/libraries isSingleLibrary=false location=user
2026-02-04 17:20:56 2026-02-04T17:20:56.500Z root INFO compiler-errors decoration range: [20,1 -> 20,1], change range: [17,25 -> 17,25], affects: false
2026-02-04 17:20:56 2026-02-04T17:20:56.500Z root INFO compiler-errors decoration range: [19,4 -> 19,4], change range: [17,25 -> 17,25], affects: false
2026-02-04 17:20:56 2026-02-04T17:20:56.501Z root INFO compiler-errors decoration range: [19,4 -> 19,4], change range: [17,25 -> 17,25], affects: false
2026-02-04 17:20:56 2026-02-04T17:20:56.501Z root INFO compiler-errors Handling selection change in editor file:///home/shrek/Arduino/practice/led.ino/led.ino.ino. New (monaco) selection: [17,26 -> 17,26]
2026-02-04 17:20:56 2026-02-04T17:20:56.501Z root INFO compiler-errors New (monaco) selection [17,26 -> 17,26] does not intersect any error locations. Skipping.
2026-02-04 17:20:56 2026-02-04T17:20:56.734Z root INFO compiler-errors decoration range: [20,1 -> 20,1], change range: [17,26 -> 17,26], affects: false
2026-02-04 17:20:56 2026-02-04T17:20:56.734Z root INFO compiler-errors decoration range: [19,4 -> 19,4], change range: [17,26 -> 17,26], affects: false
2026-02-04 17:20:56 2026-02-04T17:20:56.734Z root INFO compiler-errors decoration range: [19,4 -> 19,4], change range: [17,26 -> 17,26], affects: false
2026-02-04 17:20:56 2026-02-04T17:20:56.734Z root INFO compiler-errors Handling selection change in editor file:///home/shrek/Arduino/practice/led.ino/led.ino.ino. New (monaco) selection: [17,27 -> 17,27]
2026-02-04 17:20:56 2026-02-04T17:20:56.734Z root INFO compiler-errors New (monaco) selection [17,27 -> 17,27] does not intersect any error locations. Skipping.
2026-02-04 17:20:57 2026-02-04T17:20:57.416Z root INFO compiler-errors Handling selection change in editor file:///home/shrek/Arduino/practice/led.ino/led.ino.ino. New (monaco) selection: [17,28 -> 17,28]
2026-02-04 17:20:57 2026-02-04T17:20:57.416Z root INFO compiler-errors New (monaco) selection [17,28 -> 17,28] does not intersect any error locations. Skipping.
2026-02-04 17:20:57 2026-02-04T17:20:57.679Z root INFO compiler-errors Handling selection change in editor file:///home/shrek/Arduino/practice/led.ino/led.ino.ino. New (monaco) selection: [17,29 -> 17,29]
2026-02-04 17:20:57 2026-02-04T17:20:57.679Z root INFO compiler-errors New (monaco) selection [17,29 -> 17,29] does not intersect any error locations. Skipping.
2026-02-04 17:20:58 2026-02-04T17:20:58.041Z root INFO compiler-errors decoration range: [20,1 -> 20,1], change range: [17,28 -> 17,29], affects: false
2026-02-04 17:20:58 2026-02-04T17:20:58.041Z root INFO compiler-errors decoration range: [19,4 -> 19,4], change range: [17,28 -> 17,29], affects: false
2026-02-04 17:20:58 2026-02-04T17:20:58.041Z root INFO compiler-errors decoration range: [19,4 -> 19,4], change range: [17,28 -> 17,29], affects: false
2026-02-04 17:20:58 2026-02-04T17:20:58.041Z root INFO compiler-errors Handling selection change in editor file:///home/shrek/Arduino/practice/led.ino/led.ino.ino. New (monaco) selection: [17,28 -> 17,28]
2026-02-04 17:20:58 2026-02-04T17:20:58.041Z root INFO compiler-errors New (monaco) selection [17,28 -> 17,28] does not intersect any error locations. Skipping.
2026-02-04 17:20:58 2026-02-04T17:20:58.200Z root INFO compiler-errors decoration range: [20,1 -> 20,1], change range: [17,27 -> 17,28], affects: false
2026-02-04 17:20:58 2026-02-04T17:20:58.200Z root INFO compiler-errors decoration range: [19,4 -> 19,4], change range: [17,27 -> 17,28], affects: false
2026-02-04 17:20:58 2026-02-04T17:20:58.200Z root INFO compiler-errors decoration range: [19,4 -> 19,4], change range: [17,27 -> 17,28], affects: false
2026-02-04 17:20:58 2026-02-04T17:20:58.200Z root INFO compiler-errors Handling selection change in editor file:///home/shrek/Arduino/practice/led.ino/led.ino.ino. New (monaco) selection: [17,27 -> 17,27]
2026-02-04 17:20:58 2026-02-04T17:20:58.200Z root INFO compiler-errors New (monaco) selection [17,27 -> 17,27] does not intersect any error locations. Skipping.
2026-02-04 17:20:58 2026-02-04T17:20:58.364Z root INFO compiler-errors decoration range: [20,1 -> 20,1], change range: [17,26 -> 17,27], affects: false
2026-02-04 17:20:58 2026-02-04T17:20:58.364Z root INFO compiler-errors decoration range: [19,4 -> 19,4], change range: [17,26 -> 17,27], affects: false
2026-02-04 17:20:58 2026-02-04T17:20:58.364Z root INFO compiler-errors decoration range: [19,4 -> 19,4], change range: [17,26 -> 17,27], affects: false
2026-02-04 17:20:58 2026-02-04T17:20:58.364Z root INFO compiler-errors Handling selection change in editor file:///home/shrek/Arduino/practice/led.ino/led.ino.ino. New (monaco) selection: [17,26 -> 17,26]
2026-02-04 17:20:58 2026-02-04T17:20:58.364Z root INFO compiler-errors New (monaco) selection [17,26 -> 17,26] does not intersect any error locations. Skipping.
2026-02-04 17:20:58 2026-02-04T17:20:58.549Z root INFO compiler-errors decoration range: [20,1 -> 20,1], change range: [17,25 -> 17,26], affects: false
2026-02-04 17:20:58 2026-02-04T17:20:58.550Z root INFO compiler-errors decoration range: [19,4 -> 19,4], change range: [17,25 -> 17,26], affects: false
2026-02-04 17:20:58 2026-02-04T17:20:58.550Z root INFO compiler-errors decoration range: [19,4 -> 19,4], change range: [17,25 -> 17,26], affects: false
2026-02-04 17:20:58 2026-02-04T17:20:58.550Z root INFO compiler-errors Handling selection change in editor file:///home/shrek/Arduino/practice/led.ino/led.ino.ino. New (monaco) selection: [17,25 -> 17,25]
2026-02-04 17:20:58 2026-02-04T17:20:58.550Z root INFO compiler-errors New (monaco) selection [17,25 -> 17,25] does not intersect any error locations. Skipping.
2026-02-04 17:20:59 2026-02-04T17:20:59.154Z root INFO compiler-errors Handling selection change in editor file:///home/shrek/Arduino/practice/led.ino/led.ino.ino. New (monaco) selection: [17,24 -> 17,24]
2026-02-04 17:20:59 2026-02-04T17:20:59.154Z root INFO compiler-errors New (monaco) selection [17,24 -> 17,24] does not intersect any error locations. Skipping.
2026-02-04 17:20:59 2026-02-04T17:20:59.351Z root INFO compiler-errors decoration range: [20,1 -> 20,1], change range: [17,24 -> 17,24], affects: false
2026-02-04 17:20:59 2026-02-04T17:20:59.352Z root INFO compiler-errors decoration range: [19,4 -> 19,4], change range: [17,24 -> 17,24], affects: false
2026-02-04 17:20:59 2026-02-04T17:20:59.352Z root INFO compiler-errors decoration range: [19,4 -> 19,4], change range: [17,24 -> 17,24], affects: false
2026-02-04 17:20:59 2026-02-04T17:20:59.352Z root INFO compiler-errors Handling selection change in editor file:///home/shrek/Arduino/practice/led.ino/led.ino.ino. New (monaco) selection: [17,25 -> 17,25]
2026-02-04 17:20:59 2026-02-04T17:20:59.352Z root INFO compiler-errors New (monaco) selection [17,25 -> 17,25] does not intersect any error locations. Skipping.
2026-02-04 17:21:00 2026-02-04T17:21:00.357Z daemon INFO time="2026-02-04T17:21:00Z" level=info msg="Adding libraries dir" dir=/home/shrek/.arduino15/libraries isSingleLibrary=false location=ide
2026-02-04 17:21:00 2026-02-04T17:21:00.357Z daemon INFO time="2026-02-04T17:21:00Z" level=info msg="Adding libraries dir" dir=/home/shrek/.arduino15/packages/esp32/hardware/esp32/3.3.6/libraries isSingleLibrary=false location=platform
time="2026-02-04T17:21:00Z" level=info msg="Adding libraries dir" dir=/home/shrek/Arduino/libraries isSingleLibrary=false location=user
2026-02-04 17:21:01 2026-02-04T17:21:01.152Z root INFO compiler-errors Handling selection change in editor file:///home/shrek/Arduino/practice/led.ino/led.ino.ino. New (monaco) selection: [17,26 -> 17,26]
2026-02-04 17:21:01 2026-02-04T17:21:01.152Z root INFO compiler-errors New (monaco) selection [17,26 -> 17,26] does not intersect any error locations. Skipping.
2026-02-04 17:21:01 2026-02-04T17:21:01.352Z root INFO compiler-errors Handling selection change in editor file:///home/shrek/Arduino/practice/led.ino/led.ino.ino. New (monaco) selection: [17,27 -> 17,27]
2026-02-04 17:21:01 2026-02-04T17:21:01.352Z root INFO compiler-errors New (monaco) selection [17,27 -> 17,27] does not intersect any error locations. Skipping.
2026-02-04 17:21:01 2026-02-04T17:21:01.512Z root INFO compiler-errors Handling selection change in editor file:///home/shrek/Arduino/practice/led.ino/led.ino.ino. New (monaco) selection: [17,28 -> 17,28]
2026-02-04 17:21:01 2026-02-04T17:21:01.512Z root INFO compiler-errors New (monaco) selection [17,28 -> 17,28] does not intersect any error locations. Skipping.
2026-02-04 17:21:01 2026-02-04T17:21:01.774Z root INFO compiler-errors Handling selection change in editor file:///home/shrek/Arduino/practice/led.ino/led.ino.ino. New (monaco) selection: [17,29 -> 17,29]
2026-02-04 17:21:01 2026-02-04T17:21:01.775Z root INFO compiler-errors New (monaco) selection [17,29 -> 17,29] does not intersect any error locations. Skipping.
2026-02-04 17:21:01 2026-02-04T17:21:01.999Z root INFO compiler-errors Handling selection change in editor file:///home/shrek/Arduino/practice/led.ino/led.ino.ino. New (monaco) selection: [17,30 -> 17,30]
2026-02-04 17:21:02 2026-02-04T17:21:01.999Z root INFO compiler-errors New (monaco) selection [17,30 -> 17,30] does not intersect any error locations. Skipping.
2026-02-04 17:21:02 2026-02-04T17:21:02.215Z root INFO compiler-errors Handling selection change in editor file:///home/shrek/Arduino/practice/led.ino/led.ino.ino. New (monaco) selection: [17,31 -> 17,31]
2026-02-04 17:21:02 2026-02-04T17:21:02.215Z root INFO compiler-errors New (monaco) selection [17,31 -> 17,31] does not intersect any error locations. Skipping.
2026-02-04 17:21:02 2026-02-04T17:21:02.215Z daemon INFO time="2026-02-04T17:21:02Z" level=info msg="Adding libraries dir" dir=/home/shrek/.arduino15/libraries isSingleLibrary=false location=ide
time="2026-02-04T17:21:02Z" level=info msg="Adding libraries dir" dir=/home/shrek/.arduino15/packages/esp32/hardware/esp32/3.3.6/libraries isSingleLibrary=false location=platform
time="2026-02-04T17:21:02Z" level=info msg="Adding libraries dir" dir=/home/shrek/Arduino/libraries isSingleLibrary=false location=user
2026-02-04 17:21:02 2026-02-04T17:21:02.381Z root INFO compiler-errors Handling selection change in editor file:///home/shrek/Arduino/practice/led.ino/led.ino.ino. New (monaco) selection: [17,32 -> 17,32]
2026-02-04 17:21:02 2026-02-04T17:21:02.381Z root INFO compiler-errors New (monaco) selection [17,32 -> 17,32] does not intersect any error locations. Skipping.
2026-02-04 17:21:02 2026-02-04T17:21:02.587Z root INFO compiler-errors Handling selection change in editor file:///home/shrek/Arduino/practice/led.ino/led.ino.ino. New (monaco) selection: [17,33 -> 17,33]
2026-02-04 17:21:02 2026-02-04T17:21:02.587Z root INFO compiler-errors New (monaco) selection [17,33 -> 17,33] does not intersect any error locations. Skipping.
2026-02-04 17:21:02 2026-02-04T17:21:02.810Z root INFO compiler-errors Handling selection change in editor file:///home/shrek/Arduino/practice/led.ino/led.ino.ino. New (monaco) selection: [17,34 -> 17,34]
2026-02-04 17:21:02 2026-02-04T17:21:02.810Z root INFO compiler-errors New (monaco) selection [17,34 -> 17,34] does not intersect any error locations. Skipping.
2026-02-04 17:21:03 2026-02-04T17:21:03.239Z root INFO compiler-errors Handling selection change in editor file:///home/shrek/Arduino/practice/led.ino/led.ino.ino. New (monaco) selection: [17,35 -> 17,35]
2026-02-04 17:21:03 2026-02-04T17:21:03.239Z root INFO compiler-errors New (monaco) selection [17,35 -> 17,35] does not intersect any error locations. Skipping.
2026-02-04 17:21:05 2026-02-04T17:21:05.276Z root INFO compiler-errors decoration range: [20,1 -> 20,1], change range: [17,35 -> 17,35], affects: false
2026-02-04 17:21:05 2026-02-04T17:21:05.276Z root INFO compiler-errors decoration range: [19,4 -> 19,4], change range: [17,35 -> 17,35], affects: false
2026-02-04 17:21:05 2026-02-04T17:21:05.276Z root INFO compiler-errors decoration range: [19,4 -> 19,4], change range: [17,35 -> 17,35], affects: false
2026-02-04 17:21:05 2026-02-04T17:21:05.276Z root INFO compiler-errors Handling selection change in editor file:///home/shrek/Arduino/practice/led.ino/led.ino.ino. New (monaco) selection: [17,36 -> 17,36]
2026-02-04 17:21:05 2026-02-04T17:21:05.276Z root INFO compiler-errors New (monaco) selection [17,36 -> 17,36] does not intersect any error locations. Skipping.
2026-02-04 17:21:05 2026-02-04T17:21:05.502Z root INFO compiler-errors decoration range: [20,1 -> 20,1], change range: [17,36 -> 17,36], affects: false
2026-02-04 17:21:05 2026-02-04T17:21:05.502Z root INFO compiler-errors decoration range: [19,4 -> 19,4], change range: [17,36 -> 17,36], affects: false
2026-02-04 17:21:05 2026-02-04T17:21:05.502Z root INFO compiler-errors decoration range: [19,4 -> 19,4], change range: [17,36 -> 17,36], affects: false
2026-02-04 17:21:05 2026-02-04T17:21:05.502Z root INFO compiler-errors Handling selection change in editor file:///home/shrek/Arduino/practice/led.ino/led.ino.ino. New (monaco) selection: [17,37 -> 17,37]
2026-02-04 17:21:05 2026-02-04T17:21:05.502Z root INFO compiler-errors New (monaco) selection [17,37 -> 17,37] does not intersect any error locations. Skipping.
2026-02-04 17:21:06 2026-02-04T17:21:06.215Z root INFO compiler-errors decoration range: [20,1 -> 20,1], change range: [17,37 -> 17,37], affects: false
2026-02-04 17:21:06 2026-02-04T17:21:06.215Z root INFO compiler-errors decoration range: [19,4 -> 19,4], change range: [17,37 -> 17,37], affects: false
2026-02-04 17:21:06 2026-02-04T17:21:06.215Z root INFO compiler-errors decoration range: [19,4 -> 19,4], change range: [17,37 -> 17,37], affects: false
2026-02-04 17:21:06 2026-02-04T17:21:06.215Z root INFO compiler-errors Handling selection change in editor file:///home/shrek/Arduino/practice/led.ino/led.ino.ino. New (monaco) selection: [17,38 -> 17,38]
2026-02-04 17:21:06 2026-02-04T17:21:06.215Z root INFO compiler-errors New (monaco) selection [17,38 -> 17,38] does not intersect any error locations. Skipping.
2026-02-04 17:21:06 2026-02-04T17:21:06.274Z root INFO compiler-errors decoration range: [20,1 -> 20,1], change range: [17,38 -> 17,38], affects: false
2026-02-04 17:21:06 2026-02-04T17:21:06.274Z root INFO compiler-errors decoration range: [19,4 -> 19,4], change range: [17,38 -> 17,38], affects: false
2026-02-04 17:21:06 2026-02-04T17:21:06.274Z root INFO compiler-errors decoration range: [19,4 -> 19,4], change range: [17,38 -> 17,38], affects: false
2026-02-04 17:21:06 2026-02-04T17:21:06.274Z root INFO compiler-errors Handling selection change in editor file:///home/shrek/Arduino/practice/led.ino/led.ino.ino. New (monaco) selection: [17,39 -> 17,39]
2026-02-04 17:21:06 2026-02-04T17:21:06.274Z root INFO compiler-errors New (monaco) selection [17,39 -> 17,39] does not intersect any error locations. Skipping.
2026-02-04 17:21:06 2026-02-04T17:21:06.397Z root INFO compiler-errors decoration range: [20,1 -> 20,1], change range: [17,39 -> 17,39], affects: false
2026-02-04 17:21:06 2026-02-04T17:21:06.397Z root INFO compiler-errors decoration range: [19,4 -> 19,4], change range: [17,39 -> 17,39], affects: false
2026-02-04 17:21:06 2026-02-04T17:21:06.397Z root INFO compiler-errors decoration range: [19,4 -> 19,4], change range: [17,39 -> 17,39], affects: false
2026-02-04 17:21:06 2026-02-04T17:21:06.397Z root INFO compiler-errors Handling selection change in editor file:///home/shrek/Arduino/practice/led.ino/led.ino.ino. New (monaco) selection: [17,40 -> 17,40]
2026-02-04 17:21:06 2026-02-04T17:21:06.397Z root INFO compiler-errors New (monaco) selection [17,40 -> 17,40] does not intersect any error locations. Skipping.
2026-02-04 17:21:07 2026-02-04T17:21:07.344Z root INFO compiler-errors decoration range: [20,1 -> 20,1], change range: [17,40 -> 17,40], affects: false
2026-02-04 17:21:07 2026-02-04T17:21:07.344Z root INFO compiler-errors decoration range: [19,4 -> 19,4], change range: [17,40 -> 17,40], affects: false
2026-02-04 17:21:07 2026-02-04T17:21:07.344Z root INFO compiler-errors decoration range: [19,4 -> 19,4], change range: [17,40 -> 17,40], affects: false
2026-02-04 17:21:07 2026-02-04T17:21:07.344Z root INFO compiler-errors Handling selection change in editor file:///home/shrek/Arduino/practice/led.ino/led.ino.ino. New (monaco) selection: [17,41 -> 17,41]
2026-02-04 17:21:07 2026-02-04T17:21:07.344Z root INFO compiler-errors New (monaco) selection [17,41 -> 17,41] does not intersect any error locations. Skipping.
2026-02-04 17:21:07 2026-02-04T17:21:07.575Z root INFO compiler-errors decoration range: [20,1 -> 20,1], change range: [17,41 -> 17,41], affects: false
2026-02-04 17:21:07 2026-02-04T17:21:07.575Z root INFO compiler-errors decoration range: [19,4 -> 19,4], change range: [17,41 -> 17,41], affects: false
2026-02-04 17:21:07 2026-02-04T17:21:07.575Z root INFO compiler-errors decoration range: [19,4 -> 19,4], change range: [17,41 -> 17,41], affects: false
2026-02-04 17:21:07 2026-02-04T17:21:07.575Z root INFO compiler-errors Handling selection change in editor file:///home/shrek/Arduino/practice/led.ino/led.ino.ino. New (monaco) selection: [17,42 -> 17,42]
2026-02-04 17:21:07 2026-02-04T17:21:07.575Z root INFO compiler-errors New (monaco) selection [17,42 -> 17,42] does not intersect any error locations. Skipping.
2026-02-04 17:21:07 2026-02-04T17:21:07.836Z root INFO compiler-errors decoration range: [20,1 -> 20,1], change range: [17,41 -> 17,42], affects: false
2026-02-04 17:21:07 2026-02-04T17:21:07.836Z root INFO compiler-errors decoration range: [19,4 -> 19,4], change range: [17,41 -> 17,42], affects: false
2026-02-04 17:21:07 2026-02-04T17:21:07.836Z root INFO compiler-errors decoration range: [19,4 -> 19,4], change range: [17,41 -> 17,42], affects: false
2026-02-04 17:21:07 2026-02-04T17:21:07.836Z root INFO compiler-errors Handling selection change in editor file:///home/shrek/Arduino/practice/led.ino/led.ino.ino. New (monaco) selection: [17,41 -> 17,41]
2026-02-04 17:21:07 2026-02-04T17:21:07.836Z root INFO compiler-errors New (monaco) selection [17,41 -> 17,41] does not intersect any error locations. Skipping.
2026-02-04 17:21:08 2026-02-04T17:21:08.023Z root INFO compiler-errors decoration range: [20,1 -> 20,1], change range: [17,40 -> 17,41], affects: false
2026-02-04 17:21:08 2026-02-04T17:21:08.023Z root INFO compiler-errors decoration range: [19,4 -> 19,4], change range: [17,40 -> 17,41], affects: false
2026-02-04 17:21:08 2026-02-04T17:21:08.023Z root INFO compiler-errors decoration range: [19,4 -> 19,4], change range: [17,40 -> 17,41], affects: false
2026-02-04 17:21:08 2026-02-04T17:21:08.023Z root INFO compiler-errors Handling selection change in editor file:///home/shrek/Arduino/practice/led.ino/led.ino.ino. New (monaco) selection: [17,40 -> 17,40]
2026-02-04 17:21:08 2026-02-04T17:21:08.023Z root INFO compiler-errors New (monaco) selection [17,40 -> 17,40] does not intersect any error locations. Skipping.
2026-02-04 17:21:08 2026-02-04T17:21:08.840Z root INFO compiler-errors decoration range: [20,1 -> 20,1], change range: [17,40 -> 17,40], affects: false
2026-02-04 17:21:08 2026-02-04T17:21:08.840Z root INFO compiler-errors decoration range: [19,4 -> 19,4], change range: [17,40 -> 17,40], affects: false
2026-02-04 17:21:08 2026-02-04T17:21:08.840Z root INFO compiler-errors decoration range: [19,4 -> 19,4], change range: [17,40 -> 17,40], affects: false
2026-02-04 17:21:08 2026-02-04T17:21:08.840Z root INFO compiler-errors Handling selection change in editor file:///home/shrek/Arduino/practice/led.ino/led.ino.ino. New (monaco) selection: [17,41 -> 17,41]
2026-02-04 17:21:08 2026-02-04T17:21:08.840Z root INFO compiler-errors New (monaco) selection [17,41 -> 17,41] does not intersect any error locations. Skipping.
2026-02-04 17:21:09 2026-02-04T17:21:09.010Z root INFO compiler-errors decoration range: [20,1 -> 20,1], change range: [17,41 -> 17,41], affects: false
2026-02-04 17:21:09 2026-02-04T17:21:09.010Z root INFO compiler-errors decoration range: [19,4 -> 19,4], change range: [17,41 -> 17,41], affects: false
2026-02-04 17:21:09 2026-02-04T17:21:09.010Z root INFO compiler-errors decoration range: [19,4 -> 19,4], change range: [17,41 -> 17,41], affects: false
2026-02-04 17:21:09 2026-02-04T17:21:09.010Z root INFO compiler-errors Handling selection change in editor file:///home/shrek/Arduino/practice/led.ino/led.ino.ino. New (monaco) selection: [17,42 -> 17,42]
2026-02-04 17:21:09 2026-02-04T17:21:09.010Z root INFO compiler-errors New (monaco) selection [17,42 -> 17,42] does not intersect any error locations. Skipping.
2026-02-04 17:21:09 2026-02-04T17:21:09.339Z root INFO compiler-errors decoration range: [20,1 -> 20,1], change range: [17,41 -> 17,42], affects: false
2026-02-04 17:21:09 2026-02-04T17:21:09.339Z root INFO compiler-errors decoration range: [19,4 -> 19,4], change range: [17,41 -> 17,42], affects: false
2026-02-04 17:21:09 2026-02-04T17:21:09.339Z root INFO compiler-errors decoration range: [19,4 -> 19,4], change range: [17,41 -> 17,42], affects: false
2026-02-04 17:21:09 2026-02-04T17:21:09.339Z root INFO compiler-errors Handling selection change in editor file:///home/shrek/Arduino/practice/led.ino/led.ino.ino. New (monaco) selection: [17,41 -> 17,41]
2026-02-04 17:21:09 2026-02-04T17:21:09.339Z root INFO compiler-errors New (monaco) selection [17,41 -> 17,41] does not intersect any error locations. Skipping.
2026-02-04 17:21:09 2026-02-04T17:21:09.521Z root INFO compiler-errors decoration range: [20,1 -> 20,1], change range: [17,40 -> 17,41], affects: false
2026-02-04 17:21:09 2026-02-04T17:21:09.522Z root INFO compiler-errors decoration range: [19,4 -> 19,4], change range: [17,40 -> 17,41], affects: false
2026-02-04 17:21:09 2026-02-04T17:21:09.522Z root INFO compiler-errors decoration range: [19,4 -> 19,4], change range: [17,40 -> 17,41], affects: false
2026-02-04 17:21:09 2026-02-04T17:21:09.522Z root INFO compiler-errors Handling selection change in editor file:///home/shrek/Arduino/practice/led.ino/led.ino.ino. New (monaco) selection: [17,40 -> 17,40]
2026-02-04 17:21:09 2026-02-04T17:21:09.522Z root INFO compiler-errors New (monaco) selection [17,40 -> 17,40] does not intersect any error locations. Skipping.
2026-02-04 17:21:09 2026-02-04T17:21:09.940Z root INFO compiler-errors decoration range: [20,1 -> 20,1], change range: [17,40 -> 17,40], affects: false
2026-02-04 17:21:09 2026-02-04T17:21:09.940Z root INFO compiler-errors decoration range: [19,4 -> 19,4], change range: [17,40 -> 17,40], affects: false
2026-02-04 17:21:09 2026-02-04T17:21:09.940Z root INFO compiler-errors decoration range: [19,4 -> 19,4], change range: [17,40 -> 17,40], affects: false
2026-02-04 17:21:09 2026-02-04T17:21:09.940Z root INFO compiler-errors Handling selection change in editor file:///home/shrek/Arduino/practice/led.ino/led.ino.ino. New (monaco) selection: [17,41 -> 17,41]
2026-02-04 17:21:09 2026-02-04T17:21:09.940Z root INFO compiler-errors New (monaco) selection [17,41 -> 17,41] does not intersect any error locations. Skipping.
2026-02-04 17:21:10 2026-02-04T17:21:10.203Z root INFO compiler-errors decoration range: [20,1 -> 20,1], change range: [17,41 -> 17,41], affects: false
2026-02-04 17:21:10 2026-02-04T17:21:10.203Z root INFO compiler-errors decoration range: [19,4 -> 19,4], change range: [17,41 -> 17,41], affects: false
2026-02-04 17:21:10 2026-02-04T17:21:10.203Z root INFO compiler-errors decoration range: [19,4 -> 19,4], change range: [17,41 -> 17,41], affects: false
2026-02-04 17:21:10 2026-02-04T17:21:10.203Z root INFO compiler-errors Handling selection change in editor file:///home/shrek/Arduino/practice/led.ino/led.ino.ino. New (monaco) selection: [17,42 -> 17,42]
2026-02-04 17:21:10 2026-02-04T17:21:10.203Z root INFO compiler-errors New (monaco) selection [17,42 -> 17,42] does not intersect any error locations. Skipping.
2026-02-04 17:21:10 2026-02-04T17:21:10.438Z root INFO compiler-errors decoration range: [20,1 -> 20,1], change range: [17,41 -> 17,42], affects: false
2026-02-04 17:21:10 2026-02-04T17:21:10.438Z root INFO compiler-errors decoration range: [19,4 -> 19,4], change range: [17,41 -> 17,42], affects: false
2026-02-04 17:21:10 2026-02-04T17:21:10.438Z root INFO compiler-errors decoration range: [19,4 -> 19,4], change range: [17,41 -> 17,42], affects: false
2026-02-04 17:21:10 2026-02-04T17:21:10.438Z root INFO compiler-errors Handling selection change in editor file:///home/shrek/Arduino/practice/led.ino/led.ino.ino. New (monaco) selection: [17,41 -> 17,41]
2026-02-04 17:21:10 2026-02-04T17:21:10.438Z root INFO compiler-errors New (monaco) selection [17,41 -> 17,41] does not intersect any error locations. Skipping.
2026-02-04 17:21:10 2026-02-04T17:21:10.638Z root INFO compiler-errors decoration range: [20,1 -> 20,1], change range: [17,40 -> 17,41], affects: false
2026-02-04 17:21:10 2026-02-04T17:21:10.638Z root INFO compiler-errors decoration range: [19,4 -> 19,4], change range: [17,40 -> 17,41], affects: false
2026-02-04 17:21:10 2026-02-04T17:21:10.638Z root INFO compiler-errors decoration range: [19,4 -> 19,4], change range: [17,40 -> 17,41], affects: false
2026-02-04 17:21:10 2026-02-04T17:21:10.638Z root INFO compiler-errors Handling selection change in editor file:///home/shrek/Arduino/practice/led.ino/led.ino.ino. New (monaco) selection: [17,40 -> 17,40]
2026-02-04 17:21:10 2026-02-04T17:21:10.638Z root INFO compiler-errors New (monaco) selection [17,40 -> 17,40] does not intersect any error locations. Skipping.
2026-02-04 17:21:11 2026-02-04T17:21:11.006Z root INFO compiler-errors decoration range: [20,1 -> 20,1], change range: [17,40 -> 17,40], affects: false
2026-02-04 17:21:11 2026-02-04T17:21:11.006Z root INFO compiler-errors decoration range: [19,4 -> 19,4], change range: [17,40 -> 17,40], affects: false
2026-02-04 17:21:11 2026-02-04T17:21:11.006Z root INFO compiler-errors decoration range: [19,4 -> 19,4], change range: [17,40 -> 17,40], affects: false
2026-02-04 17:21:11 2026-02-04T17:21:11.006Z root INFO compiler-errors Handling selection change in editor file:///home/shrek/Arduino/practice/led.ino/led.ino.ino. New (monaco) selection: [17,41 -> 17,41]
2026-02-04 17:21:11 2026-02-04T17:21:11.006Z root INFO compiler-errors New (monaco) selection [17,41 -> 17,41] does not intersect any error locations. Skipping.
2026-02-04 17:21:11 2026-02-04T17:21:11.615Z root INFO compiler-errors decoration range: [20,1 -> 20,1], change range: [17,41 -> 17,41], affects: false
2026-02-04 17:21:11 2026-02-04T17:21:11.615Z root INFO compiler-errors decoration range: [19,4 -> 19,4], change range: [17,41 -> 17,41], affects: false
2026-02-04 17:21:11 2026-02-04T17:21:11.615Z root INFO compiler-errors decoration range: [19,4 -> 19,4], change range: [17,41 -> 17,41], affects: false
2026-02-04 17:21:11 2026-02-04T17:21:11.615Z root INFO compiler-errors Handling selection change in editor file:///home/shrek/Arduino/practice/led.ino/led.ino.ino. New (monaco) selection: [17,42 -> 17,42]
2026-02-04 17:21:11 2026-02-04T17:21:11.615Z root INFO compiler-errors New (monaco) selection [17,42 -> 17,42] does not intersect any error locations. Skipping.
2026-02-04 17:21:12 2026-02-04T17:21:12.623Z daemon INFO time="2026-02-04T17:21:12Z" level=info msg="Adding libraries dir" dir=/home/shrek/.arduino15/libraries isSingleLibrary=false location=ide
time="2026-02-04T17:21:12Z" level=info msg="Adding libraries dir" dir=/home/shrek/.arduino15/packages/esp32/hardware/esp32/3.3.6/libraries isSingleLibrary=false location=platform
time="2026-02-04T17:21:12Z" level=info msg="Adding libraries dir" dir=/home/shrek/Arduino/libraries isSingleLibrary=false location=user
2026-02-04 17:21:15 2026-02-04T17:21:15.139Z daemon INFO time="2026-02-04T17:21:15Z" level=info msg="Adding libraries dir" dir=/home/shrek/.arduino15/libraries isSingleLibrary=false location=ide
2026-02-04 17:21:15 2026-02-04T17:21:15.139Z daemon INFO time="2026-02-04T17:21:15Z" level=info msg="Adding libraries dir" dir=/home/shrek/.arduino15/packages/esp32/hardware/esp32/3.3.6/libraries isSingleLibrary=false location=platform
time="2026-02-04T17:21:15Z" level=info msg="Adding libraries dir" dir=/home/shrek/Arduino/libraries isSingleLibrary=false location=user
2026-02-04 17:34:38 2026-02-04T17:34:38.378Z root INFO compiler-errors Handling selection change in editor file:///home/shrek/Arduino/practice/led.ino/led.ino.ino. New (monaco) selection: [18,24 -> 18,24]
2026-02-04 17:34:38 2026-02-04T17:34:38.378Z root INFO compiler-errors New (monaco) selection [18,24 -> 18,24] does not intersect any error locations. Skipping.
2026-02-04 17:34:41 2026-02-04T17:34:41.011Z root INFO compiler-errors Handling selection change in editor file:///home/shrek/Arduino/practice/led.ino/led.ino.ino. New (monaco) selection: [18,12 -> 18,12]
2026-02-04 17:34:41 2026-02-04T17:34:41.011Z root INFO compiler-errors New (monaco) selection [18,12 -> 18,12] does not intersect any error locations. Skipping.
2026-02-04 17:34:42 2026-02-04T17:34:42.254Z root INFO compiler-errors Handling selection change in editor file:///home/shrek/Arduino/practice/led.ino/led.ino.ino. New (monaco) selection: [18,11 -> 18,11]
2026-02-04 17:34:42 2026-02-04T17:34:42.254Z root INFO compiler-errors New (monaco) selection [18,11 -> 18,11] does not intersect any error locations. Skipping.
2026-02-04 17:34:42 2026-02-04T17:34:42.516Z root INFO compiler-errors decoration range: [20,1 -> 20,1], change range: [18,10 -> 18,11], affects: false
2026-02-04 17:34:42 2026-02-04T17:34:42.516Z root INFO compiler-errors decoration range: [19,4 -> 19,4], change range: [18,10 -> 18,11], affects: false
2026-02-04 17:34:42 2026-02-04T17:34:42.516Z root INFO compiler-errors decoration range: [19,4 -> 19,4], change range: [18,10 -> 18,11], affects: false
2026-02-04 17:34:42 2026-02-04T17:34:42.516Z root INFO compiler-errors Handling selection change in editor file:///home/shrek/Arduino/practice/led.ino/led.ino.ino. New (monaco) selection: [18,10 -> 18,10]
2026-02-04 17:34:42 2026-02-04T17:34:42.516Z root INFO compiler-errors New (monaco) selection [18,10 -> 18,10] does not intersect any error locations. Skipping.
2026-02-04 17:34:42 2026-02-04T17:34:42.757Z root INFO compiler-errors decoration range: [20,1 -> 20,1], change range: [18,10 -> 18,10], affects: false
2026-02-04 17:34:42 2026-02-04T17:34:42.757Z root INFO compiler-errors decoration range: [19,4 -> 19,4], change range: [18,10 -> 18,10], affects: false
2026-02-04 17:34:42 2026-02-04T17:34:42.757Z root INFO compiler-errors decoration range: [19,4 -> 19,4], change range: [18,10 -> 18,10], affects: false
2026-02-04 17:34:42 2026-02-04T17:34:42.757Z root INFO compiler-errors Handling selection change in editor file:///home/shrek/Arduino/practice/led.ino/led.ino.ino. New (monaco) selection: [18,11 -> 18,11]
2026-02-04 17:34:42 2026-02-04T17:34:42.757Z root INFO compiler-errors New (monaco) selection [18,11 -> 18,11] does not intersect any error locations. Skipping.
2026-02-04 17:34:42 2026-02-04T17:34:42.860Z root INFO compiler-errors decoration range: [20,1 -> 20,1], change range: [18,11 -> 18,11], affects: false
2026-02-04 17:34:42 2026-02-04T17:34:42.860Z root INFO compiler-errors decoration range: [19,4 -> 19,4], change range: [18,11 -> 18,11], affects: false
2026-02-04 17:34:42 2026-02-04T17:34:42.860Z root INFO compiler-errors decoration range: [19,4 -> 19,4], change range: [18,11 -> 18,11], affects: false
2026-02-04 17:34:42 2026-02-04T17:34:42.860Z root INFO compiler-errors Handling selection change in editor file:///home/shrek/Arduino/practice/led.ino/led.ino.ino. New (monaco) selection: [18,12 -> 18,12]
2026-02-04 17:34:42 2026-02-04T17:34:42.860Z root INFO compiler-errors New (monaco) selection [18,12 -> 18,12] does not intersect any error locations. Skipping.
2026-02-04 17:34:42 2026-02-04T17:34:42.954Z root INFO compiler-errors decoration range: [20,1 -> 20,1], change range: [18,12 -> 18,12], affects: false
2026-02-04 17:34:42 2026-02-04T17:34:42.954Z root INFO compiler-errors decoration range: [19,4 -> 19,4], change range: [18,12 -> 18,12], affects: false
2026-02-04 17:34:42 2026-02-04T17:34:42.954Z root INFO compiler-errors decoration range: [19,4 -> 19,4], change range: [18,12 -> 18,12], affects: false
2026-02-04 17:34:42 2026-02-04T17:34:42.954Z root INFO compiler-errors Handling selection change in editor file:///home/shrek/Arduino/practice/led.ino/led.ino.ino. New (monaco) selection: [18,13 -> 18,13]
2026-02-04 17:34:42 2026-02-04T17:34:42.954Z root INFO compiler-errors New (monaco) selection [18,13 -> 18,13] does not intersect any error locations. Skipping.
2026-02-04 17:34:43 2026-02-04T17:34:43.351Z root INFO compiler-errors Handling selection change in editor file:///home/shrek/Arduino/practice/led.ino/led.ino.ino. New (monaco) selection: [18,14 -> 18,14]
2026-02-04 17:34:43 2026-02-04T17:34:43.351Z root INFO compiler-errors New (monaco) selection [18,14 -> 18,14] does not intersect any error locations. Skipping.
2026-02-04 17:34:43 2026-02-04T17:34:43.951Z root INFO compiler-errors Handling selection change in editor file:///home/shrek/Arduino/practice/led.ino/led.ino.ino. New (monaco) selection: [18,15 -> 18,15]
2026-02-04 17:34:43 2026-02-04T17:34:43.951Z root INFO compiler-errors New (monaco) selection [18,15 -> 18,15] does not intersect any error locations. Skipping.
2026-02-04 17:34:43 2026-02-04T17:34:43.959Z daemon INFO time="2026-02-04T17:34:43Z" level=info msg="Adding libraries dir" dir=/home/shrek/.arduino15/libraries isSingleLibrary=false location=ide
2026-02-04 17:34:43 2026-02-04T17:34:43.959Z daemon INFO time="2026-02-04T17:34:43Z" level=info msg="Adding libraries dir" dir=/home/shrek/.arduino15/packages/esp32/hardware/esp32/3.3.6/libraries isSingleLibrary=false location=platform
time="2026-02-04T17:34:43Z" level=info msg="Adding libraries dir" dir=/home/shrek/Arduino/libraries isSingleLibrary=false location=user
2026-02-04 17:34:43 2026-02-04T17:34:43.992Z root INFO compiler-errors Handling selection change in editor file:///home/shrek/Arduino/practice/led.ino/led.ino.ino. New (monaco) selection: [18,16 -> 18,16]
2026-02-04 17:34:43 2026-02-04T17:34:43.992Z root INFO compiler-errors New (monaco) selection [18,16 -> 18,16] does not intersect any error locations. Skipping.
2026-02-04 17:34:44 2026-02-04T17:34:44.031Z root INFO compiler-errors Handling selection change in editor file:///home/shrek/Arduino/practice/led.ino/led.ino.ino. New (monaco) selection: [18,17 -> 18,17]
2026-02-04 17:34:44 2026-02-04T17:34:44.031Z root INFO compiler-errors New (monaco) selection [18,17 -> 18,17] does not intersect any error locations. Skipping.
2026-02-04 17:34:44 2026-02-04T17:34:44.072Z root INFO compiler-errors Handling selection change in editor file:///home/shrek/Arduino/practice/led.ino/led.ino.ino. New (monaco) selection: [18,18 -> 18,18]
2026-02-04 17:34:44 2026-02-04T17:34:44.072Z root INFO compiler-errors New (monaco) selection [18,18 -> 18,18] does not intersect any error locations. Skipping.
2026-02-04 17:34:44 2026-02-04T17:34:44.111Z root INFO compiler-errors Handling selection change in editor file:///home/shrek/Arduino/practice/led.ino/led.ino.ino. New (monaco) selection: [18,19 -> 18,19]
2026-02-04 17:34:44 2026-02-04T17:34:44.111Z root INFO compiler-errors New (monaco) selection [18,19 -> 18,19] does not intersect any error locations. Skipping.
2026-02-04 17:34:44 2026-02-04T17:34:44.151Z root INFO compiler-errors Handling selection change in editor file:///home/shrek/Arduino/practice/led.ino/led.ino.ino. New (monaco) selection: [18,20 -> 18,20]
2026-02-04 17:34:44 2026-02-04T17:34:44.151Z root INFO compiler-errors New (monaco) selection [18,20 -> 18,20] does not intersect any error locations. Skipping.
2026-02-04 17:34:44 2026-02-04T17:34:44.192Z root INFO compiler-errors Handling selection change in editor file:///home/shrek/Arduino/practice/led.ino/led.ino.ino. New (monaco) selection: [18,21 -> 18,21]
2026-02-04 17:34:44 2026-02-04T17:34:44.192Z root INFO compiler-errors New (monaco) selection [18,21 -> 18,21] does not intersect any error locations. Skipping.
2026-02-04 17:34:44 2026-02-04T17:34:44.231Z root INFO compiler-errors Handling selection change in editor file:///home/shrek/Arduino/practice/led.ino/led.ino.ino. New (monaco) selection: [18,22 -> 18,22]
2026-02-04 17:34:44 2026-02-04T17:34:44.231Z root INFO compiler-errors New (monaco) selection [18,22 -> 18,22] does not intersect any error locations. Skipping.
2026-02-04 17:34:44 2026-02-04T17:34:44.272Z root INFO compiler-errors Handling selection change in editor file:///home/shrek/Arduino/practice/led.ino/led.ino.ino. New (monaco) selection: [18,23 -> 18,23]
2026-02-04 17:34:44 2026-02-04T17:34:44.272Z root INFO compiler-errors New (monaco) selection [18,23 -> 18,23] does not intersect any error locations. Skipping.
2026-02-04 17:34:44 2026-02-04T17:34:44.311Z root INFO compiler-errors Handling selection change in editor file:///home/shrek/Arduino/practice/led.ino/led.ino.ino. New (monaco) selection: [18,24 -> 18,24]
2026-02-04 17:34:44 2026-02-04T17:34:44.311Z root INFO compiler-errors New (monaco) selection [18,24 -> 18,24] does not intersect any error locations. Skipping.
2026-02-04 17:34:44 2026-02-04T17:34:44.351Z root INFO compiler-errors Handling selection change in editor file:///home/shrek/Arduino/practice/led.ino/led.ino.ino. New (monaco) selection: [18,25 -> 18,25]
2026-02-04 17:34:44 2026-02-04T17:34:44.351Z root INFO compiler-errors New (monaco) selection [18,25 -> 18,25] does not intersect any error locations. Skipping.
2026-02-04 17:34:44 2026-02-04T17:34:44.781Z root INFO compiler-errors Handling selection change in editor file:///home/shrek/Arduino/practice/led.ino/led.ino.ino. New (monaco) selection: [18,26 -> 18,26]
2026-02-04 17:34:44 2026-02-04T17:34:44.781Z root INFO compiler-errors New (monaco) selection [18,26 -> 18,26] does not intersect any error locations. Skipping.
2026-02-04 17:34:45 2026-02-04T17:34:45.224Z root INFO compiler-errors decoration range: [21,1 -> 21,1], change range: [18,26 -> 18,26], affects: false
2026-02-04 17:34:45 2026-02-04T17:34:45.224Z root INFO compiler-errors decoration range: [20,4 -> 20,4], change range: [18,26 -> 18,26], affects: false
2026-02-04 17:34:45 2026-02-04T17:34:45.224Z root INFO compiler-errors decoration range: [20,4 -> 20,4], change range: [18,26 -> 18,26], affects: false
2026-02-04 17:34:45 2026-02-04T17:34:45.224Z root INFO compiler-errors Handling selection change in editor file:///home/shrek/Arduino/practice/led.ino/led.ino.ino. New (monaco) selection: [19,5 -> 19,5]
2026-02-04 17:34:45 2026-02-04T17:34:45.224Z root INFO compiler-errors New (monaco) selection [19,5 -> 19,5] does not intersect any error locations. Skipping.
2026-02-04 17:34:47 2026-02-04T17:34:47.038Z root INFO compiler-errors decoration range: [21,1 -> 21,1], change range: [19,5 -> 19,5], affects: false
2026-02-04 17:34:47 2026-02-04T17:34:47.038Z root INFO compiler-errors decoration range: [20,4 -> 20,4], change range: [19,5 -> 19,5], affects: false
2026-02-04 17:34:47 2026-02-04T17:34:47.038Z root INFO compiler-errors decoration range: [20,4 -> 20,4], change range: [19,5 -> 19,5], affects: false
2026-02-04 17:34:47 2026-02-04T17:34:47.038Z root INFO compiler-errors Handling selection change in editor file:///home/shrek/Arduino/practice/led.ino/led.ino.ino. New (monaco) selection: [19,6 -> 19,6]
2026-02-04 17:34:47 2026-02-04T17:34:47.038Z root INFO compiler-errors New (monaco) selection [19,6 -> 19,6] does not intersect any error locations. Skipping.
2026-02-04 17:34:48 2026-02-04T17:34:48.043Z daemon INFO time="2026-02-04T17:34:48Z" level=info msg="Adding libraries dir" dir=/home/shrek/.arduino15/libraries isSingleLibrary=false location=ide
2026-02-04 17:34:48 2026-02-04T17:34:48.043Z daemon INFO time="2026-02-04T17:34:48Z" level=info msg="Adding libraries dir" dir=/home/shrek/.arduino15/packages/esp32/hardware/esp32/3.3.6/libraries isSingleLibrary=false location=platform
time="2026-02-04T17:34:48Z" level=info msg="Adding libraries dir" dir=/home/shrek/Arduino/libraries isSingleLibrary=false location=user
2026-02-04 17:34:48 2026-02-04T17:34:48.561Z root INFO compiler-errors decoration range: [21,1 -> 21,1], change range: [19,6 -> 19,6], affects: false
2026-02-04 17:34:48 2026-02-04T17:34:48.561Z root INFO compiler-errors decoration range: [20,4 -> 20,4], change range: [19,6 -> 19,6], affects: false
2026-02-04 17:34:48 2026-02-04T17:34:48.561Z root INFO compiler-errors decoration range: [20,4 -> 20,4], change range: [19,6 -> 19,6], affects: false
2026-02-04 17:34:48 2026-02-04T17:34:48.561Z root INFO compiler-errors Handling selection change in editor file:///home/shrek/Arduino/practice/led.ino/led.ino.ino. New (monaco) selection: [19,7 -> 19,7]
2026-02-04 17:34:48 2026-02-04T17:34:48.561Z root INFO compiler-errors New (monaco) selection [19,7 -> 19,7] does not intersect any error locations. Skipping.
2026-02-04 17:34:48 2026-02-04T17:34:48.716Z root INFO compiler-errors decoration range: [21,1 -> 21,1], change range: [19,7 -> 19,7], affects: false
2026-02-04 17:34:48 2026-02-04T17:34:48.716Z root INFO compiler-errors decoration range: [20,4 -> 20,4], change range: [19,7 -> 19,7], affects: false
2026-02-04 17:34:48 2026-02-04T17:34:48.716Z root INFO compiler-errors decoration range: [20,4 -> 20,4], change range: [19,7 -> 19,7], affects: false
2026-02-04 17:34:48 2026-02-04T17:34:48.716Z root INFO compiler-errors Handling selection change in editor file:///home/shrek/Arduino/practice/led.ino/led.ino.ino. New (monaco) selection: [19,8 -> 19,8]
2026-02-04 17:34:48 2026-02-04T17:34:48.716Z root INFO compiler-errors New (monaco) selection [19,8 -> 19,8] does not intersect any error locations. Skipping.
2026-02-04 17:34:48 2026-02-04T17:34:48.778Z root INFO compiler-errors decoration range: [21,1 -> 21,1], change range: [19,8 -> 19,8], affects: false
2026-02-04 17:34:48 2026-02-04T17:34:48.778Z root INFO compiler-errors decoration range: [20,4 -> 20,4], change range: [19,8 -> 19,8], affects: false
2026-02-04 17:34:48 2026-02-04T17:34:48.778Z root INFO compiler-errors decoration range: [20,4 -> 20,4], change range: [19,8 -> 19,8], affects: false
2026-02-04 17:34:48 2026-02-04T17:34:48.778Z root INFO compiler-errors Handling selection change in editor file:///home/shrek/Arduino/practice/led.ino/led.ino.ino. New (monaco) selection: [19,9 -> 19,9]
2026-02-04 17:34:48 2026-02-04T17:34:48.778Z root INFO compiler-errors New (monaco) selection [19,9 -> 19,9] does not intersect any error locations. Skipping.
2026-02-04 17:34:49 2026-02-04T17:34:49.154Z root INFO compiler-errors decoration range: [21,1 -> 21,1], change range: [19,9 -> 19,9], affects: false
2026-02-04 17:34:49 2026-02-04T17:34:49.154Z root INFO compiler-errors decoration range: [20,4 -> 20,4], change range: [19,9 -> 19,9], affects: false
2026-02-04 17:34:49 2026-02-04T17:34:49.155Z root INFO compiler-errors decoration range: [20,4 -> 20,4], change range: [19,9 -> 19,9], affects: false
2026-02-04 17:34:49 2026-02-04T17:34:49.155Z root INFO compiler-errors Handling selection change in editor file:///home/shrek/Arduino/practice/led.ino/led.ino.ino. New (monaco) selection: [19,10 -> 19,10]
2026-02-04 17:34:49 2026-02-04T17:34:49.155Z root INFO compiler-errors New (monaco) selection [19,10 -> 19,10] does not intersect any error locations. Skipping.
2026-02-04 17:34:49 2026-02-04T17:34:49.230Z root INFO compiler-errors decoration range: [21,1 -> 21,1], change range: [19,10 -> 19,10], affects: false
2026-02-04 17:34:49 2026-02-04T17:34:49.230Z root INFO compiler-errors decoration range: [20,4 -> 20,4], change range: [19,10 -> 19,10], affects: false
2026-02-04 17:34:49 2026-02-04T17:34:49.230Z root INFO compiler-errors decoration range: [20,4 -> 20,4], change range: [19,10 -> 19,10], affects: false
2026-02-04 17:34:49 2026-02-04T17:34:49.230Z root INFO compiler-errors Handling selection change in editor file:///home/shrek/Arduino/practice/led.ino/led.ino.ino. New (monaco) selection: [19,11 -> 19,11]
2026-02-04 17:34:49 2026-02-04T17:34:49.230Z root INFO compiler-errors New (monaco) selection [19,11 -> 19,11] does not intersect any error locations. Skipping.
2026-02-04 17:34:49 2026-02-04T17:34:49.336Z root INFO compiler-errors decoration range: [21,1 -> 21,1], change range: [19,11 -> 19,11], affects: false
2026-02-04 17:34:49 2026-02-04T17:34:49.336Z root INFO compiler-errors decoration range: [20,4 -> 20,4], change range: [19,11 -> 19,11], affects: false
2026-02-04 17:34:49 2026-02-04T17:34:49.336Z root INFO compiler-errors decoration range: [20,4 -> 20,4], change range: [19,11 -> 19,11], affects: false
2026-02-04 17:34:49 2026-02-04T17:34:49.336Z root INFO compiler-errors Handling selection change in editor file:///home/shrek/Arduino/practice/led.ino/led.ino.ino. New (monaco) selection: [19,12 -> 19,12]
2026-02-04 17:34:49 2026-02-04T17:34:49.336Z root INFO compiler-errors New (monaco) selection [19,12 -> 19,12] does not intersect any error locations. Skipping.
2026-02-04 17:34:50 2026-02-04T17:34:50.341Z daemon INFO time="2026-02-04T17:34:50Z" level=info msg="Adding libraries dir" dir=/home/shrek/.arduino15/libraries isSingleLibrary=false location=ide
time="2026-02-04T17:34:50Z" level=info msg="Adding libraries dir" dir=/home/shrek/.arduino15/packages/esp32/hardware/esp32/3.3.6/libraries isSingleLibrary=false location=platform
time="2026-02-04T17:34:50Z" level=info msg="Adding libraries dir" dir=/home/shrek/Arduino/libraries isSingleLibrary=false location=user
2026-02-04 17:34:51 2026-02-04T17:34:51.427Z root INFO compiler-errors decoration range: [21,1 -> 21,1], change range: [19,12 -> 19,12], affects: false
2026-02-04 17:34:51 2026-02-04T17:34:51.427Z root INFO compiler-errors decoration range: [20,4 -> 20,4], change range: [19,12 -> 19,12], affects: false
2026-02-04 17:34:51 2026-02-04T17:34:51.427Z root INFO compiler-errors decoration range: [20,4 -> 20,4], change range: [19,12 -> 19,12], affects: false
2026-02-04 17:34:51 2026-02-04T17:34:51.427Z root INFO compiler-errors Handling selection change in editor file:///home/shrek/Arduino/practice/led.ino/led.ino.ino. New (monaco) selection: [19,13 -> 19,13]
2026-02-04 17:34:51 2026-02-04T17:34:51.427Z root INFO compiler-errors New (monaco) selection [19,13 -> 19,13] does not intersect any error locations. Skipping.
2026-02-04 17:34:51 2026-02-04T17:34:51.693Z root INFO compiler-errors decoration range: [21,1 -> 21,1], change range: [19,13 -> 19,13], affects: false
2026-02-04 17:34:51 2026-02-04T17:34:51.693Z root INFO compiler-errors decoration range: [20,4 -> 20,4], change range: [19,13 -> 19,13], affects: false
2026-02-04 17:34:51 2026-02-04T17:34:51.693Z root INFO compiler-errors decoration range: [20,4 -> 20,4], change range: [19,13 -> 19,13], affects: false
2026-02-04 17:34:51 2026-02-04T17:34:51.693Z root INFO compiler-errors Handling selection change in editor file:///home/shrek/Arduino/practice/led.ino/led.ino.ino. New (monaco) selection: [19,14 -> 19,14]
2026-02-04 17:34:51 2026-02-04T17:34:51.693Z root INFO compiler-errors New (monaco) selection [19,14 -> 19,14] does not intersect any error locations. Skipping.
2026-02-04 17:34:51 2026-02-04T17:34:51.824Z root INFO compiler-errors decoration range: [21,1 -> 21,1], change range: [19,14 -> 19,14], affects: false
2026-02-04 17:34:51 2026-02-04T17:34:51.824Z root INFO compiler-errors decoration range: [20,4 -> 20,4], change range: [19,14 -> 19,14], affects: false
2026-02-04 17:34:51 2026-02-04T17:34:51.824Z root INFO compiler-errors decoration range: [20,4 -> 20,4], change range: [19,14 -> 19,14], affects: false
2026-02-04 17:34:51 2026-02-04T17:34:51.824Z root INFO compiler-errors Handling selection change in editor file:///home/shrek/Arduino/practice/led.ino/led.ino.ino. New (monaco) selection: [19,15 -> 19,15]
2026-02-04 17:34:51 2026-02-04T17:34:51.824Z root INFO compiler-errors New (monaco) selection [19,15 -> 19,15] does not intersect any error locations. Skipping.
2026-02-04 17:34:51 2026-02-04T17:34:51.952Z root INFO compiler-errors decoration range: [21,1 -> 21,1], change range: [19,15 -> 19,15], affects: false
2026-02-04 17:34:51 2026-02-04T17:34:51.952Z root INFO compiler-errors decoration range: [20,4 -> 20,4], change range: [19,15 -> 19,15], affects: false
2026-02-04 17:34:51 2026-02-04T17:34:51.952Z root INFO compiler-errors decoration range: [20,4 -> 20,4], change range: [19,15 -> 19,15], affects: false
2026-02-04 17:34:51 2026-02-04T17:34:51.952Z root INFO compiler-errors Handling selection change in editor file:///home/shrek/Arduino/practice/led.ino/led.ino.ino. New (monaco) selection: [19,16 -> 19,16]
2026-02-04 17:34:51 2026-02-04T17:34:51.952Z root INFO compiler-errors New (monaco) selection [19,16 -> 19,16] does not intersect any error locations. Skipping.
2026-02-04 17:34:52 2026-02-04T17:34:52.410Z root INFO compiler-errors decoration range: [21,1 -> 21,1], change range: [19,16 -> 19,16], affects: false
2026-02-04 17:34:52 2026-02-04T17:34:52.410Z root INFO compiler-errors decoration range: [20,4 -> 20,4], change range: [19,16 -> 19,16], affects: false
2026-02-04 17:34:52 2026-02-04T17:34:52.410Z root INFO compiler-errors decoration range: [20,4 -> 20,4], change range: [19,16 -> 19,16], affects: false
2026-02-04 17:34:52 2026-02-04T17:34:52.410Z root INFO compiler-errors Handling selection change in editor file:///home/shrek/Arduino/practice/led.ino/led.ino.ino. New (monaco) selection: [19,17 -> 19,17]
2026-02-04 17:34:52 2026-02-04T17:34:52.410Z root INFO compiler-errors New (monaco) selection [19,17 -> 19,17] does not intersect any error locations. Skipping.
2026-02-04 17:34:52 2026-02-04T17:34:52.835Z root INFO compiler-errors decoration range: [21,1 -> 21,1], change range: [19,16 -> 19,17], affects: false
2026-02-04 17:34:52 2026-02-04T17:34:52.835Z root INFO compiler-errors decoration range: [20,4 -> 20,4], change range: [19,16 -> 19,17], affects: false
2026-02-04 17:34:52 2026-02-04T17:34:52.835Z root INFO compiler-errors decoration range: [20,4 -> 20,4], change range: [19,16 -> 19,17], affects: false
2026-02-04 17:34:52 2026-02-04T17:34:52.835Z root INFO compiler-errors Handling selection change in editor file:///home/shrek/Arduino/practice/led.ino/led.ino.ino. New (monaco) selection: [19,16 -> 19,16]
2026-02-04 17:34:52 2026-02-04T17:34:52.835Z root INFO compiler-errors New (monaco) selection [19,16 -> 19,16] does not intersect any error locations. Skipping.
2026-02-04 17:34:52 2026-02-04T17:34:52.885Z root INFO compiler-errors decoration range: [21,1 -> 21,1], change range: [19,16 -> 19,16], affects: false
2026-02-04 17:34:52 2026-02-04T17:34:52.885Z root INFO compiler-errors decoration range: [20,4 -> 20,4], change range: [19,16 -> 19,16], affects: false
2026-02-04 17:34:52 2026-02-04T17:34:52.885Z root INFO compiler-errors decoration range: [20,4 -> 20,4], change range: [19,16 -> 19,16], affects: false
2026-02-04 17:34:52 2026-02-04T17:34:52.885Z root INFO compiler-errors Handling selection change in editor file:///home/shrek/Arduino/practice/led.ino/led.ino.ino. New (monaco) selection: [19,17 -> 19,17]
2026-02-04 17:34:52 2026-02-04T17:34:52.885Z root INFO compiler-errors New (monaco) selection [19,17 -> 19,17] does not intersect any error locations. Skipping.
2026-02-04 17:34:53 2026-02-04T17:34:53.470Z root INFO compiler-errors decoration range: [21,1 -> 21,1], change range: [19,17 -> 19,17], affects: false
2026-02-04 17:34:53 2026-02-04T17:34:53.470Z root INFO compiler-errors decoration range: [20,4 -> 20,4], change range: [19,17 -> 19,17], affects: false
2026-02-04 17:34:53 2026-02-04T17:34:53.470Z root INFO compiler-errors decoration range: [20,4 -> 20,4], change range: [19,17 -> 19,17], affects: false
2026-02-04 17:34:53 2026-02-04T17:34:53.470Z root INFO compiler-errors Handling selection change in editor file:///home/shrek/Arduino/practice/led.ino/led.ino.ino. New (monaco) selection: [19,18 -> 19,18]
2026-02-04 17:34:53 2026-02-04T17:34:53.470Z root INFO compiler-errors New (monaco) selection [19,18 -> 19,18] does not intersect any error locations. Skipping.
2026-02-04 17:34:53 2026-02-04T17:34:53.547Z root INFO compiler-errors decoration range: [21,1 -> 21,1], change range: [19,18 -> 19,19], affects: false
2026-02-04 17:34:53 2026-02-04T17:34:53.547Z root INFO compiler-errors decoration range: [20,4 -> 20,4], change range: [19,18 -> 19,19], affects: false
2026-02-04 17:34:53 2026-02-04T17:34:53.547Z root INFO compiler-errors decoration range: [20,4 -> 20,4], change range: [19,18 -> 19,19], affects: false
2026-02-04 17:34:53 2026-02-04T17:34:53.547Z root INFO compiler-errors Handling selection change in editor file:///home/shrek/Arduino/practice/led.ino/led.ino.ino. New (monaco) selection: [19,19 -> 19,19]
2026-02-04 17:34:53 2026-02-04T17:34:53.547Z root INFO compiler-errors New (monaco) selection [19,19 -> 19,19] does not intersect any error locations. Skipping.
2026-02-04 17:34:54 2026-02-04T17:34:54.552Z daemon INFO time="2026-02-04T17:34:54Z" level=info msg="Adding libraries dir" dir=/home/shrek/.arduino15/libraries isSingleLibrary=false location=ide
2026-02-04 17:34:54 2026-02-04T17:34:54.552Z daemon INFO time="2026-02-04T17:34:54Z" level=info msg="Adding libraries dir" dir=/home/shrek/.arduino15/packages/esp32/hardware/esp32/3.3.6/libraries isSingleLibrary=false location=platform
time="2026-02-04T17:34:54Z" level=info msg="Adding libraries dir" dir=/home/shrek/Arduino/libraries isSingleLibrary=false location=user
2026-02-04 17:34:54 2026-02-04T17:34:54.950Z root INFO compiler-errors decoration range: [21,1 -> 21,1], change range: [19,19 -> 19,19], affects: false
2026-02-04 17:34:54 2026-02-04T17:34:54.950Z root INFO compiler-errors decoration range: [20,4 -> 20,4], change range: [19,19 -> 19,19], affects: false
2026-02-04 17:34:54 2026-02-04T17:34:54.950Z root INFO compiler-errors decoration range: [20,4 -> 20,4], change range: [19,19 -> 19,19], affects: false
2026-02-04 17:34:54 2026-02-04T17:34:54.950Z root INFO compiler-errors Handling selection change in editor file:///home/shrek/Arduino/practice/led.ino/led.ino.ino. New (monaco) selection: [19,20 -> 19,20]
2026-02-04 17:34:54 2026-02-04T17:34:54.950Z root INFO compiler-errors New (monaco) selection [19,20 -> 19,20] does not intersect any error locations. Skipping.
2026-02-04 17:34:55 2026-02-04T17:34:55.482Z root INFO compiler-errors Handling selection change in editor file:///home/shrek/Arduino/practice/led.ino/led.ino.ino. New (monaco) selection: [18,20 -> 18,20]
2026-02-04 17:34:55 2026-02-04T17:34:55.482Z root INFO compiler-errors New (monaco) selection [18,20 -> 18,20] does not intersect any error locations. Skipping.
2026-02-04 17:34:55 2026-02-04T17:34:55.781Z root INFO compiler-errors Handling selection change in editor file:///home/shrek/Arduino/practice/led.ino/led.ino.ino. New (monaco) selection: [18,21 -> 18,21]
2026-02-04 17:34:55 2026-02-04T17:34:55.781Z root INFO compiler-errors New (monaco) selection [18,21 -> 18,21] does not intersect any error locations. Skipping.
2026-02-04 17:34:55 2026-02-04T17:34:55.964Z root INFO compiler-errors Handling selection change in editor file:///home/shrek/Arduino/practice/led.ino/led.ino.ino. New (monaco) selection: [18,22 -> 18,22]
2026-02-04 17:34:55 2026-02-04T17:34:55.964Z root INFO compiler-errors New (monaco) selection [18,22 -> 18,22] does not intersect any error locations. Skipping.
2026-02-04 17:34:56 2026-02-04T17:34:56.147Z root INFO compiler-errors Handling selection change in editor file:///home/shrek/Arduino/practice/led.ino/led.ino.ino. New (monaco) selection: [18,23 -> 18,23]
2026-02-04 17:34:56 2026-02-04T17:34:56.147Z root INFO compiler-errors New (monaco) selection [18,23 -> 18,23] does not intersect any error locations. Skipping.
2026-02-04 17:34:56 2026-02-04T17:34:56.317Z root INFO compiler-errors Handling selection change in editor file:///home/shrek/Arduino/practice/led.ino/led.ino.ino. New (monaco) selection: [18,24 -> 18,24]
2026-02-04 17:34:56 2026-02-04T17:34:56.317Z root INFO compiler-errors New (monaco) selection [18,24 -> 18,24] does not intersect any error locations. Skipping.
2026-02-04 17:34:56 2026-02-04T17:34:56.478Z root INFO compiler-errors Handling selection change in editor file:///home/shrek/Arduino/practice/led.ino/led.ino.ino. New (monaco) selection: [18,25 -> 18,25]
2026-02-04 17:34:56 2026-02-04T17:34:56.478Z root INFO compiler-errors New (monaco) selection [18,25 -> 18,25] does not intersect any error locations. Skipping.
2026-02-04 17:34:56 2026-02-04T17:34:56.921Z root INFO compiler-errors Handling selection change in editor file:///home/shrek/Arduino/practice/led.ino/led.ino.ino. New (monaco) selection: [18,26 -> 18,26]
2026-02-04 17:34:56 2026-02-04T17:34:56.921Z root INFO compiler-errors New (monaco) selection [18,26 -> 18,26] does not intersect any error locations. Skipping.
2026-02-04 17:34:56 2026-02-04T17:34:56.955Z daemon INFO time="2026-02-04T17:34:56Z" level=info msg="Adding libraries dir" dir=/home/shrek/.arduino15/libraries isSingleLibrary=false location=ide
2026-02-04 17:34:56 2026-02-04T17:34:56.955Z daemon INFO time="2026-02-04T17:34:56Z" level=info msg="Adding libraries dir" dir=/home/shrek/.arduino15/packages/esp32/hardware/esp32/3.3.6/libraries isSingleLibrary=false location=platform
time="2026-02-04T17:34:56Z" level=info msg="Adding libraries dir" dir=/home/shrek/Arduino/libraries isSingleLibrary=false location=user
2026-02-04 17:34:57 2026-02-04T17:34:57.303Z root INFO compiler-errors decoration range: [21,1 -> 21,1], change range: [18,26 -> 18,26], affects: false
2026-02-04 17:34:57 2026-02-04T17:34:57.303Z root INFO compiler-errors decoration range: [20,4 -> 20,4], change range: [18,26 -> 18,26], affects: false
2026-02-04 17:34:57 2026-02-04T17:34:57.303Z root INFO compiler-errors decoration range: [20,4 -> 20,4], change range: [18,26 -> 18,26], affects: false
2026-02-04 17:34:57 2026-02-04T17:34:57.303Z root INFO compiler-errors Handling selection change in editor file:///home/shrek/Arduino/practice/led.ino/led.ino.ino. New (monaco) selection: [18,27 -> 18,27]
2026-02-04 17:34:57 2026-02-04T17:34:57.303Z root INFO compiler-errors New (monaco) selection [18,27 -> 18,27] does not intersect any error locations. Skipping.
2026-02-04 17:34:57 2026-02-04T17:34:57.724Z root INFO compiler-errors Handling selection change in editor file:///home/shrek/Arduino/practice/led.ino/led.ino.ino. New (monaco) selection: [19,20 -> 19,20]
2026-02-04 17:34:57 2026-02-04T17:34:57.724Z root INFO compiler-errors New (monaco) selection [19,20 -> 19,20] does not intersect any error locations. Skipping.
2026-02-04 17:34:58 2026-02-04T17:34:58.003Z root INFO compiler-errors Handling selection change in editor file:///home/shrek/Arduino/practice/led.ino/led.ino.ino. New (monaco) selection: [20,4 -> 20,4]
2026-02-04 17:34:58 2026-02-04T17:34:58.003Z root INFO compiler-errors Current error changed to d;165
2026-02-04 17:34:58 2026-02-04T17:34:58.499Z root INFO compiler-errors Handling selection change in editor file:///home/shrek/Arduino/practice/led.ino/led.ino.ino. New (monaco) selection: [19,20 -> 19,20]
2026-02-04 17:34:58 2026-02-04T17:34:58.499Z root INFO compiler-errors New (monaco) selection [19,20 -> 19,20] does not intersect any error locations. Skipping.
2026-02-04 17:34:58 2026-02-04T17:34:58.945Z root INFO compiler-errors decoration range: [22,1 -> 22,1], change range: [19,20 -> 19,20], affects: false
2026-02-04 17:34:58 2026-02-04T17:34:58.945Z root INFO compiler-errors decoration range: [21,4 -> 21,4], change range: [19,20 -> 19,20], affects: false
2026-02-04 17:34:58 2026-02-04T17:34:58.945Z root INFO compiler-errors decoration range: [21,4 -> 21,4], change range: [19,20 -> 19,20], affects: false
2026-02-04 17:34:58 2026-02-04T17:34:58.945Z root INFO compiler-errors Handling selection change in editor file:///home/shrek/Arduino/practice/led.ino/led.ino.ino. New (monaco) selection: [20,5 -> 20,5]
2026-02-04 17:34:58 2026-02-04T17:34:58.945Z root INFO compiler-errors New (monaco) selection [20,5 -> 20,5] does not intersect any error locations. Skipping.
2026-02-04 17:35:00 2026-02-04T17:35:00.951Z daemon INFO time="2026-02-04T17:35:00Z" level=info msg="Adding libraries dir" dir=/home/shrek/.arduino15/libraries isSingleLibrary=false location=ide
2026-02-04 17:35:00 2026-02-04T17:35:00.951Z daemon INFO time="2026-02-04T17:35:00Z" level=info msg="Adding libraries dir" dir=/home/shrek/.arduino15/packages/esp32/hardware/esp32/3.3.6/libraries isSingleLibrary=false location=platform
time="2026-02-04T17:35:00Z" level=info msg="Adding libraries dir" dir=/home/shrek/Arduino/libraries isSingleLibrary=false location=user
2026-02-04 17:35:05 2026-02-04T17:35:05.989Z root INFO compiler-errors decoration range: [22,1 -> 22,1], change range: [20,5 -> 20,5], affects: false
2026-02-04 17:35:05 2026-02-04T17:35:05.989Z root INFO compiler-errors decoration range: [21,4 -> 21,4], change range: [20,5 -> 20,5], affects: false
2026-02-04 17:35:05 2026-02-04T17:35:05.989Z root INFO compiler-errors decoration range: [21,4 -> 21,4], change range: [20,5 -> 20,5], affects: false
2026-02-04 17:35:05 2026-02-04T17:35:05.989Z root INFO compiler-errors Handling selection change in editor file:///home/shrek/Arduino/practice/led.ino/led.ino.ino. New (monaco) selection: [20,6 -> 20,6]
2026-02-04 17:35:05 2026-02-04T17:35:05.989Z root INFO compiler-errors New (monaco) selection [20,6 -> 20,6] does not intersect any error locations. Skipping.
2026-02-04 17:35:06 2026-02-04T17:35:06.153Z root INFO compiler-errors decoration range: [22,1 -> 22,1], change range: [20,6 -> 20,6], affects: false
2026-02-04 17:35:06 2026-02-04T17:35:06.153Z root INFO compiler-errors decoration range: [21,4 -> 21,4], change range: [20,6 -> 20,6], affects: false
2026-02-04 17:35:06 2026-02-04T17:35:06.153Z root INFO compiler-errors decoration range: [21,4 -> 21,4], change range: [20,6 -> 20,6], affects: false
2026-02-04 17:35:06 2026-02-04T17:35:06.153Z root INFO compiler-errors Handling selection change in editor file:///home/shrek/Arduino/practice/led.ino/led.ino.ino. New (monaco) selection: [20,7 -> 20,7]
2026-02-04 17:35:06 2026-02-04T17:35:06.153Z root INFO compiler-errors New (monaco) selection [20,7 -> 20,7] does not intersect any error locations. Skipping.
2026-02-04 17:35:06 2026-02-04T17:35:06.323Z root INFO compiler-errors decoration range: [22,1 -> 22,1], change range: [20,7 -> 20,7], affects: false
2026-02-04 17:35:06 2026-02-04T17:35:06.323Z root INFO compiler-errors decoration range: [21,4 -> 21,4], change range: [20,7 -> 20,7], affects: false
2026-02-04 17:35:06 2026-02-04T17:35:06.323Z root INFO compiler-errors decoration range: [21,4 -> 21,4], change range: [20,7 -> 20,7], affects: false
2026-02-04 17:35:06 2026-02-04T17:35:06.323Z root INFO compiler-errors Handling selection change in editor file:///home/shrek/Arduino/practice/led.ino/led.ino.ino. New (monaco) selection: [20,8 -> 20,8]
2026-02-04 17:35:06 2026-02-04T17:35:06.323Z root INFO compiler-errors New (monaco) selection [20,8 -> 20,8] does not intersect any error locations. Skipping.
2026-02-04 17:35:06 2026-02-04T17:35:06.469Z root INFO compiler-errors decoration range: [22,1 -> 22,1], change range: [20,8 -> 20,8], affects: false
2026-02-04 17:35:06 2026-02-04T17:35:06.469Z root INFO compiler-errors decoration range: [21,4 -> 21,4], change range: [20,8 -> 20,8], affects: false
2026-02-04 17:35:06 2026-02-04T17:35:06.469Z root INFO compiler-errors decoration range: [21,4 -> 21,4], change range: [20,8 -> 20,8], affects: false
2026-02-04 17:35:06 2026-02-04T17:35:06.469Z root INFO compiler-errors Handling selection change in editor file:///home/shrek/Arduino/practice/led.ino/led.ino.ino. New (monaco) selection: [20,9 -> 20,9]
2026-02-04 17:35:06 2026-02-04T17:35:06.469Z root INFO compiler-errors New (monaco) selection [20,9 -> 20,9] does not intersect any error locations. Skipping.
2026-02-04 17:35:07 2026-02-04T17:35:07.473Z daemon INFO time="2026-02-04T17:35:07Z" level=info msg="Adding libraries dir" dir=/home/shrek/.arduino15/libraries isSingleLibrary=false location=ide
2026-02-04 17:35:07 2026-02-04T17:35:07.473Z daemon INFO time="2026-02-04T17:35:07Z" level=info msg="Adding libraries dir" dir=/home/shrek/.arduino15/packages/esp32/hardware/esp32/3.3.6/libraries isSingleLibrary=false location=platform
time="2026-02-04T17:35:07Z" level=info msg="Adding libraries dir" dir=/home/shrek/Arduino/libraries isSingleLibrary=false location=user
2026-02-04 17:35:07 2026-02-04T17:35:07.861Z root INFO compiler-errors decoration range: [22,1 -> 22,1], change range: [20,9 -> 20,9], affects: false
2026-02-04 17:35:07 2026-02-04T17:35:07.861Z root INFO compiler-errors decoration range: [21,4 -> 21,4], change range: [20,9 -> 20,9], affects: false
2026-02-04 17:35:07 2026-02-04T17:35:07.861Z root INFO compiler-errors decoration range: [21,4 -> 21,4], change range: [20,9 -> 20,9], affects: false
2026-02-04 17:35:07 2026-02-04T17:35:07.861Z root INFO compiler-errors Handling selection change in editor file:///home/shrek/Arduino/practice/led.ino/led.ino.ino. New (monaco) selection: [20,10 -> 20,10]
2026-02-04 17:35:07 2026-02-04T17:35:07.861Z root INFO compiler-errors New (monaco) selection [20,10 -> 20,10] does not intersect any error locations. Skipping.
2026-02-04 17:35:08 2026-02-04T17:35:08.509Z root INFO compiler-errors decoration range: [22,1 -> 22,1], change range: [20,10 -> 20,10], affects: false
2026-02-04 17:35:08 2026-02-04T17:35:08.509Z root INFO compiler-errors decoration range: [21,4 -> 21,4], change range: [20,10 -> 20,10], affects: false
2026-02-04 17:35:08 2026-02-04T17:35:08.509Z root INFO compiler-errors decoration range: [21,4 -> 21,4], change range: [20,10 -> 20,10], affects: false
2026-02-04 17:35:08 2026-02-04T17:35:08.509Z root INFO compiler-errors Handling selection change in editor file:///home/shrek/Arduino/practice/led.ino/led.ino.ino. New (monaco) selection: [20,11 -> 20,11]
2026-02-04 17:35:08 2026-02-04T17:35:08.509Z root INFO compiler-errors New (monaco) selection [20,11 -> 20,11] does not intersect any error locations. Skipping.
2026-02-04 17:35:08 2026-02-04T17:35:08.569Z root INFO compiler-errors decoration range: [22,1 -> 22,1], change range: [20,11 -> 20,11], affects: false
2026-02-04 17:35:08 2026-02-04T17:35:08.569Z root INFO compiler-errors decoration range: [21,4 -> 21,4], change range: [20,11 -> 20,11], affects: false
2026-02-04 17:35:08 2026-02-04T17:35:08.569Z root INFO compiler-errors decoration range: [21,4 -> 21,4], change range: [20,11 -> 20,11], affects: false
2026-02-04 17:35:08 2026-02-04T17:35:08.569Z root INFO compiler-errors Handling selection change in editor file:///home/shrek/Arduino/practice/led.ino/led.ino.ino. New (monaco) selection: [20,12 -> 20,12]
2026-02-04 17:35:08 2026-02-04T17:35:08.569Z root INFO compiler-errors New (monaco) selection [20,12 -> 20,12] does not intersect any error locations. Skipping.
2026-02-04 17:35:08 2026-02-04T17:35:08.707Z root INFO compiler-errors decoration range: [22,1 -> 22,1], change range: [20,12 -> 20,12], affects: false
2026-02-04 17:35:08 2026-02-04T17:35:08.707Z root INFO compiler-errors decoration range: [21,4 -> 21,4], change range: [20,12 -> 20,12], affects: false
2026-02-04 17:35:08 2026-02-04T17:35:08.707Z root INFO compiler-errors decoration range: [21,4 -> 21,4], change range: [20,12 -> 20,12], affects: false
2026-02-04 17:35:08 2026-02-04T17:35:08.707Z root INFO compiler-errors Handling selection change in editor file:///home/shrek/Arduino/practice/led.ino/led.ino.ino. New (monaco) selection: [20,13 -> 20,13]
2026-02-04 17:35:08 2026-02-04T17:35:08.707Z root INFO compiler-errors New (monaco) selection [20,13 -> 20,13] does not intersect any error locations. Skipping.
2026-02-04 17:35:09 2026-02-04T17:35:09.712Z daemon INFO time="2026-02-04T17:35:09Z" level=info msg="Adding libraries dir" dir=/home/shrek/.arduino15/libraries isSingleLibrary=false location=ide
2026-02-04 17:35:09 2026-02-04T17:35:09.712Z daemon INFO time="2026-02-04T17:35:09Z" level=info msg="Adding libraries dir" dir=/home/shrek/.arduino15/packages/esp32/hardware/esp32/3.3.6/libraries isSingleLibrary=false location=platform
time="2026-02-04T17:35:09Z" level=info msg="Adding libraries dir" dir=/home/shrek/Arduino/libraries isSingleLibrary=false location=user
2026-02-04 17:35:10 2026-02-04T17:35:10.338Z root INFO compiler-errors Handling selection change in editor file:///home/shrek/Arduino/practice/led.ino/led.ino.ino. New (monaco) selection: [20,14 -> 20,14]
2026-02-04 17:35:10 2026-02-04T17:35:10.338Z root INFO compiler-errors New (monaco) selection [20,14 -> 20,14] does not intersect any error locations. Skipping.
2026-02-04 17:35:10 2026-02-04T17:35:10.847Z root INFO compiler-errors Handling selection change in editor file:///home/shrek/Arduino/practice/led.ino/led.ino.ino. New (monaco) selection: [21,1 -> 21,1]
2026-02-04 17:35:11 2026-02-04T17:35:11.298Z root INFO compiler-errors Handling selection change in editor file:///home/shrek/Arduino/practice/led.ino/led.ino.ino. New (monaco) selection: [20,14 -> 20,14]
2026-02-04 17:35:11 2026-02-04T17:35:11.299Z root INFO compiler-errors New (monaco) selection [20,14 -> 20,14] does not intersect any error locations. Skipping.
2026-02-04 17:35:11 2026-02-04T17:35:11.531Z daemon INFO time="2026-02-04T17:35:11Z" level=info msg="Adding libraries dir" dir=/home/shrek/.arduino15/libraries isSingleLibrary=false location=ide
2026-02-04 17:35:11 2026-02-04T17:35:11.531Z daemon INFO time="2026-02-04T17:35:11Z" level=info msg="Adding libraries dir" dir=/home/shrek/.arduino15/packages/esp32/hardware/esp32/3.3.6/libraries isSingleLibrary=false location=platform
time="2026-02-04T17:35:11Z" level=info msg="Adding libraries dir" dir=/home/shrek/Arduino/libraries isSingleLibrary=false location=user
2026-02-04 17:35:12 2026-02-04T17:35:12.233Z root INFO compiler-errors decoration range: [22,1 -> 22,1], change range: [20,14 -> 20,14], affects: false
2026-02-04 17:35:12 2026-02-04T17:35:12.233Z root INFO compiler-errors decoration range: [21,4 -> 21,4], change range: [20,14 -> 20,14], affects: false
2026-02-04 17:35:12 2026-02-04T17:35:12.233Z root INFO compiler-errors decoration range: [21,4 -> 21,4], change range: [20,14 -> 20,14], affects: false
2026-02-04 17:35:12 2026-02-04T17:35:12.234Z root INFO compiler-errors Handling selection change in editor file:///home/shrek/Arduino/practice/led.ino/led.ino.ino. New (monaco) selection: [20,15 -> 20,15]
2026-02-04 17:35:12 2026-02-04T17:35:12.234Z root INFO compiler-errors New (monaco) selection [20,15 -> 20,15] does not intersect any error locations. Skipping.
2026-02-04 17:35:12 2026-02-04T17:35:12.366Z root INFO compiler-errors decoration range: [22,1 -> 22,1], change range: [20,15 -> 20,15], affects: false
2026-02-04 17:35:12 2026-02-04T17:35:12.366Z root INFO compiler-errors decoration range: [21,4 -> 21,4], change range: [20,15 -> 20,15], affects: false
2026-02-04 17:35:12 2026-02-04T17:35:12.366Z root INFO compiler-errors decoration range: [21,4 -> 21,4], change range: [20,15 -> 20,15], affects: false
2026-02-04 17:35:12 2026-02-04T17:35:12.366Z root INFO compiler-errors Handling selection change in editor file:///home/shrek/Arduino/practice/led.ino/led.ino.ino. New (monaco) selection: [20,16 -> 20,16]
2026-02-04 17:35:12 2026-02-04T17:35:12.366Z root INFO compiler-errors New (monaco) selection [20,16 -> 20,16] does not intersect any error locations. Skipping.
2026-02-04 17:35:12 2026-02-04T17:35:12.483Z root INFO compiler-errors decoration range: [22,1 -> 22,1], change range: [20,16 -> 20,16], affects: false
2026-02-04 17:35:12 2026-02-04T17:35:12.483Z root INFO compiler-errors decoration range: [21,4 -> 21,4], change range: [20,16 -> 20,16], affects: false
2026-02-04 17:35:12 2026-02-04T17:35:12.483Z root INFO compiler-errors decoration range: [21,4 -> 21,4], change range: [20,16 -> 20,16], affects: false
2026-02-04 17:35:12 2026-02-04T17:35:12.483Z root INFO compiler-errors Handling selection change in editor file:///home/shrek/Arduino/practice/led.ino/led.ino.ino. New (monaco) selection: [20,17 -> 20,17]
2026-02-04 17:35:12 2026-02-04T17:35:12.483Z root INFO compiler-errors New (monaco) selection [20,17 -> 20,17] does not intersect any error locations. Skipping.
2026-02-04 17:35:13 2026-02-04T17:35:13.487Z daemon INFO time="2026-02-04T17:35:13Z" level=info msg="Adding libraries dir" dir=/home/shrek/.arduino15/libraries isSingleLibrary=false location=ide
2026-02-04 17:35:13 2026-02-04T17:35:13.487Z daemon INFO time="2026-02-04T17:35:13Z" level=info msg="Adding libraries dir" dir=/home/shrek/.arduino15/packages/esp32/hardware/esp32/3.3.6/libraries isSingleLibrary=false location=platform
time="2026-02-04T17:35:13Z" level=info msg="Adding libraries dir" dir=/home/shrek/Arduino/libraries isSingleLibrary=false location=user
2026-02-04 17:35:13 2026-02-04T17:35:13.502Z root INFO compiler-errors decoration range: [22,1 -> 22,1], change range: [20,17 -> 20,17], affects: false
2026-02-04 17:35:13 2026-02-04T17:35:13.502Z root INFO compiler-errors decoration range: [21,4 -> 21,4], change range: [20,17 -> 20,17], affects: false
2026-02-04 17:35:13 2026-02-04T17:35:13.502Z root INFO compiler-errors decoration range: [21,4 -> 21,4], change range: [20,17 -> 20,17], affects: false
2026-02-04 17:35:13 2026-02-04T17:35:13.502Z root INFO compiler-errors Handling selection change in editor file:///home/shrek/Arduino/practice/led.ino/led.ino.ino. New (monaco) selection: [20,18 -> 20,18]
2026-02-04 17:35:13 2026-02-04T17:35:13.502Z root INFO compiler-errors New (monaco) selection [20,18 -> 20,18] does not intersect any error locations. Skipping.
2026-02-04 17:35:13 2026-02-04T17:35:13.731Z root INFO compiler-errors decoration range: [22,1 -> 22,1], change range: [20,18 -> 20,18], affects: false
2026-02-04 17:35:13 2026-02-04T17:35:13.731Z root INFO compiler-errors decoration range: [21,4 -> 21,4], change range: [20,18 -> 20,18], affects: false
2026-02-04 17:35:13 2026-02-04T17:35:13.731Z root INFO compiler-errors decoration range: [21,4 -> 21,4], change range: [20,18 -> 20,18], affects: false
2026-02-04 17:35:13 2026-02-04T17:35:13.731Z root INFO compiler-errors Handling selection change in editor file:///home/shrek/Arduino/practice/led.ino/led.ino.ino. New (monaco) selection: [20,19 -> 20,19]
2026-02-04 17:35:13 2026-02-04T17:35:13.731Z root INFO compiler-errors New (monaco) selection [20,19 -> 20,19] does not intersect any error locations. Skipping.
2026-02-04 17:35:14 2026-02-04T17:35:14.413Z root INFO compiler-errors decoration range: [22,1 -> 22,1], change range: [20,19 -> 20,19], affects: false
2026-02-04 17:35:14 2026-02-04T17:35:14.413Z root INFO compiler-errors decoration range: [21,4 -> 21,4], change range: [20,19 -> 20,19], affects: false
2026-02-04 17:35:14 2026-02-04T17:35:14.413Z root INFO compiler-errors decoration range: [21,4 -> 21,4], change range: [20,19 -> 20,19], affects: false
2026-02-04 17:35:14 2026-02-04T17:35:14.413Z root INFO compiler-errors Handling selection change in editor file:///home/shrek/Arduino/practice/led.ino/led.ino.ino. New (monaco) selection: [20,20 -> 20,20]
2026-02-04 17:35:14 2026-02-04T17:35:14.413Z root INFO compiler-errors New (monaco) selection [20,20 -> 20,20] does not intersect any error locations. Skipping.
2026-02-04 17:35:14 2026-02-04T17:35:14.945Z root INFO compiler-errors decoration range: [22,1 -> 22,1], change range: [20,20 -> 20,20], affects: false
2026-02-04 17:35:14 2026-02-04T17:35:14.945Z root INFO compiler-errors decoration range: [21,4 -> 21,4], change range: [20,20 -> 20,20], affects: false
2026-02-04 17:35:14 2026-02-04T17:35:14.945Z root INFO compiler-errors decoration range: [21,4 -> 21,4], change range: [20,20 -> 20,20], affects: false
2026-02-04 17:35:14 2026-02-04T17:35:14.945Z root INFO compiler-errors Handling selection change in editor file:///home/shrek/Arduino/practice/led.ino/led.ino.ino. New (monaco) selection: [20,21 -> 20,21]
2026-02-04 17:35:14 2026-02-04T17:35:14.945Z root INFO compiler-errors New (monaco) selection [20,21 -> 20,21] does not intersect any error locations. Skipping.
2026-02-04 17:35:15 2026-02-04T17:35:15.413Z root INFO compiler-errors decoration range: [22,1 -> 22,1], change range: [20,21 -> 20,21], affects: false
2026-02-04 17:35:15 2026-02-04T17:35:15.413Z root INFO compiler-errors decoration range: [21,4 -> 21,4], change range: [20,21 -> 20,21], affects: false
2026-02-04 17:35:15 2026-02-04T17:35:15.413Z root INFO compiler-errors decoration range: [21,4 -> 21,4], change range: [20,21 -> 20,21], affects: false
2026-02-04 17:35:15 2026-02-04T17:35:15.414Z root INFO compiler-errors Handling selection change in editor file:///home/shrek/Arduino/practice/led.ino/led.ino.ino. New (monaco) selection: [20,22 -> 20,22]
2026-02-04 17:35:15 2026-02-04T17:35:15.414Z root INFO compiler-errors New (monaco) selection [20,22 -> 20,22] does not intersect any error locations. Skipping.
2026-02-04 17:35:15 2026-02-04T17:35:15.625Z root INFO compiler-errors decoration range: [22,1 -> 22,1], change range: [20,22 -> 20,22], affects: false
2026-02-04 17:35:15 2026-02-04T17:35:15.625Z root INFO compiler-errors decoration range: [21,4 -> 21,4], change range: [20,22 -> 20,22], affects: false
2026-02-04 17:35:15 2026-02-04T17:35:15.625Z root INFO compiler-errors decoration range: [21,4 -> 21,4], change range: [20,22 -> 20,22], affects: false
2026-02-04 17:35:15 2026-02-04T17:35:15.625Z root INFO compiler-errors Handling selection change in editor file:///home/shrek/Arduino/practice/led.ino/led.ino.ino. New (monaco) selection: [20,23 -> 20,23]
2026-02-04 17:35:15 2026-02-04T17:35:15.625Z root INFO compiler-errors New (monaco) selection [20,23 -> 20,23] does not intersect any error locations. Skipping.
2026-02-04 17:35:16 2026-02-04T17:35:16.233Z root INFO compiler-errors decoration range: [22,1 -> 22,1], change range: [20,23 -> 20,23], affects: false
2026-02-04 17:35:16 2026-02-04T17:35:16.233Z root INFO compiler-errors decoration range: [21,4 -> 21,4], change range: [20,23 -> 20,23], affects: false
2026-02-04 17:35:16 2026-02-04T17:35:16.233Z root INFO compiler-errors decoration range: [21,4 -> 21,4], change range: [20,23 -> 20,23], affects: false
2026-02-04 17:35:16 2026-02-04T17:35:16.234Z root INFO compiler-errors Handling selection change in editor file:///home/shrek/Arduino/practice/led.ino/led.ino.ino. New (monaco) selection: [20,24 -> 20,24]
2026-02-04 17:35:16 2026-02-04T17:35:16.234Z root INFO compiler-errors New (monaco) selection [20,24 -> 20,24] does not intersect any error locations. Skipping.
2026-02-04 17:35:16 2026-02-04T17:35:16.747Z root INFO compiler-errors decoration range: [22,1 -> 22,1], change range: [20,24 -> 20,24], affects: false
2026-02-04 17:35:16 2026-02-04T17:35:16.747Z root INFO compiler-errors decoration range: [21,4 -> 21,4], change range: [20,24 -> 20,24], affects: false
2026-02-04 17:35:16 2026-02-04T17:35:16.747Z root INFO compiler-errors decoration range: [21,4 -> 21,4], change range: [20,24 -> 20,24], affects: false
2026-02-04 17:35:16 2026-02-04T17:35:16.747Z root INFO compiler-errors Handling selection change in editor file:///home/shrek/Arduino/practice/led.ino/led.ino.ino. New (monaco) selection: [20,25 -> 20,25]
2026-02-04 17:35:16 2026-02-04T17:35:16.747Z root INFO compiler-errors New (monaco) selection [20,25 -> 20,25] does not intersect any error locations. Skipping.
2026-02-04 17:35:16 2026-02-04T17:35:16.860Z root INFO compiler-errors decoration range: [22,1 -> 22,1], change range: [20,25 -> 20,25], affects: false
2026-02-04 17:35:16 2026-02-04T17:35:16.860Z root INFO compiler-errors decoration range: [21,4 -> 21,4], change range: [20,25 -> 20,25], affects: false
2026-02-04 17:35:16 2026-02-04T17:35:16.860Z root INFO compiler-errors decoration range: [21,4 -> 21,4], change range: [20,25 -> 20,25], affects: false
2026-02-04 17:35:16 2026-02-04T17:35:16.860Z root INFO compiler-errors Handling selection change in editor file:///home/shrek/Arduino/practice/led.ino/led.ino.ino. New (monaco) selection: [20,26 -> 20,26]
2026-02-04 17:35:16 2026-02-04T17:35:16.860Z root INFO compiler-errors New (monaco) selection [20,26 -> 20,26] does not intersect any error locations. Skipping.
2026-02-04 17:35:16 2026-02-04T17:35:16.868Z root INFO compiler-errors decoration range: [22,1 -> 22,1], change range: [20,26 -> 20,26], affects: false
2026-02-04 17:35:16 2026-02-04T17:35:16.868Z root INFO compiler-errors decoration range: [21,4 -> 21,4], change range: [20,26 -> 20,26], affects: false
2026-02-04 17:35:16 2026-02-04T17:35:16.868Z root INFO compiler-errors decoration range: [21,4 -> 21,4], change range: [20,26 -> 20,26], affects: false
2026-02-04 17:35:16 2026-02-04T17:35:16.868Z root INFO compiler-errors Handling selection change in editor file:///home/shrek/Arduino/practice/led.ino/led.ino.ino. New (monaco) selection: [20,27 -> 20,27]
2026-02-04 17:35:16 2026-02-04T17:35:16.868Z root INFO compiler-errors New (monaco) selection [20,27 -> 20,27] does not intersect any error locations. Skipping.
2026-02-04 17:35:18 2026-02-04T17:35:18.311Z root INFO compiler-errors decoration range: [22,1 -> 22,1], change range: [20,26 -> 20,27], affects: false
2026-02-04 17:35:18 2026-02-04T17:35:18.311Z root INFO compiler-errors decoration range: [21,4 -> 21,4], change range: [20,26 -> 20,27], affects: false
2026-02-04 17:35:18 2026-02-04T17:35:18.311Z root INFO compiler-errors decoration range: [21,4 -> 21,4], change range: [20,26 -> 20,27], affects: false
2026-02-04 17:35:18 2026-02-04T17:35:18.311Z root INFO compiler-errors Handling selection change in editor file:///home/shrek/Arduino/practice/led.ino/led.ino.ino. New (monaco) selection: [20,26 -> 20,26]
2026-02-04 17:35:18 2026-02-04T17:35:18.311Z root INFO compiler-errors New (monaco) selection [20,26 -> 20,26] does not intersect any error locations. Skipping.
2026-02-04 17:35:18 2026-02-04T17:35:18.478Z root INFO compiler-errors decoration range: [22,1 -> 22,1], change range: [20,25 -> 20,26], affects: false
2026-02-04 17:35:18 2026-02-04T17:35:18.478Z root INFO compiler-errors decoration range: [21,4 -> 21,4], change range: [20,25 -> 20,26], affects: false
2026-02-04 17:35:18 2026-02-04T17:35:18.478Z root INFO compiler-errors decoration range: [21,4 -> 21,4], change range: [20,25 -> 20,26], affects: false
2026-02-04 17:35:18 2026-02-04T17:35:18.478Z root INFO compiler-errors Handling selection change in editor file:///home/shrek/Arduino/practice/led.ino/led.ino.ino. New (monaco) selection: [20,25 -> 20,25]
2026-02-04 17:35:18 2026-02-04T17:35:18.478Z root INFO compiler-errors New (monaco) selection [20,25 -> 20,25] does not intersect any error locations. Skipping.
2026-02-04 17:35:18 2026-02-04T17:35:18.906Z root INFO compiler-errors decoration range: [22,1 -> 22,1], change range: [20,25 -> 20,25], affects: false
2026-02-04 17:35:18 2026-02-04T17:35:18.907Z root INFO compiler-errors decoration range: [21,4 -> 21,4], change range: [20,25 -> 20,25], affects: false
2026-02-04 17:35:18 2026-02-04T17:35:18.907Z root INFO compiler-errors decoration range: [21,4 -> 21,4], change range: [20,25 -> 20,25], affects: false
2026-02-04 17:35:18 2026-02-04T17:35:18.907Z root INFO compiler-errors Handling selection change in editor file:///home/shrek/Arduino/practice/led.ino/led.ino.ino. New (monaco) selection: [20,26 -> 20,26]
2026-02-04 17:35:18 2026-02-04T17:35:18.907Z root INFO compiler-errors New (monaco) selection [20,26 -> 20,26] does not intersect any error locations. Skipping.
2026-02-04 17:35:19 2026-02-04T17:35:19.259Z root INFO compiler-errors decoration range: [22,1 -> 22,1], change range: [20,26 -> 20,26], affects: false
2026-02-04 17:35:19 2026-02-04T17:35:19.259Z root INFO compiler-errors decoration range: [21,4 -> 21,4], change range: [20,26 -> 20,26], affects: false
2026-02-04 17:35:19 2026-02-04T17:35:19.259Z root INFO compiler-errors decoration range: [21,4 -> 21,4], change range: [20,26 -> 20,26], affects: false
2026-02-04 17:35:19 2026-02-04T17:35:19.259Z root INFO compiler-errors Handling selection change in editor file:///home/shrek/Arduino/practice/led.ino/led.ino.ino. New (monaco) selection: [20,27 -> 20,27]
2026-02-04 17:35:19 2026-02-04T17:35:19.259Z root INFO compiler-errors New (monaco) selection [20,27 -> 20,27] does not intersect any error locations. Skipping.
2026-02-04 17:35:19 2026-02-04T17:35:19.420Z root INFO compiler-errors decoration range: [22,1 -> 22,1], change range: [20,27 -> 20,27], affects: false
2026-02-04 17:35:19 2026-02-04T17:35:19.420Z root INFO compiler-errors decoration range: [21,4 -> 21,4], change range: [20,27 -> 20,27], affects: false
2026-02-04 17:35:19 2026-02-04T17:35:19.420Z root INFO compiler-errors decoration range: [21,4 -> 21,4], change range: [20,27 -> 20,27], affects: false
2026-02-04 17:35:19 2026-02-04T17:35:19.420Z root INFO compiler-errors Handling selection change in editor file:///home/shrek/Arduino/practice/led.ino/led.ino.ino. New (monaco) selection: [20,28 -> 20,28]
2026-02-04 17:35:19 2026-02-04T17:35:19.420Z root INFO compiler-errors New (monaco) selection [20,28 -> 20,28] does not intersect any error locations. Skipping.
2026-02-04 17:35:20 2026-02-04T17:35:20.006Z root INFO compiler-errors decoration range: [22,1 -> 22,1], change range: [20,28 -> 20,28], affects: false
2026-02-04 17:35:20 2026-02-04T17:35:20.006Z root INFO compiler-errors decoration range: [21,4 -> 21,4], change range: [20,28 -> 20,28], affects: false
2026-02-04 17:35:20 2026-02-04T17:35:20.006Z root INFO compiler-errors decoration range: [21,4 -> 21,4], change range: [20,28 -> 20,28], affects: false
2026-02-04 17:35:20 2026-02-04T17:35:20.006Z root INFO compiler-errors Handling selection change in editor file:///home/shrek/Arduino/practice/led.ino/led.ino.ino. New (monaco) selection: [20,29 -> 20,29]
2026-02-04 17:35:20 2026-02-04T17:35:20.006Z root INFO compiler-errors New (monaco) selection [20,29 -> 20,29] does not intersect any error locations. Skipping.
2026-02-04 17:35:21 2026-02-04T17:35:21.866Z root INFO compiler-errors decoration range: [23,1 -> 23,1], change range: [20,29 -> 20,29], affects: false
2026-02-04 17:35:21 2026-02-04T17:35:21.866Z root INFO compiler-errors decoration range: [22,4 -> 22,4], change range: [20,29 -> 20,29], affects: false
2026-02-04 17:35:21 2026-02-04T17:35:21.866Z root INFO compiler-errors decoration range: [22,4 -> 22,4], change range: [20,29 -> 20,29], affects: false
2026-02-04 17:35:21 2026-02-04T17:35:21.866Z root INFO compiler-errors Handling selection change in editor file:///home/shrek/Arduino/practice/led.ino/led.ino.ino. New (monaco) selection: [21,5 -> 21,5]
2026-02-04 17:35:21 2026-02-04T17:35:21.866Z root INFO compiler-errors New (monaco) selection [21,5 -> 21,5] does not intersect any error locations. Skipping.
2026-02-04 17:35:22 2026-02-04T17:35:22.281Z root INFO compiler-errors decoration range: [23,1 -> 23,1], change range: [21,5 -> 21,5], affects: false
2026-02-04 17:35:22 2026-02-04T17:35:22.281Z root INFO compiler-errors decoration range: [22,4 -> 22,4], change range: [21,5 -> 21,5], affects: false
2026-02-04 17:35:22 2026-02-04T17:35:22.281Z root INFO compiler-errors decoration range: [22,4 -> 22,4], change range: [21,5 -> 21,5], affects: false
2026-02-04 17:35:22 2026-02-04T17:35:22.281Z root INFO compiler-errors Handling selection change in editor file:///home/shrek/Arduino/practice/led.ino/led.ino.ino. New (monaco) selection: [21,6 -> 21,6]
2026-02-04 17:35:22 2026-02-04T17:35:22.281Z root INFO compiler-errors New (monaco) selection [21,6 -> 21,6] does not intersect any error locations. Skipping.
2026-02-04 17:35:22 2026-02-04T17:35:22.411Z root INFO compiler-errors decoration range: [23,1 -> 23,1], change range: [21,6 -> 21,6], affects: false
2026-02-04 17:35:22 2026-02-04T17:35:22.411Z root INFO compiler-errors decoration range: [22,4 -> 22,4], change range: [21,6 -> 21,6], affects: false
2026-02-04 17:35:22 2026-02-04T17:35:22.411Z root INFO compiler-errors decoration range: [22,4 -> 22,4], change range: [21,6 -> 21,6], affects: false
2026-02-04 17:35:22 2026-02-04T17:35:22.411Z root INFO compiler-errors Handling selection change in editor file:///home/shrek/Arduino/practice/led.ino/led.ino.ino. New (monaco) selection: [21,7 -> 21,7]
2026-02-04 17:35:22 2026-02-04T17:35:22.411Z root INFO compiler-errors New (monaco) selection [21,7 -> 21,7] does not intersect any error locations. Skipping.
2026-02-04 17:35:22 2026-02-04T17:35:22.577Z root INFO compiler-errors decoration range: [23,1 -> 23,1], change range: [21,7 -> 21,7], affects: false
2026-02-04 17:35:22 2026-02-04T17:35:22.577Z root INFO compiler-errors decoration range: [22,4 -> 22,4], change range: [21,7 -> 21,7], affects: false
2026-02-04 17:35:22 2026-02-04T17:35:22.577Z root INFO compiler-errors decoration range: [22,4 -> 22,4], change range: [21,7 -> 21,7], affects: false
2026-02-04 17:35:22 2026-02-04T17:35:22.577Z root INFO compiler-errors Handling selection change in editor file:///home/shrek/Arduino/practice/led.ino/led.ino.ino. New (monaco) selection: [21,8 -> 21,8]
2026-02-04 17:35:22 2026-02-04T17:35:22.577Z root INFO compiler-errors New (monaco) selection [21,8 -> 21,8] does not intersect any error locations. Skipping.
2026-02-04 17:35:22 2026-02-04T17:35:22.708Z root INFO compiler-errors decoration range: [23,1 -> 23,1], change range: [21,8 -> 21,8], affects: false
2026-02-04 17:35:22 2026-02-04T17:35:22.709Z root INFO compiler-errors decoration range: [22,4 -> 22,4], change range: [21,8 -> 21,8], affects: false
2026-02-04 17:35:22 2026-02-04T17:35:22.709Z root INFO compiler-errors decoration range: [22,4 -> 22,4], change range: [21,8 -> 21,8], affects: false
2026-02-04 17:35:22 2026-02-04T17:35:22.709Z root INFO compiler-errors Handling selection change in editor file:///home/shrek/Arduino/practice/led.ino/led.ino.ino. New (monaco) selection: [21,9 -> 21,9]
2026-02-04 17:35:22 2026-02-04T17:35:22.709Z root INFO compiler-errors New (monaco) selection [21,9 -> 21,9] does not intersect any error locations. Skipping.
2026-02-04 17:35:22 2026-02-04T17:35:22.866Z root INFO compiler-errors decoration range: [23,1 -> 23,1], change range: [21,9 -> 21,9], affects: false
2026-02-04 17:35:22 2026-02-04T17:35:22.867Z root INFO compiler-errors decoration range: [22,4 -> 22,4], change range: [21,9 -> 21,9], affects: false
2026-02-04 17:35:22 2026-02-04T17:35:22.867Z root INFO compiler-errors decoration range: [22,4 -> 22,4], change range: [21,9 -> 21,9], affects: false
2026-02-04 17:35:22 2026-02-04T17:35:22.867Z root INFO compiler-errors Handling selection change in editor file:///home/shrek/Arduino/practice/led.ino/led.ino.ino. New (monaco) selection: [21,10 -> 21,10]
2026-02-04 17:35:22 2026-02-04T17:35:22.867Z root INFO compiler-errors New (monaco) selection [21,10 -> 21,10] does not intersect any error locations. Skipping.
2026-02-04 17:35:23 2026-02-04T17:35:23.871Z daemon INFO time="2026-02-04T17:35:23Z" level=info msg="Adding libraries dir" dir=/home/shrek/.arduino15/libraries isSingleLibrary=false location=ide
time="2026-02-04T17:35:23Z" level=info msg="Adding libraries dir" dir=/home/shrek/.arduino15/packages/esp32/hardware/esp32/3.3.6/libraries isSingleLibrary=false location=platform
time="2026-02-04T17:35:23Z" level=info msg="Adding libraries dir" dir=/home/shrek/Arduino/libraries isSingleLibrary=false location=user
2026-02-04 17:35:24 2026-02-04T17:35:24.166Z root INFO compiler-errors decoration range: [23,1 -> 23,1], change range: [21,10 -> 21,10], affects: false
2026-02-04 17:35:24 2026-02-04T17:35:24.166Z root INFO compiler-errors decoration range: [22,4 -> 22,4], change range: [21,10 -> 21,10], affects: false
2026-02-04 17:35:24 2026-02-04T17:35:24.166Z root INFO compiler-errors decoration range: [22,4 -> 22,4], change range: [21,10 -> 21,10], affects: false
2026-02-04 17:35:24 2026-02-04T17:35:24.166Z root INFO compiler-errors Handling selection change in editor file:///home/shrek/Arduino/practice/led.ino/led.ino.ino. New (monaco) selection: [21,11 -> 21,11]
2026-02-04 17:35:24 2026-02-04T17:35:24.166Z root INFO compiler-errors New (monaco) selection [21,11 -> 21,11] does not intersect any error locations. Skipping.
2026-02-04 17:35:26 2026-02-04T17:35:26.069Z root INFO compiler-errors decoration range: [23,1 -> 23,1], change range: [21,11 -> 21,11], affects: false
2026-02-04 17:35:26 2026-02-04T17:35:26.069Z root INFO compiler-errors decoration range: [22,4 -> 22,4], change range: [21,11 -> 21,11], affects: false
2026-02-04 17:35:26 2026-02-04T17:35:26.069Z root INFO compiler-errors decoration range: [22,4 -> 22,4], change range: [21,11 -> 21,11], affects: false
2026-02-04 17:35:26 2026-02-04T17:35:26.069Z root INFO compiler-errors Handling selection change in editor file:///home/shrek/Arduino/practice/led.ino/led.ino.ino. New (monaco) selection: [21,12 -> 21,12]
2026-02-04 17:35:26 2026-02-04T17:35:26.069Z root INFO compiler-errors New (monaco) selection [21,12 -> 21,12] does not intersect any error locations. Skipping.
2026-02-04 17:35:26 2026-02-04T17:35:26.182Z root INFO compiler-errors decoration range: [23,1 -> 23,1], change range: [21,12 -> 21,12], affects: false
2026-02-04 17:35:26 2026-02-04T17:35:26.182Z root INFO compiler-errors decoration range: [22,4 -> 22,4], change range: [21,12 -> 21,12], affects: false
2026-02-04 17:35:26 2026-02-04T17:35:26.182Z root INFO compiler-errors decoration range: [22,4 -> 22,4], change range: [21,12 -> 21,12], affects: false
2026-02-04 17:35:26 2026-02-04T17:35:26.182Z root INFO compiler-errors Handling selection change in editor file:///home/shrek/Arduino/practice/led.ino/led.ino.ino. New (monaco) selection: [21,13 -> 21,13]
2026-02-04 17:35:26 2026-02-04T17:35:26.182Z root INFO compiler-errors New (monaco) selection [21,13 -> 21,13] does not intersect any error locations. Skipping.
2026-02-04 17:35:26 2026-02-04T17:35:26.687Z root INFO compiler-errors Handling selection change in editor file:///home/shrek/Arduino/practice/led.ino/led.ino.ino. New (monaco) selection: [21,14 -> 21,14]
2026-02-04 17:35:26 2026-02-04T17:35:26.687Z root INFO compiler-errors New (monaco) selection [21,14 -> 21,14] does not intersect any error locations. Skipping.
2026-02-04 17:35:26 2026-02-04T17:35:26.998Z root INFO compiler-errors decoration range: [23,1 -> 23,1], change range: [21,14 -> 21,14], affects: false
2026-02-04 17:35:26 2026-02-04T17:35:26.998Z root INFO compiler-errors decoration range: [22,4 -> 22,4], change range: [21,14 -> 21,14], affects: false
2026-02-04 17:35:26 2026-02-04T17:35:26.998Z root INFO compiler-errors decoration range: [22,4 -> 22,4], change range: [21,14 -> 21,14], affects: false
2026-02-04 17:35:26 2026-02-04T17:35:26.998Z root INFO compiler-errors Handling selection change in editor file:///home/shrek/Arduino/practice/led.ino/led.ino.ino. New (monaco) selection: [21,15 -> 21,15]
2026-02-04 17:35:26 2026-02-04T17:35:26.998Z root INFO compiler-errors New (monaco) selection [21,15 -> 21,15] does not intersect any error locations. Skipping.
2026-02-04 17:35:28 2026-02-04T17:35:28.003Z daemon INFO time="2026-02-04T17:35:28Z" level=info msg="Adding libraries dir" dir=/home/shrek/.arduino15/libraries isSingleLibrary=false location=ide
2026-02-04 17:35:28 2026-02-04T17:35:28.003Z daemon INFO time="2026-02-04T17:35:28Z" level=info msg="Adding libraries dir" dir=/home/shrek/.arduino15/packages/esp32/hardware/esp32/3.3.6/libraries isSingleLibrary=false location=platform
time="2026-02-04T17:35:28Z" level=info msg="Adding libraries dir" dir=/home/shrek/Arduino/libraries isSingleLibrary=false location=user
2026-02-04 17:35:29 2026-02-04T17:35:29.374Z daemon INFO time="2026-02-04T17:35:29Z" level=info msg="Adding libraries dir" dir=/home/shrek/.arduino15/libraries isSingleLibrary=false location=ide
2026-02-04 17:35:29 2026-02-04T17:35:29.374Z daemon INFO time="2026-02-04T17:35:29Z" level=info msg="Adding libraries dir" dir=/home/shrek/.arduino15/packages/esp32/hardware/esp32/3.3.6/libraries isSingleLibrary=false location=platform
time="2026-02-04T17:35:29Z" level=info msg="Adding libraries dir" dir=/home/shrek/Arduino/libraries isSingleLibrary=false location=user
2026-02-04 17:35:29 2026-02-04T17:35:29.803Z daemon INFO time="2026-02-04T17:35:29Z" level=info msg="Adding libraries dir" dir=/home/shrek/.arduino15/libraries isSingleLibrary=false location=ide
2026-02-04 17:35:29 2026-02-04T17:35:29.803Z daemon INFO time="2026-02-04T17:35:29Z" level=info msg="Adding libraries dir" dir=/home/shrek/.arduino15/packages/esp32/hardware/esp32/3.3.6/libraries isSingleLibrary=false location=platform
time="2026-02-04T17:35:29Z" level=info msg="Adding libraries dir" dir=/home/shrek/Arduino/libraries isSingleLibrary=false location=user
2026-02-04 17:35:29 2026-02-04T17:35:29.970Z daemon INFO time="2026-02-04T17:35:29Z" level=info msg="Resolving include FastLED.h for arch esp32"
time="2026-02-04T17:35:29Z" level=info msg="  found better lib" lib=FastLED prio=6A7
2026-02-04 17:35:31 2026-02-04T17:35:31.597Z root INFO compiler-errors Current error changed to d;296
2026-02-04 17:35:31 2026-02-04T17:35:31.607Z root INFO compiler-errors Handling selection change in editor file:///home/shrek/Arduino/practice/led.ino/led.ino.ino. New (monaco) selection: [18,3 -> 18,3]
2026-02-04 17:35:38 2026-02-04T17:35:38.613Z root INFO compiler-errors Handling selection change in editor file:///home/shrek/Arduino/practice/led.ino/led.ino.ino. New (monaco) selection: [18,25 -> 18,25]
2026-02-04 17:35:38 2026-02-04T17:35:38.789Z root INFO compiler-errors Handling selection change in editor file:///home/shrek/Arduino/practice/led.ino/led.ino.ino. New (monaco) selection: [18,23 -> 18,26]
2026-02-04 17:35:40 2026-02-04T17:35:40.698Z root INFO compiler-errors decoration range: [18,3 -> 18,3], change range: [18,23 -> 18,26], affects: true
2026-02-04 17:35:40 2026-02-04T17:35:40.698Z root INFO compiler-errors Handling selection change in editor file:///home/shrek/Arduino/practice/led.ino/led.ino.ino. New (monaco) selection: [18,24 -> 18,24]
2026-02-04 17:35:40 2026-02-04T17:35:40.698Z root INFO compiler-errors New (monaco) selection [18,24 -> 18,24] does not intersect any error locations. Skipping.
2026-02-04 17:35:41 2026-02-04T17:35:41.471Z root INFO compiler-errors Handling selection change in editor file:///home/shrek/Arduino/practice/led.ino/led.ino.ino. New (monaco) selection: [18,23 -> 18,23]
2026-02-04 17:35:41 2026-02-04T17:35:41.471Z root INFO compiler-errors New (monaco) selection [18,23 -> 18,23] does not intersect any error locations. Skipping.
2026-02-04 17:35:41 2026-02-04T17:35:41.490Z root INFO compiler-errors Handling selection change in editor file:///home/shrek/Arduino/practice/led.ino/led.ino.ino. New (monaco) selection: [18,24 -> 18,24]
2026-02-04 17:35:41 2026-02-04T17:35:41.490Z root INFO compiler-errors New (monaco) selection [18,24 -> 18,24] does not intersect any error locations. Skipping.
2026-02-04 17:35:41 2026-02-04T17:35:41.963Z root INFO compiler-errors Handling selection change in editor file:///home/shrek/Arduino/practice/led.ino/led.ino.ino. New (monaco) selection: [18,25 -> 18,25]
2026-02-04 17:35:41 2026-02-04T17:35:41.963Z root INFO compiler-errors New (monaco) selection [18,25 -> 18,25] does not intersect any error locations. Skipping.
2026-02-04 17:35:42 2026-02-04T17:35:42.331Z root INFO compiler-errors Handling selection change in editor file:///home/shrek/Arduino/practice/led.ino/led.ino.ino. New (monaco) selection: [18,24 -> 18,24]
2026-02-04 17:35:42 2026-02-04T17:35:42.331Z root INFO compiler-errors New (monaco) selection [18,24 -> 18,24] does not intersect any error locations. Skipping.
2026-02-04 17:35:42 2026-02-04T17:35:42.578Z root INFO compiler-errors Handling selection change in editor file:///home/shrek/Arduino/practice/led.ino/led.ino.ino. New (monaco) selection: [18,25 -> 18,25]
2026-02-04 17:35:42 2026-02-04T17:35:42.578Z root INFO compiler-errors New (monaco) selection [18,25 -> 18,25] does not intersect any error locations. Skipping.
2026-02-04 17:35:43 2026-02-04T17:35:43.221Z root INFO compiler-errors Handling selection change in editor file:///home/shrek/Arduino/practice/led.ino/led.ino.ino. New (monaco) selection: [18,24 -> 18,24]
2026-02-04 17:35:43 2026-02-04T17:35:43.221Z root INFO compiler-errors New (monaco) selection [18,24 -> 18,24] does not intersect any error locations. Skipping.
2026-02-04 17:35:43 2026-02-04T17:35:43.518Z root INFO compiler-errors Handling selection change in editor file:///home/shrek/Arduino/practice/led.ino/led.ino.ino. New (monaco) selection: [18,25 -> 18,25]
2026-02-04 17:35:43 2026-02-04T17:35:43.519Z root INFO compiler-errors New (monaco) selection [18,25 -> 18,25] does not intersect any error locations. Skipping.
2026-02-04 17:35:43 2026-02-04T17:35:43.619Z root INFO compiler-errors Handling selection change in editor file:///home/shrek/Arduino/practice/led.ino/led.ino.ino. New (monaco) selection: [18,26 -> 18,26]
2026-02-04 17:35:43 2026-02-04T17:35:43.619Z root INFO compiler-errors New (monaco) selection [18,26 -> 18,26] does not intersect any error locations. Skipping.
2026-02-04 17:35:43 2026-02-04T17:35:43.735Z root INFO compiler-errors Handling selection change in editor file:///home/shrek/Arduino/practice/led.ino/led.ino.ino. New (monaco) selection: [18,27 -> 18,27]
2026-02-04 17:35:43 2026-02-04T17:35:43.735Z root INFO compiler-errors New (monaco) selection [18,27 -> 18,27] does not intersect any error locations. Skipping.
2026-02-04 17:35:44 2026-02-04T17:35:44.286Z root INFO compiler-errors Handling selection change in editor file:///home/shrek/Arduino/practice/led.ino/led.ino.ino. New (monaco) selection: [18,26 -> 18,26]
2026-02-04 17:35:44 2026-02-04T17:35:44.286Z root INFO compiler-errors New (monaco) selection [18,26 -> 18,26] does not intersect any error locations. Skipping.
2026-02-04 17:35:44 2026-02-04T17:35:44.546Z root INFO compiler-errors Handling selection change in editor file:///home/shrek/Arduino/practice/led.ino/led.ino.ino. New (monaco) selection: [18,27 -> 18,27]
2026-02-04 17:35:44 2026-02-04T17:35:44.546Z root INFO compiler-errors New (monaco) selection [18,27 -> 18,27] does not intersect any error locations. Skipping.
2026-02-04 17:35:45 2026-02-04T17:35:45.551Z daemon INFO time="2026-02-04T17:35:45Z" level=info msg="Adding libraries dir" dir=/home/shrek/.arduino15/libraries isSingleLibrary=false location=ide
2026-02-04 17:35:45 2026-02-04T17:35:45.551Z daemon INFO time="2026-02-04T17:35:45Z" level=info msg="Adding libraries dir" dir=/home/shrek/.arduino15/packages/esp32/hardware/esp32/3.3.6/libraries isSingleLibrary=false location=platform
time="2026-02-04T17:35:45Z" level=info msg="Adding libraries dir" dir=/home/shrek/Arduino/libraries isSingleLibrary=false location=user
2026-02-04 17:35:46 2026-02-04T17:35:46.074Z daemon INFO time="2026-02-04T17:35:46Z" level=info msg="Adding libraries dir" dir=/home/shrek/.arduino15/libraries isSingleLibrary=false location=ide
2026-02-04 17:35:46 2026-02-04T17:35:46.075Z daemon INFO time="2026-02-04T17:35:46Z" level=info msg="Adding libraries dir" dir=/home/shrek/.arduino15/packages/esp32/hardware/esp32/3.3.6/libraries isSingleLibrary=false location=platform
time="2026-02-04T17:35:46Z" level=info msg="Adding libraries dir" dir=/home/shrek/Arduino/libraries isSingleLibrary=false location=user
2026-02-04 17:35:46 2026-02-04T17:35:46.688Z daemon INFO time="2026-02-04T17:35:46Z" level=info msg="Resolving include FastLED.h for arch esp32"
time="2026-02-04T17:35:46Z" level=info msg="  found better lib" lib=FastLED prio=6A7
2026-02-04 17:35:47 2026-02-04T17:35:47.382Z daemon INFO time="2026-02-04T17:35:47Z" level=info msg="Adding libraries dir" dir=/home/shrek/.arduino15/libraries isSingleLibrary=false location=ide
2026-02-04 17:35:47 2026-02-04T17:35:47.382Z daemon INFO time="2026-02-04T17:35:47Z" level=info msg="Adding libraries dir" dir=/home/shrek/.arduino15/packages/esp32/hardware/esp32/3.3.6/libraries isSingleLibrary=false location=platform
time="2026-02-04T17:35:47Z" level=info msg="Adding libraries dir" dir=/home/shrek/Arduino/libraries isSingleLibrary=false location=user
2026-02-04 17:35:49 2026-02-04T17:35:49.420Z root INFO Executing 'arduino.languageserver.notifyBuildDidComplete' with "file:///home/shrek/.cache/arduino/sketches/685F1B846501B9FC48DBBE71848122CF"
2026-02-04 17:35:49 2026-02-04T17:35:49.452Z daemon INFO time="2026-02-04T17:35:49Z" level=info msg="Tool required for debug" tool="arduino:dfu-util@0.11.0-arduino5"
2026-02-04 17:35:49 2026-02-04T17:35:49.452Z daemon INFO time="2026-02-04T17:35:49Z" level=info msg="Tool required for debug" tool="esp32:esp-rv32@2511"
time="2026-02-04T17:35:49Z" level=info msg="Tool required for debug" tool="esp32:esp-x32@2511"
time="2026-02-04T17:35:49Z" level=info msg="Tool required for debug" tool="esp32:esp32-libs@3.3.6"
time="2026-02-04T17:35:49Z" level=info msg="Tool required for debug" tool="esp32:esp32c3-libs@3.3.6"
time="2026-02-04T17:35:49Z" level=info msg="Tool required for debug" tool="esp32:esp32c5-libs@3.3.6"
time="2026-02-04T17:35:49Z" level=info msg="Tool required for debug" tool="esp32:esp32c6-libs@3.3.6"
time="2026-02-04T17:35:49Z" level=info msg="Tool required for debug" tool="esp32:esp32h2-libs@3.3.6"
2026-02-04 17:35:49 2026-02-04T17:35:49.452Z daemon INFO time="2026-02-04T17:35:49Z" level=info msg="Tool required for debug" tool="esp32:esp32p4-libs@3.3.6"
time="2026-02-04T17:35:49Z" level=info msg="Tool required for debug" tool="esp32:esp32p4_es-libs@3.3.6"
time="2026-02-04T17:35:49Z" level=info msg="Tool required for debug" tool="esp32:esp32s2-libs@3.3.6"
2026-02-04 17:35:49 2026-02-04T17:35:49.452Z daemon INFO time="2026-02-04T17:35:49Z" level=info msg="Tool required for debug" tool="esp32:esp32s3-libs@3.3.6"
time="2026-02-04T17:35:49Z" level=info msg="Tool required for debug" tool="esp32:esptool_py@5.1.0"
2026-02-04 17:35:49 2026-02-04T17:35:49.452Z daemon INFO time="2026-02-04T17:35:49Z" level=info msg="Tool required for debug" tool="esp32:mklittlefs@4.0.2-db0513a"
time="2026-02-04T17:35:49Z" level=info msg="Tool required for debug" tool="esp32:mkspiffs@0.2.3"
2026-02-04 17:35:49 2026-02-04T17:35:49.452Z daemon INFO time="2026-02-04T17:35:49Z" level=info msg="Tool required for debug" tool="esp32:openocd-esp32@v0.12.0-esp32-20251215"
time="2026-02-04T17:35:49Z" level=info msg="Tool required for debug" tool="esp32:riscv32-esp-elf-gdb@16.3_20250913"
2026-02-04 17:35:49 2026-02-04T17:35:49.452Z daemon INFO time="2026-02-04T17:35:49Z" level=info msg="Tool required for debug" tool="esp32:xtensa-esp-elf-gdb@16.3_20250913"
2026-02-04 17:35:49 2026-02-04T17:35:49.452Z daemon INFO time="2026-02-04T17:35:49Z" level=info msg="Tool required for debug" tool="builtin:dfu-discovery@0.1.2"
2026-02-04 17:35:49 2026-02-04T17:35:49.452Z daemon INFO time="2026-02-04T17:35:49Z" level=info msg="Tool required for debug" tool="builtin:serial-monitor@0.15.0"
2026-02-04 17:35:49 2026-02-04T17:35:49.452Z daemon INFO time="2026-02-04T17:35:49Z" level=info msg="Tool required for debug" tool="arduino:avrdude@8.0.0-arduino1"
2026-02-04 17:35:49 2026-02-04T17:35:49.452Z daemon INFO time="2026-02-04T17:35:49Z" level=info msg="Tool required for debug" tool="builtin:mdns-discovery@1.0.12"
2026-02-04 17:35:49 2026-02-04T17:35:49.452Z daemon INFO time="2026-02-04T17:35:49Z" level=info msg="Tool required for debug" tool="arduino:avr-gcc@7.3.0-atmel3.6.1-arduino7"
2026-02-04 17:35:49 2026-02-04T17:35:49.452Z daemon INFO time="2026-02-04T17:35:49Z" level=info msg="Tool required for debug" tool="arduino:arduinoOTA@1.3.0"
2026-02-04 17:35:49 2026-02-04T17:35:49.452Z daemon INFO time="2026-02-04T17:35:49Z" level=info msg="Tool required for debug" tool="builtin:ctags@5.8-arduino11"
2026-02-04 17:35:49 2026-02-04T17:35:49.452Z daemon INFO time="2026-02-04T17:35:49Z" level=info msg="Tool required for debug" tool="builtin:serial-discovery@1.4.3"
2026-02-04 17:35:49 2026-02-04T17:35:49.454Z daemon INFO time="2026-02-04T17:35:49Z" level=info msg="Tool required for debug" tool="arduino:dfu-util@0.11.0-arduino5"
time="2026-02-04T17:35:49Z" level=info msg="Tool required for debug" tool="esp32:esp-rv32@2511"
2026-02-04 17:35:49 2026-02-04T17:35:49.454Z daemon INFO time="2026-02-04T17:35:49Z" level=info msg="Tool required for debug" tool="esp32:esp-x32@2511"
time="2026-02-04T17:35:49Z" level=info msg="Tool required for debug" tool="esp32:esp32-libs@3.3.6"
time="2026-02-04T17:35:49Z" level=info msg="Tool required for debug" tool="esp32:esp32c3-libs@3.3.6"
2026-02-04 17:35:49 2026-02-04T17:35:49.454Z daemon INFO time="2026-02-04T17:35:49Z" level=info msg="Tool required for debug" tool="esp32:esp32c5-libs@3.3.6"
time="2026-02-04T17:35:49Z" level=info msg="Tool required for debug" tool="esp32:esp32c6-libs@3.3.6"
time="2026-02-04T17:35:49Z" level=info msg="Tool required for debug" tool="esp32:esp32h2-libs@3.3.6"
2026-02-04 17:35:49 2026-02-04T17:35:49.455Z daemon INFO time="2026-02-04T17:35:49Z" level=info msg="Tool required for debug" tool="esp32:esp32p4-libs@3.3.6"
time="2026-02-04T17:35:49Z" level=info msg="Tool required for debug" tool="esp32:esp32p4_es-libs@3.3.6"
time="2026-02-04T17:35:49Z" level=info msg="Tool required for debug" tool="esp32:esp32s2-libs@3.3.6"
time="2026-02-04T17:35:49Z" level=info msg="Tool required for debug" tool="esp32:esp32s3-libs@3.3.6"
time="2026-02-04T17:35:49Z" level=info msg="Tool required for debug" tool="esp32:esptool_py@5.1.0"
time="2026-02-04T17:35:49Z" level=info msg="Tool required for debug" tool="esp32:mklittlefs@4.0.2-db0513a"
time="2026-02-04T17:35:49Z" level=info msg="Tool required for debug" tool="esp32:mkspiffs@0.2.3"
time="2026-02-04T17:35:49Z" level=info msg="Tool required for debug" tool="esp32:openocd-esp32@v0.12.0-esp32-20251215"
time="2026-02-04T17:35:49Z" level=info msg="Tool required for debug" tool="esp32:riscv32-esp-elf-gdb@16.3_20250913"
time="2026-02-04T17:35:49Z" level=info msg="Tool required for debug" tool="esp32:xtensa-esp-elf-gdb@16.3_20250913"
time="2026-02-04T17:35:49Z" level=info msg="Tool required for debug" tool="builtin:ctags@5.8-arduino11"
time="2026-02-04T17:35:49Z" level=info msg="Tool required for debug" tool="builtin:serial-discovery@1.4.3"
time="2026-02-04T17:35:49Z" level=info msg="Tool required for debug" tool="builtin:serial-monitor@0.15.0"
time="2026-02-04T17:35:49Z" level=info msg="Tool required for debug" tool="arduino:avr-gcc@7.3.0-atmel3.6.1-arduino7"
time="2026-02-04T17:35:49Z" level=info msg="Tool required for debug" tool="arduino:avrdude@8.0.0-arduino1"
time="2026-02-04T17:35:49Z" level=info msg="Tool required for debug" tool="arduino:arduinoOTA@1.3.0"
time="2026-02-04T17:35:49Z" level=info msg="Tool required for debug" tool="builtin:dfu-discovery@0.1.2"
time="2026-02-04T17:35:49Z" level=info msg="Tool required for debug" tool="builtin:mdns-discovery@1.0.12"
2026-02-04 17:35:49 2026-02-04T17:35:49.456Z daemon INFO time="2026-02-04T17:35:49Z" level=info msg="Tool required for debug" tool="arduino:dfu-util@0.11.0-arduino5"
time="2026-02-04T17:35:49Z" level=info msg="Tool required for debug" tool="esp32:esp-rv32@2511"
time="2026-02-04T17:35:49Z" level=info msg="Tool required for debug" tool="esp32:esp-x32@2511"
2026-02-04 17:35:49 2026-02-04T17:35:49.456Z daemon INFO time="2026-02-04T17:35:49Z" level=info msg="Tool required for debug" tool="esp32:esp32-libs@3.3.6"
time="2026-02-04T17:35:49Z" level=info msg="Tool required for debug" tool="esp32:esp32c3-libs@3.3.6"
time="2026-02-04T17:35:49Z" level=info msg="Tool required for debug" tool="esp32:esp32c5-libs@3.3.6"
time="2026-02-04T17:35:49Z" level=info msg="Tool required for debug" tool="esp32:esp32c6-libs@3.3.6"
time="2026-02-04T17:35:49Z" level=info msg="Tool required for debug" tool="esp32:esp32h2-libs@3.3.6"
time="2026-02-04T17:35:49Z" level=info msg="Tool required for debug" tool="esp32:esp32p4-libs@3.3.6"
time="2026-02-04T17:35:49Z" level=info msg="Tool required for debug" tool="esp32:esp32p4_es-libs@3.3.6"
time="2026-02-04T17:35:49Z" level=info msg="Tool required for debug" tool="esp32:esp32s2-libs@3.3.6"
2026-02-04 17:35:49 2026-02-04T17:35:49.456Z daemon INFO time="2026-02-04T17:35:49Z" level=info msg="Tool required for debug" tool="esp32:esp32s3-libs@3.3.6"
time="2026-02-04T17:35:49Z" level=info msg="Tool required for debug" tool="esp32:esptool_py@5.1.0"
time="2026-02-04T17:35:49Z" level=info msg="Tool required for debug" tool="esp32:mklittlefs@4.0.2-db0513a"
time="2026-02-04T17:35:49Z" level=info msg="Tool required for debug" tool="esp32:mkspiffs@0.2.3"
2026-02-04 17:35:49 2026-02-04T17:35:49.456Z daemon INFO time="2026-02-04T17:35:49Z" level=info msg="Tool required for debug" tool="esp32:openocd-esp32@v0.12.0-esp32-20251215"
time="2026-02-04T17:35:49Z" level=info msg="Tool required for debug" tool="esp32:riscv32-esp-elf-gdb@16.3_20250913"
time="2026-02-04T17:35:49Z" level=info msg="Tool required for debug" tool="esp32:xtensa-esp-elf-gdb@16.3_20250913"
2026-02-04 17:35:49 2026-02-04T17:35:49.456Z daemon INFO time="2026-02-04T17:35:49Z" level=info msg="Tool required for debug" tool="builtin:ctags@5.8-arduino11"
time="2026-02-04T17:35:49Z" level=info msg="Tool required for debug" tool="builtin:mdns-discovery@1.0.12"
2026-02-04 17:35:49 2026-02-04T17:35:49.456Z daemon INFO time="2026-02-04T17:35:49Z" level=info msg="Tool required for debug" tool="builtin:serial-monitor@0.15.0"
2026-02-04 17:35:49 2026-02-04T17:35:49.456Z daemon INFO time="2026-02-04T17:35:49Z" level=info msg="Tool required for debug" tool="arduino:avr-gcc@7.3.0-atmel3.6.1-arduino7"
time="2026-02-04T17:35:49Z" level=info msg="Tool required for debug" tool="arduino:arduinoOTA@1.3.0"
time="2026-02-04T17:35:49Z" level=info msg="Tool required for debug" tool="builtin:serial-discovery@1.4.3"
2026-02-04 17:35:49 2026-02-04T17:35:49.456Z daemon INFO time="2026-02-04T17:35:49Z" level=info msg="Tool required for debug" tool="arduino:avrdude@8.0.0-arduino1"
2026-02-04 17:35:49 2026-02-04T17:35:49.456Z daemon INFO time="2026-02-04T17:35:49Z" level=info msg="Tool required for debug" tool="builtin:dfu-discovery@0.1.2"
2026-02-04 17:35:49 2026-02-04T17:35:49.458Z daemon INFO time="2026-02-04T17:35:49Z" level=info msg="Tool required for debug" tool="arduino:dfu-util@0.11.0-arduino5"
time="2026-02-04T17:35:49Z" level=info msg="Tool required for debug" tool="esp32:esp-rv32@2511"
2026-02-04 17:35:49 2026-02-04T17:35:49.458Z daemon INFO time="2026-02-04T17:35:49Z" level=info msg="Tool required for debug" tool="esp32:esp-x32@2511"
time="2026-02-04T17:35:49Z" level=info msg="Tool required for debug" tool="esp32:esp32-libs@3.3.6"
time="2026-02-04T17:35:49Z" level=info msg="Tool required for debug" tool="esp32:esp32c3-libs@3.3.6"
time="2026-02-04T17:35:49Z" level=info msg="Tool required for debug" tool="esp32:esp32c5-libs@3.3.6"
2026-02-04 17:35:49 2026-02-04T17:35:49.458Z daemon INFO time="2026-02-04T17:35:49Z" level=info msg="Tool required for debug" tool="esp32:esp32c6-libs@3.3.6"
time="2026-02-04T17:35:49Z" level=info msg="Tool required for debug" tool="esp32:esp32h2-libs@3.3.6"
time="2026-02-04T17:35:49Z" level=info msg="Tool required for debug" tool="esp32:esp32p4-libs@3.3.6"
2026-02-04 17:35:49 2026-02-04T17:35:49.458Z daemon INFO time="2026-02-04T17:35:49Z" level=info msg="Tool required for debug" tool="esp32:esp32p4_es-libs@3.3.6"
time="2026-02-04T17:35:49Z" level=info msg="Tool required for debug" tool="esp32:esp32s2-libs@3.3.6"
2026-02-04 17:35:49 2026-02-04T17:35:49.458Z daemon INFO time="2026-02-04T17:35:49Z" level=info msg="Tool required for debug" tool="esp32:esp32s3-libs@3.3.6"
time="2026-02-04T17:35:49Z" level=info msg="Tool required for debug" tool="esp32:esptool_py@5.1.0"
time="2026-02-04T17:35:49Z" level=info msg="Tool required for debug" tool="esp32:mklittlefs@4.0.2-db0513a"
2026-02-04 17:35:49 2026-02-04T17:35:49.458Z daemon INFO time="2026-02-04T17:35:49Z" level=info msg="Tool required for debug" tool="esp32:mkspiffs@0.2.3"
time="2026-02-04T17:35:49Z" level=info msg="Tool required for debug" tool="esp32:openocd-esp32@v0.12.0-esp32-20251215"
2026-02-04 17:35:49 2026-02-04T17:35:49.458Z daemon INFO time="2026-02-04T17:35:49Z" level=info msg="Tool required for debug" tool="esp32:riscv32-esp-elf-gdb@16.3_20250913"
2026-02-04 17:35:49 2026-02-04T17:35:49.458Z daemon INFO time="2026-02-04T17:35:49Z" level=info msg="Tool required for debug" tool="esp32:xtensa-esp-elf-gdb@16.3_20250913"
time="2026-02-04T17:35:49Z" level=info msg="Tool required for debug" tool="builtin:dfu-discovery@0.1.2"
2026-02-04 17:35:49 2026-02-04T17:35:49.458Z daemon INFO time="2026-02-04T17:35:49Z" level=info msg="Tool required for debug" tool="builtin:mdns-discovery@1.0.12"
time="2026-02-04T17:35:49Z" level=info msg="Tool required for debug" tool="arduino:avrdude@8.0.0-arduino1"
2026-02-04 17:35:49 2026-02-04T17:35:49.458Z daemon INFO time="2026-02-04T17:35:49Z" level=info msg="Tool required for debug" tool="builtin:serial-monitor@0.15.0"
2026-02-04 17:35:49 2026-02-04T17:35:49.458Z daemon INFO time="2026-02-04T17:35:49Z" level=info msg="Tool required for debug" tool="builtin:ctags@5.8-arduino11"
time="2026-02-04T17:35:49Z" level=info msg="Tool required for debug" tool="builtin:serial-discovery@1.4.3"
2026-02-04 17:35:49 2026-02-04T17:35:49.458Z daemon INFO time="2026-02-04T17:35:49Z" level=info msg="Tool required for debug" tool="arduino:avr-gcc@7.3.0-atmel3.6.1-arduino7"
2026-02-04 17:35:49 2026-02-04T17:35:49.458Z daemon INFO time="2026-02-04T17:35:49Z" level=info msg="Tool required for debug" tool="arduino:arduinoOTA@1.3.0"
2026-02-04 17:35:49 2026-02-04T17:35:49.459Z daemon INFO time="2026-02-04T17:35:49Z" level=info msg="Tool required for debug" tool="arduino:dfu-util@0.11.0-arduino5"
time="2026-02-04T17:35:49Z" level=info msg="Tool required for debug" tool="esp32:esp-rv32@2511"
2026-02-04 17:35:49 2026-02-04T17:35:49.459Z daemon INFO time="2026-02-04T17:35:49Z" level=info msg="Tool required for debug" tool="esp32:esp-x32@2511"
time="2026-02-04T17:35:49Z" level=info msg="Tool required for debug" tool="esp32:esp32-libs@3.3.6"
2026-02-04 17:35:49 2026-02-04T17:35:49.459Z daemon INFO time="2026-02-04T17:35:49Z" level=info msg="Tool required for debug" tool="esp32:esp32c3-libs@3.3.6"
time="2026-02-04T17:35:49Z" level=info msg="Tool required for debug" tool="esp32:esp32c5-libs@3.3.6"
2026-02-04 17:35:49 2026-02-04T17:35:49.459Z daemon INFO time="2026-02-04T17:35:49Z" level=info msg="Tool required for debug" tool="esp32:esp32c6-libs@3.3.6"
time="2026-02-04T17:35:49Z" level=info msg="Tool required for debug" tool="esp32:esp32h2-libs@3.3.6"
time="2026-02-04T17:35:49Z" level=info msg="Tool required for debug" tool="esp32:esp32p4-libs@3.3.6"
2026-02-04 17:35:49 2026-02-04T17:35:49.459Z daemon INFO time="2026-02-04T17:35:49Z" level=info msg="Tool required for debug" tool="esp32:esp32p4_es-libs@3.3.6"
time="2026-02-04T17:35:49Z" level=info msg="Tool required for debug" tool="esp32:esp32s2-libs@3.3.6"
time="2026-02-04T17:35:49Z" level=info msg="Tool required for debug" tool="esp32:esp32s3-libs@3.3.6"
2026-02-04 17:35:49 2026-02-04T17:35:49.459Z daemon INFO time="2026-02-04T17:35:49Z" level=info msg="Tool required for debug" tool="esp32:esptool_py@5.1.0"
time="2026-02-04T17:35:49Z" level=info msg="Tool required for debug" tool="esp32:mklittlefs@4.0.2-db0513a"
2026-02-04 17:35:49 2026-02-04T17:35:49.459Z daemon INFO time="2026-02-04T17:35:49Z" level=info msg="Tool required for debug" tool="esp32:mkspiffs@0.2.3"
time="2026-02-04T17:35:49Z" level=info msg="Tool required for debug" tool="esp32:openocd-esp32@v0.12.0-esp32-20251215"
time="2026-02-04T17:35:49Z" level=info msg="Tool required for debug" tool="esp32:riscv32-esp-elf-gdb@16.3_20250913"
2026-02-04 17:35:49 2026-02-04T17:35:49.459Z daemon INFO time="2026-02-04T17:35:49Z" level=info msg="Tool required for debug" tool="esp32:xtensa-esp-elf-gdb@16.3_20250913"
time="2026-02-04T17:35:49Z" level=info msg="Tool required for debug" tool="builtin:serial-discovery@1.4.3"
2026-02-04 17:35:49 2026-02-04T17:35:49.459Z daemon INFO time="2026-02-04T17:35:49Z" level=info msg="Tool required for debug" tool="arduino:avr-gcc@7.3.0-atmel3.6.1-arduino7"
time="2026-02-04T17:35:49Z" level=info msg="Tool required for debug" tool="arduino:avrdude@8.0.0-arduino1"
2026-02-04 17:35:49 2026-02-04T17:35:49.459Z daemon INFO time="2026-02-04T17:35:49Z" level=info msg="Tool required for debug" tool="builtin:serial-monitor@0.15.0"
time="2026-02-04T17:35:49Z" level=info msg="Tool required for debug" tool="builtin:mdns-discovery@1.0.12"
2026-02-04 17:35:49 2026-02-04T17:35:49.459Z daemon INFO time="2026-02-04T17:35:49Z" level=info msg="Tool required for debug" tool="builtin:ctags@5.8-arduino11"
2026-02-04 17:35:49 2026-02-04T17:35:49.459Z daemon INFO time="2026-02-04T17:35:49Z" level=info msg="Tool required for debug" tool="builtin:dfu-discovery@0.1.2"
2026-02-04 17:35:49 2026-02-04T17:35:49.459Z daemon INFO time="2026-02-04T17:35:49Z" level=info msg="Tool required for debug" tool="arduino:arduinoOTA@1.3.0"
2026-02-04 17:35:49 2026-02-04T17:35:49.460Z daemon INFO time="2026-02-04T17:35:49Z" level=info msg="Tool required for debug" tool="arduino:dfu-util@0.11.0-arduino5"
time="2026-02-04T17:35:49Z" level=info msg="Tool required for debug" tool="esp32:esp-rv32@2511"
2026-02-04 17:35:49 2026-02-04T17:35:49.460Z daemon INFO time="2026-02-04T17:35:49Z" level=info msg="Tool required for debug" tool="esp32:esp-x32@2511"
time="2026-02-04T17:35:49Z" level=info msg="Tool required for debug" tool="esp32:esp32-libs@3.3.6"
time="2026-02-04T17:35:49Z" level=info msg="Tool required for debug" tool="esp32:esp32c3-libs@3.3.6"
2026-02-04 17:35:49 2026-02-04T17:35:49.460Z daemon INFO time="2026-02-04T17:35:49Z" level=info msg="Tool required for debug" tool="esp32:esp32c5-libs@3.3.6"
time="2026-02-04T17:35:49Z" level=info msg="Tool required for debug" tool="esp32:esp32c6-libs@3.3.6"
time="2026-02-04T17:35:49Z" level=info msg="Tool required for debug" tool="esp32:esp32h2-libs@3.3.6"
2026-02-04 17:35:49 2026-02-04T17:35:49.460Z daemon INFO time="2026-02-04T17:35:49Z" level=info msg="Tool required for debug" tool="esp32:esp32p4-libs@3.3.6"
time="2026-02-04T17:35:49Z" level=info msg="Tool required for debug" tool="esp32:esp32p4_es-libs@3.3.6"
time="2026-02-04T17:35:49Z" level=info msg="Tool required for debug" tool="esp32:esp32s2-libs@3.3.6"
2026-02-04 17:35:49 2026-02-04T17:35:49.460Z daemon INFO time="2026-02-04T17:35:49Z" level=info msg="Tool required for debug" tool="esp32:esp32s3-libs@3.3.6"
time="2026-02-04T17:35:49Z" level=info msg="Tool required for debug" tool="esp32:esptool_py@5.1.0"
2026-02-04 17:35:49 2026-02-04T17:35:49.460Z daemon INFO time="2026-02-04T17:35:49Z" level=info msg="Tool required for debug" tool="esp32:mklittlefs@4.0.2-db0513a"
time="2026-02-04T17:35:49Z" level=info msg="Tool required for debug" tool="esp32:mkspiffs@0.2.3"
time="2026-02-04T17:35:49Z" level=info msg="Tool required for debug" tool="esp32:openocd-esp32@v0.12.0-esp32-20251215"
2026-02-04 17:35:49 2026-02-04T17:35:49.460Z daemon INFO time="2026-02-04T17:35:49Z" level=info msg="Tool required for debug" tool="esp32:riscv32-esp-elf-gdb@16.3_20250913"
2026-02-04 17:35:49 2026-02-04T17:35:49.460Z daemon INFO time="2026-02-04T17:35:49Z" level=info msg="Tool required for debug" tool="esp32:xtensa-esp-elf-gdb@16.3_20250913"
time="2026-02-04T17:35:49Z" level=info msg="Tool required for debug" tool="builtin:mdns-discovery@1.0.12"
2026-02-04 17:35:49 2026-02-04T17:35:49.460Z daemon INFO time="2026-02-04T17:35:49Z" level=info msg="Tool required for debug" tool="arduino:arduinoOTA@1.3.0"
time="2026-02-04T17:35:49Z" level=info msg="Tool required for debug" tool="arduino:avr-gcc@7.3.0-atmel3.6.1-arduino7"
2026-02-04 17:35:49 2026-02-04T17:35:49.460Z daemon INFO time="2026-02-04T17:35:49Z" level=info msg="Tool required for debug" tool="builtin:ctags@5.8-arduino11"
2026-02-04 17:35:49 2026-02-04T17:35:49.460Z daemon INFO time="2026-02-04T17:35:49Z" level=info msg="Tool required for debug" tool="builtin:dfu-discovery@0.1.2"
time="2026-02-04T17:35:49Z" level=info msg="Tool required for debug" tool="builtin:serial-discovery@1.4.3"
2026-02-04 17:35:49 2026-02-04T17:35:49.460Z daemon INFO time="2026-02-04T17:35:49Z" level=info msg="Tool required for debug" tool="builtin:serial-monitor@0.15.0"
2026-02-04 17:35:49 2026-02-04T17:35:49.460Z daemon INFO time="2026-02-04T17:35:49Z" level=info msg="Tool required for debug" tool="arduino:avrdude@8.0.0-arduino1"
2026-02-04 17:35:49 2026-02-04T17:35:49.461Z daemon INFO time="2026-02-04T17:35:49Z" level=info msg="Tool required for debug" tool="arduino:dfu-util@0.11.0-arduino5"
time="2026-02-04T17:35:49Z" level=info msg="Tool required for debug" tool="esp32:esp-rv32@2511"
time="2026-02-04T17:35:49Z" level=info msg="Tool required for debug" tool="esp32:esp-x32@2511"
2026-02-04 17:35:49 2026-02-04T17:35:49.461Z daemon INFO time="2026-02-04T17:35:49Z" level=info msg="Tool required for debug" tool="esp32:esp32-libs@3.3.6"
time="2026-02-04T17:35:49Z" level=info msg="Tool required for debug" tool="esp32:esp32c3-libs@3.3.6"
time="2026-02-04T17:35:49Z" level=info msg="Tool required for debug" tool="esp32:esp32c5-libs@3.3.6"
time="2026-02-04T17:35:49Z" level=info msg="Tool required for debug" tool="esp32:esp32c6-libs@3.3.6"
time="2026-02-04T17:35:49Z" level=info msg="Tool required for debug" tool="esp32:esp32h2-libs@3.3.6"
2026-02-04 17:35:49 2026-02-04T17:35:49.461Z daemon INFO time="2026-02-04T17:35:49Z" level=info msg="Tool required for debug" tool="esp32:esp32p4-libs@3.3.6"
time="2026-02-04T17:35:49Z" level=info msg="Tool required for debug" tool="esp32:esp32p4_es-libs@3.3.6"
time="2026-02-04T17:35:49Z" level=info msg="Tool required for debug" tool="esp32:esp32s2-libs@3.3.6"
time="2026-02-04T17:35:49Z" level=info msg="Tool required for debug" tool="esp32:esp32s3-libs@3.3.6"
2026-02-04 17:35:49 2026-02-04T17:35:49.461Z daemon INFO time="2026-02-04T17:35:49Z" level=info msg="Tool required for debug" tool="esp32:esptool_py@5.1.0"
time="2026-02-04T17:35:49Z" level=info msg="Tool required for debug" tool="esp32:mklittlefs@4.0.2-db0513a"
time="2026-02-04T17:35:49Z" level=info msg="Tool required for debug" tool="esp32:mkspiffs@0.2.3"
2026-02-04 17:35:49 2026-02-04T17:35:49.461Z daemon INFO time="2026-02-04T17:35:49Z" level=info msg="Tool required for debug" tool="esp32:openocd-esp32@v0.12.0-esp32-20251215"
time="2026-02-04T17:35:49Z" level=info msg="Tool required for debug" tool="esp32:riscv32-esp-elf-gdb@16.3_20250913"
2026-02-04 17:35:49 2026-02-04T17:35:49.462Z daemon INFO time="2026-02-04T17:35:49Z" level=info msg="Tool required for debug" tool="esp32:xtensa-esp-elf-gdb@16.3_20250913"
time="2026-02-04T17:35:49Z" level=info msg="Tool required for debug" tool="builtin:serial-monitor@0.15.0"
2026-02-04 17:35:49 2026-02-04T17:35:49.462Z daemon INFO time="2026-02-04T17:35:49Z" level=info msg="Tool required for debug" tool="builtin:mdns-discovery@1.0.12"
time="2026-02-04T17:35:49Z" level=info msg="Tool required for debug" tool="builtin:dfu-discovery@0.1.2"
2026-02-04 17:35:49 2026-02-04T17:35:49.462Z daemon INFO time="2026-02-04T17:35:49Z" level=info msg="Tool required for debug" tool="builtin:serial-discovery@1.4.3"
2026-02-04 17:35:49 2026-02-04T17:35:49.462Z daemon INFO time="2026-02-04T17:35:49Z" level=info msg="Tool required for debug" tool="arduino:arduinoOTA@1.3.0"
time="2026-02-04T17:35:49Z" level=info msg="Tool required for debug" tool="arduino:avrdude@8.0.0-arduino1"
2026-02-04 17:35:49 2026-02-04T17:35:49.462Z daemon INFO time="2026-02-04T17:35:49Z" level=info msg="Tool required for debug" tool="builtin:ctags@5.8-arduino11"
2026-02-04 17:35:49 2026-02-04T17:35:49.462Z daemon INFO time="2026-02-04T17:35:49Z" level=info msg="Tool required for debug" tool="arduino:avr-gcc@7.3.0-atmel3.6.1-arduino7"
2026-02-04 17:35:49 2026-02-04T17:35:49.463Z daemon INFO time="2026-02-04T17:35:49Z" level=info msg="Tool required for debug" tool="arduino:dfu-util@0.11.0-arduino5"
time="2026-02-04T17:35:49Z" level=info msg="Tool required for debug" tool="esp32:esp-rv32@2511"
2026-02-04 17:35:49 2026-02-04T17:35:49.463Z daemon INFO time="2026-02-04T17:35:49Z" level=info msg="Tool required for debug" tool="esp32:esp-x32@2511"
time="2026-02-04T17:35:49Z" level=info msg="Tool required for debug" tool="esp32:esp32-libs@3.3.6"
time="2026-02-04T17:35:49Z" level=info msg="Tool required for debug" tool="esp32:esp32c3-libs@3.3.6"
2026-02-04 17:35:49 2026-02-04T17:35:49.463Z daemon INFO time="2026-02-04T17:35:49Z" level=info msg="Tool required for debug" tool="esp32:esp32c5-libs@3.3.6"
time="2026-02-04T17:35:49Z" level=info msg="Tool required for debug" tool="esp32:esp32c6-libs@3.3.6"
time="2026-02-04T17:35:49Z" level=info msg="Tool required for debug" tool="esp32:esp32h2-libs@3.3.6"
2026-02-04 17:35:49 2026-02-04T17:35:49.463Z daemon INFO time="2026-02-04T17:35:49Z" level=info msg="Tool required for debug" tool="esp32:esp32p4-libs@3.3.6"
time="2026-02-04T17:35:49Z" level=info msg="Tool required for debug" tool="esp32:esp32p4_es-libs@3.3.6"
time="2026-02-04T17:35:49Z" level=info msg="Tool required for debug" tool="esp32:esp32s2-libs@3.3.6"
2026-02-04 17:35:49 2026-02-04T17:35:49.463Z daemon INFO time="2026-02-04T17:35:49Z" level=info msg="Tool required for debug" tool="esp32:esp32s3-libs@3.3.6"
time="2026-02-04T17:35:49Z" level=info msg="Tool required for debug" tool="esp32:esptool_py@5.1.0"
2026-02-04 17:35:49 2026-02-04T17:35:49.463Z daemon INFO time="2026-02-04T17:35:49Z" level=info msg="Tool required for debug" tool="esp32:mklittlefs@4.0.2-db0513a"
time="2026-02-04T17:35:49Z" level=info msg="Tool required for debug" tool="esp32:mkspiffs@0.2.3"
2026-02-04 17:35:49 2026-02-04T17:35:49.463Z daemon INFO time="2026-02-04T17:35:49Z" level=info msg="Tool required for debug" tool="esp32:openocd-esp32@v0.12.0-esp32-20251215"
time="2026-02-04T17:35:49Z" level=info msg="Tool required for debug" tool="esp32:riscv32-esp-elf-gdb@16.3_20250913"
time="2026-02-04T17:35:49Z" level=info msg="Tool required for debug" tool="esp32:xtensa-esp-elf-gdb@16.3_20250913"
time="2026-02-04T17:35:49Z" level=info msg="Tool required for debug" tool="arduino:avrdude@8.0.0-arduino1"
time="2026-02-04T17:35:49Z" level=info msg="Tool required for debug" tool="arduino:arduinoOTA@1.3.0"
time="2026-02-04T17:35:49Z" level=info msg="Tool required for debug" tool="arduino:avr-gcc@7.3.0-atmel3.6.1-arduino7"
time="2026-02-04T17:35:49Z" level=info msg="Tool required for debug" tool="builtin:serial-monitor@0.15.0"
2026-02-04 17:35:49 2026-02-04T17:35:49.463Z daemon INFO time="2026-02-04T17:35:49Z" level=info msg="Tool required for debug" tool="builtin:ctags@5.8-arduino11"
time="2026-02-04T17:35:49Z" level=info msg="Tool required for debug" tool="builtin:serial-discovery@1.4.3"
time="2026-02-04T17:35:49Z" level=info msg="Tool required for debug" tool="builtin:mdns-discovery@1.0.12"
time="2026-02-04T17:35:49Z" level=info msg="Tool required for debug" tool="builtin:dfu-discovery@0.1.2"
2026-02-04 17:35:49 2026-02-04T17:35:49.464Z daemon INFO time="2026-02-04T17:35:49Z" level=info msg="Tool required for debug" tool="arduino:dfu-util@0.11.0-arduino5"
time="2026-02-04T17:35:49Z" level=info msg="Tool required for debug" tool="esp32:esp-rv32@2511"
2026-02-04 17:35:49 2026-02-04T17:35:49.464Z daemon INFO time="2026-02-04T17:35:49Z" level=info msg="Tool required for debug" tool="esp32:esp-x32@2511"
time="2026-02-04T17:35:49Z" level=info msg="Tool required for debug" tool="esp32:esp32-libs@3.3.6"
time="2026-02-04T17:35:49Z" level=info msg="Tool required for debug" tool="esp32:esp32c3-libs@3.3.6"
time="2026-02-04T17:35:49Z" level=info msg="Tool required for debug" tool="esp32:esp32c5-libs@3.3.6"
time="2026-02-04T17:35:49Z" level=info msg="Tool required for debug" tool="esp32:esp32c6-libs@3.3.6"
time="2026-02-04T17:35:49Z" level=info msg="Tool required for debug" tool="esp32:esp32h2-libs@3.3.6"
2026-02-04 17:35:49 2026-02-04T17:35:49.464Z daemon INFO time="2026-02-04T17:35:49Z" level=info msg="Tool required for debug" tool="esp32:esp32p4-libs@3.3.6"
time="2026-02-04T17:35:49Z" level=info msg="Tool required for debug" tool="esp32:esp32p4_es-libs@3.3.6"
time="2026-02-04T17:35:49Z" level=info msg="Tool required for debug" tool="esp32:esp32s2-libs@3.3.6"
time="2026-02-04T17:35:49Z" level=info msg="Tool required for debug" tool="esp32:esp32s3-libs@3.3.6"
2026-02-04 17:35:49 2026-02-04T17:35:49.464Z daemon INFO time="2026-02-04T17:35:49Z" level=info msg="Tool required for debug" tool="esp32:esptool_py@5.1.0"
time="2026-02-04T17:35:49Z" level=info msg="Tool required for debug" tool="esp32:mklittlefs@4.0.2-db0513a"
time="2026-02-04T17:35:49Z" level=info msg="Tool required for debug" tool="esp32:mkspiffs@0.2.3"
time="2026-02-04T17:35:49Z" level=info msg="Tool required for debug" tool="esp32:openocd-esp32@v0.12.0-esp32-20251215"
2026-02-04 17:35:49 2026-02-04T17:35:49.464Z daemon INFO time="2026-02-04T17:35:49Z" level=info msg="Tool required for debug" tool="esp32:riscv32-esp-elf-gdb@16.3_20250913"
time="2026-02-04T17:35:49Z" level=info msg="Tool required for debug" tool="esp32:xtensa-esp-elf-gdb@16.3_20250913"
time="2026-02-04T17:35:49Z" level=info msg="Tool required for debug" tool="builtin:mdns-discovery@1.0.12"
2026-02-04 17:35:49 2026-02-04T17:35:49.464Z daemon INFO time="2026-02-04T17:35:49Z" level=info msg="Tool required for debug" tool="builtin:serial-discovery@1.4.3"
time="2026-02-04T17:35:49Z" level=info msg="Tool required for debug" tool="builtin:serial-monitor@0.15.0"
time="2026-02-04T17:35:49Z" level=info msg="Tool required for debug" tool="arduino:arduinoOTA@1.3.0"
time="2026-02-04T17:35:49Z" level=info msg="Tool required for debug" tool="builtin:ctags@5.8-arduino11"
2026-02-04 17:35:49 2026-02-04T17:35:49.464Z daemon INFO time="2026-02-04T17:35:49Z" level=info msg="Tool required for debug" tool="arduino:avrdude@8.0.0-arduino1"
time="2026-02-04T17:35:49Z" level=info msg="Tool required for debug" tool="arduino:avr-gcc@7.3.0-atmel3.6.1-arduino7"
2026-02-04 17:35:49 2026-02-04T17:35:49.464Z daemon INFO time="2026-02-04T17:35:49Z" level=info msg="Tool required for debug" tool="builtin:dfu-discovery@0.1.2"
2026-02-04 17:35:49 2026-02-04T17:35:49.465Z daemon INFO time="2026-02-04T17:35:49Z" level=info msg="Tool required for debug" tool="arduino:dfu-util@0.11.0-arduino5"
time="2026-02-04T17:35:49Z" level=info msg="Tool required for debug" tool="esp32:esp-rv32@2511"
2026-02-04 17:35:49 2026-02-04T17:35:49.465Z daemon INFO time="2026-02-04T17:35:49Z" level=info msg="Tool required for debug" tool="esp32:esp-x32@2511"
time="2026-02-04T17:35:49Z" level=info msg="Tool required for debug" tool="esp32:esp32-libs@3.3.6"
time="2026-02-04T17:35:49Z" level=info msg="Tool required for debug" tool="esp32:esp32c3-libs@3.3.6"
2026-02-04 17:35:49 2026-02-04T17:35:49.465Z daemon INFO time="2026-02-04T17:35:49Z" level=info msg="Tool required for debug" tool="esp32:esp32c5-libs@3.3.6"
time="2026-02-04T17:35:49Z" level=info msg="Tool required for debug" tool="esp32:esp32c6-libs@3.3.6"
time="2026-02-04T17:35:49Z" level=info msg="Tool required for debug" tool="esp32:esp32h2-libs@3.3.6"
2026-02-04 17:35:49 2026-02-04T17:35:49.465Z daemon INFO time="2026-02-04T17:35:49Z" level=info msg="Tool required for debug" tool="esp32:esp32p4-libs@3.3.6"
time="2026-02-04T17:35:49Z" level=info msg="Tool required for debug" tool="esp32:esp32p4_es-libs@3.3.6"
time="2026-02-04T17:35:49Z" level=info msg="Tool required for debug" tool="esp32:esp32s2-libs@3.3.6"
2026-02-04 17:35:49 2026-02-04T17:35:49.465Z daemon INFO time="2026-02-04T17:35:49Z" level=info msg="Tool required for debug" tool="esp32:esp32s3-libs@3.3.6"
time="2026-02-04T17:35:49Z" level=info msg="Tool required for debug" tool="esp32:esptool_py@5.1.0"
time="2026-02-04T17:35:49Z" level=info msg="Tool required for debug" tool="esp32:mklittlefs@4.0.2-db0513a"
2026-02-04 17:35:49 2026-02-04T17:35:49.465Z daemon INFO time="2026-02-04T17:35:49Z" level=info msg="Tool required for debug" tool="esp32:mkspiffs@0.2.3"
time="2026-02-04T17:35:49Z" level=info msg="Tool required for debug" tool="esp32:openocd-esp32@v0.12.0-esp32-20251215"
2026-02-04 17:35:49 2026-02-04T17:35:49.465Z daemon INFO time="2026-02-04T17:35:49Z" level=info msg="Tool required for debug" tool="esp32:riscv32-esp-elf-gdb@16.3_20250913"
time="2026-02-04T17:35:49Z" level=info msg="Tool required for debug" tool="esp32:xtensa-esp-elf-gdb@16.3_20250913"
time="2026-02-04T17:35:49Z" level=info msg="Tool required for debug" tool="arduino:arduinoOTA@1.3.0"
2026-02-04 17:35:49 2026-02-04T17:35:49.465Z daemon INFO time="2026-02-04T17:35:49Z" level=info msg="Tool required for debug" tool="builtin:serial-monitor@0.15.0"
2026-02-04 17:35:49 2026-02-04T17:35:49.465Z daemon INFO time="2026-02-04T17:35:49Z" level=info msg="Tool required for debug" tool="builtin:ctags@5.8-arduino11"
time="2026-02-04T17:35:49Z" level=info msg="Tool required for debug" tool="builtin:dfu-discovery@0.1.2"
2026-02-04 17:35:49 2026-02-04T17:35:49.465Z daemon INFO time="2026-02-04T17:35:49Z" level=info msg="Tool required for debug" tool="arduino:avrdude@8.0.0-arduino1"
time="2026-02-04T17:35:49Z" level=info msg="Tool required for debug" tool="builtin:serial-discovery@1.4.3"
2026-02-04 17:35:49 2026-02-04T17:35:49.465Z daemon INFO time="2026-02-04T17:35:49Z" level=info msg="Tool required for debug" tool="arduino:avr-gcc@7.3.0-atmel3.6.1-arduino7"
time="2026-02-04T17:35:49Z" level=info msg="Tool required for debug" tool="builtin:mdns-discovery@1.0.12"
2026-02-04 17:35:49 2026-02-04T17:35:49.466Z daemon INFO time="2026-02-04T17:35:49Z" level=info msg="Tool required for debug" tool="arduino:dfu-util@0.11.0-arduino5"
time="2026-02-04T17:35:49Z" level=info msg="Tool required for debug" tool="esp32:esp-rv32@2511"
time="2026-02-04T17:35:49Z" level=info msg="Tool required for debug" tool="esp32:esp-x32@2511"
2026-02-04 17:35:49 2026-02-04T17:35:49.466Z daemon INFO time="2026-02-04T17:35:49Z" level=info msg="Tool required for debug" tool="esp32:esp32-libs@3.3.6"
time="2026-02-04T17:35:49Z" level=info msg="Tool required for debug" tool="esp32:esp32c3-libs@3.3.6"
time="2026-02-04T17:35:49Z" level=info msg="Tool required for debug" tool="esp32:esp32c5-libs@3.3.6"
time="2026-02-04T17:35:49Z" level=info msg="Tool required for debug" tool="esp32:esp32c6-libs@3.3.6"
time="2026-02-04T17:35:49Z" level=info msg="Tool required for debug" tool="esp32:esp32h2-libs@3.3.6"
time="2026-02-04T17:35:49Z" level=info msg="Tool required for debug" tool="esp32:esp32p4-libs@3.3.6"
time="2026-02-04T17:35:49Z" level=info msg="Tool required for debug" tool="esp32:esp32p4_es-libs@3.3.6"
time="2026-02-04T17:35:49Z" level=info msg="Tool required for debug" tool="esp32:esp32s2-libs@3.3.6"
2026-02-04 17:35:49 2026-02-04T17:35:49.467Z daemon INFO time="2026-02-04T17:35:49Z" level=info msg="Tool required for debug" tool="esp32:esp32s3-libs@3.3.6"
time="2026-02-04T17:35:49Z" level=info msg="Tool required for debug" tool="esp32:esptool_py@5.1.0"
time="2026-02-04T17:35:49Z" level=info msg="Tool required for debug" tool="esp32:mklittlefs@4.0.2-db0513a"
time="2026-02-04T17:35:49Z" level=info msg="Tool required for debug" tool="esp32:mkspiffs@0.2.3"
2026-02-04 17:35:49 2026-02-04T17:35:49.467Z daemon INFO time="2026-02-04T17:35:49Z" level=info msg="Tool required for debug" tool="esp32:openocd-esp32@v0.12.0-esp32-20251215"
time="2026-02-04T17:35:49Z" level=info msg="Tool required for debug" tool="esp32:riscv32-esp-elf-gdb@16.3_20250913"
time="2026-02-04T17:35:49Z" level=info msg="Tool required for debug" tool="esp32:xtensa-esp-elf-gdb@16.3_20250913"
2026-02-04 17:35:49 2026-02-04T17:35:49.467Z daemon INFO time="2026-02-04T17:35:49Z" level=info msg="Tool required for debug" tool="builtin:dfu-discovery@0.1.2"
time="2026-02-04T17:35:49Z" level=info msg="Tool required for debug" tool="builtin:mdns-discovery@1.0.12"
2026-02-04 17:35:49 2026-02-04T17:35:49.467Z daemon INFO time="2026-02-04T17:35:49Z" level=info msg="Tool required for debug" tool="builtin:serial-monitor@0.15.0"
time="2026-02-04T17:35:49Z" level=info msg="Tool required for debug" tool="arduino:arduinoOTA@1.3.0"
time="2026-02-04T17:35:49Z" level=info msg="Tool required for debug" tool="arduino:avr-gcc@7.3.0-atmel3.6.1-arduino7"
2026-02-04 17:35:49 2026-02-04T17:35:49.467Z daemon INFO time="2026-02-04T17:35:49Z" level=info msg="Tool required for debug" tool="builtin:serial-discovery@1.4.3"
time="2026-02-04T17:35:49Z" level=info msg="Tool required for debug" tool="arduino:avrdude@8.0.0-arduino1"
time="2026-02-04T17:35:49Z" level=info msg="Tool required for debug" tool="builtin:ctags@5.8-arduino11"
2026-02-04 17:35:50 2026-02-04T17:35:50.427Z daemon INFO time="2026-02-04T17:35:50Z" level=info msg="Adding libraries dir" dir=/home/shrek/.arduino15/libraries isSingleLibrary=false location=ide
2026-02-04 17:35:50 2026-02-04T17:35:50.427Z daemon INFO time="2026-02-04T17:35:50Z" level=info msg="Adding libraries dir" dir=/home/shrek/.arduino15/packages/esp32/hardware/esp32/3.3.6/libraries isSingleLibrary=false location=platform
time="2026-02-04T17:35:50Z" level=info msg="Adding libraries dir" dir=/home/shrek/Arduino/libraries isSingleLibrary=false location=user
2026-02-04 17:35:56 2026-02-04T17:35:56.214Z root INFO Received port after upload [arduino+serial:///dev/ttyUSB0, esp32:esp32:esp32h2:UploadSpeed=921600,CDCOnBoot=default,FlashFreq=64,FlashMode=qio,FlashSize=4M,PartitionScheme=default,DebugLevel=none,EraseFlash=none,JTAGAdapter=default,ZigbeeMode=default, led.ino]. Before port: {"protocol":"serial","address":"/dev/ttyUSB0"}, after port: {"address":"/dev/ttyUSB0","addressLabel":"/dev/ttyUSB0","protocol":"serial","protocolLabel":"Serial Port (USB)","properties":{"pid":"0xea60","serialNumber":"e2dc2d4b6971f011b9be029f1045c30f","vid":"0x10c4"},"hardwareId":"e2dc2d4b6971f011b9be029f1045c30f"}
2026-02-04 17:38:04 2026-02-04T17:38:04.155Z daemon INFO time="2026-02-04T17:38:04Z" level=info msg="Adding libraries dir" dir=/home/shrek/.arduino15/libraries isSingleLibrary=false location=ide
time="2026-02-04T17:38:04Z" level=info msg="Adding libraries dir" dir=/home/shrek/.arduino15/packages/esp32/hardware/esp32/3.3.6/libraries isSingleLibrary=false location=platform
time="2026-02-04T17:38:04Z" level=info msg="Adding libraries dir" dir=/home/shrek/Arduino/libraries isSingleLibrary=false location=user
2026-02-04 17:38:10 2026-02-04T17:38:10.739Z daemon INFO time="2026-02-04T17:38:10Z" level=info msg="Adding libraries dir" dir=/home/shrek/.arduino15/libraries isSingleLibrary=false location=ide
2026-02-04 17:38:10 2026-02-04T17:38:10.739Z daemon INFO time="2026-02-04T17:38:10Z" level=info msg="Adding libraries dir" dir=/home/shrek/.arduino15/packages/esp32/hardware/esp32/3.3.6/libraries isSingleLibrary=false location=platform
time="2026-02-04T17:38:10Z" level=info msg="Adding libraries dir" dir=/home/shrek/Arduino/libraries isSingleLibrary=false location=user
2026-02-04 17:38:15 2026-02-04T17:38:15.083Z daemon INFO time="2026-02-04T17:38:15Z" level=info msg="Adding libraries dir" dir=/home/shrek/.arduino15/libraries isSingleLibrary=false location=ide
time="2026-02-04T17:38:15Z" level=info msg="Adding libraries dir" dir=/home/shrek/.arduino15/packages/esp32/hardware/esp32/3.3.6/libraries isSingleLibrary=false location=platform
time="2026-02-04T17:38:15Z" level=info msg="Adding libraries dir" dir=/home/shrek/Arduino/libraries isSingleLibrary=false location=user
2026-02-04 17:38:16 2026-02-04T17:38:16.879Z daemon INFO time="2026-02-04T17:38:16Z" level=info msg="Adding libraries dir" dir=/home/shrek/.arduino15/libraries isSingleLibrary=false location=ide
2026-02-04 17:38:16 2026-02-04T17:38:16.879Z daemon INFO time="2026-02-04T17:38:16Z" level=info msg="Adding libraries dir" dir=/home/shrek/.arduino15/packages/esp32/hardware/esp32/3.3.6/libraries isSingleLibrary=false location=platform
time="2026-02-04T17:38:16Z" level=info msg="Adding libraries dir" dir=/home/shrek/Arduino/libraries isSingleLibrary=false location=user
2026-02-04 17:38:22 2026-02-04T17:38:22.829Z daemon INFO time="2026-02-04T17:38:22Z" level=info msg="Adding libraries dir" dir=/home/shrek/.arduino15/libraries isSingleLibrary=false location=ide
time="2026-02-04T17:38:22Z" level=info msg="Adding libraries dir" dir=/home/shrek/.arduino15/packages/esp32/hardware/esp32/3.3.6/libraries isSingleLibrary=false location=platform
2026-02-04 17:38:22 2026-02-04T17:38:22.829Z daemon INFO time="2026-02-04T17:38:22Z" level=info msg="Adding libraries dir" dir=/home/shrek/Arduino/libraries isSingleLibrary=false location=user
2026-02-04 17:38:25 2026-02-04T17:38:25.209Z daemon INFO time="2026-02-04T17:38:25Z" level=info msg="Adding libraries dir" dir=/home/shrek/.arduino15/libraries isSingleLibrary=false location=ide
2026-02-04 17:38:25 2026-02-04T17:38:25.210Z daemon INFO time="2026-02-04T17:38:25Z" level=info msg="Adding libraries dir" dir=/home/shrek/.arduino15/packages/esp32/hardware/esp32/3.3.6/libraries isSingleLibrary=false location=platform
time="2026-02-04T17:38:25Z" level=info msg="Adding libraries dir" dir=/home/shrek/Arduino/libraries isSingleLibrary=false location=user
2026-02-04 17:38:26 2026-02-04T17:38:26.420Z daemon INFO time="2026-02-04T17:38:26Z" level=info msg="Adding libraries dir" dir=/home/shrek/.arduino15/libraries isSingleLibrary=false location=ide
time="2026-02-04T17:38:26Z" level=info msg="Adding libraries dir" dir=/home/shrek/.arduino15/packages/esp32/hardware/esp32/3.3.6/libraries isSingleLibrary=false location=platform
2026-02-04 17:38:26 2026-02-04T17:38:26.420Z daemon INFO time="2026-02-04T17:38:26Z" level=info msg="Adding libraries dir" dir=/home/shrek/Arduino/libraries isSingleLibrary=false location=user
2026-02-04 17:38:27 2026-02-04T17:38:27.012Z daemon INFO time="2026-02-04T17:38:27Z" level=info msg="Resolving include FastLED.h for arch esp32"
time="2026-02-04T17:38:27Z" level=info msg="  found better lib" lib=FastLED prio=6A7
2026-02-04 17:38:27 2026-02-04T17:38:27.029Z daemon INFO time="2026-02-04T17:38:27Z" level=info msg="Adding libraries dir" dir=/home/shrek/.arduino15/libraries isSingleLibrary=false location=ide
2026-02-04 17:38:27 2026-02-04T17:38:27.029Z daemon INFO time="2026-02-04T17:38:27Z" level=info msg="Adding libraries dir" dir=/home/shrek/.arduino15/packages/esp32/hardware/esp32/3.3.6/libraries isSingleLibrary=false location=platform
time="2026-02-04T17:38:27Z" level=info msg="Adding libraries dir" dir=/home/shrek/Arduino/libraries isSingleLibrary=false location=user
2026-02-04 17:38:29 2026-02-04T17:38:29.706Z root INFO Executing 'arduino.languageserver.notifyBuildDidComplete' with "file:///home/shrek/.cache/arduino/sketches/685F1B846501B9FC48DBBE71848122CF"
2026-02-04 17:38:29 2026-02-04T17:38:29.739Z daemon INFO time="2026-02-04T17:38:29Z" level=info msg="Tool required for debug" tool="arduino:dfu-util@0.11.0-arduino5"
time="2026-02-04T17:38:29Z" level=info msg="Tool required for debug" tool="esp32:esp-rv32@2511"
2026-02-04 17:38:29 2026-02-04T17:38:29.739Z daemon INFO time="2026-02-04T17:38:29Z" level=info msg="Tool required for debug" tool="esp32:esp-x32@2511"
time="2026-02-04T17:38:29Z" level=info msg="Tool required for debug" tool="esp32:esp32-libs@3.3.6"
time="2026-02-04T17:38:29Z" level=info msg="Tool required for debug" tool="esp32:esp32c3-libs@3.3.6"
time="2026-02-04T17:38:29Z" level=info msg="Tool required for debug" tool="esp32:esp32c5-libs@3.3.6"
time="2026-02-04T17:38:29Z" level=info msg="Tool required for debug" tool="esp32:esp32c6-libs@3.3.6"
time="2026-02-04T17:38:29Z" level=info msg="Tool required for debug" tool="esp32:esp32h2-libs@3.3.6"
time="2026-02-04T17:38:29Z" level=info msg="Tool required for debug" tool="esp32:esp32p4-libs@3.3.6"
time="2026-02-04T17:38:29Z" level=info msg="Tool required for debug" tool="esp32:esp32p4_es-libs@3.3.6"
time="2026-02-04T17:38:29Z" level=info msg="Tool required for debug" tool="esp32:esp32s2-libs@3.3.6"
time="2026-02-04T17:38:29Z" level=info msg="Tool required for debug" tool="esp32:esp32s3-libs@3.3.6"
time="2026-02-04T17:38:29Z" level=info msg="Tool required for debug" tool="esp32:esptool_py@5.1.0"
2026-02-04 17:38:29 2026-02-04T17:38:29.739Z daemon INFO time="2026-02-04T17:38:29Z" level=info msg="Tool required for debug" tool="esp32:mklittlefs@4.0.2-db0513a"
time="2026-02-04T17:38:29Z" level=info msg="Tool required for debug" tool="esp32:mkspiffs@0.2.3"
time="2026-02-04T17:38:29Z" level=info msg="Tool required for debug" tool="esp32:openocd-esp32@v0.12.0-esp32-20251215"
time="2026-02-04T17:38:29Z" level=info msg="Tool required for debug" tool="esp32:riscv32-esp-elf-gdb@16.3_20250913"
time="2026-02-04T17:38:29Z" level=info msg="Tool required for debug" tool="esp32:xtensa-esp-elf-gdb@16.3_20250913"
time="2026-02-04T17:38:29Z" level=info msg="Tool required for debug" tool="builtin:dfu-discovery@0.1.2"
2026-02-04 17:38:29 2026-02-04T17:38:29.739Z daemon INFO time="2026-02-04T17:38:29Z" level=info msg="Tool required for debug" tool="arduino:avr-gcc@7.3.0-atmel3.6.1-arduino7"
time="2026-02-04T17:38:29Z" level=info msg="Tool required for debug" tool="arduino:arduinoOTA@1.3.0"
time="2026-02-04T17:38:29Z" level=info msg="Tool required for debug" tool="builtin:ctags@5.8-arduino11"
time="2026-02-04T17:38:29Z" level=info msg="Tool required for debug" tool="builtin:mdns-discovery@1.0.12"
2026-02-04 17:38:29 2026-02-04T17:38:29.739Z daemon INFO time="2026-02-04T17:38:29Z" level=info msg="Tool required for debug" tool="builtin:serial-discovery@1.4.3"
time="2026-02-04T17:38:29Z" level=info msg="Tool required for debug" tool="builtin:serial-monitor@0.15.0"
time="2026-02-04T17:38:29Z" level=info msg="Tool required for debug" tool="arduino:avrdude@8.0.0-arduino1"
2026-02-04 17:38:29 2026-02-04T17:38:29.740Z daemon INFO time="2026-02-04T17:38:29Z" level=info msg="Tool required for debug" tool="arduino:dfu-util@0.11.0-arduino5"
time="2026-02-04T17:38:29Z" level=info msg="Tool required for debug" tool="esp32:esp-rv32@2511"
time="2026-02-04T17:38:29Z" level=info msg="Tool required for debug" tool="esp32:esp-x32@2511"
2026-02-04 17:38:29 2026-02-04T17:38:29.740Z daemon INFO time="2026-02-04T17:38:29Z" level=info msg="Tool required for debug" tool="esp32:esp32-libs@3.3.6"
time="2026-02-04T17:38:29Z" level=info msg="Tool required for debug" tool="esp32:esp32c3-libs@3.3.6"
time="2026-02-04T17:38:29Z" level=info msg="Tool required for debug" tool="esp32:esp32c5-libs@3.3.6"
time="2026-02-04T17:38:29Z" level=info msg="Tool required for debug" tool="esp32:esp32c6-libs@3.3.6"
time="2026-02-04T17:38:29Z" level=info msg="Tool required for debug" tool="esp32:esp32h2-libs@3.3.6"
time="2026-02-04T17:38:29Z" level=info msg="Tool required for debug" tool="esp32:esp32p4-libs@3.3.6"
time="2026-02-04T17:38:29Z" level=info msg="Tool required for debug" tool="esp32:esp32p4_es-libs@3.3.6"
2026-02-04 17:38:29 2026-02-04T17:38:29.740Z daemon INFO time="2026-02-04T17:38:29Z" level=info msg="Tool required for debug" tool="esp32:esp32s2-libs@3.3.6"
time="2026-02-04T17:38:29Z" level=info msg="Tool required for debug" tool="esp32:esp32s3-libs@3.3.6"
time="2026-02-04T17:38:29Z" level=info msg="Tool required for debug" tool="esp32:esptool_py@5.1.0"
time="2026-02-04T17:38:29Z" level=info msg="Tool required for debug" tool="esp32:mklittlefs@4.0.2-db0513a"
time="2026-02-04T17:38:29Z" level=info msg="Tool required for debug" tool="esp32:mkspiffs@0.2.3"
time="2026-02-04T17:38:29Z" level=info msg="Tool required for debug" tool="esp32:openocd-esp32@v0.12.0-esp32-20251215"
time="2026-02-04T17:38:29Z" level=info msg="Tool required for debug" tool="esp32:riscv32-esp-elf-gdb@16.3_20250913"
2026-02-04 17:38:29 2026-02-04T17:38:29.741Z daemon INFO time="2026-02-04T17:38:29Z" level=info msg="Tool required for debug" tool="esp32:xtensa-esp-elf-gdb@16.3_20250913"
time="2026-02-04T17:38:29Z" level=info msg="Tool required for debug" tool="builtin:ctags@5.8-arduino11"
time="2026-02-04T17:38:29Z" level=info msg="Tool required for debug" tool="builtin:dfu-discovery@0.1.2"
time="2026-02-04T17:38:29Z" level=info msg="Tool required for debug" tool="arduino:avrdude@8.0.0-arduino1"
2026-02-04 17:38:29 2026-02-04T17:38:29.741Z daemon INFO time="2026-02-04T17:38:29Z" level=info msg="Tool required for debug" tool="builtin:serial-monitor@0.15.0"
time="2026-02-04T17:38:29Z" level=info msg="Tool required for debug" tool="arduino:arduinoOTA@1.3.0"
time="2026-02-04T17:38:29Z" level=info msg="Tool required for debug" tool="arduino:avr-gcc@7.3.0-atmel3.6.1-arduino7"
time="2026-02-04T17:38:29Z" level=info msg="Tool required for debug" tool="builtin:mdns-discovery@1.0.12"
time="2026-02-04T17:38:29Z" level=info msg="Tool required for debug" tool="builtin:serial-discovery@1.4.3"
2026-02-04 17:38:29 2026-02-04T17:38:29.742Z daemon INFO time="2026-02-04T17:38:29Z" level=info msg="Tool required for debug" tool="arduino:dfu-util@0.11.0-arduino5"
time="2026-02-04T17:38:29Z" level=info msg="Tool required for debug" tool="esp32:esp-rv32@2511"
time="2026-02-04T17:38:29Z" level=info msg="Tool required for debug" tool="esp32:esp-x32@2511"
2026-02-04 17:38:29 2026-02-04T17:38:29.742Z daemon INFO time="2026-02-04T17:38:29Z" level=info msg="Tool required for debug" tool="esp32:esp32-libs@3.3.6"
time="2026-02-04T17:38:29Z" level=info msg="Tool required for debug" tool="esp32:esp32c3-libs@3.3.6"
time="2026-02-04T17:38:29Z" level=info msg="Tool required for debug" tool="esp32:esp32c5-libs@3.3.6"
time="2026-02-04T17:38:29Z" level=info msg="Tool required for debug" tool="esp32:esp32c6-libs@3.3.6"
time="2026-02-04T17:38:29Z" level=info msg="Tool required for debug" tool="esp32:esp32h2-libs@3.3.6"
time="2026-02-04T17:38:29Z" level=info msg="Tool required for debug" tool="esp32:esp32p4-libs@3.3.6"
time="2026-02-04T17:38:29Z" level=info msg="Tool required for debug" tool="esp32:esp32p4_es-libs@3.3.6"
2026-02-04 17:38:29 2026-02-04T17:38:29.742Z daemon INFO time="2026-02-04T17:38:29Z" level=info msg="Tool required for debug" tool="esp32:esp32s2-libs@3.3.6"
time="2026-02-04T17:38:29Z" level=info msg="Tool required for debug" tool="esp32:esp32s3-libs@3.3.6"
time="2026-02-04T17:38:29Z" level=info msg="Tool required for debug" tool="esp32:esptool_py@5.1.0"
time="2026-02-04T17:38:29Z" level=info msg="Tool required for debug" tool="esp32:mklittlefs@4.0.2-db0513a"
time="2026-02-04T17:38:29Z" level=info msg="Tool required for debug" tool="esp32:mkspiffs@0.2.3"
time="2026-02-04T17:38:29Z" level=info msg="Tool required for debug" tool="esp32:openocd-esp32@v0.12.0-esp32-20251215"
2026-02-04 17:38:29 2026-02-04T17:38:29.742Z daemon INFO time="2026-02-04T17:38:29Z" level=info msg="Tool required for debug" tool="esp32:riscv32-esp-elf-gdb@16.3_20250913"
time="2026-02-04T17:38:29Z" level=info msg="Tool required for debug" tool="esp32:xtensa-esp-elf-gdb@16.3_20250913"
time="2026-02-04T17:38:29Z" level=info msg="Tool required for debug" tool="builtin:serial-monitor@0.15.0"
time="2026-02-04T17:38:29Z" level=info msg="Tool required for debug" tool="builtin:ctags@5.8-arduino11"
2026-02-04 17:38:29 2026-02-04T17:38:29.742Z daemon INFO time="2026-02-04T17:38:29Z" level=info msg="Tool required for debug" tool="arduino:arduinoOTA@1.3.0"
time="2026-02-04T17:38:29Z" level=info msg="Tool required for debug" tool="builtin:mdns-discovery@1.0.12"
time="2026-02-04T17:38:29Z" level=info msg="Tool required for debug" tool="builtin:serial-discovery@1.4.3"
time="2026-02-04T17:38:29Z" level=info msg="Tool required for debug" tool="builtin:dfu-discovery@0.1.2"
2026-02-04 17:38:29 2026-02-04T17:38:29.742Z daemon INFO time="2026-02-04T17:38:29Z" level=info msg="Tool required for debug" tool="arduino:avr-gcc@7.3.0-atmel3.6.1-arduino7"
time="2026-02-04T17:38:29Z" level=info msg="Tool required for debug" tool="arduino:avrdude@8.0.0-arduino1"
2026-02-04 17:38:29 2026-02-04T17:38:29.743Z daemon INFO time="2026-02-04T17:38:29Z" level=info msg="Tool required for debug" tool="arduino:dfu-util@0.11.0-arduino5"
time="2026-02-04T17:38:29Z" level=info msg="Tool required for debug" tool="esp32:esp-rv32@2511"
time="2026-02-04T17:38:29Z" level=info msg="Tool required for debug" tool="esp32:esp-x32@2511"
2026-02-04 17:38:29 2026-02-04T17:38:29.743Z daemon INFO time="2026-02-04T17:38:29Z" level=info msg="Tool required for debug" tool="esp32:esp32-libs@3.3.6"
time="2026-02-04T17:38:29Z" level=info msg="Tool required for debug" tool="esp32:esp32c3-libs@3.3.6"
time="2026-02-04T17:38:29Z" level=info msg="Tool required for debug" tool="esp32:esp32c5-libs@3.3.6"
time="2026-02-04T17:38:29Z" level=info msg="Tool required for debug" tool="esp32:esp32c6-libs@3.3.6"
time="2026-02-04T17:38:29Z" level=info msg="Tool required for debug" tool="esp32:esp32h2-libs@3.3.6"
time="2026-02-04T17:38:29Z" level=info msg="Tool required for debug" tool="esp32:esp32p4-libs@3.3.6"
2026-02-04 17:38:29 2026-02-04T17:38:29.743Z daemon INFO time="2026-02-04T17:38:29Z" level=info msg="Tool required for debug" tool="esp32:esp32p4_es-libs@3.3.6"
time="2026-02-04T17:38:29Z" level=info msg="Tool required for debug" tool="esp32:esp32s2-libs@3.3.6"
time="2026-02-04T17:38:29Z" level=info msg="Tool required for debug" tool="esp32:esp32s3-libs@3.3.6"
time="2026-02-04T17:38:29Z" level=info msg="Tool required for debug" tool="esp32:esptool_py@5.1.0"
time="2026-02-04T17:38:29Z" level=info msg="Tool required for debug" tool="esp32:mklittlefs@4.0.2-db0513a"
time="2026-02-04T17:38:29Z" level=info msg="Tool required for debug" tool="esp32:mkspiffs@0.2.3"
2026-02-04 17:38:29 2026-02-04T17:38:29.743Z daemon INFO time="2026-02-04T17:38:29Z" level=info msg="Tool required for debug" tool="esp32:openocd-esp32@v0.12.0-esp32-20251215"
time="2026-02-04T17:38:29Z" level=info msg="Tool required for debug" tool="esp32:riscv32-esp-elf-gdb@16.3_20250913"
time="2026-02-04T17:38:29Z" level=info msg="Tool required for debug" tool="esp32:xtensa-esp-elf-gdb@16.3_20250913"
time="2026-02-04T17:38:29Z" level=info msg="Tool required for debug" tool="builtin:dfu-discovery@0.1.2"
time="2026-02-04T17:38:29Z" level=info msg="Tool required for debug" tool="builtin:ctags@5.8-arduino11"
2026-02-04 17:38:29 2026-02-04T17:38:29.743Z daemon INFO time="2026-02-04T17:38:29Z" level=info msg="Tool required for debug" tool="arduino:avrdude@8.0.0-arduino1"
time="2026-02-04T17:38:29Z" level=info msg="Tool required for debug" tool="builtin:serial-monitor@0.15.0"
time="2026-02-04T17:38:29Z" level=info msg="Tool required for debug" tool="builtin:serial-discovery@1.4.3"
time="2026-02-04T17:38:29Z" level=info msg="Tool required for debug" tool="arduino:arduinoOTA@1.3.0"
time="2026-02-04T17:38:29Z" level=info msg="Tool required for debug" tool="builtin:mdns-discovery@1.0.12"
2026-02-04 17:38:29 2026-02-04T17:38:29.743Z daemon INFO time="2026-02-04T17:38:29Z" level=info msg="Tool required for debug" tool="arduino:avr-gcc@7.3.0-atmel3.6.1-arduino7"
2026-02-04 17:38:29 2026-02-04T17:38:29.744Z daemon INFO time="2026-02-04T17:38:29Z" level=info msg="Tool required for debug" tool="arduino:dfu-util@0.11.0-arduino5"
time="2026-02-04T17:38:29Z" level=info msg="Tool required for debug" tool="esp32:esp-rv32@2511"
time="2026-02-04T17:38:29Z" level=info msg="Tool required for debug" tool="esp32:esp-x32@2511"
time="2026-02-04T17:38:29Z" level=info msg="Tool required for debug" tool="esp32:esp32-libs@3.3.6"
2026-02-04 17:38:29 2026-02-04T17:38:29.744Z daemon INFO time="2026-02-04T17:38:29Z" level=info msg="Tool required for debug" tool="esp32:esp32c3-libs@3.3.6"
time="2026-02-04T17:38:29Z" level=info msg="Tool required for debug" tool="esp32:esp32c5-libs@3.3.6"
time="2026-02-04T17:38:29Z" level=info msg="Tool required for debug" tool="esp32:esp32c6-libs@3.3.6"
time="2026-02-04T17:38:29Z" level=info msg="Tool required for debug" tool="esp32:esp32h2-libs@3.3.6"
time="2026-02-04T17:38:29Z" level=info msg="Tool required for debug" tool="esp32:esp32p4-libs@3.3.6"
time="2026-02-04T17:38:29Z" level=info msg="Tool required for debug" tool="esp32:esp32p4_es-libs@3.3.6"
time="2026-02-04T17:38:29Z" level=info msg="Tool required for debug" tool="esp32:esp32s2-libs@3.3.6"
time="2026-02-04T17:38:29Z" level=info msg="Tool required for debug" tool="esp32:esp32s3-libs@3.3.6"
2026-02-04 17:38:29 2026-02-04T17:38:29.744Z daemon INFO time="2026-02-04T17:38:29Z" level=info msg="Tool required for debug" tool="esp32:esptool_py@5.1.0"
time="2026-02-04T17:38:29Z" level=info msg="Tool required for debug" tool="esp32:mklittlefs@4.0.2-db0513a"
time="2026-02-04T17:38:29Z" level=info msg="Tool required for debug" tool="esp32:mkspiffs@0.2.3"
time="2026-02-04T17:38:29Z" level=info msg="Tool required for debug" tool="esp32:openocd-esp32@v0.12.0-esp32-20251215"
time="2026-02-04T17:38:29Z" level=info msg="Tool required for debug" tool="esp32:riscv32-esp-elf-gdb@16.3_20250913"
time="2026-02-04T17:38:29Z" level=info msg="Tool required for debug" tool="esp32:xtensa-esp-elf-gdb@16.3_20250913"
time="2026-02-04T17:38:29Z" level=info msg="Tool required for debug" tool="builtin:serial-monitor@0.15.0"
2026-02-04 17:38:29 2026-02-04T17:38:29.744Z daemon INFO time="2026-02-04T17:38:29Z" level=info msg="Tool required for debug" tool="arduino:arduinoOTA@1.3.0"
time="2026-02-04T17:38:29Z" level=info msg="Tool required for debug" tool="arduino:avrdude@8.0.0-arduino1"
time="2026-02-04T17:38:29Z" level=info msg="Tool required for debug" tool="arduino:avr-gcc@7.3.0-atmel3.6.1-arduino7"
time="2026-02-04T17:38:29Z" level=info msg="Tool required for debug" tool="builtin:mdns-discovery@1.0.12"
time="2026-02-04T17:38:29Z" level=info msg="Tool required for debug" tool="builtin:ctags@5.8-arduino11"
time="2026-02-04T17:38:29Z" level=info msg="Tool required for debug" tool="builtin:dfu-discovery@0.1.2"
2026-02-04 17:38:29 2026-02-04T17:38:29.744Z daemon INFO time="2026-02-04T17:38:29Z" level=info msg="Tool required for debug" tool="builtin:serial-discovery@1.4.3"
2026-02-04 17:38:29 2026-02-04T17:38:29.745Z daemon INFO time="2026-02-04T17:38:29Z" level=info msg="Tool required for debug" tool="arduino:dfu-util@0.11.0-arduino5"
time="2026-02-04T17:38:29Z" level=info msg="Tool required for debug" tool="esp32:esp-rv32@2511"
time="2026-02-04T17:38:29Z" level=info msg="Tool required for debug" tool="esp32:esp-x32@2511"
2026-02-04 17:38:29 2026-02-04T17:38:29.746Z daemon INFO time="2026-02-04T17:38:29Z" level=info msg="Tool required for debug" tool="esp32:esp32-libs@3.3.6"
time="2026-02-04T17:38:29Z" level=info msg="Tool required for debug" tool="esp32:esp32c3-libs@3.3.6"
time="2026-02-04T17:38:29Z" level=info msg="Tool required for debug" tool="esp32:esp32c5-libs@3.3.6"
time="2026-02-04T17:38:29Z" level=info msg="Tool required for debug" tool="esp32:esp32c6-libs@3.3.6"
time="2026-02-04T17:38:29Z" level=info msg="Tool required for debug" tool="esp32:esp32h2-libs@3.3.6"
time="2026-02-04T17:38:29Z" level=info msg="Tool required for debug" tool="esp32:esp32p4-libs@3.3.6"
time="2026-02-04T17:38:29Z" level=info msg="Tool required for debug" tool="esp32:esp32p4_es-libs@3.3.6"
2026-02-04 17:38:29 2026-02-04T17:38:29.746Z daemon INFO time="2026-02-04T17:38:29Z" level=info msg="Tool required for debug" tool="esp32:esp32s2-libs@3.3.6"
time="2026-02-04T17:38:29Z" level=info msg="Tool required for debug" tool="esp32:esp32s3-libs@3.3.6"
time="2026-02-04T17:38:29Z" level=info msg="Tool required for debug" tool="esp32:esptool_py@5.1.0"
time="2026-02-04T17:38:29Z" level=info msg="Tool required for debug" tool="esp32:mklittlefs@4.0.2-db0513a"
time="2026-02-04T17:38:29Z" level=info msg="Tool required for debug" tool="esp32:mkspiffs@0.2.3"
time="2026-02-04T17:38:29Z" level=info msg="Tool required for debug" tool="esp32:openocd-esp32@v0.12.0-esp32-20251215"
2026-02-04 17:38:29 2026-02-04T17:38:29.746Z daemon INFO time="2026-02-04T17:38:29Z" level=info msg="Tool required for debug" tool="esp32:riscv32-esp-elf-gdb@16.3_20250913"
time="2026-02-04T17:38:29Z" level=info msg="Tool required for debug" tool="esp32:xtensa-esp-elf-gdb@16.3_20250913"
time="2026-02-04T17:38:29Z" level=info msg="Tool required for debug" tool="builtin:ctags@5.8-arduino11"
time="2026-02-04T17:38:29Z" level=info msg="Tool required for debug" tool="builtin:serial-discovery@1.4.3"
2026-02-04 17:38:29 2026-02-04T17:38:29.746Z daemon INFO time="2026-02-04T17:38:29Z" level=info msg="Tool required for debug" tool="builtin:dfu-discovery@0.1.2"
time="2026-02-04T17:38:29Z" level=info msg="Tool required for debug" tool="builtin:mdns-discovery@1.0.12"
time="2026-02-04T17:38:29Z" level=info msg="Tool required for debug" tool="arduino:avr-gcc@7.3.0-atmel3.6.1-arduino7"
time="2026-02-04T17:38:29Z" level=info msg="Tool required for debug" tool="arduino:arduinoOTA@1.3.0"
time="2026-02-04T17:38:29Z" level=info msg="Tool required for debug" tool="builtin:serial-monitor@0.15.0"
2026-02-04 17:38:29 2026-02-04T17:38:29.746Z daemon INFO time="2026-02-04T17:38:29Z" level=info msg="Tool required for debug" tool="arduino:avrdude@8.0.0-arduino1"
2026-02-04 17:38:29 2026-02-04T17:38:29.747Z daemon INFO time="2026-02-04T17:38:29Z" level=info msg="Tool required for debug" tool="arduino:dfu-util@0.11.0-arduino5"
time="2026-02-04T17:38:29Z" level=info msg="Tool required for debug" tool="esp32:esp-rv32@2511"
time="2026-02-04T17:38:29Z" level=info msg="Tool required for debug" tool="esp32:esp-x32@2511"
2026-02-04 17:38:29 2026-02-04T17:38:29.747Z daemon INFO time="2026-02-04T17:38:29Z" level=info msg="Tool required for debug" tool="esp32:esp32-libs@3.3.6"
time="2026-02-04T17:38:29Z" level=info msg="Tool required for debug" tool="esp32:esp32c3-libs@3.3.6"
time="2026-02-04T17:38:29Z" level=info msg="Tool required for debug" tool="esp32:esp32c5-libs@3.3.6"
time="2026-02-04T17:38:29Z" level=info msg="Tool required for debug" tool="esp32:esp32c6-libs@3.3.6"
time="2026-02-04T17:38:29Z" level=info msg="Tool required for debug" tool="esp32:esp32h2-libs@3.3.6"
time="2026-02-04T17:38:29Z" level=info msg="Tool required for debug" tool="esp32:esp32p4-libs@3.3.6"
time="2026-02-04T17:38:29Z" level=info msg="Tool required for debug" tool="esp32:esp32p4_es-libs@3.3.6"
2026-02-04 17:38:29 2026-02-04T17:38:29.747Z daemon INFO time="2026-02-04T17:38:29Z" level=info msg="Tool required for debug" tool="esp32:esp32s2-libs@3.3.6"
time="2026-02-04T17:38:29Z" level=info msg="Tool required for debug" tool="esp32:esp32s3-libs@3.3.6"
time="2026-02-04T17:38:29Z" level=info msg="Tool required for debug" tool="esp32:esptool_py@5.1.0"
time="2026-02-04T17:38:29Z" level=info msg="Tool required for debug" tool="esp32:mklittlefs@4.0.2-db0513a"
time="2026-02-04T17:38:29Z" level=info msg="Tool required for debug" tool="esp32:mkspiffs@0.2.3"
time="2026-02-04T17:38:29Z" level=info msg="Tool required for debug" tool="esp32:openocd-esp32@v0.12.0-esp32-20251215"
2026-02-04 17:38:29 2026-02-04T17:38:29.747Z daemon INFO time="2026-02-04T17:38:29Z" level=info msg="Tool required for debug" tool="esp32:riscv32-esp-elf-gdb@16.3_20250913"
time="2026-02-04T17:38:29Z" level=info msg="Tool required for debug" tool="esp32:xtensa-esp-elf-gdb@16.3_20250913"
time="2026-02-04T17:38:29Z" level=info msg="Tool required for debug" tool="builtin:serial-monitor@0.15.0"
time="2026-02-04T17:38:29Z" level=info msg="Tool required for debug" tool="builtin:dfu-discovery@0.1.2"
2026-02-04 17:38:29 2026-02-04T17:38:29.747Z daemon INFO time="2026-02-04T17:38:29Z" level=info msg="Tool required for debug" tool="builtin:mdns-discovery@1.0.12"
time="2026-02-04T17:38:29Z" level=info msg="Tool required for debug" tool="builtin:serial-discovery@1.4.3"
time="2026-02-04T17:38:29Z" level=info msg="Tool required for debug" tool="arduino:arduinoOTA@1.3.0"
2026-02-04 17:38:29 2026-02-04T17:38:29.747Z daemon INFO time="2026-02-04T17:38:29Z" level=info msg="Tool required for debug" tool="arduino:avr-gcc@7.3.0-atmel3.6.1-arduino7"
time="2026-02-04T17:38:29Z" level=info msg="Tool required for debug" tool="builtin:ctags@5.8-arduino11"
time="2026-02-04T17:38:29Z" level=info msg="Tool required for debug" tool="arduino:avrdude@8.0.0-arduino1"
2026-02-04 17:38:29 2026-02-04T17:38:29.748Z daemon INFO time="2026-02-04T17:38:29Z" level=info msg="Tool required for debug" tool="arduino:dfu-util@0.11.0-arduino5"
time="2026-02-04T17:38:29Z" level=info msg="Tool required for debug" tool="esp32:esp-rv32@2511"
time="2026-02-04T17:38:29Z" level=info msg="Tool required for debug" tool="esp32:esp-x32@2511"
2026-02-04 17:38:29 2026-02-04T17:38:29.748Z daemon INFO time="2026-02-04T17:38:29Z" level=info msg="Tool required for debug" tool="esp32:esp32-libs@3.3.6"
time="2026-02-04T17:38:29Z" level=info msg="Tool required for debug" tool="esp32:esp32c3-libs@3.3.6"
time="2026-02-04T17:38:29Z" level=info msg="Tool required for debug" tool="esp32:esp32c5-libs@3.3.6"
time="2026-02-04T17:38:29Z" level=info msg="Tool required for debug" tool="esp32:esp32c6-libs@3.3.6"
time="2026-02-04T17:38:29Z" level=info msg="Tool required for debug" tool="esp32:esp32h2-libs@3.3.6"
time="2026-02-04T17:38:29Z" level=info msg="Tool required for debug" tool="esp32:esp32p4-libs@3.3.6"
time="2026-02-04T17:38:29Z" level=info msg="Tool required for debug" tool="esp32:esp32p4_es-libs@3.3.6"
2026-02-04 17:38:29 2026-02-04T17:38:29.748Z daemon INFO time="2026-02-04T17:38:29Z" level=info msg="Tool required for debug" tool="esp32:esp32s2-libs@3.3.6"
time="2026-02-04T17:38:29Z" level=info msg="Tool required for debug" tool="esp32:esp32s3-libs@3.3.6"
time="2026-02-04T17:38:29Z" level=info msg="Tool required for debug" tool="esp32:esptool_py@5.1.0"
time="2026-02-04T17:38:29Z" level=info msg="Tool required for debug" tool="esp32:mklittlefs@4.0.2-db0513a"
time="2026-02-04T17:38:29Z" level=info msg="Tool required for debug" tool="esp32:mkspiffs@0.2.3"
time="2026-02-04T17:38:29Z" level=info msg="Tool required for debug" tool="esp32:openocd-esp32@v0.12.0-esp32-20251215"
2026-02-04 17:38:29 2026-02-04T17:38:29.748Z daemon INFO time="2026-02-04T17:38:29Z" level=info msg="Tool required for debug" tool="esp32:riscv32-esp-elf-gdb@16.3_20250913"
time="2026-02-04T17:38:29Z" level=info msg="Tool required for debug" tool="esp32:xtensa-esp-elf-gdb@16.3_20250913"
time="2026-02-04T17:38:29Z" level=info msg="Tool required for debug" tool="builtin:mdns-discovery@1.0.12"
time="2026-02-04T17:38:29Z" level=info msg="Tool required for debug" tool="builtin:ctags@5.8-arduino11"
time="2026-02-04T17:38:29Z" level=info msg="Tool required for debug" tool="builtin:serial-discovery@1.4.3"
2026-02-04 17:38:29 2026-02-04T17:38:29.748Z daemon INFO time="2026-02-04T17:38:29Z" level=info msg="Tool required for debug" tool="builtin:dfu-discovery@0.1.2"
time="2026-02-04T17:38:29Z" level=info msg="Tool required for debug" tool="arduino:avrdude@8.0.0-arduino1"
time="2026-02-04T17:38:29Z" level=info msg="Tool required for debug" tool="builtin:serial-monitor@0.15.0"
2026-02-04 17:38:29 2026-02-04T17:38:29.748Z daemon INFO time="2026-02-04T17:38:29Z" level=info msg="Tool required for debug" tool="arduino:avr-gcc@7.3.0-atmel3.6.1-arduino7"
time="2026-02-04T17:38:29Z" level=info msg="Tool required for debug" tool="arduino:arduinoOTA@1.3.0"
2026-02-04 17:38:29 2026-02-04T17:38:29.749Z daemon INFO time="2026-02-04T17:38:29Z" level=info msg="Tool required for debug" tool="arduino:dfu-util@0.11.0-arduino5"
time="2026-02-04T17:38:29Z" level=info msg="Tool required for debug" tool="esp32:esp-rv32@2511"
2026-02-04 17:38:29 2026-02-04T17:38:29.749Z daemon INFO time="2026-02-04T17:38:29Z" level=info msg="Tool required for debug" tool="esp32:esp-x32@2511"
time="2026-02-04T17:38:29Z" level=info msg="Tool required for debug" tool="esp32:esp32-libs@3.3.6"
time="2026-02-04T17:38:29Z" level=info msg="Tool required for debug" tool="esp32:esp32c3-libs@3.3.6"
time="2026-02-04T17:38:29Z" level=info msg="Tool required for debug" tool="esp32:esp32c5-libs@3.3.6"
time="2026-02-04T17:38:29Z" level=info msg="Tool required for debug" tool="esp32:esp32c6-libs@3.3.6"
time="2026-02-04T17:38:29Z" level=info msg="Tool required for debug" tool="esp32:esp32h2-libs@3.3.6"
2026-02-04 17:38:29 2026-02-04T17:38:29.749Z daemon INFO time="2026-02-04T17:38:29Z" level=info msg="Tool required for debug" tool="esp32:esp32p4-libs@3.3.6"
time="2026-02-04T17:38:29Z" level=info msg="Tool required for debug" tool="esp32:esp32p4_es-libs@3.3.6"
time="2026-02-04T17:38:29Z" level=info msg="Tool required for debug" tool="esp32:esp32s2-libs@3.3.6"
time="2026-02-04T17:38:29Z" level=info msg="Tool required for debug" tool="esp32:esp32s3-libs@3.3.6"
time="2026-02-04T17:38:29Z" level=info msg="Tool required for debug" tool="esp32:esptool_py@5.1.0"
time="2026-02-04T17:38:29Z" level=info msg="Tool required for debug" tool="esp32:mklittlefs@4.0.2-db0513a"
2026-02-04 17:38:29 2026-02-04T17:38:29.749Z daemon INFO time="2026-02-04T17:38:29Z" level=info msg="Tool required for debug" tool="esp32:mkspiffs@0.2.3"
time="2026-02-04T17:38:29Z" level=info msg="Tool required for debug" tool="esp32:openocd-esp32@v0.12.0-esp32-20251215"
time="2026-02-04T17:38:29Z" level=info msg="Tool required for debug" tool="esp32:riscv32-esp-elf-gdb@16.3_20250913"
time="2026-02-04T17:38:29Z" level=info msg="Tool required for debug" tool="esp32:xtensa-esp-elf-gdb@16.3_20250913"
time="2026-02-04T17:38:29Z" level=info msg="Tool required for debug" tool="builtin:ctags@5.8-arduino11"
2026-02-04 17:38:29 2026-02-04T17:38:29.749Z daemon INFO time="2026-02-04T17:38:29Z" level=info msg="Tool required for debug" tool="arduino:arduinoOTA@1.3.0"
time="2026-02-04T17:38:29Z" level=info msg="Tool required for debug" tool="builtin:serial-monitor@0.15.0"
time="2026-02-04T17:38:29Z" level=info msg="Tool required for debug" tool="builtin:dfu-discovery@0.1.2"
time="2026-02-04T17:38:29Z" level=info msg="Tool required for debug" tool="builtin:serial-discovery@1.4.3"
2026-02-04 17:38:29 2026-02-04T17:38:29.749Z daemon INFO time="2026-02-04T17:38:29Z" level=info msg="Tool required for debug" tool="arduino:avr-gcc@7.3.0-atmel3.6.1-arduino7"
time="2026-02-04T17:38:29Z" level=info msg="Tool required for debug" tool="builtin:mdns-discovery@1.0.12"
time="2026-02-04T17:38:29Z" level=info msg="Tool required for debug" tool="arduino:avrdude@8.0.0-arduino1"
2026-02-04 17:38:29 2026-02-04T17:38:29.750Z daemon INFO time="2026-02-04T17:38:29Z" level=info msg="Tool required for debug" tool="arduino:dfu-util@0.11.0-arduino5"
time="2026-02-04T17:38:29Z" level=info msg="Tool required for debug" tool="esp32:esp-rv32@2511"
time="2026-02-04T17:38:29Z" level=info msg="Tool required for debug" tool="esp32:esp-x32@2511"
2026-02-04 17:38:29 2026-02-04T17:38:29.751Z daemon INFO time="2026-02-04T17:38:29Z" level=info msg="Tool required for debug" tool="esp32:esp32-libs@3.3.6"
time="2026-02-04T17:38:29Z" level=info msg="Tool required for debug" tool="esp32:esp32c3-libs@3.3.6"
time="2026-02-04T17:38:29Z" level=info msg="Tool required for debug" tool="esp32:esp32c5-libs@3.3.6"
time="2026-02-04T17:38:29Z" level=info msg="Tool required for debug" tool="esp32:esp32c6-libs@3.3.6"
time="2026-02-04T17:38:29Z" level=info msg="Tool required for debug" tool="esp32:esp32h2-libs@3.3.6"
time="2026-02-04T17:38:29Z" level=info msg="Tool required for debug" tool="esp32:esp32p4-libs@3.3.6"
2026-02-04 17:38:29 2026-02-04T17:38:29.751Z daemon INFO time="2026-02-04T17:38:29Z" level=info msg="Tool required for debug" tool="esp32:esp32p4_es-libs@3.3.6"
time="2026-02-04T17:38:29Z" level=info msg="Tool required for debug" tool="esp32:esp32s2-libs@3.3.6"
time="2026-02-04T17:38:29Z" level=info msg="Tool required for debug" tool="esp32:esp32s3-libs@3.3.6"
time="2026-02-04T17:38:29Z" level=info msg="Tool required for debug" tool="esp32:esptool_py@5.1.0"
time="2026-02-04T17:38:29Z" level=info msg="Tool required for debug" tool="esp32:mklittlefs@4.0.2-db0513a"
time="2026-02-04T17:38:29Z" level=info msg="Tool required for debug" tool="esp32:mkspiffs@0.2.3"
2026-02-04 17:38:29 2026-02-04T17:38:29.751Z daemon INFO time="2026-02-04T17:38:29Z" level=info msg="Tool required for debug" tool="esp32:openocd-esp32@v0.12.0-esp32-20251215"
time="2026-02-04T17:38:29Z" level=info msg="Tool required for debug" tool="esp32:riscv32-esp-elf-gdb@16.3_20250913"
time="2026-02-04T17:38:29Z" level=info msg="Tool required for debug" tool="esp32:xtensa-esp-elf-gdb@16.3_20250913"
time="2026-02-04T17:38:29Z" level=info msg="Tool required for debug" tool="builtin:serial-discovery@1.4.3"
time="2026-02-04T17:38:29Z" level=info msg="Tool required for debug" tool="builtin:serial-monitor@0.15.0"
2026-02-04 17:38:29 2026-02-04T17:38:29.751Z daemon INFO time="2026-02-04T17:38:29Z" level=info msg="Tool required for debug" tool="builtin:ctags@5.8-arduino11"
time="2026-02-04T17:38:29Z" level=info msg="Tool required for debug" tool="arduino:avr-gcc@7.3.0-atmel3.6.1-arduino7"
time="2026-02-04T17:38:29Z" level=info msg="Tool required for debug" tool="builtin:dfu-discovery@0.1.2"
2026-02-04 17:38:29 2026-02-04T17:38:29.751Z daemon INFO time="2026-02-04T17:38:29Z" level=info msg="Tool required for debug" tool="arduino:avrdude@8.0.0-arduino1"
time="2026-02-04T17:38:29Z" level=info msg="Tool required for debug" tool="builtin:mdns-discovery@1.0.12"
time="2026-02-04T17:38:29Z" level=info msg="Tool required for debug" tool="arduino:arduinoOTA@1.3.0"
2026-02-04 17:38:29 2026-02-04T17:38:29.752Z daemon INFO time="2026-02-04T17:38:29Z" level=info msg="Tool required for debug" tool="arduino:dfu-util@0.11.0-arduino5"
time="2026-02-04T17:38:29Z" level=info msg="Tool required for debug" tool="esp32:esp-rv32@2511"
time="2026-02-04T17:38:29Z" level=info msg="Tool required for debug" tool="esp32:esp-x32@2511"
2026-02-04 17:38:29 2026-02-04T17:38:29.752Z daemon INFO time="2026-02-04T17:38:29Z" level=info msg="Tool required for debug" tool="esp32:esp32-libs@3.3.6"
time="2026-02-04T17:38:29Z" level=info msg="Tool required for debug" tool="esp32:esp32c3-libs@3.3.6"
time="2026-02-04T17:38:29Z" level=info msg="Tool required for debug" tool="esp32:esp32c5-libs@3.3.6"
time="2026-02-04T17:38:29Z" level=info msg="Tool required for debug" tool="esp32:esp32c6-libs@3.3.6"
time="2026-02-04T17:38:29Z" level=info msg="Tool required for debug" tool="esp32:esp32h2-libs@3.3.6"
time="2026-02-04T17:38:29Z" level=info msg="Tool required for debug" tool="esp32:esp32p4-libs@3.3.6"
time="2026-02-04T17:38:29Z" level=info msg="Tool required for debug" tool="esp32:esp32p4_es-libs@3.3.6"
time="2026-02-04T17:38:29Z" level=info msg="Tool required for debug" tool="esp32:esp32s2-libs@3.3.6"
time="2026-02-04T17:38:29Z" level=info msg="Tool required for debug" tool="esp32:esp32s3-libs@3.3.6"
2026-02-04 17:38:29 2026-02-04T17:38:29.752Z daemon INFO time="2026-02-04T17:38:29Z" level=info msg="Tool required for debug" tool="esp32:esptool_py@5.1.0"
time="2026-02-04T17:38:29Z" level=info msg="Tool required for debug" tool="esp32:mklittlefs@4.0.2-db0513a"
time="2026-02-04T17:38:29Z" level=info msg="Tool required for debug" tool="esp32:mkspiffs@0.2.3"
time="2026-02-04T17:38:29Z" level=info msg="Tool required for debug" tool="esp32:openocd-esp32@v0.12.0-esp32-20251215"
time="2026-02-04T17:38:29Z" level=info msg="Tool required for debug" tool="esp32:riscv32-esp-elf-gdb@16.3_20250913"
time="2026-02-04T17:38:29Z" level=info msg="Tool required for debug" tool="esp32:xtensa-esp-elf-gdb@16.3_20250913"
time="2026-02-04T17:38:29Z" level=info msg="Tool required for debug" tool="builtin:serial-discovery@1.4.3"
time="2026-02-04T17:38:29Z" level=info msg="Tool required for debug" tool="arduino:avr-gcc@7.3.0-atmel3.6.1-arduino7"
2026-02-04 17:38:29 2026-02-04T17:38:29.752Z daemon INFO time="2026-02-04T17:38:29Z" level=info msg="Tool required for debug" tool="builtin:mdns-discovery@1.0.12"
time="2026-02-04T17:38:29Z" level=info msg="Tool required for debug" tool="builtin:ctags@5.8-arduino11"
time="2026-02-04T17:38:29Z" level=info msg="Tool required for debug" tool="arduino:avrdude@8.0.0-arduino1"
time="2026-02-04T17:38:29Z" level=info msg="Tool required for debug" tool="builtin:dfu-discovery@0.1.2"
2026-02-04 17:38:29 2026-02-04T17:38:29.752Z daemon INFO time="2026-02-04T17:38:29Z" level=info msg="Tool required for debug" tool="builtin:serial-monitor@0.15.0"
time="2026-02-04T17:38:29Z" level=info msg="Tool required for debug" tool="arduino:arduinoOTA@1.3.0"
2026-02-04 17:38:30 2026-02-04T17:38:30.712Z daemon INFO time="2026-02-04T17:38:30Z" level=info msg="Adding libraries dir" dir=/home/shrek/.arduino15/libraries isSingleLibrary=false location=ide
2026-02-04 17:38:30 2026-02-04T17:38:30.712Z daemon INFO time="2026-02-04T17:38:30Z" level=info msg="Adding libraries dir" dir=/home/shrek/.arduino15/packages/esp32/hardware/esp32/3.3.6/libraries isSingleLibrary=false location=platform
time="2026-02-04T17:38:30Z" level=info msg="Adding libraries dir" dir=/home/shrek/Arduino/libraries isSingleLibrary=false location=user
2026-02-04 17:38:36 2026-02-04T17:38:36.469Z root INFO Received port after upload [arduino+serial:///dev/ttyUSB0, esp32:esp32:esp32h2:UploadSpeed=921600,CDCOnBoot=default,FlashFreq=64,FlashMode=qio,FlashSize=4M,PartitionScheme=default,DebugLevel=none,EraseFlash=none,JTAGAdapter=default,ZigbeeMode=default, led.ino]. Before port: {"protocol":"serial","address":"/dev/ttyUSB0"}, after port: {"address":"/dev/ttyUSB0","addressLabel":"/dev/ttyUSB0","protocol":"serial","protocolLabel":"Serial Port (USB)","properties":{"pid":"0xea60","serialNumber":"e2dc2d4b6971f011b9be029f1045c30f","vid":"0x10c4"},"hardwareId":"e2dc2d4b6971f011b9be029f1045c30f"}
2026-02-04 17:38:54 2026-02-04T17:38:54.283Z daemon INFO time="2026-02-04T17:38:54Z" level=info msg="Adding libraries dir" dir=/home/shrek/.arduino15/libraries isSingleLibrary=false location=ide
2026-02-04 17:38:54 2026-02-04T17:38:54.283Z daemon INFO time="2026-02-04T17:38:54Z" level=info msg="Adding libraries dir" dir=/home/shrek/.arduino15/packages/esp32/hardware/esp32/3.3.6/libraries isSingleLibrary=false location=platform
time="2026-02-04T17:38:54Z" level=info msg="Adding libraries dir" dir=/home/shrek/Arduino/libraries isSingleLibrary=false location=user
2026-02-04 17:38:56 2026-02-04T17:38:56.382Z daemon INFO time="2026-02-04T17:38:56Z" level=info msg="Adding libraries dir" dir=/home/shrek/.arduino15/libraries isSingleLibrary=false location=ide
time="2026-02-04T17:38:56Z" level=info msg="Adding libraries dir" dir=/home/shrek/.arduino15/packages/esp32/hardware/esp32/3.3.6/libraries isSingleLibrary=false location=platform
time="2026-02-04T17:38:56Z" level=info msg="Adding libraries dir" dir=/home/shrek/Arduino/libraries isSingleLibrary=false location=user
2026-02-04 17:39:03 2026-02-04T17:39:03.360Z daemon INFO time="2026-02-04T17:39:03Z" level=info msg="Adding libraries dir" dir=/home/shrek/.arduino15/libraries isSingleLibrary=false location=ide
time="2026-02-04T17:39:03Z" level=info msg="Adding libraries dir" dir=/home/shrek/.arduino15/packages/esp32/hardware/esp32/3.3.6/libraries isSingleLibrary=false location=platform
time="2026-02-04T17:39:03Z" level=info msg="Adding libraries dir" dir=/home/shrek/Arduino/libraries isSingleLibrary=false location=user
2026-02-04 17:39:03 2026-02-04T17:39:03.839Z daemon INFO time="2026-02-04T17:39:03Z" level=info msg="Adding libraries dir" dir=/home/shrek/.arduino15/libraries isSingleLibrary=false location=ide
time="2026-02-04T17:39:03Z" level=info msg="Adding libraries dir" dir=/home/shrek/.arduino15/packages/esp32/hardware/esp32/3.3.6/libraries isSingleLibrary=false location=platform
2026-02-04 17:39:03 2026-02-04T17:39:03.839Z daemon INFO time="2026-02-04T17:39:03Z" level=info msg="Adding libraries dir" dir=/home/shrek/Arduino/libraries isSingleLibrary=false location=user
2026-02-04 17:39:04 2026-02-04T17:39:04.443Z daemon INFO time="2026-02-04T17:39:04Z" level=info msg="Resolving include FastLED.h for arch esp32"
time="2026-02-04T17:39:04Z" level=info msg="  found better lib" lib=FastLED prio=6A7
2026-02-04 17:39:05 2026-02-04T17:39:05.187Z daemon INFO time="2026-02-04T17:39:05Z" level=info msg="Adding libraries dir" dir=/home/shrek/.arduino15/libraries isSingleLibrary=false location=ide
2026-02-04 17:39:05 2026-02-04T17:39:05.187Z daemon INFO time="2026-02-04T17:39:05Z" level=info msg="Adding libraries dir" dir=/home/shrek/.arduino15/packages/esp32/hardware/esp32/3.3.6/libraries isSingleLibrary=false location=platform
time="2026-02-04T17:39:05Z" level=info msg="Adding libraries dir" dir=/home/shrek/Arduino/libraries isSingleLibrary=false location=user
2026-02-04 17:39:07 2026-02-04T17:39:07.120Z root INFO Executing 'arduino.languageserver.notifyBuildDidComplete' with "file:///home/shrek/.cache/arduino/sketches/685F1B846501B9FC48DBBE71848122CF"
2026-02-04 17:39:07 2026-02-04T17:39:07.153Z daemon INFO time="2026-02-04T17:39:07Z" level=info msg="Tool required for debug" tool="arduino:dfu-util@0.11.0-arduino5"
time="2026-02-04T17:39:07Z" level=info msg="Tool required for debug" tool="esp32:esp-rv32@2511"
2026-02-04 17:39:07 2026-02-04T17:39:07.153Z daemon INFO time="2026-02-04T17:39:07Z" level=info msg="Tool required for debug" tool="esp32:esp-x32@2511"
time="2026-02-04T17:39:07Z" level=info msg="Tool required for debug" tool="esp32:esp32-libs@3.3.6"
time="2026-02-04T17:39:07Z" level=info msg="Tool required for debug" tool="esp32:esp32c3-libs@3.3.6"
time="2026-02-04T17:39:07Z" level=info msg="Tool required for debug" tool="esp32:esp32c5-libs@3.3.6"
time="2026-02-04T17:39:07Z" level=info msg="Tool required for debug" tool="esp32:esp32c6-libs@3.3.6"
time="2026-02-04T17:39:07Z" level=info msg="Tool required for debug" tool="esp32:esp32h2-libs@3.3.6"
time="2026-02-04T17:39:07Z" level=info msg="Tool required for debug" tool="esp32:esp32p4-libs@3.3.6"
time="2026-02-04T17:39:07Z" level=info msg="Tool required for debug" tool="esp32:esp32p4_es-libs@3.3.6"
2026-02-04 17:39:07 2026-02-04T17:39:07.153Z daemon INFO time="2026-02-04T17:39:07Z" level=info msg="Tool required for debug" tool="esp32:esp32s2-libs@3.3.6"
time="2026-02-04T17:39:07Z" level=info msg="Tool required for debug" tool="esp32:esp32s3-libs@3.3.6"
time="2026-02-04T17:39:07Z" level=info msg="Tool required for debug" tool="esp32:esptool_py@5.1.0"
2026-02-04 17:39:07 2026-02-04T17:39:07.153Z daemon INFO time="2026-02-04T17:39:07Z" level=info msg="Tool required for debug" tool="esp32:mklittlefs@4.0.2-db0513a"
time="2026-02-04T17:39:07Z" level=info msg="Tool required for debug" tool="esp32:mkspiffs@0.2.3"
2026-02-04 17:39:07 2026-02-04T17:39:07.153Z daemon INFO time="2026-02-04T17:39:07Z" level=info msg="Tool required for debug" tool="esp32:openocd-esp32@v0.12.0-esp32-20251215"
time="2026-02-04T17:39:07Z" level=info msg="Tool required for debug" tool="esp32:riscv32-esp-elf-gdb@16.3_20250913"
time="2026-02-04T17:39:07Z" level=info msg="Tool required for debug" tool="esp32:xtensa-esp-elf-gdb@16.3_20250913"
2026-02-04 17:39:07 2026-02-04T17:39:07.153Z daemon INFO time="2026-02-04T17:39:07Z" level=info msg="Tool required for debug" tool="builtin:ctags@5.8-arduino11"
time="2026-02-04T17:39:07Z" level=info msg="Tool required for debug" tool="arduino:avr-gcc@7.3.0-atmel3.6.1-arduino7"
2026-02-04 17:39:07 2026-02-04T17:39:07.153Z daemon INFO time="2026-02-04T17:39:07Z" level=info msg="Tool required for debug" tool="arduino:arduinoOTA@1.3.0"
time="2026-02-04T17:39:07Z" level=info msg="Tool required for debug" tool="builtin:dfu-discovery@0.1.2"
2026-02-04 17:39:07 2026-02-04T17:39:07.153Z daemon INFO time="2026-02-04T17:39:07Z" level=info msg="Tool required for debug" tool="builtin:mdns-discovery@1.0.12"
2026-02-04 17:39:07 2026-02-04T17:39:07.153Z daemon INFO time="2026-02-04T17:39:07Z" level=info msg="Tool required for debug" tool="builtin:serial-discovery@1.4.3"
time="2026-02-04T17:39:07Z" level=info msg="Tool required for debug" tool="builtin:serial-monitor@0.15.0"
2026-02-04 17:39:07 2026-02-04T17:39:07.153Z daemon INFO time="2026-02-04T17:39:07Z" level=info msg="Tool required for debug" tool="arduino:avrdude@8.0.0-arduino1"
2026-02-04 17:39:07 2026-02-04T17:39:07.155Z daemon INFO time="2026-02-04T17:39:07Z" level=info msg="Tool required for debug" tool="arduino:dfu-util@0.11.0-arduino5"
time="2026-02-04T17:39:07Z" level=info msg="Tool required for debug" tool="esp32:esp-rv32@2511"
2026-02-04 17:39:07 2026-02-04T17:39:07.155Z daemon INFO time="2026-02-04T17:39:07Z" level=info msg="Tool required for debug" tool="esp32:esp-x32@2511"
time="2026-02-04T17:39:07Z" level=info msg="Tool required for debug" tool="esp32:esp32-libs@3.3.6"
time="2026-02-04T17:39:07Z" level=info msg="Tool required for debug" tool="esp32:esp32c3-libs@3.3.6"
2026-02-04 17:39:07 2026-02-04T17:39:07.155Z daemon INFO time="2026-02-04T17:39:07Z" level=info msg="Tool required for debug" tool="esp32:esp32c5-libs@3.3.6"
time="2026-02-04T17:39:07Z" level=info msg="Tool required for debug" tool="esp32:esp32c6-libs@3.3.6"
2026-02-04 17:39:07 2026-02-04T17:39:07.155Z daemon INFO time="2026-02-04T17:39:07Z" level=info msg="Tool required for debug" tool="esp32:esp32h2-libs@3.3.6"
time="2026-02-04T17:39:07Z" level=info msg="Tool required for debug" tool="esp32:esp32p4-libs@3.3.6"
2026-02-04 17:39:07 2026-02-04T17:39:07.155Z daemon INFO time="2026-02-04T17:39:07Z" level=info msg="Tool required for debug" tool="esp32:esp32p4_es-libs@3.3.6"
time="2026-02-04T17:39:07Z" level=info msg="Tool required for debug" tool="esp32:esp32s2-libs@3.3.6"
2026-02-04 17:39:07 2026-02-04T17:39:07.155Z daemon INFO time="2026-02-04T17:39:07Z" level=info msg="Tool required for debug" tool="esp32:esp32s3-libs@3.3.6"
time="2026-02-04T17:39:07Z" level=info msg="Tool required for debug" tool="esp32:esptool_py@5.1.0"
2026-02-04 17:39:07 2026-02-04T17:39:07.155Z daemon INFO time="2026-02-04T17:39:07Z" level=info msg="Tool required for debug" tool="esp32:mklittlefs@4.0.2-db0513a"
time="2026-02-04T17:39:07Z" level=info msg="Tool required for debug" tool="esp32:mkspiffs@0.2.3"
2026-02-04 17:39:07 2026-02-04T17:39:07.155Z daemon INFO time="2026-02-04T17:39:07Z" level=info msg="Tool required for debug" tool="esp32:openocd-esp32@v0.12.0-esp32-20251215"
time="2026-02-04T17:39:07Z" level=info msg="Tool required for debug" tool="esp32:riscv32-esp-elf-gdb@16.3_20250913"
2026-02-04 17:39:07 2026-02-04T17:39:07.155Z daemon INFO time="2026-02-04T17:39:07Z" level=info msg="Tool required for debug" tool="esp32:xtensa-esp-elf-gdb@16.3_20250913"
time="2026-02-04T17:39:07Z" level=info msg="Tool required for debug" tool="arduino:avrdude@8.0.0-arduino1"
time="2026-02-04T17:39:07Z" level=info msg="Tool required for debug" tool="arduino:avr-gcc@7.3.0-atmel3.6.1-arduino7"
2026-02-04 17:39:07 2026-02-04T17:39:07.155Z daemon INFO time="2026-02-04T17:39:07Z" level=info msg="Tool required for debug" tool="builtin:serial-monitor@0.15.0"
2026-02-04 17:39:07 2026-02-04T17:39:07.155Z daemon INFO time="2026-02-04T17:39:07Z" level=info msg="Tool required for debug" tool="builtin:ctags@5.8-arduino11"
2026-02-04 17:39:07 2026-02-04T17:39:07.155Z daemon INFO time="2026-02-04T17:39:07Z" level=info msg="Tool required for debug" tool="arduino:arduinoOTA@1.3.0"
time="2026-02-04T17:39:07Z" level=info msg="Tool required for debug" tool="builtin:dfu-discovery@0.1.2"
2026-02-04 17:39:07 2026-02-04T17:39:07.155Z daemon INFO time="2026-02-04T17:39:07Z" level=info msg="Tool required for debug" tool="builtin:mdns-discovery@1.0.12"
2026-02-04 17:39:07 2026-02-04T17:39:07.155Z daemon INFO time="2026-02-04T17:39:07Z" level=info msg="Tool required for debug" tool="builtin:serial-discovery@1.4.3"
2026-02-04 17:39:07 2026-02-04T17:39:07.156Z daemon INFO time="2026-02-04T17:39:07Z" level=info msg="Tool required for debug" tool="arduino:dfu-util@0.11.0-arduino5"
time="2026-02-04T17:39:07Z" level=info msg="Tool required for debug" tool="esp32:esp-rv32@2511"
2026-02-04 17:39:07 2026-02-04T17:39:07.156Z daemon INFO time="2026-02-04T17:39:07Z" level=info msg="Tool required for debug" tool="esp32:esp-x32@2511"
time="2026-02-04T17:39:07Z" level=info msg="Tool required for debug" tool="esp32:esp32-libs@3.3.6"
time="2026-02-04T17:39:07Z" level=info msg="Tool required for debug" tool="esp32:esp32c3-libs@3.3.6"
time="2026-02-04T17:39:07Z" level=info msg="Tool required for debug" tool="esp32:esp32c5-libs@3.3.6"
2026-02-04 17:39:07 2026-02-04T17:39:07.156Z daemon INFO time="2026-02-04T17:39:07Z" level=info msg="Tool required for debug" tool="esp32:esp32c6-libs@3.3.6"
time="2026-02-04T17:39:07Z" level=info msg="Tool required for debug" tool="esp32:esp32h2-libs@3.3.6"
time="2026-02-04T17:39:07Z" level=info msg="Tool required for debug" tool="esp32:esp32p4-libs@3.3.6"
time="2026-02-04T17:39:07Z" level=info msg="Tool required for debug" tool="esp32:esp32p4_es-libs@3.3.6"
2026-02-04 17:39:07 2026-02-04T17:39:07.156Z daemon INFO time="2026-02-04T17:39:07Z" level=info msg="Tool required for debug" tool="esp32:esp32s2-libs@3.3.6"
time="2026-02-04T17:39:07Z" level=info msg="Tool required for debug" tool="esp32:esp32s3-libs@3.3.6"
time="2026-02-04T17:39:07Z" level=info msg="Tool required for debug" tool="esp32:esptool_py@5.1.0"
time="2026-02-04T17:39:07Z" level=info msg="Tool required for debug" tool="esp32:mklittlefs@4.0.2-db0513a"
2026-02-04 17:39:07 2026-02-04T17:39:07.156Z daemon INFO time="2026-02-04T17:39:07Z" level=info msg="Tool required for debug" tool="esp32:mkspiffs@0.2.3"
time="2026-02-04T17:39:07Z" level=info msg="Tool required for debug" tool="esp32:openocd-esp32@v0.12.0-esp32-20251215"
2026-02-04 17:39:07 2026-02-04T17:39:07.156Z daemon INFO time="2026-02-04T17:39:07Z" level=info msg="Tool required for debug" tool="esp32:riscv32-esp-elf-gdb@16.3_20250913"
time="2026-02-04T17:39:07Z" level=info msg="Tool required for debug" tool="esp32:xtensa-esp-elf-gdb@16.3_20250913"
2026-02-04 17:39:07 2026-02-04T17:39:07.156Z daemon INFO time="2026-02-04T17:39:07Z" level=info msg="Tool required for debug" tool="builtin:serial-monitor@0.15.0"
time="2026-02-04T17:39:07Z" level=info msg="Tool required for debug" tool="arduino:avr-gcc@7.3.0-atmel3.6.1-arduino7"
2026-02-04 17:39:07 2026-02-04T17:39:07.156Z daemon INFO time="2026-02-04T17:39:07Z" level=info msg="Tool required for debug" tool="builtin:ctags@5.8-arduino11"
2026-02-04 17:39:07 2026-02-04T17:39:07.156Z daemon INFO time="2026-02-04T17:39:07Z" level=info msg="Tool required for debug" tool="builtin:dfu-discovery@0.1.2"
time="2026-02-04T17:39:07Z" level=info msg="Tool required for debug" tool="arduino:arduinoOTA@1.3.0"
2026-02-04 17:39:07 2026-02-04T17:39:07.156Z daemon INFO time="2026-02-04T17:39:07Z" level=info msg="Tool required for debug" tool="arduino:avrdude@8.0.0-arduino1"
time="2026-02-04T17:39:07Z" level=info msg="Tool required for debug" tool="builtin:mdns-discovery@1.0.12"
time="2026-02-04T17:39:07Z" level=info msg="Tool required for debug" tool="builtin:serial-discovery@1.4.3"
2026-02-04 17:39:07 2026-02-04T17:39:07.157Z daemon INFO time="2026-02-04T17:39:07Z" level=info msg="Tool required for debug" tool="arduino:dfu-util@0.11.0-arduino5"
time="2026-02-04T17:39:07Z" level=info msg="Tool required for debug" tool="esp32:esp-rv32@2511"
2026-02-04 17:39:07 2026-02-04T17:39:07.157Z daemon INFO time="2026-02-04T17:39:07Z" level=info msg="Tool required for debug" tool="esp32:esp-x32@2511"
time="2026-02-04T17:39:07Z" level=info msg="Tool required for debug" tool="esp32:esp32-libs@3.3.6"
time="2026-02-04T17:39:07Z" level=info msg="Tool required for debug" tool="esp32:esp32c3-libs@3.3.6"
time="2026-02-04T17:39:07Z" level=info msg="Tool required for debug" tool="esp32:esp32c5-libs@3.3.6"
2026-02-04 17:39:07 2026-02-04T17:39:07.157Z daemon INFO time="2026-02-04T17:39:07Z" level=info msg="Tool required for debug" tool="esp32:esp32c6-libs@3.3.6"
time="2026-02-04T17:39:07Z" level=info msg="Tool required for debug" tool="esp32:esp32h2-libs@3.3.6"
2026-02-04 17:39:07 2026-02-04T17:39:07.157Z daemon INFO time="2026-02-04T17:39:07Z" level=info msg="Tool required for debug" tool="esp32:esp32p4-libs@3.3.6"
time="2026-02-04T17:39:07Z" level=info msg="Tool required for debug" tool="esp32:esp32p4_es-libs@3.3.6"
time="2026-02-04T17:39:07Z" level=info msg="Tool required for debug" tool="esp32:esp32s2-libs@3.3.6"
2026-02-04 17:39:07 2026-02-04T17:39:07.157Z daemon INFO time="2026-02-04T17:39:07Z" level=info msg="Tool required for debug" tool="esp32:esp32s3-libs@3.3.6"
time="2026-02-04T17:39:07Z" level=info msg="Tool required for debug" tool="esp32:esptool_py@5.1.0"
2026-02-04 17:39:07 2026-02-04T17:39:07.157Z daemon INFO time="2026-02-04T17:39:07Z" level=info msg="Tool required for debug" tool="esp32:mklittlefs@4.0.2-db0513a"
time="2026-02-04T17:39:07Z" level=info msg="Tool required for debug" tool="esp32:mkspiffs@0.2.3"
time="2026-02-04T17:39:07Z" level=info msg="Tool required for debug" tool="esp32:openocd-esp32@v0.12.0-esp32-20251215"
2026-02-04 17:39:07 2026-02-04T17:39:07.157Z daemon INFO time="2026-02-04T17:39:07Z" level=info msg="Tool required for debug" tool="esp32:riscv32-esp-elf-gdb@16.3_20250913"
time="2026-02-04T17:39:07Z" level=info msg="Tool required for debug" tool="esp32:xtensa-esp-elf-gdb@16.3_20250913"
2026-02-04 17:39:07 2026-02-04T17:39:07.157Z daemon INFO time="2026-02-04T17:39:07Z" level=info msg="Tool required for debug" tool="builtin:serial-discovery@1.4.3"
2026-02-04 17:39:07 2026-02-04T17:39:07.157Z daemon INFO time="2026-02-04T17:39:07Z" level=info msg="Tool required for debug" tool="builtin:serial-monitor@0.15.0"
2026-02-04 17:39:07 2026-02-04T17:39:07.157Z daemon INFO time="2026-02-04T17:39:07Z" level=info msg="Tool required for debug" tool="arduino:avrdude@8.0.0-arduino1"
time="2026-02-04T17:39:07Z" level=info msg="Tool required for debug" tool="builtin:ctags@5.8-arduino11"
2026-02-04 17:39:07 2026-02-04T17:39:07.157Z daemon INFO time="2026-02-04T17:39:07Z" level=info msg="Tool required for debug" tool="builtin:dfu-discovery@0.1.2"
2026-02-04 17:39:07 2026-02-04T17:39:07.157Z daemon INFO time="2026-02-04T17:39:07Z" level=info msg="Tool required for debug" tool="arduino:avr-gcc@7.3.0-atmel3.6.1-arduino7"
time="2026-02-04T17:39:07Z" level=info msg="Tool required for debug" tool="builtin:mdns-discovery@1.0.12"
2026-02-04 17:39:07 2026-02-04T17:39:07.157Z daemon INFO time="2026-02-04T17:39:07Z" level=info msg="Tool required for debug" tool="arduino:arduinoOTA@1.3.0"
2026-02-04 17:39:07 2026-02-04T17:39:07.159Z daemon INFO time="2026-02-04T17:39:07Z" level=info msg="Tool required for debug" tool="arduino:dfu-util@0.11.0-arduino5"
time="2026-02-04T17:39:07Z" level=info msg="Tool required for debug" tool="esp32:esp-rv32@2511"
2026-02-04 17:39:07 2026-02-04T17:39:07.159Z daemon INFO time="2026-02-04T17:39:07Z" level=info msg="Tool required for debug" tool="esp32:esp-x32@2511"
time="2026-02-04T17:39:07Z" level=info msg="Tool required for debug" tool="esp32:esp32-libs@3.3.6"
2026-02-04 17:39:07 2026-02-04T17:39:07.159Z daemon INFO time="2026-02-04T17:39:07Z" level=info msg="Tool required for debug" tool="esp32:esp32c3-libs@3.3.6"
time="2026-02-04T17:39:07Z" level=info msg="Tool required for debug" tool="esp32:esp32c5-libs@3.3.6"
2026-02-04 17:39:07 2026-02-04T17:39:07.159Z daemon INFO time="2026-02-04T17:39:07Z" level=info msg="Tool required for debug" tool="esp32:esp32c6-libs@3.3.6"
time="2026-02-04T17:39:07Z" level=info msg="Tool required for debug" tool="esp32:esp32h2-libs@3.3.6"
2026-02-04 17:39:07 2026-02-04T17:39:07.159Z daemon INFO time="2026-02-04T17:39:07Z" level=info msg="Tool required for debug" tool="esp32:esp32p4-libs@3.3.6"
time="2026-02-04T17:39:07Z" level=info msg="Tool required for debug" tool="esp32:esp32p4_es-libs@3.3.6"
2026-02-04 17:39:07 2026-02-04T17:39:07.159Z daemon INFO time="2026-02-04T17:39:07Z" level=info msg="Tool required for debug" tool="esp32:esp32s2-libs@3.3.6"
time="2026-02-04T17:39:07Z" level=info msg="Tool required for debug" tool="esp32:esp32s3-libs@3.3.6"
2026-02-04 17:39:07 2026-02-04T17:39:07.159Z daemon INFO time="2026-02-04T17:39:07Z" level=info msg="Tool required for debug" tool="esp32:esptool_py@5.1.0"
time="2026-02-04T17:39:07Z" level=info msg="Tool required for debug" tool="esp32:mklittlefs@4.0.2-db0513a"
time="2026-02-04T17:39:07Z" level=info msg="Tool required for debug" tool="esp32:mkspiffs@0.2.3"
2026-02-04 17:39:07 2026-02-04T17:39:07.159Z daemon INFO time="2026-02-04T17:39:07Z" level=info msg="Tool required for debug" tool="esp32:openocd-esp32@v0.12.0-esp32-20251215"
time="2026-02-04T17:39:07Z" level=info msg="Tool required for debug" tool="esp32:riscv32-esp-elf-gdb@16.3_20250913"
time="2026-02-04T17:39:07Z" level=info msg="Tool required for debug" tool="esp32:xtensa-esp-elf-gdb@16.3_20250913"
time="2026-02-04T17:39:07Z" level=info msg="Tool required for debug" tool="builtin:serial-discovery@1.4.3"
2026-02-04 17:39:07 2026-02-04T17:39:07.159Z daemon INFO time="2026-02-04T17:39:07Z" level=info msg="Tool required for debug" tool="builtin:serial-monitor@0.15.0"
2026-02-04 17:39:07 2026-02-04T17:39:07.159Z daemon INFO time="2026-02-04T17:39:07Z" level=info msg="Tool required for debug" tool="arduino:avrdude@8.0.0-arduino1"
time="2026-02-04T17:39:07Z" level=info msg="Tool required for debug" tool="arduino:avr-gcc@7.3.0-atmel3.6.1-arduino7"
2026-02-04 17:39:07 2026-02-04T17:39:07.159Z daemon INFO time="2026-02-04T17:39:07Z" level=info msg="Tool required for debug" tool="builtin:ctags@5.8-arduino11"
time="2026-02-04T17:39:07Z" level=info msg="Tool required for debug" tool="builtin:dfu-discovery@0.1.2"
2026-02-04 17:39:07 2026-02-04T17:39:07.159Z daemon INFO time="2026-02-04T17:39:07Z" level=info msg="Tool required for debug" tool="arduino:arduinoOTA@1.3.0"
2026-02-04 17:39:07 2026-02-04T17:39:07.159Z daemon INFO time="2026-02-04T17:39:07Z" level=info msg="Tool required for debug" tool="builtin:mdns-discovery@1.0.12"
2026-02-04 17:39:07 2026-02-04T17:39:07.160Z daemon INFO time="2026-02-04T17:39:07Z" level=info msg="Tool required for debug" tool="arduino:dfu-util@0.11.0-arduino5"
time="2026-02-04T17:39:07Z" level=info msg="Tool required for debug" tool="esp32:esp-rv32@2511"
time="2026-02-04T17:39:07Z" level=info msg="Tool required for debug" tool="esp32:esp-x32@2511"
2026-02-04 17:39:07 2026-02-04T17:39:07.160Z daemon INFO time="2026-02-04T17:39:07Z" level=info msg="Tool required for debug" tool="esp32:esp32-libs@3.3.6"
time="2026-02-04T17:39:07Z" level=info msg="Tool required for debug" tool="esp32:esp32c3-libs@3.3.6"
time="2026-02-04T17:39:07Z" level=info msg="Tool required for debug" tool="esp32:esp32c5-libs@3.3.6"
time="2026-02-04T17:39:07Z" level=info msg="Tool required for debug" tool="esp32:esp32c6-libs@3.3.6"
time="2026-02-04T17:39:07Z" level=info msg="Tool required for debug" tool="esp32:esp32h2-libs@3.3.6"
time="2026-02-04T17:39:07Z" level=info msg="Tool required for debug" tool="esp32:esp32p4-libs@3.3.6"
time="2026-02-04T17:39:07Z" level=info msg="Tool required for debug" tool="esp32:esp32p4_es-libs@3.3.6"
time="2026-02-04T17:39:07Z" level=info msg="Tool required for debug" tool="esp32:esp32s2-libs@3.3.6"
2026-02-04 17:39:07 2026-02-04T17:39:07.160Z daemon INFO time="2026-02-04T17:39:07Z" level=info msg="Tool required for debug" tool="esp32:esp32s3-libs@3.3.6"
time="2026-02-04T17:39:07Z" level=info msg="Tool required for debug" tool="esp32:esptool_py@5.1.0"
time="2026-02-04T17:39:07Z" level=info msg="Tool required for debug" tool="esp32:mklittlefs@4.0.2-db0513a"
time="2026-02-04T17:39:07Z" level=info msg="Tool required for debug" tool="esp32:mkspiffs@0.2.3"
time="2026-02-04T17:39:07Z" level=info msg="Tool required for debug" tool="esp32:openocd-esp32@v0.12.0-esp32-20251215"
time="2026-02-04T17:39:07Z" level=info msg="Tool required for debug" tool="esp32:riscv32-esp-elf-gdb@16.3_20250913"
2026-02-04 17:39:07 2026-02-04T17:39:07.160Z daemon INFO time="2026-02-04T17:39:07Z" level=info msg="Tool required for debug" tool="esp32:xtensa-esp-elf-gdb@16.3_20250913"
time="2026-02-04T17:39:07Z" level=info msg="Tool required for debug" tool="builtin:dfu-discovery@0.1.2"
2026-02-04 17:39:07 2026-02-04T17:39:07.160Z daemon INFO time="2026-02-04T17:39:07Z" level=info msg="Tool required for debug" tool="builtin:mdns-discovery@1.0.12"
time="2026-02-04T17:39:07Z" level=info msg="Tool required for debug" tool="builtin:serial-discovery@1.4.3"
2026-02-04 17:39:07 2026-02-04T17:39:07.160Z daemon INFO time="2026-02-04T17:39:07Z" level=info msg="Tool required for debug" tool="builtin:serial-monitor@0.15.0"
time="2026-02-04T17:39:07Z" level=info msg="Tool required for debug" tool="arduino:arduinoOTA@1.3.0"
2026-02-04 17:39:07 2026-02-04T17:39:07.160Z daemon INFO time="2026-02-04T17:39:07Z" level=info msg="Tool required for debug" tool="arduino:avrdude@8.0.0-arduino1"
time="2026-02-04T17:39:07Z" level=info msg="Tool required for debug" tool="builtin:ctags@5.8-arduino11"
2026-02-04 17:39:07 2026-02-04T17:39:07.160Z daemon INFO time="2026-02-04T17:39:07Z" level=info msg="Tool required for debug" tool="arduino:avr-gcc@7.3.0-atmel3.6.1-arduino7"
2026-02-04 17:39:07 2026-02-04T17:39:07.161Z daemon INFO time="2026-02-04T17:39:07Z" level=info msg="Tool required for debug" tool="arduino:dfu-util@0.11.0-arduino5"
time="2026-02-04T17:39:07Z" level=info msg="Tool required for debug" tool="esp32:esp-rv32@2511"
2026-02-04 17:39:07 2026-02-04T17:39:07.161Z daemon INFO time="2026-02-04T17:39:07Z" level=info msg="Tool required for debug" tool="esp32:esp-x32@2511"
time="2026-02-04T17:39:07Z" level=info msg="Tool required for debug" tool="esp32:esp32-libs@3.3.6"
time="2026-02-04T17:39:07Z" level=info msg="Tool required for debug" tool="esp32:esp32c3-libs@3.3.6"
time="2026-02-04T17:39:07Z" level=info msg="Tool required for debug" tool="esp32:esp32c5-libs@3.3.6"
time="2026-02-04T17:39:07Z" level=info msg="Tool required for debug" tool="esp32:esp32c6-libs@3.3.6"
2026-02-04 17:39:07 2026-02-04T17:39:07.161Z daemon INFO time="2026-02-04T17:39:07Z" level=info msg="Tool required for debug" tool="esp32:esp32h2-libs@3.3.6"
time="2026-02-04T17:39:07Z" level=info msg="Tool required for debug" tool="esp32:esp32p4-libs@3.3.6"
time="2026-02-04T17:39:07Z" level=info msg="Tool required for debug" tool="esp32:esp32p4_es-libs@3.3.6"
time="2026-02-04T17:39:07Z" level=info msg="Tool required for debug" tool="esp32:esp32s2-libs@3.3.6"
2026-02-04 17:39:07 2026-02-04T17:39:07.161Z daemon INFO time="2026-02-04T17:39:07Z" level=info msg="Tool required for debug" tool="esp32:esp32s3-libs@3.3.6"
time="2026-02-04T17:39:07Z" level=info msg="Tool required for debug" tool="esp32:esptool_py@5.1.0"
time="2026-02-04T17:39:07Z" level=info msg="Tool required for debug" tool="esp32:mklittlefs@4.0.2-db0513a"
2026-02-04 17:39:07 2026-02-04T17:39:07.161Z daemon INFO time="2026-02-04T17:39:07Z" level=info msg="Tool required for debug" tool="esp32:mkspiffs@0.2.3"
time="2026-02-04T17:39:07Z" level=info msg="Tool required for debug" tool="esp32:openocd-esp32@v0.12.0-esp32-20251215"
time="2026-02-04T17:39:07Z" level=info msg="Tool required for debug" tool="esp32:riscv32-esp-elf-gdb@16.3_20250913"
2026-02-04 17:39:07 2026-02-04T17:39:07.161Z daemon INFO time="2026-02-04T17:39:07Z" level=info msg="Tool required for debug" tool="esp32:xtensa-esp-elf-gdb@16.3_20250913"
time="2026-02-04T17:39:07Z" level=info msg="Tool required for debug" tool="builtin:ctags@5.8-arduino11"
time="2026-02-04T17:39:07Z" level=info msg="Tool required for debug" tool="builtin:dfu-discovery@0.1.2"
2026-02-04 17:39:07 2026-02-04T17:39:07.161Z daemon INFO time="2026-02-04T17:39:07Z" level=info msg="Tool required for debug" tool="arduino:arduinoOTA@1.3.0"
time="2026-02-04T17:39:07Z" level=info msg="Tool required for debug" tool="builtin:mdns-discovery@1.0.12"
2026-02-04 17:39:07 2026-02-04T17:39:07.161Z daemon INFO time="2026-02-04T17:39:07Z" level=info msg="Tool required for debug" tool="arduino:avr-gcc@7.3.0-atmel3.6.1-arduino7"
time="2026-02-04T17:39:07Z" level=info msg="Tool required for debug" tool="builtin:serial-discovery@1.4.3"
2026-02-04 17:39:07 2026-02-04T17:39:07.161Z daemon INFO time="2026-02-04T17:39:07Z" level=info msg="Tool required for debug" tool="builtin:serial-monitor@0.15.0"
2026-02-04 17:39:07 2026-02-04T17:39:07.161Z daemon INFO time="2026-02-04T17:39:07Z" level=info msg="Tool required for debug" tool="arduino:avrdude@8.0.0-arduino1"
2026-02-04 17:39:07 2026-02-04T17:39:07.163Z daemon INFO time="2026-02-04T17:39:07Z" level=info msg="Tool required for debug" tool="arduino:dfu-util@0.11.0-arduino5"
time="2026-02-04T17:39:07Z" level=info msg="Tool required for debug" tool="esp32:esp-rv32@2511"
time="2026-02-04T17:39:07Z" level=info msg="Tool required for debug" tool="esp32:esp-x32@2511"
2026-02-04 17:39:07 2026-02-04T17:39:07.163Z daemon INFO time="2026-02-04T17:39:07Z" level=info msg="Tool required for debug" tool="esp32:esp32-libs@3.3.6"
time="2026-02-04T17:39:07Z" level=info msg="Tool required for debug" tool="esp32:esp32c3-libs@3.3.6"
time="2026-02-04T17:39:07Z" level=info msg="Tool required for debug" tool="esp32:esp32c5-libs@3.3.6"
time="2026-02-04T17:39:07Z" level=info msg="Tool required for debug" tool="esp32:esp32c6-libs@3.3.6"
time="2026-02-04T17:39:07Z" level=info msg="Tool required for debug" tool="esp32:esp32h2-libs@3.3.6"
time="2026-02-04T17:39:07Z" level=info msg="Tool required for debug" tool="esp32:esp32p4-libs@3.3.6"
2026-02-04 17:39:07 2026-02-04T17:39:07.163Z daemon INFO time="2026-02-04T17:39:07Z" level=info msg="Tool required for debug" tool="esp32:esp32p4_es-libs@3.3.6"
time="2026-02-04T17:39:07Z" level=info msg="Tool required for debug" tool="esp32:esp32s2-libs@3.3.6"
time="2026-02-04T17:39:07Z" level=info msg="Tool required for debug" tool="esp32:esp32s3-libs@3.3.6"
time="2026-02-04T17:39:07Z" level=info msg="Tool required for debug" tool="esp32:esptool_py@5.1.0"
2026-02-04 17:39:07 2026-02-04T17:39:07.163Z daemon INFO time="2026-02-04T17:39:07Z" level=info msg="Tool required for debug" tool="esp32:mklittlefs@4.0.2-db0513a"
time="2026-02-04T17:39:07Z" level=info msg="Tool required for debug" tool="esp32:mkspiffs@0.2.3"
2026-02-04 17:39:07 2026-02-04T17:39:07.163Z daemon INFO time="2026-02-04T17:39:07Z" level=info msg="Tool required for debug" tool="esp32:openocd-esp32@v0.12.0-esp32-20251215"
time="2026-02-04T17:39:07Z" level=info msg="Tool required for debug" tool="esp32:riscv32-esp-elf-gdb@16.3_20250913"
2026-02-04 17:39:07 2026-02-04T17:39:07.163Z daemon INFO time="2026-02-04T17:39:07Z" level=info msg="Tool required for debug" tool="esp32:xtensa-esp-elf-gdb@16.3_20250913"
time="2026-02-04T17:39:07Z" level=info msg="Tool required for debug" tool="builtin:serial-monitor@0.15.0"
2026-02-04 17:39:07 2026-02-04T17:39:07.163Z daemon INFO time="2026-02-04T17:39:07Z" level=info msg="Tool required for debug" tool="builtin:ctags@5.8-arduino11"
time="2026-02-04T17:39:07Z" level=info msg="Tool required for debug" tool="builtin:dfu-discovery@0.1.2"
2026-02-04 17:39:07 2026-02-04T17:39:07.163Z daemon INFO time="2026-02-04T17:39:07Z" level=info msg="Tool required for debug" tool="builtin:mdns-discovery@1.0.12"
time="2026-02-04T17:39:07Z" level=info msg="Tool required for debug" tool="builtin:serial-discovery@1.4.3"
2026-02-04 17:39:07 2026-02-04T17:39:07.163Z daemon INFO time="2026-02-04T17:39:07Z" level=info msg="Tool required for debug" tool="arduino:avrdude@8.0.0-arduino1"
time="2026-02-04T17:39:07Z" level=info msg="Tool required for debug" tool="arduino:avr-gcc@7.3.0-atmel3.6.1-arduino7"
2026-02-04 17:39:07 2026-02-04T17:39:07.163Z daemon INFO time="2026-02-04T17:39:07Z" level=info msg="Tool required for debug" tool="arduino:arduinoOTA@1.3.0"
2026-02-04 17:39:07 2026-02-04T17:39:07.164Z daemon INFO time="2026-02-04T17:39:07Z" level=info msg="Tool required for debug" tool="arduino:dfu-util@0.11.0-arduino5"
time="2026-02-04T17:39:07Z" level=info msg="Tool required for debug" tool="esp32:esp-rv32@2511"
2026-02-04 17:39:07 2026-02-04T17:39:07.164Z daemon INFO time="2026-02-04T17:39:07Z" level=info msg="Tool required for debug" tool="esp32:esp-x32@2511"
time="2026-02-04T17:39:07Z" level=info msg="Tool required for debug" tool="esp32:esp32-libs@3.3.6"
time="2026-02-04T17:39:07Z" level=info msg="Tool required for debug" tool="esp32:esp32c3-libs@3.3.6"
2026-02-04 17:39:07 2026-02-04T17:39:07.164Z daemon INFO time="2026-02-04T17:39:07Z" level=info msg="Tool required for debug" tool="esp32:esp32c5-libs@3.3.6"
time="2026-02-04T17:39:07Z" level=info msg="Tool required for debug" tool="esp32:esp32c6-libs@3.3.6"
time="2026-02-04T17:39:07Z" level=info msg="Tool required for debug" tool="esp32:esp32h2-libs@3.3.6"
2026-02-04 17:39:07 2026-02-04T17:39:07.164Z daemon INFO time="2026-02-04T17:39:07Z" level=info msg="Tool required for debug" tool="esp32:esp32p4-libs@3.3.6"
time="2026-02-04T17:39:07Z" level=info msg="Tool required for debug" tool="esp32:esp32p4_es-libs@3.3.6"
time="2026-02-04T17:39:07Z" level=info msg="Tool required for debug" tool="esp32:esp32s2-libs@3.3.6"
2026-02-04 17:39:07 2026-02-04T17:39:07.164Z daemon INFO time="2026-02-04T17:39:07Z" level=info msg="Tool required for debug" tool="esp32:esp32s3-libs@3.3.6"
time="2026-02-04T17:39:07Z" level=info msg="Tool required for debug" tool="esp32:esptool_py@5.1.0"
2026-02-04 17:39:07 2026-02-04T17:39:07.164Z daemon INFO time="2026-02-04T17:39:07Z" level=info msg="Tool required for debug" tool="esp32:mklittlefs@4.0.2-db0513a"
time="2026-02-04T17:39:07Z" level=info msg="Tool required for debug" tool="esp32:mkspiffs@0.2.3"
time="2026-02-04T17:39:07Z" level=info msg="Tool required for debug" tool="esp32:openocd-esp32@v0.12.0-esp32-20251215"
2026-02-04 17:39:07 2026-02-04T17:39:07.164Z daemon INFO time="2026-02-04T17:39:07Z" level=info msg="Tool required for debug" tool="esp32:riscv32-esp-elf-gdb@16.3_20250913"
time="2026-02-04T17:39:07Z" level=info msg="Tool required for debug" tool="esp32:xtensa-esp-elf-gdb@16.3_20250913"
2026-02-04 17:39:07 2026-02-04T17:39:07.164Z daemon INFO time="2026-02-04T17:39:07Z" level=info msg="Tool required for debug" tool="builtin:serial-monitor@0.15.0"
time="2026-02-04T17:39:07Z" level=info msg="Tool required for debug" tool="arduino:avr-gcc@7.3.0-atmel3.6.1-arduino7"
2026-02-04 17:39:07 2026-02-04T17:39:07.164Z daemon INFO time="2026-02-04T17:39:07Z" level=info msg="Tool required for debug" tool="arduino:avrdude@8.0.0-arduino1"
2026-02-04 17:39:07 2026-02-04T17:39:07.164Z daemon INFO time="2026-02-04T17:39:07Z" level=info msg="Tool required for debug" tool="builtin:ctags@5.8-arduino11"
2026-02-04 17:39:07 2026-02-04T17:39:07.164Z daemon INFO time="2026-02-04T17:39:07Z" level=info msg="Tool required for debug" tool="builtin:dfu-discovery@0.1.2"
2026-02-04 17:39:07 2026-02-04T17:39:07.164Z daemon INFO time="2026-02-04T17:39:07Z" level=info msg="Tool required for debug" tool="builtin:mdns-discovery@1.0.12"
2026-02-04 17:39:07 2026-02-04T17:39:07.164Z daemon INFO time="2026-02-04T17:39:07Z" level=info msg="Tool required for debug" tool="builtin:serial-discovery@1.4.3"
2026-02-04 17:39:07 2026-02-04T17:39:07.164Z daemon INFO time="2026-02-04T17:39:07Z" level=info msg="Tool required for debug" tool="arduino:arduinoOTA@1.3.0"
2026-02-04 17:39:07 2026-02-04T17:39:07.165Z daemon INFO time="2026-02-04T17:39:07Z" level=info msg="Tool required for debug" tool="arduino:dfu-util@0.11.0-arduino5"
time="2026-02-04T17:39:07Z" level=info msg="Tool required for debug" tool="esp32:esp-rv32@2511"
2026-02-04 17:39:07 2026-02-04T17:39:07.165Z daemon INFO time="2026-02-04T17:39:07Z" level=info msg="Tool required for debug" tool="esp32:esp-x32@2511"
time="2026-02-04T17:39:07Z" level=info msg="Tool required for debug" tool="esp32:esp32-libs@3.3.6"
time="2026-02-04T17:39:07Z" level=info msg="Tool required for debug" tool="esp32:esp32c3-libs@3.3.6"
time="2026-02-04T17:39:07Z" level=info msg="Tool required for debug" tool="esp32:esp32c5-libs@3.3.6"
2026-02-04 17:39:07 2026-02-04T17:39:07.165Z daemon INFO time="2026-02-04T17:39:07Z" level=info msg="Tool required for debug" tool="esp32:esp32c6-libs@3.3.6"
time="2026-02-04T17:39:07Z" level=info msg="Tool required for debug" tool="esp32:esp32h2-libs@3.3.6"
time="2026-02-04T17:39:07Z" level=info msg="Tool required for debug" tool="esp32:esp32p4-libs@3.3.6"
2026-02-04 17:39:07 2026-02-04T17:39:07.165Z daemon INFO time="2026-02-04T17:39:07Z" level=info msg="Tool required for debug" tool="esp32:esp32p4_es-libs@3.3.6"
time="2026-02-04T17:39:07Z" level=info msg="Tool required for debug" tool="esp32:esp32s2-libs@3.3.6"
2026-02-04 17:39:07 2026-02-04T17:39:07.165Z daemon INFO time="2026-02-04T17:39:07Z" level=info msg="Tool required for debug" tool="esp32:esp32s3-libs@3.3.6"
time="2026-02-04T17:39:07Z" level=info msg="Tool required for debug" tool="esp32:esptool_py@5.1.0"
time="2026-02-04T17:39:07Z" level=info msg="Tool required for debug" tool="esp32:mklittlefs@4.0.2-db0513a"
2026-02-04 17:39:07 2026-02-04T17:39:07.165Z daemon INFO time="2026-02-04T17:39:07Z" level=info msg="Tool required for debug" tool="esp32:mkspiffs@0.2.3"
time="2026-02-04T17:39:07Z" level=info msg="Tool required for debug" tool="esp32:openocd-esp32@v0.12.0-esp32-20251215"
time="2026-02-04T17:39:07Z" level=info msg="Tool required for debug" tool="esp32:riscv32-esp-elf-gdb@16.3_20250913"
2026-02-04 17:39:07 2026-02-04T17:39:07.165Z daemon INFO time="2026-02-04T17:39:07Z" level=info msg="Tool required for debug" tool="esp32:xtensa-esp-elf-gdb@16.3_20250913"
time="2026-02-04T17:39:07Z" level=info msg="Tool required for debug" tool="arduino:avr-gcc@7.3.0-atmel3.6.1-arduino7"
2026-02-04 17:39:07 2026-02-04T17:39:07.165Z daemon INFO time="2026-02-04T17:39:07Z" level=info msg="Tool required for debug" tool="builtin:ctags@5.8-arduino11"
time="2026-02-04T17:39:07Z" level=info msg="Tool required for debug" tool="builtin:mdns-discovery@1.0.12"
2026-02-04 17:39:07 2026-02-04T17:39:07.165Z daemon INFO time="2026-02-04T17:39:07Z" level=info msg="Tool required for debug" tool="builtin:serial-discovery@1.4.3"
time="2026-02-04T17:39:07Z" level=info msg="Tool required for debug" tool="builtin:serial-monitor@0.15.0"
2026-02-04 17:39:07 2026-02-04T17:39:07.165Z daemon INFO time="2026-02-04T17:39:07Z" level=info msg="Tool required for debug" tool="arduino:avrdude@8.0.0-arduino1"
time="2026-02-04T17:39:07Z" level=info msg="Tool required for debug" tool="arduino:arduinoOTA@1.3.0"
2026-02-04 17:39:07 2026-02-04T17:39:07.165Z daemon INFO time="2026-02-04T17:39:07Z" level=info msg="Tool required for debug" tool="builtin:dfu-discovery@0.1.2"
2026-02-04 17:39:07 2026-02-04T17:39:07.167Z daemon INFO time="2026-02-04T17:39:07Z" level=info msg="Tool required for debug" tool="arduino:dfu-util@0.11.0-arduino5"
time="2026-02-04T17:39:07Z" level=info msg="Tool required for debug" tool="esp32:esp-rv32@2511"
2026-02-04 17:39:07 2026-02-04T17:39:07.167Z daemon INFO time="2026-02-04T17:39:07Z" level=info msg="Tool required for debug" tool="esp32:esp-x32@2511"
time="2026-02-04T17:39:07Z" level=info msg="Tool required for debug" tool="esp32:esp32-libs@3.3.6"
time="2026-02-04T17:39:07Z" level=info msg="Tool required for debug" tool="esp32:esp32c3-libs@3.3.6"
time="2026-02-04T17:39:07Z" level=info msg="Tool required for debug" tool="esp32:esp32c5-libs@3.3.6"
time="2026-02-04T17:39:07Z" level=info msg="Tool required for debug" tool="esp32:esp32c6-libs@3.3.6"
time="2026-02-04T17:39:07Z" level=info msg="Tool required for debug" tool="esp32:esp32h2-libs@3.3.6"
2026-02-04 17:39:07 2026-02-04T17:39:07.167Z daemon INFO time="2026-02-04T17:39:07Z" level=info msg="Tool required for debug" tool="esp32:esp32p4-libs@3.3.6"
time="2026-02-04T17:39:07Z" level=info msg="Tool required for debug" tool="esp32:esp32p4_es-libs@3.3.6"
time="2026-02-04T17:39:07Z" level=info msg="Tool required for debug" tool="esp32:esp32s2-libs@3.3.6"
time="2026-02-04T17:39:07Z" level=info msg="Tool required for debug" tool="esp32:esp32s3-libs@3.3.6"
time="2026-02-04T17:39:07Z" level=info msg="Tool required for debug" tool="esp32:esptool_py@5.1.0"
time="2026-02-04T17:39:07Z" level=info msg="Tool required for debug" tool="esp32:mklittlefs@4.0.2-db0513a"
2026-02-04 17:39:07 2026-02-04T17:39:07.167Z daemon INFO time="2026-02-04T17:39:07Z" level=info msg="Tool required for debug" tool="esp32:mkspiffs@0.2.3"
time="2026-02-04T17:39:07Z" level=info msg="Tool required for debug" tool="esp32:openocd-esp32@v0.12.0-esp32-20251215"
time="2026-02-04T17:39:07Z" level=info msg="Tool required for debug" tool="esp32:riscv32-esp-elf-gdb@16.3_20250913"
time="2026-02-04T17:39:07Z" level=info msg="Tool required for debug" tool="esp32:xtensa-esp-elf-gdb@16.3_20250913"
2026-02-04 17:39:07 2026-02-04T17:39:07.167Z daemon INFO time="2026-02-04T17:39:07Z" level=info msg="Tool required for debug" tool="arduino:arduinoOTA@1.3.0"
time="2026-02-04T17:39:07Z" level=info msg="Tool required for debug" tool="arduino:avrdude@8.0.0-arduino1"
time="2026-02-04T17:39:07Z" level=info msg="Tool required for debug" tool="arduino:avr-gcc@7.3.0-atmel3.6.1-arduino7"
time="2026-02-04T17:39:07Z" level=info msg="Tool required for debug" tool="builtin:serial-monitor@0.15.0"
2026-02-04 17:39:07 2026-02-04T17:39:07.167Z daemon INFO time="2026-02-04T17:39:07Z" level=info msg="Tool required for debug" tool="builtin:ctags@5.8-arduino11"
time="2026-02-04T17:39:07Z" level=info msg="Tool required for debug" tool="builtin:serial-discovery@1.4.3"
time="2026-02-04T17:39:07Z" level=info msg="Tool required for debug" tool="builtin:dfu-discovery@0.1.2"
2026-02-04 17:39:07 2026-02-04T17:39:07.167Z daemon INFO time="2026-02-04T17:39:07Z" level=info msg="Tool required for debug" tool="builtin:mdns-discovery@1.0.12"
2026-02-04 17:39:08 2026-02-04T17:39:08.125Z daemon INFO time="2026-02-04T17:39:08Z" level=info msg="Adding libraries dir" dir=/home/shrek/.arduino15/libraries isSingleLibrary=false location=ide
2026-02-04 17:39:08 2026-02-04T17:39:08.126Z daemon INFO time="2026-02-04T17:39:08Z" level=info msg="Adding libraries dir" dir=/home/shrek/.arduino15/packages/esp32/hardware/esp32/3.3.6/libraries isSingleLibrary=false location=platform
time="2026-02-04T17:39:08Z" level=info msg="Adding libraries dir" dir=/home/shrek/Arduino/libraries isSingleLibrary=false location=user
2026-02-04 17:39:13 2026-02-04T17:39:13.915Z root INFO Received port after upload [arduino+serial:///dev/ttyUSB0, esp32:esp32:esp32h2:UploadSpeed=921600,CDCOnBoot=default,FlashFreq=64,FlashMode=qio,FlashSize=4M,PartitionScheme=default,DebugLevel=none,EraseFlash=none,JTAGAdapter=default,ZigbeeMode=default, led.ino]. Before port: {"protocol":"serial","address":"/dev/ttyUSB0"}, after port: {"address":"/dev/ttyUSB0","addressLabel":"/dev/ttyUSB0","protocol":"serial","protocolLabel":"Serial Port (USB)","properties":{"pid":"0xea60","serialNumber":"e2dc2d4b6971f011b9be029f1045c30f","vid":"0x10c4"},"hardwareId":"e2dc2d4b6971f011b9be029f1045c30f"}
2026-02-04 17:39:26 2026-02-04T17:39:26.049Z daemon INFO time="2026-02-04T17:39:26Z" level=info msg="Adding libraries dir" dir=/home/shrek/.arduino15/libraries isSingleLibrary=false location=ide
2026-02-04 17:39:26 2026-02-04T17:39:26.049Z daemon INFO time="2026-02-04T17:39:26Z" level=info msg="Adding libraries dir" dir=/home/shrek/.arduino15/packages/esp32/hardware/esp32/3.3.6/libraries isSingleLibrary=false location=platform
time="2026-02-04T17:39:26Z" level=info msg="Adding libraries dir" dir=/home/shrek/Arduino/libraries isSingleLibrary=false location=user
2026-02-04 17:39:26 2026-02-04T17:39:26.795Z daemon INFO time="2026-02-04T17:39:26Z" level=info msg="Adding libraries dir" dir=/home/shrek/.arduino15/libraries isSingleLibrary=false location=ide
2026-02-04 17:39:26 2026-02-04T17:39:26.795Z daemon INFO time="2026-02-04T17:39:26Z" level=info msg="Adding libraries dir" dir=/home/shrek/.arduino15/packages/esp32/hardware/esp32/3.3.6/libraries isSingleLibrary=false location=platform
time="2026-02-04T17:39:26Z" level=info msg="Adding libraries dir" dir=/home/shrek/Arduino/libraries isSingleLibrary=false location=user
2026-02-04 17:39:27 2026-02-04T17:39:27.388Z daemon INFO time="2026-02-04T17:39:27Z" level=info msg="Resolving include FastLED.h for arch esp32"
time="2026-02-04T17:39:27Z" level=info msg="  found better lib" lib=FastLED prio=6A7
2026-02-04 17:39:27 2026-02-04T17:39:27.867Z daemon INFO time="2026-02-04T17:39:27Z" level=info msg="Adding libraries dir" dir=/home/shrek/.arduino15/libraries isSingleLibrary=false location=ide
2026-02-04 17:39:27 2026-02-04T17:39:27.867Z daemon INFO time="2026-02-04T17:39:27Z" level=info msg="Adding libraries dir" dir=/home/shrek/.arduino15/packages/esp32/hardware/esp32/3.3.6/libraries isSingleLibrary=false location=platform
time="2026-02-04T17:39:27Z" level=info msg="Adding libraries dir" dir=/home/shrek/Arduino/libraries isSingleLibrary=false location=user
2026-02-04 17:39:30 2026-02-04T17:39:30.076Z root INFO Executing 'arduino.languageserver.notifyBuildDidComplete' with "file:///home/shrek/.cache/arduino/sketches/685F1B846501B9FC48DBBE71848122CF"
2026-02-04 17:39:30 2026-02-04T17:39:30.102Z daemon INFO time="2026-02-04T17:39:30Z" level=info msg="Tool required for debug" tool="arduino:dfu-util@0.11.0-arduino5"
time="2026-02-04T17:39:30Z" level=info msg="Tool required for debug" tool="esp32:esp-rv32@2511"
2026-02-04 17:39:30 2026-02-04T17:39:30.103Z daemon INFO time="2026-02-04T17:39:30Z" level=info msg="Tool required for debug" tool="esp32:esp-x32@2511"
time="2026-02-04T17:39:30Z" level=info msg="Tool required for debug" tool="esp32:esp32-libs@3.3.6"
time="2026-02-04T17:39:30Z" level=info msg="Tool required for debug" tool="esp32:esp32c3-libs@3.3.6"
time="2026-02-04T17:39:30Z" level=info msg="Tool required for debug" tool="esp32:esp32c5-libs@3.3.6"
time="2026-02-04T17:39:30Z" level=info msg="Tool required for debug" tool="esp32:esp32c6-libs@3.3.6"
time="2026-02-04T17:39:30Z" level=info msg="Tool required for debug" tool="esp32:esp32h2-libs@3.3.6"
time="2026-02-04T17:39:30Z" level=info msg="Tool required for debug" tool="esp32:esp32p4-libs@3.3.6"
time="2026-02-04T17:39:30Z" level=info msg="Tool required for debug" tool="esp32:esp32p4_es-libs@3.3.6"
2026-02-04 17:39:30 2026-02-04T17:39:30.103Z daemon INFO time="2026-02-04T17:39:30Z" level=info msg="Tool required for debug" tool="esp32:esp32s2-libs@3.3.6"
time="2026-02-04T17:39:30Z" level=info msg="Tool required for debug" tool="esp32:esp32s3-libs@3.3.6"
time="2026-02-04T17:39:30Z" level=info msg="Tool required for debug" tool="esp32:esptool_py@5.1.0"
time="2026-02-04T17:39:30Z" level=info msg="Tool required for debug" tool="esp32:mklittlefs@4.0.2-db0513a"
time="2026-02-04T17:39:30Z" level=info msg="Tool required for debug" tool="esp32:mkspiffs@0.2.3"
2026-02-04 17:39:30 2026-02-04T17:39:30.103Z daemon INFO time="2026-02-04T17:39:30Z" level=info msg="Tool required for debug" tool="esp32:openocd-esp32@v0.12.0-esp32-20251215"
time="2026-02-04T17:39:30Z" level=info msg="Tool required for debug" tool="esp32:riscv32-esp-elf-gdb@16.3_20250913"
time="2026-02-04T17:39:30Z" level=info msg="Tool required for debug" tool="esp32:xtensa-esp-elf-gdb@16.3_20250913"
time="2026-02-04T17:39:30Z" level=info msg="Tool required for debug" tool="builtin:serial-monitor@0.15.0"
2026-02-04 17:39:30 2026-02-04T17:39:30.103Z daemon INFO time="2026-02-04T17:39:30Z" level=info msg="Tool required for debug" tool="builtin:ctags@5.8-arduino11"
2026-02-04 17:39:30 2026-02-04T17:39:30.103Z daemon INFO time="2026-02-04T17:39:30Z" level=info msg="Tool required for debug" tool="builtin:dfu-discovery@0.1.2"
time="2026-02-04T17:39:30Z" level=info msg="Tool required for debug" tool="arduino:arduinoOTA@1.3.0"
2026-02-04 17:39:30 2026-02-04T17:39:30.103Z daemon INFO time="2026-02-04T17:39:30Z" level=info msg="Tool required for debug" tool="builtin:mdns-discovery@1.0.12"
time="2026-02-04T17:39:30Z" level=info msg="Tool required for debug" tool="arduino:avrdude@8.0.0-arduino1"
2026-02-04 17:39:30 2026-02-04T17:39:30.103Z daemon INFO time="2026-02-04T17:39:30Z" level=info msg="Tool required for debug" tool="builtin:serial-discovery@1.4.3"
2026-02-04 17:39:30 2026-02-04T17:39:30.103Z daemon INFO time="2026-02-04T17:39:30Z" level=info msg="Tool required for debug" tool="arduino:avr-gcc@7.3.0-atmel3.6.1-arduino7"
2026-02-04 17:39:30 2026-02-04T17:39:30.104Z daemon INFO time="2026-02-04T17:39:30Z" level=info msg="Tool required for debug" tool="arduino:dfu-util@0.11.0-arduino5"
time="2026-02-04T17:39:30Z" level=info msg="Tool required for debug" tool="esp32:esp-rv32@2511"
2026-02-04 17:39:30 2026-02-04T17:39:30.104Z daemon INFO time="2026-02-04T17:39:30Z" level=info msg="Tool required for debug" tool="esp32:esp-x32@2511"
time="2026-02-04T17:39:30Z" level=info msg="Tool required for debug" tool="esp32:esp32-libs@3.3.6"
time="2026-02-04T17:39:30Z" level=info msg="Tool required for debug" tool="esp32:esp32c3-libs@3.3.6"
time="2026-02-04T17:39:30Z" level=info msg="Tool required for debug" tool="esp32:esp32c5-libs@3.3.6"
2026-02-04 17:39:30 2026-02-04T17:39:30.104Z daemon INFO time="2026-02-04T17:39:30Z" level=info msg="Tool required for debug" tool="esp32:esp32c6-libs@3.3.6"
time="2026-02-04T17:39:30Z" level=info msg="Tool required for debug" tool="esp32:esp32h2-libs@3.3.6"
time="2026-02-04T17:39:30Z" level=info msg="Tool required for debug" tool="esp32:esp32p4-libs@3.3.6"
time="2026-02-04T17:39:30Z" level=info msg="Tool required for debug" tool="esp32:esp32p4_es-libs@3.3.6"
2026-02-04 17:39:30 2026-02-04T17:39:30.104Z daemon INFO time="2026-02-04T17:39:30Z" level=info msg="Tool required for debug" tool="esp32:esp32s2-libs@3.3.6"
time="2026-02-04T17:39:30Z" level=info msg="Tool required for debug" tool="esp32:esp32s3-libs@3.3.6"
time="2026-02-04T17:39:30Z" level=info msg="Tool required for debug" tool="esp32:esptool_py@5.1.0"
time="2026-02-04T17:39:30Z" level=info msg="Tool required for debug" tool="esp32:mklittlefs@4.0.2-db0513a"
2026-02-04 17:39:30 2026-02-04T17:39:30.104Z daemon INFO time="2026-02-04T17:39:30Z" level=info msg="Tool required for debug" tool="esp32:mkspiffs@0.2.3"
time="2026-02-04T17:39:30Z" level=info msg="Tool required for debug" tool="esp32:openocd-esp32@v0.12.0-esp32-20251215"
time="2026-02-04T17:39:30Z" level=info msg="Tool required for debug" tool="esp32:riscv32-esp-elf-gdb@16.3_20250913"
time="2026-02-04T17:39:30Z" level=info msg="Tool required for debug" tool="esp32:xtensa-esp-elf-gdb@16.3_20250913"
time="2026-02-04T17:39:30Z" level=info msg="Tool required for debug" tool="arduino:avrdude@8.0.0-arduino1"
2026-02-04 17:39:30 2026-02-04T17:39:30.104Z daemon INFO time="2026-02-04T17:39:30Z" level=info msg="Tool required for debug" tool="builtin:ctags@5.8-arduino11"
time="2026-02-04T17:39:30Z" level=info msg="Tool required for debug" tool="builtin:mdns-discovery@1.0.12"
time="2026-02-04T17:39:30Z" level=info msg="Tool required for debug" tool="builtin:serial-discovery@1.4.3"
time="2026-02-04T17:39:30Z" level=info msg="Tool required for debug" tool="builtin:serial-monitor@0.15.0"
2026-02-04 17:39:30 2026-02-04T17:39:30.104Z daemon INFO time="2026-02-04T17:39:30Z" level=info msg="Tool required for debug" tool="arduino:avr-gcc@7.3.0-atmel3.6.1-arduino7"
time="2026-02-04T17:39:30Z" level=info msg="Tool required for debug" tool="builtin:dfu-discovery@0.1.2"
time="2026-02-04T17:39:30Z" level=info msg="Tool required for debug" tool="arduino:arduinoOTA@1.3.0"
2026-02-04 17:39:30 2026-02-04T17:39:30.105Z daemon INFO time="2026-02-04T17:39:30Z" level=info msg="Tool required for debug" tool="arduino:dfu-util@0.11.0-arduino5"
2026-02-04 17:39:30 2026-02-04T17:39:30.105Z daemon INFO time="2026-02-04T17:39:30Z" level=info msg="Tool required for debug" tool="esp32:esp-rv32@2511"
time="2026-02-04T17:39:30Z" level=info msg="Tool required for debug" tool="esp32:esp-x32@2511"
time="2026-02-04T17:39:30Z" level=info msg="Tool required for debug" tool="esp32:esp32-libs@3.3.6"
2026-02-04 17:39:30 2026-02-04T17:39:30.105Z daemon INFO time="2026-02-04T17:39:30Z" level=info msg="Tool required for debug" tool="esp32:esp32c3-libs@3.3.6"
time="2026-02-04T17:39:30Z" level=info msg="Tool required for debug" tool="esp32:esp32c5-libs@3.3.6"
time="2026-02-04T17:39:30Z" level=info msg="Tool required for debug" tool="esp32:esp32c6-libs@3.3.6"
2026-02-04 17:39:30 2026-02-04T17:39:30.105Z daemon INFO time="2026-02-04T17:39:30Z" level=info msg="Tool required for debug" tool="esp32:esp32h2-libs@3.3.6"
time="2026-02-04T17:39:30Z" level=info msg="Tool required for debug" tool="esp32:esp32p4-libs@3.3.6"
time="2026-02-04T17:39:30Z" level=info msg="Tool required for debug" tool="esp32:esp32p4_es-libs@3.3.6"
2026-02-04 17:39:30 2026-02-04T17:39:30.105Z daemon INFO time="2026-02-04T17:39:30Z" level=info msg="Tool required for debug" tool="esp32:esp32s2-libs@3.3.6"
time="2026-02-04T17:39:30Z" level=info msg="Tool required for debug" tool="esp32:esp32s3-libs@3.3.6"
2026-02-04 17:39:30 2026-02-04T17:39:30.105Z daemon INFO time="2026-02-04T17:39:30Z" level=info msg="Tool required for debug" tool="esp32:esptool_py@5.1.0"
time="2026-02-04T17:39:30Z" level=info msg="Tool required for debug" tool="esp32:mklittlefs@4.0.2-db0513a"
2026-02-04 17:39:30 2026-02-04T17:39:30.105Z daemon INFO time="2026-02-04T17:39:30Z" level=info msg="Tool required for debug" tool="esp32:mkspiffs@0.2.3"
time="2026-02-04T17:39:30Z" level=info msg="Tool required for debug" tool="esp32:openocd-esp32@v0.12.0-esp32-20251215"
time="2026-02-04T17:39:30Z" level=info msg="Tool required for debug" tool="esp32:riscv32-esp-elf-gdb@16.3_20250913"
2026-02-04 17:39:30 2026-02-04T17:39:30.105Z daemon INFO time="2026-02-04T17:39:30Z" level=info msg="Tool required for debug" tool="esp32:xtensa-esp-elf-gdb@16.3_20250913"
time="2026-02-04T17:39:30Z" level=info msg="Tool required for debug" tool="builtin:serial-discovery@1.4.3"
2026-02-04 17:39:30 2026-02-04T17:39:30.105Z daemon INFO time="2026-02-04T17:39:30Z" level=info msg="Tool required for debug" tool="arduino:avrdude@8.0.0-arduino1"
2026-02-04 17:39:30 2026-02-04T17:39:30.105Z daemon INFO time="2026-02-04T17:39:30Z" level=info msg="Tool required for debug" tool="builtin:serial-monitor@0.15.0"
time="2026-02-04T17:39:30Z" level=info msg="Tool required for debug" tool="builtin:ctags@5.8-arduino11"
2026-02-04 17:39:30 2026-02-04T17:39:30.105Z daemon INFO time="2026-02-04T17:39:30Z" level=info msg="Tool required for debug" tool="builtin:dfu-discovery@0.1.2"
2026-02-04 17:39:30 2026-02-04T17:39:30.105Z daemon INFO time="2026-02-04T17:39:30Z" level=info msg="Tool required for debug" tool="builtin:mdns-discovery@1.0.12"
2026-02-04 17:39:30 2026-02-04T17:39:30.105Z daemon INFO time="2026-02-04T17:39:30Z" level=info msg="Tool required for debug" tool="arduino:avr-gcc@7.3.0-atmel3.6.1-arduino7"
2026-02-04 17:39:30 2026-02-04T17:39:30.105Z daemon INFO time="2026-02-04T17:39:30Z" level=info msg="Tool required for debug" tool="arduino:arduinoOTA@1.3.0"
2026-02-04 17:39:30 2026-02-04T17:39:30.107Z daemon INFO time="2026-02-04T17:39:30Z" level=info msg="Tool required for debug" tool="arduino:dfu-util@0.11.0-arduino5"
time="2026-02-04T17:39:30Z" level=info msg="Tool required for debug" tool="esp32:esp-rv32@2511"
time="2026-02-04T17:39:30Z" level=info msg="Tool required for debug" tool="esp32:esp-x32@2511"
2026-02-04 17:39:30 2026-02-04T17:39:30.107Z daemon INFO time="2026-02-04T17:39:30Z" level=info msg="Tool required for debug" tool="esp32:esp32-libs@3.3.6"
time="2026-02-04T17:39:30Z" level=info msg="Tool required for debug" tool="esp32:esp32c3-libs@3.3.6"
time="2026-02-04T17:39:30Z" level=info msg="Tool required for debug" tool="esp32:esp32c5-libs@3.3.6"
time="2026-02-04T17:39:30Z" level=info msg="Tool required for debug" tool="esp32:esp32c6-libs@3.3.6"
time="2026-02-04T17:39:30Z" level=info msg="Tool required for debug" tool="esp32:esp32h2-libs@3.3.6"
time="2026-02-04T17:39:30Z" level=info msg="Tool required for debug" tool="esp32:esp32p4-libs@3.3.6"
time="2026-02-04T17:39:30Z" level=info msg="Tool required for debug" tool="esp32:esp32p4_es-libs@3.3.6"
time="2026-02-04T17:39:30Z" level=info msg="Tool required for debug" tool="esp32:esp32s2-libs@3.3.6"
2026-02-04 17:39:30 2026-02-04T17:39:30.107Z daemon INFO time="2026-02-04T17:39:30Z" level=info msg="Tool required for debug" tool="esp32:esp32s3-libs@3.3.6"
time="2026-02-04T17:39:30Z" level=info msg="Tool required for debug" tool="esp32:esptool_py@5.1.0"
time="2026-02-04T17:39:30Z" level=info msg="Tool required for debug" tool="esp32:mklittlefs@4.0.2-db0513a"
time="2026-02-04T17:39:30Z" level=info msg="Tool required for debug" tool="esp32:mkspiffs@0.2.3"
time="2026-02-04T17:39:30Z" level=info msg="Tool required for debug" tool="esp32:openocd-esp32@v0.12.0-esp32-20251215"
2026-02-04 17:39:30 2026-02-04T17:39:30.107Z daemon INFO time="2026-02-04T17:39:30Z" level=info msg="Tool required for debug" tool="esp32:riscv32-esp-elf-gdb@16.3_20250913"
time="2026-02-04T17:39:30Z" level=info msg="Tool required for debug" tool="esp32:xtensa-esp-elf-gdb@16.3_20250913"
time="2026-02-04T17:39:30Z" level=info msg="Tool required for debug" tool="builtin:dfu-discovery@0.1.2"
2026-02-04 17:39:30 2026-02-04T17:39:30.107Z daemon INFO time="2026-02-04T17:39:30Z" level=info msg="Tool required for debug" tool="builtin:mdns-discovery@1.0.12"
2026-02-04 17:39:30 2026-02-04T17:39:30.107Z daemon INFO time="2026-02-04T17:39:30Z" level=info msg="Tool required for debug" tool="arduino:avr-gcc@7.3.0-atmel3.6.1-arduino7"
time="2026-02-04T17:39:30Z" level=info msg="Tool required for debug" tool="builtin:serial-discovery@1.4.3"
2026-02-04 17:39:30 2026-02-04T17:39:30.107Z daemon INFO time="2026-02-04T17:39:30Z" level=info msg="Tool required for debug" tool="builtin:serial-monitor@0.15.0"
time="2026-02-04T17:39:30Z" level=info msg="Tool required for debug" tool="builtin:ctags@5.8-arduino11"
2026-02-04 17:39:30 2026-02-04T17:39:30.107Z daemon INFO time="2026-02-04T17:39:30Z" level=info msg="Tool required for debug" tool="arduino:arduinoOTA@1.3.0"
2026-02-04 17:39:30 2026-02-04T17:39:30.107Z daemon INFO time="2026-02-04T17:39:30Z" level=info msg="Tool required for debug" tool="arduino:avrdude@8.0.0-arduino1"
2026-02-04 17:39:30 2026-02-04T17:39:30.108Z daemon INFO time="2026-02-04T17:39:30Z" level=info msg="Tool required for debug" tool="arduino:dfu-util@0.11.0-arduino5"
time="2026-02-04T17:39:30Z" level=info msg="Tool required for debug" tool="esp32:esp-rv32@2511"
time="2026-02-04T17:39:30Z" level=info msg="Tool required for debug" tool="esp32:esp-x32@2511"
2026-02-04 17:39:30 2026-02-04T17:39:30.108Z daemon INFO time="2026-02-04T17:39:30Z" level=info msg="Tool required for debug" tool="esp32:esp32-libs@3.3.6"
time="2026-02-04T17:39:30Z" level=info msg="Tool required for debug" tool="esp32:esp32c3-libs@3.3.6"
time="2026-02-04T17:39:30Z" level=info msg="Tool required for debug" tool="esp32:esp32c5-libs@3.3.6"
time="2026-02-04T17:39:30Z" level=info msg="Tool required for debug" tool="esp32:esp32c6-libs@3.3.6"
time="2026-02-04T17:39:30Z" level=info msg="Tool required for debug" tool="esp32:esp32h2-libs@3.3.6"
time="2026-02-04T17:39:30Z" level=info msg="Tool required for debug" tool="esp32:esp32p4-libs@3.3.6"
time="2026-02-04T17:39:30Z" level=info msg="Tool required for debug" tool="esp32:esp32p4_es-libs@3.3.6"
time="2026-02-04T17:39:30Z" level=info msg="Tool required for debug" tool="esp32:esp32s2-libs@3.3.6"
2026-02-04 17:39:30 2026-02-04T17:39:30.108Z daemon INFO time="2026-02-04T17:39:30Z" level=info msg="Tool required for debug" tool="esp32:esp32s3-libs@3.3.6"
time="2026-02-04T17:39:30Z" level=info msg="Tool required for debug" tool="esp32:esptool_py@5.1.0"
time="2026-02-04T17:39:30Z" level=info msg="Tool required for debug" tool="esp32:mklittlefs@4.0.2-db0513a"
time="2026-02-04T17:39:30Z" level=info msg="Tool required for debug" tool="esp32:mkspiffs@0.2.3"
time="2026-02-04T17:39:30Z" level=info msg="Tool required for debug" tool="esp32:openocd-esp32@v0.12.0-esp32-20251215"
2026-02-04 17:39:30 2026-02-04T17:39:30.108Z daemon INFO time="2026-02-04T17:39:30Z" level=info msg="Tool required for debug" tool="esp32:riscv32-esp-elf-gdb@16.3_20250913"
time="2026-02-04T17:39:30Z" level=info msg="Tool required for debug" tool="esp32:xtensa-esp-elf-gdb@16.3_20250913"
time="2026-02-04T17:39:30Z" level=info msg="Tool required for debug" tool="builtin:serial-monitor@0.15.0"
2026-02-04 17:39:30 2026-02-04T17:39:30.108Z daemon INFO time="2026-02-04T17:39:30Z" level=info msg="Tool required for debug" tool="builtin:mdns-discovery@1.0.12"
2026-02-04 17:39:30 2026-02-04T17:39:30.108Z daemon INFO time="2026-02-04T17:39:30Z" level=info msg="Tool required for debug" tool="builtin:ctags@5.8-arduino11"
time="2026-02-04T17:39:30Z" level=info msg="Tool required for debug" tool="builtin:dfu-discovery@0.1.2"
time="2026-02-04T17:39:30Z" level=info msg="Tool required for debug" tool="arduino:avr-gcc@7.3.0-atmel3.6.1-arduino7"
2026-02-04 17:39:30 2026-02-04T17:39:30.108Z daemon INFO time="2026-02-04T17:39:30Z" level=info msg="Tool required for debug" tool="builtin:serial-discovery@1.4.3"
time="2026-02-04T17:39:30Z" level=info msg="Tool required for debug" tool="arduino:arduinoOTA@1.3.0"
2026-02-04 17:39:30 2026-02-04T17:39:30.108Z daemon INFO time="2026-02-04T17:39:30Z" level=info msg="Tool required for debug" tool="arduino:avrdude@8.0.0-arduino1"
2026-02-04 17:39:30 2026-02-04T17:39:30.109Z daemon INFO time="2026-02-04T17:39:30Z" level=info msg="Tool required for debug" tool="arduino:dfu-util@0.11.0-arduino5"
time="2026-02-04T17:39:30Z" level=info msg="Tool required for debug" tool="esp32:esp-rv32@2511"
2026-02-04 17:39:30 2026-02-04T17:39:30.109Z daemon INFO time="2026-02-04T17:39:30Z" level=info msg="Tool required for debug" tool="esp32:esp-x32@2511"
time="2026-02-04T17:39:30Z" level=info msg="Tool required for debug" tool="esp32:esp32-libs@3.3.6"
time="2026-02-04T17:39:30Z" level=info msg="Tool required for debug" tool="esp32:esp32c3-libs@3.3.6"
time="2026-02-04T17:39:30Z" level=info msg="Tool required for debug" tool="esp32:esp32c5-libs@3.3.6"
time="2026-02-04T17:39:30Z" level=info msg="Tool required for debug" tool="esp32:esp32c6-libs@3.3.6"
2026-02-04 17:39:30 2026-02-04T17:39:30.109Z daemon INFO time="2026-02-04T17:39:30Z" level=info msg="Tool required for debug" tool="esp32:esp32h2-libs@3.3.6"
time="2026-02-04T17:39:30Z" level=info msg="Tool required for debug" tool="esp32:esp32p4-libs@3.3.6"
time="2026-02-04T17:39:30Z" level=info msg="Tool required for debug" tool="esp32:esp32p4_es-libs@3.3.6"
time="2026-02-04T17:39:30Z" level=info msg="Tool required for debug" tool="esp32:esp32s2-libs@3.3.6"
2026-02-04 17:39:30 2026-02-04T17:39:30.109Z daemon INFO time="2026-02-04T17:39:30Z" level=info msg="Tool required for debug" tool="esp32:esp32s3-libs@3.3.6"
time="2026-02-04T17:39:30Z" level=info msg="Tool required for debug" tool="esp32:esptool_py@5.1.0"
time="2026-02-04T17:39:30Z" level=info msg="Tool required for debug" tool="esp32:mklittlefs@4.0.2-db0513a"
2026-02-04 17:39:30 2026-02-04T17:39:30.109Z daemon INFO time="2026-02-04T17:39:30Z" level=info msg="Tool required for debug" tool="esp32:mkspiffs@0.2.3"
2026-02-04 17:39:30 2026-02-04T17:39:30.109Z daemon INFO time="2026-02-04T17:39:30Z" level=info msg="Tool required for debug" tool="esp32:openocd-esp32@v0.12.0-esp32-20251215"
2026-02-04 17:39:30 2026-02-04T17:39:30.109Z daemon INFO time="2026-02-04T17:39:30Z" level=info msg="Tool required for debug" tool="esp32:riscv32-esp-elf-gdb@16.3_20250913"
2026-02-04 17:39:30 2026-02-04T17:39:30.109Z daemon INFO time="2026-02-04T17:39:30Z" level=info msg="Tool required for debug" tool="esp32:xtensa-esp-elf-gdb@16.3_20250913"
time="2026-02-04T17:39:30Z" level=info msg="Tool required for debug" tool="builtin:serial-monitor@0.15.0"
2026-02-04 17:39:30 2026-02-04T17:39:30.109Z daemon INFO time="2026-02-04T17:39:30Z" level=info msg="Tool required for debug" tool="builtin:mdns-discovery@1.0.12"
2026-02-04 17:39:30 2026-02-04T17:39:30.109Z daemon INFO time="2026-02-04T17:39:30Z" level=info msg="Tool required for debug" tool="arduino:avr-gcc@7.3.0-atmel3.6.1-arduino7"
time="2026-02-04T17:39:30Z" level=info msg="Tool required for debug" tool="arduino:avrdude@8.0.0-arduino1"
time="2026-02-04T17:39:30Z" level=info msg="Tool required for debug" tool="builtin:dfu-discovery@0.1.2"
2026-02-04 17:39:30 2026-02-04T17:39:30.109Z daemon INFO time="2026-02-04T17:39:30Z" level=info msg="Tool required for debug" tool="builtin:serial-discovery@1.4.3"
time="2026-02-04T17:39:30Z" level=info msg="Tool required for debug" tool="builtin:ctags@5.8-arduino11"
2026-02-04 17:39:30 2026-02-04T17:39:30.109Z daemon INFO time="2026-02-04T17:39:30Z" level=info msg="Tool required for debug" tool="arduino:arduinoOTA@1.3.0"
2026-02-04 17:39:30 2026-02-04T17:39:30.110Z daemon INFO time="2026-02-04T17:39:30Z" level=info msg="Tool required for debug" tool="arduino:dfu-util@0.11.0-arduino5"
time="2026-02-04T17:39:30Z" level=info msg="Tool required for debug" tool="esp32:esp-rv32@2511"
2026-02-04 17:39:30 2026-02-04T17:39:30.110Z daemon INFO time="2026-02-04T17:39:30Z" level=info msg="Tool required for debug" tool="esp32:esp-x32@2511"
time="2026-02-04T17:39:30Z" level=info msg="Tool required for debug" tool="esp32:esp32-libs@3.3.6"
time="2026-02-04T17:39:30Z" level=info msg="Tool required for debug" tool="esp32:esp32c3-libs@3.3.6"
time="2026-02-04T17:39:30Z" level=info msg="Tool required for debug" tool="esp32:esp32c5-libs@3.3.6"
time="2026-02-04T17:39:30Z" level=info msg="Tool required for debug" tool="esp32:esp32c6-libs@3.3.6"
2026-02-04 17:39:30 2026-02-04T17:39:30.110Z daemon INFO time="2026-02-04T17:39:30Z" level=info msg="Tool required for debug" tool="esp32:esp32h2-libs@3.3.6"
time="2026-02-04T17:39:30Z" level=info msg="Tool required for debug" tool="esp32:esp32p4-libs@3.3.6"
time="2026-02-04T17:39:30Z" level=info msg="Tool required for debug" tool="esp32:esp32p4_es-libs@3.3.6"
time="2026-02-04T17:39:30Z" level=info msg="Tool required for debug" tool="esp32:esp32s2-libs@3.3.6"
2026-02-04 17:39:30 2026-02-04T17:39:30.110Z daemon INFO time="2026-02-04T17:39:30Z" level=info msg="Tool required for debug" tool="esp32:esp32s3-libs@3.3.6"
time="2026-02-04T17:39:30Z" level=info msg="Tool required for debug" tool="esp32:esptool_py@5.1.0"
time="2026-02-04T17:39:30Z" level=info msg="Tool required for debug" tool="esp32:mklittlefs@4.0.2-db0513a"
2026-02-04 17:39:30 2026-02-04T17:39:30.111Z daemon INFO time="2026-02-04T17:39:30Z" level=info msg="Tool required for debug" tool="esp32:mkspiffs@0.2.3"
time="2026-02-04T17:39:30Z" level=info msg="Tool required for debug" tool="esp32:openocd-esp32@v0.12.0-esp32-20251215"
time="2026-02-04T17:39:30Z" level=info msg="Tool required for debug" tool="esp32:riscv32-esp-elf-gdb@16.3_20250913"
2026-02-04 17:39:30 2026-02-04T17:39:30.111Z daemon INFO time="2026-02-04T17:39:30Z" level=info msg="Tool required for debug" tool="esp32:xtensa-esp-elf-gdb@16.3_20250913"
time="2026-02-04T17:39:30Z" level=info msg="Tool required for debug" tool="builtin:serial-monitor@0.15.0"
2026-02-04 17:39:30 2026-02-04T17:39:30.111Z daemon INFO time="2026-02-04T17:39:30Z" level=info msg="Tool required for debug" tool="builtin:mdns-discovery@1.0.12"
time="2026-02-04T17:39:30Z" level=info msg="Tool required for debug" tool="builtin:serial-discovery@1.4.3"
2026-02-04 17:39:30 2026-02-04T17:39:30.111Z daemon INFO time="2026-02-04T17:39:30Z" level=info msg="Tool required for debug" tool="arduino:avr-gcc@7.3.0-atmel3.6.1-arduino7"
time="2026-02-04T17:39:30Z" level=info msg="Tool required for debug" tool="builtin:dfu-discovery@0.1.2"
2026-02-04 17:39:30 2026-02-04T17:39:30.111Z daemon INFO time="2026-02-04T17:39:30Z" level=info msg="Tool required for debug" tool="arduino:arduinoOTA@1.3.0"
time="2026-02-04T17:39:30Z" level=info msg="Tool required for debug" tool="arduino:avrdude@8.0.0-arduino1"
time="2026-02-04T17:39:30Z" level=info msg="Tool required for debug" tool="builtin:ctags@5.8-arduino11"
2026-02-04 17:39:30 2026-02-04T17:39:30.112Z daemon INFO time="2026-02-04T17:39:30Z" level=info msg="Tool required for debug" tool="arduino:dfu-util@0.11.0-arduino5"
time="2026-02-04T17:39:30Z" level=info msg="Tool required for debug" tool="esp32:esp-rv32@2511"
time="2026-02-04T17:39:30Z" level=info msg="Tool required for debug" tool="esp32:esp-x32@2511"
2026-02-04 17:39:30 2026-02-04T17:39:30.112Z daemon INFO time="2026-02-04T17:39:30Z" level=info msg="Tool required for debug" tool="esp32:esp32-libs@3.3.6"
time="2026-02-04T17:39:30Z" level=info msg="Tool required for debug" tool="esp32:esp32c3-libs@3.3.6"
time="2026-02-04T17:39:30Z" level=info msg="Tool required for debug" tool="esp32:esp32c5-libs@3.3.6"
time="2026-02-04T17:39:30Z" level=info msg="Tool required for debug" tool="esp32:esp32c6-libs@3.3.6"
time="2026-02-04T17:39:30Z" level=info msg="Tool required for debug" tool="esp32:esp32h2-libs@3.3.6"
time="2026-02-04T17:39:30Z" level=info msg="Tool required for debug" tool="esp32:esp32p4-libs@3.3.6"
time="2026-02-04T17:39:30Z" level=info msg="Tool required for debug" tool="esp32:esp32p4_es-libs@3.3.6"
time="2026-02-04T17:39:30Z" level=info msg="Tool required for debug" tool="esp32:esp32s2-libs@3.3.6"
time="2026-02-04T17:39:30Z" level=info msg="Tool required for debug" tool="esp32:esp32s3-libs@3.3.6"
time="2026-02-04T17:39:30Z" level=info msg="Tool required for debug" tool="esp32:esptool_py@5.1.0"
time="2026-02-04T17:39:30Z" level=info msg="Tool required for debug" tool="esp32:mklittlefs@4.0.2-db0513a"
2026-02-04 17:39:30 2026-02-04T17:39:30.112Z daemon INFO time="2026-02-04T17:39:30Z" level=info msg="Tool required for debug" tool="esp32:mkspiffs@0.2.3"
time="2026-02-04T17:39:30Z" level=info msg="Tool required for debug" tool="esp32:openocd-esp32@v0.12.0-esp32-20251215"
time="2026-02-04T17:39:30Z" level=info msg="Tool required for debug" tool="esp32:riscv32-esp-elf-gdb@16.3_20250913"
time="2026-02-04T17:39:30Z" level=info msg="Tool required for debug" tool="esp32:xtensa-esp-elf-gdb@16.3_20250913"
time="2026-02-04T17:39:30Z" level=info msg="Tool required for debug" tool="builtin:dfu-discovery@0.1.2"
time="2026-02-04T17:39:30Z" level=info msg="Tool required for debug" tool="arduino:arduinoOTA@1.3.0"
time="2026-02-04T17:39:30Z" level=info msg="Tool required for debug" tool="arduino:avrdude@8.0.0-arduino1"
2026-02-04 17:39:30 2026-02-04T17:39:30.112Z daemon INFO time="2026-02-04T17:39:30Z" level=info msg="Tool required for debug" tool="builtin:serial-discovery@1.4.3"
time="2026-02-04T17:39:30Z" level=info msg="Tool required for debug" tool="arduino:avr-gcc@7.3.0-atmel3.6.1-arduino7"
time="2026-02-04T17:39:30Z" level=info msg="Tool required for debug" tool="builtin:serial-monitor@0.15.0"
time="2026-02-04T17:39:30Z" level=info msg="Tool required for debug" tool="builtin:mdns-discovery@1.0.12"
2026-02-04 17:39:30 2026-02-04T17:39:30.112Z daemon INFO time="2026-02-04T17:39:30Z" level=info msg="Tool required for debug" tool="builtin:ctags@5.8-arduino11"
2026-02-04 17:39:30 2026-02-04T17:39:30.113Z daemon INFO time="2026-02-04T17:39:30Z" level=info msg="Tool required for debug" tool="arduino:dfu-util@0.11.0-arduino5"
time="2026-02-04T17:39:30Z" level=info msg="Tool required for debug" tool="esp32:esp-rv32@2511"
2026-02-04 17:39:30 2026-02-04T17:39:30.113Z daemon INFO time="2026-02-04T17:39:30Z" level=info msg="Tool required for debug" tool="esp32:esp-x32@2511"
time="2026-02-04T17:39:30Z" level=info msg="Tool required for debug" tool="esp32:esp32-libs@3.3.6"
time="2026-02-04T17:39:30Z" level=info msg="Tool required for debug" tool="esp32:esp32c3-libs@3.3.6"
time="2026-02-04T17:39:30Z" level=info msg="Tool required for debug" tool="esp32:esp32c5-libs@3.3.6"
2026-02-04 17:39:30 2026-02-04T17:39:30.113Z daemon INFO time="2026-02-04T17:39:30Z" level=info msg="Tool required for debug" tool="esp32:esp32c6-libs@3.3.6"
time="2026-02-04T17:39:30Z" level=info msg="Tool required for debug" tool="esp32:esp32h2-libs@3.3.6"
2026-02-04 17:39:30 2026-02-04T17:39:30.113Z daemon INFO time="2026-02-04T17:39:30Z" level=info msg="Tool required for debug" tool="esp32:esp32p4-libs@3.3.6"
time="2026-02-04T17:39:30Z" level=info msg="Tool required for debug" tool="esp32:esp32p4_es-libs@3.3.6"
2026-02-04 17:39:30 2026-02-04T17:39:30.113Z daemon INFO time="2026-02-04T17:39:30Z" level=info msg="Tool required for debug" tool="esp32:esp32s2-libs@3.3.6"
2026-02-04 17:39:30 2026-02-04T17:39:30.113Z daemon INFO time="2026-02-04T17:39:30Z" level=info msg="Tool required for debug" tool="esp32:esp32s3-libs@3.3.6"
2026-02-04 17:39:30 2026-02-04T17:39:30.113Z daemon INFO time="2026-02-04T17:39:30Z" level=info msg="Tool required for debug" tool="esp32:esptool_py@5.1.0"
2026-02-04 17:39:30 2026-02-04T17:39:30.113Z daemon INFO time="2026-02-04T17:39:30Z" level=info msg="Tool required for debug" tool="esp32:mklittlefs@4.0.2-db0513a"
2026-02-04 17:39:30 2026-02-04T17:39:30.113Z daemon INFO time="2026-02-04T17:39:30Z" level=info msg="Tool required for debug" tool="esp32:mkspiffs@0.2.3"
2026-02-04 17:39:30 2026-02-04T17:39:30.113Z daemon INFO time="2026-02-04T17:39:30Z" level=info msg="Tool required for debug" tool="esp32:openocd-esp32@v0.12.0-esp32-20251215"
2026-02-04 17:39:30 2026-02-04T17:39:30.113Z daemon INFO time="2026-02-04T17:39:30Z" level=info msg="Tool required for debug" tool="esp32:riscv32-esp-elf-gdb@16.3_20250913"
time="2026-02-04T17:39:30Z" level=info msg="Tool required for debug" tool="esp32:xtensa-esp-elf-gdb@16.3_20250913"
2026-02-04 17:39:30 2026-02-04T17:39:30.113Z daemon INFO time="2026-02-04T17:39:30Z" level=info msg="Tool required for debug" tool="builtin:serial-discovery@1.4.3"
2026-02-04 17:39:30 2026-02-04T17:39:30.113Z daemon INFO time="2026-02-04T17:39:30Z" level=info msg="Tool required for debug" tool="builtin:dfu-discovery@0.1.2"
2026-02-04 17:39:30 2026-02-04T17:39:30.113Z daemon INFO time="2026-02-04T17:39:30Z" level=info msg="Tool required for debug" tool="arduino:arduinoOTA@1.3.0"
2026-02-04 17:39:30 2026-02-04T17:39:30.113Z daemon INFO time="2026-02-04T17:39:30Z" level=info msg="Tool required for debug" tool="builtin:mdns-discovery@1.0.12"
2026-02-04 17:39:30 2026-02-04T17:39:30.113Z daemon INFO time="2026-02-04T17:39:30Z" level=info msg="Tool required for debug" tool="builtin:ctags@5.8-arduino11"
2026-02-04 17:39:30 2026-02-04T17:39:30.113Z daemon INFO time="2026-02-04T17:39:30Z" level=info msg="Tool required for debug" tool="builtin:serial-monitor@0.15.0"
2026-02-04 17:39:30 2026-02-04T17:39:30.113Z daemon INFO time="2026-02-04T17:39:30Z" level=info msg="Tool required for debug" tool="arduino:avrdude@8.0.0-arduino1"
2026-02-04 17:39:30 2026-02-04T17:39:30.113Z daemon INFO time="2026-02-04T17:39:30Z" level=info msg="Tool required for debug" tool="arduino:avr-gcc@7.3.0-atmel3.6.1-arduino7"
2026-02-04 17:39:30 2026-02-04T17:39:30.115Z daemon INFO time="2026-02-04T17:39:30Z" level=info msg="Tool required for debug" tool="arduino:dfu-util@0.11.0-arduino5"
time="2026-02-04T17:39:30Z" level=info msg="Tool required for debug" tool="esp32:esp-rv32@2511"
time="2026-02-04T17:39:30Z" level=info msg="Tool required for debug" tool="esp32:esp-x32@2511"
2026-02-04 17:39:30 2026-02-04T17:39:30.115Z daemon INFO time="2026-02-04T17:39:30Z" level=info msg="Tool required for debug" tool="esp32:esp32-libs@3.3.6"
time="2026-02-04T17:39:30Z" level=info msg="Tool required for debug" tool="esp32:esp32c3-libs@3.3.6"
time="2026-02-04T17:39:30Z" level=info msg="Tool required for debug" tool="esp32:esp32c5-libs@3.3.6"
time="2026-02-04T17:39:30Z" level=info msg="Tool required for debug" tool="esp32:esp32c6-libs@3.3.6"
time="2026-02-04T17:39:30Z" level=info msg="Tool required for debug" tool="esp32:esp32h2-libs@3.3.6"
time="2026-02-04T17:39:30Z" level=info msg="Tool required for debug" tool="esp32:esp32p4-libs@3.3.6"
2026-02-04 17:39:30 2026-02-04T17:39:30.115Z daemon INFO time="2026-02-04T17:39:30Z" level=info msg="Tool required for debug" tool="esp32:esp32p4_es-libs@3.3.6"
time="2026-02-04T17:39:30Z" level=info msg="Tool required for debug" tool="esp32:esp32s2-libs@3.3.6"
2026-02-04 17:39:30 2026-02-04T17:39:30.115Z daemon INFO time="2026-02-04T17:39:30Z" level=info msg="Tool required for debug" tool="esp32:esp32s3-libs@3.3.6"
2026-02-04 17:39:30 2026-02-04T17:39:30.115Z daemon INFO time="2026-02-04T17:39:30Z" level=info msg="Tool required for debug" tool="esp32:esptool_py@5.1.0"
time="2026-02-04T17:39:30Z" level=info msg="Tool required for debug" tool="esp32:mklittlefs@4.0.2-db0513a"
2026-02-04 17:39:30 2026-02-04T17:39:30.115Z daemon INFO time="2026-02-04T17:39:30Z" level=info msg="Tool required for debug" tool="esp32:mkspiffs@0.2.3"
2026-02-04 17:39:30 2026-02-04T17:39:30.115Z daemon INFO time="2026-02-04T17:39:30Z" level=info msg="Tool required for debug" tool="esp32:openocd-esp32@v0.12.0-esp32-20251215"
time="2026-02-04T17:39:30Z" level=info msg="Tool required for debug" tool="esp32:riscv32-esp-elf-gdb@16.3_20250913"
time="2026-02-04T17:39:30Z" level=info msg="Tool required for debug" tool="esp32:xtensa-esp-elf-gdb@16.3_20250913"
time="2026-02-04T17:39:30Z" level=info msg="Tool required for debug" tool="builtin:serial-monitor@0.15.0"
time="2026-02-04T17:39:30Z" level=info msg="Tool required for debug" tool="arduino:arduinoOTA@1.3.0"
time="2026-02-04T17:39:30Z" level=info msg="Tool required for debug" tool="arduino:avrdude@8.0.0-arduino1"
time="2026-02-04T17:39:30Z" level=info msg="Tool required for debug" tool="builtin:serial-discovery@1.4.3"
time="2026-02-04T17:39:30Z" level=info msg="Tool required for debug" tool="builtin:dfu-discovery@0.1.2"
time="2026-02-04T17:39:30Z" level=info msg="Tool required for debug" tool="builtin:mdns-discovery@1.0.12"
time="2026-02-04T17:39:30Z" level=info msg="Tool required for debug" tool="arduino:avr-gcc@7.3.0-atmel3.6.1-arduino7"
time="2026-02-04T17:39:30Z" level=info msg="Tool required for debug" tool="builtin:ctags@5.8-arduino11"
2026-02-04 17:39:30 2026-02-04T17:39:30.116Z daemon INFO time="2026-02-04T17:39:30Z" level=info msg="Tool required for debug" tool="arduino:dfu-util@0.11.0-arduino5"
time="2026-02-04T17:39:30Z" level=info msg="Tool required for debug" tool="esp32:esp-rv32@2511"
2026-02-04 17:39:30 2026-02-04T17:39:30.116Z daemon INFO time="2026-02-04T17:39:30Z" level=info msg="Tool required for debug" tool="esp32:esp-x32@2511"
time="2026-02-04T17:39:30Z" level=info msg="Tool required for debug" tool="esp32:esp32-libs@3.3.6"
time="2026-02-04T17:39:30Z" level=info msg="Tool required for debug" tool="esp32:esp32c3-libs@3.3.6"
time="2026-02-04T17:39:30Z" level=info msg="Tool required for debug" tool="esp32:esp32c5-libs@3.3.6"
time="2026-02-04T17:39:30Z" level=info msg="Tool required for debug" tool="esp32:esp32c6-libs@3.3.6"
2026-02-04 17:39:30 2026-02-04T17:39:30.116Z daemon INFO time="2026-02-04T17:39:30Z" level=info msg="Tool required for debug" tool="esp32:esp32h2-libs@3.3.6"
time="2026-02-04T17:39:30Z" level=info msg="Tool required for debug" tool="esp32:esp32p4-libs@3.3.6"
time="2026-02-04T17:39:30Z" level=info msg="Tool required for debug" tool="esp32:esp32p4_es-libs@3.3.6"
2026-02-04 17:39:30 2026-02-04T17:39:30.116Z daemon INFO time="2026-02-04T17:39:30Z" level=info msg="Tool required for debug" tool="esp32:esp32s2-libs@3.3.6"
time="2026-02-04T17:39:30Z" level=info msg="Tool required for debug" tool="esp32:esp32s3-libs@3.3.6"
2026-02-04 17:39:30 2026-02-04T17:39:30.116Z daemon INFO time="2026-02-04T17:39:30Z" level=info msg="Tool required for debug" tool="esp32:esptool_py@5.1.0"
2026-02-04 17:39:30 2026-02-04T17:39:30.116Z daemon INFO time="2026-02-04T17:39:30Z" level=info msg="Tool required for debug" tool="esp32:mklittlefs@4.0.2-db0513a"
time="2026-02-04T17:39:30Z" level=info msg="Tool required for debug" tool="esp32:mkspiffs@0.2.3"
2026-02-04 17:39:30 2026-02-04T17:39:30.116Z daemon INFO time="2026-02-04T17:39:30Z" level=info msg="Tool required for debug" tool="esp32:openocd-esp32@v0.12.0-esp32-20251215"
2026-02-04 17:39:30 2026-02-04T17:39:30.116Z daemon INFO time="2026-02-04T17:39:30Z" level=info msg="Tool required for debug" tool="esp32:riscv32-esp-elf-gdb@16.3_20250913"
time="2026-02-04T17:39:30Z" level=info msg="Tool required for debug" tool="esp32:xtensa-esp-elf-gdb@16.3_20250913"
2026-02-04 17:39:30 2026-02-04T17:39:30.116Z daemon INFO time="2026-02-04T17:39:30Z" level=info msg="Tool required for debug" tool="arduino:avr-gcc@7.3.0-atmel3.6.1-arduino7"
time="2026-02-04T17:39:30Z" level=info msg="Tool required for debug" tool="arduino:avrdude@8.0.0-arduino1"
2026-02-04 17:39:30 2026-02-04T17:39:30.116Z daemon INFO time="2026-02-04T17:39:30Z" level=info msg="Tool required for debug" tool="builtin:serial-monitor@0.15.0"
2026-02-04 17:39:30 2026-02-04T17:39:30.116Z daemon INFO time="2026-02-04T17:39:30Z" level=info msg="Tool required for debug" tool="builtin:ctags@5.8-arduino11"
2026-02-04 17:39:30 2026-02-04T17:39:30.116Z daemon INFO time="2026-02-04T17:39:30Z" level=info msg="Tool required for debug" tool="arduino:arduinoOTA@1.3.0"
2026-02-04 17:39:30 2026-02-04T17:39:30.116Z daemon INFO time="2026-02-04T17:39:30Z" level=info msg="Tool required for debug" tool="builtin:serial-discovery@1.4.3"
2026-02-04 17:39:30 2026-02-04T17:39:30.116Z daemon INFO time="2026-02-04T17:39:30Z" level=info msg="Tool required for debug" tool="builtin:dfu-discovery@0.1.2"
2026-02-04 17:39:30 2026-02-04T17:39:30.116Z daemon INFO time="2026-02-04T17:39:30Z" level=info msg="Tool required for debug" tool="builtin:mdns-discovery@1.0.12"
2026-02-04 17:39:31 2026-02-04T17:39:31.081Z daemon INFO time="2026-02-04T17:39:31Z" level=info msg="Adding libraries dir" dir=/home/shrek/.arduino15/libraries isSingleLibrary=false location=ide
2026-02-04 17:39:31 2026-02-04T17:39:31.081Z daemon INFO time="2026-02-04T17:39:31Z" level=info msg="Adding libraries dir" dir=/home/shrek/.arduino15/packages/esp32/hardware/esp32/3.3.6/libraries isSingleLibrary=false location=platform
time="2026-02-04T17:39:31Z" level=info msg="Adding libraries dir" dir=/home/shrek/Arduino/libraries isSingleLibrary=false location=user
2026-02-04 17:39:36 2026-02-04T17:39:36.878Z root INFO Received port after upload [arduino+serial:///dev/ttyUSB0, esp32:esp32:esp32h2:UploadSpeed=921600,CDCOnBoot=default,FlashFreq=64,FlashMode=qio,FlashSize=4M,PartitionScheme=default,DebugLevel=none,EraseFlash=none,JTAGAdapter=default,ZigbeeMode=default, led.ino]. Before port: {"protocol":"serial","address":"/dev/ttyUSB0"}, after port: {"address":"/dev/ttyUSB0","addressLabel":"/dev/ttyUSB0","protocol":"serial","protocolLabel":"Serial Port (USB)","properties":{"pid":"0xea60","serialNumber":"e2dc2d4b6971f011b9be029f1045c30f","vid":"0x10c4"},"hardwareId":"e2dc2d4b6971f011b9be029f1045c30f"}
2026-02-04 17:53:41 2026-02-04T17:53:41.913Z daemon INFO time="2026-02-04T17:53:41Z" level=info msg="Adding libraries dir" dir=/home/shrek/.arduino15/libraries isSingleLibrary=false location=ide
time="2026-02-04T17:53:41Z" level=info msg="Adding libraries dir" dir=/home/shrek/.arduino15/packages/esp32/hardware/esp32/3.3.6/libraries isSingleLibrary=false location=platform
time="2026-02-04T17:53:41Z" level=info msg="Adding libraries dir" dir=/home/shrek/Arduino/libraries isSingleLibrary=false location=user
2026-02-04 17:53:43 2026-02-04T17:53:43.726Z daemon INFO time="2026-02-04T17:53:43Z" level=info msg="Adding libraries dir" dir=/home/shrek/.arduino15/libraries isSingleLibrary=false location=ide
2026-02-04 17:53:43 2026-02-04T17:53:43.726Z daemon INFO time="2026-02-04T17:53:43Z" level=info msg="Adding libraries dir" dir=/home/shrek/.arduino15/packages/esp32/hardware/esp32/3.3.6/libraries isSingleLibrary=false location=platform
time="2026-02-04T17:53:43Z" level=info msg="Adding libraries dir" dir=/home/shrek/Arduino/libraries isSingleLibrary=false location=user
2026-02-04 17:53:48 2026-02-04T17:53:48.919Z daemon INFO time="2026-02-04T17:53:48Z" level=info msg="Adding libraries dir" dir=/home/shrek/.arduino15/libraries isSingleLibrary=false location=ide
2026-02-04 17:53:48 2026-02-04T17:53:48.919Z daemon INFO time="2026-02-04T17:53:48Z" level=info msg="Adding libraries dir" dir=/home/shrek/.arduino15/packages/esp32/hardware/esp32/3.3.6/libraries isSingleLibrary=false location=platform
time="2026-02-04T17:53:48Z" level=info msg="Adding libraries dir" dir=/home/shrek/Arduino/libraries isSingleLibrary=false location=user
2026-02-04 17:53:49 2026-02-04T17:53:49.525Z daemon INFO time="2026-02-04T17:53:49Z" level=info msg="Adding libraries dir" dir=/home/shrek/.arduino15/libraries isSingleLibrary=false location=ide
time="2026-02-04T17:53:49Z" level=info msg="Adding libraries dir" dir=/home/shrek/.arduino15/packages/esp32/hardware/esp32/3.3.6/libraries isSingleLibrary=false location=platform
2026-02-04 17:53:49 2026-02-04T17:53:49.525Z daemon INFO time="2026-02-04T17:53:49Z" level=info msg="Adding libraries dir" dir=/home/shrek/Arduino/libraries isSingleLibrary=false location=user
2026-02-04 17:53:50 2026-02-04T17:53:50.127Z daemon INFO time="2026-02-04T17:53:50Z" level=info msg="Resolving include FastLED.h for arch esp32"
time="2026-02-04T17:53:50Z" level=info msg="  found better lib" lib=FastLED prio=6A7
2026-02-04 17:53:50 2026-02-04T17:53:50.737Z daemon INFO time="2026-02-04T17:53:50Z" level=info msg="Adding libraries dir" dir=/home/shrek/.arduino15/libraries isSingleLibrary=false location=ide
2026-02-04 17:53:50 2026-02-04T17:53:50.737Z daemon INFO time="2026-02-04T17:53:50Z" level=info msg="Adding libraries dir" dir=/home/shrek/.arduino15/packages/esp32/hardware/esp32/3.3.6/libraries isSingleLibrary=false location=platform
time="2026-02-04T17:53:50Z" level=info msg="Adding libraries dir" dir=/home/shrek/Arduino/libraries isSingleLibrary=false location=user
2026-02-04 17:53:52 2026-02-04T17:53:52.859Z root INFO Executing 'arduino.languageserver.notifyBuildDidComplete' with "file:///home/shrek/.cache/arduino/sketches/685F1B846501B9FC48DBBE71848122CF"
2026-02-04 17:53:52 2026-02-04T17:53:52.888Z daemon INFO time="2026-02-04T17:53:52Z" level=info msg="Tool required for debug" tool="arduino:dfu-util@0.11.0-arduino5"
time="2026-02-04T17:53:52Z" level=info msg="Tool required for debug" tool="esp32:esp-rv32@2511"
2026-02-04 17:53:52 2026-02-04T17:53:52.888Z daemon INFO time="2026-02-04T17:53:52Z" level=info msg="Tool required for debug" tool="esp32:esp-x32@2511"
time="2026-02-04T17:53:52Z" level=info msg="Tool required for debug" tool="esp32:esp32-libs@3.3.6"
time="2026-02-04T17:53:52Z" level=info msg="Tool required for debug" tool="esp32:esp32c3-libs@3.3.6"
time="2026-02-04T17:53:52Z" level=info msg="Tool required for debug" tool="esp32:esp32c5-libs@3.3.6"
time="2026-02-04T17:53:52Z" level=info msg="Tool required for debug" tool="esp32:esp32c6-libs@3.3.6"
time="2026-02-04T17:53:52Z" level=info msg="Tool required for debug" tool="esp32:esp32h2-libs@3.3.6"
time="2026-02-04T17:53:52Z" level=info msg="Tool required for debug" tool="esp32:esp32p4-libs@3.3.6"
time="2026-02-04T17:53:52Z" level=info msg="Tool required for debug" tool="esp32:esp32p4_es-libs@3.3.6"
time="2026-02-04T17:53:52Z" level=info msg="Tool required for debug" tool="esp32:esp32s2-libs@3.3.6"
2026-02-04 17:53:52 2026-02-04T17:53:52.888Z daemon INFO time="2026-02-04T17:53:52Z" level=info msg="Tool required for debug" tool="esp32:esp32s3-libs@3.3.6"
time="2026-02-04T17:53:52Z" level=info msg="Tool required for debug" tool="esp32:esptool_py@5.1.0"
time="2026-02-04T17:53:52Z" level=info msg="Tool required for debug" tool="esp32:mklittlefs@4.0.2-db0513a"
time="2026-02-04T17:53:52Z" level=info msg="Tool required for debug" tool="esp32:mkspiffs@0.2.3"
time="2026-02-04T17:53:52Z" level=info msg="Tool required for debug" tool="esp32:openocd-esp32@v0.12.0-esp32-20251215"
time="2026-02-04T17:53:52Z" level=info msg="Tool required for debug" tool="esp32:riscv32-esp-elf-gdb@16.3_20250913"
time="2026-02-04T17:53:52Z" level=info msg="Tool required for debug" tool="esp32:xtensa-esp-elf-gdb@16.3_20250913"
2026-02-04 17:53:52 2026-02-04T17:53:52.888Z daemon INFO time="2026-02-04T17:53:52Z" level=info msg="Tool required for debug" tool="builtin:mdns-discovery@1.0.12"
time="2026-02-04T17:53:52Z" level=info msg="Tool required for debug" tool="arduino:avr-gcc@7.3.0-atmel3.6.1-arduino7"
time="2026-02-04T17:53:52Z" level=info msg="Tool required for debug" tool="arduino:avrdude@8.0.0-arduino1"
time="2026-02-04T17:53:52Z" level=info msg="Tool required for debug" tool="builtin:ctags@5.8-arduino11"
2026-02-04 17:53:52 2026-02-04T17:53:52.888Z daemon INFO time="2026-02-04T17:53:52Z" level=info msg="Tool required for debug" tool="arduino:arduinoOTA@1.3.0"
time="2026-02-04T17:53:52Z" level=info msg="Tool required for debug" tool="builtin:dfu-discovery@0.1.2"
time="2026-02-04T17:53:52Z" level=info msg="Tool required for debug" tool="builtin:serial-discovery@1.4.3"
time="2026-02-04T17:53:52Z" level=info msg="Tool required for debug" tool="builtin:serial-monitor@0.15.0"
2026-02-04 17:53:52 2026-02-04T17:53:52.889Z daemon INFO time="2026-02-04T17:53:52Z" level=info msg="Tool required for debug" tool="arduino:dfu-util@0.11.0-arduino5"
time="2026-02-04T17:53:52Z" level=info msg="Tool required for debug" tool="esp32:esp-rv32@2511"
time="2026-02-04T17:53:52Z" level=info msg="Tool required for debug" tool="esp32:esp-x32@2511"
2026-02-04 17:53:52 2026-02-04T17:53:52.889Z daemon INFO time="2026-02-04T17:53:52Z" level=info msg="Tool required for debug" tool="esp32:esp32-libs@3.3.6"
time="2026-02-04T17:53:52Z" level=info msg="Tool required for debug" tool="esp32:esp32c3-libs@3.3.6"
time="2026-02-04T17:53:52Z" level=info msg="Tool required for debug" tool="esp32:esp32c5-libs@3.3.6"
time="2026-02-04T17:53:52Z" level=info msg="Tool required for debug" tool="esp32:esp32c6-libs@3.3.6"
time="2026-02-04T17:53:52Z" level=info msg="Tool required for debug" tool="esp32:esp32h2-libs@3.3.6"
time="2026-02-04T17:53:52Z" level=info msg="Tool required for debug" tool="esp32:esp32p4-libs@3.3.6"
time="2026-02-04T17:53:52Z" level=info msg="Tool required for debug" tool="esp32:esp32p4_es-libs@3.3.6"
time="2026-02-04T17:53:52Z" level=info msg="Tool required for debug" tool="esp32:esp32s2-libs@3.3.6"
2026-02-04 17:53:52 2026-02-04T17:53:52.889Z daemon INFO time="2026-02-04T17:53:52Z" level=info msg="Tool required for debug" tool="esp32:esp32s3-libs@3.3.6"
time="2026-02-04T17:53:52Z" level=info msg="Tool required for debug" tool="esp32:esptool_py@5.1.0"
time="2026-02-04T17:53:52Z" level=info msg="Tool required for debug" tool="esp32:mklittlefs@4.0.2-db0513a"
time="2026-02-04T17:53:52Z" level=info msg="Tool required for debug" tool="esp32:mkspiffs@0.2.3"
time="2026-02-04T17:53:52Z" level=info msg="Tool required for debug" tool="esp32:openocd-esp32@v0.12.0-esp32-20251215"
time="2026-02-04T17:53:52Z" level=info msg="Tool required for debug" tool="esp32:riscv32-esp-elf-gdb@16.3_20250913"
time="2026-02-04T17:53:52Z" level=info msg="Tool required for debug" tool="esp32:xtensa-esp-elf-gdb@16.3_20250913"
2026-02-04 17:53:52 2026-02-04T17:53:52.889Z daemon INFO time="2026-02-04T17:53:52Z" level=info msg="Tool required for debug" tool="arduino:arduinoOTA@1.3.0"
time="2026-02-04T17:53:52Z" level=info msg="Tool required for debug" tool="builtin:mdns-discovery@1.0.12"
time="2026-02-04T17:53:52Z" level=info msg="Tool required for debug" tool="builtin:serial-monitor@0.15.0"
time="2026-02-04T17:53:52Z" level=info msg="Tool required for debug" tool="arduino:avr-gcc@7.3.0-atmel3.6.1-arduino7"
time="2026-02-04T17:53:52Z" level=info msg="Tool required for debug" tool="arduino:avrdude@8.0.0-arduino1"
2026-02-04 17:53:52 2026-02-04T17:53:52.889Z daemon INFO time="2026-02-04T17:53:52Z" level=info msg="Tool required for debug" tool="builtin:serial-discovery@1.4.3"
time="2026-02-04T17:53:52Z" level=info msg="Tool required for debug" tool="builtin:ctags@5.8-arduino11"
time="2026-02-04T17:53:52Z" level=info msg="Tool required for debug" tool="builtin:dfu-discovery@0.1.2"
2026-02-04 17:53:52 2026-02-04T17:53:52.890Z daemon INFO time="2026-02-04T17:53:52Z" level=info msg="Tool required for debug" tool="arduino:dfu-util@0.11.0-arduino5"
time="2026-02-04T17:53:52Z" level=info msg="Tool required for debug" tool="esp32:esp-rv32@2511"
2026-02-04 17:53:52 2026-02-04T17:53:52.890Z daemon INFO time="2026-02-04T17:53:52Z" level=info msg="Tool required for debug" tool="esp32:esp-x32@2511"
time="2026-02-04T17:53:52Z" level=info msg="Tool required for debug" tool="esp32:esp32-libs@3.3.6"
time="2026-02-04T17:53:52Z" level=info msg="Tool required for debug" tool="esp32:esp32c3-libs@3.3.6"
time="2026-02-04T17:53:52Z" level=info msg="Tool required for debug" tool="esp32:esp32c5-libs@3.3.6"
time="2026-02-04T17:53:52Z" level=info msg="Tool required for debug" tool="esp32:esp32c6-libs@3.3.6"
time="2026-02-04T17:53:52Z" level=info msg="Tool required for debug" tool="esp32:esp32h2-libs@3.3.6"
time="2026-02-04T17:53:52Z" level=info msg="Tool required for debug" tool="esp32:esp32p4-libs@3.3.6"
time="2026-02-04T17:53:52Z" level=info msg="Tool required for debug" tool="esp32:esp32p4_es-libs@3.3.6"
2026-02-04 17:53:52 2026-02-04T17:53:52.890Z daemon INFO time="2026-02-04T17:53:52Z" level=info msg="Tool required for debug" tool="esp32:esp32s2-libs@3.3.6"
time="2026-02-04T17:53:52Z" level=info msg="Tool required for debug" tool="esp32:esp32s3-libs@3.3.6"
time="2026-02-04T17:53:52Z" level=info msg="Tool required for debug" tool="esp32:esptool_py@5.1.0"
time="2026-02-04T17:53:52Z" level=info msg="Tool required for debug" tool="esp32:mklittlefs@4.0.2-db0513a"
time="2026-02-04T17:53:52Z" level=info msg="Tool required for debug" tool="esp32:mkspiffs@0.2.3"
time="2026-02-04T17:53:52Z" level=info msg="Tool required for debug" tool="esp32:openocd-esp32@v0.12.0-esp32-20251215"
2026-02-04 17:53:52 2026-02-04T17:53:52.890Z daemon INFO time="2026-02-04T17:53:52Z" level=info msg="Tool required for debug" tool="esp32:riscv32-esp-elf-gdb@16.3_20250913"
time="2026-02-04T17:53:52Z" level=info msg="Tool required for debug" tool="esp32:xtensa-esp-elf-gdb@16.3_20250913"
time="2026-02-04T17:53:52Z" level=info msg="Tool required for debug" tool="builtin:serial-discovery@1.4.3"
time="2026-02-04T17:53:52Z" level=info msg="Tool required for debug" tool="arduino:arduinoOTA@1.3.0"
time="2026-02-04T17:53:52Z" level=info msg="Tool required for debug" tool="arduino:avr-gcc@7.3.0-atmel3.6.1-arduino7"
time="2026-02-04T17:53:52Z" level=info msg="Tool required for debug" tool="builtin:mdns-discovery@1.0.12"
2026-02-04 17:53:52 2026-02-04T17:53:52.890Z daemon INFO time="2026-02-04T17:53:52Z" level=info msg="Tool required for debug" tool="builtin:serial-monitor@0.15.0"
time="2026-02-04T17:53:52Z" level=info msg="Tool required for debug" tool="builtin:dfu-discovery@0.1.2"
time="2026-02-04T17:53:52Z" level=info msg="Tool required for debug" tool="builtin:ctags@5.8-arduino11"
2026-02-04 17:53:52 2026-02-04T17:53:52.890Z daemon INFO time="2026-02-04T17:53:52Z" level=info msg="Tool required for debug" tool="arduino:avrdude@8.0.0-arduino1"
2026-02-04 17:53:52 2026-02-04T17:53:52.892Z daemon INFO time="2026-02-04T17:53:52Z" level=info msg="Tool required for debug" tool="arduino:dfu-util@0.11.0-arduino5"
time="2026-02-04T17:53:52Z" level=info msg="Tool required for debug" tool="esp32:esp-rv32@2511"
2026-02-04 17:53:52 2026-02-04T17:53:52.892Z daemon INFO time="2026-02-04T17:53:52Z" level=info msg="Tool required for debug" tool="esp32:esp-x32@2511"
time="2026-02-04T17:53:52Z" level=info msg="Tool required for debug" tool="esp32:esp32-libs@3.3.6"
time="2026-02-04T17:53:52Z" level=info msg="Tool required for debug" tool="esp32:esp32c3-libs@3.3.6"
time="2026-02-04T17:53:52Z" level=info msg="Tool required for debug" tool="esp32:esp32c5-libs@3.3.6"
time="2026-02-04T17:53:52Z" level=info msg="Tool required for debug" tool="esp32:esp32c6-libs@3.3.6"
time="2026-02-04T17:53:52Z" level=info msg="Tool required for debug" tool="esp32:esp32h2-libs@3.3.6"
2026-02-04 17:53:52 2026-02-04T17:53:52.892Z daemon INFO time="2026-02-04T17:53:52Z" level=info msg="Tool required for debug" tool="esp32:esp32p4-libs@3.3.6"
time="2026-02-04T17:53:52Z" level=info msg="Tool required for debug" tool="esp32:esp32p4_es-libs@3.3.6"
time="2026-02-04T17:53:52Z" level=info msg="Tool required for debug" tool="esp32:esp32s2-libs@3.3.6"
time="2026-02-04T17:53:52Z" level=info msg="Tool required for debug" tool="esp32:esp32s3-libs@3.3.6"
time="2026-02-04T17:53:52Z" level=info msg="Tool required for debug" tool="esp32:esptool_py@5.1.0"
time="2026-02-04T17:53:52Z" level=info msg="Tool required for debug" tool="esp32:mklittlefs@4.0.2-db0513a"
2026-02-04 17:53:52 2026-02-04T17:53:52.892Z daemon INFO time="2026-02-04T17:53:52Z" level=info msg="Tool required for debug" tool="esp32:mkspiffs@0.2.3"
time="2026-02-04T17:53:52Z" level=info msg="Tool required for debug" tool="esp32:openocd-esp32@v0.12.0-esp32-20251215"
time="2026-02-04T17:53:52Z" level=info msg="Tool required for debug" tool="esp32:riscv32-esp-elf-gdb@16.3_20250913"
time="2026-02-04T17:53:52Z" level=info msg="Tool required for debug" tool="esp32:xtensa-esp-elf-gdb@16.3_20250913"
time="2026-02-04T17:53:52Z" level=info msg="Tool required for debug" tool="builtin:ctags@5.8-arduino11"
time="2026-02-04T17:53:52Z" level=info msg="Tool required for debug" tool="arduino:arduinoOTA@1.3.0"
2026-02-04 17:53:52 2026-02-04T17:53:52.892Z daemon INFO time="2026-02-04T17:53:52Z" level=info msg="Tool required for debug" tool="arduino:avrdude@8.0.0-arduino1"
time="2026-02-04T17:53:52Z" level=info msg="Tool required for debug" tool="arduino:avr-gcc@7.3.0-atmel3.6.1-arduino7"
time="2026-02-04T17:53:52Z" level=info msg="Tool required for debug" tool="builtin:serial-discovery@1.4.3"
time="2026-02-04T17:53:52Z" level=info msg="Tool required for debug" tool="builtin:mdns-discovery@1.0.12"
2026-02-04 17:53:52 2026-02-04T17:53:52.892Z daemon INFO time="2026-02-04T17:53:52Z" level=info msg="Tool required for debug" tool="builtin:serial-monitor@0.15.0"
time="2026-02-04T17:53:52Z" level=info msg="Tool required for debug" tool="builtin:dfu-discovery@0.1.2"
2026-02-04 17:53:52 2026-02-04T17:53:52.893Z daemon INFO time="2026-02-04T17:53:52Z" level=info msg="Tool required for debug" tool="arduino:dfu-util@0.11.0-arduino5"
time="2026-02-04T17:53:52Z" level=info msg="Tool required for debug" tool="esp32:esp-rv32@2511"
time="2026-02-04T17:53:52Z" level=info msg="Tool required for debug" tool="esp32:esp-x32@2511"
2026-02-04 17:53:52 2026-02-04T17:53:52.893Z daemon INFO time="2026-02-04T17:53:52Z" level=info msg="Tool required for debug" tool="esp32:esp32-libs@3.3.6"
time="2026-02-04T17:53:52Z" level=info msg="Tool required for debug" tool="esp32:esp32c3-libs@3.3.6"
time="2026-02-04T17:53:52Z" level=info msg="Tool required for debug" tool="esp32:esp32c5-libs@3.3.6"
time="2026-02-04T17:53:52Z" level=info msg="Tool required for debug" tool="esp32:esp32c6-libs@3.3.6"
time="2026-02-04T17:53:52Z" level=info msg="Tool required for debug" tool="esp32:esp32h2-libs@3.3.6"
time="2026-02-04T17:53:52Z" level=info msg="Tool required for debug" tool="esp32:esp32p4-libs@3.3.6"
time="2026-02-04T17:53:52Z" level=info msg="Tool required for debug" tool="esp32:esp32p4_es-libs@3.3.6"
time="2026-02-04T17:53:52Z" level=info msg="Tool required for debug" tool="esp32:esp32s2-libs@3.3.6"
time="2026-02-04T17:53:52Z" level=info msg="Tool required for debug" tool="esp32:esp32s3-libs@3.3.6"
time="2026-02-04T17:53:52Z" level=info msg="Tool required for debug" tool="esp32:esptool_py@5.1.0"
2026-02-04 17:53:52 2026-02-04T17:53:52.893Z daemon INFO time="2026-02-04T17:53:52Z" level=info msg="Tool required for debug" tool="esp32:mklittlefs@4.0.2-db0513a"
time="2026-02-04T17:53:52Z" level=info msg="Tool required for debug" tool="esp32:mkspiffs@0.2.3"
time="2026-02-04T17:53:52Z" level=info msg="Tool required for debug" tool="esp32:openocd-esp32@v0.12.0-esp32-20251215"
time="2026-02-04T17:53:52Z" level=info msg="Tool required for debug" tool="esp32:riscv32-esp-elf-gdb@16.3_20250913"
time="2026-02-04T17:53:52Z" level=info msg="Tool required for debug" tool="esp32:xtensa-esp-elf-gdb@16.3_20250913"
time="2026-02-04T17:53:52Z" level=info msg="Tool required for debug" tool="builtin:serial-discovery@1.4.3"
2026-02-04 17:53:52 2026-02-04T17:53:52.893Z daemon INFO time="2026-02-04T17:53:52Z" level=info msg="Tool required for debug" tool="builtin:serial-monitor@0.15.0"
time="2026-02-04T17:53:52Z" level=info msg="Tool required for debug" tool="builtin:ctags@5.8-arduino11"
2026-02-04 17:53:52 2026-02-04T17:53:52.893Z daemon INFO time="2026-02-04T17:53:52Z" level=info msg="Tool required for debug" tool="builtin:dfu-discovery@0.1.2"
2026-02-04 17:53:52 2026-02-04T17:53:52.893Z daemon INFO time="2026-02-04T17:53:52Z" level=info msg="Tool required for debug" tool="builtin:mdns-discovery@1.0.12"
time="2026-02-04T17:53:52Z" level=info msg="Tool required for debug" tool="arduino:arduinoOTA@1.3.0"
time="2026-02-04T17:53:52Z" level=info msg="Tool required for debug" tool="arduino:avrdude@8.0.0-arduino1"
2026-02-04 17:53:52 2026-02-04T17:53:52.893Z daemon INFO time="2026-02-04T17:53:52Z" level=info msg="Tool required for debug" tool="arduino:avr-gcc@7.3.0-atmel3.6.1-arduino7"
2026-02-04 17:53:52 2026-02-04T17:53:52.894Z daemon INFO time="2026-02-04T17:53:52Z" level=info msg="Tool required for debug" tool="arduino:dfu-util@0.11.0-arduino5"
time="2026-02-04T17:53:52Z" level=info msg="Tool required for debug" tool="esp32:esp-rv32@2511"
2026-02-04 17:53:52 2026-02-04T17:53:52.894Z daemon INFO time="2026-02-04T17:53:52Z" level=info msg="Tool required for debug" tool="esp32:esp-x32@2511"
time="2026-02-04T17:53:52Z" level=info msg="Tool required for debug" tool="esp32:esp32-libs@3.3.6"
time="2026-02-04T17:53:52Z" level=info msg="Tool required for debug" tool="esp32:esp32c3-libs@3.3.6"
time="2026-02-04T17:53:52Z" level=info msg="Tool required for debug" tool="esp32:esp32c5-libs@3.3.6"
time="2026-02-04T17:53:52Z" level=info msg="Tool required for debug" tool="esp32:esp32c6-libs@3.3.6"
2026-02-04 17:53:52 2026-02-04T17:53:52.894Z daemon INFO time="2026-02-04T17:53:52Z" level=info msg="Tool required for debug" tool="esp32:esp32h2-libs@3.3.6"
time="2026-02-04T17:53:52Z" level=info msg="Tool required for debug" tool="esp32:esp32p4-libs@3.3.6"
time="2026-02-04T17:53:52Z" level=info msg="Tool required for debug" tool="esp32:esp32p4_es-libs@3.3.6"
time="2026-02-04T17:53:52Z" level=info msg="Tool required for debug" tool="esp32:esp32s2-libs@3.3.6"
time="2026-02-04T17:53:52Z" level=info msg="Tool required for debug" tool="esp32:esp32s3-libs@3.3.6"
time="2026-02-04T17:53:52Z" level=info msg="Tool required for debug" tool="esp32:esptool_py@5.1.0"
2026-02-04 17:53:52 2026-02-04T17:53:52.894Z daemon INFO time="2026-02-04T17:53:52Z" level=info msg="Tool required for debug" tool="esp32:mklittlefs@4.0.2-db0513a"
time="2026-02-04T17:53:52Z" level=info msg="Tool required for debug" tool="esp32:mkspiffs@0.2.3"
time="2026-02-04T17:53:52Z" level=info msg="Tool required for debug" tool="esp32:openocd-esp32@v0.12.0-esp32-20251215"
2026-02-04 17:53:52 2026-02-04T17:53:52.894Z daemon INFO time="2026-02-04T17:53:52Z" level=info msg="Tool required for debug" tool="esp32:riscv32-esp-elf-gdb@16.3_20250913"
time="2026-02-04T17:53:52Z" level=info msg="Tool required for debug" tool="esp32:xtensa-esp-elf-gdb@16.3_20250913"
time="2026-02-04T17:53:52Z" level=info msg="Tool required for debug" tool="arduino:avrdude@8.0.0-arduino1"
time="2026-02-04T17:53:52Z" level=info msg="Tool required for debug" tool="builtin:ctags@5.8-arduino11"
time="2026-02-04T17:53:52Z" level=info msg="Tool required for debug" tool="builtin:mdns-discovery@1.0.12"
time="2026-02-04T17:53:52Z" level=info msg="Tool required for debug" tool="builtin:serial-discovery@1.4.3"
2026-02-04 17:53:52 2026-02-04T17:53:52.894Z daemon INFO time="2026-02-04T17:53:52Z" level=info msg="Tool required for debug" tool="builtin:serial-monitor@0.15.0"
time="2026-02-04T17:53:52Z" level=info msg="Tool required for debug" tool="builtin:dfu-discovery@0.1.2"
2026-02-04 17:53:52 2026-02-04T17:53:52.894Z daemon INFO time="2026-02-04T17:53:52Z" level=info msg="Tool required for debug" tool="arduino:arduinoOTA@1.3.0"
time="2026-02-04T17:53:52Z" level=info msg="Tool required for debug" tool="arduino:avr-gcc@7.3.0-atmel3.6.1-arduino7"
2026-02-04 17:53:52 2026-02-04T17:53:52.896Z daemon INFO time="2026-02-04T17:53:52Z" level=info msg="Tool required for debug" tool="arduino:dfu-util@0.11.0-arduino5"
time="2026-02-04T17:53:52Z" level=info msg="Tool required for debug" tool="esp32:esp-rv32@2511"
2026-02-04 17:53:52 2026-02-04T17:53:52.896Z daemon INFO time="2026-02-04T17:53:52Z" level=info msg="Tool required for debug" tool="esp32:esp-x32@2511"
time="2026-02-04T17:53:52Z" level=info msg="Tool required for debug" tool="esp32:esp32-libs@3.3.6"
time="2026-02-04T17:53:52Z" level=info msg="Tool required for debug" tool="esp32:esp32c3-libs@3.3.6"
time="2026-02-04T17:53:52Z" level=info msg="Tool required for debug" tool="esp32:esp32c5-libs@3.3.6"
2026-02-04 17:53:52 2026-02-04T17:53:52.896Z daemon INFO time="2026-02-04T17:53:52Z" level=info msg="Tool required for debug" tool="esp32:esp32c6-libs@3.3.6"
time="2026-02-04T17:53:52Z" level=info msg="Tool required for debug" tool="esp32:esp32h2-libs@3.3.6"
time="2026-02-04T17:53:52Z" level=info msg="Tool required for debug" tool="esp32:esp32p4-libs@3.3.6"
time="2026-02-04T17:53:52Z" level=info msg="Tool required for debug" tool="esp32:esp32p4_es-libs@3.3.6"
2026-02-04 17:53:52 2026-02-04T17:53:52.896Z daemon INFO time="2026-02-04T17:53:52Z" level=info msg="Tool required for debug" tool="esp32:esp32s2-libs@3.3.6"
time="2026-02-04T17:53:52Z" level=info msg="Tool required for debug" tool="esp32:esp32s3-libs@3.3.6"
time="2026-02-04T17:53:52Z" level=info msg="Tool required for debug" tool="esp32:esptool_py@5.1.0"
2026-02-04 17:53:52 2026-02-04T17:53:52.896Z daemon INFO time="2026-02-04T17:53:52Z" level=info msg="Tool required for debug" tool="esp32:mklittlefs@4.0.2-db0513a"
time="2026-02-04T17:53:52Z" level=info msg="Tool required for debug" tool="esp32:mkspiffs@0.2.3"
time="2026-02-04T17:53:52Z" level=info msg="Tool required for debug" tool="esp32:openocd-esp32@v0.12.0-esp32-20251215"
time="2026-02-04T17:53:52Z" level=info msg="Tool required for debug" tool="esp32:riscv32-esp-elf-gdb@16.3_20250913"
2026-02-04 17:53:52 2026-02-04T17:53:52.896Z daemon INFO time="2026-02-04T17:53:52Z" level=info msg="Tool required for debug" tool="esp32:xtensa-esp-elf-gdb@16.3_20250913"
time="2026-02-04T17:53:52Z" level=info msg="Tool required for debug" tool="builtin:dfu-discovery@0.1.2"
time="2026-02-04T17:53:52Z" level=info msg="Tool required for debug" tool="arduino:arduinoOTA@1.3.0"
2026-02-04 17:53:52 2026-02-04T17:53:52.896Z daemon INFO time="2026-02-04T17:53:52Z" level=info msg="Tool required for debug" tool="builtin:serial-discovery@1.4.3"
time="2026-02-04T17:53:52Z" level=info msg="Tool required for debug" tool="builtin:ctags@5.8-arduino11"
2026-02-04 17:53:52 2026-02-04T17:53:52.896Z daemon INFO time="2026-02-04T17:53:52Z" level=info msg="Tool required for debug" tool="builtin:serial-monitor@0.15.0"
2026-02-04 17:53:52 2026-02-04T17:53:52.896Z daemon INFO time="2026-02-04T17:53:52Z" level=info msg="Tool required for debug" tool="arduino:avr-gcc@7.3.0-atmel3.6.1-arduino7"
2026-02-04 17:53:52 2026-02-04T17:53:52.896Z daemon INFO time="2026-02-04T17:53:52Z" level=info msg="Tool required for debug" tool="builtin:mdns-discovery@1.0.12"
2026-02-04 17:53:52 2026-02-04T17:53:52.896Z daemon INFO time="2026-02-04T17:53:52Z" level=info msg="Tool required for debug" tool="arduino:avrdude@8.0.0-arduino1"
2026-02-04 17:53:52 2026-02-04T17:53:52.897Z daemon INFO time="2026-02-04T17:53:52Z" level=info msg="Tool required for debug" tool="arduino:dfu-util@0.11.0-arduino5"
time="2026-02-04T17:53:52Z" level=info msg="Tool required for debug" tool="esp32:esp-rv32@2511"
2026-02-04 17:53:52 2026-02-04T17:53:52.897Z daemon INFO time="2026-02-04T17:53:52Z" level=info msg="Tool required for debug" tool="esp32:esp-x32@2511"
time="2026-02-04T17:53:52Z" level=info msg="Tool required for debug" tool="esp32:esp32-libs@3.3.6"
time="2026-02-04T17:53:52Z" level=info msg="Tool required for debug" tool="esp32:esp32c3-libs@3.3.6"
time="2026-02-04T17:53:52Z" level=info msg="Tool required for debug" tool="esp32:esp32c5-libs@3.3.6"
time="2026-02-04T17:53:52Z" level=info msg="Tool required for debug" tool="esp32:esp32c6-libs@3.3.6"
time="2026-02-04T17:53:52Z" level=info msg="Tool required for debug" tool="esp32:esp32h2-libs@3.3.6"
2026-02-04 17:53:52 2026-02-04T17:53:52.897Z daemon INFO time="2026-02-04T17:53:52Z" level=info msg="Tool required for debug" tool="esp32:esp32p4-libs@3.3.6"
time="2026-02-04T17:53:52Z" level=info msg="Tool required for debug" tool="esp32:esp32p4_es-libs@3.3.6"
time="2026-02-04T17:53:52Z" level=info msg="Tool required for debug" tool="esp32:esp32s2-libs@3.3.6"
2026-02-04 17:53:52 2026-02-04T17:53:52.897Z daemon INFO time="2026-02-04T17:53:52Z" level=info msg="Tool required for debug" tool="esp32:esp32s3-libs@3.3.6"
time="2026-02-04T17:53:52Z" level=info msg="Tool required for debug" tool="esp32:esptool_py@5.1.0"
time="2026-02-04T17:53:52Z" level=info msg="Tool required for debug" tool="esp32:mklittlefs@4.0.2-db0513a"
2026-02-04 17:53:52 2026-02-04T17:53:52.897Z daemon INFO time="2026-02-04T17:53:52Z" level=info msg="Tool required for debug" tool="esp32:mkspiffs@0.2.3"
time="2026-02-04T17:53:52Z" level=info msg="Tool required for debug" tool="esp32:openocd-esp32@v0.12.0-esp32-20251215"
2026-02-04 17:53:52 2026-02-04T17:53:52.897Z daemon INFO time="2026-02-04T17:53:52Z" level=info msg="Tool required for debug" tool="esp32:riscv32-esp-elf-gdb@16.3_20250913"
time="2026-02-04T17:53:52Z" level=info msg="Tool required for debug" tool="esp32:xtensa-esp-elf-gdb@16.3_20250913"
time="2026-02-04T17:53:52Z" level=info msg="Tool required for debug" tool="builtin:ctags@5.8-arduino11"
2026-02-04 17:53:52 2026-02-04T17:53:52.897Z daemon INFO time="2026-02-04T17:53:52Z" level=info msg="Tool required for debug" tool="arduino:arduinoOTA@1.3.0"
time="2026-02-04T17:53:52Z" level=info msg="Tool required for debug" tool="arduino:avrdude@8.0.0-arduino1"
time="2026-02-04T17:53:52Z" level=info msg="Tool required for debug" tool="builtin:serial-discovery@1.4.3"
time="2026-02-04T17:53:52Z" level=info msg="Tool required for debug" tool="builtin:dfu-discovery@0.1.2"
time="2026-02-04T17:53:52Z" level=info msg="Tool required for debug" tool="builtin:mdns-discovery@1.0.12"
time="2026-02-04T17:53:52Z" level=info msg="Tool required for debug" tool="arduino:avr-gcc@7.3.0-atmel3.6.1-arduino7"
time="2026-02-04T17:53:52Z" level=info msg="Tool required for debug" tool="builtin:serial-monitor@0.15.0"
2026-02-04 17:53:52 2026-02-04T17:53:52.898Z daemon INFO time="2026-02-04T17:53:52Z" level=info msg="Tool required for debug" tool="arduino:dfu-util@0.11.0-arduino5"
time="2026-02-04T17:53:52Z" level=info msg="Tool required for debug" tool="esp32:esp-rv32@2511"
2026-02-04 17:53:52 2026-02-04T17:53:52.898Z daemon INFO time="2026-02-04T17:53:52Z" level=info msg="Tool required for debug" tool="esp32:esp-x32@2511"
time="2026-02-04T17:53:52Z" level=info msg="Tool required for debug" tool="esp32:esp32-libs@3.3.6"
time="2026-02-04T17:53:52Z" level=info msg="Tool required for debug" tool="esp32:esp32c3-libs@3.3.6"
time="2026-02-04T17:53:52Z" level=info msg="Tool required for debug" tool="esp32:esp32c5-libs@3.3.6"
time="2026-02-04T17:53:52Z" level=info msg="Tool required for debug" tool="esp32:esp32c6-libs@3.3.6"
time="2026-02-04T17:53:52Z" level=info msg="Tool required for debug" tool="esp32:esp32h2-libs@3.3.6"
2026-02-04 17:53:52 2026-02-04T17:53:52.898Z daemon INFO time="2026-02-04T17:53:52Z" level=info msg="Tool required for debug" tool="esp32:esp32p4-libs@3.3.6"
time="2026-02-04T17:53:52Z" level=info msg="Tool required for debug" tool="esp32:esp32p4_es-libs@3.3.6"
time="2026-02-04T17:53:52Z" level=info msg="Tool required for debug" tool="esp32:esp32s2-libs@3.3.6"
2026-02-04 17:53:52 2026-02-04T17:53:52.898Z daemon INFO time="2026-02-04T17:53:52Z" level=info msg="Tool required for debug" tool="esp32:esp32s3-libs@3.3.6"
time="2026-02-04T17:53:52Z" level=info msg="Tool required for debug" tool="esp32:esptool_py@5.1.0"
time="2026-02-04T17:53:52Z" level=info msg="Tool required for debug" tool="esp32:mklittlefs@4.0.2-db0513a"
2026-02-04 17:53:52 2026-02-04T17:53:52.898Z daemon INFO time="2026-02-04T17:53:52Z" level=info msg="Tool required for debug" tool="esp32:mkspiffs@0.2.3"
time="2026-02-04T17:53:52Z" level=info msg="Tool required for debug" tool="esp32:openocd-esp32@v0.12.0-esp32-20251215"
2026-02-04 17:53:52 2026-02-04T17:53:52.898Z daemon INFO time="2026-02-04T17:53:52Z" level=info msg="Tool required for debug" tool="esp32:riscv32-esp-elf-gdb@16.3_20250913"
time="2026-02-04T17:53:52Z" level=info msg="Tool required for debug" tool="esp32:xtensa-esp-elf-gdb@16.3_20250913"
time="2026-02-04T17:53:52Z" level=info msg="Tool required for debug" tool="arduino:arduinoOTA@1.3.0"
2026-02-04 17:53:52 2026-02-04T17:53:52.898Z daemon INFO time="2026-02-04T17:53:52Z" level=info msg="Tool required for debug" tool="arduino:avr-gcc@7.3.0-atmel3.6.1-arduino7"
time="2026-02-04T17:53:52Z" level=info msg="Tool required for debug" tool="builtin:ctags@5.8-arduino11"
2026-02-04 17:53:52 2026-02-04T17:53:52.898Z daemon INFO time="2026-02-04T17:53:52Z" level=info msg="Tool required for debug" tool="builtin:dfu-discovery@0.1.2"
2026-02-04 17:53:52 2026-02-04T17:53:52.898Z daemon INFO time="2026-02-04T17:53:52Z" level=info msg="Tool required for debug" tool="builtin:mdns-discovery@1.0.12"
time="2026-02-04T17:53:52Z" level=info msg="Tool required for debug" tool="builtin:serial-discovery@1.4.3"
2026-02-04 17:53:52 2026-02-04T17:53:52.898Z daemon INFO time="2026-02-04T17:53:52Z" level=info msg="Tool required for debug" tool="builtin:serial-monitor@0.15.0"
2026-02-04 17:53:52 2026-02-04T17:53:52.898Z daemon INFO time="2026-02-04T17:53:52Z" level=info msg="Tool required for debug" tool="arduino:avrdude@8.0.0-arduino1"
2026-02-04 17:53:52 2026-02-04T17:53:52.899Z daemon INFO time="2026-02-04T17:53:52Z" level=info msg="Tool required for debug" tool="arduino:dfu-util@0.11.0-arduino5"
time="2026-02-04T17:53:52Z" level=info msg="Tool required for debug" tool="esp32:esp-rv32@2511"
2026-02-04 17:53:52 2026-02-04T17:53:52.899Z daemon INFO time="2026-02-04T17:53:52Z" level=info msg="Tool required for debug" tool="esp32:esp-x32@2511"
time="2026-02-04T17:53:52Z" level=info msg="Tool required for debug" tool="esp32:esp32-libs@3.3.6"
time="2026-02-04T17:53:52Z" level=info msg="Tool required for debug" tool="esp32:esp32c3-libs@3.3.6"
time="2026-02-04T17:53:52Z" level=info msg="Tool required for debug" tool="esp32:esp32c5-libs@3.3.6"
time="2026-02-04T17:53:52Z" level=info msg="Tool required for debug" tool="esp32:esp32c6-libs@3.3.6"
2026-02-04 17:53:52 2026-02-04T17:53:52.899Z daemon INFO time="2026-02-04T17:53:52Z" level=info msg="Tool required for debug" tool="esp32:esp32h2-libs@3.3.6"
time="2026-02-04T17:53:52Z" level=info msg="Tool required for debug" tool="esp32:esp32p4-libs@3.3.6"
time="2026-02-04T17:53:52Z" level=info msg="Tool required for debug" tool="esp32:esp32p4_es-libs@3.3.6"
time="2026-02-04T17:53:52Z" level=info msg="Tool required for debug" tool="esp32:esp32s2-libs@3.3.6"
2026-02-04 17:53:52 2026-02-04T17:53:52.899Z daemon INFO time="2026-02-04T17:53:52Z" level=info msg="Tool required for debug" tool="esp32:esp32s3-libs@3.3.6"
time="2026-02-04T17:53:52Z" level=info msg="Tool required for debug" tool="esp32:esptool_py@5.1.0"
time="2026-02-04T17:53:52Z" level=info msg="Tool required for debug" tool="esp32:mklittlefs@4.0.2-db0513a"
2026-02-04 17:53:52 2026-02-04T17:53:52.900Z daemon INFO time="2026-02-04T17:53:52Z" level=info msg="Tool required for debug" tool="esp32:mkspiffs@0.2.3"
time="2026-02-04T17:53:52Z" level=info msg="Tool required for debug" tool="esp32:openocd-esp32@v0.12.0-esp32-20251215"
time="2026-02-04T17:53:52Z" level=info msg="Tool required for debug" tool="esp32:riscv32-esp-elf-gdb@16.3_20250913"
time="2026-02-04T17:53:52Z" level=info msg="Tool required for debug" tool="esp32:xtensa-esp-elf-gdb@16.3_20250913"
2026-02-04 17:53:52 2026-02-04T17:53:52.900Z daemon INFO time="2026-02-04T17:53:52Z" level=info msg="Tool required for debug" tool="arduino:arduinoOTA@1.3.0"
time="2026-02-04T17:53:52Z" level=info msg="Tool required for debug" tool="builtin:dfu-discovery@0.1.2"
time="2026-02-04T17:53:52Z" level=info msg="Tool required for debug" tool="arduino:avr-gcc@7.3.0-atmel3.6.1-arduino7"
time="2026-02-04T17:53:52Z" level=info msg="Tool required for debug" tool="builtin:mdns-discovery@1.0.12"
2026-02-04 17:53:52 2026-02-04T17:53:52.900Z daemon INFO time="2026-02-04T17:53:52Z" level=info msg="Tool required for debug" tool="builtin:serial-discovery@1.4.3"
time="2026-02-04T17:53:52Z" level=info msg="Tool required for debug" tool="arduino:avrdude@8.0.0-arduino1"
time="2026-02-04T17:53:52Z" level=info msg="Tool required for debug" tool="builtin:serial-monitor@0.15.0"
2026-02-04 17:53:52 2026-02-04T17:53:52.900Z daemon INFO time="2026-02-04T17:53:52Z" level=info msg="Tool required for debug" tool="builtin:ctags@5.8-arduino11"
2026-02-04 17:53:52 2026-02-04T17:53:52.901Z daemon INFO time="2026-02-04T17:53:52Z" level=info msg="Tool required for debug" tool="arduino:dfu-util@0.11.0-arduino5"
time="2026-02-04T17:53:52Z" level=info msg="Tool required for debug" tool="esp32:esp-rv32@2511"
2026-02-04 17:53:52 2026-02-04T17:53:52.901Z daemon INFO time="2026-02-04T17:53:52Z" level=info msg="Tool required for debug" tool="esp32:esp-x32@2511"
time="2026-02-04T17:53:52Z" level=info msg="Tool required for debug" tool="esp32:esp32-libs@3.3.6"
time="2026-02-04T17:53:52Z" level=info msg="Tool required for debug" tool="esp32:esp32c3-libs@3.3.6"
2026-02-04 17:53:52 2026-02-04T17:53:52.901Z daemon INFO time="2026-02-04T17:53:52Z" level=info msg="Tool required for debug" tool="esp32:esp32c5-libs@3.3.6"
time="2026-02-04T17:53:52Z" level=info msg="Tool required for debug" tool="esp32:esp32c6-libs@3.3.6"
time="2026-02-04T17:53:52Z" level=info msg="Tool required for debug" tool="esp32:esp32h2-libs@3.3.6"
2026-02-04 17:53:52 2026-02-04T17:53:52.901Z daemon INFO time="2026-02-04T17:53:52Z" level=info msg="Tool required for debug" tool="esp32:esp32p4-libs@3.3.6"
time="2026-02-04T17:53:52Z" level=info msg="Tool required for debug" tool="esp32:esp32p4_es-libs@3.3.6"
time="2026-02-04T17:53:52Z" level=info msg="Tool required for debug" tool="esp32:esp32s2-libs@3.3.6"
2026-02-04 17:53:52 2026-02-04T17:53:52.901Z daemon INFO time="2026-02-04T17:53:52Z" level=info msg="Tool required for debug" tool="esp32:esp32s3-libs@3.3.6"
time="2026-02-04T17:53:52Z" level=info msg="Tool required for debug" tool="esp32:esptool_py@5.1.0"
2026-02-04 17:53:52 2026-02-04T17:53:52.901Z daemon INFO time="2026-02-04T17:53:52Z" level=info msg="Tool required for debug" tool="esp32:mklittlefs@4.0.2-db0513a"
time="2026-02-04T17:53:52Z" level=info msg="Tool required for debug" tool="esp32:mkspiffs@0.2.3"
time="2026-02-04T17:53:52Z" level=info msg="Tool required for debug" tool="esp32:openocd-esp32@v0.12.0-esp32-20251215"
2026-02-04 17:53:52 2026-02-04T17:53:52.901Z daemon INFO time="2026-02-04T17:53:52Z" level=info msg="Tool required for debug" tool="esp32:riscv32-esp-elf-gdb@16.3_20250913"
time="2026-02-04T17:53:52Z" level=info msg="Tool required for debug" tool="esp32:xtensa-esp-elf-gdb@16.3_20250913"
2026-02-04 17:53:52 2026-02-04T17:53:52.901Z daemon INFO time="2026-02-04T17:53:52Z" level=info msg="Tool required for debug" tool="arduino:avr-gcc@7.3.0-atmel3.6.1-arduino7"
time="2026-02-04T17:53:52Z" level=info msg="Tool required for debug" tool="builtin:serial-monitor@0.15.0"
2026-02-04 17:53:52 2026-02-04T17:53:52.901Z daemon INFO time="2026-02-04T17:53:52Z" level=info msg="Tool required for debug" tool="builtin:dfu-discovery@0.1.2"
time="2026-02-04T17:53:52Z" level=info msg="Tool required for debug" tool="builtin:serial-discovery@1.4.3"
2026-02-04 17:53:52 2026-02-04T17:53:52.901Z daemon INFO time="2026-02-04T17:53:52Z" level=info msg="Tool required for debug" tool="arduino:arduinoOTA@1.3.0"
2026-02-04 17:53:52 2026-02-04T17:53:52.901Z daemon INFO time="2026-02-04T17:53:52Z" level=info msg="Tool required for debug" tool="builtin:ctags@5.8-arduino11"
time="2026-02-04T17:53:52Z" level=info msg="Tool required for debug" tool="builtin:mdns-discovery@1.0.12"
2026-02-04 17:53:52 2026-02-04T17:53:52.901Z daemon INFO time="2026-02-04T17:53:52Z" level=info msg="Tool required for debug" tool="arduino:avrdude@8.0.0-arduino1"
2026-02-04 17:53:53 2026-02-04T17:53:53.865Z daemon INFO time="2026-02-04T17:53:53Z" level=info msg="Adding libraries dir" dir=/home/shrek/.arduino15/libraries isSingleLibrary=false location=ide
2026-02-04 17:53:53 2026-02-04T17:53:53.865Z daemon INFO time="2026-02-04T17:53:53Z" level=info msg="Adding libraries dir" dir=/home/shrek/.arduino15/packages/esp32/hardware/esp32/3.3.6/libraries isSingleLibrary=false location=platform
time="2026-02-04T17:53:53Z" level=info msg="Adding libraries dir" dir=/home/shrek/Arduino/libraries isSingleLibrary=false location=user
2026-02-04 17:53:59 2026-02-04T17:53:59.635Z root INFO Received port after upload [arduino+serial:///dev/ttyUSB0, esp32:esp32:esp32h2:UploadSpeed=921600,CDCOnBoot=default,FlashFreq=64,FlashMode=qio,FlashSize=4M,PartitionScheme=default,DebugLevel=none,EraseFlash=none,JTAGAdapter=default,ZigbeeMode=default, led.ino]. Before port: {"protocol":"serial","address":"/dev/ttyUSB0"}, after port: {"address":"/dev/ttyUSB0","addressLabel":"/dev/ttyUSB0","protocol":"serial","protocolLabel":"Serial Port (USB)","properties":{"pid":"0xea60","serialNumber":"e2dc2d4b6971f011b9be029f1045c30f","vid":"0x10c4"},"hardwareId":"e2dc2d4b6971f011b9be029f1045c30f"}
2026-02-04 17:54:10 2026-02-04T17:54:10.242Z daemon INFO time="2026-02-04T17:54:10Z" level=info msg="Adding libraries dir" dir=/home/shrek/.arduino15/libraries isSingleLibrary=false location=ide
2026-02-04 17:54:10 2026-02-04T17:54:10.242Z daemon INFO time="2026-02-04T17:54:10Z" level=info msg="Adding libraries dir" dir=/home/shrek/.arduino15/packages/esp32/hardware/esp32/3.3.6/libraries isSingleLibrary=false location=platform
time="2026-02-04T17:54:10Z" level=info msg="Adding libraries dir" dir=/home/shrek/Arduino/libraries isSingleLibrary=false location=user
2026-02-04 17:54:13 2026-02-04T17:54:13.307Z daemon INFO time="2026-02-04T17:54:13Z" level=info msg="Adding libraries dir" dir=/home/shrek/.arduino15/libraries isSingleLibrary=false location=ide
time="2026-02-04T17:54:13Z" level=info msg="Adding libraries dir" dir=/home/shrek/.arduino15/packages/esp32/hardware/esp32/3.3.6/libraries isSingleLibrary=false location=platform
time="2026-02-04T17:54:13Z" level=info msg="Adding libraries dir" dir=/home/shrek/Arduino/libraries isSingleLibrary=false location=user
2026-02-04 17:54:17 2026-02-04T17:54:17.039Z daemon INFO time="2026-02-04T17:54:17Z" level=info msg="Adding libraries dir" dir=/home/shrek/.arduino15/libraries isSingleLibrary=false location=ide
2026-02-04 17:54:17 2026-02-04T17:54:17.039Z daemon INFO time="2026-02-04T17:54:17Z" level=info msg="Adding libraries dir" dir=/home/shrek/.arduino15/packages/esp32/hardware/esp32/3.3.6/libraries isSingleLibrary=false location=platform
time="2026-02-04T17:54:17Z" level=info msg="Adding libraries dir" dir=/home/shrek/Arduino/libraries isSingleLibrary=false location=user
2026-02-04 17:54:18 2026-02-04T17:54:18.339Z daemon INFO time="2026-02-04T17:54:18Z" level=info msg="Adding libraries dir" dir=/home/shrek/.arduino15/libraries isSingleLibrary=false location=ide
time="2026-02-04T17:54:18Z" level=info msg="Adding libraries dir" dir=/home/shrek/.arduino15/packages/esp32/hardware/esp32/3.3.6/libraries isSingleLibrary=false location=platform
2026-02-04 17:54:18 2026-02-04T17:54:18.339Z daemon INFO time="2026-02-04T17:54:18Z" level=info msg="Adding libraries dir" dir=/home/shrek/Arduino/libraries isSingleLibrary=false location=user
2026-02-04 17:54:18 2026-02-04T17:54:18.846Z daemon INFO time="2026-02-04T17:54:18Z" level=info msg="Adding libraries dir" dir=/home/shrek/.arduino15/libraries isSingleLibrary=false location=ide
2026-02-04 17:54:18 2026-02-04T17:54:18.846Z daemon INFO time="2026-02-04T17:54:18Z" level=info msg="Adding libraries dir" dir=/home/shrek/.arduino15/packages/esp32/hardware/esp32/3.3.6/libraries isSingleLibrary=false location=platform
time="2026-02-04T17:54:18Z" level=info msg="Adding libraries dir" dir=/home/shrek/Arduino/libraries isSingleLibrary=false location=user
2026-02-04 17:54:18 2026-02-04T17:54:18.941Z daemon INFO time="2026-02-04T17:54:18Z" level=info msg="Resolving include FastLED.h for arch esp32"
time="2026-02-04T17:54:18Z" level=info msg="  found better lib" lib=FastLED prio=6A7
2026-02-04 17:54:21 2026-02-04T17:54:21.683Z root INFO Executing 'arduino.languageserver.notifyBuildDidComplete' with "file:///home/shrek/.cache/arduino/sketches/685F1B846501B9FC48DBBE71848122CF"
2026-02-04 17:54:21 2026-02-04T17:54:21.712Z daemon INFO time="2026-02-04T17:54:21Z" level=info msg="Tool required for debug" tool="arduino:dfu-util@0.11.0-arduino5"
time="2026-02-04T17:54:21Z" level=info msg="Tool required for debug" tool="esp32:esp-rv32@2511"
2026-02-04 17:54:21 2026-02-04T17:54:21.712Z daemon INFO time="2026-02-04T17:54:21Z" level=info msg="Tool required for debug" tool="esp32:esp-x32@2511"
time="2026-02-04T17:54:21Z" level=info msg="Tool required for debug" tool="esp32:esp32-libs@3.3.6"
time="2026-02-04T17:54:21Z" level=info msg="Tool required for debug" tool="esp32:esp32c3-libs@3.3.6"
time="2026-02-04T17:54:21Z" level=info msg="Tool required for debug" tool="esp32:esp32c5-libs@3.3.6"
time="2026-02-04T17:54:21Z" level=info msg="Tool required for debug" tool="esp32:esp32c6-libs@3.3.6"
time="2026-02-04T17:54:21Z" level=info msg="Tool required for debug" tool="esp32:esp32h2-libs@3.3.6"
2026-02-04 17:54:21 2026-02-04T17:54:21.712Z daemon INFO time="2026-02-04T17:54:21Z" level=info msg="Tool required for debug" tool="esp32:esp32p4-libs@3.3.6"
time="2026-02-04T17:54:21Z" level=info msg="Tool required for debug" tool="esp32:esp32p4_es-libs@3.3.6"
time="2026-02-04T17:54:21Z" level=info msg="Tool required for debug" tool="esp32:esp32s2-libs@3.3.6"
2026-02-04 17:54:21 2026-02-04T17:54:21.712Z daemon INFO time="2026-02-04T17:54:21Z" level=info msg="Tool required for debug" tool="esp32:esp32s3-libs@3.3.6"
time="2026-02-04T17:54:21Z" level=info msg="Tool required for debug" tool="esp32:esptool_py@5.1.0"
time="2026-02-04T17:54:21Z" level=info msg="Tool required for debug" tool="esp32:mklittlefs@4.0.2-db0513a"
2026-02-04 17:54:21 2026-02-04T17:54:21.712Z daemon INFO time="2026-02-04T17:54:21Z" level=info msg="Tool required for debug" tool="esp32:mkspiffs@0.2.3"
time="2026-02-04T17:54:21Z" level=info msg="Tool required for debug" tool="esp32:openocd-esp32@v0.12.0-esp32-20251215"
2026-02-04 17:54:21 2026-02-04T17:54:21.712Z daemon INFO time="2026-02-04T17:54:21Z" level=info msg="Tool required for debug" tool="esp32:riscv32-esp-elf-gdb@16.3_20250913"
time="2026-02-04T17:54:21Z" level=info msg="Tool required for debug" tool="esp32:xtensa-esp-elf-gdb@16.3_20250913"
2026-02-04 17:54:21 2026-02-04T17:54:21.712Z daemon INFO time="2026-02-04T17:54:21Z" level=info msg="Tool required for debug" tool="builtin:serial-monitor@0.15.0"
2026-02-04 17:54:21 2026-02-04T17:54:21.712Z daemon INFO time="2026-02-04T17:54:21Z" level=info msg="Tool required for debug" tool="arduino:avr-gcc@7.3.0-atmel3.6.1-arduino7"
time="2026-02-04T17:54:21Z" level=info msg="Tool required for debug" tool="builtin:ctags@5.8-arduino11"
2026-02-04 17:54:21 2026-02-04T17:54:21.712Z daemon INFO time="2026-02-04T17:54:21Z" level=info msg="Tool required for debug" tool="builtin:serial-discovery@1.4.3"
2026-02-04 17:54:21 2026-02-04T17:54:21.712Z daemon INFO time="2026-02-04T17:54:21Z" level=info msg="Tool required for debug" tool="arduino:arduinoOTA@1.3.0"
time="2026-02-04T17:54:21Z" level=info msg="Tool required for debug" tool="builtin:dfu-discovery@0.1.2"
2026-02-04 17:54:21 2026-02-04T17:54:21.712Z daemon INFO time="2026-02-04T17:54:21Z" level=info msg="Tool required for debug" tool="builtin:mdns-discovery@1.0.12"
2026-02-04 17:54:21 2026-02-04T17:54:21.712Z daemon INFO time="2026-02-04T17:54:21Z" level=info msg="Tool required for debug" tool="arduino:avrdude@8.0.0-arduino1"
2026-02-04 17:54:21 2026-02-04T17:54:21.713Z daemon INFO time="2026-02-04T17:54:21Z" level=info msg="Tool required for debug" tool="arduino:dfu-util@0.11.0-arduino5"
time="2026-02-04T17:54:21Z" level=info msg="Tool required for debug" tool="esp32:esp-rv32@2511"
2026-02-04 17:54:21 2026-02-04T17:54:21.713Z daemon INFO time="2026-02-04T17:54:21Z" level=info msg="Tool required for debug" tool="esp32:esp-x32@2511"
time="2026-02-04T17:54:21Z" level=info msg="Tool required for debug" tool="esp32:esp32-libs@3.3.6"
time="2026-02-04T17:54:21Z" level=info msg="Tool required for debug" tool="esp32:esp32c3-libs@3.3.6"
time="2026-02-04T17:54:21Z" level=info msg="Tool required for debug" tool="esp32:esp32c5-libs@3.3.6"
time="2026-02-04T17:54:21Z" level=info msg="Tool required for debug" tool="esp32:esp32c6-libs@3.3.6"
time="2026-02-04T17:54:21Z" level=info msg="Tool required for debug" tool="esp32:esp32h2-libs@3.3.6"
2026-02-04 17:54:21 2026-02-04T17:54:21.713Z daemon INFO time="2026-02-04T17:54:21Z" level=info msg="Tool required for debug" tool="esp32:esp32p4-libs@3.3.6"
time="2026-02-04T17:54:21Z" level=info msg="Tool required for debug" tool="esp32:esp32p4_es-libs@3.3.6"
time="2026-02-04T17:54:21Z" level=info msg="Tool required for debug" tool="esp32:esp32s2-libs@3.3.6"
2026-02-04 17:54:21 2026-02-04T17:54:21.713Z daemon INFO time="2026-02-04T17:54:21Z" level=info msg="Tool required for debug" tool="esp32:esp32s3-libs@3.3.6"
time="2026-02-04T17:54:21Z" level=info msg="Tool required for debug" tool="esp32:esptool_py@5.1.0"
time="2026-02-04T17:54:21Z" level=info msg="Tool required for debug" tool="esp32:mklittlefs@4.0.2-db0513a"
2026-02-04 17:54:21 2026-02-04T17:54:21.713Z daemon INFO time="2026-02-04T17:54:21Z" level=info msg="Tool required for debug" tool="esp32:mkspiffs@0.2.3"
time="2026-02-04T17:54:21Z" level=info msg="Tool required for debug" tool="esp32:openocd-esp32@v0.12.0-esp32-20251215"
2026-02-04 17:54:21 2026-02-04T17:54:21.713Z daemon INFO time="2026-02-04T17:54:21Z" level=info msg="Tool required for debug" tool="esp32:riscv32-esp-elf-gdb@16.3_20250913"
time="2026-02-04T17:54:21Z" level=info msg="Tool required for debug" tool="esp32:xtensa-esp-elf-gdb@16.3_20250913"
2026-02-04 17:54:21 2026-02-04T17:54:21.713Z daemon INFO time="2026-02-04T17:54:21Z" level=info msg="Tool required for debug" tool="arduino:arduinoOTA@1.3.0"
time="2026-02-04T17:54:21Z" level=info msg="Tool required for debug" tool="arduino:avrdude@8.0.0-arduino1"
2026-02-04 17:54:21 2026-02-04T17:54:21.713Z daemon INFO time="2026-02-04T17:54:21Z" level=info msg="Tool required for debug" tool="builtin:serial-monitor@0.15.0"
time="2026-02-04T17:54:21Z" level=info msg="Tool required for debug" tool="builtin:mdns-discovery@1.0.12"
2026-02-04 17:54:21 2026-02-04T17:54:21.713Z daemon INFO time="2026-02-04T17:54:21Z" level=info msg="Tool required for debug" tool="builtin:serial-discovery@1.4.3"
time="2026-02-04T17:54:21Z" level=info msg="Tool required for debug" tool="arduino:avr-gcc@7.3.0-atmel3.6.1-arduino7"
time="2026-02-04T17:54:21Z" level=info msg="Tool required for debug" tool="builtin:dfu-discovery@0.1.2"
2026-02-04 17:54:21 2026-02-04T17:54:21.713Z daemon INFO time="2026-02-04T17:54:21Z" level=info msg="Tool required for debug" tool="builtin:ctags@5.8-arduino11"
2026-02-04 17:54:21 2026-02-04T17:54:21.715Z daemon INFO time="2026-02-04T17:54:21Z" level=info msg="Tool required for debug" tool="arduino:dfu-util@0.11.0-arduino5"
time="2026-02-04T17:54:21Z" level=info msg="Tool required for debug" tool="esp32:esp-rv32@2511"
2026-02-04 17:54:21 2026-02-04T17:54:21.715Z daemon INFO time="2026-02-04T17:54:21Z" level=info msg="Tool required for debug" tool="esp32:esp-x32@2511"
time="2026-02-04T17:54:21Z" level=info msg="Tool required for debug" tool="esp32:esp32-libs@3.3.6"
time="2026-02-04T17:54:21Z" level=info msg="Tool required for debug" tool="esp32:esp32c3-libs@3.3.6"
2026-02-04 17:54:21 2026-02-04T17:54:21.715Z daemon INFO time="2026-02-04T17:54:21Z" level=info msg="Tool required for debug" tool="esp32:esp32c5-libs@3.3.6"
time="2026-02-04T17:54:21Z" level=info msg="Tool required for debug" tool="esp32:esp32c6-libs@3.3.6"
time="2026-02-04T17:54:21Z" level=info msg="Tool required for debug" tool="esp32:esp32h2-libs@3.3.6"
2026-02-04 17:54:21 2026-02-04T17:54:21.715Z daemon INFO time="2026-02-04T17:54:21Z" level=info msg="Tool required for debug" tool="esp32:esp32p4-libs@3.3.6"
time="2026-02-04T17:54:21Z" level=info msg="Tool required for debug" tool="esp32:esp32p4_es-libs@3.3.6"
time="2026-02-04T17:54:21Z" level=info msg="Tool required for debug" tool="esp32:esp32s2-libs@3.3.6"
2026-02-04 17:54:21 2026-02-04T17:54:21.715Z daemon INFO time="2026-02-04T17:54:21Z" level=info msg="Tool required for debug" tool="esp32:esp32s3-libs@3.3.6"
time="2026-02-04T17:54:21Z" level=info msg="Tool required for debug" tool="esp32:esptool_py@5.1.0"
time="2026-02-04T17:54:21Z" level=info msg="Tool required for debug" tool="esp32:mklittlefs@4.0.2-db0513a"
2026-02-04 17:54:21 2026-02-04T17:54:21.715Z daemon INFO time="2026-02-04T17:54:21Z" level=info msg="Tool required for debug" tool="esp32:mkspiffs@0.2.3"
time="2026-02-04T17:54:21Z" level=info msg="Tool required for debug" tool="esp32:openocd-esp32@v0.12.0-esp32-20251215"
2026-02-04 17:54:21 2026-02-04T17:54:21.715Z daemon INFO time="2026-02-04T17:54:21Z" level=info msg="Tool required for debug" tool="esp32:riscv32-esp-elf-gdb@16.3_20250913"
time="2026-02-04T17:54:21Z" level=info msg="Tool required for debug" tool="esp32:xtensa-esp-elf-gdb@16.3_20250913"
2026-02-04 17:54:21 2026-02-04T17:54:21.715Z daemon INFO time="2026-02-04T17:54:21Z" level=info msg="Tool required for debug" tool="arduino:arduinoOTA@1.3.0"
time="2026-02-04T17:54:21Z" level=info msg="Tool required for debug" tool="arduino:avrdude@8.0.0-arduino1"
time="2026-02-04T17:54:21Z" level=info msg="Tool required for debug" tool="arduino:avr-gcc@7.3.0-atmel3.6.1-arduino7"
2026-02-04 17:54:21 2026-02-04T17:54:21.715Z daemon INFO time="2026-02-04T17:54:21Z" level=info msg="Tool required for debug" tool="builtin:ctags@5.8-arduino11"
time="2026-02-04T17:54:21Z" level=info msg="Tool required for debug" tool="builtin:dfu-discovery@0.1.2"
2026-02-04 17:54:21 2026-02-04T17:54:21.715Z daemon INFO time="2026-02-04T17:54:21Z" level=info msg="Tool required for debug" tool="builtin:mdns-discovery@1.0.12"
2026-02-04 17:54:21 2026-02-04T17:54:21.715Z daemon INFO time="2026-02-04T17:54:21Z" level=info msg="Tool required for debug" tool="builtin:serial-discovery@1.4.3"
2026-02-04 17:54:21 2026-02-04T17:54:21.715Z daemon INFO time="2026-02-04T17:54:21Z" level=info msg="Tool required for debug" tool="builtin:serial-monitor@0.15.0"
2026-02-04 17:54:21 2026-02-04T17:54:21.716Z daemon INFO time="2026-02-04T17:54:21Z" level=info msg="Tool required for debug" tool="arduino:dfu-util@0.11.0-arduino5"
time="2026-02-04T17:54:21Z" level=info msg="Tool required for debug" tool="esp32:esp-rv32@2511"
2026-02-04 17:54:21 2026-02-04T17:54:21.716Z daemon INFO time="2026-02-04T17:54:21Z" level=info msg="Tool required for debug" tool="esp32:esp-x32@2511"
time="2026-02-04T17:54:21Z" level=info msg="Tool required for debug" tool="esp32:esp32-libs@3.3.6"
time="2026-02-04T17:54:21Z" level=info msg="Tool required for debug" tool="esp32:esp32c3-libs@3.3.6"
time="2026-02-04T17:54:21Z" level=info msg="Tool required for debug" tool="esp32:esp32c5-libs@3.3.6"
2026-02-04 17:54:21 2026-02-04T17:54:21.716Z daemon INFO time="2026-02-04T17:54:21Z" level=info msg="Tool required for debug" tool="esp32:esp32c6-libs@3.3.6"
time="2026-02-04T17:54:21Z" level=info msg="Tool required for debug" tool="esp32:esp32h2-libs@3.3.6"
time="2026-02-04T17:54:21Z" level=info msg="Tool required for debug" tool="esp32:esp32p4-libs@3.3.6"
time="2026-02-04T17:54:21Z" level=info msg="Tool required for debug" tool="esp32:esp32p4_es-libs@3.3.6"
2026-02-04 17:54:21 2026-02-04T17:54:21.716Z daemon INFO time="2026-02-04T17:54:21Z" level=info msg="Tool required for debug" tool="esp32:esp32s2-libs@3.3.6"
time="2026-02-04T17:54:21Z" level=info msg="Tool required for debug" tool="esp32:esp32s3-libs@3.3.6"
time="2026-02-04T17:54:21Z" level=info msg="Tool required for debug" tool="esp32:esptool_py@5.1.0"
time="2026-02-04T17:54:21Z" level=info msg="Tool required for debug" tool="esp32:mklittlefs@4.0.2-db0513a"
2026-02-04 17:54:21 2026-02-04T17:54:21.716Z daemon INFO time="2026-02-04T17:54:21Z" level=info msg="Tool required for debug" tool="esp32:mkspiffs@0.2.3"
time="2026-02-04T17:54:21Z" level=info msg="Tool required for debug" tool="esp32:openocd-esp32@v0.12.0-esp32-20251215"
time="2026-02-04T17:54:21Z" level=info msg="Tool required for debug" tool="esp32:riscv32-esp-elf-gdb@16.3_20250913"
time="2026-02-04T17:54:21Z" level=info msg="Tool required for debug" tool="esp32:xtensa-esp-elf-gdb@16.3_20250913"
time="2026-02-04T17:54:21Z" level=info msg="Tool required for debug" tool="builtin:serial-monitor@0.15.0"
time="2026-02-04T17:54:21Z" level=info msg="Tool required for debug" tool="builtin:dfu-discovery@0.1.2"
2026-02-04 17:54:21 2026-02-04T17:54:21.716Z daemon INFO time="2026-02-04T17:54:21Z" level=info msg="Tool required for debug" tool="builtin:mdns-discovery@1.0.12"
time="2026-02-04T17:54:21Z" level=info msg="Tool required for debug" tool="arduino:arduinoOTA@1.3.0"
time="2026-02-04T17:54:21Z" level=info msg="Tool required for debug" tool="builtin:ctags@5.8-arduino11"
2026-02-04 17:54:21 2026-02-04T17:54:21.716Z daemon INFO time="2026-02-04T17:54:21Z" level=info msg="Tool required for debug" tool="builtin:serial-discovery@1.4.3"
time="2026-02-04T17:54:21Z" level=info msg="Tool required for debug" tool="arduino:avr-gcc@7.3.0-atmel3.6.1-arduino7"
time="2026-02-04T17:54:21Z" level=info msg="Tool required for debug" tool="arduino:avrdude@8.0.0-arduino1"
2026-02-04 17:54:21 2026-02-04T17:54:21.717Z daemon INFO time="2026-02-04T17:54:21Z" level=info msg="Tool required for debug" tool="arduino:dfu-util@0.11.0-arduino5"
time="2026-02-04T17:54:21Z" level=info msg="Tool required for debug" tool="esp32:esp-rv32@2511"
2026-02-04 17:54:21 2026-02-04T17:54:21.717Z daemon INFO time="2026-02-04T17:54:21Z" level=info msg="Tool required for debug" tool="esp32:esp-x32@2511"
time="2026-02-04T17:54:21Z" level=info msg="Tool required for debug" tool="esp32:esp32-libs@3.3.6"
time="2026-02-04T17:54:21Z" level=info msg="Tool required for debug" tool="esp32:esp32c3-libs@3.3.6"
time="2026-02-04T17:54:21Z" level=info msg="Tool required for debug" tool="esp32:esp32c5-libs@3.3.6"
time="2026-02-04T17:54:21Z" level=info msg="Tool required for debug" tool="esp32:esp32c6-libs@3.3.6"
2026-02-04 17:54:21 2026-02-04T17:54:21.717Z daemon INFO time="2026-02-04T17:54:21Z" level=info msg="Tool required for debug" tool="esp32:esp32h2-libs@3.3.6"
time="2026-02-04T17:54:21Z" level=info msg="Tool required for debug" tool="esp32:esp32p4-libs@3.3.6"
time="2026-02-04T17:54:21Z" level=info msg="Tool required for debug" tool="esp32:esp32p4_es-libs@3.3.6"
time="2026-02-04T17:54:21Z" level=info msg="Tool required for debug" tool="esp32:esp32s2-libs@3.3.6"
2026-02-04 17:54:21 2026-02-04T17:54:21.717Z daemon INFO time="2026-02-04T17:54:21Z" level=info msg="Tool required for debug" tool="esp32:esp32s3-libs@3.3.6"
time="2026-02-04T17:54:21Z" level=info msg="Tool required for debug" tool="esp32:esptool_py@5.1.0"
time="2026-02-04T17:54:21Z" level=info msg="Tool required for debug" tool="esp32:mklittlefs@4.0.2-db0513a"
2026-02-04 17:54:21 2026-02-04T17:54:21.717Z daemon INFO time="2026-02-04T17:54:21Z" level=info msg="Tool required for debug" tool="esp32:mkspiffs@0.2.3"
time="2026-02-04T17:54:21Z" level=info msg="Tool required for debug" tool="esp32:openocd-esp32@v0.12.0-esp32-20251215"
2026-02-04 17:54:21 2026-02-04T17:54:21.717Z daemon INFO time="2026-02-04T17:54:21Z" level=info msg="Tool required for debug" tool="esp32:riscv32-esp-elf-gdb@16.3_20250913"
time="2026-02-04T17:54:21Z" level=info msg="Tool required for debug" tool="esp32:xtensa-esp-elf-gdb@16.3_20250913"
time="2026-02-04T17:54:21Z" level=info msg="Tool required for debug" tool="arduino:avr-gcc@7.3.0-atmel3.6.1-arduino7"
time="2026-02-04T17:54:21Z" level=info msg="Tool required for debug" tool="arduino:arduinoOTA@1.3.0"
time="2026-02-04T17:54:21Z" level=info msg="Tool required for debug" tool="builtin:serial-discovery@1.4.3"
2026-02-04 17:54:21 2026-02-04T17:54:21.717Z daemon INFO time="2026-02-04T17:54:21Z" level=info msg="Tool required for debug" tool="builtin:serial-monitor@0.15.0"
2026-02-04 17:54:21 2026-02-04T17:54:21.717Z daemon INFO time="2026-02-04T17:54:21Z" level=info msg="Tool required for debug" tool="builtin:ctags@5.8-arduino11"
time="2026-02-04T17:54:21Z" level=info msg="Tool required for debug" tool="builtin:dfu-discovery@0.1.2"
2026-02-04 17:54:21 2026-02-04T17:54:21.717Z daemon INFO time="2026-02-04T17:54:21Z" level=info msg="Tool required for debug" tool="arduino:avrdude@8.0.0-arduino1"
time="2026-02-04T17:54:21Z" level=info msg="Tool required for debug" tool="builtin:mdns-discovery@1.0.12"
2026-02-04 17:54:21 2026-02-04T17:54:21.719Z daemon INFO time="2026-02-04T17:54:21Z" level=info msg="Tool required for debug" tool="arduino:dfu-util@0.11.0-arduino5"
time="2026-02-04T17:54:21Z" level=info msg="Tool required for debug" tool="esp32:esp-rv32@2511"
2026-02-04 17:54:21 2026-02-04T17:54:21.719Z daemon INFO time="2026-02-04T17:54:21Z" level=info msg="Tool required for debug" tool="esp32:esp-x32@2511"
time="2026-02-04T17:54:21Z" level=info msg="Tool required for debug" tool="esp32:esp32-libs@3.3.6"
time="2026-02-04T17:54:21Z" level=info msg="Tool required for debug" tool="esp32:esp32c3-libs@3.3.6"
time="2026-02-04T17:54:21Z" level=info msg="Tool required for debug" tool="esp32:esp32c5-libs@3.3.6"
time="2026-02-04T17:54:21Z" level=info msg="Tool required for debug" tool="esp32:esp32c6-libs@3.3.6"
2026-02-04 17:54:21 2026-02-04T17:54:21.719Z daemon INFO time="2026-02-04T17:54:21Z" level=info msg="Tool required for debug" tool="esp32:esp32h2-libs@3.3.6"
time="2026-02-04T17:54:21Z" level=info msg="Tool required for debug" tool="esp32:esp32p4-libs@3.3.6"
time="2026-02-04T17:54:21Z" level=info msg="Tool required for debug" tool="esp32:esp32p4_es-libs@3.3.6"
2026-02-04 17:54:21 2026-02-04T17:54:21.719Z daemon INFO time="2026-02-04T17:54:21Z" level=info msg="Tool required for debug" tool="esp32:esp32s2-libs@3.3.6"
time="2026-02-04T17:54:21Z" level=info msg="Tool required for debug" tool="esp32:esp32s3-libs@3.3.6"
time="2026-02-04T17:54:21Z" level=info msg="Tool required for debug" tool="esp32:esptool_py@5.1.0"
2026-02-04 17:54:21 2026-02-04T17:54:21.719Z daemon INFO time="2026-02-04T17:54:21Z" level=info msg="Tool required for debug" tool="esp32:mklittlefs@4.0.2-db0513a"
time="2026-02-04T17:54:21Z" level=info msg="Tool required for debug" tool="esp32:mkspiffs@0.2.3"
time="2026-02-04T17:54:21Z" level=info msg="Tool required for debug" tool="esp32:openocd-esp32@v0.12.0-esp32-20251215"
time="2026-02-04T17:54:21Z" level=info msg="Tool required for debug" tool="esp32:riscv32-esp-elf-gdb@16.3_20250913"
2026-02-04 17:54:21 2026-02-04T17:54:21.719Z daemon INFO time="2026-02-04T17:54:21Z" level=info msg="Tool required for debug" tool="esp32:xtensa-esp-elf-gdb@16.3_20250913"
time="2026-02-04T17:54:21Z" level=info msg="Tool required for debug" tool="builtin:serial-discovery@1.4.3"
2026-02-04 17:54:21 2026-02-04T17:54:21.719Z daemon INFO time="2026-02-04T17:54:21Z" level=info msg="Tool required for debug" tool="arduino:arduinoOTA@1.3.0"
time="2026-02-04T17:54:21Z" level=info msg="Tool required for debug" tool="arduino:avr-gcc@7.3.0-atmel3.6.1-arduino7"
time="2026-02-04T17:54:21Z" level=info msg="Tool required for debug" tool="builtin:dfu-discovery@0.1.2"
2026-02-04 17:54:21 2026-02-04T17:54:21.719Z daemon INFO time="2026-02-04T17:54:21Z" level=info msg="Tool required for debug" tool="builtin:mdns-discovery@1.0.12"
time="2026-02-04T17:54:21Z" level=info msg="Tool required for debug" tool="builtin:ctags@5.8-arduino11"
2026-02-04 17:54:21 2026-02-04T17:54:21.719Z daemon INFO time="2026-02-04T17:54:21Z" level=info msg="Tool required for debug" tool="arduino:avrdude@8.0.0-arduino1"
time="2026-02-04T17:54:21Z" level=info msg="Tool required for debug" tool="builtin:serial-monitor@0.15.0"
2026-02-04 17:54:21 2026-02-04T17:54:21.720Z daemon INFO time="2026-02-04T17:54:21Z" level=info msg="Tool required for debug" tool="arduino:dfu-util@0.11.0-arduino5"
time="2026-02-04T17:54:21Z" level=info msg="Tool required for debug" tool="esp32:esp-rv32@2511"
2026-02-04 17:54:21 2026-02-04T17:54:21.720Z daemon INFO time="2026-02-04T17:54:21Z" level=info msg="Tool required for debug" tool="esp32:esp-x32@2511"
time="2026-02-04T17:54:21Z" level=info msg="Tool required for debug" tool="esp32:esp32-libs@3.3.6"
time="2026-02-04T17:54:21Z" level=info msg="Tool required for debug" tool="esp32:esp32c3-libs@3.3.6"
time="2026-02-04T17:54:21Z" level=info msg="Tool required for debug" tool="esp32:esp32c5-libs@3.3.6"
time="2026-02-04T17:54:21Z" level=info msg="Tool required for debug" tool="esp32:esp32c6-libs@3.3.6"
2026-02-04 17:54:21 2026-02-04T17:54:21.720Z daemon INFO time="2026-02-04T17:54:21Z" level=info msg="Tool required for debug" tool="esp32:esp32h2-libs@3.3.6"
time="2026-02-04T17:54:21Z" level=info msg="Tool required for debug" tool="esp32:esp32p4-libs@3.3.6"
time="2026-02-04T17:54:21Z" level=info msg="Tool required for debug" tool="esp32:esp32p4_es-libs@3.3.6"
2026-02-04 17:54:21 2026-02-04T17:54:21.720Z daemon INFO time="2026-02-04T17:54:21Z" level=info msg="Tool required for debug" tool="esp32:esp32s2-libs@3.3.6"
time="2026-02-04T17:54:21Z" level=info msg="Tool required for debug" tool="esp32:esp32s3-libs@3.3.6"
2026-02-04 17:54:21 2026-02-04T17:54:21.720Z daemon INFO time="2026-02-04T17:54:21Z" level=info msg="Tool required for debug" tool="esp32:esptool_py@5.1.0"
time="2026-02-04T17:54:21Z" level=info msg="Tool required for debug" tool="esp32:mklittlefs@4.0.2-db0513a"
time="2026-02-04T17:54:21Z" level=info msg="Tool required for debug" tool="esp32:mkspiffs@0.2.3"
2026-02-04 17:54:21 2026-02-04T17:54:21.720Z daemon INFO time="2026-02-04T17:54:21Z" level=info msg="Tool required for debug" tool="esp32:openocd-esp32@v0.12.0-esp32-20251215"
time="2026-02-04T17:54:21Z" level=info msg="Tool required for debug" tool="esp32:riscv32-esp-elf-gdb@16.3_20250913"
2026-02-04 17:54:21 2026-02-04T17:54:21.720Z daemon INFO time="2026-02-04T17:54:21Z" level=info msg="Tool required for debug" tool="esp32:xtensa-esp-elf-gdb@16.3_20250913"
time="2026-02-04T17:54:21Z" level=info msg="Tool required for debug" tool="builtin:serial-monitor@0.15.0"
2026-02-04 17:54:21 2026-02-04T17:54:21.720Z daemon INFO time="2026-02-04T17:54:21Z" level=info msg="Tool required for debug" tool="builtin:mdns-discovery@1.0.12"
time="2026-02-04T17:54:21Z" level=info msg="Tool required for debug" tool="arduino:avr-gcc@7.3.0-atmel3.6.1-arduino7"
2026-02-04 17:54:21 2026-02-04T17:54:21.720Z daemon INFO time="2026-02-04T17:54:21Z" level=info msg="Tool required for debug" tool="builtin:dfu-discovery@0.1.2"
2026-02-04 17:54:21 2026-02-04T17:54:21.720Z daemon INFO time="2026-02-04T17:54:21Z" level=info msg="Tool required for debug" tool="builtin:serial-discovery@1.4.3"
time="2026-02-04T17:54:21Z" level=info msg="Tool required for debug" tool="builtin:ctags@5.8-arduino11"
2026-02-04 17:54:21 2026-02-04T17:54:21.720Z daemon INFO time="2026-02-04T17:54:21Z" level=info msg="Tool required for debug" tool="arduino:arduinoOTA@1.3.0"
time="2026-02-04T17:54:21Z" level=info msg="Tool required for debug" tool="arduino:avrdude@8.0.0-arduino1"
2026-02-04 17:54:21 2026-02-04T17:54:21.721Z daemon INFO time="2026-02-04T17:54:21Z" level=info msg="Tool required for debug" tool="arduino:dfu-util@0.11.0-arduino5"
time="2026-02-04T17:54:21Z" level=info msg="Tool required for debug" tool="esp32:esp-rv32@2511"
2026-02-04 17:54:21 2026-02-04T17:54:21.721Z daemon INFO time="2026-02-04T17:54:21Z" level=info msg="Tool required for debug" tool="esp32:esp-x32@2511"
time="2026-02-04T17:54:21Z" level=info msg="Tool required for debug" tool="esp32:esp32-libs@3.3.6"
time="2026-02-04T17:54:21Z" level=info msg="Tool required for debug" tool="esp32:esp32c3-libs@3.3.6"
time="2026-02-04T17:54:21Z" level=info msg="Tool required for debug" tool="esp32:esp32c5-libs@3.3.6"
2026-02-04 17:54:21 2026-02-04T17:54:21.721Z daemon INFO time="2026-02-04T17:54:21Z" level=info msg="Tool required for debug" tool="esp32:esp32c6-libs@3.3.6"
time="2026-02-04T17:54:21Z" level=info msg="Tool required for debug" tool="esp32:esp32h2-libs@3.3.6"
time="2026-02-04T17:54:21Z" level=info msg="Tool required for debug" tool="esp32:esp32p4-libs@3.3.6"
2026-02-04 17:54:21 2026-02-04T17:54:21.721Z daemon INFO time="2026-02-04T17:54:21Z" level=info msg="Tool required for debug" tool="esp32:esp32p4_es-libs@3.3.6"
time="2026-02-04T17:54:21Z" level=info msg="Tool required for debug" tool="esp32:esp32s2-libs@3.3.6"
time="2026-02-04T17:54:21Z" level=info msg="Tool required for debug" tool="esp32:esp32s3-libs@3.3.6"
2026-02-04 17:54:21 2026-02-04T17:54:21.721Z daemon INFO time="2026-02-04T17:54:21Z" level=info msg="Tool required for debug" tool="esp32:esptool_py@5.1.0"
time="2026-02-04T17:54:21Z" level=info msg="Tool required for debug" tool="esp32:mklittlefs@4.0.2-db0513a"
2026-02-04 17:54:21 2026-02-04T17:54:21.721Z daemon INFO time="2026-02-04T17:54:21Z" level=info msg="Tool required for debug" tool="esp32:mkspiffs@0.2.3"
time="2026-02-04T17:54:21Z" level=info msg="Tool required for debug" tool="esp32:openocd-esp32@v0.12.0-esp32-20251215"
time="2026-02-04T17:54:21Z" level=info msg="Tool required for debug" tool="esp32:riscv32-esp-elf-gdb@16.3_20250913"
2026-02-04 17:54:21 2026-02-04T17:54:21.721Z daemon INFO time="2026-02-04T17:54:21Z" level=info msg="Tool required for debug" tool="esp32:xtensa-esp-elf-gdb@16.3_20250913"
2026-02-04 17:54:21 2026-02-04T17:54:21.721Z daemon INFO time="2026-02-04T17:54:21Z" level=info msg="Tool required for debug" tool="builtin:mdns-discovery@1.0.12"
2026-02-04 17:54:21 2026-02-04T17:54:21.721Z daemon INFO time="2026-02-04T17:54:21Z" level=info msg="Tool required for debug" tool="builtin:serial-discovery@1.4.3"
2026-02-04 17:54:21 2026-02-04T17:54:21.721Z daemon INFO time="2026-02-04T17:54:21Z" level=info msg="Tool required for debug" tool="arduino:avrdude@8.0.0-arduino1"
time="2026-02-04T17:54:21Z" level=info msg="Tool required for debug" tool="builtin:dfu-discovery@0.1.2"
2026-02-04 17:54:21 2026-02-04T17:54:21.721Z daemon INFO time="2026-02-04T17:54:21Z" level=info msg="Tool required for debug" tool="builtin:serial-monitor@0.15.0"
2026-02-04 17:54:21 2026-02-04T17:54:21.721Z daemon INFO time="2026-02-04T17:54:21Z" level=info msg="Tool required for debug" tool="arduino:avr-gcc@7.3.0-atmel3.6.1-arduino7"
time="2026-02-04T17:54:21Z" level=info msg="Tool required for debug" tool="arduino:arduinoOTA@1.3.0"
2026-02-04 17:54:21 2026-02-04T17:54:21.721Z daemon INFO time="2026-02-04T17:54:21Z" level=info msg="Tool required for debug" tool="builtin:ctags@5.8-arduino11"
2026-02-04 17:54:21 2026-02-04T17:54:21.722Z daemon INFO time="2026-02-04T17:54:21Z" level=info msg="Tool required for debug" tool="arduino:dfu-util@0.11.0-arduino5"
time="2026-02-04T17:54:21Z" level=info msg="Tool required for debug" tool="esp32:esp-rv32@2511"
2026-02-04 17:54:21 2026-02-04T17:54:21.722Z daemon INFO time="2026-02-04T17:54:21Z" level=info msg="Tool required for debug" tool="esp32:esp-x32@2511"
time="2026-02-04T17:54:21Z" level=info msg="Tool required for debug" tool="esp32:esp32-libs@3.3.6"
time="2026-02-04T17:54:21Z" level=info msg="Tool required for debug" tool="esp32:esp32c3-libs@3.3.6"
2026-02-04 17:54:21 2026-02-04T17:54:21.722Z daemon INFO time="2026-02-04T17:54:21Z" level=info msg="Tool required for debug" tool="esp32:esp32c5-libs@3.3.6"
time="2026-02-04T17:54:21Z" level=info msg="Tool required for debug" tool="esp32:esp32c6-libs@3.3.6"
time="2026-02-04T17:54:21Z" level=info msg="Tool required for debug" tool="esp32:esp32h2-libs@3.3.6"
2026-02-04 17:54:21 2026-02-04T17:54:21.722Z daemon INFO time="2026-02-04T17:54:21Z" level=info msg="Tool required for debug" tool="esp32:esp32p4-libs@3.3.6"
time="2026-02-04T17:54:21Z" level=info msg="Tool required for debug" tool="esp32:esp32p4_es-libs@3.3.6"
time="2026-02-04T17:54:21Z" level=info msg="Tool required for debug" tool="esp32:esp32s2-libs@3.3.6"
2026-02-04 17:54:21 2026-02-04T17:54:21.722Z daemon INFO time="2026-02-04T17:54:21Z" level=info msg="Tool required for debug" tool="esp32:esp32s3-libs@3.3.6"
time="2026-02-04T17:54:21Z" level=info msg="Tool required for debug" tool="esp32:esptool_py@5.1.0"
time="2026-02-04T17:54:21Z" level=info msg="Tool required for debug" tool="esp32:mklittlefs@4.0.2-db0513a"
2026-02-04 17:54:21 2026-02-04T17:54:21.722Z daemon INFO time="2026-02-04T17:54:21Z" level=info msg="Tool required for debug" tool="esp32:mkspiffs@0.2.3"
time="2026-02-04T17:54:21Z" level=info msg="Tool required for debug" tool="esp32:openocd-esp32@v0.12.0-esp32-20251215"
2026-02-04 17:54:21 2026-02-04T17:54:21.722Z daemon INFO time="2026-02-04T17:54:21Z" level=info msg="Tool required for debug" tool="esp32:riscv32-esp-elf-gdb@16.3_20250913"
time="2026-02-04T17:54:21Z" level=info msg="Tool required for debug" tool="esp32:xtensa-esp-elf-gdb@16.3_20250913"
time="2026-02-04T17:54:21Z" level=info msg="Tool required for debug" tool="builtin:mdns-discovery@1.0.12"
2026-02-04 17:54:21 2026-02-04T17:54:21.722Z daemon INFO time="2026-02-04T17:54:21Z" level=info msg="Tool required for debug" tool="builtin:serial-monitor@0.15.0"
time="2026-02-04T17:54:21Z" level=info msg="Tool required for debug" tool="arduino:arduinoOTA@1.3.0"
time="2026-02-04T17:54:21Z" level=info msg="Tool required for debug" tool="arduino:avr-gcc@7.3.0-atmel3.6.1-arduino7"
2026-02-04 17:54:21 2026-02-04T17:54:21.722Z daemon INFO time="2026-02-04T17:54:21Z" level=info msg="Tool required for debug" tool="builtin:serial-discovery@1.4.3"
time="2026-02-04T17:54:21Z" level=info msg="Tool required for debug" tool="arduino:avrdude@8.0.0-arduino1"
time="2026-02-04T17:54:21Z" level=info msg="Tool required for debug" tool="builtin:ctags@5.8-arduino11"
2026-02-04 17:54:21 2026-02-04T17:54:21.722Z daemon INFO time="2026-02-04T17:54:21Z" level=info msg="Tool required for debug" tool="builtin:dfu-discovery@0.1.2"
2026-02-04 17:54:21 2026-02-04T17:54:21.724Z daemon INFO time="2026-02-04T17:54:21Z" level=info msg="Tool required for debug" tool="arduino:dfu-util@0.11.0-arduino5"
time="2026-02-04T17:54:21Z" level=info msg="Tool required for debug" tool="esp32:esp-rv32@2511"
time="2026-02-04T17:54:21Z" level=info msg="Tool required for debug" tool="esp32:esp-x32@2511"
2026-02-04 17:54:21 2026-02-04T17:54:21.724Z daemon INFO time="2026-02-04T17:54:21Z" level=info msg="Tool required for debug" tool="esp32:esp32-libs@3.3.6"
time="2026-02-04T17:54:21Z" level=info msg="Tool required for debug" tool="esp32:esp32c3-libs@3.3.6"
time="2026-02-04T17:54:21Z" level=info msg="Tool required for debug" tool="esp32:esp32c5-libs@3.3.6"
time="2026-02-04T17:54:21Z" level=info msg="Tool required for debug" tool="esp32:esp32c6-libs@3.3.6"
time="2026-02-04T17:54:21Z" level=info msg="Tool required for debug" tool="esp32:esp32h2-libs@3.3.6"
time="2026-02-04T17:54:21Z" level=info msg="Tool required for debug" tool="esp32:esp32p4-libs@3.3.6"
time="2026-02-04T17:54:21Z" level=info msg="Tool required for debug" tool="esp32:esp32p4_es-libs@3.3.6"
time="2026-02-04T17:54:21Z" level=info msg="Tool required for debug" tool="esp32:esp32s2-libs@3.3.6"
time="2026-02-04T17:54:21Z" level=info msg="Tool required for debug" tool="esp32:esp32s3-libs@3.3.6"
2026-02-04 17:54:21 2026-02-04T17:54:21.724Z daemon INFO time="2026-02-04T17:54:21Z" level=info msg="Tool required for debug" tool="esp32:esptool_py@5.1.0"
time="2026-02-04T17:54:21Z" level=info msg="Tool required for debug" tool="esp32:mklittlefs@4.0.2-db0513a"
time="2026-02-04T17:54:21Z" level=info msg="Tool required for debug" tool="esp32:mkspiffs@0.2.3"
time="2026-02-04T17:54:21Z" level=info msg="Tool required for debug" tool="esp32:openocd-esp32@v0.12.0-esp32-20251215"
time="2026-02-04T17:54:21Z" level=info msg="Tool required for debug" tool="esp32:riscv32-esp-elf-gdb@16.3_20250913"
time="2026-02-04T17:54:21Z" level=info msg="Tool required for debug" tool="esp32:xtensa-esp-elf-gdb@16.3_20250913"
time="2026-02-04T17:54:21Z" level=info msg="Tool required for debug" tool="arduino:avrdude@8.0.0-arduino1"
2026-02-04 17:54:21 2026-02-04T17:54:21.724Z daemon INFO time="2026-02-04T17:54:21Z" level=info msg="Tool required for debug" tool="builtin:dfu-discovery@0.1.2"
time="2026-02-04T17:54:21Z" level=info msg="Tool required for debug" tool="builtin:serial-monitor@0.15.0"
2026-02-04 17:54:21 2026-02-04T17:54:21.724Z daemon INFO time="2026-02-04T17:54:21Z" level=info msg="Tool required for debug" tool="builtin:mdns-discovery@1.0.12"
2026-02-04 17:54:21 2026-02-04T17:54:21.724Z daemon INFO time="2026-02-04T17:54:21Z" level=info msg="Tool required for debug" tool="builtin:serial-discovery@1.4.3"
time="2026-02-04T17:54:21Z" level=info msg="Tool required for debug" tool="arduino:avr-gcc@7.3.0-atmel3.6.1-arduino7"
time="2026-02-04T17:54:21Z" level=info msg="Tool required for debug" tool="arduino:arduinoOTA@1.3.0"
2026-02-04 17:54:21 2026-02-04T17:54:21.724Z daemon INFO time="2026-02-04T17:54:21Z" level=info msg="Tool required for debug" tool="builtin:ctags@5.8-arduino11"
2026-02-04 17:54:21 2026-02-04T17:54:21.725Z daemon INFO time="2026-02-04T17:54:21Z" level=info msg="Tool required for debug" tool="arduino:dfu-util@0.11.0-arduino5"
time="2026-02-04T17:54:21Z" level=info msg="Tool required for debug" tool="esp32:esp-rv32@2511"
2026-02-04 17:54:21 2026-02-04T17:54:21.725Z daemon INFO time="2026-02-04T17:54:21Z" level=info msg="Tool required for debug" tool="esp32:esp-x32@2511"
time="2026-02-04T17:54:21Z" level=info msg="Tool required for debug" tool="esp32:esp32-libs@3.3.6"
time="2026-02-04T17:54:21Z" level=info msg="Tool required for debug" tool="esp32:esp32c3-libs@3.3.6"
time="2026-02-04T17:54:21Z" level=info msg="Tool required for debug" tool="esp32:esp32c5-libs@3.3.6"
2026-02-04 17:54:21 2026-02-04T17:54:21.725Z daemon INFO time="2026-02-04T17:54:21Z" level=info msg="Tool required for debug" tool="esp32:esp32c6-libs@3.3.6"
time="2026-02-04T17:54:21Z" level=info msg="Tool required for debug" tool="esp32:esp32h2-libs@3.3.6"
time="2026-02-04T17:54:21Z" level=info msg="Tool required for debug" tool="esp32:esp32p4-libs@3.3.6"
2026-02-04 17:54:21 2026-02-04T17:54:21.725Z daemon INFO time="2026-02-04T17:54:21Z" level=info msg="Tool required for debug" tool="esp32:esp32p4_es-libs@3.3.6"
time="2026-02-04T17:54:21Z" level=info msg="Tool required for debug" tool="esp32:esp32s2-libs@3.3.6"
time="2026-02-04T17:54:21Z" level=info msg="Tool required for debug" tool="esp32:esp32s3-libs@3.3.6"
2026-02-04 17:54:21 2026-02-04T17:54:21.725Z daemon INFO time="2026-02-04T17:54:21Z" level=info msg="Tool required for debug" tool="esp32:esptool_py@5.1.0"
time="2026-02-04T17:54:21Z" level=info msg="Tool required for debug" tool="esp32:mklittlefs@4.0.2-db0513a"
2026-02-04 17:54:21 2026-02-04T17:54:21.725Z daemon INFO time="2026-02-04T17:54:21Z" level=info msg="Tool required for debug" tool="esp32:mkspiffs@0.2.3"
time="2026-02-04T17:54:21Z" level=info msg="Tool required for debug" tool="esp32:openocd-esp32@v0.12.0-esp32-20251215"
time="2026-02-04T17:54:21Z" level=info msg="Tool required for debug" tool="esp32:riscv32-esp-elf-gdb@16.3_20250913"
2026-02-04 17:54:21 2026-02-04T17:54:21.725Z daemon INFO time="2026-02-04T17:54:21Z" level=info msg="Tool required for debug" tool="esp32:xtensa-esp-elf-gdb@16.3_20250913"
time="2026-02-04T17:54:21Z" level=info msg="Tool required for debug" tool="arduino:avrdude@8.0.0-arduino1"
2026-02-04 17:54:21 2026-02-04T17:54:21.725Z daemon INFO time="2026-02-04T17:54:21Z" level=info msg="Tool required for debug" tool="builtin:serial-discovery@1.4.3"
time="2026-02-04T17:54:21Z" level=info msg="Tool required for debug" tool="arduino:arduinoOTA@1.3.0"
2026-02-04 17:54:21 2026-02-04T17:54:21.725Z daemon INFO time="2026-02-04T17:54:21Z" level=info msg="Tool required for debug" tool="builtin:ctags@5.8-arduino11"
2026-02-04 17:54:21 2026-02-04T17:54:21.725Z daemon INFO time="2026-02-04T17:54:21Z" level=info msg="Tool required for debug" tool="arduino:avr-gcc@7.3.0-atmel3.6.1-arduino7"
time="2026-02-04T17:54:21Z" level=info msg="Tool required for debug" tool="builtin:dfu-discovery@0.1.2"
2026-02-04 17:54:21 2026-02-04T17:54:21.725Z daemon INFO time="2026-02-04T17:54:21Z" level=info msg="Tool required for debug" tool="builtin:mdns-discovery@1.0.12"
time="2026-02-04T17:54:21Z" level=info msg="Tool required for debug" tool="builtin:serial-monitor@0.15.0"
2026-02-04 17:54:22 2026-02-04T17:54:22.689Z daemon INFO time="2026-02-04T17:54:22Z" level=info msg="Adding libraries dir" dir=/home/shrek/.arduino15/libraries isSingleLibrary=false location=ide
2026-02-04 17:54:22 2026-02-04T17:54:22.689Z daemon INFO time="2026-02-04T17:54:22Z" level=info msg="Adding libraries dir" dir=/home/shrek/.arduino15/packages/esp32/hardware/esp32/3.3.6/libraries isSingleLibrary=false location=platform
time="2026-02-04T17:54:22Z" level=info msg="Adding libraries dir" dir=/home/shrek/Arduino/libraries isSingleLibrary=false location=user
2026-02-04 17:54:28 2026-02-04T17:54:28.447Z root INFO Received port after upload [arduino+serial:///dev/ttyUSB0, esp32:esp32:esp32h2:UploadSpeed=921600,CDCOnBoot=default,FlashFreq=64,FlashMode=qio,FlashSize=4M,PartitionScheme=default,DebugLevel=none,EraseFlash=none,JTAGAdapter=default,ZigbeeMode=default, led.ino]. Before port: {"protocol":"serial","address":"/dev/ttyUSB0"}, after port: {"address":"/dev/ttyUSB0","addressLabel":"/dev/ttyUSB0","protocol":"serial","protocolLabel":"Serial Port (USB)","properties":{"pid":"0xea60","serialNumber":"e2dc2d4b6971f011b9be029f1045c30f","vid":"0x10c4"},"hardwareId":"e2dc2d4b6971f011b9be029f1045c30f"}
2026-02-04 17:54:48 2026-02-04T17:54:48.707Z daemon INFO time="2026-02-04T17:54:48Z" level=info msg="Adding libraries dir" dir=/home/shrek/.arduino15/libraries isSingleLibrary=false location=ide
time="2026-02-04T17:54:48Z" level=info msg="Adding libraries dir" dir=/home/shrek/.arduino15/packages/esp32/hardware/esp32/3.3.6/libraries isSingleLibrary=false location=platform
time="2026-02-04T17:54:48Z" level=info msg="Adding libraries dir" dir=/home/shrek/Arduino/libraries isSingleLibrary=false location=user
2026-02-04 17:54:50 2026-02-04T17:54:50.205Z daemon INFO time="2026-02-04T17:54:50Z" level=info msg="Adding libraries dir" dir=/home/shrek/.arduino15/libraries isSingleLibrary=false location=ide
time="2026-02-04T17:54:50Z" level=info msg="Adding libraries dir" dir=/home/shrek/.arduino15/packages/esp32/hardware/esp32/3.3.6/libraries isSingleLibrary=false location=platform
2026-02-04 17:54:50 2026-02-04T17:54:50.205Z daemon INFO time="2026-02-04T17:54:50Z" level=info msg="Adding libraries dir" dir=/home/shrek/Arduino/libraries isSingleLibrary=false location=user
2026-02-04 17:54:50 2026-02-04T17:54:50.539Z daemon INFO time="2026-02-04T17:54:50Z" level=info msg="Adding libraries dir" dir=/home/shrek/.arduino15/libraries isSingleLibrary=false location=ide
2026-02-04 17:54:50 2026-02-04T17:54:50.539Z daemon INFO time="2026-02-04T17:54:50Z" level=info msg="Adding libraries dir" dir=/home/shrek/.arduino15/packages/esp32/hardware/esp32/3.3.6/libraries isSingleLibrary=false location=platform
time="2026-02-04T17:54:50Z" level=info msg="Adding libraries dir" dir=/home/shrek/Arduino/libraries isSingleLibrary=false location=user
2026-02-04 17:54:50 2026-02-04T17:54:50.832Z daemon INFO time="2026-02-04T17:54:50Z" level=info msg="Resolving include FastLED.h for arch esp32"
time="2026-02-04T17:54:50Z" level=info msg="  found better lib" lib=FastLED prio=6A7
2026-02-04 17:54:53 2026-02-04T17:54:53.564Z root INFO Executing 'arduino.languageserver.notifyBuildDidComplete' with "file:///home/shrek/.cache/arduino/sketches/685F1B846501B9FC48DBBE71848122CF"
2026-02-04 17:54:53 2026-02-04T17:54:53.591Z daemon INFO time="2026-02-04T17:54:53Z" level=info msg="Tool required for debug" tool="arduino:dfu-util@0.11.0-arduino5"
time="2026-02-04T17:54:53Z" level=info msg="Tool required for debug" tool="esp32:esp-rv32@2511"
2026-02-04 17:54:53 2026-02-04T17:54:53.591Z daemon INFO time="2026-02-04T17:54:53Z" level=info msg="Tool required for debug" tool="esp32:esp-x32@2511"
time="2026-02-04T17:54:53Z" level=info msg="Tool required for debug" tool="esp32:esp32-libs@3.3.6"
time="2026-02-04T17:54:53Z" level=info msg="Tool required for debug" tool="esp32:esp32c3-libs@3.3.6"
time="2026-02-04T17:54:53Z" level=info msg="Tool required for debug" tool="esp32:esp32c5-libs@3.3.6"
time="2026-02-04T17:54:53Z" level=info msg="Tool required for debug" tool="esp32:esp32c6-libs@3.3.6"
time="2026-02-04T17:54:53Z" level=info msg="Tool required for debug" tool="esp32:esp32h2-libs@3.3.6"
time="2026-02-04T17:54:53Z" level=info msg="Tool required for debug" tool="esp32:esp32p4-libs@3.3.6"
time="2026-02-04T17:54:53Z" level=info msg="Tool required for debug" tool="esp32:esp32p4_es-libs@3.3.6"
2026-02-04 17:54:53 2026-02-04T17:54:53.591Z daemon INFO time="2026-02-04T17:54:53Z" level=info msg="Tool required for debug" tool="esp32:esp32s2-libs@3.3.6"
time="2026-02-04T17:54:53Z" level=info msg="Tool required for debug" tool="esp32:esp32s3-libs@3.3.6"
time="2026-02-04T17:54:53Z" level=info msg="Tool required for debug" tool="esp32:esptool_py@5.1.0"
time="2026-02-04T17:54:53Z" level=info msg="Tool required for debug" tool="esp32:mklittlefs@4.0.2-db0513a"
2026-02-04 17:54:53 2026-02-04T17:54:53.591Z daemon INFO time="2026-02-04T17:54:53Z" level=info msg="Tool required for debug" tool="esp32:mkspiffs@0.2.3"
time="2026-02-04T17:54:53Z" level=info msg="Tool required for debug" tool="esp32:openocd-esp32@v0.12.0-esp32-20251215"
time="2026-02-04T17:54:53Z" level=info msg="Tool required for debug" tool="esp32:riscv32-esp-elf-gdb@16.3_20250913"
2026-02-04 17:54:53 2026-02-04T17:54:53.591Z daemon INFO time="2026-02-04T17:54:53Z" level=info msg="Tool required for debug" tool="esp32:xtensa-esp-elf-gdb@16.3_20250913"
time="2026-02-04T17:54:53Z" level=info msg="Tool required for debug" tool="builtin:dfu-discovery@0.1.2"
2026-02-04 17:54:53 2026-02-04T17:54:53.591Z daemon INFO time="2026-02-04T17:54:53Z" level=info msg="Tool required for debug" tool="builtin:serial-discovery@1.4.3"
2026-02-04 17:54:53 2026-02-04T17:54:53.591Z daemon INFO time="2026-02-04T17:54:53Z" level=info msg="Tool required for debug" tool="arduino:avrdude@8.0.0-arduino1"
time="2026-02-04T17:54:53Z" level=info msg="Tool required for debug" tool="builtin:ctags@5.8-arduino11"
2026-02-04 17:54:53 2026-02-04T17:54:53.592Z daemon INFO time="2026-02-04T17:54:53Z" level=info msg="Tool required for debug" tool="builtin:serial-monitor@0.15.0"
time="2026-02-04T17:54:53Z" level=info msg="Tool required for debug" tool="arduino:avr-gcc@7.3.0-atmel3.6.1-arduino7"
time="2026-02-04T17:54:53Z" level=info msg="Tool required for debug" tool="arduino:arduinoOTA@1.3.0"
2026-02-04 17:54:53 2026-02-04T17:54:53.592Z daemon INFO time="2026-02-04T17:54:53Z" level=info msg="Tool required for debug" tool="builtin:mdns-discovery@1.0.12"
2026-02-04 17:54:53 2026-02-04T17:54:53.593Z daemon INFO time="2026-02-04T17:54:53Z" level=info msg="Tool required for debug" tool="arduino:dfu-util@0.11.0-arduino5"
time="2026-02-04T17:54:53Z" level=info msg="Tool required for debug" tool="esp32:esp-rv32@2511"
2026-02-04 17:54:53 2026-02-04T17:54:53.593Z daemon INFO time="2026-02-04T17:54:53Z" level=info msg="Tool required for debug" tool="esp32:esp-x32@2511"
time="2026-02-04T17:54:53Z" level=info msg="Tool required for debug" tool="esp32:esp32-libs@3.3.6"
time="2026-02-04T17:54:53Z" level=info msg="Tool required for debug" tool="esp32:esp32c3-libs@3.3.6"
time="2026-02-04T17:54:53Z" level=info msg="Tool required for debug" tool="esp32:esp32c5-libs@3.3.6"
time="2026-02-04T17:54:53Z" level=info msg="Tool required for debug" tool="esp32:esp32c6-libs@3.3.6"
time="2026-02-04T17:54:53Z" level=info msg="Tool required for debug" tool="esp32:esp32h2-libs@3.3.6"
time="2026-02-04T17:54:53Z" level=info msg="Tool required for debug" tool="esp32:esp32p4-libs@3.3.6"
2026-02-04 17:54:53 2026-02-04T17:54:53.593Z daemon INFO time="2026-02-04T17:54:53Z" level=info msg="Tool required for debug" tool="esp32:esp32p4_es-libs@3.3.6"
time="2026-02-04T17:54:53Z" level=info msg="Tool required for debug" tool="esp32:esp32s2-libs@3.3.6"
time="2026-02-04T17:54:53Z" level=info msg="Tool required for debug" tool="esp32:esp32s3-libs@3.3.6"
time="2026-02-04T17:54:53Z" level=info msg="Tool required for debug" tool="esp32:esptool_py@5.1.0"
2026-02-04 17:54:53 2026-02-04T17:54:53.593Z daemon INFO time="2026-02-04T17:54:53Z" level=info msg="Tool required for debug" tool="esp32:mklittlefs@4.0.2-db0513a"
time="2026-02-04T17:54:53Z" level=info msg="Tool required for debug" tool="esp32:mkspiffs@0.2.3"
time="2026-02-04T17:54:53Z" level=info msg="Tool required for debug" tool="esp32:openocd-esp32@v0.12.0-esp32-20251215"
2026-02-04 17:54:53 2026-02-04T17:54:53.593Z daemon INFO time="2026-02-04T17:54:53Z" level=info msg="Tool required for debug" tool="esp32:riscv32-esp-elf-gdb@16.3_20250913"
time="2026-02-04T17:54:53Z" level=info msg="Tool required for debug" tool="esp32:xtensa-esp-elf-gdb@16.3_20250913"
time="2026-02-04T17:54:53Z" level=info msg="Tool required for debug" tool="builtin:ctags@5.8-arduino11"
2026-02-04 17:54:53 2026-02-04T17:54:53.593Z daemon INFO time="2026-02-04T17:54:53Z" level=info msg="Tool required for debug" tool="builtin:mdns-discovery@1.0.12"
time="2026-02-04T17:54:53Z" level=info msg="Tool required for debug" tool="builtin:serial-discovery@1.4.3"
2026-02-04 17:54:53 2026-02-04T17:54:53.593Z daemon INFO time="2026-02-04T17:54:53Z" level=info msg="Tool required for debug" tool="builtin:dfu-discovery@0.1.2"
2026-02-04 17:54:53 2026-02-04T17:54:53.593Z daemon INFO time="2026-02-04T17:54:53Z" level=info msg="Tool required for debug" tool="arduino:arduinoOTA@1.3.0"
time="2026-02-04T17:54:53Z" level=info msg="Tool required for debug" tool="arduino:avrdude@8.0.0-arduino1"
2026-02-04 17:54:53 2026-02-04T17:54:53.593Z daemon INFO time="2026-02-04T17:54:53Z" level=info msg="Tool required for debug" tool="arduino:avr-gcc@7.3.0-atmel3.6.1-arduino7"
time="2026-02-04T17:54:53Z" level=info msg="Tool required for debug" tool="builtin:serial-monitor@0.15.0"
2026-02-04 17:54:53 2026-02-04T17:54:53.594Z daemon INFO time="2026-02-04T17:54:53Z" level=info msg="Tool required for debug" tool="arduino:dfu-util@0.11.0-arduino5"
time="2026-02-04T17:54:53Z" level=info msg="Tool required for debug" tool="esp32:esp-rv32@2511"
2026-02-04 17:54:53 2026-02-04T17:54:53.594Z daemon INFO time="2026-02-04T17:54:53Z" level=info msg="Tool required for debug" tool="esp32:esp-x32@2511"
time="2026-02-04T17:54:53Z" level=info msg="Tool required for debug" tool="esp32:esp32-libs@3.3.6"
time="2026-02-04T17:54:53Z" level=info msg="Tool required for debug" tool="esp32:esp32c3-libs@3.3.6"
time="2026-02-04T17:54:53Z" level=info msg="Tool required for debug" tool="esp32:esp32c5-libs@3.3.6"
time="2026-02-04T17:54:53Z" level=info msg="Tool required for debug" tool="esp32:esp32c6-libs@3.3.6"
2026-02-04 17:54:53 2026-02-04T17:54:53.594Z daemon INFO time="2026-02-04T17:54:53Z" level=info msg="Tool required for debug" tool="esp32:esp32h2-libs@3.3.6"
time="2026-02-04T17:54:53Z" level=info msg="Tool required for debug" tool="esp32:esp32p4-libs@3.3.6"
time="2026-02-04T17:54:53Z" level=info msg="Tool required for debug" tool="esp32:esp32p4_es-libs@3.3.6"
time="2026-02-04T17:54:53Z" level=info msg="Tool required for debug" tool="esp32:esp32s2-libs@3.3.6"
2026-02-04 17:54:53 2026-02-04T17:54:53.594Z daemon INFO time="2026-02-04T17:54:53Z" level=info msg="Tool required for debug" tool="esp32:esp32s3-libs@3.3.6"
time="2026-02-04T17:54:53Z" level=info msg="Tool required for debug" tool="esp32:esptool_py@5.1.0"
time="2026-02-04T17:54:53Z" level=info msg="Tool required for debug" tool="esp32:mklittlefs@4.0.2-db0513a"
2026-02-04 17:54:53 2026-02-04T17:54:53.594Z daemon INFO time="2026-02-04T17:54:53Z" level=info msg="Tool required for debug" tool="esp32:mkspiffs@0.2.3"
time="2026-02-04T17:54:53Z" level=info msg="Tool required for debug" tool="esp32:openocd-esp32@v0.12.0-esp32-20251215"
2026-02-04 17:54:53 2026-02-04T17:54:53.594Z daemon INFO time="2026-02-04T17:54:53Z" level=info msg="Tool required for debug" tool="esp32:riscv32-esp-elf-gdb@16.3_20250913"
time="2026-02-04T17:54:53Z" level=info msg="Tool required for debug" tool="esp32:xtensa-esp-elf-gdb@16.3_20250913"
2026-02-04 17:54:53 2026-02-04T17:54:53.594Z daemon INFO time="2026-02-04T17:54:53Z" level=info msg="Tool required for debug" tool="builtin:dfu-discovery@0.1.2"
time="2026-02-04T17:54:53Z" level=info msg="Tool required for debug" tool="builtin:serial-discovery@1.4.3"
2026-02-04 17:54:53 2026-02-04T17:54:53.594Z daemon INFO time="2026-02-04T17:54:53Z" level=info msg="Tool required for debug" tool="arduino:arduinoOTA@1.3.0"
2026-02-04 17:54:53 2026-02-04T17:54:53.594Z daemon INFO time="2026-02-04T17:54:53Z" level=info msg="Tool required for debug" tool="arduino:avrdude@8.0.0-arduino1"
time="2026-02-04T17:54:53Z" level=info msg="Tool required for debug" tool="builtin:serial-monitor@0.15.0"
2026-02-04 17:54:53 2026-02-04T17:54:53.594Z daemon INFO time="2026-02-04T17:54:53Z" level=info msg="Tool required for debug" tool="builtin:mdns-discovery@1.0.12"
time="2026-02-04T17:54:53Z" level=info msg="Tool required for debug" tool="arduino:avr-gcc@7.3.0-atmel3.6.1-arduino7"
2026-02-04 17:54:53 2026-02-04T17:54:53.594Z daemon INFO time="2026-02-04T17:54:53Z" level=info msg="Tool required for debug" tool="builtin:ctags@5.8-arduino11"
2026-02-04 17:54:53 2026-02-04T17:54:53.595Z daemon INFO time="2026-02-04T17:54:53Z" level=info msg="Tool required for debug" tool="arduino:dfu-util@0.11.0-arduino5"
time="2026-02-04T17:54:53Z" level=info msg="Tool required for debug" tool="esp32:esp-rv32@2511"
time="2026-02-04T17:54:53Z" level=info msg="Tool required for debug" tool="esp32:esp-x32@2511"
2026-02-04 17:54:53 2026-02-04T17:54:53.595Z daemon INFO time="2026-02-04T17:54:53Z" level=info msg="Tool required for debug" tool="esp32:esp32-libs@3.3.6"
time="2026-02-04T17:54:53Z" level=info msg="Tool required for debug" tool="esp32:esp32c3-libs@3.3.6"
time="2026-02-04T17:54:53Z" level=info msg="Tool required for debug" tool="esp32:esp32c5-libs@3.3.6"
time="2026-02-04T17:54:53Z" level=info msg="Tool required for debug" tool="esp32:esp32c6-libs@3.3.6"
time="2026-02-04T17:54:53Z" level=info msg="Tool required for debug" tool="esp32:esp32h2-libs@3.3.6"
time="2026-02-04T17:54:53Z" level=info msg="Tool required for debug" tool="esp32:esp32p4-libs@3.3.6"
time="2026-02-04T17:54:53Z" level=info msg="Tool required for debug" tool="esp32:esp32p4_es-libs@3.3.6"
2026-02-04 17:54:53 2026-02-04T17:54:53.595Z daemon INFO time="2026-02-04T17:54:53Z" level=info msg="Tool required for debug" tool="esp32:esp32s2-libs@3.3.6"
time="2026-02-04T17:54:53Z" level=info msg="Tool required for debug" tool="esp32:esp32s3-libs@3.3.6"
time="2026-02-04T17:54:53Z" level=info msg="Tool required for debug" tool="esp32:esptool_py@5.1.0"
time="2026-02-04T17:54:53Z" level=info msg="Tool required for debug" tool="esp32:mklittlefs@4.0.2-db0513a"
time="2026-02-04T17:54:53Z" level=info msg="Tool required for debug" tool="esp32:mkspiffs@0.2.3"
time="2026-02-04T17:54:53Z" level=info msg="Tool required for debug" tool="esp32:openocd-esp32@v0.12.0-esp32-20251215"
time="2026-02-04T17:54:53Z" level=info msg="Tool required for debug" tool="esp32:riscv32-esp-elf-gdb@16.3_20250913"
2026-02-04 17:54:53 2026-02-04T17:54:53.595Z daemon INFO time="2026-02-04T17:54:53Z" level=info msg="Tool required for debug" tool="esp32:xtensa-esp-elf-gdb@16.3_20250913"
time="2026-02-04T17:54:53Z" level=info msg="Tool required for debug" tool="builtin:dfu-discovery@0.1.2"
time="2026-02-04T17:54:53Z" level=info msg="Tool required for debug" tool="builtin:mdns-discovery@1.0.12"
time="2026-02-04T17:54:53Z" level=info msg="Tool required for debug" tool="builtin:serial-discovery@1.4.3"
2026-02-04 17:54:53 2026-02-04T17:54:53.595Z daemon INFO time="2026-02-04T17:54:53Z" level=info msg="Tool required for debug" tool="arduino:avr-gcc@7.3.0-atmel3.6.1-arduino7"
time="2026-02-04T17:54:53Z" level=info msg="Tool required for debug" tool="builtin:serial-monitor@0.15.0"
time="2026-02-04T17:54:53Z" level=info msg="Tool required for debug" tool="builtin:ctags@5.8-arduino11"
time="2026-02-04T17:54:53Z" level=info msg="Tool required for debug" tool="arduino:arduinoOTA@1.3.0"
2026-02-04 17:54:53 2026-02-04T17:54:53.595Z daemon INFO time="2026-02-04T17:54:53Z" level=info msg="Tool required for debug" tool="arduino:avrdude@8.0.0-arduino1"
2026-02-04 17:54:53 2026-02-04T17:54:53.597Z daemon INFO time="2026-02-04T17:54:53Z" level=info msg="Tool required for debug" tool="arduino:dfu-util@0.11.0-arduino5"
time="2026-02-04T17:54:53Z" level=info msg="Tool required for debug" tool="esp32:esp-rv32@2511"
2026-02-04 17:54:53 2026-02-04T17:54:53.597Z daemon INFO time="2026-02-04T17:54:53Z" level=info msg="Tool required for debug" tool="esp32:esp-x32@2511"
time="2026-02-04T17:54:53Z" level=info msg="Tool required for debug" tool="esp32:esp32-libs@3.3.6"
time="2026-02-04T17:54:53Z" level=info msg="Tool required for debug" tool="esp32:esp32c3-libs@3.3.6"
time="2026-02-04T17:54:53Z" level=info msg="Tool required for debug" tool="esp32:esp32c5-libs@3.3.6"
time="2026-02-04T17:54:53Z" level=info msg="Tool required for debug" tool="esp32:esp32c6-libs@3.3.6"
time="2026-02-04T17:54:53Z" level=info msg="Tool required for debug" tool="esp32:esp32h2-libs@3.3.6"
time="2026-02-04T17:54:53Z" level=info msg="Tool required for debug" tool="esp32:esp32p4-libs@3.3.6"
2026-02-04 17:54:53 2026-02-04T17:54:53.597Z daemon INFO time="2026-02-04T17:54:53Z" level=info msg="Tool required for debug" tool="esp32:esp32p4_es-libs@3.3.6"
time="2026-02-04T17:54:53Z" level=info msg="Tool required for debug" tool="esp32:esp32s2-libs@3.3.6"
time="2026-02-04T17:54:53Z" level=info msg="Tool required for debug" tool="esp32:esp32s3-libs@3.3.6"
time="2026-02-04T17:54:53Z" level=info msg="Tool required for debug" tool="esp32:esptool_py@5.1.0"
time="2026-02-04T17:54:53Z" level=info msg="Tool required for debug" tool="esp32:mklittlefs@4.0.2-db0513a"
2026-02-04 17:54:53 2026-02-04T17:54:53.597Z daemon INFO time="2026-02-04T17:54:53Z" level=info msg="Tool required for debug" tool="esp32:mkspiffs@0.2.3"
time="2026-02-04T17:54:53Z" level=info msg="Tool required for debug" tool="esp32:openocd-esp32@v0.12.0-esp32-20251215"
time="2026-02-04T17:54:53Z" level=info msg="Tool required for debug" tool="esp32:riscv32-esp-elf-gdb@16.3_20250913"
time="2026-02-04T17:54:53Z" level=info msg="Tool required for debug" tool="esp32:xtensa-esp-elf-gdb@16.3_20250913"
time="2026-02-04T17:54:53Z" level=info msg="Tool required for debug" tool="arduino:avr-gcc@7.3.0-atmel3.6.1-arduino7"
2026-02-04 17:54:53 2026-02-04T17:54:53.597Z daemon INFO time="2026-02-04T17:54:53Z" level=info msg="Tool required for debug" tool="arduino:arduinoOTA@1.3.0"
time="2026-02-04T17:54:53Z" level=info msg="Tool required for debug" tool="builtin:dfu-discovery@0.1.2"
time="2026-02-04T17:54:53Z" level=info msg="Tool required for debug" tool="builtin:mdns-discovery@1.0.12"
2026-02-04 17:54:53 2026-02-04T17:54:53.597Z daemon INFO time="2026-02-04T17:54:53Z" level=info msg="Tool required for debug" tool="builtin:ctags@5.8-arduino11"
time="2026-02-04T17:54:53Z" level=info msg="Tool required for debug" tool="builtin:serial-discovery@1.4.3"
time="2026-02-04T17:54:53Z" level=info msg="Tool required for debug" tool="builtin:serial-monitor@0.15.0"
2026-02-04 17:54:53 2026-02-04T17:54:53.597Z daemon INFO time="2026-02-04T17:54:53Z" level=info msg="Tool required for debug" tool="arduino:avrdude@8.0.0-arduino1"
2026-02-04 17:54:53 2026-02-04T17:54:53.598Z daemon INFO time="2026-02-04T17:54:53Z" level=info msg="Tool required for debug" tool="arduino:dfu-util@0.11.0-arduino5"
time="2026-02-04T17:54:53Z" level=info msg="Tool required for debug" tool="esp32:esp-rv32@2511"
time="2026-02-04T17:54:53Z" level=info msg="Tool required for debug" tool="esp32:esp-x32@2511"
2026-02-04 17:54:53 2026-02-04T17:54:53.598Z daemon INFO time="2026-02-04T17:54:53Z" level=info msg="Tool required for debug" tool="esp32:esp32-libs@3.3.6"
time="2026-02-04T17:54:53Z" level=info msg="Tool required for debug" tool="esp32:esp32c3-libs@3.3.6"
time="2026-02-04T17:54:53Z" level=info msg="Tool required for debug" tool="esp32:esp32c5-libs@3.3.6"
time="2026-02-04T17:54:53Z" level=info msg="Tool required for debug" tool="esp32:esp32c6-libs@3.3.6"
time="2026-02-04T17:54:53Z" level=info msg="Tool required for debug" tool="esp32:esp32h2-libs@3.3.6"
time="2026-02-04T17:54:53Z" level=info msg="Tool required for debug" tool="esp32:esp32p4-libs@3.3.6"
2026-02-04 17:54:53 2026-02-04T17:54:53.598Z daemon INFO time="2026-02-04T17:54:53Z" level=info msg="Tool required for debug" tool="esp32:esp32p4_es-libs@3.3.6"
time="2026-02-04T17:54:53Z" level=info msg="Tool required for debug" tool="esp32:esp32s2-libs@3.3.6"
time="2026-02-04T17:54:53Z" level=info msg="Tool required for debug" tool="esp32:esp32s3-libs@3.3.6"
time="2026-02-04T17:54:53Z" level=info msg="Tool required for debug" tool="esp32:esptool_py@5.1.0"
time="2026-02-04T17:54:53Z" level=info msg="Tool required for debug" tool="esp32:mklittlefs@4.0.2-db0513a"
2026-02-04 17:54:53 2026-02-04T17:54:53.598Z daemon INFO time="2026-02-04T17:54:53Z" level=info msg="Tool required for debug" tool="esp32:mkspiffs@0.2.3"
2026-02-04 17:54:53 2026-02-04T17:54:53.598Z daemon INFO time="2026-02-04T17:54:53Z" level=info msg="Tool required for debug" tool="esp32:openocd-esp32@v0.12.0-esp32-20251215"
time="2026-02-04T17:54:53Z" level=info msg="Tool required for debug" tool="esp32:riscv32-esp-elf-gdb@16.3_20250913"
time="2026-02-04T17:54:53Z" level=info msg="Tool required for debug" tool="esp32:xtensa-esp-elf-gdb@16.3_20250913"
2026-02-04 17:54:53 2026-02-04T17:54:53.598Z daemon INFO time="2026-02-04T17:54:53Z" level=info msg="Tool required for debug" tool="arduino:avr-gcc@7.3.0-atmel3.6.1-arduino7"
time="2026-02-04T17:54:53Z" level=info msg="Tool required for debug" tool="arduino:arduinoOTA@1.3.0"
2026-02-04 17:54:53 2026-02-04T17:54:53.598Z daemon INFO time="2026-02-04T17:54:53Z" level=info msg="Tool required for debug" tool="builtin:ctags@5.8-arduino11"
2026-02-04 17:54:53 2026-02-04T17:54:53.598Z daemon INFO time="2026-02-04T17:54:53Z" level=info msg="Tool required for debug" tool="builtin:dfu-discovery@0.1.2"
2026-02-04 17:54:53 2026-02-04T17:54:53.598Z daemon INFO time="2026-02-04T17:54:53Z" level=info msg="Tool required for debug" tool="arduino:avrdude@8.0.0-arduino1"
2026-02-04 17:54:53 2026-02-04T17:54:53.598Z daemon INFO time="2026-02-04T17:54:53Z" level=info msg="Tool required for debug" tool="builtin:mdns-discovery@1.0.12"
2026-02-04 17:54:53 2026-02-04T17:54:53.598Z daemon INFO time="2026-02-04T17:54:53Z" level=info msg="Tool required for debug" tool="builtin:serial-discovery@1.4.3"
2026-02-04 17:54:53 2026-02-04T17:54:53.598Z daemon INFO time="2026-02-04T17:54:53Z" level=info msg="Tool required for debug" tool="builtin:serial-monitor@0.15.0"
2026-02-04 17:54:53 2026-02-04T17:54:53.604Z daemon INFO time="2026-02-04T17:54:53Z" level=info msg="Tool required for debug" tool="arduino:dfu-util@0.11.0-arduino5"
time="2026-02-04T17:54:53Z" level=info msg="Tool required for debug" tool="esp32:esp-rv32@2511"
time="2026-02-04T17:54:53Z" level=info msg="Tool required for debug" tool="esp32:esp-x32@2511"
time="2026-02-04T17:54:53Z" level=info msg="Tool required for debug" tool="esp32:esp32-libs@3.3.6"
time="2026-02-04T17:54:53Z" level=info msg="Tool required for debug" tool="esp32:esp32c3-libs@3.3.6"
time="2026-02-04T17:54:53Z" level=info msg="Tool required for debug" tool="esp32:esp32c5-libs@3.3.6"
time="2026-02-04T17:54:53Z" level=info msg="Tool required for debug" tool="esp32:esp32c6-libs@3.3.6"
time="2026-02-04T17:54:53Z" level=info msg="Tool required for debug" tool="esp32:esp32h2-libs@3.3.6"
time="2026-02-04T17:54:53Z" level=info msg="Tool required for debug" tool="esp32:esp32p4-libs@3.3.6"
time="2026-02-04T17:54:53Z" level=info msg="Tool required for debug" tool="esp32:esp32p4_es-libs@3.3.6"
time="2026-02-04T17:54:53Z" level=info msg="Tool required for debug" tool="esp32:esp32s2-libs@3.3.6"
time="2026-02-04T17:54:53Z" level=info msg="Tool required for debug" tool="esp32:esp32s3-libs@3.3.6"
time="2026-02-04T17:54:53Z" level=info msg="Tool required for debug" tool="esp32:esptool_py@5.1.0"
time="2026-02-04T17:54:53Z" level=info msg="Tool required for debug" tool="esp32:mklittlefs@4.0.2-db0513a"
time="2026-02-04T17:54:53Z" level=info msg="Tool required for debug" tool="esp32:mkspiffs@0.2.3"
time="2026-02-04T17:54:53Z" level=info msg="Tool required for debug" tool="esp32:openocd-esp32@v0.12.0-esp32-20251215"
time="2026-02-04T17:54:53Z" level=info msg="Tool required for debug" tool="esp32:riscv32-esp-elf-gdb@16.3_20250913"
time="2026-02-04T17:54:53Z" level=info msg="Tool required for debug" tool="esp32:xtensa-esp-elf-gdb@16.3_20250913"
time="2026-02-04T17:54:53Z" level=info msg="Tool required for debug" tool="arduino:arduinoOTA@1.3.0"
time="2026-02-04T17:54:53Z" level=info msg="Tool required for debug" tool="arduino:avr-gcc@7.3.0-atmel3.6.1-arduino7"
time="2026-02-04T17:54:53Z" level=info msg="Tool required for debug" tool="arduino:avrdude@8.0.0-arduino1"
time="2026-02-04T17:54:53Z" level=info msg="Tool required for debug" tool="builtin:ctags@5.8-arduino11"
time="2026-02-04T17:54:53Z" level=info msg="Tool required for debug" tool="builtin:serial-discovery@1.4.3"
time="2026-02-04T17:54:53Z" level=info msg="Tool required for debug" tool="builtin:serial-monitor@0.15.0"
time="2026-02-04T17:54:53Z" level=info msg="Tool required for debug" tool="builtin:dfu-discovery@0.1.2"
time="2026-02-04T17:54:53Z" level=info msg="Tool required for debug" tool="builtin:mdns-discovery@1.0.12"
2026-02-04 17:54:53 2026-02-04T17:54:53.606Z daemon INFO time="2026-02-04T17:54:53Z" level=info msg="Tool required for debug" tool="arduino:dfu-util@0.11.0-arduino5"
time="2026-02-04T17:54:53Z" level=info msg="Tool required for debug" tool="esp32:esp-rv32@2511"
time="2026-02-04T17:54:53Z" level=info msg="Tool required for debug" tool="esp32:esp-x32@2511"
2026-02-04 17:54:53 2026-02-04T17:54:53.606Z daemon INFO time="2026-02-04T17:54:53Z" level=info msg="Tool required for debug" tool="esp32:esp32-libs@3.3.6"
time="2026-02-04T17:54:53Z" level=info msg="Tool required for debug" tool="esp32:esp32c3-libs@3.3.6"
time="2026-02-04T17:54:53Z" level=info msg="Tool required for debug" tool="esp32:esp32c5-libs@3.3.6"
time="2026-02-04T17:54:53Z" level=info msg="Tool required for debug" tool="esp32:esp32c6-libs@3.3.6"
time="2026-02-04T17:54:53Z" level=info msg="Tool required for debug" tool="esp32:esp32h2-libs@3.3.6"
time="2026-02-04T17:54:53Z" level=info msg="Tool required for debug" tool="esp32:esp32p4-libs@3.3.6"
time="2026-02-04T17:54:53Z" level=info msg="Tool required for debug" tool="esp32:esp32p4_es-libs@3.3.6"
time="2026-02-04T17:54:53Z" level=info msg="Tool required for debug" tool="esp32:esp32s2-libs@3.3.6"
time="2026-02-04T17:54:53Z" level=info msg="Tool required for debug" tool="esp32:esp32s3-libs@3.3.6"
time="2026-02-04T17:54:53Z" level=info msg="Tool required for debug" tool="esp32:esptool_py@5.1.0"
2026-02-04 17:54:53 2026-02-04T17:54:53.606Z daemon INFO time="2026-02-04T17:54:53Z" level=info msg="Tool required for debug" tool="esp32:mklittlefs@4.0.2-db0513a"
time="2026-02-04T17:54:53Z" level=info msg="Tool required for debug" tool="esp32:mkspiffs@0.2.3"
time="2026-02-04T17:54:53Z" level=info msg="Tool required for debug" tool="esp32:openocd-esp32@v0.12.0-esp32-20251215"
time="2026-02-04T17:54:53Z" level=info msg="Tool required for debug" tool="esp32:riscv32-esp-elf-gdb@16.3_20250913"
time="2026-02-04T17:54:53Z" level=info msg="Tool required for debug" tool="esp32:xtensa-esp-elf-gdb@16.3_20250913"
2026-02-04 17:54:53 2026-02-04T17:54:53.606Z daemon INFO time="2026-02-04T17:54:53Z" level=info msg="Tool required for debug" tool="builtin:dfu-discovery@0.1.2"
time="2026-02-04T17:54:53Z" level=info msg="Tool required for debug" tool="arduino:avr-gcc@7.3.0-atmel3.6.1-arduino7"
time="2026-02-04T17:54:53Z" level=info msg="Tool required for debug" tool="builtin:serial-monitor@0.15.0"
2026-02-04 17:54:53 2026-02-04T17:54:53.606Z daemon INFO time="2026-02-04T17:54:53Z" level=info msg="Tool required for debug" tool="arduino:avrdude@8.0.0-arduino1"
time="2026-02-04T17:54:53Z" level=info msg="Tool required for debug" tool="builtin:ctags@5.8-arduino11"
2026-02-04 17:54:53 2026-02-04T17:54:53.606Z daemon INFO time="2026-02-04T17:54:53Z" level=info msg="Tool required for debug" tool="arduino:arduinoOTA@1.3.0"
time="2026-02-04T17:54:53Z" level=info msg="Tool required for debug" tool="builtin:serial-discovery@1.4.3"
time="2026-02-04T17:54:53Z" level=info msg="Tool required for debug" tool="builtin:mdns-discovery@1.0.12"
2026-02-04 17:54:53 2026-02-04T17:54:53.607Z daemon INFO time="2026-02-04T17:54:53Z" level=info msg="Tool required for debug" tool="arduino:dfu-util@0.11.0-arduino5"
time="2026-02-04T17:54:53Z" level=info msg="Tool required for debug" tool="esp32:esp-rv32@2511"
2026-02-04 17:54:53 2026-02-04T17:54:53.607Z daemon INFO time="2026-02-04T17:54:53Z" level=info msg="Tool required for debug" tool="esp32:esp-x32@2511"
time="2026-02-04T17:54:53Z" level=info msg="Tool required for debug" tool="esp32:esp32-libs@3.3.6"
time="2026-02-04T17:54:53Z" level=info msg="Tool required for debug" tool="esp32:esp32c3-libs@3.3.6"
time="2026-02-04T17:54:53Z" level=info msg="Tool required for debug" tool="esp32:esp32c5-libs@3.3.6"
time="2026-02-04T17:54:53Z" level=info msg="Tool required for debug" tool="esp32:esp32c6-libs@3.3.6"
time="2026-02-04T17:54:53Z" level=info msg="Tool required for debug" tool="esp32:esp32h2-libs@3.3.6"
time="2026-02-04T17:54:53Z" level=info msg="Tool required for debug" tool="esp32:esp32p4-libs@3.3.6"
time="2026-02-04T17:54:53Z" level=info msg="Tool required for debug" tool="esp32:esp32p4_es-libs@3.3.6"
2026-02-04 17:54:53 2026-02-04T17:54:53.607Z daemon INFO time="2026-02-04T17:54:53Z" level=info msg="Tool required for debug" tool="esp32:esp32s2-libs@3.3.6"
time="2026-02-04T17:54:53Z" level=info msg="Tool required for debug" tool="esp32:esp32s3-libs@3.3.6"
time="2026-02-04T17:54:53Z" level=info msg="Tool required for debug" tool="esp32:esptool_py@5.1.0"
2026-02-04 17:54:53 2026-02-04T17:54:53.607Z daemon INFO time="2026-02-04T17:54:53Z" level=info msg="Tool required for debug" tool="esp32:mklittlefs@4.0.2-db0513a"
time="2026-02-04T17:54:53Z" level=info msg="Tool required for debug" tool="esp32:mkspiffs@0.2.3"
time="2026-02-04T17:54:53Z" level=info msg="Tool required for debug" tool="esp32:openocd-esp32@v0.12.0-esp32-20251215"
2026-02-04 17:54:53 2026-02-04T17:54:53.607Z daemon INFO time="2026-02-04T17:54:53Z" level=info msg="Tool required for debug" tool="esp32:riscv32-esp-elf-gdb@16.3_20250913"
time="2026-02-04T17:54:53Z" level=info msg="Tool required for debug" tool="esp32:xtensa-esp-elf-gdb@16.3_20250913"
time="2026-02-04T17:54:53Z" level=info msg="Tool required for debug" tool="builtin:ctags@5.8-arduino11"
2026-02-04 17:54:53 2026-02-04T17:54:53.607Z daemon INFO time="2026-02-04T17:54:53Z" level=info msg="Tool required for debug" tool="builtin:mdns-discovery@1.0.12"
2026-02-04 17:54:53 2026-02-04T17:54:53.607Z daemon INFO time="2026-02-04T17:54:53Z" level=info msg="Tool required for debug" tool="builtin:serial-discovery@1.4.3"
2026-02-04 17:54:53 2026-02-04T17:54:53.607Z daemon INFO time="2026-02-04T17:54:53Z" level=info msg="Tool required for debug" tool="builtin:dfu-discovery@0.1.2"
time="2026-02-04T17:54:53Z" level=info msg="Tool required for debug" tool="arduino:avr-gcc@7.3.0-atmel3.6.1-arduino7"
2026-02-04 17:54:53 2026-02-04T17:54:53.607Z daemon INFO time="2026-02-04T17:54:53Z" level=info msg="Tool required for debug" tool="arduino:arduinoOTA@1.3.0"
time="2026-02-04T17:54:53Z" level=info msg="Tool required for debug" tool="arduino:avrdude@8.0.0-arduino1"
time="2026-02-04T17:54:53Z" level=info msg="Tool required for debug" tool="builtin:serial-monitor@0.15.0"
2026-02-04 17:54:53 2026-02-04T17:54:53.608Z daemon INFO time="2026-02-04T17:54:53Z" level=info msg="Tool required for debug" tool="arduino:dfu-util@0.11.0-arduino5"
time="2026-02-04T17:54:53Z" level=info msg="Tool required for debug" tool="esp32:esp-rv32@2511"
2026-02-04 17:54:53 2026-02-04T17:54:53.608Z daemon INFO time="2026-02-04T17:54:53Z" level=info msg="Tool required for debug" tool="esp32:esp-x32@2511"
time="2026-02-04T17:54:53Z" level=info msg="Tool required for debug" tool="esp32:esp32-libs@3.3.6"
time="2026-02-04T17:54:53Z" level=info msg="Tool required for debug" tool="esp32:esp32c3-libs@3.3.6"
time="2026-02-04T17:54:53Z" level=info msg="Tool required for debug" tool="esp32:esp32c5-libs@3.3.6"
time="2026-02-04T17:54:53Z" level=info msg="Tool required for debug" tool="esp32:esp32c6-libs@3.3.6"
time="2026-02-04T17:54:53Z" level=info msg="Tool required for debug" tool="esp32:esp32h2-libs@3.3.6"
2026-02-04 17:54:53 2026-02-04T17:54:53.608Z daemon INFO time="2026-02-04T17:54:53Z" level=info msg="Tool required for debug" tool="esp32:esp32p4-libs@3.3.6"
time="2026-02-04T17:54:53Z" level=info msg="Tool required for debug" tool="esp32:esp32p4_es-libs@3.3.6"
time="2026-02-04T17:54:53Z" level=info msg="Tool required for debug" tool="esp32:esp32s2-libs@3.3.6"
time="2026-02-04T17:54:53Z" level=info msg="Tool required for debug" tool="esp32:esp32s3-libs@3.3.6"
2026-02-04 17:54:53 2026-02-04T17:54:53.608Z daemon INFO time="2026-02-04T17:54:53Z" level=info msg="Tool required for debug" tool="esp32:esptool_py@5.1.0"
time="2026-02-04T17:54:53Z" level=info msg="Tool required for debug" tool="esp32:mklittlefs@4.0.2-db0513a"
time="2026-02-04T17:54:53Z" level=info msg="Tool required for debug" tool="esp32:mkspiffs@0.2.3"
2026-02-04 17:54:53 2026-02-04T17:54:53.608Z daemon INFO time="2026-02-04T17:54:53Z" level=info msg="Tool required for debug" tool="esp32:openocd-esp32@v0.12.0-esp32-20251215"
time="2026-02-04T17:54:53Z" level=info msg="Tool required for debug" tool="esp32:riscv32-esp-elf-gdb@16.3_20250913"
time="2026-02-04T17:54:53Z" level=info msg="Tool required for debug" tool="esp32:xtensa-esp-elf-gdb@16.3_20250913"
2026-02-04 17:54:53 2026-02-04T17:54:53.608Z daemon INFO time="2026-02-04T17:54:53Z" level=info msg="Tool required for debug" tool="builtin:ctags@5.8-arduino11"
time="2026-02-04T17:54:53Z" level=info msg="Tool required for debug" tool="builtin:dfu-discovery@0.1.2"
2026-02-04 17:54:53 2026-02-04T17:54:53.608Z daemon INFO time="2026-02-04T17:54:53Z" level=info msg="Tool required for debug" tool="builtin:mdns-discovery@1.0.12"
2026-02-04 17:54:53 2026-02-04T17:54:53.608Z daemon INFO time="2026-02-04T17:54:53Z" level=info msg="Tool required for debug" tool="builtin:serial-discovery@1.4.3"
2026-02-04 17:54:53 2026-02-04T17:54:53.608Z daemon INFO time="2026-02-04T17:54:53Z" level=info msg="Tool required for debug" tool="builtin:serial-monitor@0.15.0"
time="2026-02-04T17:54:53Z" level=info msg="Tool required for debug" tool="arduino:avrdude@8.0.0-arduino1"
2026-02-04 17:54:53 2026-02-04T17:54:53.608Z daemon INFO time="2026-02-04T17:54:53Z" level=info msg="Tool required for debug" tool="arduino:arduinoOTA@1.3.0"
time="2026-02-04T17:54:53Z" level=info msg="Tool required for debug" tool="arduino:avr-gcc@7.3.0-atmel3.6.1-arduino7"
2026-02-04 17:54:53 2026-02-04T17:54:53.610Z daemon INFO time="2026-02-04T17:54:53Z" level=info msg="Tool required for debug" tool="arduino:dfu-util@0.11.0-arduino5"
time="2026-02-04T17:54:53Z" level=info msg="Tool required for debug" tool="esp32:esp-rv32@2511"
2026-02-04 17:54:53 2026-02-04T17:54:53.610Z daemon INFO time="2026-02-04T17:54:53Z" level=info msg="Tool required for debug" tool="esp32:esp-x32@2511"
time="2026-02-04T17:54:53Z" level=info msg="Tool required for debug" tool="esp32:esp32-libs@3.3.6"
time="2026-02-04T17:54:53Z" level=info msg="Tool required for debug" tool="esp32:esp32c3-libs@3.3.6"
time="2026-02-04T17:54:53Z" level=info msg="Tool required for debug" tool="esp32:esp32c5-libs@3.3.6"
2026-02-04 17:54:53 2026-02-04T17:54:53.610Z daemon INFO time="2026-02-04T17:54:53Z" level=info msg="Tool required for debug" tool="esp32:esp32c6-libs@3.3.6"
time="2026-02-04T17:54:53Z" level=info msg="Tool required for debug" tool="esp32:esp32h2-libs@3.3.6"
time="2026-02-04T17:54:53Z" level=info msg="Tool required for debug" tool="esp32:esp32p4-libs@3.3.6"
2026-02-04 17:54:53 2026-02-04T17:54:53.610Z daemon INFO time="2026-02-04T17:54:53Z" level=info msg="Tool required for debug" tool="esp32:esp32p4_es-libs@3.3.6"
time="2026-02-04T17:54:53Z" level=info msg="Tool required for debug" tool="esp32:esp32s2-libs@3.3.6"
time="2026-02-04T17:54:53Z" level=info msg="Tool required for debug" tool="esp32:esp32s3-libs@3.3.6"
2026-02-04 17:54:53 2026-02-04T17:54:53.610Z daemon INFO time="2026-02-04T17:54:53Z" level=info msg="Tool required for debug" tool="esp32:esptool_py@5.1.0"
time="2026-02-04T17:54:53Z" level=info msg="Tool required for debug" tool="esp32:mklittlefs@4.0.2-db0513a"
2026-02-04 17:54:53 2026-02-04T17:54:53.610Z daemon INFO time="2026-02-04T17:54:53Z" level=info msg="Tool required for debug" tool="esp32:mkspiffs@0.2.3"
time="2026-02-04T17:54:53Z" level=info msg="Tool required for debug" tool="esp32:openocd-esp32@v0.12.0-esp32-20251215"
time="2026-02-04T17:54:53Z" level=info msg="Tool required for debug" tool="esp32:riscv32-esp-elf-gdb@16.3_20250913"
2026-02-04 17:54:53 2026-02-04T17:54:53.610Z daemon INFO time="2026-02-04T17:54:53Z" level=info msg="Tool required for debug" tool="esp32:xtensa-esp-elf-gdb@16.3_20250913"
time="2026-02-04T17:54:53Z" level=info msg="Tool required for debug" tool="arduino:avr-gcc@7.3.0-atmel3.6.1-arduino7"
2026-02-04 17:54:53 2026-02-04T17:54:53.610Z daemon INFO time="2026-02-04T17:54:53Z" level=info msg="Tool required for debug" tool="builtin:ctags@5.8-arduino11"
time="2026-02-04T17:54:53Z" level=info msg="Tool required for debug" tool="arduino:avrdude@8.0.0-arduino1"
time="2026-02-04T17:54:53Z" level=info msg="Tool required for debug" tool="builtin:serial-discovery@1.4.3"
2026-02-04 17:54:53 2026-02-04T17:54:53.610Z daemon INFO time="2026-02-04T17:54:53Z" level=info msg="Tool required for debug" tool="builtin:serial-monitor@0.15.0"
2026-02-04 17:54:53 2026-02-04T17:54:53.610Z daemon INFO time="2026-02-04T17:54:53Z" level=info msg="Tool required for debug" tool="builtin:dfu-discovery@0.1.2"
time="2026-02-04T17:54:53Z" level=info msg="Tool required for debug" tool="builtin:mdns-discovery@1.0.12"
2026-02-04 17:54:53 2026-02-04T17:54:53.610Z daemon INFO time="2026-02-04T17:54:53Z" level=info msg="Tool required for debug" tool="arduino:arduinoOTA@1.3.0"
2026-02-04 17:54:54 2026-02-04T17:54:54.570Z daemon INFO time="2026-02-04T17:54:54Z" level=info msg="Adding libraries dir" dir=/home/shrek/.arduino15/libraries isSingleLibrary=false location=ide
2026-02-04 17:54:54 2026-02-04T17:54:54.570Z daemon INFO time="2026-02-04T17:54:54Z" level=info msg="Adding libraries dir" dir=/home/shrek/.arduino15/packages/esp32/hardware/esp32/3.3.6/libraries isSingleLibrary=false location=platform
time="2026-02-04T17:54:54Z" level=info msg="Adding libraries dir" dir=/home/shrek/Arduino/libraries isSingleLibrary=false location=user
2026-02-04 17:55:00 2026-02-04T17:55:00.322Z root INFO Received port after upload [arduino+serial:///dev/ttyUSB0, esp32:esp32:esp32h2:UploadSpeed=921600,CDCOnBoot=default,FlashFreq=64,FlashMode=qio,FlashSize=4M,PartitionScheme=default,DebugLevel=none,EraseFlash=none,JTAGAdapter=default,ZigbeeMode=default, led.ino]. Before port: {"protocol":"serial","address":"/dev/ttyUSB0"}, after port: {"address":"/dev/ttyUSB0","addressLabel":"/dev/ttyUSB0","protocol":"serial","protocolLabel":"Serial Port (USB)","properties":{"pid":"0xea60","serialNumber":"e2dc2d4b6971f011b9be029f1045c30f","vid":"0x10c4"},"hardwareId":"e2dc2d4b6971f011b9be029f1045c30f"}
2026-02-04 18:30:45 2026-02-04T18:30:45.204Z daemon INFO time="2026-02-04T18:30:45Z" level=info msg="Adding libraries dir" dir=/home/shrek/.arduino15/libraries isSingleLibrary=false location=ide
2026-02-04 18:30:45 2026-02-04T18:30:45.204Z daemon INFO time="2026-02-04T18:30:45Z" level=info msg="Adding libraries dir" dir=/home/shrek/.arduino15/packages/esp32/hardware/esp32/3.3.6/libraries isSingleLibrary=false location=platform
time="2026-02-04T18:30:45Z" level=info msg="Adding libraries dir" dir=/home/shrek/Arduino/libraries isSingleLibrary=false location=user
2026-02-04 18:30:45 2026-02-04T18:30:45.775Z daemon INFO time="2026-02-04T18:30:45Z" level=info msg="Resolving include FastLED.h for arch esp32"
time="2026-02-04T18:30:45Z" level=info msg="  found better lib" lib=FastLED prio=6A7
2026-02-04 18:30:49 2026-02-04T18:30:49.950Z daemon INFO time="2026-02-04T18:30:49Z" level=info msg="Adding libraries dir" dir=/home/shrek/.arduino15/libraries isSingleLibrary=false location=ide
time="2026-02-04T18:30:49Z" level=info msg="Adding libraries dir" dir=/home/shrek/.arduino15/packages/esp32/hardware/esp32/3.3.6/libraries isSingleLibrary=false location=platform
time="2026-02-04T18:30:49Z" level=info msg="Adding libraries dir" dir=/home/shrek/Arduino/libraries isSingleLibrary=false location=user
2026-02-04 18:30:52 2026-02-04T18:30:52.625Z daemon INFO time="2026-02-04T18:30:52Z" level=info msg="Adding libraries dir" dir=/home/shrek/.arduino15/libraries isSingleLibrary=false location=ide
2026-02-04 18:30:52 2026-02-04T18:30:52.626Z daemon INFO time="2026-02-04T18:30:52Z" level=info msg="Adding libraries dir" dir=/home/shrek/.arduino15/packages/esp32/hardware/esp32/3.3.6/libraries isSingleLibrary=false location=platform
time="2026-02-04T18:30:52Z" level=info msg="Adding libraries dir" dir=/home/shrek/Arduino/libraries isSingleLibrary=false location=user
2026-02-04 18:30:54 2026-02-04T18:30:54.748Z daemon INFO time="2026-02-04T18:30:54Z" level=info msg="Adding libraries dir" dir=/home/shrek/.arduino15/libraries isSingleLibrary=false location=ide
2026-02-04 18:30:54 2026-02-04T18:30:54.748Z daemon INFO time="2026-02-04T18:30:54Z" level=info msg="Adding libraries dir" dir=/home/shrek/.arduino15/packages/esp32/hardware/esp32/3.3.6/libraries isSingleLibrary=false location=platform
time="2026-02-04T18:30:54Z" level=info msg="Adding libraries dir" dir=/home/shrek/Arduino/libraries isSingleLibrary=false location=user
2026-02-04 18:30:55 2026-02-04T18:30:55.408Z daemon INFO time="2026-02-04T18:30:55Z" level=info msg="Resolving include WiFi.h for arch esp32"
time="2026-02-04T18:30:55Z" level=info msg="  found better lib" lib=WiFi prio=6B0
2026-02-04 18:30:55 2026-02-04T18:30:55.889Z root INFO compiler-errors Current error changed to d;562
2026-02-04 18:30:55 2026-02-04T18:30:55.900Z root INFO compiler-errors Handling selection change in editor file:///home/shrek/Arduino/practice/led.ino/led.ino.ino. New (monaco) selection: [2,1 -> 2,1]
2026-02-04 18:31:05 2026-02-04T18:31:05.461Z root ERROR ---- !!!SLOW!!! DURATION: search took 214.575 ms. Args: [{"query":"E","type":"Installed","topic":"All"}] ----
2026-02-04 18:31:06 2026-02-04T18:31:06.804Z root INFO ---- DURATION: search took 58.072 ms. Args: [{"query":"ESPA","type":"Installed","topic":"All"}] ----
2026-02-04 18:31:07 2026-02-04T18:31:07.852Z root INFO ---- DURATION: search took 55.134 ms. Args: [{"query":"ESPAsync","type":"Installed","topic":"All"}] ----
2026-02-04 18:31:13 2026-02-04T18:31:13.226Z root INFO ---- DURATION: search took 78.380 ms. Args: [{"query":"ESP ","type":"Installed","topic":"All"}] ----
2026-02-04 18:31:15 2026-02-04T18:31:15.101Z root INFO ---- DURATION: search took 89.203 ms. Args: [{"query":"ESP","type":"Installed","topic":"All"}] ----
2026-02-04 18:31:16 2026-02-04T18:31:16.139Z root ERROR ---- !!!SLOW!!! DURATION: search took 208.263 ms. Args: [{"query":"A","type":"Installed","topic":"All"}] ----
2026-02-04 18:31:16 2026-02-04T18:31:16.611Z root ERROR ---- !!!SLOW!!! DURATION: search took 101.885 ms. Args: [{"query":"AC","type":"Installed","topic":"All"}] ----
2026-02-04 18:31:17 2026-02-04T18:31:17.655Z root ERROR ---- !!!SLOW!!! DURATION: search took 183.667 ms. Args: [{"query":"A","type":"Installed","topic":"All"}] ----
2026-02-04 18:31:23 2026-02-04T18:31:23.175Z root ERROR ---- !!!SLOW!!! DURATION: search took 206.003 ms. Args: [{"query":"A","type":"All","topic":"All"}] ----
2026-02-04 18:31:24 2026-02-04T18:31:24.450Z root ERROR ---- !!!SLOW!!! DURATION: search took 167.783 ms. Args: [{"query":"","type":"All","topic":"All"}] ----
2026-02-04 18:31:25 2026-02-04T18:31:25.064Z root INFO ---- DURATION: search took 76.725 ms. Args: [{"query":"ESP","type":"All","topic":"All"}] ----
2026-02-04 18:31:26 2026-02-04T18:31:26.621Z root INFO ---- DURATION: search took 56.375 ms. Args: [{"query":"ESPA","type":"All","topic":"All"}] ----
2026-02-04 18:31:28 2026-02-04T18:31:28.724Z root INFO ---- DURATION: search took 55.876 ms. Args: [{"query":"ESPAsy","type":"All","topic":"All"}] ----
2026-02-04 18:31:30 2026-02-04T18:31:30.740Z root INFO ---- DURATION: search took 54.354 ms. Args: [{"query":"ESPAsyn","type":"All","topic":"All"}] ----
2026-02-04 18:31:33 2026-02-04T18:31:33.134Z root INFO ---- DURATION: search took 59.005 ms. Args: [{"query":"ESPAsync","type":"All","topic":"All"}] ----
2026-02-04 18:31:34 2026-02-04T18:31:34.991Z root INFO ---- DURATION: search took 55.597 ms. Args: [{"query":"ESPAsyncTC","type":"All","topic":"All"}] ----
2026-02-04 18:31:35 2026-02-04T18:31:35.586Z root INFO ---- DURATION: search took 55.113 ms. Args: [{"query":"ESPAsyncTCP","type":"All","topic":"All"}] ----
2026-02-04 18:31:38 2026-02-04T18:31:38.006Z root INFO >>> Starting library package installation... {
  name: 'ESPAsyncTCP',
  exampleUris: [],
  location: 0,
  installedVersion: undefined,
  author: 'dvarrel',
  availableVersions: [ '1.2.4', '1.2.3', '1.2.2' ],
  includes: [],
  description: 'tp build a WebServer, with files saved in flash',
  moreInfoLink: 'https://github.com/dvarrel/ESPAsyncTCP',
  summary: 'Async TCP Library for ESP8266 and ESP31B . Forked from https://github.com/me-no-dev/ESPAsyncTCP',
  category: 'Communication',
  types: [ 'Contributed' ],
  index: 0
}
2026-02-04 18:31:38 2026-02-04T18:31:38.007Z discovery-log INFO stop
2026-02-04 18:31:38 2026-02-04T18:31:38.007Z discovery-log INFO >>> Stopping boards watcher...
2026-02-04 18:31:38 2026-02-04T18:31:38.007Z discovery-log INFO Canceling boards watcher...
2026-02-04 18:31:38 2026-02-04T18:31:38.007Z discovery-log INFO disposing requesting cancel
2026-02-04 18:31:38 2026-02-04T18:31:38.007Z discovery-log INFO disposing canceled
2026-02-04 18:31:38 2026-02-04T18:31:38.008Z discovery-log INFO error received
2026-02-04 18:31:38 2026-02-04T18:31:38.008Z discovery-log INFO cancel error received!
2026-02-04 18:31:38 2026-02-04T18:31:38.008Z discovery-log INFO stop received event: either end or cancel
2026-02-04 18:31:38 2026-02-04T18:31:38.008Z discovery-log INFO stop stopped
2026-02-04 18:31:38 2026-02-04T18:31:38.008Z discovery-log INFO received end
2026-02-04 18:31:38 2026-02-04T18:31:38.036Z daemon INFO time="2026-02-04T18:31:38Z" level=info msg="Starting download" url="https://downloads.arduino.cc/libraries/github.com/dvarrel/ESPAsyncTCP-1.2.4.zip?query=install"
2026-02-04 18:31:38 2026-02-04T18:31:38.197Z daemon INFO time="2026-02-04T18:31:38Z" level=info msg="Installing library" library=ESPAsyncTCP@1.2.4
2026-02-04 18:31:38 2026-02-04T18:31:38.206Z daemon INFO time="2026-02-04T18:31:38Z" level=info msg="Checking signature" index=/home/shrek/.arduino15/package_index.json signatureFile=/home/shrek/.arduino15/package_index.json.sig trusted=true
2026-02-04 18:31:38 2026-02-04T18:31:38.208Z daemon INFO time="2026-02-04T18:31:38Z" level=info msg="Missing signature file" index=/home/shrek/.arduino15/package_esp32_index.json
2026-02-04 18:31:38 2026-02-04T18:31:38.208Z daemon INFO time="2026-02-04T18:31:38Z" level=info msg="Loading hardware from: /home/shrek/.arduino15/packages"
2026-02-04 18:31:38 2026-02-04T18:31:38.208Z daemon INFO time="2026-02-04T18:31:38Z" level=info msg="Loading package arduino from: /home/shrek/.arduino15/packages/arduino/hardware"
2026-02-04 18:31:38 2026-02-04T18:31:38.208Z daemon INFO time="2026-02-04T18:31:38Z" level=info msg="Missing signature file" index=/home/shrek/.arduino15/packages/arduino/hardware/avr/1.8.7/installed.json
2026-02-04 18:31:38 2026-02-04T18:31:38.209Z daemon INFO time="2026-02-04T18:31:38Z" level=info msg="Adding monitor tool" protocol=serial tool="builtin:serial-monitor"
time="2026-02-04T18:31:38Z" level=info msg="Loaded platform" platform="arduino:avr@1.8.7"
2026-02-04 18:31:38 2026-02-04T18:31:38.209Z daemon INFO time="2026-02-04T18:31:38Z" level=info msg="Checking existence of 'tools' path: /home/shrek/.arduino15/packages/arduino/tools"
time="2026-02-04T18:31:38Z" level=info msg="Loading tools from dir: /home/shrek/.arduino15/packages/arduino/tools"
2026-02-04 18:31:38 2026-02-04T18:31:38.209Z daemon INFO time="2026-02-04T18:31:38Z" level=info msg="Loaded tool" tool="arduino:arduinoOTA@1.3.0"
2026-02-04 18:31:38 2026-02-04T18:31:38.209Z daemon INFO time="2026-02-04T18:31:38Z" level=info msg="Loaded tool" tool="arduino:avr-gcc@7.3.0-atmel3.6.1-arduino7"
2026-02-04 18:31:38 2026-02-04T18:31:38.209Z daemon INFO time="2026-02-04T18:31:38Z" level=info msg="Loaded tool" tool="arduino:avrdude@8.0.0-arduino1"
2026-02-04 18:31:38 2026-02-04T18:31:38.209Z daemon INFO time="2026-02-04T18:31:38Z" level=info msg="Loaded tool" tool="arduino:dfu-util@0.11.0-arduino5"
2026-02-04 18:31:38 2026-02-04T18:31:38.209Z daemon INFO time="2026-02-04T18:31:38Z" level=info msg="Loading package builtin from: /home/shrek/.arduino15/packages/builtin"
2026-02-04 18:31:38 2026-02-04T18:31:38.209Z daemon INFO time="2026-02-04T18:31:38Z" level=info msg="Checking existence of 'tools' path: /home/shrek/.arduino15/packages/builtin/tools"
time="2026-02-04T18:31:38Z" level=info msg="Loading tools from dir: /home/shrek/.arduino15/packages/builtin/tools"
2026-02-04 18:31:38 2026-02-04T18:31:38.209Z daemon INFO time="2026-02-04T18:31:38Z" level=info msg="Loaded tool" tool="builtin:ctags@5.8-arduino11"
2026-02-04 18:31:38 2026-02-04T18:31:38.209Z daemon INFO time="2026-02-04T18:31:38Z" level=info msg="Loaded tool" tool="builtin:dfu-discovery@0.1.2"
2026-02-04 18:31:38 2026-02-04T18:31:38.209Z daemon INFO time="2026-02-04T18:31:38Z" level=info msg="Loaded tool" tool="builtin:mdns-discovery@1.0.12"
2026-02-04 18:31:38 2026-02-04T18:31:38.209Z daemon INFO time="2026-02-04T18:31:38Z" level=info msg="Loaded tool" tool="builtin:serial-discovery@1.4.3"
2026-02-04 18:31:38 2026-02-04T18:31:38.209Z daemon INFO time="2026-02-04T18:31:38Z" level=info msg="Loaded tool" tool="builtin:serial-monitor@0.15.0"
2026-02-04 18:31:38 2026-02-04T18:31:38.209Z daemon INFO time="2026-02-04T18:31:38Z" level=info msg="Loading package esp32 from: /home/shrek/.arduino15/packages/esp32/hardware"
2026-02-04 18:31:38 2026-02-04T18:31:38.210Z daemon INFO time="2026-02-04T18:31:38Z" level=info msg="Missing signature file" index=/home/shrek/.arduino15/packages/esp32/hardware/esp32/3.3.6/installed.json
2026-02-04 18:31:38 2026-02-04T18:31:38.290Z daemon INFO time="2026-02-04T18:31:38Z" level=info msg="Adding monitor tool" protocol=serial tool="builtin:serial-monitor"
time="2026-02-04T18:31:38Z" level=info msg="Loaded platform" platform="esp32:esp32@3.3.6"
2026-02-04 18:31:38 2026-02-04T18:31:38.290Z daemon INFO time="2026-02-04T18:31:38Z" level=info msg="Checking existence of 'tools' path: /home/shrek/.arduino15/packages/esp32/tools"
time="2026-02-04T18:31:38Z" level=info msg="Loading tools from dir: /home/shrek/.arduino15/packages/esp32/tools"
time="2026-02-04T18:31:38Z" level=info msg="Loaded tool" tool="esp32:esp-rv32@2511"
2026-02-04 18:31:38 2026-02-04T18:31:38.290Z daemon INFO time="2026-02-04T18:31:38Z" level=info msg="Loaded tool" tool="esp32:esp-x32@2511"
2026-02-04 18:31:38 2026-02-04T18:31:38.290Z daemon INFO time="2026-02-04T18:31:38Z" level=info msg="Loaded tool" tool="esp32:esp32-libs@3.3.6"
time="2026-02-04T18:31:38Z" level=info msg="Loaded tool" tool="esp32:esp32c3-libs@3.3.6"
2026-02-04 18:31:38 2026-02-04T18:31:38.290Z daemon INFO time="2026-02-04T18:31:38Z" level=info msg="Loaded tool" tool="esp32:esp32c5-libs@3.3.6"
2026-02-04 18:31:38 2026-02-04T18:31:38.290Z daemon INFO time="2026-02-04T18:31:38Z" level=info msg="Loaded tool" tool="esp32:esp32c6-libs@3.3.6"
2026-02-04 18:31:38 2026-02-04T18:31:38.290Z daemon INFO time="2026-02-04T18:31:38Z" level=info msg="Loaded tool" tool="esp32:esp32h2-libs@3.3.6"
2026-02-04 18:31:38 2026-02-04T18:31:38.290Z daemon INFO time="2026-02-04T18:31:38Z" level=info msg="Loaded tool" tool="esp32:esp32p4-libs@3.3.6"
2026-02-04 18:31:38 2026-02-04T18:31:38.290Z daemon INFO time="2026-02-04T18:31:38Z" level=info msg="Loaded tool" tool="esp32:esp32p4_es-libs@3.3.6"
2026-02-04 18:31:38 2026-02-04T18:31:38.290Z daemon INFO time="2026-02-04T18:31:38Z" level=info msg="Loaded tool" tool="esp32:esp32s2-libs@3.3.6"
2026-02-04 18:31:38 2026-02-04T18:31:38.290Z daemon INFO time="2026-02-04T18:31:38Z" level=info msg="Loaded tool" tool="esp32:esp32s3-libs@3.3.6"
2026-02-04 18:31:38 2026-02-04T18:31:38.290Z daemon INFO time="2026-02-04T18:31:38Z" level=info msg="Loaded tool" tool="esp32:esptool_py@5.1.0"
2026-02-04 18:31:38 2026-02-04T18:31:38.290Z daemon INFO time="2026-02-04T18:31:38Z" level=info msg="Loaded tool" tool="esp32:mklittlefs@4.0.2-db0513a"
time="2026-02-04T18:31:38Z" level=info msg="Loaded tool" tool="esp32:mkspiffs@0.2.3"
2026-02-04 18:31:38 2026-02-04T18:31:38.290Z daemon INFO time="2026-02-04T18:31:38Z" level=info msg="Loaded tool" tool="esp32:openocd-esp32@v0.12.0-esp32-20251215"
2026-02-04 18:31:38 2026-02-04T18:31:38.290Z daemon INFO time="2026-02-04T18:31:38Z" level=info msg="Loaded tool" tool="esp32:riscv32-esp-elf-gdb@16.3_20250913"
2026-02-04 18:31:38 2026-02-04T18:31:38.290Z daemon INFO time="2026-02-04T18:31:38Z" level=info msg="Loaded tool" tool="esp32:xtensa-esp-elf-gdb@16.3_20250913"
2026-02-04 18:31:38 2026-02-04T18:31:38.292Z daemon INFO time="2026-02-04T18:31:38Z" level=info msg="Discovery event channel closed builtin:serial-discovery. Exiting goroutine."
2026-02-04 18:31:38 2026-02-04T18:31:38.292Z daemon INFO time="2026-02-04T18:31:38Z" level=info msg="Closed and removed discovery builtin:serial-discovery"
2026-02-04 18:31:38 2026-02-04T18:31:38.292Z daemon INFO time="2026-02-04T18:31:38Z" level=error msg="Stopped decode loop: EOF" discovery="builtin:serial-discovery"
2026-02-04 18:31:38 2026-02-04T18:31:38.292Z daemon INFO time="2026-02-04T18:31:38Z" level=info msg="Discovery event channel closed builtin:mdns-discovery. Exiting goroutine."
2026-02-04 18:31:38 2026-02-04T18:31:38.293Z daemon INFO time="2026-02-04T18:31:38Z" level=info msg="Closed and removed discovery builtin:mdns-discovery"
2026-02-04 18:31:38 2026-02-04T18:31:38.293Z daemon INFO time="2026-02-04T18:31:38Z" level=error msg="Stopped decode loop: EOF" discovery="builtin:mdns-discovery"
2026-02-04 18:31:38 2026-02-04T18:31:38.296Z daemon INFO time="2026-02-04T18:31:38Z" level=info msg="Adding libraries dir" dir=/home/shrek/.arduino15/packages/esp32/hardware/esp32/3.3.6/libraries isSingleLibrary=false location=platform
2026-02-04 18:31:38 2026-02-04T18:31:38.296Z daemon INFO time="2026-02-04T18:31:38Z" level=info msg="Adding libraries dir" dir=/home/shrek/.arduino15/packages/arduino/hardware/avr/1.8.7/libraries isSingleLibrary=false location=platform
2026-02-04 18:31:38 2026-02-04T18:31:38.296Z daemon INFO time="2026-02-04T18:31:38Z" level=info msg="Loading libraries index file" index=/home/shrek/.arduino15/library_index.json
2026-02-04 18:31:38 2026-02-04T18:31:38.428Z daemon INFO time="2026-02-04T18:31:38Z" level=info msg="Adding libraries dir" dir=/home/shrek/.arduino15/libraries isSingleLibrary=false location=ide
time="2026-02-04T18:31:38Z" level=info msg="Adding libraries dir" dir=/home/shrek/Arduino/libraries isSingleLibrary=false location=user
2026-02-04 18:31:38 2026-02-04T18:31:38.457Z discovery-log INFO start
2026-02-04 18:31:38 2026-02-04T18:31:38.457Z discovery-log INFO start new deferred
2026-02-04 18:31:38 2026-02-04T18:31:38.457Z discovery-log INFO start resolved watching
2026-02-04 18:31:38 2026-02-04T18:31:38.459Z discovery-log INFO {"eventType":"add","port":{"matchingBoardsList":[],"port":{"address":"/dev/ttyUSB0","label":"/dev/ttyUSB0","protocol":"serial","protocolLabel":"Serial Port (USB)","propertiesMap":[["pid","0xea60"],["serialNumber","e2dc2d4b6971f011b9be029f1045c30f"],["vid","0x10c4"]],"hardwareId":"e2dc2d4b6971f011b9be029f1045c30f"}},"error":""}
2026-02-04 18:31:38 2026-02-04T18:31:38.459Z discovery-log INFO {"eventType":"add","port":{"matchingBoardsList":[],"port":{"address":"/dev/ttyS0","label":"/dev/ttyS0","protocol":"serial","protocolLabel":"Serial Port","propertiesMap":[],"hardwareId":""}},"error":""}
2026-02-04 18:31:38 2026-02-04T18:31:38.684Z root ERROR ---- !!!SLOW!!! DURATION: search took 226.121 ms. Args: [{}] ----
2026-02-04 18:31:38 2026-02-04T18:31:38.684Z root INFO <<< Library package installation done. {
  name: 'ESPAsyncTCP',
  exampleUris: [],
  location: 0,
  installedVersion: undefined,
  author: 'dvarrel',
  availableVersions: [ '1.2.4', '1.2.3', '1.2.2' ],
  includes: [],
  description: 'tp build a WebServer, with files saved in flash',
  moreInfoLink: 'https://github.com/dvarrel/ESPAsyncTCP',
  summary: 'Async TCP Library for ESP8266 and ESP31B . Forked from https://github.com/me-no-dev/ESPAsyncTCP',
  category: 'Communication',
  types: [ 'Contributed' ],
  index: 0
}
2026-02-04 18:31:38 2026-02-04T18:31:38.780Z root INFO ---- DURATION: search took 59.456 ms. Args: [{"query":"ESPAsyncTCP","type":"All","topic":"All"}] ----
2026-02-04 18:31:38 2026-02-04T18:31:38.800Z root INFO Starting language server: esp32:esp32:esp32h2:UploadSpeed=921600,CDCOnBoot=default,FlashFreq=64,FlashMode=qio,FlashSize=4M,PartitionScheme=default,DebugLevel=none,EraseFlash=none,JTAGAdapter=default,ZigbeeMode=default
2026-02-04 18:31:38 2026-02-04T18:31:38.817Z daemon INFO time="2026-02-04T18:31:38Z" level=info msg="Adding libraries dir" dir=/home/shrek/.arduino15/libraries isSingleLibrary=false location=ide
time="2026-02-04T18:31:38Z" level=info msg="Adding libraries dir" dir=/home/shrek/.arduino15/packages/esp32/hardware/esp32/3.3.6/libraries isSingleLibrary=false location=platform
2026-02-04 18:31:38 2026-02-04T18:31:38.817Z daemon INFO time="2026-02-04T18:31:38Z" level=info msg="Adding libraries dir" dir=/home/shrek/Arduino/libraries isSingleLibrary=false location=user
2026-02-04 18:31:39 2026-02-04T18:31:39.282Z root INFO ---- DURATION: search took 58.624 ms. Args: [{"query":"ESPAsyncTCP","type":"All","topic":"All"}] ----
2026-02-04 18:31:39 2026-02-04T18:31:39.414Z daemon INFO time="2026-02-04T18:31:39Z" level=info msg="Resolving include WiFi.h for arch esp32"
time="2026-02-04T18:31:39Z" level=info msg="  found better lib" lib=WiFi prio=6B0
2026-02-04 18:31:39 2026-02-04T18:31:39.788Z daemon INFO time="2026-02-04T18:31:39Z" level=info msg="Resolving include ESPAsyncTCP.h for arch esp32"
time="2026-02-04T18:31:39Z" level=info msg="  found better lib" lib=ESPAsyncTCP prio=2BF
2026-02-04 18:31:41 2026-02-04T18:31:41.142Z daemon INFO time="2026-02-04T18:31:41Z" level=info msg="Adding libraries dir" dir=/home/shrek/.arduino15/libraries isSingleLibrary=false location=ide
time="2026-02-04T18:31:41Z" level=info msg="Adding libraries dir" dir=/home/shrek/.arduino15/packages/esp32/hardware/esp32/3.3.6/libraries isSingleLibrary=false location=platform
time="2026-02-04T18:31:41Z" level=info msg="Adding libraries dir" dir=/home/shrek/Arduino/libraries isSingleLibrary=false location=user
2026-02-04 18:31:42 2026-02-04T18:31:42.884Z root INFO ---- DURATION: search took 58.721 ms. Args: [{"query":"ESPAsync","type":"All","topic":"All"}] ----
2026-02-04 18:31:43 2026-02-04T18:31:43.599Z root INFO ---- DURATION: search took 58.503 ms. Args: [{"query":"ESPAsyncW","type":"All","topic":"All"}] ----
2026-02-04 18:31:47 2026-02-04T18:31:47.349Z root INFO ---- DURATION: search took 58.789 ms. Args: [{"query":"ESPAsyncWeb","type":"All","topic":"All"}] ----
2026-02-04 18:31:51 2026-02-04T18:31:51.483Z root INFO ---- DURATION: search took 58.225 ms. Args: [{"query":"ESPAsyncWebSer","type":"All","topic":"All"}] ----
2026-02-04 18:31:53 2026-02-04T18:31:53.237Z root INFO ---- DURATION: search took 64.906 ms. Args: [{"query":"ESPAsyncWebServer","type":"All","topic":"All"}] ----
2026-02-04 18:31:58 2026-02-04T18:31:58.569Z root INFO >>> Starting library package installation... {
  name: 'ESPAsyncWebServer',
  exampleUris: [],
  location: 0,
  installedVersion: undefined,
  author: 'lacamera',
  availableVersions: [ '3.1.0' ],
  includes: [],
  description: 'A fork of the ESPAsyncWebServer library maintained by ESPHome',
  moreInfoLink: 'https://github.com/lacamera/ESPAsyncWebServer',
  summary: 'Async Web Server for ESP8266 and ESP32',
  category: 'Communication',
  types: [ 'Contributed' ],
  index: 0
}
2026-02-04 18:31:58 2026-02-04T18:31:58.569Z discovery-log INFO stop
2026-02-04 18:31:58 2026-02-04T18:31:58.569Z discovery-log INFO >>> Stopping boards watcher...
2026-02-04 18:31:58 2026-02-04T18:31:58.569Z discovery-log INFO Canceling boards watcher...
2026-02-04 18:31:58 2026-02-04T18:31:58.569Z discovery-log INFO disposing requesting cancel
2026-02-04 18:31:58 2026-02-04T18:31:58.569Z discovery-log INFO disposing canceled
2026-02-04 18:31:58 2026-02-04T18:31:58.569Z discovery-log INFO error received
2026-02-04 18:31:58 2026-02-04T18:31:58.569Z discovery-log INFO cancel error received!
2026-02-04 18:31:58 2026-02-04T18:31:58.569Z discovery-log INFO stop received event: either end or cancel
2026-02-04 18:31:58 2026-02-04T18:31:58.569Z discovery-log INFO stop stopped
2026-02-04 18:31:58 2026-02-04T18:31:58.569Z discovery-log INFO received end
2026-02-04 18:31:58 2026-02-04T18:31:58.660Z daemon INFO time="2026-02-04T18:31:58Z" level=info msg="Starting download" url="https://downloads.arduino.cc/libraries/github.com/lacamera/ESPAsyncWebServer-3.1.0.zip?query=install"
2026-02-04 18:31:58 2026-02-04T18:31:58.778Z daemon INFO time="2026-02-04T18:31:58Z" level=info msg="Installing library" library=ESPAsyncWebServer@3.1.0
2026-02-04 18:31:58 2026-02-04T18:31:58.782Z daemon INFO time="2026-02-04T18:31:58Z" level=info msg="Starting download" url="https://downloads.arduino.cc/libraries/github.com/dvarrel/AsyncTCP-1.1.4.zip?query=depends"
2026-02-04 18:31:58 2026-02-04T18:31:58.880Z daemon INFO time="2026-02-04T18:31:58Z" level=info msg="Installing library" library=AsyncTCP@1.1.4
2026-02-04 18:31:58 2026-02-04T18:31:58.887Z daemon INFO time="2026-02-04T18:31:58Z" level=info msg="Checking signature" index=/home/shrek/.arduino15/package_index.json signatureFile=/home/shrek/.arduino15/package_index.json.sig trusted=true
2026-02-04 18:31:58 2026-02-04T18:31:58.889Z daemon INFO time="2026-02-04T18:31:58Z" level=info msg="Missing signature file" index=/home/shrek/.arduino15/package_esp32_index.json
2026-02-04 18:31:58 2026-02-04T18:31:58.889Z daemon INFO time="2026-02-04T18:31:58Z" level=info msg="Loading hardware from: /home/shrek/.arduino15/packages"
2026-02-04 18:31:58 2026-02-04T18:31:58.889Z daemon INFO time="2026-02-04T18:31:58Z" level=info msg="Loading package arduino from: /home/shrek/.arduino15/packages/arduino/hardware"
2026-02-04 18:31:58 2026-02-04T18:31:58.889Z daemon INFO time="2026-02-04T18:31:58Z" level=info msg="Missing signature file" index=/home/shrek/.arduino15/packages/arduino/hardware/avr/1.8.7/installed.json
2026-02-04 18:31:58 2026-02-04T18:31:58.890Z daemon INFO time="2026-02-04T18:31:58Z" level=info msg="Adding monitor tool" protocol=serial tool="builtin:serial-monitor"
time="2026-02-04T18:31:58Z" level=info msg="Loaded platform" platform="arduino:avr@1.8.7"
2026-02-04 18:31:58 2026-02-04T18:31:58.890Z daemon INFO time="2026-02-04T18:31:58Z" level=info msg="Checking existence of 'tools' path: /home/shrek/.arduino15/packages/arduino/tools"
time="2026-02-04T18:31:58Z" level=info msg="Loading tools from dir: /home/shrek/.arduino15/packages/arduino/tools"
2026-02-04 18:31:58 2026-02-04T18:31:58.890Z daemon INFO time="2026-02-04T18:31:58Z" level=info msg="Loaded tool" tool="arduino:arduinoOTA@1.3.0"
2026-02-04 18:31:58 2026-02-04T18:31:58.890Z daemon INFO time="2026-02-04T18:31:58Z" level=info msg="Loaded tool" tool="arduino:avr-gcc@7.3.0-atmel3.6.1-arduino7"
2026-02-04 18:31:58 2026-02-04T18:31:58.890Z daemon INFO time="2026-02-04T18:31:58Z" level=info msg="Loaded tool" tool="arduino:avrdude@8.0.0-arduino1"
2026-02-04 18:31:58 2026-02-04T18:31:58.890Z daemon INFO time="2026-02-04T18:31:58Z" level=info msg="Loaded tool" tool="arduino:dfu-util@0.11.0-arduino5"
2026-02-04 18:31:58 2026-02-04T18:31:58.890Z daemon INFO time="2026-02-04T18:31:58Z" level=info msg="Loading package builtin from: /home/shrek/.arduino15/packages/builtin"
2026-02-04 18:31:58 2026-02-04T18:31:58.890Z daemon INFO time="2026-02-04T18:31:58Z" level=info msg="Checking existence of 'tools' path: /home/shrek/.arduino15/packages/builtin/tools"
time="2026-02-04T18:31:58Z" level=info msg="Loading tools from dir: /home/shrek/.arduino15/packages/builtin/tools"
2026-02-04 18:31:58 2026-02-04T18:31:58.890Z daemon INFO time="2026-02-04T18:31:58Z" level=info msg="Loaded tool" tool="builtin:ctags@5.8-arduino11"
2026-02-04 18:31:58 2026-02-04T18:31:58.890Z daemon INFO time="2026-02-04T18:31:58Z" level=info msg="Loaded tool" tool="builtin:dfu-discovery@0.1.2"
2026-02-04 18:31:58 2026-02-04T18:31:58.890Z daemon INFO time="2026-02-04T18:31:58Z" level=info msg="Loaded tool" tool="builtin:mdns-discovery@1.0.12"
2026-02-04 18:31:58 2026-02-04T18:31:58.890Z daemon INFO time="2026-02-04T18:31:58Z" level=info msg="Loaded tool" tool="builtin:serial-discovery@1.4.3"
2026-02-04 18:31:58 2026-02-04T18:31:58.890Z daemon INFO time="2026-02-04T18:31:58Z" level=info msg="Loaded tool" tool="builtin:serial-monitor@0.15.0"
2026-02-04 18:31:58 2026-02-04T18:31:58.890Z daemon INFO time="2026-02-04T18:31:58Z" level=info msg="Loading package esp32 from: /home/shrek/.arduino15/packages/esp32/hardware"
2026-02-04 18:31:58 2026-02-04T18:31:58.891Z daemon INFO time="2026-02-04T18:31:58Z" level=info msg="Missing signature file" index=/home/shrek/.arduino15/packages/esp32/hardware/esp32/3.3.6/installed.json
2026-02-04 18:31:58 2026-02-04T18:31:58.966Z daemon INFO time="2026-02-04T18:31:58Z" level=info msg="Adding monitor tool" protocol=serial tool="builtin:serial-monitor"
time="2026-02-04T18:31:58Z" level=info msg="Loaded platform" platform="esp32:esp32@3.3.6"
time="2026-02-04T18:31:58Z" level=info msg="Checking existence of 'tools' path: /home/shrek/.arduino15/packages/esp32/tools"
2026-02-04 18:31:58 2026-02-04T18:31:58.966Z daemon INFO time="2026-02-04T18:31:58Z" level=info msg="Loading tools from dir: /home/shrek/.arduino15/packages/esp32/tools"
time="2026-02-04T18:31:58Z" level=info msg="Loaded tool" tool="esp32:esp-rv32@2511"
2026-02-04 18:31:58 2026-02-04T18:31:58.966Z daemon INFO time="2026-02-04T18:31:58Z" level=info msg="Loaded tool" tool="esp32:esp-x32@2511"
2026-02-04 18:31:58 2026-02-04T18:31:58.966Z daemon INFO time="2026-02-04T18:31:58Z" level=info msg="Loaded tool" tool="esp32:esp32-libs@3.3.6"
time="2026-02-04T18:31:58Z" level=info msg="Loaded tool" tool="esp32:esp32c3-libs@3.3.6"
2026-02-04 18:31:58 2026-02-04T18:31:58.966Z daemon INFO time="2026-02-04T18:31:58Z" level=info msg="Loaded tool" tool="esp32:esp32c5-libs@3.3.6"
2026-02-04 18:31:58 2026-02-04T18:31:58.967Z daemon INFO time="2026-02-04T18:31:58Z" level=info msg="Loaded tool" tool="esp32:esp32c6-libs@3.3.6"
2026-02-04 18:31:58 2026-02-04T18:31:58.967Z daemon INFO time="2026-02-04T18:31:58Z" level=info msg="Loaded tool" tool="esp32:esp32h2-libs@3.3.6"
2026-02-04 18:31:58 2026-02-04T18:31:58.967Z daemon INFO time="2026-02-04T18:31:58Z" level=info msg="Loaded tool" tool="esp32:esp32p4-libs@3.3.6"
2026-02-04 18:31:58 2026-02-04T18:31:58.967Z daemon INFO time="2026-02-04T18:31:58Z" level=info msg="Loaded tool" tool="esp32:esp32p4_es-libs@3.3.6"
2026-02-04 18:31:58 2026-02-04T18:31:58.967Z daemon INFO time="2026-02-04T18:31:58Z" level=info msg="Loaded tool" tool="esp32:esp32s2-libs@3.3.6"
2026-02-04 18:31:58 2026-02-04T18:31:58.967Z daemon INFO time="2026-02-04T18:31:58Z" level=info msg="Loaded tool" tool="esp32:esp32s3-libs@3.3.6"
2026-02-04 18:31:58 2026-02-04T18:31:58.967Z daemon INFO time="2026-02-04T18:31:58Z" level=info msg="Loaded tool" tool="esp32:esptool_py@5.1.0"
time="2026-02-04T18:31:58Z" level=info msg="Loaded tool" tool="esp32:mklittlefs@4.0.2-db0513a"
2026-02-04 18:31:58 2026-02-04T18:31:58.967Z daemon INFO time="2026-02-04T18:31:58Z" level=info msg="Loaded tool" tool="esp32:mkspiffs@0.2.3"
2026-02-04 18:31:58 2026-02-04T18:31:58.967Z daemon INFO time="2026-02-04T18:31:58Z" level=info msg="Loaded tool" tool="esp32:openocd-esp32@v0.12.0-esp32-20251215"
2026-02-04 18:31:58 2026-02-04T18:31:58.967Z daemon INFO time="2026-02-04T18:31:58Z" level=info msg="Loaded tool" tool="esp32:riscv32-esp-elf-gdb@16.3_20250913"
2026-02-04 18:31:58 2026-02-04T18:31:58.967Z daemon INFO time="2026-02-04T18:31:58Z" level=info msg="Loaded tool" tool="esp32:xtensa-esp-elf-gdb@16.3_20250913"
2026-02-04 18:31:58 2026-02-04T18:31:58.969Z daemon INFO time="2026-02-04T18:31:58Z" level=info msg="Discovery event channel closed builtin:serial-discovery. Exiting goroutine."
2026-02-04 18:31:58 2026-02-04T18:31:58.969Z daemon INFO time="2026-02-04T18:31:58Z" level=info msg="Closed and removed discovery builtin:serial-discovery"
2026-02-04 18:31:58 2026-02-04T18:31:58.969Z daemon INFO time="2026-02-04T18:31:58Z" level=error msg="Stopped decode loop: EOF" discovery="builtin:serial-discovery"
2026-02-04 18:31:58 2026-02-04T18:31:58.969Z daemon INFO time="2026-02-04T18:31:58Z" level=info msg="Discovery event channel closed builtin:mdns-discovery. Exiting goroutine."
2026-02-04 18:31:58 2026-02-04T18:31:58.969Z daemon INFO time="2026-02-04T18:31:58Z" level=info msg="Closed and removed discovery builtin:mdns-discovery"
2026-02-04 18:31:58 2026-02-04T18:31:58.969Z daemon INFO time="2026-02-04T18:31:58Z" level=error msg="Stopped decode loop: EOF" discovery="builtin:mdns-discovery"
2026-02-04 18:31:58 2026-02-04T18:31:58.972Z daemon INFO time="2026-02-04T18:31:58Z" level=info msg="Adding libraries dir" dir=/home/shrek/.arduino15/packages/arduino/hardware/avr/1.8.7/libraries isSingleLibrary=false location=platform
2026-02-04 18:31:58 2026-02-04T18:31:58.973Z daemon INFO time="2026-02-04T18:31:58Z" level=info msg="Adding libraries dir" dir=/home/shrek/.arduino15/packages/esp32/hardware/esp32/3.3.6/libraries isSingleLibrary=false location=platform
time="2026-02-04T18:31:58Z" level=info msg="Loading libraries index file" index=/home/shrek/.arduino15/library_index.json
2026-02-04 18:31:59 2026-02-04T18:31:59.105Z daemon INFO time="2026-02-04T18:31:59Z" level=info msg="Adding libraries dir" dir=/home/shrek/.arduino15/libraries isSingleLibrary=false location=ide
2026-02-04 18:31:59 2026-02-04T18:31:59.105Z daemon INFO time="2026-02-04T18:31:59Z" level=info msg="Adding libraries dir" dir=/home/shrek/Arduino/libraries isSingleLibrary=false location=user
2026-02-04 18:31:59 2026-02-04T18:31:59.136Z discovery-log INFO start
2026-02-04 18:31:59 2026-02-04T18:31:59.136Z discovery-log INFO start new deferred
2026-02-04 18:31:59 2026-02-04T18:31:59.136Z discovery-log INFO start resolved watching
2026-02-04 18:31:59 2026-02-04T18:31:59.136Z discovery-log INFO {"eventType":"add","port":{"matchingBoardsList":[],"port":{"address":"/dev/ttyS0","label":"/dev/ttyS0","protocol":"serial","protocolLabel":"Serial Port","propertiesMap":[],"hardwareId":""}},"error":""}
2026-02-04 18:31:59 2026-02-04T18:31:59.137Z discovery-log INFO {"eventType":"add","port":{"matchingBoardsList":[],"port":{"address":"/dev/ttyUSB0","label":"/dev/ttyUSB0","protocol":"serial","protocolLabel":"Serial Port (USB)","propertiesMap":[["pid","0xea60"],["serialNumber","e2dc2d4b6971f011b9be029f1045c30f"],["vid","0x10c4"]],"hardwareId":"e2dc2d4b6971f011b9be029f1045c30f"}},"error":""}
2026-02-04 18:31:59 2026-02-04T18:31:59.377Z root ERROR ---- !!!SLOW!!! DURATION: search took 240.402 ms. Args: [{}] ----
2026-02-04 18:31:59 2026-02-04T18:31:59.377Z root INFO <<< Library package installation done. {
  name: 'ESPAsyncWebServer',
  exampleUris: [],
  location: 0,
  installedVersion: undefined,
  author: 'lacamera',
  availableVersions: [ '3.1.0' ],
  includes: [],
  description: 'A fork of the ESPAsyncWebServer library maintained by ESPHome',
  moreInfoLink: 'https://github.com/lacamera/ESPAsyncWebServer',
  summary: 'Async Web Server for ESP8266 and ESP32',
  category: 'Communication',
  types: [ 'Contributed' ],
  index: 0
}
2026-02-04 18:31:59 2026-02-04T18:31:59.483Z root INFO ---- DURATION: search took 60.329 ms. Args: [{"query":"ESPAsyncWebServer","type":"All","topic":"All"}] ----
2026-02-04 18:31:59 2026-02-04T18:31:59.500Z root INFO Starting language server: esp32:esp32:esp32h2:UploadSpeed=921600,CDCOnBoot=default,FlashFreq=64,FlashMode=qio,FlashSize=4M,PartitionScheme=default,DebugLevel=none,EraseFlash=none,JTAGAdapter=default,ZigbeeMode=default
2026-02-04 18:31:59 2026-02-04T18:31:59.523Z daemon INFO time="2026-02-04T18:31:59Z" level=info msg="Adding libraries dir" dir=/home/shrek/.arduino15/libraries isSingleLibrary=false location=ide
2026-02-04 18:31:59 2026-02-04T18:31:59.523Z daemon INFO time="2026-02-04T18:31:59Z" level=info msg="Adding libraries dir" dir=/home/shrek/.arduino15/packages/esp32/hardware/esp32/3.3.6/libraries isSingleLibrary=false location=platform
time="2026-02-04T18:31:59Z" level=info msg="Adding libraries dir" dir=/home/shrek/Arduino/libraries isSingleLibrary=false location=user
2026-02-04 18:31:59 2026-02-04T18:31:59.977Z root INFO ---- DURATION: search took 58.107 ms. Args: [{"query":"ESPAsyncWebServer","type":"All","topic":"All"}] ----
2026-02-04 18:32:00 2026-02-04T18:32:00.098Z daemon INFO time="2026-02-04T18:32:00Z" level=info msg="Resolving include WiFi.h for arch esp32"
time="2026-02-04T18:32:00Z" level=info msg="  found better lib" lib=WiFi prio=6B0
2026-02-04 18:32:00 2026-02-04T18:32:00.457Z daemon INFO time="2026-02-04T18:32:00Z" level=info msg="Resolving include ESPAsyncTCP.h for arch esp32"
time="2026-02-04T18:32:00Z" level=info msg="  found better lib" lib=ESPAsyncTCP prio=2BF
2026-02-04 18:32:01 2026-02-04T18:32:01.009Z daemon INFO time="2026-02-04T18:32:01Z" level=info msg="Resolving include ESPAsyncWebServer.h for arch esp32"
time="2026-02-04T18:32:01Z" level=info msg="  found better lib" lib=ESPAsyncWebServer prio=6B1
2026-02-04 18:32:01 2026-02-04T18:32:01.578Z daemon INFO time="2026-02-04T18:32:01Z" level=info msg="Resolving include FS.h for arch esp32"
time="2026-02-04T18:32:01Z" level=info msg="  found better lib" lib=FS prio=6B0
2026-02-04 18:32:02 2026-02-04T18:32:02.135Z daemon INFO time="2026-02-04T18:32:02Z" level=info msg="Resolving include AsyncTCP.h for arch esp32"
time="2026-02-04T18:32:02Z" level=info msg="  found better lib" lib=AsyncTCP prio=6B1
2026-02-04 18:32:03 2026-02-04T18:32:03.513Z daemon INFO time="2026-02-04T18:32:03Z" level=info msg="Adding libraries dir" dir=/home/shrek/.arduino15/libraries isSingleLibrary=false location=ide
time="2026-02-04T18:32:03Z" level=info msg="Adding libraries dir" dir=/home/shrek/.arduino15/packages/esp32/hardware/esp32/3.3.6/libraries isSingleLibrary=false location=platform
2026-02-04 18:32:03 2026-02-04T18:32:03.513Z daemon INFO time="2026-02-04T18:32:03Z" level=info msg="Adding libraries dir" dir=/home/shrek/Arduino/libraries isSingleLibrary=false location=user
2026-02-04 18:32:05 2026-02-04T18:32:05.220Z root INFO ---- DURATION: search took 60.406 ms. Args: [{"query":"esphome","type":"All","topic":"All"}] ----
2026-02-04 18:32:08 2026-02-04T18:32:08.811Z root INFO ---- DURATION: search took 60.856 ms. Args: [{"query":"esp home","type":"All","topic":"All"}] ----
2026-02-04 18:32:15 2026-02-04T18:32:15.375Z daemon INFO time="2026-02-04T18:32:15Z" level=info msg="Adding libraries dir" dir=/home/shrek/.arduino15/libraries isSingleLibrary=false location=ide
time="2026-02-04T18:32:15Z" level=info msg="Adding libraries dir" dir=/home/shrek/.arduino15/packages/esp32/hardware/esp32/3.3.6/libraries isSingleLibrary=false location=platform
2026-02-04 18:32:15 2026-02-04T18:32:15.375Z daemon INFO time="2026-02-04T18:32:15Z" level=info msg="Adding libraries dir" dir=/home/shrek/Arduino/libraries isSingleLibrary=false location=user
2026-02-04 18:32:15 2026-02-04T18:32:15.987Z daemon INFO time="2026-02-04T18:32:15Z" level=info msg="Resolving include WiFi.h for arch esp32"
time="2026-02-04T18:32:15Z" level=info msg="  found better lib" lib=WiFi prio=6B0
2026-02-04 18:32:16 2026-02-04T18:32:16.345Z daemon INFO time="2026-02-04T18:32:16Z" level=info msg="Resolving include ESPAsyncTCP.h for arch esp32"
time="2026-02-04T18:32:16Z" level=info msg="  found better lib" lib=ESPAsyncTCP prio=2BF
2026-02-04 18:32:16 2026-02-04T18:32:16.898Z daemon INFO time="2026-02-04T18:32:16Z" level=info msg="Resolving include ESPAsyncWebServer.h for arch esp32"
time="2026-02-04T18:32:16Z" level=info msg="  found better lib" lib=ESPAsyncWebServer prio=6B1
2026-02-04 18:32:17 2026-02-04T18:32:17.460Z daemon INFO time="2026-02-04T18:32:17Z" level=info msg="Resolving include FS.h for arch esp32"
time="2026-02-04T18:32:17Z" level=info msg="  found better lib" lib=FS prio=6B0
2026-02-04 18:32:18 2026-02-04T18:32:18.014Z daemon INFO time="2026-02-04T18:32:18Z" level=info msg="Resolving include AsyncTCP.h for arch esp32"
time="2026-02-04T18:32:18Z" level=info msg="  found better lib" lib=AsyncTCP prio=6B1
2026-02-04 18:32:18 2026-02-04T18:32:18.680Z root INFO compiler-errors Current error changed to d;568
2026-02-04 18:32:18 2026-02-04T18:32:18.693Z root INFO compiler-errors Handling selection change in editor file:///home/shrek/Arduino/practice/led.ino/led.ino.ino. New (monaco) selection: [4,1 -> 4,1]
2026-02-04 18:32:25 2026-02-04T18:32:25.103Z root INFO ---- DURATION: search took 62.961 ms. Args: [{"query":"home","type":"All","topic":"All"}] ----
2026-02-04 18:32:30 2026-02-04T18:32:30.957Z root INFO ---- DURATION: search took 58.531 ms. Args: [{"query":"esp home","type":"All","topic":"All"}] ----
2026-02-04 18:32:31 2026-02-04T18:32:31.507Z root INFO ---- DURATION: search took 53.594 ms. Args: [{"query":"esphome","type":"All","topic":"All"}] ----
2026-02-04 18:32:43 2026-02-04T18:32:43.834Z root INFO ---- DURATION: search took 91.838 ms. Args: [{"query":"esp","type":"All","topic":"All"}] ----
2026-02-04 18:32:44 2026-02-04T18:32:44.697Z root INFO ---- DURATION: search took 55.434 ms. Args: [{"query":"esphome","type":"All","topic":"All"}] ----
2026-02-04 18:32:47 2026-02-04T18:32:47.481Z root ERROR ---- !!!SLOW!!! DURATION: search took 180.723 ms. Args: [{"query":"es","type":"All","topic":"All"}] ----
2026-02-04 18:32:48 2026-02-04T18:32:48.109Z root ERROR ---- !!!SLOW!!! DURATION: search took 199.257 ms. Args: [{"query":"e","type":"All","topic":"All"}] ----
2026-02-04 18:32:49 2026-02-04T18:32:49.209Z root INFO ---- DURATION: search took 55.041 ms. Args: [{"query":"home","type":"All","topic":"All"}] ----
2026-02-04 19:14:04 isTempSketch: false. Input was /home/shrek/Arduino/practice/led.ino
2026-02-04 19:14:04 Marking workspace as a closed sketch. Workspace URI: file:///home/shrek/Arduino/practice/led.ino. Date: 1770232444739.
2026-02-04 19:14:04 isTempSketch: false. Input was /home/shrek/Arduino/practice/led.ino
2026-02-04 19:14:04 Marking workspace as a closed sketch. Workspace URI: file:///home/shrek/Arduino/practice/led.ino. Date: 1770232444740.
2026-02-04 19:14:04 Closing channel on service path '/services/electron-window'.
2026-02-04 19:14:04 Closing channel on service path '/services/ide-updater'.
2026-02-04 19:14:04 Skipped storing sketch as workspace root. Expected minimum threshold: <1770232443748>. Was: <1770224004475>.
2026-02-04 19:14:04 Skipped storing sketch as workspace root. Expected minimum threshold: <1770232443748>. Was: <1770224004482>.
2026-02-04 19:14:04 Storing the sketch as a workspace root: </home/shrek/Arduino/practice/led.ino>.
2026-02-04 19:14:04 Skipped storing sketch as workspace root. Already visited: </home/shrek/Arduino/practice/led.ino>.
2026-02-04 19:14:04 Stored workspaces roots: /home/shrek/Arduino/practice/led.ino
2026-02-04 19:14:04 No sketches were scheduled for deletion.
2026-02-04 19:14:04 2026-02-04T19:14:04.744Z root INFO socked closed
2026-02-04 19:14:04 2026-02-04T19:14:04.744Z root INFO closing connection for 2
2026-02-04 19:14:04 2026-02-04T19:14:04.744Z root INFO Closing channel on service path '/localization-server'.
2026-02-04 19:14:04 2026-02-04T19:14:04.744Z root INFO Closing channel on service path '/os'.
2026-02-04 19:14:04 2026-02-04T19:14:04.744Z root INFO Closing channel on service path '/services/commands'.
2026-02-04 19:14:04 2026-02-04T19:14:04.744Z root INFO Closing channel on service path '/services/keyboard'.
2026-02-04 19:14:04 2026-02-04T19:14:04.744Z root INFO Closing channel on service path '/services/logger'.
2026-02-04 19:14:04 2026-02-04T19:14:04.744Z root INFO Closing channel on service path '/services/messageService'.
2026-02-04 19:14:04 2026-02-04T19:14:04.744Z root INFO Closing channel on service path '/services/ChannelCloseService'.
2026-02-04 19:14:04 2026-02-04T19:14:04.744Z root INFO Closing channel on service path '/services/remote-filesystem'.
2026-02-04 19:14:04 2026-02-04T19:14:04.744Z root INFO Closing channel on service path '/services/envs'.
2026-02-04 19:14:04 2026-02-04T19:14:04.744Z root INFO Closing channel on service path '/services/authentication-service'.
2026-02-04 19:14:04 2026-02-04T19:14:04.744Z root INFO Closing channel on service path '/services/sketches-service'.
2026-02-04 19:14:04 2026-02-04T19:14:04.744Z root INFO Closing channel on service path '/services/config-service'.
2026-02-04 19:14:04 2026-02-04T19:14:04.744Z root INFO Closing channel on service path '/services/workspace'.
2026-02-04 19:14:04 2026-02-04T19:14:04.744Z root INFO Closing channel on service path '/services/notification-service'.
2026-02-04 19:14:04 2026-02-04T19:14:04.744Z root INFO Closing channel on service path '/services/arduino-daemon'.
2026-02-04 19:14:04 2026-02-04T19:14:04.744Z root INFO Closing channel on service path '/services/stopwatch'.
2026-02-04 19:14:04 2026-02-04T19:14:04.744Z root INFO Closing channel on service path '/services/application'.
2026-02-04 19:14:04 2026-02-04T19:14:04.744Z root INFO Closing channel on service path '/services/i18n'.
2026-02-04 19:14:04 2026-02-04T19:14:04.744Z root INFO Closing channel on service path '/services/quickInput'.
2026-02-04 19:14:04 2026-02-04T19:14:04.744Z root INFO Closing channel on service path '/services/debug'.
2026-02-04 19:14:04 2026-02-04T19:14:04.744Z root INFO Closing channel on service path '/services/shell-terminal'.
2026-02-04 19:14:04 2026-02-04T19:14:04.744Z root INFO Closing channel on service path '/services/quickPick'.
2026-02-04 19:14:04 2026-02-04T19:14:04.744Z root INFO Closing channel on service path '/services/task'.
2026-02-04 19:14:04 2026-02-04T19:14:04.744Z root INFO Closing channel on service path '/services/search'.
2026-02-04 19:14:04 2026-02-04T19:14:04.744Z root INFO Closing channel on service path '/services/hostedPlugin'.
2026-02-04 19:14:04 2026-02-04T19:14:04.744Z root INFO Closing channel on service path '/services/plugin-ext'.
2026-02-04 19:14:04 2026-02-04T19:14:04.744Z root INFO Closing channel on service path '/services/plugin-paths'.
2026-02-04 19:14:04 2026-02-04T19:14:04.744Z root INFO Closing channel on service path '/services/cli-preferences'.
2026-02-04 19:14:04 2026-02-04T19:14:04.744Z root INFO Closing channel on service path '/services/boards-service'.
2026-02-04 19:14:04 2026-02-04T19:14:04.744Z root INFO Closing channel on service path '/services/response-service'.
2026-02-04 19:14:04 2026-02-04T19:14:04.744Z root INFO Closing channel on service path '/services/file-system-ext'.
2026-02-04 19:14:04 2026-02-04T19:14:04.744Z root INFO Closing channel on service path '/services/core-service'.
2026-02-04 19:14:04 2026-02-04T19:14:04.744Z root INFO Closing channel on service path '/services/example-service'.
2026-02-04 19:14:04 2026-02-04T19:14:04.744Z root INFO Closing channel on service path '/services/library-service'.
2026-02-04 19:14:04 2026-02-04T19:14:04.744Z root INFO Closing channel on service path '/services/executable-service'.
2026-02-04 19:14:04 2026-02-04T19:14:04.744Z root INFO Closing channel on service path '/services/arduino-firmware-uploader'.
2026-02-04 19:14:04 2026-02-04T19:14:04.744Z root INFO Closing channel on service path '/services/formatter'.
2026-02-04 19:14:04 2026-02-04T19:14:04.744Z root INFO Closing channel on service path '/services/search-in-workspace'.
2026-02-04 19:14:04 2026-02-04T19:14:04.744Z root INFO Closing channel on service path '/services/request-service'.
2026-02-04 19:14:04 2026-02-04T19:14:04.744Z root INFO Closing channel on service path '/services/keyStore'.
2026-02-04 19:14:04 2026-02-04T19:14:04.744Z root INFO Closing channel on service path '/services/languagePackService'.
