2026-02-21 20:39:10 Arduino IDE 2.3.7
2026-02-21 20:39:10 Checking for frontend application configuration customizations. Module path: /opt/arduino-ide/resources/app/lib/backend/electron-main.js, destination 'package.json': /opt/arduino-ide/resources/app/package.json
2026-02-21 20:39:10 Setting 'theia.frontend.config.appVersion' application configuration value to: "2.3.7" (type of string)
2026-02-21 20:39:10 Setting 'theia.frontend.config.cliVersion' application configuration value to: "1.3.1" (type of string)
2026-02-21 20:39:10 Setting 'theia.frontend.config.buildDate' application configuration value to: "2025-12-17T16:01:58.874Z" (type of string)
2026-02-21 20:39:10 Frontend application configuration after modifications: {"applicationName":"Arduino IDE","defaultTheme":{"light":"arduino-theme","dark":"arduino-theme-dark"},"defaultIconTheme":"none","electron":{"windowOptions":{},"showWindowEarly":true,"splashScreenOptions":{},"uriScheme":"arduino-ide"},"defaultLocale":"","validatePreferencesSchema":false,"reloadOnReconnect":true,"uriScheme":"theia","preferences":{"window.title":"${rootName}${activeEditorShort}${appName}","files.autoSave":"afterDelay","editor.minimap.enabled":false,"editor.tabSize":2,"editor.scrollBeyondLastLine":false,"editor.quickSuggestions":{"other":false,"comments":false,"strings":false},"editor.maxTokenizationLineLength":500,"editor.bracketPairColorization.enabled":false,"breadcrumbs.enabled":false,"workbench.tree.renderIndentGuides":"none","explorer.compactFolders":false},"appVersion":"2.3.7","cliVersion":"1.3.1","buildDate":"2025-12-17T16:01:58.874Z"}
2026-02-21 20:39:10 Starting backend process. PID: 1612
2026-02-21 20:39:10 Showing main window early
2026-02-21 20:39:10 Using browser-only version of superagent in non-browser environment
2026-02-21 20:39:10 Configuration directory URI: 'file:///home/shrek/.arduinoIDE'
2026-02-21 20:39:10 Configuring to accept webviews on '^.+\.webview\..+$' hostname.
2026-02-21 20:39:10 2026-02-21T20:39:10.853Z root INFO Backend u.initialize: 16.7 ms [Finished 0.367 s after backend start]
2026-02-21 20:39:10 2026-02-21T20:39:10.855Z root INFO Backend Object.initialize: 15.7 ms [Finished 0.367 s after backend start]
2026-02-21 20:39:10 2026-02-21T20:39:10.855Z root INFO Backend a.initialize: 0.6 ms [Finished 0.367 s after backend start]
2026-02-21 20:39:10 2026-02-21T20:39:10.855Z root INFO Backend a.initialize: 0.5 ms [Finished 0.367 s after backend start]
2026-02-21 20:39:10 2026-02-21T20:39:10.855Z root INFO Backend u.initialize: 0.7 ms [Finished 0.367 s after backend start]
2026-02-21 20:39:10 2026-02-21T20:39:10.856Z root INFO Backend l.initialize: 16.5 ms [Finished 0.368 s after backend start]
2026-02-21 20:39:10 2026-02-21T20:39:10.860Z root INFO configured all backend app contributions
2026-02-21 20:39:10 2026-02-21T20:39:10.860Z root INFO Backend l.onStart: 0.7 ms [Finished 0.375 s after backend start]
2026-02-21 20:39:10 2026-02-21T20:39:10.860Z root INFO Backend d.onStart: 0.0 ms [Finished 0.375 s after backend start]
2026-02-21 20:39:10 2026-02-21T20:39:10.861Z root INFO Backend a.onStart: 0.2 ms [Finished 0.375 s after backend start]
2026-02-21 20:39:10 2026-02-21T20:39:10.861Z config INFO >>> Initializing CLI configuration...
2026-02-21 20:39:10 2026-02-21T20:39:10.861Z root INFO Backend x.onStart: 0.2 ms [Finished 0.375 s after backend start]
2026-02-21 20:39:10 2026-02-21T20:39:10.861Z config INFO Loading CLI configuration from /home/shrek/.arduinoIDE/arduino-cli.yaml...
2026-02-21 20:39:10 2026-02-21T20:39:10.861Z daemon INFO Starting daemon from /opt/arduino-ide/resources/app/lib/backend/resources/arduino-cli...
2026-02-21 20:39:10 2026-02-21T20:39:10.861Z root INFO Backend w.onStart: 0.2 ms [Finished 0.375 s after backend start]
2026-02-21 20:39:10 2026-02-21T20:39:10.861Z discovery-log INFO start
2026-02-21 20:39:10 2026-02-21T20:39:10.861Z discovery-log INFO start new deferred
2026-02-21 20:39:10 2026-02-21T20:39:10.861Z root INFO Backend v.onStart: 0.1 ms [Finished 0.375 s after backend start]
2026-02-21 20:39:10 2026-02-21T20:39:10.861Z root INFO Backend a.onStart: 0.0 ms [Finished 0.376 s after backend start]
2026-02-21 20:39:10 2026-02-21T20:39:10.863Z root INFO Theia app listening on http://127.0.0.1:36749.
2026-02-21 20:39:10 2026-02-21T20:39:10.863Z root INFO Finished starting backend application: 2.1 ms [Finished 0.378 s after backend start]
2026-02-21 20:39:10 Restoring workspace roots: /home/shrek/Arduino/AndroidCnct/test1
2026-02-21 20:39:10 2026-02-21T20:39:10.863Z root WARN The local plugin referenced by local-dir:/home/shrek/.arduinoIDE/plugins does not exist.
2026-02-21 20:39:10 2026-02-21T20:39:10.863Z root WARN The local plugin referenced by local-dir:/home/shrek/.arduinoIDE/deployedPlugins does not exist.
2026-02-21 20:39:10 2026-02-21T20:39:10.866Z config INFO Loaded CLI configuration: {"board_manager":{"additional_urls":["http://arduino.esp8266.com/stable/package_esp8266com_index.json"]},"directories":{"builtin":{"libraries":"/home/shrek/.arduino15/libraries"},"data":"/home/shrek/.arduino15","user":"/home/shrek/Arduino"},"locale":"en"}
2026-02-21 20:39:10 2026-02-21T20:39:10.866Z config INFO 'directories.data' and 'directories.user' are set in the CLI configuration model.
2026-02-21 20:39:10 2026-02-21T20:39:10.866Z config INFO Loaded the CLI configuration.
2026-02-21 20:39:10 isTempSketch: false. Input was /home/shrek/Arduino/AndroidCnct/test1/test1.ino
2026-02-21 20:39:10 2026-02-21T20:39:10.871Z config INFO Mapped the CLI configuration: {"dataDirUri":"file:///home/shrek/.arduino15","sketchDirUri":"file:///home/shrek/Arduino","additionalUrls":["http://arduino.esp8266.com/stable/package_esp8266com_index.json"],"network":"none","locale":"en"}
2026-02-21 20:39:10 2026-02-21T20:39:10.871Z config INFO Validating the CLI configuration...
2026-02-21 20:39:10 2026-02-21T20:39:10.871Z config INFO The CLI config is valid.
2026-02-21 20:39:10 2026-02-21T20:39:10.871Z config INFO <<< Initialized the CLI configuration.
2026-02-21 20:39:10 2026-02-21T20:39:10.895Z root INFO Resolve plugins list: 33.1 ms [Finished 0.409 s after backend start]
2026-02-21 20:39:10 2026-02-21T20:39:10.940Z daemon INFO time="2026-02-21T20:39:10Z" level=info msg="arduino-cli version 1.3.1"
2026-02-21 20:39:10 2026-02-21T20:39:10.940Z daemon INFO time="2026-02-21T20:39:10Z" level=info msg="Using config file: /home/shrek/.arduinoIDE/arduino-cli.yaml"
time="2026-02-21T20:39:10Z" level=info msg="Executing `arduino-cli daemon`"
2026-02-21 20:39:10 2026-02-21T20:39:10.950Z daemon INFO Daemon is now listening on 127.0.0.1:35387
{"IP":"127.0.0.1","Port":"35387"}
2026-02-21 20:39:10 2026-02-21T20:39:10.950Z daemon INFO Daemon is running.
2026-02-21 20:39:10 2026-02-21T20:39:10.982Z daemon INFO time="2026-02-21T20:39:10Z" level=info msg="Checking signature" index=/home/shrek/.arduino15/package_index.json signatureFile=/home/shrek/.arduino15/package_index.json.sig trusted=true
2026-02-21 20:39:10 2026-02-21T20:39:10.984Z daemon INFO time="2026-02-21T20:39:10Z" level=info msg="Missing signature file" index=/home/shrek/.arduino15/package_esp8266com_index.json
2026-02-21 20:39:10 2026-02-21T20:39:10.984Z daemon INFO time="2026-02-21T20:39:10Z" level=info msg="Loading hardware from: /home/shrek/.arduino15/packages"
2026-02-21 20:39:10 2026-02-21T20:39:10.990Z daemon INFO time="2026-02-21T20:39:10Z" level=info msg="Loading package arduino from: /home/shrek/.arduino15/packages/arduino/hardware"
2026-02-21 20:39:11 2026-02-21T20:39:11.000Z daemon INFO time="2026-02-21T20:39:10Z" level=info msg="Missing signature file" index=/home/shrek/.arduino15/packages/arduino/hardware/avr/1.8.7/installed.json
time="2026-02-21T20:39:10Z" level=info msg="Adding monitor tool" protocol=serial tool="builtin:serial-monitor"
time="2026-02-21T20:39:10Z" level=info msg="Loaded platform" platform="arduino:avr@1.8.7"
time="2026-02-21T20:39:10Z" level=info msg="Checking existence of 'tools' path: /home/shrek/.arduino15/packages/arduino/tools"
time="2026-02-21T20:39:10Z" level=info msg="Loading tools from dir: /home/shrek/.arduino15/packages/arduino/tools"
time="2026-02-21T20:39:10Z" level=info msg="Loaded tool" tool="arduino:arduinoOTA@1.3.0"
time="2026-02-21T20:39:10Z" level=info msg="Loaded tool" tool="arduino:avr-gcc@7.3.0-atmel3.6.1-arduino7"
time="2026-02-21T20:39:10Z" level=info msg="Loaded tool" tool="arduino:avrdude@8.0.0-arduino1"
time="2026-02-21T20:39:10Z" level=info msg="Loaded tool" tool="arduino:dfu-util@0.11.0-arduino5"
time="2026-02-21T20:39:10Z" level=info msg="Loading package builtin from: /home/shrek/.arduino15/packages/builtin"
time="2026-02-21T20:39:10Z" level=info msg="Checking existence of 'tools' path: /home/shrek/.arduino15/packages/builtin/tools"
time="2026-02-21T20:39:10Z" level=info msg="Loading tools from dir: /home/shrek/.arduino15/packages/builtin/tools"
time="2026-02-21T20:39:10Z" level=info msg="Loaded tool" tool="builtin:ctags@5.8-arduino11"
time="2026-02-21T20:39:10Z" level=info msg="Loaded tool" tool="builtin:dfu-discovery@0.1.2"
time="2026-02-21T20:39:10Z" level=info msg="Loaded tool" tool="builtin:mdns-discovery@1.0.12"
time="2026-02-21T20:39:10Z" level=info msg="Loaded tool" tool="builtin:serial-discovery@1.4.3"
time="2026-02-21T20:39:10Z" level=info msg="Loaded tool" tool="builtin:serial-monitor@0.15.0"
time="2026-02-21T20:39:10Z" level=info msg="Loading package esp32 from: /home/shrek/.arduino15/packages/esp32/hardware"
2026-02-21 20:39:11 2026-02-21T20:39:11.003Z daemon INFO time="2026-02-21T20:39:11Z" level=info msg="Missing signature file" index=/home/shrek/.arduino15/packages/esp32/hardware/esp32/3.3.7/installed.json
2026-02-21 20:39:11 2026-02-21T20:39:11.093Z daemon INFO time="2026-02-21T20:39:11Z" level=info msg="Adding monitor tool" protocol=serial tool="builtin:serial-monitor"
time="2026-02-21T20:39:11Z" level=info msg="Loaded platform" platform="esp32:esp32@3.3.7"
2026-02-21 20:39:11 2026-02-21T20:39:11.093Z daemon INFO time="2026-02-21T20:39:11Z" level=info msg="Checking existence of 'tools' path: /home/shrek/.arduino15/packages/esp32/tools"
time="2026-02-21T20:39:11Z" level=info msg="Loading tools from dir: /home/shrek/.arduino15/packages/esp32/tools"
2026-02-21 20:39:11 2026-02-21T20:39:11.100Z daemon INFO time="2026-02-21T20:39:11Z" level=info msg="Loaded tool" tool="esp32:esp-rv32@2511"
2026-02-21 20:39:11 2026-02-21T20:39:11.100Z daemon INFO time="2026-02-21T20:39:11Z" level=info msg="Loaded tool" tool="esp32:esp-x32@2511"
2026-02-21 20:39:11 2026-02-21T20:39:11.100Z daemon INFO time="2026-02-21T20:39:11Z" level=info msg="Loaded tool" tool="esp32:esp32-libs@3.3.7"
2026-02-21 20:39:11 2026-02-21T20:39:11.105Z daemon INFO time="2026-02-21T20:39:11Z" level=info msg="Loaded tool" tool="esp32:esp32c3-libs@3.3.7"
time="2026-02-21T20:39:11Z" level=info msg="Loaded tool" tool="esp32:esp32c5-libs@3.3.7"
time="2026-02-21T20:39:11Z" level=info msg="Loaded tool" tool="esp32:esp32c6-libs@3.3.7"
time="2026-02-21T20:39:11Z" level=info msg="Loaded tool" tool="esp32:esp32h2-libs@3.3.7"
time="2026-02-21T20:39:11Z" level=info msg="Loaded tool" tool="esp32:esp32p4-libs@3.3.7"
time="2026-02-21T20:39:11Z" level=info msg="Loaded tool" tool="esp32:esp32p4_es-libs@3.3.7"
time="2026-02-21T20:39:11Z" level=info msg="Loaded tool" tool="esp32:esp32s2-libs@3.3.7"
time="2026-02-21T20:39:11Z" level=info msg="Loaded tool" tool="esp32:esp32s3-libs@3.3.7"
time="2026-02-21T20:39:11Z" level=info msg="Loaded tool" tool="esp32:esptool_py@5.1.0"
time="2026-02-21T20:39:11Z" level=info msg="Loaded tool" tool="esp32:mklittlefs@4.0.2-db0513a"
time="2026-02-21T20:39:11Z" level=info msg="Loaded tool" tool="esp32:mkspiffs@0.2.3"
time="2026-02-21T20:39:11Z" level=info msg="Loaded tool" tool="esp32:openocd-esp32@v0.12.0-esp32-20251215"
2026-02-21 20:39:11 2026-02-21T20:39:11.105Z daemon INFO time="2026-02-21T20:39:11Z" level=info msg="Loaded tool" tool="esp32:riscv32-esp-elf-gdb@16.3_20250913"
2026-02-21 20:39:11 2026-02-21T20:39:11.105Z daemon INFO time="2026-02-21T20:39:11Z" level=info msg="Loaded tool" tool="esp32:xtensa-esp-elf-gdb@16.3_20250913"
2026-02-21 20:39:11 2026-02-21T20:39:11.113Z daemon INFO time="2026-02-21T20:39:11Z" level=info msg="Loading package esp8266 from: /home/shrek/.arduino15/packages/esp8266/hardware"
time="2026-02-21T20:39:11Z" level=info msg="Missing signature file" index=/home/shrek/.arduino15/packages/esp8266/hardware/esp8266/3.1.2/installed.json
2026-02-21 20:39:11 2026-02-21T20:39:11.117Z daemon INFO time="2026-02-21T20:39:11Z" level=info msg="Adding monitor tool" protocol=serial tool="builtin:serial-monitor"
time="2026-02-21T20:39:11Z" level=info msg="Loaded platform" platform="esp8266:esp8266@3.1.2"
2026-02-21 20:39:11 2026-02-21T20:39:11.118Z daemon INFO time="2026-02-21T20:39:11Z" level=info msg="Checking existence of 'tools' path: /home/shrek/.arduino15/packages/esp8266/tools"
time="2026-02-21T20:39:11Z" level=info msg="Loading tools from dir: /home/shrek/.arduino15/packages/esp8266/tools"
2026-02-21 20:39:11 2026-02-21T20:39:11.118Z daemon INFO time="2026-02-21T20:39:11Z" level=info msg="Loaded tool" tool="esp8266:mklittlefs@3.1.0-gcc10.3-e5f9fec"
2026-02-21 20:39:11 2026-02-21T20:39:11.118Z daemon INFO time="2026-02-21T20:39:11Z" level=info msg="Loaded tool" tool="esp8266:mkspiffs@3.1.0-gcc10.3-e5f9fec"
2026-02-21 20:39:11 2026-02-21T20:39:11.119Z daemon INFO time="2026-02-21T20:39:11Z" level=info msg="Loaded tool" tool="esp8266:python3@3.7.2-post1"
2026-02-21 20:39:11 2026-02-21T20:39:11.119Z daemon INFO time="2026-02-21T20:39:11Z" level=info msg="Loaded tool" tool="esp8266:xtensa-lx106-elf-gcc@3.1.0-gcc10.3-e5f9fec"
2026-02-21 20:39:11 2026-02-21T20:39:11.124Z daemon INFO time="2026-02-21T20:39:11Z" level=info msg="Adding libraries dir" dir=/home/shrek/.arduino15/packages/esp8266/hardware/esp8266/3.1.2/libraries isSingleLibrary=false location=platform
2026-02-21 20:39:11 2026-02-21T20:39:11.132Z daemon INFO time="2026-02-21T20:39:11Z" level=info msg="Adding libraries dir" dir=/home/shrek/.arduino15/packages/esp32/hardware/esp32/3.3.7/libraries isSingleLibrary=false location=platform
time="2026-02-21T20:39:11Z" level=info msg="Adding libraries dir" dir=/home/shrek/.arduino15/packages/arduino/hardware/avr/1.8.7/libraries isSingleLibrary=false location=platform
time="2026-02-21T20:39:11Z" level=info msg="Loading libraries index file" index=/home/shrek/.arduino15/library_index.json
2026-02-21 20:39:11 2026-02-21T20:39:11.272Z root INFO Deploy plugins list: 410.0 ms [Finished 0.786 s after backend start]
2026-02-21 20:39:11 2026-02-21T20:39:11.299Z daemon INFO time="2026-02-21T20:39:11Z" level=info msg="Adding libraries dir" dir=/home/shrek/.arduino15/libraries isSingleLibrary=false location=ide
time="2026-02-21T20:39:11Z" level=info msg="Adding libraries dir" dir=/home/shrek/Arduino/libraries isSingleLibrary=false location=user
2026-02-21 20:39:11 2026-02-21T20:39:11.368Z root INFO creating connection for 1
2026-02-21 20:39:11 2026-02-21T20:39:11.462Z discovery-log INFO start resolved watching
2026-02-21 20:39:11 2026-02-21T20:39:11.478Z discovery-log INFO {"eventType":"add","port":{"matchingBoardsList":[],"port":{"address":"/dev/ttyS0","label":"/dev/ttyS0","protocol":"serial","protocolLabel":"Serial Port","propertiesMap":[],"hardwareId":""}},"error":""}
2026-02-21 20:39:11 2026-02-21T20:39:11.884Z root WARN A command editor.action.toggleStickyScroll is already registered.
2026-02-21 20:39:11 2026-02-21T20:39:11.895Z sketches-service WARN Warning! The request sketch path was different than the response sketch path from the CLI. This could be a potential bug. Request: </home/shrek/Arduino/AndroidCnct/test1/test1.ino>, response: </home/shrek/Arduino/AndroidCnct/test1>.
2026-02-21 20:39:11 Opening channel for service path '/services/electron-window'.
2026-02-21 20:39:11 Opening channel for service path '/services/ide-updater'.
2026-02-21 20:39:11 2026-02-21T20:39:11.940Z root INFO Start frontend contributions: 145.6 ms [Finished 1.063 s after frontend start]
2026-02-21 20:39:11 2026-02-21T20:39:11.940Z root INFO Changed application state from 'init' to 'started_contributions'.
2026-02-21 20:39:11 2026-02-21T20:39:11.951Z root INFO Changed application state from 'started_contributions' to 'attached_shell'.
2026-02-21 20:39:11 2026-02-21T20:39:11.951Z root INFO >>> Restoring the layout state...
2026-02-21 20:39:11 2026-02-21T20:39:11.970Z root INFO [141e235c-1951-450b-a2d7-dbf40e37db07] Waiting for backend deployment: 36.4 ms [Finished 1.096 s after frontend start]
2026-02-21 20:39:12 2026-02-21T20:39:12.259Z root INFO [hosted-plugin: 1741] PLUGIN_HOST(1741) starting instance
[Object: null prototype] {}
2026-02-21 20:39:12 2026-02-21T20:39:12.579Z root INFO [141e235c-1951-450b-a2d7-dbf40e37db07] Sync of 23 plugins: 613.8 ms [Finished 1.710 s after frontend start]
2026-02-21 20:39:12 2026-02-21T20:39:12.591Z root INFO ------- SERIALIZED LAYOUT DATA -------
2026-02-21 20:39:12 2026-02-21T20:39:12.591Z root INFO {"version":5,"mainPanel":{"main":{"type":"tab-area","widgets":[{"constructionOptions":{"factoryId":"code-editor-opener","options":{"counter":0,"kind":"navigatable","uri":"file:///home/shrek/Arduino/AndroidCnct/test1/test1.ino"}},"innerWidgetState":"{\"cursorState\":[{\"inSelectionMode\":false,\"selectionStart\":{\"lineNumber\":27,\"column\":30},\"position\":{\"lineNumber\":27,\"column\":30}}],\"viewState\":{\"scrollLeft\":0,\"firstPosition\":{\"lineNumber\":1,\"column\":1},\"firstPositionDeltaTop\":0},\"contributionsState\":{\"editor.contrib.folding\":{\"lineCount\":44,\"provider\":\"indent\",\"foldedImports\":false},\"editor.contrib.wordHighlighter\":false}}"}],"currentIndex":0}},"mainPanelPinned":[false],"bottomPanel":{"config":{"main":{"type":"tab-area","widgets":[{"constructionOptions":{"factoryId":"outputView"},"innerWidgetState":"{\"locked\":false}"}],"currentIndex":0}},"pinned":[false],"size":514,"expanded":true},"leftPanel":{"type":"sidepanel","items":[{"widget":{"constructionOptions":{"factoryId":"arduino-sketchbook-widget"}},"rank":1,"expanded":false,"pinned":false},{"widget":{"constructionOptions":{"factoryId":"boards-list-widget"}},"rank":2,"expanded":false,"pinned":false},{"widget":{"constructionOptions":{"factoryId":"library-list-widget"}},"rank":3,"expanded":true,"pinned":false},{"widget":{"constructionOptions":{"factoryId":"debug"},"innerWidgetState":"{\"parts\":[{\"partId\":\"debug:threads:-1\",\"collapsed\":false,\"hidden\":false,\"relativeSize\":1.384,\"originalContainerId\":\"debug:view-container:-1\",\"originalContainerTitle\":{\"label\":\"debug\",\"iconClass\":\"codicon codicon-debug-alt\",\"closeable\":true},\"widget\":{\"constructionOptions\":{\"factoryId\":\"debug:threads\"},\"innerWidgetState\":\"{}\"}},{\"partId\":\"debug:frames:-1\",\"collapsed\":false,\"hidden\":false,\"relativeSize\":1.384,\"originalContainerId\":\"debug:view-container:-1\",\"originalContainerTitle\":{\"label\":\"debug\",\"iconClass\":\"codicon codicon-debug-alt\",\"closeable\":true},\"widget\":{\"constructionOptions\":{\"factoryId\":\"debug:frames\"},\"innerWidgetState\":\"{}\"}},{\"partId\":\"debug:variables:-1\",\"collapsed\":false,\"hidden\":false,\"relativeSize\":1.384,\"originalContainerId\":\"debug:view-container:-1\",\"originalContainerTitle\":{\"label\":\"debug\",\"iconClass\":\"codicon codicon-debug-alt\",\"closeable\":true},\"widget\":{\"constructionOptions\":{\"factoryId\":\"debug:variables\"},\"innerWidgetState\":\"{}\"}},{\"partId\":\"debug:watch:-1\",\"collapsed\":false,\"hidden\":false,\"relativeSize\":1.384,\"originalContainerId\":\"debug:view-container:-1\",\"originalContainerTitle\":{\"label\":\"debug\",\"iconClass\":\"codicon codicon-debug-alt\",\"closeable\":true},\"widget\":{\"constructionOptions\":{\"factoryId\":\"debug:watch\"},\"innerWidgetState\":\"{}\"}},{\"partId\":\"debug:breakpoints:-1\",\"collapsed\":false,\"hidden\":false,\"relativeSize\":1.384,\"originalContainerId\":\"debug:view-container:-1\",\"originalContainerTitle\":{\"label\":\"debug\",\"iconClass\":\"codicon codicon-debug-alt\",\"closeable\":true},\"widget\":{\"constructionOptions\":{\"factoryId\":\"debug:breakpoints\"},\"innerWidgetState\":\"{}\"}},{\"partId\":\"plugin-view:cortex-debug.peripherals\",\"collapsed\":true,\"hidden\":true,\"originalContainerId\":\"debug:view-container:-1\",\"originalContainerTitle\":{\"label\":\"debug\",\"iconClass\":\"codicon codicon-debug-alt\",\"closeable\":true},\"widget\":{\"constructionOptions\":{\"factoryId\":\"plugin-view\",\"options\":{\"id\":\"plugin-view:cortex-debug.peripherals\",\"viewId\":\"cortex-debug.peripherals\"}},\"innerWidgetState\":\"{\\\"label\\\":\\\"Cortex Peripherals\\\",\\\"widgets\\\":[],\\\"suppressUpdateViewVisibility\\\":false,\\\"currentViewContainerId\\\":\\\"debug\\\"}\"}},{\"partId\":\"plugin-view:cortex-debug.registers\",\"collapsed\":true,\"hidden\":true,\"originalContainerId\":\"debug:view-container:-1\",\"originalContainerTitle\":{\"label\":\"debug\",\"iconClass\":\"codicon codicon-debug-alt\",\"closeable\":true},\"widget\":{\"constructionOptions\":{\"factoryId\":\"plugin-view\",\"options\":{\"id\":\"plugin-view:cortex-debug.registers\",\"viewId\":\"cortex-debug.registers\"}},\"innerWidgetState\":\"{\\\"label\\\":\\\"Cortex Registers\\\",\\\"widgets\\\":[],\\\"suppressUpdateViewVisibility\\\":false,\\\"currentViewContainerId\\\":\\\"debug\\\"}\"}}],\"title\":{\"label\":\"debug\",\"iconClass\":\"codicon codicon-debug-alt\",\"closeable\":true}}"},"rank":4,"expanded":false,"pinned":false},{"widget":{"constructionOptions":{"factoryId":"search-view-container"},"innerWidgetState":"{\"parts\":[{\"partId\":\"search-in-workspace\",\"collapsed\":false,\"hidden\":false,\"originalContainerId\":\"search-view-container\",\"originalContainerTitle\":{\"label\":\"Search\",\"iconClass\":\"codicon codicon-search\",\"closeable\":true},\"widget\":{\"constructionOptions\":{\"factoryId\":\"search-in-workspace\"},\"innerWidgetState\":\"{\\\"matchCaseState\\\":{\\\"className\\\":\\\"codicon codicon-case-sensitive\\\",\\\"enabled\\\":false,\\\"title\\\":\\\"Match Case\\\"},\\\"wholeWordState\\\":{\\\"className\\\":\\\"codicon codicon-whole-word\\\",\\\"enabled\\\":false,\\\"title\\\":\\\"Match Whole Word\\\"},\\\"regExpState\\\":{\\\"className\\\":\\\"codicon codicon-regex\\\",\\\"enabled\\\":false,\\\"title\\\":\\\"Use Regular Expression\\\"},\\\"includeIgnoredState\\\":{\\\"className\\\":\\\"codicon codicon-eye\\\",\\\"enabled\\\":false,\\\"title\\\":\\\"Include Ignored Files\\\"},\\\"showSearchDetails\\\":false,\\\"searchInWorkspaceOptions\\\":{\\\"matchCase\\\":false,\\\"matchWholeWord\\\":false,\\\"useRegExp\\\":false,\\\"multiline\\\":false,\\\"includeIgnored\\\":false,\\\"include\\\":[],\\\"exclude\\\":[],\\\"maxResults\\\":2000},\\\"searchTerm\\\":\\\"\\\",\\\"replaceTerm\\\":\\\"\\\",\\\"showReplaceField\\\":false,\\\"searchHistoryState\\\":{\\\"history\\\":[],\\\"index\\\":0},\\\"replaceHistoryState\\\":{\\\"history\\\":[],\\\"index\\\":0},\\\"includeHistoryState\\\":{\\\"history\\\":[],\\\"index\\\":0},\\\"excludeHistoryState\\\":{\\\"history\\\":[],\\\"index\\\":0}}\"}}],\"title\":{\"label\":\"Search\",\"iconClass\":\"fa fa-arduino-search\",\"closeable\":true}}"},"rank":5,"expanded":false,"pinned":false}],"size":268},"rightPanel":{"type":"sidepanel","items":[]},"activeWidgetId":"code-editor-opener:file:///home/shrek/Arduino/AndroidCnct/test1/test1.ino:0"}
2026-02-21 20:39:12 2026-02-21T20:39:12.592Z root INFO ------- END SERIALIZED LAYOUT DATA -------
2026-02-21 20:39:12 2026-02-21T20:39:12.748Z root INFO <<< The layout has been successfully restored.
2026-02-21 20:39:12 2026-02-21T20:39:12.790Z root INFO Initialize the workbench layout: 797.3 ms [Finished 1.879 s after frontend start]
2026-02-21 20:39:12 2026-02-21T20:39:12.790Z root INFO Changed application state from 'attached_shell' to 'initialized_layout'.
2026-02-21 20:39:12 2026-02-21T20:39:12.791Z root INFO [141e235c-1951-450b-a2d7-dbf40e37db07] Loading plugin contributions
2026-02-21 20:39:12 2026-02-21T20:39:12.791Z root INFO [141e235c-1951-450b-a2d7-dbf40e37db07] Load contributions of 23 plugins: 39.7 ms [Finished 1.920 s after frontend start]
2026-02-21 20:39:12 2026-02-21T20:39:12.842Z root WARN 'cpp' language is remapped from 'source.cpp.embedded.macro' to 'source.cpp' scope
2026-02-21 20:39:12 2026-02-21T20:39:12.842Z root WARN a registered grammar configuration for 'cpp' language is overridden
2026-02-21 20:39:12 2026-02-21T20:39:12.913Z root ERROR [hosted-plugin: 1741] Conflict in settings file Default: Ignoring cortex-debug.armToolchainPath.linux as cortex-debug.armToolchainPath is null
2026-02-21 20:39:12 2026-02-21T20:39:12.913Z root ERROR [hosted-plugin: 1741] Conflict in settings file Default: Ignoring cortex-debug.armToolchainPath.osx as cortex-debug.armToolchainPath is null
Conflict in settings file Default: Ignoring cortex-debug.armToolchainPath.windows as cortex-debug.armToolchainPath is null
2026-02-21 20:39:12 2026-02-21T20:39:12.913Z root ERROR [hosted-plugin: 1741] Conflict in settings file Default: Ignoring cortex-debug.JLinkGDBServerPath.linux as cortex-debug.JLinkGDBServerPath is null
2026-02-21 20:39:12 2026-02-21T20:39:12.913Z root ERROR [hosted-plugin: 1741] Conflict in settings file Default: Ignoring cortex-debug.JLinkGDBServerPath.osx as cortex-debug.JLinkGDBServerPath is null
2026-02-21 20:39:12 2026-02-21T20:39:12.913Z root ERROR [hosted-plugin: 1741] Conflict in settings file Default: Ignoring cortex-debug.JLinkGDBServerPath.windows as cortex-debug.JLinkGDBServerPath is null
2026-02-21 20:39:12 2026-02-21T20:39:12.913Z root ERROR [hosted-plugin: 1741] Conflict in settings file Default: Ignoring cortex-debug.openocdPath.linux as cortex-debug.openocdPath is null
2026-02-21 20:39:12 2026-02-21T20:39:12.913Z root ERROR [hosted-plugin: 1741] Conflict in settings file Default: Ignoring cortex-debug.openocdPath.osx as cortex-debug.openocdPath is null
2026-02-21 20:39:12 2026-02-21T20:39:12.913Z root ERROR [hosted-plugin: 1741] Conflict in settings file Default: Ignoring cortex-debug.openocdPath.windows as cortex-debug.openocdPath is null
2026-02-21 20:39:12 2026-02-21T20:39:12.913Z root ERROR [hosted-plugin: 1741] Conflict in settings file Default: Ignoring cortex-debug.pyocdPath.linux as cortex-debug.pyocdPath is null
2026-02-21 20:39:12 2026-02-21T20:39:12.913Z root ERROR [hosted-plugin: 1741] Conflict in settings file Default: Ignoring cortex-debug.pyocdPath.osx as cortex-debug.pyocdPath is null
Conflict in settings file Default: Ignoring cortex-debug.pyocdPath.windows as cortex-debug.pyocdPath is null
2026-02-21 20:39:12 2026-02-21T20:39:12.913Z root ERROR [hosted-plugin: 1741] Conflict in settings file Default: Ignoring cortex-debug.PEGDBServerPath.linux as cortex-debug.PEGDBServerPath is null
2026-02-21 20:39:12 2026-02-21T20:39:12.913Z root ERROR [hosted-plugin: 1741] Conflict in settings file Default: Ignoring cortex-debug.PEGDBServerPath.osx as cortex-debug.PEGDBServerPath is null
Conflict in settings file Default: Ignoring cortex-debug.PEGDBServerPath.windows as cortex-debug.PEGDBServerPath is null
2026-02-21 20:39:12 2026-02-21T20:39:12.913Z root ERROR [hosted-plugin: 1741] Conflict in settings file Default: Ignoring cortex-debug.stutilPath.linux as cortex-debug.stutilPath is null
2026-02-21 20:39:12 2026-02-21T20:39:12.913Z root ERROR [hosted-plugin: 1741] Conflict in settings file Default: Ignoring cortex-debug.stutilPath.osx as cortex-debug.stutilPath is null
Conflict in settings file Default: Ignoring cortex-debug.stutilPath.windows as cortex-debug.stutilPath is null
2026-02-21 20:39:12 2026-02-21T20:39:12.913Z root ERROR [hosted-plugin: 1741] Conflict in settings file Default: Ignoring cortex-debug.stlinkPath.linux as cortex-debug.stlinkPath is null
2026-02-21 20:39:12 2026-02-21T20:39:12.913Z root ERROR [hosted-plugin: 1741] Conflict in settings file Default: Ignoring cortex-debug.stlinkPath.osx as cortex-debug.stlinkPath is null
Conflict in settings file Default: Ignoring cortex-debug.stlinkPath.windows as cortex-debug.stlinkPath is null
2026-02-21 20:39:12 2026-02-21T20:39:12.913Z root ERROR [hosted-plugin: 1741] Conflict in settings file Default: Ignoring cortex-debug.stm32cubeprogrammer.linux as cortex-debug.stm32cubeprogrammer is null
2026-02-21 20:39:12 2026-02-21T20:39:12.913Z root ERROR [hosted-plugin: 1741] Conflict in settings file Default: Ignoring cortex-debug.stm32cubeprogrammer.osx as cortex-debug.stm32cubeprogrammer is null
Conflict in settings file Default: Ignoring cortex-debug.stm32cubeprogrammer.windows as cortex-debug.stm32cubeprogrammer is null
2026-02-21 20:39:12 2026-02-21T20:39:12.918Z root INFO [hosted-plugin: 1741] PLUGIN_HOST(1741): PluginManagerExtImpl/init()
2026-02-21 20:39:12 2026-02-21T20:39:12.919Z root INFO [hosted-plugin: 1741] PLUGIN_HOST(1741): initializing(vscode-arduino-api@0.1.2 with /opt/arduino-ide/resources/app/lib/backend/plugin-vscode-init)
2026-02-21 20:39:12 2026-02-21T20:39:12.963Z root INFO [hosted-plugin: 1741] PLUGIN_HOST(1741): initializing(json-language-features@1.88.1 with /opt/arduino-ide/resources/app/lib/backend/plugin-vscode-init)
2026-02-21 20:39:12 2026-02-21T20:39:12.965Z root INFO [hosted-plugin: 1741] PLUGIN_HOST(1741): initializing(cortex-debug@1.5.1 with /opt/arduino-ide/resources/app/lib/backend/plugin-vscode-init)
2026-02-21 20:39:12 2026-02-21T20:39:12.967Z root INFO [hosted-plugin: 1741] Debugger contribution has been registered: cortex-debug
2026-02-21 20:39:12 2026-02-21T20:39:12.967Z root INFO [hosted-plugin: 1741] PLUGIN_HOST(1741): initializing(vscode-arduino-tools@0.1.3 with /opt/arduino-ide/resources/app/lib/backend/plugin-vscode-init)
2026-02-21 20:39:12 2026-02-21T20:39:12.968Z root INFO [hosted-plugin: 1741] PLUGIN_HOST(1741): initializing(cpp@1.88.1 with /opt/arduino-ide/resources/app/lib/backend/plugin-vscode-init)
2026-02-21 20:39:12 2026-02-21T20:39:12.969Z root INFO [hosted-plugin: 1741] PLUGIN_HOST(1741): initializing(json@1.88.1 with /opt/arduino-ide/resources/app/lib/backend/plugin-vscode-init)
2026-02-21 20:39:12 2026-02-21T20:39:12.971Z root INFO [hosted-plugin: 1741] PLUGIN_HOST(1741): initializing(vscode-language-pack-bg@1.48.3 with /opt/arduino-ide/resources/app/lib/backend/plugin-vscode-init)
2026-02-21 20:39:12 2026-02-21T20:39:12.972Z root INFO [hosted-plugin: 1741] PLUGIN_HOST(1741): initializing(vscode-language-pack-cs@1.96.0 with /opt/arduino-ide/resources/app/lib/backend/plugin-vscode-init)
2026-02-21 20:39:12 2026-02-21T20:39:12.972Z root INFO [hosted-plugin: 1741] PLUGIN_HOST(1741): initializing(vscode-language-pack-de@1.96.0 with /opt/arduino-ide/resources/app/lib/backend/plugin-vscode-init)
2026-02-21 20:39:12 2026-02-21T20:39:12.972Z root INFO [hosted-plugin: 1741] PLUGIN_HOST(1741): initializing(vscode-language-pack-es@1.96.0 with /opt/arduino-ide/resources/app/lib/backend/plugin-vscode-init)
2026-02-21 20:39:12 2026-02-21T20:39:12.973Z root INFO [hosted-plugin: 1741] PLUGIN_HOST(1741): initializing(vscode-language-pack-fr@1.96.0 with /opt/arduino-ide/resources/app/lib/backend/plugin-vscode-init)
2026-02-21 20:39:12 2026-02-21T20:39:12.973Z root INFO [hosted-plugin: 1741] PLUGIN_HOST(1741): initializing(vscode-language-pack-hu@1.48.3 with /opt/arduino-ide/resources/app/lib/backend/plugin-vscode-init)
2026-02-21 20:39:12 2026-02-21T20:39:12.974Z root INFO [hosted-plugin: 1741] PLUGIN_HOST(1741): initializing(vscode-language-pack-it@1.96.0 with /opt/arduino-ide/resources/app/lib/backend/plugin-vscode-init)
2026-02-21 20:39:12 2026-02-21T20:39:12.974Z root INFO [hosted-plugin: 1741] PLUGIN_HOST(1741): initializing(vscode-language-pack-ja@1.96.0 with /opt/arduino-ide/resources/app/lib/backend/plugin-vscode-init)
2026-02-21 20:39:12 2026-02-21T20:39:12.974Z root INFO [hosted-plugin: 1741] PLUGIN_HOST(1741): initializing(vscode-language-pack-ko@1.96.0 with /opt/arduino-ide/resources/app/lib/backend/plugin-vscode-init)
2026-02-21 20:39:12 2026-02-21T20:39:12.974Z root INFO [hosted-plugin: 1741] PLUGIN_HOST(1741): initializing(vscode-language-pack-nl@1.48.3 with /opt/arduino-ide/resources/app/lib/backend/plugin-vscode-init)
2026-02-21 20:39:12 2026-02-21T20:39:12.974Z root INFO [hosted-plugin: 1741] PLUGIN_HOST(1741): initializing(vscode-language-pack-pl@1.96.0 with /opt/arduino-ide/resources/app/lib/backend/plugin-vscode-init)
2026-02-21 20:39:12 2026-02-21T20:39:12.974Z root INFO [hosted-plugin: 1741] PLUGIN_HOST(1741): initializing(vscode-language-pack-pt-BR@1.96.0 with /opt/arduino-ide/resources/app/lib/backend/plugin-vscode-init)
2026-02-21 20:39:12 2026-02-21T20:39:12.974Z root INFO [hosted-plugin: 1741] PLUGIN_HOST(1741): initializing(vscode-language-pack-ru@1.96.0 with /opt/arduino-ide/resources/app/lib/backend/plugin-vscode-init)
2026-02-21 20:39:12 2026-02-21T20:39:12.975Z root INFO [hosted-plugin: 1741] PLUGIN_HOST(1741): initializing(vscode-language-pack-tr@1.96.0 with /opt/arduino-ide/resources/app/lib/backend/plugin-vscode-init)
2026-02-21 20:39:12 2026-02-21T20:39:12.975Z root INFO [hosted-plugin: 1741] PLUGIN_HOST(1741): initializing(vscode-language-pack-uk@1.48.3 with /opt/arduino-ide/resources/app/lib/backend/plugin-vscode-init)
2026-02-21 20:39:12 2026-02-21T20:39:12.975Z root INFO [hosted-plugin: 1741] PLUGIN_HOST(1741): initializing(vscode-language-pack-zh-hans@1.96.0 with /opt/arduino-ide/resources/app/lib/backend/plugin-vscode-init)
2026-02-21 20:39:12 2026-02-21T20:39:12.975Z root INFO [hosted-plugin: 1741] PLUGIN_HOST(1741): initializing(vscode-language-pack-zh-hant@1.96.0 with /opt/arduino-ide/resources/app/lib/backend/plugin-vscode-init)
2026-02-21 20:39:12 2026-02-21T20:39:12.981Z root INFO [hosted-plugin: 1741] PLUGIN_HOST(1741): PluginManagerExtImpl/loadPlugin(/opt/arduino-ide/resources/app/plugins/vscode-builtin-json-language-features/extension/client/dist/node/jsonClientMain)
2026-02-21 20:39:13 2026-02-21T20:39:13.015Z root INFO [hosted-plugin: 1741] PLUGIN_HOST(1741): PluginManagerExtImpl/loadPlugin(/opt/arduino-ide/resources/app/plugins/vscode-arduino-tools/extension/dist/extension.js)
2026-02-21 20:39:13 2026-02-21T20:39:13.031Z root INFO [hosted-plugin: 1741] PLUGIN_HOST(1741): PluginManagerExtImpl/loadPlugin(/opt/arduino-ide/resources/app/plugins/vscode-arduino-api/extension/dist/extension.js)
2026-02-21 20:39:13 2026-02-21T20:39:13.034Z root INFO [hosted-plugin: 1741] calling activation function on VS Code Arduino Tools
2026-02-21 20:39:13 2026-02-21T20:39:13.034Z root INFO [hosted-plugin: 1741] calling activation function on Arduino IDE API for VS Code extensions
2026-02-21 20:39:13 2026-02-21T20:39:13.060Z root INFO [141e235c-1951-450b-a2d7-dbf40e37db07] Starting plugins.
2026-02-21 20:39:13 2026-02-21T20:39:13.076Z root INFO [hosted-plugin: 1741] PLUGIN_HOST(1741): PluginManagerExtImpl/loadPlugin(/opt/arduino-ide/resources/app/plugins/cortex-debug/extension/dist/extension.js)
2026-02-21 20:39:13 2026-02-21T20:39:13.100Z root INFO [hosted-plugin: 1741] Debug configuration provider has been registered: cortex-debug, trigger: 1
2026-02-21 20:39:13 2026-02-21T20:39:13.100Z root INFO [hosted-plugin: 1741] calling activation function on Cortex-Debug
2026-02-21 20:39:13 2026-02-21T20:39:13.101Z root INFO [hosted-plugin: 1741] GDB server console created
2026-02-21 20:39:13 2026-02-21T20:39:13.105Z root INFO [141e235c-1951-450b-a2d7-dbf40e37db07] Start of 23 plugins: 313.5 ms [Finished 2.236 s after frontend start]
2026-02-21 20:39:13 2026-02-21T20:39:13.178Z root INFO [hosted-plugin: 1741] calling activation function on JSON Language Features (built-in)
2026-02-21 20:39:13 2026-02-21T20:39:13.460Z root ERROR ---- !!!SLOW!!! DURATION: search took 212.548 ms. Args: [{"query":"","type":"All","topic":"All"}] ----
2026-02-21 20:39:13 2026-02-21T20:39:13.717Z root INFO Frontend application start: 1864.6 ms [Finished 3.231 s after backend start]
2026-02-21 20:39:13 Checking for update
2026-02-21 20:39:13 2026-02-21T20:39:13.735Z root INFO Replace loading indicator with ready workbench UI (animation): 826.7 ms [Finished 2.748 s after frontend start]
2026-02-21 20:39:13 2026-02-21T20:39:13.735Z root INFO Changed application state from 'initialized_layout' to 'ready'.
2026-02-21 20:39:13 2026-02-21T20:39:13.735Z root WARN Linked preference "workbench.colorCustomizations" not found.
2026-02-21 20:39:13 2026-02-21T20:39:13.747Z sketches-service WARN Mismatching sketch file <led.ino> and sketch folder name <practice>. Skipping
2026-02-21 20:39:13 2026-02-21T20:39:13.786Z daemon INFO time="2026-02-21T20:39:13Z" level=info msg="Starting download" url="https://downloads.arduino.cc/libraries/library_index.tar.bz2"
time="2026-02-21T20:39:13Z" level=info msg="Updating index" url="https://downloads.arduino.cc/packages/package_index.tar.bz2"
time="2026-02-21T20:39:13Z" level=info msg="Starting download" url="https://downloads.arduino.cc/packages/package_index.tar.bz2"
2026-02-21 20:39:13 2026-02-21T20:39:13.788Z root INFO core-client-provider [library-index] Downloading index: library_index.tar.bz2

2026-02-21 20:39:13 2026-02-21T20:39:13.788Z root INFO core-client-provider [platform-index] Downloading index: package_index.tar.bz2

2026-02-21 20:39:13 2026-02-21T20:39:13.788Z sketches-service WARN Mismatching sketch file <led.ino> and sketch folder name <practice>. Skipping
2026-02-21 20:39:13 2026-02-21T20:39:13.788Z sketches-service WARN Mismatching sketch file <led.ino> and sketch folder name <practice>. Skipping
2026-02-21 20:39:13 2026-02-21T20:39:13.982Z root INFO Starting language server: esp8266:esp8266:generic:led=2,baud=115200,xtal=80,CrystalFreq=26,eesz=1M64,FlashMode=dout,FlashFreq=40,ResetMethod=nodemcu,dbg=Disabled,lvl=None____,ip=lm2f,vt=flash,exception=disabled,stacksmash=disabled,wipe=none,sdk=nonosdk_190703,ssl=all,mmu=3232,non32xfer=fast
2026-02-21 20:39:13 2026-02-21T20:39:13.983Z daemon INFO time="2026-02-21T20:39:13Z" level=info msg="Updating index" url="http://arduino.esp8266.com/stable/package_esp8266com_index.json"
time="2026-02-21T20:39:13Z" level=info msg="Starting download" url="http://arduino.esp8266.com/stable/package_esp8266com_index.json"
2026-02-21 20:39:13 2026-02-21T20:39:13.984Z root INFO core-client-provider [platform-index] Downloading index: package_esp8266com_index.json

2026-02-21 20:39:13 2026-02-21T20:39:13.985Z daemon INFO time="2026-02-21T20:39:13Z" level=info msg="Tool required for debug" tool="esp8266:mklittlefs@3.1.0-gcc10.3-e5f9fec"
time="2026-02-21T20:39:13Z" level=info msg="Tool required for debug" tool="esp8266:mkspiffs@3.1.0-gcc10.3-e5f9fec"
time="2026-02-21T20:39:13Z" level=info msg="Tool required for debug" tool="esp8266:python3@3.7.2-post1"
time="2026-02-21T20:39:13Z" level=info msg="Tool required for debug" tool="esp8266:xtensa-lx106-elf-gcc@3.1.0-gcc10.3-e5f9fec"
time="2026-02-21T20:39:13Z" level=info msg="Tool required for debug" tool="esp32:esp32c3-libs@3.3.7"
time="2026-02-21T20:39:13Z" level=info msg="Tool required for debug" tool="esp32:esp32s3-libs@3.3.7"
time="2026-02-21T20:39:13Z" level=info msg="Tool required for debug" tool="esp32:esp32p4_es-libs@3.3.7"
time="2026-02-21T20:39:13Z" level=info msg="Tool required for debug" tool="builtin:serial-monitor@0.15.0"
time="2026-02-21T20:39:13Z" level=info msg="Tool required for debug" tool="esp32:esp32c6-libs@3.3.7"
time="2026-02-21T20:39:13Z" level=info msg="Tool required for debug" tool="esp32:esp-rv32@2511"
time="2026-02-21T20:39:13Z" level=info msg="Tool required for debug" tool="esp32:esp32c5-libs@3.3.7"
time="2026-02-21T20:39:13Z" level=info msg="Tool required for debug" tool="esp32:esptool_py@5.1.0"
time="2026-02-21T20:39:13Z" level=info msg="Tool required for debug" tool="esp32:openocd-esp32@v0.12.0-esp32-20251215"
time="2026-02-21T20:39:13Z" level=info msg="Tool required for debug" tool="esp32:esp32s2-libs@3.3.7"
time="2026-02-21T20:39:13Z" level=info msg="Tool required for debug" tool="arduino:dfu-util@0.11.0-arduino5"
time="2026-02-21T20:39:13Z" level=info msg="Tool required for debug" tool="builtin:ctags@5.8-arduino11"
time="2026-02-21T20:39:13Z" level=info msg="Tool required for debug" tool="esp32:esp32h2-libs@3.3.7"
time="2026-02-21T20:39:13Z" level=info msg="Tool required for debug" tool="arduino:arduinoOTA@1.3.0"
time="2026-02-21T20:39:13Z" level=info msg="Tool required for debug" tool="builtin:dfu-discovery@0.1.2"
time="2026-02-21T20:39:13Z" level=info msg="Tool required for debug" tool="builtin:mdns-discovery@1.0.12"
time="2026-02-21T20:39:13Z" level=info msg="Tool required for debug" tool="builtin:serial-discovery@1.4.3"
time="2026-02-21T20:39:13Z" level=info msg="Tool required for debug" tool="esp32:esp-x32@2511"
time="2026-02-21T20:39:13Z" level=info msg="Tool required for debug" tool="esp32:esp32p4-libs@3.3.7"
time="2026-02-21T20:39:13Z" level=info msg="Tool required for debug" tool="esp32:riscv32-esp-elf-gdb@16.3_20250913"
time="2026-02-21T20:39:13Z" level=info msg="Tool required for debug" tool="arduino:avr-gcc@7.3.0-atmel3.6.1-arduino7"
time="2026-02-21T20:39:13Z" level=info msg="Tool required for debug" tool="arduino:avrdude@8.0.0-arduino1"
time="2026-02-21T20:39:13Z" level=info msg="Tool required for debug" tool="esp32:esp32-libs@3.3.7"
time="2026-02-21T20:39:13Z" level=info msg="Tool required for debug" tool="esp32:xtensa-esp-elf-gdb@16.3_20250913"
2026-02-21 20:39:13 2026-02-21T20:39:13.986Z root ERROR Failed to get debug config: esp8266:esp8266:generic:led=2,baud=115200,xtal=80,CrystalFreq=26,eesz=1M64,FlashMode=dout,FlashFreq=40,ResetMethod=nodemcu,dbg=Disabled,lvl=None____,ip=lm2f,vt=flash,exception=disabled,stacksmash=disabled,wipe=none,sdk=nonosdk_190703,ssl=all,mmu=3232,non32xfer=fast, undefined Error: Debugging is not supported.
    at Object.callback (/opt/arduino-ide/resources/app/lib/backend/main.js:2:4742300)
    at Object.onReceiveStatus (/opt/arduino-ide/resources/app/lib/backend/main.js:2:3778020)
    at Object.onReceiveStatus (/opt/arduino-ide/resources/app/lib/backend/main.js:2:2211941)
    at Object.onReceiveStatus (/opt/arduino-ide/resources/app/lib/backend/main.js:2:2211386)
    at /opt/arduino-ide/resources/app/lib/backend/main.js:2:4348117
    at process.processTicksAndRejections (node:internal/process/task_queues:77:11)
2026-02-21 20:39:14 2026-02-21T20:39:14.213Z root ERROR ---- !!!SLOW!!! DURATION: search took 478.740 ms. Args: [{"type":"Updatable"}] ----
2026-02-21 20:39:14 2026-02-21T20:39:14.214Z daemon INFO time="2026-02-21T20:39:14Z" level=info msg="Adding libraries dir" dir=/home/shrek/.arduino15/libraries isSingleLibrary=false location=ide
time="2026-02-21T20:39:14Z" level=info msg="Adding libraries dir" dir=/home/shrek/.arduino15/packages/esp8266/hardware/esp8266/3.1.2/libraries isSingleLibrary=false location=platform
time="2026-02-21T20:39:14Z" level=info msg="Adding libraries dir" dir=/home/shrek/Arduino/libraries isSingleLibrary=false location=user
2026-02-21 20:39:14 Update for version 2.3.7 is not available (latest version: 2.3.7, downgrade is allowed).
2026-02-21 20:39:14 2026-02-21T20:39:14.425Z daemon INFO time="2026-02-21T20:39:14Z" level=info msg="Resolving include Adafruit_SSD1306.h for arch esp8266"
time="2026-02-21T20:39:14Z" level=info msg="  found better lib" lib="Adafruit SSD1306" prio=6A7
2026-02-21 20:39:14 2026-02-21T20:39:14.508Z daemon INFO time="2026-02-21T20:39:14Z" level=info msg="Resolving include Adafruit_GFX.h for arch esp8266"
time="2026-02-21T20:39:14Z" level=info msg="  found better lib" lib="Adafruit GFX Library" prio=517
2026-02-21 20:39:14 2026-02-21T20:39:14.592Z daemon INFO time="2026-02-21T20:39:14Z" level=info msg="Resolving include Adafruit_I2CDevice.h for arch esp8266"
time="2026-02-21T20:39:14Z" level=info msg="  found better lib" lib="Adafruit BusIO" prio=3EB
2026-02-21 20:39:14 2026-02-21T20:39:14.675Z daemon INFO time="2026-02-21T20:39:14Z" level=info msg="Resolving include Wire.h for arch esp8266"
time="2026-02-21T20:39:14Z" level=info msg="  found better lib" lib=Wire prio=6B0
2026-02-21 20:39:14 2026-02-21T20:39:14.763Z daemon INFO time="2026-02-21T20:39:14Z" level=info msg="Resolving include SPI.h for arch esp8266"
time="2026-02-21T20:39:14Z" level=info msg="  found better lib" lib=SPI prio=6B0
2026-02-21 20:39:15 2026-02-21T20:39:15.038Z daemon INFO time="2026-02-21T20:39:15Z" level=info msg="Checking signature" index=/home/shrek/.arduino15/package_index.json signatureFile=/home/shrek/.arduino15/package_index.json.sig trusted=true
2026-02-21 20:39:15 2026-02-21T20:39:15.039Z daemon INFO time="2026-02-21T20:39:15Z" level=info msg="Missing signature file" index=/home/shrek/.arduino15/package_esp8266com_index.json
2026-02-21 20:39:15 2026-02-21T20:39:15.039Z daemon INFO time="2026-02-21T20:39:15Z" level=info msg="Loading hardware from: /home/shrek/.arduino15/packages"
2026-02-21 20:39:15 2026-02-21T20:39:15.040Z daemon INFO time="2026-02-21T20:39:15Z" level=info msg="Loading package arduino from: /home/shrek/.arduino15/packages/arduino/hardware"
2026-02-21 20:39:15 2026-02-21T20:39:15.040Z daemon INFO time="2026-02-21T20:39:15Z" level=info msg="Missing signature file" index=/home/shrek/.arduino15/packages/arduino/hardware/avr/1.8.7/installed.json
2026-02-21 20:39:15 2026-02-21T20:39:15.041Z daemon INFO time="2026-02-21T20:39:15Z" level=info msg="Adding monitor tool" protocol=serial tool="builtin:serial-monitor"
time="2026-02-21T20:39:15Z" level=info msg="Loaded platform" platform="arduino:avr@1.8.7"
2026-02-21 20:39:15 2026-02-21T20:39:15.041Z daemon INFO time="2026-02-21T20:39:15Z" level=info msg="Checking existence of 'tools' path: /home/shrek/.arduino15/packages/arduino/tools"
time="2026-02-21T20:39:15Z" level=info msg="Loading tools from dir: /home/shrek/.arduino15/packages/arduino/tools"
2026-02-21 20:39:15 2026-02-21T20:39:15.041Z daemon INFO time="2026-02-21T20:39:15Z" level=info msg="Loaded tool" tool="arduino:arduinoOTA@1.3.0"
2026-02-21 20:39:15 2026-02-21T20:39:15.041Z daemon INFO time="2026-02-21T20:39:15Z" level=info msg="Loaded tool" tool="arduino:avr-gcc@7.3.0-atmel3.6.1-arduino7"
2026-02-21 20:39:15 2026-02-21T20:39:15.041Z daemon INFO time="2026-02-21T20:39:15Z" level=info msg="Loaded tool" tool="arduino:avrdude@8.0.0-arduino1"
2026-02-21 20:39:15 2026-02-21T20:39:15.041Z daemon INFO time="2026-02-21T20:39:15Z" level=info msg="Loaded tool" tool="arduino:dfu-util@0.11.0-arduino5"
2026-02-21 20:39:15 2026-02-21T20:39:15.041Z daemon INFO time="2026-02-21T20:39:15Z" level=info msg="Loading package builtin from: /home/shrek/.arduino15/packages/builtin"
2026-02-21 20:39:15 2026-02-21T20:39:15.041Z daemon INFO time="2026-02-21T20:39:15Z" level=info msg="Checking existence of 'tools' path: /home/shrek/.arduino15/packages/builtin/tools"
2026-02-21 20:39:15 2026-02-21T20:39:15.041Z daemon INFO time="2026-02-21T20:39:15Z" level=info msg="Loading tools from dir: /home/shrek/.arduino15/packages/builtin/tools"
2026-02-21 20:39:15 2026-02-21T20:39:15.041Z daemon INFO time="2026-02-21T20:39:15Z" level=info msg="Loaded tool" tool="builtin:ctags@5.8-arduino11"
2026-02-21 20:39:15 2026-02-21T20:39:15.041Z daemon INFO time="2026-02-21T20:39:15Z" level=info msg="Loaded tool" tool="builtin:dfu-discovery@0.1.2"
2026-02-21 20:39:15 2026-02-21T20:39:15.041Z daemon INFO time="2026-02-21T20:39:15Z" level=info msg="Loaded tool" tool="builtin:mdns-discovery@1.0.12"
2026-02-21 20:39:15 2026-02-21T20:39:15.041Z daemon INFO time="2026-02-21T20:39:15Z" level=info msg="Loaded tool" tool="builtin:serial-discovery@1.4.3"
2026-02-21 20:39:15 2026-02-21T20:39:15.041Z daemon INFO time="2026-02-21T20:39:15Z" level=info msg="Loaded tool" tool="builtin:serial-monitor@0.15.0"
2026-02-21 20:39:15 2026-02-21T20:39:15.041Z daemon INFO time="2026-02-21T20:39:15Z" level=info msg="Loading package esp32 from: /home/shrek/.arduino15/packages/esp32/hardware"
2026-02-21 20:39:15 2026-02-21T20:39:15.042Z daemon INFO time="2026-02-21T20:39:15Z" level=info msg="Missing signature file" index=/home/shrek/.arduino15/packages/esp32/hardware/esp32/3.3.7/installed.json
2026-02-21 20:39:15 2026-02-21T20:39:15.113Z daemon INFO time="2026-02-21T20:39:15Z" level=info msg="Adding monitor tool" protocol=serial tool="builtin:serial-monitor"
time="2026-02-21T20:39:15Z" level=info msg="Loaded platform" platform="esp32:esp32@3.3.7"
time="2026-02-21T20:39:15Z" level=info msg="Checking existence of 'tools' path: /home/shrek/.arduino15/packages/esp32/tools"
time="2026-02-21T20:39:15Z" level=info msg="Loading tools from dir: /home/shrek/.arduino15/packages/esp32/tools"
2026-02-21 20:39:15 2026-02-21T20:39:15.113Z daemon INFO time="2026-02-21T20:39:15Z" level=info msg="Loaded tool" tool="esp32:esp-rv32@2511"
time="2026-02-21T20:39:15Z" level=info msg="Loaded tool" tool="esp32:esp-x32@2511"
2026-02-21 20:39:15 2026-02-21T20:39:15.113Z daemon INFO time="2026-02-21T20:39:15Z" level=info msg="Loaded tool" tool="esp32:esp32-libs@3.3.7"
time="2026-02-21T20:39:15Z" level=info msg="Loaded tool" tool="esp32:esp32c3-libs@3.3.7"
2026-02-21 20:39:15 2026-02-21T20:39:15.113Z daemon INFO time="2026-02-21T20:39:15Z" level=info msg="Loaded tool" tool="esp32:esp32c5-libs@3.3.7"
2026-02-21 20:39:15 2026-02-21T20:39:15.113Z daemon INFO time="2026-02-21T20:39:15Z" level=info msg="Loaded tool" tool="esp32:esp32c6-libs@3.3.7"
2026-02-21 20:39:15 2026-02-21T20:39:15.113Z daemon INFO time="2026-02-21T20:39:15Z" level=info msg="Loaded tool" tool="esp32:esp32h2-libs@3.3.7"
2026-02-21 20:39:15 2026-02-21T20:39:15.113Z daemon INFO time="2026-02-21T20:39:15Z" level=info msg="Loaded tool" tool="esp32:esp32p4-libs@3.3.7"
2026-02-21 20:39:15 2026-02-21T20:39:15.113Z daemon INFO time="2026-02-21T20:39:15Z" level=info msg="Loaded tool" tool="esp32:esp32p4_es-libs@3.3.7"
2026-02-21 20:39:15 2026-02-21T20:39:15.113Z daemon INFO time="2026-02-21T20:39:15Z" level=info msg="Loaded tool" tool="esp32:esp32s2-libs@3.3.7"
2026-02-21 20:39:15 2026-02-21T20:39:15.113Z daemon INFO time="2026-02-21T20:39:15Z" level=info msg="Loaded tool" tool="esp32:esp32s3-libs@3.3.7"
2026-02-21 20:39:15 2026-02-21T20:39:15.113Z daemon INFO time="2026-02-21T20:39:15Z" level=info msg="Loaded tool" tool="esp32:esptool_py@5.1.0"
2026-02-21 20:39:15 2026-02-21T20:39:15.113Z daemon INFO time="2026-02-21T20:39:15Z" level=info msg="Loaded tool" tool="esp32:mklittlefs@4.0.2-db0513a"
2026-02-21 20:39:15 2026-02-21T20:39:15.113Z daemon INFO time="2026-02-21T20:39:15Z" level=info msg="Loaded tool" tool="esp32:mkspiffs@0.2.3"
2026-02-21 20:39:15 2026-02-21T20:39:15.113Z daemon INFO time="2026-02-21T20:39:15Z" level=info msg="Loaded tool" tool="esp32:openocd-esp32@v0.12.0-esp32-20251215"
2026-02-21 20:39:15 2026-02-21T20:39:15.113Z daemon INFO time="2026-02-21T20:39:15Z" level=info msg="Loaded tool" tool="esp32:riscv32-esp-elf-gdb@16.3_20250913"
2026-02-21 20:39:15 2026-02-21T20:39:15.113Z daemon INFO time="2026-02-21T20:39:15Z" level=info msg="Loaded tool" tool="esp32:xtensa-esp-elf-gdb@16.3_20250913"
2026-02-21 20:39:15 2026-02-21T20:39:15.113Z daemon INFO time="2026-02-21T20:39:15Z" level=info msg="Loading package esp8266 from: /home/shrek/.arduino15/packages/esp8266/hardware"
2026-02-21 20:39:15 2026-02-21T20:39:15.113Z daemon INFO time="2026-02-21T20:39:15Z" level=info msg="Missing signature file" index=/home/shrek/.arduino15/packages/esp8266/hardware/esp8266/3.1.2/installed.json
2026-02-21 20:39:15 2026-02-21T20:39:15.120Z daemon INFO time="2026-02-21T20:39:15Z" level=info msg="Adding monitor tool" protocol=serial tool="builtin:serial-monitor"
time="2026-02-21T20:39:15Z" level=info msg="Loaded platform" platform="esp8266:esp8266@3.1.2"
2026-02-21 20:39:15 2026-02-21T20:39:15.120Z daemon INFO time="2026-02-21T20:39:15Z" level=info msg="Checking existence of 'tools' path: /home/shrek/.arduino15/packages/esp8266/tools"
time="2026-02-21T20:39:15Z" level=info msg="Loading tools from dir: /home/shrek/.arduino15/packages/esp8266/tools"
2026-02-21 20:39:15 2026-02-21T20:39:15.120Z daemon INFO time="2026-02-21T20:39:15Z" level=info msg="Loaded tool" tool="esp8266:mklittlefs@3.1.0-gcc10.3-e5f9fec"
2026-02-21 20:39:15 2026-02-21T20:39:15.120Z daemon INFO time="2026-02-21T20:39:15Z" level=info msg="Loaded tool" tool="esp8266:mkspiffs@3.1.0-gcc10.3-e5f9fec"
time="2026-02-21T20:39:15Z" level=info msg="Loaded tool" tool="esp8266:python3@3.7.2-post1"
2026-02-21 20:39:15 2026-02-21T20:39:15.120Z daemon INFO time="2026-02-21T20:39:15Z" level=info msg="Loaded tool" tool="esp8266:xtensa-lx106-elf-gcc@3.1.0-gcc10.3-e5f9fec"
2026-02-21 20:39:15 2026-02-21T20:39:15.122Z daemon INFO time="2026-02-21T20:39:15Z" level=info msg="Discovery event channel closed builtin:serial-discovery. Exiting goroutine."
2026-02-21 20:39:15 2026-02-21T20:39:15.123Z discovery-log INFO {"eventType":"remove","port":{"matchingBoardsList":[],"port":{"address":"/dev/ttyS0","label":"/dev/ttyS0","protocol":"serial","protocolLabel":"Serial Port","propertiesMap":[],"hardwareId":""}},"error":""}
2026-02-21 20:39:15 2026-02-21T20:39:15.123Z daemon INFO time="2026-02-21T20:39:15Z" level=info msg="Closed and removed discovery builtin:serial-discovery"
time="2026-02-21T20:39:15Z" level=error msg="Stopped decode loop: EOF" discovery="builtin:serial-discovery"
time="2026-02-21T20:39:15Z" level=info msg="Discovery event channel closed builtin:mdns-discovery. Exiting goroutine."
2026-02-21 20:39:15 2026-02-21T20:39:15.123Z daemon INFO time="2026-02-21T20:39:15Z" level=info msg="Closed and removed discovery builtin:mdns-discovery"
2026-02-21 20:39:15 2026-02-21T20:39:15.123Z daemon INFO time="2026-02-21T20:39:15Z" level=error msg="Stopped decode loop: EOF" discovery="builtin:mdns-discovery"
2026-02-21 20:39:15 2026-02-21T20:39:15.125Z discovery-log INFO {"eventType":"add","port":{"matchingBoardsList":[],"port":{"address":"/dev/ttyS0","label":"/dev/ttyS0","protocol":"serial","protocolLabel":"Serial Port","propertiesMap":[],"hardwareId":""}},"error":""}
2026-02-21 20:39:15 2026-02-21T20:39:15.126Z daemon INFO time="2026-02-21T20:39:15Z" level=info msg="Adding libraries dir" dir=/home/shrek/.arduino15/packages/esp8266/hardware/esp8266/3.1.2/libraries isSingleLibrary=false location=platform
2026-02-21 20:39:15 2026-02-21T20:39:15.126Z daemon INFO time="2026-02-21T20:39:15Z" level=info msg="Adding libraries dir" dir=/home/shrek/.arduino15/packages/arduino/hardware/avr/1.8.7/libraries isSingleLibrary=false location=platform
2026-02-21 20:39:15 2026-02-21T20:39:15.126Z daemon INFO time="2026-02-21T20:39:15Z" level=info msg="Adding libraries dir" dir=/home/shrek/.arduino15/packages/esp32/hardware/esp32/3.3.7/libraries isSingleLibrary=false location=platform
time="2026-02-21T20:39:15Z" level=info msg="Loading libraries index file" index=/home/shrek/.arduino15/library_index.json
2026-02-21 20:39:15 2026-02-21T20:39:15.249Z daemon INFO time="2026-02-21T20:39:15Z" level=info msg="Adding libraries dir" dir=/home/shrek/.arduino15/libraries isSingleLibrary=false location=ide
time="2026-02-21T20:39:15Z" level=info msg="Adding libraries dir" dir=/home/shrek/Arduino/libraries isSingleLibrary=false location=user
2026-02-21 20:39:15 2026-02-21T20:39:15.574Z daemon INFO time="2026-02-21T20:39:15Z" level=info msg="Adding libraries dir" dir=/home/shrek/.arduino15/libraries isSingleLibrary=false location=ide
time="2026-02-21T20:39:15Z" level=info msg="Adding libraries dir" dir=/home/shrek/.arduino15/packages/esp8266/hardware/esp8266/3.1.2/libraries isSingleLibrary=false location=platform
time="2026-02-21T20:39:15Z" level=info msg="Adding libraries dir" dir=/home/shrek/Arduino/libraries isSingleLibrary=false location=user
2026-02-21 20:39:15 2026-02-21T20:39:15.982Z root ERROR ---- !!!SLOW!!! DURATION: search took 159.897 ms. Args: [{"query":"","type":"All","topic":"All"}] ----
2026-02-21 20:39:35 2026-02-21T20:39:35.422Z root INFO creating connection for 2
2026-02-21 20:39:35 2026-02-21T20:39:35.918Z root WARN A command editor.action.toggleStickyScroll is already registered.
2026-02-21 20:39:35 Opening channel for service path '/services/electron-window'.
2026-02-21 20:39:35 Opening channel for service path '/services/ide-updater'.
2026-02-21 20:39:35 2026-02-21T20:39:35.969Z root INFO Start frontend contributions: 118.3 ms [Finished 0.893 s after frontend start]
2026-02-21 20:39:35 2026-02-21T20:39:35.969Z root INFO Changed application state from 'init' to 'started_contributions'.
2026-02-21 20:39:35 2026-02-21T20:39:35.991Z root INFO [5eb0e5d4-9775-4ece-ad52-b4fd0672bedb] Waiting for backend deployment: 34.8 ms [Finished 0.924 s after frontend start]
2026-02-21 20:39:36 2026-02-21T20:39:36.299Z root INFO Changed application state from 'started_contributions' to 'attached_shell'.
2026-02-21 20:39:36 2026-02-21T20:39:36.299Z root INFO >>> Restoring the layout state...
2026-02-21 20:39:36 2026-02-21T20:39:36.299Z root INFO <<< Nothing to restore.
2026-02-21 20:39:36 2026-02-21T20:39:36.300Z root INFO Initialize the workbench layout: 12.2 ms [Finished 1.187 s after frontend start]
2026-02-21 20:39:36 2026-02-21T20:39:36.300Z root INFO Changed application state from 'attached_shell' to 'initialized_layout'.
2026-02-21 20:39:36 2026-02-21T20:39:36.301Z root INFO [hosted-plugin: 14805] PLUGIN_HOST(14805) starting instance
[Object: null prototype] {}
2026-02-21 20:39:36 2026-02-21T20:39:36.715Z root INFO [5eb0e5d4-9775-4ece-ad52-b4fd0672bedb] Sync of 23 plugins: 701.4 ms [Finished 1.625 s after frontend start]
2026-02-21 20:39:36 2026-02-21T20:39:36.716Z root INFO [5eb0e5d4-9775-4ece-ad52-b4fd0672bedb] Loading plugin contributions
2026-02-21 20:39:36 2026-02-21T20:39:36.716Z root INFO [5eb0e5d4-9775-4ece-ad52-b4fd0672bedb] Load contributions of 23 plugins: 22.5 ms [Finished 1.648 s after frontend start]
2026-02-21 20:39:36 2026-02-21T20:39:36.733Z root WARN 'cpp' language is remapped from 'source.cpp.embedded.macro' to 'source.cpp' scope
2026-02-21 20:39:36 2026-02-21T20:39:36.733Z root WARN a registered grammar configuration for 'cpp' language is overridden
2026-02-21 20:39:36 2026-02-21T20:39:36.864Z root ERROR [hosted-plugin: 14805] Conflict in settings file Default: Ignoring cortex-debug.armToolchainPath.linux as cortex-debug.armToolchainPath is null
2026-02-21 20:39:36 2026-02-21T20:39:36.864Z root ERROR [hosted-plugin: 14805] Conflict in settings file Default: Ignoring cortex-debug.armToolchainPath.osx as cortex-debug.armToolchainPath is null
2026-02-21 20:39:36 2026-02-21T20:39:36.864Z root ERROR [hosted-plugin: 14805] Conflict in settings file Default: Ignoring cortex-debug.armToolchainPath.windows as cortex-debug.armToolchainPath is null
2026-02-21 20:39:36 2026-02-21T20:39:36.864Z root ERROR [hosted-plugin: 14805] Conflict in settings file Default: Ignoring cortex-debug.JLinkGDBServerPath.linux as cortex-debug.JLinkGDBServerPath is null
2026-02-21 20:39:36 2026-02-21T20:39:36.864Z root ERROR [hosted-plugin: 14805] Conflict in settings file Default: Ignoring cortex-debug.JLinkGDBServerPath.osx as cortex-debug.JLinkGDBServerPath is null
2026-02-21 20:39:36 2026-02-21T20:39:36.864Z root ERROR [hosted-plugin: 14805] Conflict in settings file Default: Ignoring cortex-debug.JLinkGDBServerPath.windows as cortex-debug.JLinkGDBServerPath is null
2026-02-21 20:39:36 2026-02-21T20:39:36.864Z root ERROR [hosted-plugin: 14805] Conflict in settings file Default: Ignoring cortex-debug.openocdPath.linux as cortex-debug.openocdPath is null
2026-02-21 20:39:36 2026-02-21T20:39:36.864Z root ERROR [hosted-plugin: 14805] Conflict in settings file Default: Ignoring cortex-debug.openocdPath.osx as cortex-debug.openocdPath is null
2026-02-21 20:39:36 2026-02-21T20:39:36.864Z root ERROR [hosted-plugin: 14805] Conflict in settings file Default: Ignoring cortex-debug.openocdPath.windows as cortex-debug.openocdPath is null
Conflict in settings file Default: Ignoring cortex-debug.pyocdPath.linux as cortex-debug.pyocdPath is null
2026-02-21 20:39:36 2026-02-21T20:39:36.864Z root ERROR [hosted-plugin: 14805] Conflict in settings file Default: Ignoring cortex-debug.pyocdPath.osx as cortex-debug.pyocdPath is null
Conflict in settings file Default: Ignoring cortex-debug.pyocdPath.windows as cortex-debug.pyocdPath is null
Conflict in settings file Default: Ignoring cortex-debug.PEGDBServerPath.linux as cortex-debug.PEGDBServerPath is null
2026-02-21 20:39:36 2026-02-21T20:39:36.864Z root ERROR [hosted-plugin: 14805] Conflict in settings file Default: Ignoring cortex-debug.PEGDBServerPath.osx as cortex-debug.PEGDBServerPath is null
Conflict in settings file Default: Ignoring cortex-debug.PEGDBServerPath.windows as cortex-debug.PEGDBServerPath is null
Conflict in settings file Default: Ignoring cortex-debug.stutilPath.linux as cortex-debug.stutilPath is null
2026-02-21 20:39:36 2026-02-21T20:39:36.864Z root ERROR [hosted-plugin: 14805] Conflict in settings file Default: Ignoring cortex-debug.stutilPath.osx as cortex-debug.stutilPath is null
Conflict in settings file Default: Ignoring cortex-debug.stutilPath.windows as cortex-debug.stutilPath is null
Conflict in settings file Default: Ignoring cortex-debug.stlinkPath.linux as cortex-debug.stlinkPath is null
2026-02-21 20:39:36 2026-02-21T20:39:36.864Z root ERROR [hosted-plugin: 14805] Conflict in settings file Default: Ignoring cortex-debug.stlinkPath.osx as cortex-debug.stlinkPath is null
Conflict in settings file Default: Ignoring cortex-debug.stlinkPath.windows as cortex-debug.stlinkPath is null
2026-02-21 20:39:36 2026-02-21T20:39:36.864Z root ERROR [hosted-plugin: 14805] Conflict in settings file Default: Ignoring cortex-debug.stm32cubeprogrammer.linux as cortex-debug.stm32cubeprogrammer is null
Conflict in settings file Default: Ignoring cortex-debug.stm32cubeprogrammer.osx as cortex-debug.stm32cubeprogrammer is null
2026-02-21 20:39:36 2026-02-21T20:39:36.864Z root ERROR [hosted-plugin: 14805] Conflict in settings file Default: Ignoring cortex-debug.stm32cubeprogrammer.windows as cortex-debug.stm32cubeprogrammer is null
2026-02-21 20:39:36 2026-02-21T20:39:36.904Z root INFO [hosted-plugin: 14805] PLUGIN_HOST(14805): PluginManagerExtImpl/init()
2026-02-21 20:39:36 2026-02-21T20:39:36.906Z root INFO [hosted-plugin: 14805] PLUGIN_HOST(14805): initializing(vscode-arduino-api@0.1.2 with /opt/arduino-ide/resources/app/lib/backend/plugin-vscode-init)
2026-02-21 20:39:36 2026-02-21T20:39:36.950Z root INFO [hosted-plugin: 14805] PLUGIN_HOST(14805): initializing(json-language-features@1.88.1 with /opt/arduino-ide/resources/app/lib/backend/plugin-vscode-init)
2026-02-21 20:39:36 2026-02-21T20:39:36.952Z root INFO [hosted-plugin: 14805] PLUGIN_HOST(14805): initializing(cortex-debug@1.5.1 with /opt/arduino-ide/resources/app/lib/backend/plugin-vscode-init)
2026-02-21 20:39:36 2026-02-21T20:39:36.952Z root INFO [hosted-plugin: 14805] Debugger contribution has been registered: cortex-debug
2026-02-21 20:39:36 2026-02-21T20:39:36.953Z root INFO [hosted-plugin: 14805] PLUGIN_HOST(14805): initializing(vscode-arduino-tools@0.1.3 with /opt/arduino-ide/resources/app/lib/backend/plugin-vscode-init)
2026-02-21 20:39:36 2026-02-21T20:39:36.954Z root INFO [hosted-plugin: 14805] PLUGIN_HOST(14805): initializing(cpp@1.88.1 with /opt/arduino-ide/resources/app/lib/backend/plugin-vscode-init)
2026-02-21 20:39:36 2026-02-21T20:39:36.955Z root INFO [hosted-plugin: 14805] PLUGIN_HOST(14805): initializing(json@1.88.1 with /opt/arduino-ide/resources/app/lib/backend/plugin-vscode-init)
2026-02-21 20:39:36 2026-02-21T20:39:36.957Z root INFO [hosted-plugin: 14805] PLUGIN_HOST(14805): initializing(vscode-language-pack-bg@1.48.3 with /opt/arduino-ide/resources/app/lib/backend/plugin-vscode-init)
2026-02-21 20:39:36 2026-02-21T20:39:36.957Z root INFO [hosted-plugin: 14805] PLUGIN_HOST(14805): initializing(vscode-language-pack-cs@1.96.0 with /opt/arduino-ide/resources/app/lib/backend/plugin-vscode-init)
2026-02-21 20:39:36 2026-02-21T20:39:36.958Z root INFO [hosted-plugin: 14805] PLUGIN_HOST(14805): initializing(vscode-language-pack-de@1.96.0 with /opt/arduino-ide/resources/app/lib/backend/plugin-vscode-init)
2026-02-21 20:39:36 2026-02-21T20:39:36.958Z root INFO [hosted-plugin: 14805] PLUGIN_HOST(14805): initializing(vscode-language-pack-es@1.96.0 with /opt/arduino-ide/resources/app/lib/backend/plugin-vscode-init)
2026-02-21 20:39:36 2026-02-21T20:39:36.959Z root INFO [hosted-plugin: 14805] PLUGIN_HOST(14805): initializing(vscode-language-pack-fr@1.96.0 with /opt/arduino-ide/resources/app/lib/backend/plugin-vscode-init)
2026-02-21 20:39:36 2026-02-21T20:39:36.959Z root INFO [hosted-plugin: 14805] PLUGIN_HOST(14805): initializing(vscode-language-pack-hu@1.48.3 with /opt/arduino-ide/resources/app/lib/backend/plugin-vscode-init)
2026-02-21 20:39:36 2026-02-21T20:39:36.959Z root INFO [hosted-plugin: 14805] PLUGIN_HOST(14805): initializing(vscode-language-pack-it@1.96.0 with /opt/arduino-ide/resources/app/lib/backend/plugin-vscode-init)
2026-02-21 20:39:36 2026-02-21T20:39:36.960Z root INFO [hosted-plugin: 14805] PLUGIN_HOST(14805): initializing(vscode-language-pack-ja@1.96.0 with /opt/arduino-ide/resources/app/lib/backend/plugin-vscode-init)
2026-02-21 20:39:36 2026-02-21T20:39:36.960Z root INFO [hosted-plugin: 14805] PLUGIN_HOST(14805): initializing(vscode-language-pack-ko@1.96.0 with /opt/arduino-ide/resources/app/lib/backend/plugin-vscode-init)
2026-02-21 20:39:36 2026-02-21T20:39:36.960Z root INFO [hosted-plugin: 14805] PLUGIN_HOST(14805): initializing(vscode-language-pack-nl@1.48.3 with /opt/arduino-ide/resources/app/lib/backend/plugin-vscode-init)
2026-02-21 20:39:36 2026-02-21T20:39:36.960Z root INFO [hosted-plugin: 14805] PLUGIN_HOST(14805): initializing(vscode-language-pack-pl@1.96.0 with /opt/arduino-ide/resources/app/lib/backend/plugin-vscode-init)
2026-02-21 20:39:36 2026-02-21T20:39:36.961Z root INFO [hosted-plugin: 14805] PLUGIN_HOST(14805): initializing(vscode-language-pack-pt-BR@1.96.0 with /opt/arduino-ide/resources/app/lib/backend/plugin-vscode-init)
2026-02-21 20:39:36 2026-02-21T20:39:36.961Z root INFO [hosted-plugin: 14805] PLUGIN_HOST(14805): initializing(vscode-language-pack-ru@1.96.0 with /opt/arduino-ide/resources/app/lib/backend/plugin-vscode-init)
2026-02-21 20:39:36 2026-02-21T20:39:36.961Z root INFO [hosted-plugin: 14805] PLUGIN_HOST(14805): initializing(vscode-language-pack-tr@1.96.0 with /opt/arduino-ide/resources/app/lib/backend/plugin-vscode-init)
2026-02-21 20:39:36 2026-02-21T20:39:36.961Z root INFO [hosted-plugin: 14805] PLUGIN_HOST(14805): initializing(vscode-language-pack-uk@1.48.3 with /opt/arduino-ide/resources/app/lib/backend/plugin-vscode-init)
2026-02-21 20:39:36 2026-02-21T20:39:36.961Z root INFO [hosted-plugin: 14805] PLUGIN_HOST(14805): initializing(vscode-language-pack-zh-hans@1.96.0 with /opt/arduino-ide/resources/app/lib/backend/plugin-vscode-init)
2026-02-21 20:39:36 2026-02-21T20:39:36.962Z root INFO [hosted-plugin: 14805] PLUGIN_HOST(14805): initializing(vscode-language-pack-zh-hant@1.96.0 with /opt/arduino-ide/resources/app/lib/backend/plugin-vscode-init)
2026-02-21 20:39:37 2026-02-21T20:39:37.013Z root INFO [hosted-plugin: 14805] PLUGIN_HOST(14805): PluginManagerExtImpl/loadPlugin(/opt/arduino-ide/resources/app/plugins/vscode-builtin-json-language-features/extension/client/dist/node/jsonClientMain)
2026-02-21 20:39:37 2026-02-21T20:39:37.047Z root INFO [hosted-plugin: 14805] PLUGIN_HOST(14805): PluginManagerExtImpl/loadPlugin(/opt/arduino-ide/resources/app/plugins/vscode-arduino-api/extension/dist/extension.js)
2026-02-21 20:39:37 2026-02-21T20:39:37.048Z root INFO [hosted-plugin: 14805] calling activation function on Arduino IDE API for VS Code extensions
2026-02-21 20:39:37 2026-02-21T20:39:37.050Z root INFO [5eb0e5d4-9775-4ece-ad52-b4fd0672bedb] Starting plugins.
2026-02-21 20:39:37 2026-02-21T20:39:37.071Z root INFO [hosted-plugin: 14805] PLUGIN_HOST(14805): PluginManagerExtImpl/loadPlugin(/opt/arduino-ide/resources/app/plugins/cortex-debug/extension/dist/extension.js)
2026-02-21 20:39:37 2026-02-21T20:39:37.089Z root INFO [hosted-plugin: 14805] Debug configuration provider has been registered: cortex-debug, trigger: 1
2026-02-21 20:39:37 2026-02-21T20:39:37.089Z root INFO [hosted-plugin: 14805] calling activation function on Cortex-Debug
2026-02-21 20:39:37 2026-02-21T20:39:37.091Z root INFO [hosted-plugin: 14805] GDB server console created
2026-02-21 20:39:37 2026-02-21T20:39:37.095Z root INFO [5eb0e5d4-9775-4ece-ad52-b4fd0672bedb] Start of 23 plugins: 373.8 ms [Finished 2.028 s after frontend start]
2026-02-21 20:39:37 2026-02-21T20:39:37.184Z root INFO [hosted-plugin: 14805] calling activation function on JSON Language Features (built-in)
2026-02-21 20:39:37 2026-02-21T20:39:37.236Z root INFO Frontend application start: 1338.6 ms [Finished 26.750 s after backend start]
2026-02-21 20:39:37 2026-02-21T20:39:37.248Z root INFO Replace loading indicator with ready workbench UI (animation): 873.7 ms [Finished 2.066 s after frontend start]
2026-02-21 20:39:37 2026-02-21T20:39:37.248Z root INFO Changed application state from 'initialized_layout' to 'ready'.
2026-02-21 20:39:37 2026-02-21T20:39:37.248Z root WARN Linked preference "workbench.colorCustomizations" not found.
2026-02-21 20:39:37 2026-02-21T20:39:37.250Z sketches-service WARN Mismatching sketch file <led.ino> and sketch folder name <practice>. Skipping
2026-02-21 20:39:37 2026-02-21T20:39:37.276Z root INFO Executing startup tasks:
2026-02-21 20:39:37 2026-02-21T20:39:37.276Z root INFO  - 'arduino-use-inherited-boards-data' , args: [{"fqbn":"esp8266:esp8266:generic","data":{"configOptions":[{"label":"Builtin Led","option":"led","values":[{"value":"2","label":"2","selected":true},{"value":"0","label":"0","selected":false},{"value":"1","label":"1","selected":false},{"value":"3","label":"3","selected":false},{"value":"4","label":"4","selected":false},{"value":"5","label":"5","selected":false},{"value":"6","label":"6","selected":false},{"value":"7","label":"7","selected":false},{"value":"8","label":"8","selected":false},{"value":"9","label":"9","selected":false},{"value":"10","label":"10","selected":false},{"value":"11","label":"11","selected":false},{"value":"12","label":"12","selected":false},{"value":"13","label":"13","selected":false},{"value":"14","label":"14","selected":false},{"value":"15","label":"15","selected":false},{"value":"16","label":"16","selected":false}]},{"label":"Upload Speed","option":"baud","values":[{"value":"115200","label":"115200","selected":true},{"value":"57600","label":"57600","selected":false},{"value":"230400","label":"230400","selected":false},{"value":"460800","label":"460800","selected":false},{"value":"921600","label":"921600","selected":false},{"value":"3000000","label":"3000000","selected":false}]},{"label":"CPU Frequency","option":"xtal","values":[{"value":"80","label":"80 MHz","selected":true},{"value":"160","label":"160 MHz","selected":false}]},{"label":"Crystal Frequency","option":"CrystalFreq","values":[{"value":"26","label":"26 MHz","selected":true},{"value":"40","label":"40 MHz","selected":false}]},{"label":"Flash Size","option":"eesz","values":[{"value":"1M64","label":"1MB (FS:64KB OTA:~470KB)","selected":true},{"value":"1M128","label":"1MB (FS:128KB OTA:~438KB)","selected":false},{"value":"1M144","label":"1MB (FS:144KB OTA:~430KB)","selected":false},{"value":"1M160","label":"1MB (FS:160KB OTA:~422KB)","selected":false},{"value":"1M192","label":"1MB (FS:192KB OTA:~406KB)","selected":false},{"value":"1M256","label":"1MB (FS:256KB OTA:~374KB)","selected":false},{"value":"1M512","label":"1MB (FS:512KB OTA:~246KB)","selected":false},{"value":"1M","label":"1MB (FS:none OTA:~502KB)","selected":false},{"value":"2M64","label":"2MB (FS:64KB OTA:~992KB)","selected":false},{"value":"2M128","label":"2MB (FS:128KB OTA:~960KB)","selected":false},{"value":"2M256","label":"2MB (FS:256KB OTA:~896KB)","selected":false},{"value":"2M512","label":"2MB (FS:512KB OTA:~768KB)","selected":false},{"value":"2M1M","label":"2MB (FS:1MB OTA:~512KB)","selected":false},{"value":"2M","label":"2MB (FS:none OTA:~1019KB)","selected":false},{"value":"4M2M","label":"4MB (FS:2MB OTA:~1019KB)","selected":false},{"value":"4M3M","label":"4MB (FS:3MB OTA:~512KB)","selected":false},{"value":"4M1M","label":"4MB (FS:1MB OTA:~1019KB)","selected":false},{"value":"4M","label":"4MB (FS:none OTA:~1019KB)","selected":false},{"value":"8M6M","label":"8MB (FS:6MB OTA:~1019KB)","selected":false},{"value":"8M7M","label":"8MB (FS:7MB OTA:~512KB)","selected":false},{"value":"8M","label":"8MB (FS:none OTA:~1019KB)","selected":false},{"value":"16M14M","label":"16MB (FS:14MB OTA:~1019KB)","selected":false},{"value":"16M15M","label":"16MB (FS:15MB OTA:~512KB)","selected":false},{"value":"16M","label":"16MB (FS:none OTA:~1019KB)","selected":false},{"value":"512K32","label":"512KB (FS:32KB OTA:~230KB)","selected":false},{"value":"512K64","label":"512KB (FS:64KB OTA:~214KB)","selected":false},{"value":"512K128","label":"512KB (FS:128KB OTA:~182KB)","selected":false},{"value":"512K","label":"512KB (FS:none OTA:~246KB)","selected":false},{"value":"autoflash","label":"Mapping defined by Hardware and Sketch","selected":false}]},{"label":"Flash Mode","option":"FlashMode","values":[{"value":"dout","label":"DOUT (compatible)","selected":true},{"value":"dio","label":"DIO","selected":false},{"value":"qout","label":"QOUT","selected":false},{"value":"qio","label":"QIO (fast)","selected":false}]},{"label":"Flash Frequency","option":"FlashFreq","values":[{"value":"40","label":"40MHz","selected":true},{"value":"80","label":"80MHz","selected":false},{"value":"20","label":"20MHz","selected":false},{"value":"26","label":"26MHz","selected":false}]},{"label":"Reset Method","option":"ResetMethod","values":[{"value":"nodemcu","label":"dtr (aka nodemcu)","selected":true},{"value":"ck","label":"no dtr (aka ck)","selected":false},{"value":"nodtr_nosync","label":"no dtr, no_sync","selected":false}]},{"label":"Debug port","option":"dbg","values":[{"value":"Disabled","label":"Disabled","selected":true},{"value":"Serial","label":"Serial","selected":false},{"value":"Serial1","label":"Serial1","selected":false}]},{"label":"Debug Level","option":"lvl","values":[{"value":"None____","label":"None","selected":true},{"value":"SSL","label":"SSL","selected":false},{"value":"TLS_MEM","label":"TLS_MEM","selected":false},{"value":"HTTP_CLIENT","label":"HTTP_CLIENT","selected":false},{"value":"HTTP_SERVER","label":"HTTP_SERVER","selected":false},{"value":"SSLTLS_MEM","label":"SSL+TLS_MEM","selected":false},{"value":"SSLHTTP_CLIENT","label":"SSL+HTTP_CLIENT","selected":false},{"value":"SSLHTTP_SERVER","label":"SSL+HTTP_SERVER","selected":false},{"value":"TLS_MEMHTTP_CLIENT","label":"TLS_MEM+HTTP_CLIENT","selected":false},{"value":"TLS_MEMHTTP_SERVER","label":"TLS_MEM+HTTP_SERVER","selected":false},{"value":"HTTP_CLIENTHTTP_SERVER","label":"HTTP_CLIENT+HTTP_SERVER","selected":false},{"value":"SSLTLS_MEMHTTP_CLIENT","label":"SSL+TLS_MEM+HTTP_CLIENT","selected":false},{"value":"SSLTLS_MEMHTTP_SERVER","label":"SSL+TLS_MEM+HTTP_SERVER","selected":false},{"value":"SSLHTTP_CLIENTHTTP_SERVER","label":"SSL+HTTP_CLIENT+HTTP_SERVER","selected":false},{"value":"TLS_MEMHTTP_CLIENTHTTP_SERVER","label":"TLS_MEM+HTTP_CLIENT+HTTP_SERVER","selected":false},{"value":"SSLTLS_MEMHTTP_CLIENTHTTP_SERVER","label":"SSL+TLS_MEM+HTTP_CLIENT+HTTP_SERVER","selected":false},{"value":"CORE","label":"CORE","selected":false},{"value":"WIFI","label":"WIFI","selected":false},{"value":"HTTP_UPDATE","label":"HTTP_UPDATE","selected":false},{"value":"UPDATER","label":"UPDATER","selected":false},{"value":"OTA","label":"OTA","selected":false},{"value":"OOM","label":"OOM","selected":false},{"value":"MDNS","label":"MDNS","selected":false},{"value":"HWDT","label":"HWDT","selected":false},{"value":"HWDT_NOEXTRA4K","label":"HWDT_NOEXTRA4K","selected":false},{"value":"COREWIFIHTTP_UPDATEUPDATEROTAOOMMDNS","label":"CORE+WIFI+HTTP_UPDATE+UPDATER+OTA+OOM+MDNS","selected":false},{"value":"COREWIFIHTTP_UPDATEUPDATEROTAOOMMDNSHWDT","label":"CORE+WIFI+HTTP_UPDATE+UPDATER+OTA+OOM+MDNS+HWDT","selected":false},{"value":"COREWIFIHTTP_UPDATEUPDATEROTAOOMMDNSHWDT_NOEXTRA4K","label":"CORE+WIFI+HTTP_UPDATE+UPDATER+OTA+OOM+MDNS+HWDT_NOEXTRA4K","selected":false},{"value":"SSLTLS_MEMHTTP_CLIENTHTTP_SERVERCOREWIFIHTTP_UPDATEUPDATEROTAOOMMDNS","label":"SSL+TLS_MEM+HTTP_CLIENT+HTTP_SERVER+CORE+WIFI+HTTP_UPDATE+UPDATER+OTA+OOM+MDNS","selected":false},{"value":"SSLTLS_MEMHTTP_CLIENTHTTP_SERVERCOREWIFIHTTP_UPDATEUPDATEROTAOOMMDNSHWDT","label":"SSL+TLS_MEM+HTTP_CLIENT+HTTP_SERVER+CORE+WIFI+HTTP_UPDATE+UPDATER+OTA+OOM+MDNS+HWDT","selected":false},{"value":"SSLTLS_MEMHTTP_CLIENTHTTP_SERVERCOREWIFIHTTP_UPDATEUPDATEROTAOOMMDNSHWDT_NOEXTRA4K","label":"SSL+TLS_MEM+HTTP_CLIENT+HTTP_SERVER+CORE+WIFI+HTTP_UPDATE+UPDATER+OTA+OOM+MDNS+HWDT_NOEXTRA4K","selected":false},{"value":"NoAssert-NDEBUG","label":"NoAssert-NDEBUG","selected":false}]},{"label":"lwIP Variant","option":"ip","values":[{"value":"lm2f","label":"v2 Lower Memory","selected":true},{"value":"hb2f","label":"v2 Higher Bandwidth","selected":false},{"value":"lm2n","label":"v2 Lower Memory (no features)","selected":false},{"value":"hb2n","label":"v2 Higher Bandwidth (no features)","selected":false},{"value":"lm6f","label":"v2 IPv6 Lower Memory","selected":false},{"value":"hb6f","label":"v2 IPv6 Higher Bandwidth","selected":false}]},{"label":"VTables","option":"vt","values":[{"value":"flash","label":"Flash","selected":true},{"value":"heap","label":"Heap","selected":false},{"value":"iram","label":"IRAM","selected":false}]},{"label":"C++ Exceptions","option":"exception","values":[{"value":"disabled","label":"Disabled (new aborts on oom)","selected":true},{"value":"enabled","label":"Enabled","selected":false}]},{"label":"Stack Protection","option":"stacksmash","values":[{"value":"disabled","label":"Disabled","selected":true},{"value":"enabled","label":"Enabled","selected":false}]},{"label":"Erase Flash","option":"wipe","values":[{"value":"none","label":"Only Sketch","selected":true},{"value":"sdk","label":"Sketch + WiFi Settings","selected":false},{"value":"all","label":"All Flash Contents","selected":false}]},{"label":"NONOS SDK Version","option":"sdk","values":[{"value":"nonosdk_190703","label":"nonos-sdk 2.2.1+100 (190703)","selected":true},{"value":"nonosdk_191122","label":"nonos-sdk 2.2.1+119 (191122)","selected":false},{"value":"nonosdk_191105","label":"nonos-sdk 2.2.1+113 (191105)","selected":false},{"value":"nonosdk_191024","label":"nonos-sdk 2.2.1+111 (191024)","selected":false},{"value":"nonosdk_190313","label":"nonos-sdk 2.2.1+61 (190313)","selected":false},{"value":"nonosdk221","label":"nonos-sdk 2.2.1 (legacy)","selected":false},{"value":"nonosdk305","label":"nonos-sdk 3.0.5 (experimental)","selected":false}]},{"label":"SSL Support","option":"ssl","values":[{"value":"all","label":"All SSL ciphers (most compatible)","selected":true},{"value":"basic","label":"Basic SSL ciphers (lower ROM use)","selected":false}]},{"label":"MMU","option":"mmu","values":[{"value":"3232","label":"32KB cache + 32KB IRAM (balanced)","selected":true},{"value":"4816","label":"16KB cache + 48KB IRAM (IRAM)","selected":false},{"value":"4816H","label":"16KB cache + 48KB IRAM and 2nd Heap (shared)","selected":false},{"value":"3216","label":"16KB cache + 32KB IRAM + 16KB 2nd Heap (not shared)","selected":false},{"value":"ext128k","label":"128K Heap External 23LC1024","selected":false},{"value":"ext8192k","label":"8M w/256K Heap External 64 MBit PSRAM","selected":false}]},{"label":"Non-32-Bit Access","option":"non32xfer","values":[{"value":"fast","label":"Use pgm_read macros for IRAM/PROGMEM","selected":true},{"value":"safe","label":"Byte/Word access to IRAM/PROGMEM (very slow)","selected":false}]}],"programmers":[]}}]
2026-02-21 20:39:37 2026-02-21T20:39:37.277Z root INFO  - 'arduino-use-inherited-boards-config' , args: [{"selectedBoard":{"name":"Generic ESP8266 Module","fqbn":"esp8266:esp8266:generic"},"selectedPort":{"protocol":"serial","address":"/dev/ttyUSB0"}},{"arduino+serial:///dev/ttyACM0":{"name":"ESP32H2 Dev Module","fqbn":"esp32:esp32:esp32h2"},"arduino+serial:///dev/ttyS0":{"name":"ESP32H2 Dev Module","fqbn":"esp32:esp32:esp32h2"},"arduino+serial:///dev/ttyUSB0":{"name":"Generic ESP8266 Module","fqbn":"esp8266:esp8266:generic"}}]
2026-02-21 20:39:37 2026-02-21T20:39:37.411Z sketches-service WARN Mismatching sketch file <led.ino> and sketch folder name <practice>. Skipping
2026-02-21 20:39:37 2026-02-21T20:39:37.411Z sketches-service WARN Mismatching sketch file <led.ino> and sketch folder name <practice>. Skipping
2026-02-21 20:39:37 2026-02-21T20:39:37.437Z daemon INFO time="2026-02-21T20:39:37Z" level=info msg="Tool required for debug" tool="esp8266:mklittlefs@3.1.0-gcc10.3-e5f9fec"
time="2026-02-21T20:39:37Z" level=info msg="Tool required for debug" tool="esp8266:mkspiffs@3.1.0-gcc10.3-e5f9fec"
time="2026-02-21T20:39:37Z" level=info msg="Tool required for debug" tool="esp8266:python3@3.7.2-post1"
2026-02-21 20:39:37 2026-02-21T20:39:37.437Z daemon INFO time="2026-02-21T20:39:37Z" level=info msg="Tool required for debug" tool="esp8266:xtensa-lx106-elf-gcc@3.1.0-gcc10.3-e5f9fec"
time="2026-02-21T20:39:37Z" level=info msg="Tool required for debug" tool="esp32:esp32-libs@3.3.7"
time="2026-02-21T20:39:37Z" level=info msg="Tool required for debug" tool="esp32:esp-rv32@2511"
time="2026-02-21T20:39:37Z" level=info msg="Tool required for debug" tool="esp32:xtensa-esp-elf-gdb@16.3_20250913"
time="2026-02-21T20:39:37Z" level=info msg="Tool required for debug" tool="arduino:avr-gcc@7.3.0-atmel3.6.1-arduino7"
time="2026-02-21T20:39:37Z" level=info msg="Tool required for debug" tool="esp32:esp32p4-libs@3.3.7"
time="2026-02-21T20:39:37Z" level=info msg="Tool required for debug" tool="esp32:openocd-esp32@v0.12.0-esp32-20251215"
time="2026-02-21T20:39:37Z" level=info msg="Tool required for debug" tool="esp32:esp32c5-libs@3.3.7"
time="2026-02-21T20:39:37Z" level=info msg="Tool required for debug" tool="esp32:esp32s3-libs@3.3.7"
time="2026-02-21T20:39:37Z" level=info msg="Tool required for debug" tool="arduino:avrdude@8.0.0-arduino1"
time="2026-02-21T20:39:37Z" level=info msg="Tool required for debug" tool="esp32:esp32c6-libs@3.3.7"
time="2026-02-21T20:39:37Z" level=info msg="Tool required for debug" tool="esp32:esp32s2-libs@3.3.7"
time="2026-02-21T20:39:37Z" level=info msg="Tool required for debug" tool="esp32:esptool_py@5.1.0"
time="2026-02-21T20:39:37Z" level=info msg="Tool required for debug" tool="arduino:arduinoOTA@1.3.0"
time="2026-02-21T20:39:37Z" level=info msg="Tool required for debug" tool="builtin:ctags@5.8-arduino11"
2026-02-21 20:39:37 2026-02-21T20:39:37.437Z daemon INFO time="2026-02-21T20:39:37Z" level=info msg="Tool required for debug" tool="builtin:dfu-discovery@0.1.2"
time="2026-02-21T20:39:37Z" level=info msg="Tool required for debug" tool="esp32:esp32p4_es-libs@3.3.7"
2026-02-21 20:39:37 2026-02-21T20:39:37.437Z daemon INFO time="2026-02-21T20:39:37Z" level=info msg="Tool required for debug" tool="esp32:esp-x32@2511"
time="2026-02-21T20:39:37Z" level=info msg="Tool required for debug" tool="esp32:riscv32-esp-elf-gdb@16.3_20250913"
time="2026-02-21T20:39:37Z" level=info msg="Tool required for debug" tool="esp32:esp32h2-libs@3.3.7"
2026-02-21 20:39:37 2026-02-21T20:39:37.437Z daemon INFO time="2026-02-21T20:39:37Z" level=info msg="Tool required for debug" tool="esp32:esp32c3-libs@3.3.7"
time="2026-02-21T20:39:37Z" level=info msg="Tool required for debug" tool="arduino:dfu-util@0.11.0-arduino5"
2026-02-21 20:39:37 2026-02-21T20:39:37.437Z daemon INFO time="2026-02-21T20:39:37Z" level=info msg="Tool required for debug" tool="builtin:mdns-discovery@1.0.12"
time="2026-02-21T20:39:37Z" level=info msg="Tool required for debug" tool="builtin:serial-discovery@1.4.3"
2026-02-21 20:39:37 2026-02-21T20:39:37.437Z daemon INFO time="2026-02-21T20:39:37Z" level=info msg="Tool required for debug" tool="builtin:serial-monitor@0.15.0"
2026-02-21 20:39:37 2026-02-21T20:39:37.443Z root ERROR Failed to get debug config: esp8266:esp8266:generic:led=2,baud=115200,xtal=80,CrystalFreq=26,eesz=1M64,FlashMode=dout,FlashFreq=40,ResetMethod=nodemcu,dbg=Disabled,lvl=None____,ip=lm2f,vt=flash,exception=disabled,stacksmash=disabled,wipe=none,sdk=nonosdk_190703,ssl=all,mmu=3232,non32xfer=fast, undefined Error: Debugging is not supported.
    at Object.callback (/opt/arduino-ide/resources/app/lib/backend/main.js:2:4742300)
    at Object.onReceiveStatus (/opt/arduino-ide/resources/app/lib/backend/main.js:2:3778020)
    at Object.onReceiveStatus (/opt/arduino-ide/resources/app/lib/backend/main.js:2:2211941)
    at Object.onReceiveStatus (/opt/arduino-ide/resources/app/lib/backend/main.js:2:2211386)
    at /opt/arduino-ide/resources/app/lib/backend/main.js:2:4348117
    at process.processTicksAndRejections (node:internal/process/task_queues:77:11)
2026-02-21 20:39:37 2026-02-21T20:39:37.569Z root ERROR Failed to get debug config: esp8266:esp8266:generic:led=2,baud=115200,xtal=80,CrystalFreq=26,eesz=1M64,FlashMode=dout,FlashFreq=40,ResetMethod=nodemcu,dbg=Disabled,lvl=None____,ip=lm2f,vt=flash,exception=disabled,stacksmash=disabled,wipe=none,sdk=nonosdk_190703,ssl=all,mmu=3232,non32xfer=fast, undefined Error: Debugging is not supported.
    at Object.callback (/opt/arduino-ide/resources/app/lib/backend/main.js:2:4742300)
    at Object.onReceiveStatus (/opt/arduino-ide/resources/app/lib/backend/main.js:2:3778020)
    at Object.onReceiveStatus (/opt/arduino-ide/resources/app/lib/backend/main.js:2:2211941)
    at Object.onReceiveStatus (/opt/arduino-ide/resources/app/lib/backend/main.js:2:2211386)
    at /opt/arduino-ide/resources/app/lib/backend/main.js:2:4348117
    at process.processTicksAndRejections (node:internal/process/task_queues:77:11)
2026-02-21 20:39:37 2026-02-21T20:39:37.569Z daemon INFO time="2026-02-21T20:39:37Z" level=info msg="Tool required for debug" tool="esp8266:mklittlefs@3.1.0-gcc10.3-e5f9fec"
time="2026-02-21T20:39:37Z" level=info msg="Tool required for debug" tool="esp8266:mkspiffs@3.1.0-gcc10.3-e5f9fec"
time="2026-02-21T20:39:37Z" level=info msg="Tool required for debug" tool="esp8266:python3@3.7.2-post1"
time="2026-02-21T20:39:37Z" level=info msg="Tool required for debug" tool="esp8266:xtensa-lx106-elf-gcc@3.1.0-gcc10.3-e5f9fec"
time="2026-02-21T20:39:37Z" level=info msg="Tool required for debug" tool="arduino:avrdude@8.0.0-arduino1"
time="2026-02-21T20:39:37Z" level=info msg="Tool required for debug" tool="builtin:mdns-discovery@1.0.12"
time="2026-02-21T20:39:37Z" level=info msg="Tool required for debug" tool="builtin:serial-monitor@0.15.0"
time="2026-02-21T20:39:37Z" level=info msg="Tool required for debug" tool="esp32:esp32p4_es-libs@3.3.7"
time="2026-02-21T20:39:37Z" level=info msg="Tool required for debug" tool="esp32:riscv32-esp-elf-gdb@16.3_20250913"
time="2026-02-21T20:39:37Z" level=info msg="Tool required for debug" tool="arduino:avr-gcc@7.3.0-atmel3.6.1-arduino7"
time="2026-02-21T20:39:37Z" level=info msg="Tool required for debug" tool="builtin:ctags@5.8-arduino11"
time="2026-02-21T20:39:37Z" level=info msg="Tool required for debug" tool="builtin:dfu-discovery@0.1.2"
time="2026-02-21T20:39:37Z" level=info msg="Tool required for debug" tool="esp32:esp-x32@2511"
time="2026-02-21T20:39:37Z" level=info msg="Tool required for debug" tool="esp32:esp32-libs@3.3.7"
time="2026-02-21T20:39:37Z" level=info msg="Tool required for debug" tool="esp32:esp-rv32@2511"
time="2026-02-21T20:39:37Z" level=info msg="Tool required for debug" tool="arduino:arduinoOTA@1.3.0"
time="2026-02-21T20:39:37Z" level=info msg="Tool required for debug" tool="arduino:dfu-util@0.11.0-arduino5"
time="2026-02-21T20:39:37Z" level=info msg="Tool required for debug" tool="builtin:serial-discovery@1.4.3"
time="2026-02-21T20:39:37Z" level=info msg="Tool required for debug" tool="esp32:openocd-esp32@v0.12.0-esp32-20251215"
time="2026-02-21T20:39:37Z" level=info msg="Tool required for debug" tool="esp32:esp32s2-libs@3.3.7"
time="2026-02-21T20:39:37Z" level=info msg="Tool required for debug" tool="esp32:esp32h2-libs@3.3.7"
time="2026-02-21T20:39:37Z" level=info msg="Tool required for debug" tool="esp32:esp32s3-libs@3.3.7"
time="2026-02-21T20:39:37Z" level=info msg="Tool required for debug" tool="esp32:xtensa-esp-elf-gdb@16.3_20250913"
time="2026-02-21T20:39:37Z" level=info msg="Tool required for debug" tool="esp32:esptool_py@5.1.0"
time="2026-02-21T20:39:37Z" level=info msg="Tool required for debug" tool="esp32:esp32c5-libs@3.3.7"
time="2026-02-21T20:39:37Z" level=info msg="Tool required for debug" tool="esp32:esp32c3-libs@3.3.7"
time="2026-02-21T20:39:37Z" level=info msg="Tool required for debug" tool="esp32:esp32c6-libs@3.3.7"
time="2026-02-21T20:39:37Z" level=info msg="Tool required for debug" tool="esp32:esp32p4-libs@3.3.7"
2026-02-21 20:39:37 2026-02-21T20:39:37.626Z root INFO Starting language server: esp8266:esp8266:generic:led=2,baud=115200,xtal=80,CrystalFreq=26,eesz=1M64,FlashMode=dout,FlashFreq=40,ResetMethod=nodemcu,dbg=Disabled,lvl=None____,ip=lm2f,vt=flash,exception=disabled,stacksmash=disabled,wipe=none,sdk=nonosdk_190703,ssl=all,mmu=3232,non32xfer=fast
2026-02-21 20:39:37 2026-02-21T20:39:37.626Z daemon INFO time="2026-02-21T20:39:37Z" level=info msg="Tool required for debug" tool="esp8266:mklittlefs@3.1.0-gcc10.3-e5f9fec"
time="2026-02-21T20:39:37Z" level=info msg="Tool required for debug" tool="esp8266:mkspiffs@3.1.0-gcc10.3-e5f9fec"
2026-02-21 20:39:37 2026-02-21T20:39:37.626Z daemon INFO time="2026-02-21T20:39:37Z" level=info msg="Tool required for debug" tool="esp8266:python3@3.7.2-post1"
time="2026-02-21T20:39:37Z" level=info msg="Tool required for debug" tool="esp8266:xtensa-lx106-elf-gcc@3.1.0-gcc10.3-e5f9fec"
time="2026-02-21T20:39:37Z" level=info msg="Tool required for debug" tool="esp32:esptool_py@5.1.0"
time="2026-02-21T20:39:37Z" level=info msg="Tool required for debug" tool="esp32:xtensa-esp-elf-gdb@16.3_20250913"
time="2026-02-21T20:39:37Z" level=info msg="Tool required for debug" tool="arduino:avrdude@8.0.0-arduino1"
time="2026-02-21T20:39:37Z" level=info msg="Tool required for debug" tool="esp32:esp32s2-libs@3.3.7"
time="2026-02-21T20:39:37Z" level=info msg="Tool required for debug" tool="esp32:esp-rv32@2511"
time="2026-02-21T20:39:37Z" level=info msg="Tool required for debug" tool="esp32:esp32p4-libs@3.3.7"
2026-02-21 20:39:37 2026-02-21T20:39:37.626Z daemon INFO time="2026-02-21T20:39:37Z" level=info msg="Tool required for debug" tool="esp32:esp32p4_es-libs@3.3.7"
time="2026-02-21T20:39:37Z" level=info msg="Tool required for debug" tool="builtin:serial-monitor@0.15.0"
time="2026-02-21T20:39:37Z" level=info msg="Tool required for debug" tool="builtin:mdns-discovery@1.0.12"
time="2026-02-21T20:39:37Z" level=info msg="Tool required for debug" tool="esp32:esp-x32@2511"
time="2026-02-21T20:39:37Z" level=info msg="Tool required for debug" tool="esp32:esp32s3-libs@3.3.7"
time="2026-02-21T20:39:37Z" level=info msg="Tool required for debug" tool="esp32:esp32c6-libs@3.3.7"
time="2026-02-21T20:39:37Z" level=info msg="Tool required for debug" tool="esp32:openocd-esp32@v0.12.0-esp32-20251215"
time="2026-02-21T20:39:37Z" level=info msg="Tool required for debug" tool="arduino:dfu-util@0.11.0-arduino5"
time="2026-02-21T20:39:37Z" level=info msg="Tool required for debug" tool="arduino:arduinoOTA@1.3.0"
2026-02-21 20:39:37 2026-02-21T20:39:37.626Z daemon INFO time="2026-02-21T20:39:37Z" level=info msg="Tool required for debug" tool="builtin:serial-discovery@1.4.3"
time="2026-02-21T20:39:37Z" level=info msg="Tool required for debug" tool="builtin:ctags@5.8-arduino11"
time="2026-02-21T20:39:37Z" level=info msg="Tool required for debug" tool="esp32:riscv32-esp-elf-gdb@16.3_20250913"
time="2026-02-21T20:39:37Z" level=info msg="Tool required for debug" tool="esp32:esp32c5-libs@3.3.7"
time="2026-02-21T20:39:37Z" level=info msg="Tool required for debug" tool="esp32:esp32h2-libs@3.3.7"
2026-02-21 20:39:37 2026-02-21T20:39:37.626Z daemon INFO time="2026-02-21T20:39:37Z" level=info msg="Tool required for debug" tool="esp32:esp32c3-libs@3.3.7"
time="2026-02-21T20:39:37Z" level=info msg="Tool required for debug" tool="arduino:avr-gcc@7.3.0-atmel3.6.1-arduino7"
time="2026-02-21T20:39:37Z" level=info msg="Tool required for debug" tool="builtin:dfu-discovery@0.1.2"
2026-02-21 20:39:37 2026-02-21T20:39:37.626Z daemon INFO time="2026-02-21T20:39:37Z" level=info msg="Tool required for debug" tool="esp32:esp32-libs@3.3.7"
2026-02-21 20:39:37 2026-02-21T20:39:37.626Z root ERROR Failed to get debug config: esp8266:esp8266:generic:led=2,baud=115200,xtal=80,CrystalFreq=26,eesz=1M64,FlashMode=dout,FlashFreq=40,ResetMethod=nodemcu,dbg=Disabled,lvl=None____,ip=lm2f,vt=flash,exception=disabled,stacksmash=disabled,wipe=none,sdk=nonosdk_190703,ssl=all,mmu=3232,non32xfer=fast, undefined Error: Debugging is not supported.
    at Object.callback (/opt/arduino-ide/resources/app/lib/backend/main.js:2:4742300)
    at Object.onReceiveStatus (/opt/arduino-ide/resources/app/lib/backend/main.js:2:3778020)
    at Object.onReceiveStatus (/opt/arduino-ide/resources/app/lib/backend/main.js:2:2211941)
    at Object.onReceiveStatus (/opt/arduino-ide/resources/app/lib/backend/main.js:2:2211386)
    at /opt/arduino-ide/resources/app/lib/backend/main.js:2:4348117
    at process.processTicksAndRejections (node:internal/process/task_queues:77:11)
2026-02-21 20:39:37 2026-02-21T20:39:37.659Z root INFO [hosted-plugin: 14805] PLUGIN_HOST(14805): PluginManagerExtImpl/loadPlugin(/opt/arduino-ide/resources/app/plugins/vscode-arduino-tools/extension/dist/extension.js)
2026-02-21 20:39:37 2026-02-21T20:39:37.675Z root INFO [hosted-plugin: 14805] calling activation function on VS Code Arduino Tools
2026-02-21 20:39:37 2026-02-21T20:39:37.687Z daemon INFO time="2026-02-21T20:39:37Z" level=info msg="Adding libraries dir" dir=/home/shrek/.arduino15/libraries isSingleLibrary=false location=ide
time="2026-02-21T20:39:37Z" level=info msg="Adding libraries dir" dir=/home/shrek/.arduino15/packages/esp8266/hardware/esp8266/3.1.2/libraries isSingleLibrary=false location=platform
time="2026-02-21T20:39:37Z" level=info msg="Adding libraries dir" dir=/home/shrek/Arduino/libraries isSingleLibrary=false location=user
2026-02-21 20:39:38 isTempSketch: false. Input was /home/shrek/Arduino/AndroidCnct/test1
2026-02-21 20:39:38 Marking workspace as a closed sketch. Workspace URI: file:///home/shrek/Arduino/AndroidCnct/test1. Date: 1771706378066.
2026-02-21 20:39:38 isTempSketch: false. Input was /home/shrek/Arduino/AndroidCnct/test1
2026-02-21 20:39:38 Marking workspace as a closed sketch. Workspace URI: file:///home/shrek/Arduino/AndroidCnct/test1. Date: 1771706378068.
2026-02-21 20:39:38 Closing channel on service path '/services/electron-window'.
2026-02-21 20:39:38 Closing channel on service path '/services/ide-updater'.
2026-02-21 20:39:38 2026-02-21T20:39:38.072Z root INFO socked closed
2026-02-21 20:39:38 2026-02-21T20:39:38.072Z root INFO closing connection for 1
2026-02-21 20:39:38 2026-02-21T20:39:38.072Z root INFO Closing channel on service path '/localization-server'.
2026-02-21 20:39:38 2026-02-21T20:39:38.072Z root INFO Closing channel on service path '/os'.
2026-02-21 20:39:38 2026-02-21T20:39:38.072Z root INFO Closing channel on service path '/services/commands'.
2026-02-21 20:39:38 2026-02-21T20:39:38.072Z root INFO Closing channel on service path '/services/keyboard'.
2026-02-21 20:39:38 2026-02-21T20:39:38.072Z root INFO Closing channel on service path '/services/logger'.
2026-02-21 20:39:38 2026-02-21T20:39:38.072Z root INFO Closing channel on service path '/services/messageService'.
2026-02-21 20:39:38 2026-02-21T20:39:38.072Z root INFO Closing channel on service path '/services/ChannelCloseService'.
2026-02-21 20:39:38 2026-02-21T20:39:38.072Z root INFO Closing channel on service path '/services/remote-filesystem'.
2026-02-21 20:39:38 2026-02-21T20:39:38.072Z root INFO Closing channel on service path '/services/envs'.
2026-02-21 20:39:38 2026-02-21T20:39:38.072Z root INFO Closing channel on service path '/services/authentication-service'.
2026-02-21 20:39:38 2026-02-21T20:39:38.072Z root INFO Closing channel on service path '/services/sketches-service'.
2026-02-21 20:39:38 2026-02-21T20:39:38.072Z root INFO Closing channel on service path '/services/config-service'.
2026-02-21 20:39:38 2026-02-21T20:39:38.072Z root INFO Closing channel on service path '/services/workspace'.
2026-02-21 20:39:38 2026-02-21T20:39:38.072Z root INFO Closing channel on service path '/services/notification-service'.
2026-02-21 20:39:38 2026-02-21T20:39:38.072Z root INFO Closing channel on service path '/services/arduino-daemon'.
2026-02-21 20:39:38 2026-02-21T20:39:38.072Z root INFO Closing channel on service path '/services/stopwatch'.
2026-02-21 20:39:38 2026-02-21T20:39:38.072Z root INFO Closing channel on service path '/services/application'.
2026-02-21 20:39:38 2026-02-21T20:39:38.072Z root INFO Closing channel on service path '/services/i18n'.
2026-02-21 20:39:38 2026-02-21T20:39:38.072Z root INFO Closing channel on service path '/services/quickInput'.
2026-02-21 20:39:38 2026-02-21T20:39:38.072Z root INFO Closing channel on service path '/services/debug'.
2026-02-21 20:39:38 2026-02-21T20:39:38.072Z root INFO Closing channel on service path '/services/shell-terminal'.
2026-02-21 20:39:38 2026-02-21T20:39:38.072Z root INFO Closing channel on service path '/services/quickPick'.
2026-02-21 20:39:38 2026-02-21T20:39:38.072Z root INFO Closing channel on service path '/services/task'.
2026-02-21 20:39:38 2026-02-21T20:39:38.072Z root INFO Closing channel on service path '/services/search'.
2026-02-21 20:39:38 2026-02-21T20:39:38.072Z root INFO Closing channel on service path '/services/hostedPlugin'.
2026-02-21 20:39:38 2026-02-21T20:39:38.072Z root INFO Closing channel on service path '/services/plugin-ext'.
2026-02-21 20:39:38 2026-02-21T20:39:38.072Z root INFO Closing channel on service path '/services/plugin-paths'.
2026-02-21 20:39:38 2026-02-21T20:39:38.072Z root INFO Closing channel on service path '/services/cli-preferences'.
2026-02-21 20:39:38 2026-02-21T20:39:38.072Z root INFO Closing channel on service path '/services/boards-service'.
2026-02-21 20:39:38 2026-02-21T20:39:38.072Z root INFO Closing channel on service path '/services/response-service'.
2026-02-21 20:39:38 2026-02-21T20:39:38.072Z root INFO Closing channel on service path '/services/file-system-ext'.
2026-02-21 20:39:38 2026-02-21T20:39:38.072Z root INFO Closing channel on service path '/services/core-service'.
2026-02-21 20:39:38 2026-02-21T20:39:38.072Z root INFO Closing channel on service path '/services/example-service'.
2026-02-21 20:39:38 2026-02-21T20:39:38.072Z root INFO Closing channel on service path '/services/library-service'.
2026-02-21 20:39:38 2026-02-21T20:39:38.072Z root INFO Closing channel on service path '/services/executable-service'.
2026-02-21 20:39:38 2026-02-21T20:39:38.072Z root INFO Closing channel on service path '/services/arduino-firmware-uploader'.
2026-02-21 20:39:38 2026-02-21T20:39:38.072Z root INFO Closing channel on service path '/services/formatter'.
2026-02-21 20:39:38 2026-02-21T20:39:38.072Z root INFO Closing channel on service path '/services/search-in-workspace'.
2026-02-21 20:39:38 2026-02-21T20:39:38.072Z root INFO Closing channel on service path '/services/request-service'.
2026-02-21 20:39:38 2026-02-21T20:39:38.072Z root INFO Closing channel on service path '/services/keyStore'.
2026-02-21 20:39:38 2026-02-21T20:39:38.072Z root INFO Closing channel on service path '/services/languagePackService'.
2026-02-21 20:39:38 2026-02-21T20:39:38.216Z daemon INFO time="2026-02-21T20:39:38Z" level=info msg="Adding libraries dir" dir=/home/shrek/.arduino15/libraries isSingleLibrary=false location=ide
time="2026-02-21T20:39:38Z" level=info msg="Adding libraries dir" dir=/home/shrek/.arduino15/packages/esp8266/hardware/esp8266/3.1.2/libraries isSingleLibrary=false location=platform
2026-02-21 20:39:38 2026-02-21T20:39:38.216Z daemon INFO time="2026-02-21T20:39:38Z" level=info msg="Adding libraries dir" dir=/home/shrek/Arduino/libraries isSingleLibrary=false location=user
2026-02-21 20:44:21 isTempSketch: true. Input was /tmp/.arduinoIDE-unsaved2026121-1612-nq1r97.z84c/sketch_feb21a
2026-02-21 20:44:21 Ignored marking workspace as a closed sketch. The sketch was detected as temporary. Workspace URI: file:///tmp/.arduinoIDE-unsaved2026121-1612-nq1r97.z84c/sketch_feb21a.
2026-02-21 20:44:21 isTempSketch: true. Input was /tmp/.arduinoIDE-unsaved2026121-1612-nq1r97.z84c/sketch_feb21a
2026-02-21 20:44:21 Ignored marking workspace as a closed sketch. The sketch was detected as temporary. Workspace URI: file:///tmp/.arduinoIDE-unsaved2026121-1612-nq1r97.z84c/sketch_feb21a.
2026-02-21 20:44:21 2026-02-21T20:44:21.518Z root INFO socked closed
2026-02-21 20:44:21 2026-02-21T20:44:21.518Z root INFO closing connection for 2
2026-02-21 20:44:21 2026-02-21T20:44:21.518Z root INFO Closing channel on service path '/localization-server'.
2026-02-21 20:44:21 2026-02-21T20:44:21.518Z root INFO Closing channel on service path '/os'.
2026-02-21 20:44:21 2026-02-21T20:44:21.518Z root INFO Closing channel on service path '/services/commands'.
2026-02-21 20:44:21 2026-02-21T20:44:21.518Z root INFO Closing channel on service path '/services/keyboard'.
2026-02-21 20:44:21 2026-02-21T20:44:21.518Z root INFO Closing channel on service path '/services/logger'.
2026-02-21 20:44:21 2026-02-21T20:44:21.518Z root INFO Closing channel on service path '/services/messageService'.
2026-02-21 20:44:21 2026-02-21T20:44:21.518Z root INFO Closing channel on service path '/services/ChannelCloseService'.
2026-02-21 20:44:21 2026-02-21T20:44:21.518Z root INFO Closing channel on service path '/services/remote-filesystem'.
2026-02-21 20:44:21 2026-02-21T20:44:21.518Z root INFO Closing channel on service path '/services/envs'.
2026-02-21 20:44:21 2026-02-21T20:44:21.518Z root INFO Closing channel on service path '/services/authentication-service'.
2026-02-21 20:44:21 2026-02-21T20:44:21.518Z root INFO Closing channel on service path '/services/sketches-service'.
2026-02-21 20:44:21 2026-02-21T20:44:21.518Z root INFO Closing channel on service path '/services/config-service'.
2026-02-21 20:44:21 2026-02-21T20:44:21.518Z root INFO Closing channel on service path '/services/workspace'.
2026-02-21 20:44:21 2026-02-21T20:44:21.518Z root INFO Closing channel on service path '/services/notification-service'.
2026-02-21 20:44:21 2026-02-21T20:44:21.518Z root INFO Closing channel on service path '/services/arduino-daemon'.
2026-02-21 20:44:21 2026-02-21T20:44:21.518Z root INFO Closing channel on service path '/services/stopwatch'.
2026-02-21 20:44:21 2026-02-21T20:44:21.518Z root INFO Closing channel on service path '/services/application'.
2026-02-21 20:44:21 2026-02-21T20:44:21.518Z root INFO Closing channel on service path '/services/i18n'.
2026-02-21 20:44:21 2026-02-21T20:44:21.518Z root INFO Closing channel on service path '/services/quickInput'.
2026-02-21 20:44:21 2026-02-21T20:44:21.518Z root INFO Closing channel on service path '/services/debug'.
2026-02-21 20:44:21 2026-02-21T20:44:21.518Z root INFO Closing channel on service path '/services/shell-terminal'.
2026-02-21 20:44:21 2026-02-21T20:44:21.518Z root INFO Closing channel on service path '/services/quickPick'.
2026-02-21 20:44:21 2026-02-21T20:44:21.518Z root INFO Closing channel on service path '/services/task'.
2026-02-21 20:44:21 2026-02-21T20:44:21.518Z root INFO Closing channel on service path '/services/search'.
2026-02-21 20:44:21 2026-02-21T20:44:21.518Z root INFO Closing channel on service path '/services/hostedPlugin'.
2026-02-21 20:44:21 2026-02-21T20:44:21.518Z root INFO Closing channel on service path '/services/plugin-ext'.
2026-02-21 20:44:21 2026-02-21T20:44:21.518Z root INFO Closing channel on service path '/services/plugin-paths'.
2026-02-21 20:44:21 2026-02-21T20:44:21.518Z root INFO Closing channel on service path '/services/cli-preferences'.
2026-02-21 20:44:21 2026-02-21T20:44:21.518Z root INFO Closing channel on service path '/services/boards-service'.
2026-02-21 20:44:21 2026-02-21T20:44:21.518Z root INFO Closing channel on service path '/services/response-service'.
2026-02-21 20:44:21 2026-02-21T20:44:21.518Z root INFO Closing channel on service path '/services/file-system-ext'.
2026-02-21 20:44:21 2026-02-21T20:44:21.518Z root INFO Closing channel on service path '/services/core-service'.
2026-02-21 20:44:21 2026-02-21T20:44:21.518Z root INFO Closing channel on service path '/services/example-service'.
2026-02-21 20:44:21 2026-02-21T20:44:21.518Z root INFO Closing channel on service path '/services/library-service'.
2026-02-21 20:44:21 2026-02-21T20:44:21.518Z root INFO Closing channel on service path '/services/executable-service'.
2026-02-21 20:44:21 2026-02-21T20:44:21.518Z root INFO Closing channel on service path '/services/arduino-firmware-uploader'.
2026-02-21 20:44:21 2026-02-21T20:44:21.518Z root INFO Closing channel on service path '/services/formatter'.
2026-02-21 20:44:21 2026-02-21T20:44:21.518Z root INFO Closing channel on service path '/services/search-in-workspace'.
2026-02-21 20:44:21 2026-02-21T20:44:21.518Z root INFO Closing channel on service path '/services/request-service'.
2026-02-21 20:44:21 2026-02-21T20:44:21.518Z root INFO Closing channel on service path '/services/keyStore'.
2026-02-21 20:44:21 2026-02-21T20:44:21.518Z root INFO Closing channel on service path '/services/languagePackService'.
2026-02-21 20:44:21 Closing channel on service path '/services/electron-window'.
2026-02-21 20:44:21 Closing channel on service path '/services/ide-updater'.
2026-02-21 20:44:21 Skipped storing sketch as workspace root. Expected minimum threshold: <1771706660522>. Was: <1771706378066>.
2026-02-21 20:44:21 Skipped storing sketch as workspace root. Expected minimum threshold: <1771706660522>. Was: <1771706378068>.
2026-02-21 20:44:21 Stored workspaces roots: 
2026-02-21 20:44:21 No sketches were scheduled for deletion.
2026-02-21 20:46:20 Arduino IDE 2.3.7
2026-02-21 20:46:20 Checking for frontend application configuration customizations. Module path: /opt/arduino-ide/resources/app/lib/backend/electron-main.js, destination 'package.json': /opt/arduino-ide/resources/app/package.json
2026-02-21 20:46:20 Setting 'theia.frontend.config.appVersion' application configuration value to: "2.3.7" (type of string)
2026-02-21 20:46:20 Setting 'theia.frontend.config.cliVersion' application configuration value to: "1.3.1" (type of string)
2026-02-21 20:46:20 Setting 'theia.frontend.config.buildDate' application configuration value to: "2025-12-17T16:01:58.874Z" (type of string)
2026-02-21 20:46:20 Frontend application configuration after modifications: {"applicationName":"Arduino IDE","defaultTheme":{"light":"arduino-theme","dark":"arduino-theme-dark"},"defaultIconTheme":"none","electron":{"windowOptions":{},"showWindowEarly":true,"splashScreenOptions":{},"uriScheme":"arduino-ide"},"defaultLocale":"","validatePreferencesSchema":false,"reloadOnReconnect":true,"uriScheme":"theia","preferences":{"window.title":"${rootName}${activeEditorShort}${appName}","files.autoSave":"afterDelay","editor.minimap.enabled":false,"editor.tabSize":2,"editor.scrollBeyondLastLine":false,"editor.quickSuggestions":{"other":false,"comments":false,"strings":false},"editor.maxTokenizationLineLength":500,"editor.bracketPairColorization.enabled":false,"breadcrumbs.enabled":false,"workbench.tree.renderIndentGuides":"none","explorer.compactFolders":false},"appVersion":"2.3.7","cliVersion":"1.3.1","buildDate":"2025-12-17T16:01:58.874Z"}
2026-02-21 20:46:20 Starting backend process. PID: 15636
2026-02-21 20:46:20 Showing main window early
2026-02-21 20:46:20 Using browser-only version of superagent in non-browser environment
2026-02-21 20:46:20 Configuration directory URI: 'file:///home/shrek/.arduinoIDE'
2026-02-21 20:46:20 Configuring to accept webviews on '^.+\.webview\..+$' hostname.
2026-02-21 20:46:20 2026-02-21T20:46:20.831Z root INFO Backend u.initialize: 18.0 ms [Finished 0.360 s after backend start]
2026-02-21 20:46:20 2026-02-21T20:46:20.831Z root INFO Backend Object.initialize: 16.9 ms [Finished 0.360 s after backend start]
2026-02-21 20:46:20 2026-02-21T20:46:20.831Z root INFO Backend a.initialize: 0.7 ms [Finished 0.360 s after backend start]
2026-02-21 20:46:20 2026-02-21T20:46:20.831Z root INFO Backend a.initialize: 0.6 ms [Finished 0.360 s after backend start]
2026-02-21 20:46:20 2026-02-21T20:46:20.831Z root INFO Backend u.initialize: 0.8 ms [Finished 0.361 s after backend start]
2026-02-21 20:46:20 2026-02-21T20:46:20.832Z root INFO Backend l.initialize: 17.8 ms [Finished 0.361 s after backend start]
2026-02-21 20:46:20 2026-02-21T20:46:20.836Z root INFO configured all backend app contributions
2026-02-21 20:46:20 2026-02-21T20:46:20.837Z root INFO Backend l.onStart: 0.8 ms [Finished 0.367 s after backend start]
2026-02-21 20:46:20 2026-02-21T20:46:20.837Z root INFO Backend d.onStart: 0.0 ms [Finished 0.367 s after backend start]
2026-02-21 20:46:20 2026-02-21T20:46:20.837Z root INFO Backend a.onStart: 0.2 ms [Finished 0.367 s after backend start]
2026-02-21 20:46:20 2026-02-21T20:46:20.837Z config INFO >>> Initializing CLI configuration...
2026-02-21 20:46:20 2026-02-21T20:46:20.837Z root INFO Backend x.onStart: 0.2 ms [Finished 0.367 s after backend start]
2026-02-21 20:46:20 2026-02-21T20:46:20.837Z config INFO Loading CLI configuration from /home/shrek/.arduinoIDE/arduino-cli.yaml...
2026-02-21 20:46:20 2026-02-21T20:46:20.837Z daemon INFO Starting daemon from /opt/arduino-ide/resources/app/lib/backend/resources/arduino-cli...
2026-02-21 20:46:20 2026-02-21T20:46:20.837Z root INFO Backend w.onStart: 0.2 ms [Finished 0.368 s after backend start]
2026-02-21 20:46:20 2026-02-21T20:46:20.838Z discovery-log INFO start
2026-02-21 20:46:20 2026-02-21T20:46:20.838Z discovery-log INFO start new deferred
2026-02-21 20:46:20 2026-02-21T20:46:20.838Z root INFO Backend v.onStart: 0.1 ms [Finished 0.368 s after backend start]
2026-02-21 20:46:20 2026-02-21T20:46:20.838Z root INFO Backend a.onStart: 0.1 ms [Finished 0.368 s after backend start]
2026-02-21 20:46:20 2026-02-21T20:46:20.840Z root INFO Theia app listening on http://127.0.0.1:40121.
2026-02-21 20:46:20 2026-02-21T20:46:20.840Z root INFO Finished starting backend application: 2.2 ms [Finished 0.370 s after backend start]
2026-02-21 20:46:20 2026-02-21T20:46:20.840Z root WARN The local plugin referenced by local-dir:/home/shrek/.arduinoIDE/plugins does not exist.
2026-02-21 20:46:20 2026-02-21T20:46:20.840Z root WARN The local plugin referenced by local-dir:/home/shrek/.arduinoIDE/deployedPlugins does not exist.
2026-02-21 20:46:20 2026-02-21T20:46:20.843Z config INFO Loaded CLI configuration: {"board_manager":{"additional_urls":["http://arduino.esp8266.com/stable/package_esp8266com_index.json"]},"directories":{"builtin":{"libraries":"/home/shrek/.arduino15/libraries"},"data":"/home/shrek/.arduino15","user":"/home/shrek/Arduino"},"locale":"en"}
2026-02-21 20:46:20 2026-02-21T20:46:20.843Z config INFO 'directories.data' and 'directories.user' are set in the CLI configuration model.
2026-02-21 20:46:20 2026-02-21T20:46:20.843Z config INFO Loaded the CLI configuration.
2026-02-21 20:46:20 2026-02-21T20:46:20.847Z config INFO Mapped the CLI configuration: {"dataDirUri":"file:///home/shrek/.arduino15","sketchDirUri":"file:///home/shrek/Arduino","additionalUrls":["http://arduino.esp8266.com/stable/package_esp8266com_index.json"],"network":"none","locale":"en"}
2026-02-21 20:46:20 2026-02-21T20:46:20.847Z config INFO Validating the CLI configuration...
2026-02-21 20:46:20 2026-02-21T20:46:20.847Z config INFO The CLI config is valid.
2026-02-21 20:46:20 2026-02-21T20:46:20.847Z config INFO <<< Initialized the CLI configuration.
2026-02-21 20:46:20 2026-02-21T20:46:20.856Z daemon INFO time="2026-02-21T20:46:20Z" level=info msg="arduino-cli version 1.3.1"
time="2026-02-21T20:46:20Z" level=info msg="Using config file: /home/shrek/.arduinoIDE/arduino-cli.yaml"
time="2026-02-21T20:46:20Z" level=info msg="Executing `arduino-cli daemon`"
Daemon is now listening on 127.0.0.1:34533
{"IP":"127.0.0.1","Port":"34533"}
2026-02-21 20:46:20 2026-02-21T20:46:20.856Z daemon INFO Daemon is running.
2026-02-21 20:46:20 2026-02-21T20:46:20.876Z root INFO Resolve plugins list: 37.6 ms [Finished 0.406 s after backend start]
2026-02-21 20:46:20 2026-02-21T20:46:20.882Z daemon INFO time="2026-02-21T20:46:20Z" level=info msg="Checking signature" index=/home/shrek/.arduino15/package_index.json signatureFile=/home/shrek/.arduino15/package_index.json.sig trusted=true
2026-02-21 20:46:20 2026-02-21T20:46:20.885Z daemon INFO time="2026-02-21T20:46:20Z" level=info msg="Missing signature file" index=/home/shrek/.arduino15/package_esp8266com_index.json
time="2026-02-21T20:46:20Z" level=info msg="Loading hardware from: /home/shrek/.arduino15/packages"
time="2026-02-21T20:46:20Z" level=info msg="Loading package arduino from: /home/shrek/.arduino15/packages/arduino/hardware"
time="2026-02-21T20:46:20Z" level=info msg="Missing signature file" index=/home/shrek/.arduino15/packages/arduino/hardware/avr/1.8.7/installed.json
time="2026-02-21T20:46:20Z" level=info msg="Adding monitor tool" protocol=serial tool="builtin:serial-monitor"
time="2026-02-21T20:46:20Z" level=info msg="Loaded platform" platform="arduino:avr@1.8.7"
time="2026-02-21T20:46:20Z" level=info msg="Checking existence of 'tools' path: /home/shrek/.arduino15/packages/arduino/tools"
time="2026-02-21T20:46:20Z" level=info msg="Loading tools from dir: /home/shrek/.arduino15/packages/arduino/tools"
time="2026-02-21T20:46:20Z" level=info msg="Loaded tool" tool="arduino:arduinoOTA@1.3.0"
time="2026-02-21T20:46:20Z" level=info msg="Loaded tool" tool="arduino:avr-gcc@7.3.0-atmel3.6.1-arduino7"
time="2026-02-21T20:46:20Z" level=info msg="Loaded tool" tool="arduino:avrdude@8.0.0-arduino1"
time="2026-02-21T20:46:20Z" level=info msg="Loaded tool" tool="arduino:dfu-util@0.11.0-arduino5"
time="2026-02-21T20:46:20Z" level=info msg="Loading package builtin from: /home/shrek/.arduino15/packages/builtin"
time="2026-02-21T20:46:20Z" level=info msg="Checking existence of 'tools' path: /home/shrek/.arduino15/packages/builtin/tools"
time="2026-02-21T20:46:20Z" level=info msg="Loading tools from dir: /home/shrek/.arduino15/packages/builtin/tools"
time="2026-02-21T20:46:20Z" level=info msg="Loaded tool" tool="builtin:ctags@5.8-arduino11"
time="2026-02-21T20:46:20Z" level=info msg="Loaded tool" tool="builtin:dfu-discovery@0.1.2"
time="2026-02-21T20:46:20Z" level=info msg="Loaded tool" tool="builtin:mdns-discovery@1.0.12"
time="2026-02-21T20:46:20Z" level=info msg="Loaded tool" tool="builtin:serial-discovery@1.4.3"
time="2026-02-21T20:46:20Z" level=info msg="Loaded tool" tool="builtin:serial-monitor@0.15.0"
time="2026-02-21T20:46:20Z" level=info msg="Loading package esp32 from: /home/shrek/.arduino15/packages/esp32/hardware"
2026-02-21 20:46:20 2026-02-21T20:46:20.885Z daemon INFO time="2026-02-21T20:46:20Z" level=info msg="Missing signature file" index=/home/shrek/.arduino15/packages/esp32/hardware/esp32/3.3.7/installed.json
2026-02-21 20:46:20 2026-02-21T20:46:20.981Z daemon INFO time="2026-02-21T20:46:20Z" level=info msg="Adding monitor tool" protocol=serial tool="builtin:serial-monitor"
time="2026-02-21T20:46:20Z" level=info msg="Loaded platform" platform="esp32:esp32@3.3.7"
time="2026-02-21T20:46:20Z" level=info msg="Checking existence of 'tools' path: /home/shrek/.arduino15/packages/esp32/tools"
time="2026-02-21T20:46:20Z" level=info msg="Loading tools from dir: /home/shrek/.arduino15/packages/esp32/tools"
time="2026-02-21T20:46:20Z" level=info msg="Loaded tool" tool="esp32:esp-rv32@2511"
time="2026-02-21T20:46:20Z" level=info msg="Loaded tool" tool="esp32:esp-x32@2511"
time="2026-02-21T20:46:20Z" level=info msg="Loaded tool" tool="esp32:esp32-libs@3.3.7"
time="2026-02-21T20:46:20Z" level=info msg="Loaded tool" tool="esp32:esp32c3-libs@3.3.7"
time="2026-02-21T20:46:20Z" level=info msg="Loaded tool" tool="esp32:esp32c5-libs@3.3.7"
time="2026-02-21T20:46:20Z" level=info msg="Loaded tool" tool="esp32:esp32c6-libs@3.3.7"
time="2026-02-21T20:46:20Z" level=info msg="Loaded tool" tool="esp32:esp32h2-libs@3.3.7"
time="2026-02-21T20:46:20Z" level=info msg="Loaded tool" tool="esp32:esp32p4-libs@3.3.7"
time="2026-02-21T20:46:20Z" level=info msg="Loaded tool" tool="esp32:esp32p4_es-libs@3.3.7"
time="2026-02-21T20:46:20Z" level=info msg="Loaded tool" tool="esp32:esp32s2-libs@3.3.7"
time="2026-02-21T20:46:20Z" level=info msg="Loaded tool" tool="esp32:esp32s3-libs@3.3.7"
time="2026-02-21T20:46:20Z" level=info msg="Loaded tool" tool="esp32:esptool_py@5.1.0"
time="2026-02-21T20:46:20Z" level=info msg="Loaded tool" tool="esp32:mklittlefs@4.0.2-db0513a"
time="2026-02-21T20:46:20Z" level=info msg="Loaded tool" tool="esp32:mkspiffs@0.2.3"
time="2026-02-21T20:46:20Z" level=info msg="Loaded tool" tool="esp32:openocd-esp32@v0.12.0-esp32-20251215"
time="2026-02-21T20:46:20Z" level=info msg="Loaded tool" tool="esp32:riscv32-esp-elf-gdb@16.3_20250913"
time="2026-02-21T20:46:20Z" level=info msg="Loaded tool" tool="esp32:xtensa-esp-elf-gdb@16.3_20250913"
time="2026-02-21T20:46:20Z" level=info msg="Loading package esp8266 from: /home/shrek/.arduino15/packages/esp8266/hardware"
time="2026-02-21T20:46:20Z" level=info msg="Missing signature file" index=/home/shrek/.arduino15/packages/esp8266/hardware/esp8266/3.1.2/installed.json
2026-02-21 20:46:20 2026-02-21T20:46:20.989Z daemon INFO time="2026-02-21T20:46:20Z" level=info msg="Adding monitor tool" protocol=serial tool="builtin:serial-monitor"
time="2026-02-21T20:46:20Z" level=info msg="Loaded platform" platform="esp8266:esp8266@3.1.2"
time="2026-02-21T20:46:20Z" level=info msg="Checking existence of 'tools' path: /home/shrek/.arduino15/packages/esp8266/tools"
time="2026-02-21T20:46:20Z" level=info msg="Loading tools from dir: /home/shrek/.arduino15/packages/esp8266/tools"
time="2026-02-21T20:46:20Z" level=info msg="Loaded tool" tool="esp8266:mklittlefs@3.1.0-gcc10.3-e5f9fec"
time="2026-02-21T20:46:20Z" level=info msg="Loaded tool" tool="esp8266:mkspiffs@3.1.0-gcc10.3-e5f9fec"
time="2026-02-21T20:46:20Z" level=info msg="Loaded tool" tool="esp8266:python3@3.7.2-post1"
time="2026-02-21T20:46:20Z" level=info msg="Loaded tool" tool="esp8266:xtensa-lx106-elf-gcc@3.1.0-gcc10.3-e5f9fec"
2026-02-21 20:46:20 2026-02-21T20:46:20.996Z daemon INFO time="2026-02-21T20:46:20Z" level=info msg="Adding libraries dir" dir=/home/shrek/.arduino15/packages/esp32/hardware/esp32/3.3.7/libraries isSingleLibrary=false location=platform
time="2026-02-21T20:46:20Z" level=info msg="Adding libraries dir" dir=/home/shrek/.arduino15/packages/esp8266/hardware/esp8266/3.1.2/libraries isSingleLibrary=false location=platform
time="2026-02-21T20:46:20Z" level=info msg="Adding libraries dir" dir=/home/shrek/.arduino15/packages/arduino/hardware/avr/1.8.7/libraries isSingleLibrary=false location=platform
time="2026-02-21T20:46:20Z" level=info msg="Loading libraries index file" index=/home/shrek/.arduino15/library_index.json
2026-02-21 20:46:21 2026-02-21T20:46:21.116Z daemon INFO time="2026-02-21T20:46:21Z" level=info msg="Adding libraries dir" dir=/home/shrek/.arduino15/libraries isSingleLibrary=false location=ide
time="2026-02-21T20:46:21Z" level=info msg="Adding libraries dir" dir=/home/shrek/Arduino/libraries isSingleLibrary=false location=user
2026-02-21 20:46:21 2026-02-21T20:46:21.126Z root INFO Deploy plugins list: 287.5 ms [Finished 0.656 s after backend start]
2026-02-21 20:46:21 2026-02-21T20:46:21.163Z discovery-log INFO start resolved watching
2026-02-21 20:46:21 2026-02-21T20:46:21.167Z discovery-log INFO {"eventType":"add","port":{"matchingBoardsList":[],"port":{"address":"/dev/ttyS0","label":"/dev/ttyS0","protocol":"serial","protocolLabel":"Serial Port","propertiesMap":[],"hardwareId":""}},"error":""}
2026-02-21 20:46:21 2026-02-21T20:46:21.238Z root INFO creating connection for 1
2026-02-21 20:46:21 2026-02-21T20:46:21.745Z root WARN A command editor.action.toggleStickyScroll is already registered.
2026-02-21 20:46:21 Opening channel for service path '/services/electron-window'.
2026-02-21 20:46:21 Opening channel for service path '/services/ide-updater'.
2026-02-21 20:46:21 2026-02-21T20:46:21.796Z root INFO Start frontend contributions: 139.8 ms [Finished 0.945 s after frontend start]
2026-02-21 20:46:21 2026-02-21T20:46:21.796Z root INFO Changed application state from 'init' to 'started_contributions'.
2026-02-21 20:46:21 2026-02-21T20:46:21.822Z root INFO Changed application state from 'started_contributions' to 'attached_shell'.
2026-02-21 20:46:21 2026-02-21T20:46:21.822Z root INFO >>> Restoring the layout state...
2026-02-21 20:46:21 2026-02-21T20:46:21.837Z root INFO [5a3dfee9-419f-424f-98ef-c9ae096e0f4c] Waiting for backend deployment: 49.6 ms [Finished 0.990 s after frontend start]
2026-02-21 20:46:22 2026-02-21T20:46:22.122Z root INFO [hosted-plugin: 15760] PLUGIN_HOST(15760) starting instance
[Object: null prototype] {}
2026-02-21 20:46:22 2026-02-21T20:46:22.440Z root INFO [5a3dfee9-419f-424f-98ef-c9ae096e0f4c] Sync of 23 plugins: 605.8 ms [Finished 1.596 s after frontend start]
2026-02-21 20:46:22 2026-02-21T20:46:22.453Z root INFO ------- SERIALIZED LAYOUT DATA -------
2026-02-21 20:46:22 2026-02-21T20:46:22.453Z root INFO {"version":5,"mainPanel":{"main":{"type":"tab-area","widgets":[{"constructionOptions":{"factoryId":"code-editor-opener","options":{"counter":0,"kind":"navigatable","uri":"file:///home/shrek/Arduino/AndroidCnct/test1/test1.ino"}},"innerWidgetState":"{\"cursorState\":[{\"inSelectionMode\":false,\"selectionStart\":{\"lineNumber\":27,\"column\":30},\"position\":{\"lineNumber\":27,\"column\":30}}],\"viewState\":{\"scrollLeft\":0,\"firstPosition\":{\"lineNumber\":1,\"column\":1},\"firstPositionDeltaTop\":0},\"contributionsState\":{\"editor.contrib.folding\":{\"lineCount\":44,\"provider\":\"indent\",\"foldedImports\":false},\"editor.contrib.wordHighlighter\":false}}"}],"currentIndex":0}},"mainPanelPinned":[false],"bottomPanel":{"config":{"main":{"type":"tab-area","widgets":[{"constructionOptions":{"factoryId":"outputView"},"innerWidgetState":"{\"locked\":false}"}],"currentIndex":0}},"pinned":[false],"size":514,"expanded":true},"leftPanel":{"type":"sidepanel","items":[{"widget":{"constructionOptions":{"factoryId":"arduino-sketchbook-widget"}},"rank":1,"expanded":false,"pinned":false},{"widget":{"constructionOptions":{"factoryId":"boards-list-widget"}},"rank":2,"expanded":false,"pinned":false},{"widget":{"constructionOptions":{"factoryId":"library-list-widget"}},"rank":3,"expanded":true,"pinned":false},{"widget":{"constructionOptions":{"factoryId":"debug"},"innerWidgetState":"{\"parts\":[{\"partId\":\"debug:threads:-1\",\"collapsed\":false,\"hidden\":false,\"relativeSize\":1.384,\"originalContainerId\":\"debug:view-container:-1\",\"originalContainerTitle\":{\"label\":\"debug\",\"iconClass\":\"codicon codicon-debug-alt\",\"closeable\":true},\"widget\":{\"constructionOptions\":{\"factoryId\":\"debug:threads\"},\"innerWidgetState\":\"{}\"}},{\"partId\":\"debug:frames:-1\",\"collapsed\":false,\"hidden\":false,\"relativeSize\":1.384,\"originalContainerId\":\"debug:view-container:-1\",\"originalContainerTitle\":{\"label\":\"debug\",\"iconClass\":\"codicon codicon-debug-alt\",\"closeable\":true},\"widget\":{\"constructionOptions\":{\"factoryId\":\"debug:frames\"},\"innerWidgetState\":\"{}\"}},{\"partId\":\"debug:variables:-1\",\"collapsed\":false,\"hidden\":false,\"relativeSize\":1.384,\"originalContainerId\":\"debug:view-container:-1\",\"originalContainerTitle\":{\"label\":\"debug\",\"iconClass\":\"codicon codicon-debug-alt\",\"closeable\":true},\"widget\":{\"constructionOptions\":{\"factoryId\":\"debug:variables\"},\"innerWidgetState\":\"{}\"}},{\"partId\":\"debug:watch:-1\",\"collapsed\":false,\"hidden\":false,\"relativeSize\":1.384,\"originalContainerId\":\"debug:view-container:-1\",\"originalContainerTitle\":{\"label\":\"debug\",\"iconClass\":\"codicon codicon-debug-alt\",\"closeable\":true},\"widget\":{\"constructionOptions\":{\"factoryId\":\"debug:watch\"},\"innerWidgetState\":\"{}\"}},{\"partId\":\"debug:breakpoints:-1\",\"collapsed\":false,\"hidden\":false,\"relativeSize\":1.384,\"originalContainerId\":\"debug:view-container:-1\",\"originalContainerTitle\":{\"label\":\"debug\",\"iconClass\":\"codicon codicon-debug-alt\",\"closeable\":true},\"widget\":{\"constructionOptions\":{\"factoryId\":\"debug:breakpoints\"},\"innerWidgetState\":\"{}\"}},{\"partId\":\"plugin-view:cortex-debug.peripherals\",\"collapsed\":true,\"hidden\":true,\"originalContainerId\":\"debug:view-container:-1\",\"originalContainerTitle\":{\"label\":\"debug\",\"iconClass\":\"codicon codicon-debug-alt\",\"closeable\":true},\"widget\":{\"constructionOptions\":{\"factoryId\":\"plugin-view\",\"options\":{\"id\":\"plugin-view:cortex-debug.peripherals\",\"viewId\":\"cortex-debug.peripherals\"}},\"innerWidgetState\":\"{\\\"label\\\":\\\"Cortex Peripherals\\\",\\\"widgets\\\":[],\\\"suppressUpdateViewVisibility\\\":false,\\\"currentViewContainerId\\\":\\\"debug\\\"}\"}},{\"partId\":\"plugin-view:cortex-debug.registers\",\"collapsed\":true,\"hidden\":true,\"originalContainerId\":\"debug:view-container:-1\",\"originalContainerTitle\":{\"label\":\"debug\",\"iconClass\":\"codicon codicon-debug-alt\",\"closeable\":true},\"widget\":{\"constructionOptions\":{\"factoryId\":\"plugin-view\",\"options\":{\"id\":\"plugin-view:cortex-debug.registers\",\"viewId\":\"cortex-debug.registers\"}},\"innerWidgetState\":\"{\\\"label\\\":\\\"Cortex Registers\\\",\\\"widgets\\\":[],\\\"suppressUpdateViewVisibility\\\":false,\\\"currentViewContainerId\\\":\\\"debug\\\"}\"}}],\"title\":{\"label\":\"debug\",\"iconClass\":\"codicon codicon-debug-alt\",\"closeable\":true}}"},"rank":4,"expanded":false,"pinned":false},{"widget":{"constructionOptions":{"factoryId":"search-view-container"},"innerWidgetState":"{\"parts\":[{\"partId\":\"search-in-workspace\",\"collapsed\":false,\"hidden\":false,\"originalContainerId\":\"search-view-container\",\"originalContainerTitle\":{\"label\":\"Search\",\"iconClass\":\"codicon codicon-search\",\"closeable\":true},\"widget\":{\"constructionOptions\":{\"factoryId\":\"search-in-workspace\"},\"innerWidgetState\":\"{\\\"matchCaseState\\\":{\\\"className\\\":\\\"codicon codicon-case-sensitive\\\",\\\"enabled\\\":false,\\\"title\\\":\\\"Match Case\\\"},\\\"wholeWordState\\\":{\\\"className\\\":\\\"codicon codicon-whole-word\\\",\\\"enabled\\\":false,\\\"title\\\":\\\"Match Whole Word\\\"},\\\"regExpState\\\":{\\\"className\\\":\\\"codicon codicon-regex\\\",\\\"enabled\\\":false,\\\"title\\\":\\\"Use Regular Expression\\\"},\\\"includeIgnoredState\\\":{\\\"className\\\":\\\"codicon codicon-eye\\\",\\\"enabled\\\":false,\\\"title\\\":\\\"Include Ignored Files\\\"},\\\"showSearchDetails\\\":false,\\\"searchInWorkspaceOptions\\\":{\\\"matchCase\\\":false,\\\"matchWholeWord\\\":false,\\\"useRegExp\\\":false,\\\"multiline\\\":false,\\\"includeIgnored\\\":false,\\\"include\\\":[],\\\"exclude\\\":[],\\\"maxResults\\\":2000},\\\"searchTerm\\\":\\\"\\\",\\\"replaceTerm\\\":\\\"\\\",\\\"showReplaceField\\\":false,\\\"searchHistoryState\\\":{\\\"history\\\":[],\\\"index\\\":0},\\\"replaceHistoryState\\\":{\\\"history\\\":[],\\\"index\\\":0},\\\"includeHistoryState\\\":{\\\"history\\\":[],\\\"index\\\":0},\\\"excludeHistoryState\\\":{\\\"history\\\":[],\\\"index\\\":0}}\"}}],\"title\":{\"label\":\"Search\",\"iconClass\":\"fa fa-arduino-search\",\"closeable\":true}}"},"rank":5,"expanded":false,"pinned":false}],"size":268},"rightPanel":{"type":"sidepanel","items":[]},"activeWidgetId":"code-editor-opener:file:///home/shrek/Arduino/AndroidCnct/test1/test1.ino:0"}
2026-02-21 20:46:22 2026-02-21T20:46:22.453Z root INFO ------- END SERIALIZED LAYOUT DATA -------
2026-02-21 20:46:22 2026-02-21T20:46:22.606Z root INFO <<< The layout has been successfully restored.
2026-02-21 20:46:22 2026-02-21T20:46:22.648Z root INFO Initialize the workbench layout: 784.6 ms [Finished 1.763 s after frontend start]
2026-02-21 20:46:22 2026-02-21T20:46:22.649Z root INFO Changed application state from 'attached_shell' to 'initialized_layout'.
2026-02-21 20:46:22 2026-02-21T20:46:22.649Z root INFO [5a3dfee9-419f-424f-98ef-c9ae096e0f4c] Loading plugin contributions
2026-02-21 20:46:22 2026-02-21T20:46:22.649Z root INFO [5a3dfee9-419f-424f-98ef-c9ae096e0f4c] Load contributions of 23 plugins: 40.2 ms [Finished 1.804 s after frontend start]
2026-02-21 20:46:22 2026-02-21T20:46:22.706Z root WARN 'cpp' language is remapped from 'source.cpp.embedded.macro' to 'source.cpp' scope
2026-02-21 20:46:22 2026-02-21T20:46:22.706Z root WARN a registered grammar configuration for 'cpp' language is overridden
2026-02-21 20:46:22 2026-02-21T20:46:22.787Z root ERROR [hosted-plugin: 15760] Conflict in settings file Default: Ignoring cortex-debug.armToolchainPath.linux as cortex-debug.armToolchainPath is null
2026-02-21 20:46:22 2026-02-21T20:46:22.787Z root ERROR [hosted-plugin: 15760] Conflict in settings file Default: Ignoring cortex-debug.armToolchainPath.osx as cortex-debug.armToolchainPath is null
Conflict in settings file Default: Ignoring cortex-debug.armToolchainPath.windows as cortex-debug.armToolchainPath is null
2026-02-21 20:46:22 2026-02-21T20:46:22.787Z root ERROR [hosted-plugin: 15760] Conflict in settings file Default: Ignoring cortex-debug.JLinkGDBServerPath.linux as cortex-debug.JLinkGDBServerPath is null
Conflict in settings file Default: Ignoring cortex-debug.JLinkGDBServerPath.osx as cortex-debug.JLinkGDBServerPath is null
2026-02-21 20:46:22 2026-02-21T20:46:22.787Z root ERROR [hosted-plugin: 15760] Conflict in settings file Default: Ignoring cortex-debug.JLinkGDBServerPath.windows as cortex-debug.JLinkGDBServerPath is null
2026-02-21 20:46:22 2026-02-21T20:46:22.787Z root ERROR [hosted-plugin: 15760] Conflict in settings file Default: Ignoring cortex-debug.openocdPath.linux as cortex-debug.openocdPath is null
2026-02-21 20:46:22 2026-02-21T20:46:22.787Z root ERROR [hosted-plugin: 15760] Conflict in settings file Default: Ignoring cortex-debug.openocdPath.osx as cortex-debug.openocdPath is null
2026-02-21 20:46:22 2026-02-21T20:46:22.787Z root ERROR [hosted-plugin: 15760] Conflict in settings file Default: Ignoring cortex-debug.openocdPath.windows as cortex-debug.openocdPath is null
2026-02-21 20:46:22 2026-02-21T20:46:22.787Z root ERROR [hosted-plugin: 15760] Conflict in settings file Default: Ignoring cortex-debug.pyocdPath.linux as cortex-debug.pyocdPath is null
2026-02-21 20:46:22 2026-02-21T20:46:22.787Z root ERROR [hosted-plugin: 15760] Conflict in settings file Default: Ignoring cortex-debug.pyocdPath.osx as cortex-debug.pyocdPath is null
Conflict in settings file Default: Ignoring cortex-debug.pyocdPath.windows as cortex-debug.pyocdPath is null
2026-02-21 20:46:22 2026-02-21T20:46:22.787Z root ERROR [hosted-plugin: 15760] Conflict in settings file Default: Ignoring cortex-debug.PEGDBServerPath.linux as cortex-debug.PEGDBServerPath is null
Conflict in settings file Default: Ignoring cortex-debug.PEGDBServerPath.osx as cortex-debug.PEGDBServerPath is null
2026-02-21 20:46:22 2026-02-21T20:46:22.787Z root ERROR [hosted-plugin: 15760] Conflict in settings file Default: Ignoring cortex-debug.PEGDBServerPath.windows as cortex-debug.PEGDBServerPath is null
Conflict in settings file Default: Ignoring cortex-debug.stutilPath.linux as cortex-debug.stutilPath is null
2026-02-21 20:46:22 2026-02-21T20:46:22.787Z root ERROR [hosted-plugin: 15760] Conflict in settings file Default: Ignoring cortex-debug.stutilPath.osx as cortex-debug.stutilPath is null
Conflict in settings file Default: Ignoring cortex-debug.stutilPath.windows as cortex-debug.stutilPath is null
2026-02-21 20:46:22 2026-02-21T20:46:22.787Z root ERROR [hosted-plugin: 15760] Conflict in settings file Default: Ignoring cortex-debug.stlinkPath.linux as cortex-debug.stlinkPath is null
Conflict in settings file Default: Ignoring cortex-debug.stlinkPath.osx as cortex-debug.stlinkPath is null
Conflict in settings file Default: Ignoring cortex-debug.stlinkPath.windows as cortex-debug.stlinkPath is null
2026-02-21 20:46:22 2026-02-21T20:46:22.787Z root ERROR [hosted-plugin: 15760] Conflict in settings file Default: Ignoring cortex-debug.stm32cubeprogrammer.linux as cortex-debug.stm32cubeprogrammer is null
Conflict in settings file Default: Ignoring cortex-debug.stm32cubeprogrammer.osx as cortex-debug.stm32cubeprogrammer is null
2026-02-21 20:46:22 2026-02-21T20:46:22.787Z root ERROR [hosted-plugin: 15760] Conflict in settings file Default: Ignoring cortex-debug.stm32cubeprogrammer.windows as cortex-debug.stm32cubeprogrammer is null
2026-02-21 20:46:22 2026-02-21T20:46:22.792Z root INFO [hosted-plugin: 15760] PLUGIN_HOST(15760): PluginManagerExtImpl/init()
2026-02-21 20:46:22 2026-02-21T20:46:22.793Z root INFO [hosted-plugin: 15760] PLUGIN_HOST(15760): initializing(vscode-arduino-api@0.1.2 with /opt/arduino-ide/resources/app/lib/backend/plugin-vscode-init)
2026-02-21 20:46:22 2026-02-21T20:46:22.831Z root INFO [hosted-plugin: 15760] PLUGIN_HOST(15760): initializing(json-language-features@1.88.1 with /opt/arduino-ide/resources/app/lib/backend/plugin-vscode-init)
2026-02-21 20:46:22 2026-02-21T20:46:22.838Z root INFO [hosted-plugin: 15760] PLUGIN_HOST(15760): initializing(cortex-debug@1.5.1 with /opt/arduino-ide/resources/app/lib/backend/plugin-vscode-init)
Debugger contribution has been registered: cortex-debug
2026-02-21 20:46:22 2026-02-21T20:46:22.838Z root INFO [hosted-plugin: 15760] PLUGIN_HOST(15760): initializing(vscode-arduino-tools@0.1.3 with /opt/arduino-ide/resources/app/lib/backend/plugin-vscode-init)
2026-02-21 20:46:22 2026-02-21T20:46:22.840Z root INFO [hosted-plugin: 15760] PLUGIN_HOST(15760): initializing(cpp@1.88.1 with /opt/arduino-ide/resources/app/lib/backend/plugin-vscode-init)
2026-02-21 20:46:22 2026-02-21T20:46:22.841Z root INFO [hosted-plugin: 15760] PLUGIN_HOST(15760): initializing(json@1.88.1 with /opt/arduino-ide/resources/app/lib/backend/plugin-vscode-init)
2026-02-21 20:46:22 2026-02-21T20:46:22.842Z root INFO [hosted-plugin: 15760] PLUGIN_HOST(15760): initializing(vscode-language-pack-bg@1.48.3 with /opt/arduino-ide/resources/app/lib/backend/plugin-vscode-init)
2026-02-21 20:46:22 2026-02-21T20:46:22.842Z root INFO [hosted-plugin: 15760] PLUGIN_HOST(15760): initializing(vscode-language-pack-cs@1.96.0 with /opt/arduino-ide/resources/app/lib/backend/plugin-vscode-init)
2026-02-21 20:46:22 2026-02-21T20:46:22.842Z root INFO [hosted-plugin: 15760] PLUGIN_HOST(15760): initializing(vscode-language-pack-de@1.96.0 with /opt/arduino-ide/resources/app/lib/backend/plugin-vscode-init)
2026-02-21 20:46:22 2026-02-21T20:46:22.843Z root INFO [hosted-plugin: 15760] PLUGIN_HOST(15760): initializing(vscode-language-pack-es@1.96.0 with /opt/arduino-ide/resources/app/lib/backend/plugin-vscode-init)
2026-02-21 20:46:22 2026-02-21T20:46:22.843Z root INFO [hosted-plugin: 15760] PLUGIN_HOST(15760): initializing(vscode-language-pack-fr@1.96.0 with /opt/arduino-ide/resources/app/lib/backend/plugin-vscode-init)
2026-02-21 20:46:22 2026-02-21T20:46:22.844Z root INFO [hosted-plugin: 15760] PLUGIN_HOST(15760): initializing(vscode-language-pack-hu@1.48.3 with /opt/arduino-ide/resources/app/lib/backend/plugin-vscode-init)
2026-02-21 20:46:22 2026-02-21T20:46:22.844Z root INFO [hosted-plugin: 15760] PLUGIN_HOST(15760): initializing(vscode-language-pack-it@1.96.0 with /opt/arduino-ide/resources/app/lib/backend/plugin-vscode-init)
2026-02-21 20:46:22 2026-02-21T20:46:22.844Z root INFO [hosted-plugin: 15760] PLUGIN_HOST(15760): initializing(vscode-language-pack-ja@1.96.0 with /opt/arduino-ide/resources/app/lib/backend/plugin-vscode-init)
2026-02-21 20:46:22 2026-02-21T20:46:22.844Z root INFO [hosted-plugin: 15760] PLUGIN_HOST(15760): initializing(vscode-language-pack-ko@1.96.0 with /opt/arduino-ide/resources/app/lib/backend/plugin-vscode-init)
2026-02-21 20:46:22 2026-02-21T20:46:22.844Z root INFO [hosted-plugin: 15760] PLUGIN_HOST(15760): initializing(vscode-language-pack-nl@1.48.3 with /opt/arduino-ide/resources/app/lib/backend/plugin-vscode-init)
2026-02-21 20:46:22 2026-02-21T20:46:22.845Z root INFO [hosted-plugin: 15760] PLUGIN_HOST(15760): initializing(vscode-language-pack-pl@1.96.0 with /opt/arduino-ide/resources/app/lib/backend/plugin-vscode-init)
2026-02-21 20:46:22 2026-02-21T20:46:22.845Z root INFO [hosted-plugin: 15760] PLUGIN_HOST(15760): initializing(vscode-language-pack-pt-BR@1.96.0 with /opt/arduino-ide/resources/app/lib/backend/plugin-vscode-init)
2026-02-21 20:46:22 2026-02-21T20:46:22.845Z root INFO [hosted-plugin: 15760] PLUGIN_HOST(15760): initializing(vscode-language-pack-ru@1.96.0 with /opt/arduino-ide/resources/app/lib/backend/plugin-vscode-init)
2026-02-21 20:46:22 2026-02-21T20:46:22.845Z root INFO [hosted-plugin: 15760] PLUGIN_HOST(15760): initializing(vscode-language-pack-tr@1.96.0 with /opt/arduino-ide/resources/app/lib/backend/plugin-vscode-init)
2026-02-21 20:46:22 2026-02-21T20:46:22.846Z root INFO [hosted-plugin: 15760] PLUGIN_HOST(15760): initializing(vscode-language-pack-uk@1.48.3 with /opt/arduino-ide/resources/app/lib/backend/plugin-vscode-init)
2026-02-21 20:46:22 2026-02-21T20:46:22.846Z root INFO [hosted-plugin: 15760] PLUGIN_HOST(15760): initializing(vscode-language-pack-zh-hans@1.96.0 with /opt/arduino-ide/resources/app/lib/backend/plugin-vscode-init)
2026-02-21 20:46:22 2026-02-21T20:46:22.846Z root INFO [hosted-plugin: 15760] PLUGIN_HOST(15760): initializing(vscode-language-pack-zh-hant@1.96.0 with /opt/arduino-ide/resources/app/lib/backend/plugin-vscode-init)
2026-02-21 20:46:22 2026-02-21T20:46:22.857Z root INFO [hosted-plugin: 15760] PLUGIN_HOST(15760): PluginManagerExtImpl/loadPlugin(/opt/arduino-ide/resources/app/plugins/vscode-builtin-json-language-features/extension/client/dist/node/jsonClientMain)
2026-02-21 20:46:22 2026-02-21T20:46:22.888Z root INFO [hosted-plugin: 15760] PLUGIN_HOST(15760): PluginManagerExtImpl/loadPlugin(/opt/arduino-ide/resources/app/plugins/vscode-arduino-tools/extension/dist/extension.js)
2026-02-21 20:46:22 2026-02-21T20:46:22.903Z root INFO [hosted-plugin: 15760] PLUGIN_HOST(15760): PluginManagerExtImpl/loadPlugin(/opt/arduino-ide/resources/app/plugins/vscode-arduino-api/extension/dist/extension.js)
2026-02-21 20:46:22 2026-02-21T20:46:22.905Z root INFO [hosted-plugin: 15760] calling activation function on VS Code Arduino Tools
2026-02-21 20:46:22 2026-02-21T20:46:22.905Z root INFO [hosted-plugin: 15760] calling activation function on Arduino IDE API for VS Code extensions
2026-02-21 20:46:22 2026-02-21T20:46:22.936Z root INFO [5a3dfee9-419f-424f-98ef-c9ae096e0f4c] Starting plugins.
2026-02-21 20:46:22 2026-02-21T20:46:22.953Z root INFO [hosted-plugin: 15760] PLUGIN_HOST(15760): PluginManagerExtImpl/loadPlugin(/opt/arduino-ide/resources/app/plugins/cortex-debug/extension/dist/extension.js)
2026-02-21 20:46:22 2026-02-21T20:46:22.972Z root INFO [hosted-plugin: 15760] Debug configuration provider has been registered: cortex-debug, trigger: 1
2026-02-21 20:46:22 2026-02-21T20:46:22.972Z root INFO [hosted-plugin: 15760] calling activation function on Cortex-Debug
2026-02-21 20:46:22 2026-02-21T20:46:22.973Z root INFO [hosted-plugin: 15760] GDB server console created
2026-02-21 20:46:22 2026-02-21T20:46:22.977Z root INFO [5a3dfee9-419f-424f-98ef-c9ae096e0f4c] Start of 23 plugins: 327.0 ms [Finished 2.133 s after frontend start]
2026-02-21 20:46:23 2026-02-21T20:46:23.042Z root INFO [hosted-plugin: 15760] calling activation function on JSON Language Features (built-in)
2026-02-21 20:46:23 2026-02-21T20:46:23.307Z root ERROR ---- !!!SLOW!!! DURATION: search took 200.468 ms. Args: [{"query":"","type":"All","topic":"All"}] ----
2026-02-21 20:46:23 2026-02-21T20:46:23.585Z root INFO Frontend application start: 1876.5 ms [Finished 3.115 s after backend start]
2026-02-21 20:46:23 Checking for update
2026-02-21 20:46:23 2026-02-21T20:46:23.600Z root INFO Replace loading indicator with ready workbench UI (animation): 829.7 ms [Finished 2.635 s after frontend start]
2026-02-21 20:46:23 2026-02-21T20:46:23.600Z root INFO Changed application state from 'initialized_layout' to 'ready'.
2026-02-21 20:46:23 2026-02-21T20:46:23.600Z root WARN Linked preference "workbench.colorCustomizations" not found.
2026-02-21 20:46:23 2026-02-21T20:46:23.615Z sketches-service WARN Mismatching sketch file <led.ino> and sketch folder name <practice>. Skipping
2026-02-21 20:46:23 2026-02-21T20:46:23.656Z sketches-service WARN Mismatching sketch file <led.ino> and sketch folder name <practice>. Skipping
2026-02-21 20:46:23 2026-02-21T20:46:23.657Z sketches-service WARN Mismatching sketch file <led.ino> and sketch folder name <practice>. Skipping
2026-02-21 20:46:23 2026-02-21T20:46:23.805Z daemon INFO time="2026-02-21T20:46:23Z" level=info msg="Tool required for debug" tool="esp8266:mklittlefs@3.1.0-gcc10.3-e5f9fec"
time="2026-02-21T20:46:23Z" level=info msg="Tool required for debug" tool="esp8266:mkspiffs@3.1.0-gcc10.3-e5f9fec"
time="2026-02-21T20:46:23Z" level=info msg="Tool required for debug" tool="esp8266:python3@3.7.2-post1"
time="2026-02-21T20:46:23Z" level=info msg="Tool required for debug" tool="esp8266:xtensa-lx106-elf-gcc@3.1.0-gcc10.3-e5f9fec"
time="2026-02-21T20:46:23Z" level=info msg="Tool required for debug" tool="esp32:esp32-libs@3.3.7"
time="2026-02-21T20:46:23Z" level=info msg="Tool required for debug" tool="esp32:esptool_py@5.1.0"
time="2026-02-21T20:46:23Z" level=info msg="Tool required for debug" tool="builtin:serial-monitor@0.15.0"
time="2026-02-21T20:46:23Z" level=info msg="Tool required for debug" tool="arduino:avrdude@8.0.0-arduino1"
time="2026-02-21T20:46:23Z" level=info msg="Tool required for debug" tool="esp32:esp32p4-libs@3.3.7"
time="2026-02-21T20:46:23Z" level=info msg="Tool required for debug" tool="esp32:openocd-esp32@v0.12.0-esp32-20251215"
time="2026-02-21T20:46:23Z" level=info msg="Tool required for debug" tool="esp32:esp32h2-libs@3.3.7"
time="2026-02-21T20:46:23Z" level=info msg="Tool required for debug" tool="esp32:esp-rv32@2511"
time="2026-02-21T20:46:23Z" level=info msg="Tool required for debug" tool="builtin:dfu-discovery@0.1.2"
time="2026-02-21T20:46:23Z" level=info msg="Tool required for debug" tool="arduino:avr-gcc@7.3.0-atmel3.6.1-arduino7"
time="2026-02-21T20:46:23Z" level=info msg="Tool required for debug" tool="arduino:dfu-util@0.11.0-arduino5"
time="2026-02-21T20:46:23Z" level=info msg="Tool required for debug" tool="esp32:riscv32-esp-elf-gdb@16.3_20250913"
time="2026-02-21T20:46:23Z" level=info msg="Tool required for debug" tool="esp32:esp32s3-libs@3.3.7"
time="2026-02-21T20:46:23Z" level=info msg="Tool required for debug" tool="esp32:esp32c3-libs@3.3.7"
time="2026-02-21T20:46:23Z" level=info msg="Tool required for debug" tool="builtin:ctags@5.8-arduino11"
time="2026-02-21T20:46:23Z" level=info msg="Tool required for debug" tool="builtin:serial-discovery@1.4.3"
time="2026-02-21T20:46:23Z" level=info msg="Tool required for debug" tool="esp32:esp32p4_es-libs@3.3.7"
time="2026-02-21T20:46:23Z" level=info msg="Tool required for debug" tool="esp32:esp32s2-libs@3.3.7"
time="2026-02-21T20:46:23Z" level=info msg="Tool required for debug" tool="builtin:mdns-discovery@1.0.12"
time="2026-02-21T20:46:23Z" level=info msg="Tool required for debug" tool="arduino:arduinoOTA@1.3.0"
time="2026-02-21T20:46:23Z" level=info msg="Tool required for debug" tool="esp32:esp32c5-libs@3.3.7"
time="2026-02-21T20:46:23Z" level=info msg="Tool required for debug" tool="esp32:xtensa-esp-elf-gdb@16.3_20250913"
time="2026-02-21T20:46:23Z" level=info msg="Tool required for debug" tool="esp32:esp32c6-libs@3.3.7"
time="2026-02-21T20:46:23Z" level=info msg="Tool required for debug" tool="esp32:esp-x32@2511"
2026-02-21 20:46:23 2026-02-21T20:46:23.806Z root ERROR Failed to get debug config: esp8266:esp8266:generic:led=2,baud=115200,xtal=80,CrystalFreq=26,eesz=1M64,FlashMode=dout,FlashFreq=40,ResetMethod=nodemcu,dbg=Disabled,lvl=None____,ip=lm2f,vt=flash,exception=disabled,stacksmash=disabled,wipe=none,sdk=nonosdk_190703,ssl=all,mmu=3232,non32xfer=fast, undefined Error: Debugging is not supported.
    at Object.callback (/opt/arduino-ide/resources/app/lib/backend/main.js:2:4742300)
    at Object.onReceiveStatus (/opt/arduino-ide/resources/app/lib/backend/main.js:2:3778020)
    at Object.onReceiveStatus (/opt/arduino-ide/resources/app/lib/backend/main.js:2:2211941)
    at Object.onReceiveStatus (/opt/arduino-ide/resources/app/lib/backend/main.js:2:2211386)
    at /opt/arduino-ide/resources/app/lib/backend/main.js:2:4348117
    at process.processTicksAndRejections (node:internal/process/task_queues:77:11)
2026-02-21 20:46:24 2026-02-21T20:46:24.015Z root ERROR ---- !!!SLOW!!! DURATION: search took 414.871 ms. Args: [{"type":"Updatable"}] ----
2026-02-21 20:46:24 2026-02-21T20:46:24.016Z root INFO Starting language server: esp8266:esp8266:generic:led=2,baud=115200,xtal=80,CrystalFreq=26,eesz=1M64,FlashMode=dout,FlashFreq=40,ResetMethod=nodemcu,dbg=Disabled,lvl=None____,ip=lm2f,vt=flash,exception=disabled,stacksmash=disabled,wipe=none,sdk=nonosdk_190703,ssl=all,mmu=3232,non32xfer=fast
2026-02-21 20:46:24 2026-02-21T20:46:24.031Z daemon INFO time="2026-02-21T20:46:24Z" level=info msg="Adding libraries dir" dir=/home/shrek/.arduino15/libraries isSingleLibrary=false location=ide
time="2026-02-21T20:46:24Z" level=info msg="Adding libraries dir" dir=/home/shrek/.arduino15/packages/esp8266/hardware/esp8266/3.1.2/libraries isSingleLibrary=false location=platform
2026-02-21 20:46:24 2026-02-21T20:46:24.031Z daemon INFO time="2026-02-21T20:46:24Z" level=info msg="Adding libraries dir" dir=/home/shrek/Arduino/libraries isSingleLibrary=false location=user
2026-02-21 20:46:24 2026-02-21T20:46:24.184Z daemon INFO time="2026-02-21T20:46:24Z" level=info msg="Resolving include Adafruit_SSD1306.h for arch esp8266"
time="2026-02-21T20:46:24Z" level=info msg="  found better lib" lib="Adafruit SSD1306" prio=6A7
2026-02-21 20:46:24 Update for version 2.3.7 is not available (latest version: 2.3.7, downgrade is allowed).
2026-02-21 20:46:24 2026-02-21T20:46:24.268Z daemon INFO time="2026-02-21T20:46:24Z" level=info msg="Resolving include Adafruit_GFX.h for arch esp8266"
time="2026-02-21T20:46:24Z" level=info msg="  found better lib" lib="Adafruit GFX Library" prio=517
2026-02-21 20:46:24 2026-02-21T20:46:24.351Z daemon INFO time="2026-02-21T20:46:24Z" level=info msg="Resolving include Adafruit_I2CDevice.h for arch esp8266"
time="2026-02-21T20:46:24Z" level=info msg="  found better lib" lib="Adafruit BusIO" prio=3EB
2026-02-21 20:46:24 2026-02-21T20:46:24.435Z daemon INFO time="2026-02-21T20:46:24Z" level=info msg="Resolving include Wire.h for arch esp8266"
time="2026-02-21T20:46:24Z" level=info msg="  found better lib" lib=Wire prio=6B0
2026-02-21 20:46:24 2026-02-21T20:46:24.519Z daemon INFO time="2026-02-21T20:46:24Z" level=info msg="Resolving include SPI.h for arch esp8266"
time="2026-02-21T20:46:24Z" level=info msg="  found better lib" lib=SPI prio=6B0
2026-02-21 20:46:25 2026-02-21T20:46:25.209Z daemon INFO time="2026-02-21T20:46:25Z" level=info msg="Adding libraries dir" dir=/home/shrek/.arduino15/libraries isSingleLibrary=false location=ide
time="2026-02-21T20:46:25Z" level=info msg="Adding libraries dir" dir=/home/shrek/.arduino15/packages/esp8266/hardware/esp8266/3.1.2/libraries isSingleLibrary=false location=platform
time="2026-02-21T20:46:25Z" level=info msg="Adding libraries dir" dir=/home/shrek/Arduino/libraries isSingleLibrary=false location=user
2026-02-21 20:46:30 2026-02-21T20:46:30.421Z root INFO creating connection for 2
2026-02-21 20:46:30 2026-02-21T20:46:30.934Z root WARN A command editor.action.toggleStickyScroll is already registered.
2026-02-21 20:46:30 Opening channel for service path '/services/electron-window'.
2026-02-21 20:46:30 Opening channel for service path '/services/ide-updater'.
2026-02-21 20:46:30 2026-02-21T20:46:30.994Z root INFO Start frontend contributions: 149.0 ms [Finished 0.915 s after frontend start]
2026-02-21 20:46:30 2026-02-21T20:46:30.994Z root INFO Changed application state from 'init' to 'started_contributions'.
2026-02-21 20:46:31 2026-02-21T20:46:31.005Z root INFO Changed application state from 'started_contributions' to 'attached_shell'.
2026-02-21 20:46:31 2026-02-21T20:46:31.005Z root INFO >>> Restoring the layout state...
2026-02-21 20:46:31 2026-02-21T20:46:31.022Z root INFO [3cb6d400-8819-4a48-b780-a2f91bebd2d6] Waiting for backend deployment: 36.5 ms [Finished 0.949 s after frontend start]
2026-02-21 20:46:31 2026-02-21T20:46:31.104Z root INFO <<< Nothing to restore.
2026-02-21 20:46:31 2026-02-21T20:46:31.104Z root INFO Initialize the workbench layout: 57.2 ms [Finished 0.990 s after frontend start]
2026-02-21 20:46:31 2026-02-21T20:46:31.104Z root INFO Changed application state from 'attached_shell' to 'initialized_layout'.
2026-02-21 20:46:31 2026-02-21T20:46:31.323Z root INFO [hosted-plugin: 15930] PLUGIN_HOST(15930) starting instance
[Object: null prototype] {}
2026-02-21 20:46:31 2026-02-21T20:46:31.691Z root INFO [3cb6d400-8819-4a48-b780-a2f91bebd2d6] Sync of 23 plugins: 647.8 ms [Finished 1.597 s after frontend start]
2026-02-21 20:46:31 2026-02-21T20:46:31.692Z root INFO [3cb6d400-8819-4a48-b780-a2f91bebd2d6] Loading plugin contributions
2026-02-21 20:46:31 2026-02-21T20:46:31.692Z root INFO [3cb6d400-8819-4a48-b780-a2f91bebd2d6] Load contributions of 23 plugins: 21.6 ms [Finished 1.619 s after frontend start]
2026-02-21 20:46:31 2026-02-21T20:46:31.707Z root WARN 'cpp' language is remapped from 'source.cpp.embedded.macro' to 'source.cpp' scope
2026-02-21 20:46:31 2026-02-21T20:46:31.707Z root WARN a registered grammar configuration for 'cpp' language is overridden
2026-02-21 20:46:31 2026-02-21T20:46:31.836Z root ERROR [hosted-plugin: 15930] Conflict in settings file Default: Ignoring cortex-debug.armToolchainPath.linux as cortex-debug.armToolchainPath is null
2026-02-21 20:46:31 2026-02-21T20:46:31.836Z root ERROR [hosted-plugin: 15930] Conflict in settings file Default: Ignoring cortex-debug.armToolchainPath.osx as cortex-debug.armToolchainPath is null
2026-02-21 20:46:31 2026-02-21T20:46:31.836Z root ERROR [hosted-plugin: 15930] Conflict in settings file Default: Ignoring cortex-debug.armToolchainPath.windows as cortex-debug.armToolchainPath is null
2026-02-21 20:46:31 2026-02-21T20:46:31.836Z root ERROR [hosted-plugin: 15930] Conflict in settings file Default: Ignoring cortex-debug.JLinkGDBServerPath.linux as cortex-debug.JLinkGDBServerPath is null
2026-02-21 20:46:31 2026-02-21T20:46:31.836Z root ERROR [hosted-plugin: 15930] Conflict in settings file Default: Ignoring cortex-debug.JLinkGDBServerPath.osx as cortex-debug.JLinkGDBServerPath is null
2026-02-21 20:46:31 2026-02-21T20:46:31.836Z root ERROR [hosted-plugin: 15930] Conflict in settings file Default: Ignoring cortex-debug.JLinkGDBServerPath.windows as cortex-debug.JLinkGDBServerPath is null
2026-02-21 20:46:31 2026-02-21T20:46:31.836Z root ERROR [hosted-plugin: 15930] Conflict in settings file Default: Ignoring cortex-debug.openocdPath.linux as cortex-debug.openocdPath is null
Conflict in settings file Default: Ignoring cortex-debug.openocdPath.osx as cortex-debug.openocdPath is null
2026-02-21 20:46:31 2026-02-21T20:46:31.836Z root ERROR [hosted-plugin: 15930] Conflict in settings file Default: Ignoring cortex-debug.openocdPath.windows as cortex-debug.openocdPath is null
Conflict in settings file Default: Ignoring cortex-debug.pyocdPath.linux as cortex-debug.pyocdPath is null
2026-02-21 20:46:31 2026-02-21T20:46:31.836Z root ERROR [hosted-plugin: 15930] Conflict in settings file Default: Ignoring cortex-debug.pyocdPath.osx as cortex-debug.pyocdPath is null
Conflict in settings file Default: Ignoring cortex-debug.pyocdPath.windows as cortex-debug.pyocdPath is null
Conflict in settings file Default: Ignoring cortex-debug.PEGDBServerPath.linux as cortex-debug.PEGDBServerPath is null
2026-02-21 20:46:31 2026-02-21T20:46:31.836Z root ERROR [hosted-plugin: 15930] Conflict in settings file Default: Ignoring cortex-debug.PEGDBServerPath.osx as cortex-debug.PEGDBServerPath is null
Conflict in settings file Default: Ignoring cortex-debug.PEGDBServerPath.windows as cortex-debug.PEGDBServerPath is null
Conflict in settings file Default: Ignoring cortex-debug.stutilPath.linux as cortex-debug.stutilPath is null
2026-02-21 20:46:31 2026-02-21T20:46:31.836Z root ERROR [hosted-plugin: 15930] Conflict in settings file Default: Ignoring cortex-debug.stutilPath.osx as cortex-debug.stutilPath is null
Conflict in settings file Default: Ignoring cortex-debug.stutilPath.windows as cortex-debug.stutilPath is null
Conflict in settings file Default: Ignoring cortex-debug.stlinkPath.linux as cortex-debug.stlinkPath is null
Conflict in settings file Default: Ignoring cortex-debug.stlinkPath.osx as cortex-debug.stlinkPath is null
Conflict in settings file Default: Ignoring cortex-debug.stlinkPath.windows as cortex-debug.stlinkPath is null
2026-02-21 20:46:31 2026-02-21T20:46:31.836Z root ERROR [hosted-plugin: 15930] Conflict in settings file Default: Ignoring cortex-debug.stm32cubeprogrammer.linux as cortex-debug.stm32cubeprogrammer is null
Conflict in settings file Default: Ignoring cortex-debug.stm32cubeprogrammer.osx as cortex-debug.stm32cubeprogrammer is null
Conflict in settings file Default: Ignoring cortex-debug.stm32cubeprogrammer.windows as cortex-debug.stm32cubeprogrammer is null
2026-02-21 20:46:31 2026-02-21T20:46:31.848Z root INFO [hosted-plugin: 15930] PLUGIN_HOST(15930): PluginManagerExtImpl/init()
2026-02-21 20:46:31 2026-02-21T20:46:31.849Z root INFO [hosted-plugin: 15930] PLUGIN_HOST(15930): initializing(vscode-arduino-api@0.1.2 with /opt/arduino-ide/resources/app/lib/backend/plugin-vscode-init)
2026-02-21 20:46:31 2026-02-21T20:46:31.891Z root INFO [hosted-plugin: 15930] PLUGIN_HOST(15930): initializing(json-language-features@1.88.1 with /opt/arduino-ide/resources/app/lib/backend/plugin-vscode-init)
2026-02-21 20:46:31 2026-02-21T20:46:31.898Z root INFO [hosted-plugin: 15930] PLUGIN_HOST(15930): initializing(cortex-debug@1.5.1 with /opt/arduino-ide/resources/app/lib/backend/plugin-vscode-init)
Debugger contribution has been registered: cortex-debug
PLUGIN_HOST(15930): initializing(vscode-arduino-tools@0.1.3 with /opt/arduino-ide/resources/app/lib/backend/plugin-vscode-init)
PLUGIN_HOST(15930): initializing(cpp@1.88.1 with /opt/arduino-ide/resources/app/lib/backend/plugin-vscode-init)
2026-02-21 20:46:31 2026-02-21T20:46:31.901Z root INFO [hosted-plugin: 15930] PLUGIN_HOST(15930): initializing(json@1.88.1 with /opt/arduino-ide/resources/app/lib/backend/plugin-vscode-init)
2026-02-21 20:46:31 2026-02-21T20:46:31.902Z root INFO [hosted-plugin: 15930] PLUGIN_HOST(15930): initializing(vscode-language-pack-bg@1.48.3 with /opt/arduino-ide/resources/app/lib/backend/plugin-vscode-init)
2026-02-21 20:46:31 2026-02-21T20:46:31.902Z root INFO [hosted-plugin: 15930] PLUGIN_HOST(15930): initializing(vscode-language-pack-cs@1.96.0 with /opt/arduino-ide/resources/app/lib/backend/plugin-vscode-init)
2026-02-21 20:46:31 2026-02-21T20:46:31.902Z root INFO [hosted-plugin: 15930] PLUGIN_HOST(15930): initializing(vscode-language-pack-de@1.96.0 with /opt/arduino-ide/resources/app/lib/backend/plugin-vscode-init)
2026-02-21 20:46:31 2026-02-21T20:46:31.903Z root INFO [hosted-plugin: 15930] PLUGIN_HOST(15930): initializing(vscode-language-pack-es@1.96.0 with /opt/arduino-ide/resources/app/lib/backend/plugin-vscode-init)
2026-02-21 20:46:31 2026-02-21T20:46:31.904Z root INFO [hosted-plugin: 15930] PLUGIN_HOST(15930): initializing(vscode-language-pack-fr@1.96.0 with /opt/arduino-ide/resources/app/lib/backend/plugin-vscode-init)
2026-02-21 20:46:31 2026-02-21T20:46:31.904Z root INFO [hosted-plugin: 15930] PLUGIN_HOST(15930): initializing(vscode-language-pack-hu@1.48.3 with /opt/arduino-ide/resources/app/lib/backend/plugin-vscode-init)
2026-02-21 20:46:31 2026-02-21T20:46:31.904Z root INFO [hosted-plugin: 15930] PLUGIN_HOST(15930): initializing(vscode-language-pack-it@1.96.0 with /opt/arduino-ide/resources/app/lib/backend/plugin-vscode-init)
2026-02-21 20:46:31 2026-02-21T20:46:31.905Z root INFO [hosted-plugin: 15930] PLUGIN_HOST(15930): initializing(vscode-language-pack-ja@1.96.0 with /opt/arduino-ide/resources/app/lib/backend/plugin-vscode-init)
2026-02-21 20:46:31 2026-02-21T20:46:31.905Z root INFO [hosted-plugin: 15930] PLUGIN_HOST(15930): initializing(vscode-language-pack-ko@1.96.0 with /opt/arduino-ide/resources/app/lib/backend/plugin-vscode-init)
2026-02-21 20:46:31 2026-02-21T20:46:31.905Z root INFO [hosted-plugin: 15930] PLUGIN_HOST(15930): initializing(vscode-language-pack-nl@1.48.3 with /opt/arduino-ide/resources/app/lib/backend/plugin-vscode-init)
2026-02-21 20:46:31 2026-02-21T20:46:31.906Z root INFO [hosted-plugin: 15930] PLUGIN_HOST(15930): initializing(vscode-language-pack-pl@1.96.0 with /opt/arduino-ide/resources/app/lib/backend/plugin-vscode-init)
2026-02-21 20:46:31 2026-02-21T20:46:31.906Z root INFO [hosted-plugin: 15930] PLUGIN_HOST(15930): initializing(vscode-language-pack-pt-BR@1.96.0 with /opt/arduino-ide/resources/app/lib/backend/plugin-vscode-init)
2026-02-21 20:46:31 2026-02-21T20:46:31.906Z root INFO [hosted-plugin: 15930] PLUGIN_HOST(15930): initializing(vscode-language-pack-ru@1.96.0 with /opt/arduino-ide/resources/app/lib/backend/plugin-vscode-init)
2026-02-21 20:46:31 2026-02-21T20:46:31.907Z root INFO [hosted-plugin: 15930] PLUGIN_HOST(15930): initializing(vscode-language-pack-tr@1.96.0 with /opt/arduino-ide/resources/app/lib/backend/plugin-vscode-init)
2026-02-21 20:46:31 2026-02-21T20:46:31.907Z root INFO [hosted-plugin: 15930] PLUGIN_HOST(15930): initializing(vscode-language-pack-uk@1.48.3 with /opt/arduino-ide/resources/app/lib/backend/plugin-vscode-init)
2026-02-21 20:46:31 2026-02-21T20:46:31.907Z root INFO [hosted-plugin: 15930] PLUGIN_HOST(15930): initializing(vscode-language-pack-zh-hans@1.96.0 with /opt/arduino-ide/resources/app/lib/backend/plugin-vscode-init)
2026-02-21 20:46:31 2026-02-21T20:46:31.908Z root INFO [hosted-plugin: 15930] PLUGIN_HOST(15930): initializing(vscode-language-pack-zh-hant@1.96.0 with /opt/arduino-ide/resources/app/lib/backend/plugin-vscode-init)
2026-02-21 20:46:32 isTempSketch: false. Input was /home/shrek/Arduino/AndroidCnct/test1
2026-02-21 20:46:32 Marking workspace as a closed sketch. Workspace URI: file:///home/shrek/Arduino/AndroidCnct/test1. Date: 1771706792041.
2026-02-21 20:46:32 isTempSketch: false. Input was /home/shrek/Arduino/AndroidCnct/test1
2026-02-21 20:46:32 Marking workspace as a closed sketch. Workspace URI: file:///home/shrek/Arduino/AndroidCnct/test1. Date: 1771706792042.
2026-02-21 20:46:32 Closing channel on service path '/services/electron-window'.
2026-02-21 20:46:32 Closing channel on service path '/services/ide-updater'.
2026-02-21 20:46:32 2026-02-21T20:46:32.046Z root INFO socked closed
2026-02-21 20:46:32 2026-02-21T20:46:32.046Z root INFO closing connection for 1
2026-02-21 20:46:32 2026-02-21T20:46:32.046Z root INFO Closing channel on service path '/localization-server'.
2026-02-21 20:46:32 2026-02-21T20:46:32.046Z root INFO Closing channel on service path '/os'.
2026-02-21 20:46:32 2026-02-21T20:46:32.046Z root INFO Closing channel on service path '/services/commands'.
2026-02-21 20:46:32 2026-02-21T20:46:32.046Z root INFO Closing channel on service path '/services/keyboard'.
2026-02-21 20:46:32 2026-02-21T20:46:32.046Z root INFO Closing channel on service path '/services/logger'.
2026-02-21 20:46:32 2026-02-21T20:46:32.046Z root INFO Closing channel on service path '/services/messageService'.
2026-02-21 20:46:32 2026-02-21T20:46:32.046Z root INFO Closing channel on service path '/services/ChannelCloseService'.
2026-02-21 20:46:32 2026-02-21T20:46:32.046Z root INFO Closing channel on service path '/services/remote-filesystem'.
2026-02-21 20:46:32 2026-02-21T20:46:32.046Z root INFO Closing channel on service path '/services/envs'.
2026-02-21 20:46:32 2026-02-21T20:46:32.046Z root INFO Closing channel on service path '/services/authentication-service'.
2026-02-21 20:46:32 2026-02-21T20:46:32.046Z root INFO Closing channel on service path '/services/sketches-service'.
2026-02-21 20:46:32 2026-02-21T20:46:32.046Z root INFO Closing channel on service path '/services/config-service'.
2026-02-21 20:46:32 2026-02-21T20:46:32.046Z root INFO Closing channel on service path '/services/workspace'.
2026-02-21 20:46:32 2026-02-21T20:46:32.046Z root INFO Closing channel on service path '/services/notification-service'.
2026-02-21 20:46:32 2026-02-21T20:46:32.046Z root INFO Closing channel on service path '/services/arduino-daemon'.
2026-02-21 20:46:32 2026-02-21T20:46:32.046Z root INFO Closing channel on service path '/services/stopwatch'.
2026-02-21 20:46:32 2026-02-21T20:46:32.046Z root INFO Closing channel on service path '/services/application'.
2026-02-21 20:46:32 2026-02-21T20:46:32.046Z root INFO Closing channel on service path '/services/i18n'.
2026-02-21 20:46:32 2026-02-21T20:46:32.046Z root INFO Closing channel on service path '/services/quickInput'.
2026-02-21 20:46:32 2026-02-21T20:46:32.046Z root INFO Closing channel on service path '/services/debug'.
2026-02-21 20:46:32 2026-02-21T20:46:32.046Z root INFO Closing channel on service path '/services/shell-terminal'.
2026-02-21 20:46:32 2026-02-21T20:46:32.046Z root INFO Closing channel on service path '/services/quickPick'.
2026-02-21 20:46:32 2026-02-21T20:46:32.046Z root INFO Closing channel on service path '/services/task'.
2026-02-21 20:46:32 2026-02-21T20:46:32.046Z root INFO Closing channel on service path '/services/search'.
2026-02-21 20:46:32 2026-02-21T20:46:32.046Z root INFO Closing channel on service path '/services/hostedPlugin'.
2026-02-21 20:46:32 2026-02-21T20:46:32.046Z root INFO Closing channel on service path '/services/plugin-ext'.
2026-02-21 20:46:32 2026-02-21T20:46:32.046Z root INFO Closing channel on service path '/services/plugin-paths'.
2026-02-21 20:46:32 2026-02-21T20:46:32.046Z root INFO Closing channel on service path '/services/cli-preferences'.
2026-02-21 20:46:32 2026-02-21T20:46:32.046Z root INFO Closing channel on service path '/services/boards-service'.
2026-02-21 20:46:32 2026-02-21T20:46:32.046Z root INFO Closing channel on service path '/services/response-service'.
2026-02-21 20:46:32 2026-02-21T20:46:32.046Z root INFO Closing channel on service path '/services/file-system-ext'.
2026-02-21 20:46:32 2026-02-21T20:46:32.046Z root INFO Closing channel on service path '/services/core-service'.
2026-02-21 20:46:32 2026-02-21T20:46:32.046Z root INFO Closing channel on service path '/services/example-service'.
2026-02-21 20:46:32 2026-02-21T20:46:32.046Z root INFO Closing channel on service path '/services/library-service'.
2026-02-21 20:46:32 2026-02-21T20:46:32.046Z root INFO Closing channel on service path '/services/executable-service'.
2026-02-21 20:46:32 2026-02-21T20:46:32.046Z root INFO Closing channel on service path '/services/arduino-firmware-uploader'.
2026-02-21 20:46:32 2026-02-21T20:46:32.046Z root INFO Closing channel on service path '/services/formatter'.
2026-02-21 20:46:32 2026-02-21T20:46:32.046Z root INFO Closing channel on service path '/services/search-in-workspace'.
2026-02-21 20:46:32 2026-02-21T20:46:32.046Z root INFO Closing channel on service path '/services/request-service'.
2026-02-21 20:46:32 2026-02-21T20:46:32.046Z root INFO Closing channel on service path '/services/keyStore'.
2026-02-21 20:46:32 2026-02-21T20:46:32.046Z root INFO Closing channel on service path '/services/languagePackService'.
2026-02-21 20:46:32 2026-02-21T20:46:32.065Z root INFO Frontend application start: 1161.9 ms [Finished 11.595 s after backend start]
2026-02-21 20:46:32 2026-02-21T20:46:32.079Z root INFO Replace loading indicator with ready workbench UI (animation): 894.6 ms [Finished 1.889 s after frontend start]
2026-02-21 20:46:32 2026-02-21T20:46:32.079Z root INFO Changed application state from 'initialized_layout' to 'ready'.
2026-02-21 20:46:32 2026-02-21T20:46:32.079Z root WARN Linked preference "workbench.colorCustomizations" not found.
2026-02-21 20:46:32 2026-02-21T20:46:32.084Z sketches-service WARN Mismatching sketch file <led.ino> and sketch folder name <practice>. Skipping
2026-02-21 20:46:32 2026-02-21T20:46:32.093Z root INFO [hosted-plugin: 15930] PLUGIN_HOST(15930): PluginManagerExtImpl/loadPlugin(/opt/arduino-ide/resources/app/plugins/vscode-builtin-json-language-features/extension/client/dist/node/jsonClientMain)
2026-02-21 20:46:32 2026-02-21T20:46:32.109Z sketches-service WARN Mismatching sketch file <led.ino> and sketch folder name <practice>. Skipping
2026-02-21 20:46:32 2026-02-21T20:46:32.110Z sketches-service WARN Mismatching sketch file <led.ino> and sketch folder name <practice>. Skipping
2026-02-21 20:46:32 2026-02-21T20:46:32.241Z root INFO Executing startup tasks:
2026-02-21 20:46:32 2026-02-21T20:46:32.241Z root INFO  - 'arduino-use-inherited-boards-data' , args: [{"fqbn":"esp8266:esp8266:generic","data":{"configOptions":[{"label":"Builtin Led","option":"led","values":[{"value":"2","label":"2","selected":true},{"value":"0","label":"0","selected":false},{"value":"1","label":"1","selected":false},{"value":"3","label":"3","selected":false},{"value":"4","label":"4","selected":false},{"value":"5","label":"5","selected":false},{"value":"6","label":"6","selected":false},{"value":"7","label":"7","selected":false},{"value":"8","label":"8","selected":false},{"value":"9","label":"9","selected":false},{"value":"10","label":"10","selected":false},{"value":"11","label":"11","selected":false},{"value":"12","label":"12","selected":false},{"value":"13","label":"13","selected":false},{"value":"14","label":"14","selected":false},{"value":"15","label":"15","selected":false},{"value":"16","label":"16","selected":false}]},{"label":"Upload Speed","option":"baud","values":[{"value":"115200","label":"115200","selected":true},{"value":"57600","label":"57600","selected":false},{"value":"230400","label":"230400","selected":false},{"value":"460800","label":"460800","selected":false},{"value":"921600","label":"921600","selected":false},{"value":"3000000","label":"3000000","selected":false}]},{"label":"CPU Frequency","option":"xtal","values":[{"value":"80","label":"80 MHz","selected":true},{"value":"160","label":"160 MHz","selected":false}]},{"label":"Crystal Frequency","option":"CrystalFreq","values":[{"value":"26","label":"26 MHz","selected":true},{"value":"40","label":"40 MHz","selected":false}]},{"label":"Flash Size","option":"eesz","values":[{"value":"1M64","label":"1MB (FS:64KB OTA:~470KB)","selected":true},{"value":"1M128","label":"1MB (FS:128KB OTA:~438KB)","selected":false},{"value":"1M144","label":"1MB (FS:144KB OTA:~430KB)","selected":false},{"value":"1M160","label":"1MB (FS:160KB OTA:~422KB)","selected":false},{"value":"1M192","label":"1MB (FS:192KB OTA:~406KB)","selected":false},{"value":"1M256","label":"1MB (FS:256KB OTA:~374KB)","selected":false},{"value":"1M512","label":"1MB (FS:512KB OTA:~246KB)","selected":false},{"value":"1M","label":"1MB (FS:none OTA:~502KB)","selected":false},{"value":"2M64","label":"2MB (FS:64KB OTA:~992KB)","selected":false},{"value":"2M128","label":"2MB (FS:128KB OTA:~960KB)","selected":false},{"value":"2M256","label":"2MB (FS:256KB OTA:~896KB)","selected":false},{"value":"2M512","label":"2MB (FS:512KB OTA:~768KB)","selected":false},{"value":"2M1M","label":"2MB (FS:1MB OTA:~512KB)","selected":false},{"value":"2M","label":"2MB (FS:none OTA:~1019KB)","selected":false},{"value":"4M2M","label":"4MB (FS:2MB OTA:~1019KB)","selected":false},{"value":"4M3M","label":"4MB (FS:3MB OTA:~512KB)","selected":false},{"value":"4M1M","label":"4MB (FS:1MB OTA:~1019KB)","selected":false},{"value":"4M","label":"4MB (FS:none OTA:~1019KB)","selected":false},{"value":"8M6M","label":"8MB (FS:6MB OTA:~1019KB)","selected":false},{"value":"8M7M","label":"8MB (FS:7MB OTA:~512KB)","selected":false},{"value":"8M","label":"8MB (FS:none OTA:~1019KB)","selected":false},{"value":"16M14M","label":"16MB (FS:14MB OTA:~1019KB)","selected":false},{"value":"16M15M","label":"16MB (FS:15MB OTA:~512KB)","selected":false},{"value":"16M","label":"16MB (FS:none OTA:~1019KB)","selected":false},{"value":"512K32","label":"512KB (FS:32KB OTA:~230KB)","selected":false},{"value":"512K64","label":"512KB (FS:64KB OTA:~214KB)","selected":false},{"value":"512K128","label":"512KB (FS:128KB OTA:~182KB)","selected":false},{"value":"512K","label":"512KB (FS:none OTA:~246KB)","selected":false},{"value":"autoflash","label":"Mapping defined by Hardware and Sketch","selected":false}]},{"label":"Flash Mode","option":"FlashMode","values":[{"value":"dout","label":"DOUT (compatible)","selected":true},{"value":"dio","label":"DIO","selected":false},{"value":"qout","label":"QOUT","selected":false},{"value":"qio","label":"QIO (fast)","selected":false}]},{"label":"Flash Frequency","option":"FlashFreq","values":[{"value":"40","label":"40MHz","selected":true},{"value":"80","label":"80MHz","selected":false},{"value":"20","label":"20MHz","selected":false},{"value":"26","label":"26MHz","selected":false}]},{"label":"Reset Method","option":"ResetMethod","values":[{"value":"nodemcu","label":"dtr (aka nodemcu)","selected":true},{"value":"ck","label":"no dtr (aka ck)","selected":false},{"value":"nodtr_nosync","label":"no dtr, no_sync","selected":false}]},{"label":"Debug port","option":"dbg","values":[{"value":"Disabled","label":"Disabled","selected":true},{"value":"Serial","label":"Serial","selected":false},{"value":"Serial1","label":"Serial1","selected":false}]},{"label":"Debug Level","option":"lvl","values":[{"value":"None____","label":"None","selected":true},{"value":"SSL","label":"SSL","selected":false},{"value":"TLS_MEM","label":"TLS_MEM","selected":false},{"value":"HTTP_CLIENT","label":"HTTP_CLIENT","selected":false},{"value":"HTTP_SERVER","label":"HTTP_SERVER","selected":false},{"value":"SSLTLS_MEM","label":"SSL+TLS_MEM","selected":false},{"value":"SSLHTTP_CLIENT","label":"SSL+HTTP_CLIENT","selected":false},{"value":"SSLHTTP_SERVER","label":"SSL+HTTP_SERVER","selected":false},{"value":"TLS_MEMHTTP_CLIENT","label":"TLS_MEM+HTTP_CLIENT","selected":false},{"value":"TLS_MEMHTTP_SERVER","label":"TLS_MEM+HTTP_SERVER","selected":false},{"value":"HTTP_CLIENTHTTP_SERVER","label":"HTTP_CLIENT+HTTP_SERVER","selected":false},{"value":"SSLTLS_MEMHTTP_CLIENT","label":"SSL+TLS_MEM+HTTP_CLIENT","selected":false},{"value":"SSLTLS_MEMHTTP_SERVER","label":"SSL+TLS_MEM+HTTP_SERVER","selected":false},{"value":"SSLHTTP_CLIENTHTTP_SERVER","label":"SSL+HTTP_CLIENT+HTTP_SERVER","selected":false},{"value":"TLS_MEMHTTP_CLIENTHTTP_SERVER","label":"TLS_MEM+HTTP_CLIENT+HTTP_SERVER","selected":false},{"value":"SSLTLS_MEMHTTP_CLIENTHTTP_SERVER","label":"SSL+TLS_MEM+HTTP_CLIENT+HTTP_SERVER","selected":false},{"value":"CORE","label":"CORE","selected":false},{"value":"WIFI","label":"WIFI","selected":false},{"value":"HTTP_UPDATE","label":"HTTP_UPDATE","selected":false},{"value":"UPDATER","label":"UPDATER","selected":false},{"value":"OTA","label":"OTA","selected":false},{"value":"OOM","label":"OOM","selected":false},{"value":"MDNS","label":"MDNS","selected":false},{"value":"HWDT","label":"HWDT","selected":false},{"value":"HWDT_NOEXTRA4K","label":"HWDT_NOEXTRA4K","selected":false},{"value":"COREWIFIHTTP_UPDATEUPDATEROTAOOMMDNS","label":"CORE+WIFI+HTTP_UPDATE+UPDATER+OTA+OOM+MDNS","selected":false},{"value":"COREWIFIHTTP_UPDATEUPDATEROTAOOMMDNSHWDT","label":"CORE+WIFI+HTTP_UPDATE+UPDATER+OTA+OOM+MDNS+HWDT","selected":false},{"value":"COREWIFIHTTP_UPDATEUPDATEROTAOOMMDNSHWDT_NOEXTRA4K","label":"CORE+WIFI+HTTP_UPDATE+UPDATER+OTA+OOM+MDNS+HWDT_NOEXTRA4K","selected":false},{"value":"SSLTLS_MEMHTTP_CLIENTHTTP_SERVERCOREWIFIHTTP_UPDATEUPDATEROTAOOMMDNS","label":"SSL+TLS_MEM+HTTP_CLIENT+HTTP_SERVER+CORE+WIFI+HTTP_UPDATE+UPDATER+OTA+OOM+MDNS","selected":false},{"value":"SSLTLS_MEMHTTP_CLIENTHTTP_SERVERCOREWIFIHTTP_UPDATEUPDATEROTAOOMMDNSHWDT","label":"SSL+TLS_MEM+HTTP_CLIENT+HTTP_SERVER+CORE+WIFI+HTTP_UPDATE+UPDATER+OTA+OOM+MDNS+HWDT","selected":false},{"value":"SSLTLS_MEMHTTP_CLIENTHTTP_SERVERCOREWIFIHTTP_UPDATEUPDATEROTAOOMMDNSHWDT_NOEXTRA4K","label":"SSL+TLS_MEM+HTTP_CLIENT+HTTP_SERVER+CORE+WIFI+HTTP_UPDATE+UPDATER+OTA+OOM+MDNS+HWDT_NOEXTRA4K","selected":false},{"value":"NoAssert-NDEBUG","label":"NoAssert-NDEBUG","selected":false}]},{"label":"lwIP Variant","option":"ip","values":[{"value":"lm2f","label":"v2 Lower Memory","selected":true},{"value":"hb2f","label":"v2 Higher Bandwidth","selected":false},{"value":"lm2n","label":"v2 Lower Memory (no features)","selected":false},{"value":"hb2n","label":"v2 Higher Bandwidth (no features)","selected":false},{"value":"lm6f","label":"v2 IPv6 Lower Memory","selected":false},{"value":"hb6f","label":"v2 IPv6 Higher Bandwidth","selected":false}]},{"label":"VTables","option":"vt","values":[{"value":"flash","label":"Flash","selected":true},{"value":"heap","label":"Heap","selected":false},{"value":"iram","label":"IRAM","selected":false}]},{"label":"C++ Exceptions","option":"exception","values":[{"value":"disabled","label":"Disabled (new aborts on oom)","selected":true},{"value":"enabled","label":"Enabled","selected":false}]},{"label":"Stack Protection","option":"stacksmash","values":[{"value":"disabled","label":"Disabled","selected":true},{"value":"enabled","label":"Enabled","selected":false}]},{"label":"Erase Flash","option":"wipe","values":[{"value":"none","label":"Only Sketch","selected":true},{"value":"sdk","label":"Sketch + WiFi Settings","selected":false},{"value":"all","label":"All Flash Contents","selected":false}]},{"label":"NONOS SDK Version","option":"sdk","values":[{"value":"nonosdk_190703","label":"nonos-sdk 2.2.1+100 (190703)","selected":true},{"value":"nonosdk_191122","label":"nonos-sdk 2.2.1+119 (191122)","selected":false},{"value":"nonosdk_191105","label":"nonos-sdk 2.2.1+113 (191105)","selected":false},{"value":"nonosdk_191024","label":"nonos-sdk 2.2.1+111 (191024)","selected":false},{"value":"nonosdk_190313","label":"nonos-sdk 2.2.1+61 (190313)","selected":false},{"value":"nonosdk221","label":"nonos-sdk 2.2.1 (legacy)","selected":false},{"value":"nonosdk305","label":"nonos-sdk 3.0.5 (experimental)","selected":false}]},{"label":"SSL Support","option":"ssl","values":[{"value":"all","label":"All SSL ciphers (most compatible)","selected":true},{"value":"basic","label":"Basic SSL ciphers (lower ROM use)","selected":false}]},{"label":"MMU","option":"mmu","values":[{"value":"3232","label":"32KB cache + 32KB IRAM (balanced)","selected":true},{"value":"4816","label":"16KB cache + 48KB IRAM (IRAM)","selected":false},{"value":"4816H","label":"16KB cache + 48KB IRAM and 2nd Heap (shared)","selected":false},{"value":"3216","label":"16KB cache + 32KB IRAM + 16KB 2nd Heap (not shared)","selected":false},{"value":"ext128k","label":"128K Heap External 23LC1024","selected":false},{"value":"ext8192k","label":"8M w/256K Heap External 64 MBit PSRAM","selected":false}]},{"label":"Non-32-Bit Access","option":"non32xfer","values":[{"value":"fast","label":"Use pgm_read macros for IRAM/PROGMEM","selected":true},{"value":"safe","label":"Byte/Word access to IRAM/PROGMEM (very slow)","selected":false}]}],"programmers":[]}}]
2026-02-21 20:46:32 2026-02-21T20:46:32.241Z root INFO  - 'arduino-use-inherited-boards-config' , args: [{"selectedBoard":{"name":"Generic ESP8266 Module","fqbn":"esp8266:esp8266:generic"},"selectedPort":{"protocol":"serial","address":"/dev/ttyUSB0"}},{"arduino+serial:///dev/ttyACM0":{"name":"ESP32H2 Dev Module","fqbn":"esp32:esp32:esp32h2"},"arduino+serial:///dev/ttyS0":{"name":"ESP32H2 Dev Module","fqbn":"esp32:esp32:esp32h2"},"arduino+serial:///dev/ttyUSB0":{"name":"Generic ESP8266 Module","fqbn":"esp8266:esp8266:generic"}}]
2026-02-21 20:46:32 2026-02-21T20:46:32.242Z root INFO [hosted-plugin: 15930] PLUGIN_HOST(15930): PluginManagerExtImpl/loadPlugin(/opt/arduino-ide/resources/app/plugins/vscode-arduino-api/extension/dist/extension.js)
calling activation function on Arduino IDE API for VS Code extensions
2026-02-21 20:46:32 2026-02-21T20:46:32.358Z root INFO [hosted-plugin: 15930] calling activation function on JSON Language Features (built-in)
2026-02-21 20:46:32 2026-02-21T20:46:32.359Z root INFO [3cb6d400-8819-4a48-b780-a2f91bebd2d6] Starting plugins.
2026-02-21 20:46:32 2026-02-21T20:46:32.428Z daemon INFO time="2026-02-21T20:46:32Z" level=info msg="Tool required for debug" tool="esp8266:mklittlefs@3.1.0-gcc10.3-e5f9fec"
time="2026-02-21T20:46:32Z" level=info msg="Tool required for debug" tool="esp8266:mkspiffs@3.1.0-gcc10.3-e5f9fec"
2026-02-21 20:46:32 2026-02-21T20:46:32.428Z daemon INFO time="2026-02-21T20:46:32Z" level=info msg="Tool required for debug" tool="esp8266:python3@3.7.2-post1"
time="2026-02-21T20:46:32Z" level=info msg="Tool required for debug" tool="esp8266:xtensa-lx106-elf-gcc@3.1.0-gcc10.3-e5f9fec"
time="2026-02-21T20:46:32Z" level=info msg="Tool required for debug" tool="esp32:esp32s2-libs@3.3.7"
time="2026-02-21T20:46:32Z" level=info msg="Tool required for debug" tool="esp32:esp32s3-libs@3.3.7"
time="2026-02-21T20:46:32Z" level=info msg="Tool required for debug" tool="builtin:serial-discovery@1.4.3"
time="2026-02-21T20:46:32Z" level=info msg="Tool required for debug" tool="esp32:xtensa-esp-elf-gdb@16.3_20250913"
time="2026-02-21T20:46:32Z" level=info msg="Tool required for debug" tool="esp32:openocd-esp32@v0.12.0-esp32-20251215"
time="2026-02-21T20:46:32Z" level=info msg="Tool required for debug" tool="esp32:esp-x32@2511"
2026-02-21 20:46:32 2026-02-21T20:46:32.428Z daemon INFO time="2026-02-21T20:46:32Z" level=info msg="Tool required for debug" tool="esp32:esp32h2-libs@3.3.7"
2026-02-21 20:46:32 2026-02-21T20:46:32.428Z daemon INFO time="2026-02-21T20:46:32Z" level=info msg="Tool required for debug" tool="esp32:esptool_py@5.1.0"
time="2026-02-21T20:46:32Z" level=info msg="Tool required for debug" tool="arduino:arduinoOTA@1.3.0"
2026-02-21 20:46:32 2026-02-21T20:46:32.428Z daemon INFO time="2026-02-21T20:46:32Z" level=info msg="Tool required for debug" tool="builtin:dfu-discovery@0.1.2"
2026-02-21 20:46:32 2026-02-21T20:46:32.428Z daemon INFO time="2026-02-21T20:46:32Z" level=info msg="Tool required for debug" tool="builtin:mdns-discovery@1.0.12"
2026-02-21 20:46:32 2026-02-21T20:46:32.428Z daemon INFO time="2026-02-21T20:46:32Z" level=info msg="Tool required for debug" tool="builtin:serial-monitor@0.15.0"
2026-02-21 20:46:32 2026-02-21T20:46:32.428Z daemon INFO time="2026-02-21T20:46:32Z" level=info msg="Tool required for debug" tool="builtin:ctags@5.8-arduino11"
2026-02-21 20:46:32 2026-02-21T20:46:32.428Z daemon INFO time="2026-02-21T20:46:32Z" level=info msg="Tool required for debug" tool="esp32:esp32c3-libs@3.3.7"
time="2026-02-21T20:46:32Z" level=info msg="Tool required for debug" tool="arduino:dfu-util@0.11.0-arduino5"
2026-02-21 20:46:32 2026-02-21T20:46:32.428Z daemon INFO time="2026-02-21T20:46:32Z" level=info msg="Tool required for debug" tool="esp32:esp32c5-libs@3.3.7"
time="2026-02-21T20:46:32Z" level=info msg="Tool required for debug" tool="esp32:esp32p4-libs@3.3.7"
2026-02-21 20:46:32 2026-02-21T20:46:32.428Z daemon INFO time="2026-02-21T20:46:32Z" level=info msg="Tool required for debug" tool="esp32:esp32p4_es-libs@3.3.7"
time="2026-02-21T20:46:32Z" level=info msg="Tool required for debug" tool="esp32:esp32c6-libs@3.3.7"
2026-02-21 20:46:32 2026-02-21T20:46:32.428Z daemon INFO time="2026-02-21T20:46:32Z" level=info msg="Tool required for debug" tool="esp32:esp32-libs@3.3.7"
time="2026-02-21T20:46:32Z" level=info msg="Tool required for debug" tool="arduino:avrdude@8.0.0-arduino1"
2026-02-21 20:46:32 2026-02-21T20:46:32.428Z daemon INFO time="2026-02-21T20:46:32Z" level=info msg="Tool required for debug" tool="esp32:esp-rv32@2511"
time="2026-02-21T20:46:32Z" level=info msg="Tool required for debug" tool="arduino:avr-gcc@7.3.0-atmel3.6.1-arduino7"
2026-02-21 20:46:32 2026-02-21T20:46:32.428Z daemon INFO time="2026-02-21T20:46:32Z" level=info msg="Tool required for debug" tool="esp32:riscv32-esp-elf-gdb@16.3_20250913"
2026-02-21 20:46:32 2026-02-21T20:46:32.428Z root ERROR Failed to get debug config: esp8266:esp8266:generic:led=2,baud=115200,xtal=80,CrystalFreq=26,eesz=1M64,FlashMode=dout,FlashFreq=40,ResetMethod=nodemcu,dbg=Disabled,lvl=None____,ip=lm2f,vt=flash,exception=disabled,stacksmash=disabled,wipe=none,sdk=nonosdk_190703,ssl=all,mmu=3232,non32xfer=fast, undefined Error: Debugging is not supported.
    at Object.callback (/opt/arduino-ide/resources/app/lib/backend/main.js:2:4742300)
    at Object.onReceiveStatus (/opt/arduino-ide/resources/app/lib/backend/main.js:2:3778020)
    at Object.onReceiveStatus (/opt/arduino-ide/resources/app/lib/backend/main.js:2:2211941)
    at Object.onReceiveStatus (/opt/arduino-ide/resources/app/lib/backend/main.js:2:2211386)
    at /opt/arduino-ide/resources/app/lib/backend/main.js:2:4348117
    at process.processTicksAndRejections (node:internal/process/task_queues:77:11)
2026-02-21 20:46:32 2026-02-21T20:46:32.430Z daemon INFO time="2026-02-21T20:46:32Z" level=info msg="Tool required for debug" tool="esp8266:mklittlefs@3.1.0-gcc10.3-e5f9fec"
time="2026-02-21T20:46:32Z" level=info msg="Tool required for debug" tool="esp8266:mkspiffs@3.1.0-gcc10.3-e5f9fec"
2026-02-21 20:46:32 2026-02-21T20:46:32.430Z daemon INFO time="2026-02-21T20:46:32Z" level=info msg="Tool required for debug" tool="esp8266:python3@3.7.2-post1"
time="2026-02-21T20:46:32Z" level=info msg="Tool required for debug" tool="esp8266:xtensa-lx106-elf-gcc@3.1.0-gcc10.3-e5f9fec"
time="2026-02-21T20:46:32Z" level=info msg="Tool required for debug" tool="esp32:esp32p4_es-libs@3.3.7"
time="2026-02-21T20:46:32Z" level=info msg="Tool required for debug" tool="esp32:esp32s2-libs@3.3.7"
time="2026-02-21T20:46:32Z" level=info msg="Tool required for debug" tool="esp32:esp32s3-libs@3.3.7"
time="2026-02-21T20:46:32Z" level=info msg="Tool required for debug" tool="esp32:esp32c6-libs@3.3.7"
2026-02-21 20:46:32 2026-02-21T20:46:32.430Z daemon INFO time="2026-02-21T20:46:32Z" level=info msg="Tool required for debug" tool="esp32:esp-x32@2511"
time="2026-02-21T20:46:32Z" level=info msg="Tool required for debug" tool="esp32:esp32-libs@3.3.7"
time="2026-02-21T20:46:32Z" level=info msg="Tool required for debug" tool="esp32:esp32c5-libs@3.3.7"
time="2026-02-21T20:46:32Z" level=info msg="Tool required for debug" tool="esp32:xtensa-esp-elf-gdb@16.3_20250913"
2026-02-21 20:46:32 2026-02-21T20:46:32.430Z daemon INFO time="2026-02-21T20:46:32Z" level=info msg="Tool required for debug" tool="esp32:esp32c3-libs@3.3.7"
time="2026-02-21T20:46:32Z" level=info msg="Tool required for debug" tool="arduino:avr-gcc@7.3.0-atmel3.6.1-arduino7"
time="2026-02-21T20:46:32Z" level=info msg="Tool required for debug" tool="esp32:esptool_py@5.1.0"
2026-02-21 20:46:32 2026-02-21T20:46:32.430Z daemon INFO time="2026-02-21T20:46:32Z" level=info msg="Tool required for debug" tool="esp32:esp-rv32@2511"
time="2026-02-21T20:46:32Z" level=info msg="Tool required for debug" tool="builtin:ctags@5.8-arduino11"
2026-02-21 20:46:32 2026-02-21T20:46:32.430Z daemon INFO time="2026-02-21T20:46:32Z" level=info msg="Tool required for debug" tool="builtin:serial-discovery@1.4.3"
time="2026-02-21T20:46:32Z" level=info msg="Tool required for debug" tool="arduino:avrdude@8.0.0-arduino1"
2026-02-21 20:46:32 2026-02-21T20:46:32.430Z daemon INFO time="2026-02-21T20:46:32Z" level=info msg="Tool required for debug" tool="arduino:arduinoOTA@1.3.0"
time="2026-02-21T20:46:32Z" level=info msg="Tool required for debug" tool="esp32:riscv32-esp-elf-gdb@16.3_20250913"
2026-02-21 20:46:32 2026-02-21T20:46:32.430Z daemon INFO time="2026-02-21T20:46:32Z" level=info msg="Tool required for debug" tool="builtin:dfu-discovery@0.1.2"
2026-02-21 20:46:32 2026-02-21T20:46:32.430Z daemon INFO time="2026-02-21T20:46:32Z" level=info msg="Tool required for debug" tool="builtin:mdns-discovery@1.0.12"
2026-02-21 20:46:32 2026-02-21T20:46:32.430Z daemon INFO time="2026-02-21T20:46:32Z" level=info msg="Tool required for debug" tool="builtin:serial-monitor@0.15.0"
2026-02-21 20:46:32 2026-02-21T20:46:32.430Z daemon INFO time="2026-02-21T20:46:32Z" level=info msg="Tool required for debug" tool="arduino:dfu-util@0.11.0-arduino5"
time="2026-02-21T20:46:32Z" level=info msg="Tool required for debug" tool="esp32:openocd-esp32@v0.12.0-esp32-20251215"
2026-02-21 20:46:32 2026-02-21T20:46:32.430Z daemon INFO time="2026-02-21T20:46:32Z" level=info msg="Tool required for debug" tool="esp32:esp32h2-libs@3.3.7"
time="2026-02-21T20:46:32Z" level=info msg="Tool required for debug" tool="esp32:esp32p4-libs@3.3.7"
2026-02-21 20:46:32 2026-02-21T20:46:32.430Z root ERROR Failed to get debug config: esp8266:esp8266:generic:led=2,baud=115200,xtal=80,CrystalFreq=26,eesz=1M64,FlashMode=dout,FlashFreq=40,ResetMethod=nodemcu,dbg=Disabled,lvl=None____,ip=lm2f,vt=flash,exception=disabled,stacksmash=disabled,wipe=none,sdk=nonosdk_190703,ssl=all,mmu=3232,non32xfer=fast, undefined Error: Debugging is not supported.
    at Object.callback (/opt/arduino-ide/resources/app/lib/backend/main.js:2:4742300)
    at Object.onReceiveStatus (/opt/arduino-ide/resources/app/lib/backend/main.js:2:3778020)
    at Object.onReceiveStatus (/opt/arduino-ide/resources/app/lib/backend/main.js:2:2211941)
    at Object.onReceiveStatus (/opt/arduino-ide/resources/app/lib/backend/main.js:2:2211386)
    at /opt/arduino-ide/resources/app/lib/backend/main.js:2:4348117
    at process.processTicksAndRejections (node:internal/process/task_queues:77:11)
2026-02-21 20:46:32 2026-02-21T20:46:32.495Z root INFO [hosted-plugin: 15930] PLUGIN_HOST(15930): PluginManagerExtImpl/loadPlugin(/opt/arduino-ide/resources/app/plugins/cortex-debug/extension/dist/extension.js)
2026-02-21 20:46:32 2026-02-21T20:46:32.514Z root INFO [hosted-plugin: 15930] Debug configuration provider has been registered: cortex-debug, trigger: 1
2026-02-21 20:46:32 2026-02-21T20:46:32.514Z root INFO [hosted-plugin: 15930] calling activation function on Cortex-Debug
2026-02-21 20:46:32 2026-02-21T20:46:32.515Z root INFO [hosted-plugin: 15930] GDB server console created
2026-02-21 20:46:32 2026-02-21T20:46:32.529Z root INFO [3cb6d400-8819-4a48-b780-a2f91bebd2d6] Start of 23 plugins: 830.2 ms [Finished 2.455 s after frontend start]
2026-02-21 20:46:32 2026-02-21T20:46:32.556Z root INFO Starting language server: esp8266:esp8266:generic:led=2,baud=115200,xtal=80,CrystalFreq=26,eesz=1M64,FlashMode=dout,FlashFreq=40,ResetMethod=nodemcu,dbg=Disabled,lvl=None____,ip=lm2f,vt=flash,exception=disabled,stacksmash=disabled,wipe=none,sdk=nonosdk_190703,ssl=all,mmu=3232,non32xfer=fast
2026-02-21 20:46:32 2026-02-21T20:46:32.558Z root INFO [hosted-plugin: 15930] PLUGIN_HOST(15930): PluginManagerExtImpl/loadPlugin(/opt/arduino-ide/resources/app/plugins/vscode-arduino-tools/extension/dist/extension.js)
2026-02-21 20:46:32 2026-02-21T20:46:32.574Z root INFO [hosted-plugin: 15930] calling activation function on VS Code Arduino Tools
2026-02-21 20:46:32 2026-02-21T20:46:32.586Z daemon INFO time="2026-02-21T20:46:32Z" level=info msg="Adding libraries dir" dir=/home/shrek/.arduino15/libraries isSingleLibrary=false location=ide
time="2026-02-21T20:46:32Z" level=info msg="Adding libraries dir" dir=/home/shrek/.arduino15/packages/esp8266/hardware/esp8266/3.1.2/libraries isSingleLibrary=false location=platform
2026-02-21 20:46:32 2026-02-21T20:46:32.586Z daemon INFO time="2026-02-21T20:46:32Z" level=info msg="Adding libraries dir" dir=/home/shrek/Arduino/libraries isSingleLibrary=false location=user
2026-02-21 20:46:33 2026-02-21T20:46:33.100Z daemon INFO time="2026-02-21T20:46:33Z" level=info msg="Adding libraries dir" dir=/home/shrek/.arduino15/libraries isSingleLibrary=false location=ide
time="2026-02-21T20:46:33Z" level=info msg="Adding libraries dir" dir=/home/shrek/.arduino15/packages/esp8266/hardware/esp8266/3.1.2/libraries isSingleLibrary=false location=platform
time="2026-02-21T20:46:33Z" level=info msg="Adding libraries dir" dir=/home/shrek/Arduino/libraries isSingleLibrary=false location=user
2026-02-21 20:47:04 2026-02-21T20:47:04.303Z discovery-log INFO {"eventType":"add","port":{"matchingBoardsList":[{"name":"ESP32 Family Device","fqbn":"esp32:esp32:esp32_family","isHidden":true}],"port":{"address":"/dev/ttyACM0","label":"/dev/ttyACM0","protocol":"serial","protocolLabel":"Serial Port (USB)","propertiesMap":[["pid","0x1001"],["serialNumber","90:E5:B1:D7:D6:84"],["vid","0x303a"]],"hardwareId":"90:E5:B1:D7:D6:84"}},"error":""}
2026-02-21 20:55:44 isTempSketch: true. Input was /tmp/.arduinoIDE-unsaved2026121-15636-1fkslax.zkt7/sketch_feb21a
2026-02-21 20:55:44 Ignored marking workspace as a closed sketch. The sketch was detected as temporary. Workspace URI: file:///tmp/.arduinoIDE-unsaved2026121-15636-1fkslax.zkt7/sketch_feb21a.
2026-02-21 20:55:44 isTempSketch: true. Input was /tmp/.arduinoIDE-unsaved2026121-15636-1fkslax.zkt7/sketch_feb21a
2026-02-21 20:55:44 Ignored marking workspace as a closed sketch. The sketch was detected as temporary. Workspace URI: file:///tmp/.arduinoIDE-unsaved2026121-15636-1fkslax.zkt7/sketch_feb21a.
2026-02-21 20:55:44 2026-02-21T20:55:44.846Z root INFO socked closed
2026-02-21 20:55:44 2026-02-21T20:55:44.846Z root INFO closing connection for 2
2026-02-21 20:55:44 2026-02-21T20:55:44.846Z root INFO Closing channel on service path '/localization-server'.
2026-02-21 20:55:44 2026-02-21T20:55:44.846Z root INFO Closing channel on service path '/os'.
2026-02-21 20:55:44 2026-02-21T20:55:44.846Z root INFO Closing channel on service path '/services/commands'.
2026-02-21 20:55:44 2026-02-21T20:55:44.846Z root INFO Closing channel on service path '/services/keyboard'.
2026-02-21 20:55:44 2026-02-21T20:55:44.846Z root INFO Closing channel on service path '/services/logger'.
2026-02-21 20:55:44 2026-02-21T20:55:44.846Z root INFO Closing channel on service path '/services/messageService'.
2026-02-21 20:55:44 2026-02-21T20:55:44.846Z root INFO Closing channel on service path '/services/ChannelCloseService'.
2026-02-21 20:55:44 2026-02-21T20:55:44.846Z root INFO Closing channel on service path '/services/remote-filesystem'.
2026-02-21 20:55:44 2026-02-21T20:55:44.846Z root INFO Closing channel on service path '/services/envs'.
2026-02-21 20:55:44 2026-02-21T20:55:44.846Z root INFO Closing channel on service path '/services/authentication-service'.
2026-02-21 20:55:44 2026-02-21T20:55:44.846Z root INFO Closing channel on service path '/services/sketches-service'.
2026-02-21 20:55:44 2026-02-21T20:55:44.846Z root INFO Closing channel on service path '/services/config-service'.
2026-02-21 20:55:44 2026-02-21T20:55:44.846Z root INFO Closing channel on service path '/services/workspace'.
2026-02-21 20:55:44 2026-02-21T20:55:44.846Z root INFO Closing channel on service path '/services/notification-service'.
2026-02-21 20:55:44 2026-02-21T20:55:44.846Z root INFO Closing channel on service path '/services/arduino-daemon'.
2026-02-21 20:55:44 2026-02-21T20:55:44.846Z root INFO Closing channel on service path '/services/stopwatch'.
2026-02-21 20:55:44 2026-02-21T20:55:44.846Z root INFO Closing channel on service path '/services/application'.
2026-02-21 20:55:44 2026-02-21T20:55:44.846Z root INFO Closing channel on service path '/services/i18n'.
2026-02-21 20:55:44 2026-02-21T20:55:44.846Z root INFO Closing channel on service path '/services/quickInput'.
2026-02-21 20:55:44 2026-02-21T20:55:44.846Z root INFO Closing channel on service path '/services/debug'.
2026-02-21 20:55:44 2026-02-21T20:55:44.846Z root INFO Closing channel on service path '/services/shell-terminal'.
2026-02-21 20:55:44 2026-02-21T20:55:44.846Z root INFO Closing channel on service path '/services/quickPick'.
2026-02-21 20:55:44 2026-02-21T20:55:44.846Z root INFO Closing channel on service path '/services/task'.
2026-02-21 20:55:44 2026-02-21T20:55:44.846Z root INFO Closing channel on service path '/services/search'.
2026-02-21 20:55:44 2026-02-21T20:55:44.846Z root INFO Closing channel on service path '/services/hostedPlugin'.
2026-02-21 20:55:44 2026-02-21T20:55:44.846Z root INFO Closing channel on service path '/services/plugin-ext'.
2026-02-21 20:55:44 2026-02-21T20:55:44.846Z root INFO Closing channel on service path '/services/plugin-paths'.
2026-02-21 20:55:44 2026-02-21T20:55:44.846Z root INFO Closing channel on service path '/services/cli-preferences'.
2026-02-21 20:55:44 2026-02-21T20:55:44.846Z root INFO Closing channel on service path '/services/boards-service'.
2026-02-21 20:55:44 2026-02-21T20:55:44.846Z root INFO Closing channel on service path '/services/response-service'.
2026-02-21 20:55:44 2026-02-21T20:55:44.846Z root INFO Closing channel on service path '/services/file-system-ext'.
2026-02-21 20:55:44 2026-02-21T20:55:44.846Z root INFO Closing channel on service path '/services/core-service'.
2026-02-21 20:55:44 2026-02-21T20:55:44.846Z root INFO Closing channel on service path '/services/example-service'.
2026-02-21 20:55:44 2026-02-21T20:55:44.846Z root INFO Closing channel on service path '/services/library-service'.
2026-02-21 20:55:44 2026-02-21T20:55:44.846Z root INFO Closing channel on service path '/services/executable-service'.
2026-02-21 20:55:44 2026-02-21T20:55:44.846Z root INFO Closing channel on service path '/services/arduino-firmware-uploader'.
2026-02-21 20:55:44 2026-02-21T20:55:44.846Z root INFO Closing channel on service path '/services/formatter'.
2026-02-21 20:55:44 2026-02-21T20:55:44.846Z root INFO Closing channel on service path '/services/search-in-workspace'.
2026-02-21 20:55:44 2026-02-21T20:55:44.846Z root INFO Closing channel on service path '/services/request-service'.
2026-02-21 20:55:44 2026-02-21T20:55:44.846Z root INFO Closing channel on service path '/services/keyStore'.
2026-02-21 20:55:44 2026-02-21T20:55:44.846Z root INFO Closing channel on service path '/services/languagePackService'.
2026-02-21 20:55:44 Closing channel on service path '/services/electron-window'.
2026-02-21 20:55:44 Closing channel on service path '/services/ide-updater'.
2026-02-21 20:55:44 Skipped storing sketch as workspace root. Expected minimum threshold: <1771707343850>. Was: <1771706792041>.
2026-02-21 20:55:44 Skipped storing sketch as workspace root. Expected minimum threshold: <1771707343850>. Was: <1771706792042>.
2026-02-21 20:55:44 Stored workspaces roots: 
2026-02-21 20:55:44 No sketches were scheduled for deletion.
