2026-01-28 17:31:15 Arduino IDE 2.3.7
2026-01-28 17:31:15 Checking for frontend application configuration customizations. Module path: /opt/arduino-ide/resources/app/lib/backend/electron-main.js, destination 'package.json': /opt/arduino-ide/resources/app/package.json
2026-01-28 17:31:15 Setting 'theia.frontend.config.appVersion' application configuration value to: "2.3.7" (type of string)
2026-01-28 17:31:15 Setting 'theia.frontend.config.cliVersion' application configuration value to: "1.3.1" (type of string)
2026-01-28 17:31:15 Setting 'theia.frontend.config.buildDate' application configuration value to: "2025-12-17T16:01:58.874Z" (type of string)
2026-01-28 17:31:15 Frontend application configuration after modifications: {"applicationName":"Arduino IDE","defaultTheme":{"light":"arduino-theme","dark":"arduino-theme-dark"},"defaultIconTheme":"none","electron":{"windowOptions":{},"showWindowEarly":true,"splashScreenOptions":{},"uriScheme":"arduino-ide"},"defaultLocale":"","validatePreferencesSchema":false,"reloadOnReconnect":true,"uriScheme":"theia","preferences":{"window.title":"${rootName}${activeEditorShort}${appName}","files.autoSave":"afterDelay","editor.minimap.enabled":false,"editor.tabSize":2,"editor.scrollBeyondLastLine":false,"editor.quickSuggestions":{"other":false,"comments":false,"strings":false},"editor.maxTokenizationLineLength":500,"editor.bracketPairColorization.enabled":false,"breadcrumbs.enabled":false,"workbench.tree.renderIndentGuides":"none","explorer.compactFolders":false},"appVersion":"2.3.7","cliVersion":"1.3.1","buildDate":"2025-12-17T16:01:58.874Z"}
2026-01-28 17:31:15 Starting backend process. PID: 1648
2026-01-28 17:31:15 Showing main window early
2026-01-28 17:31:15 Using browser-only version of superagent in non-browser environment
2026-01-28 17:31:15 Configuration directory URI: 'file:///home/shrek/.arduinoIDE'
2026-01-28 17:31:15 Configuring to accept webviews on '^.+\.webview\..+$' hostname.
2026-01-28 17:31:15 2026-01-28T17:31:15.673Z root INFO Backend u.initialize: 17.1 ms [Finished 0.374 s after backend start]
2026-01-28 17:31:15 2026-01-28T17:31:15.675Z root INFO Backend Object.initialize: 16.2 ms [Finished 0.374 s after backend start]
2026-01-28 17:31:15 2026-01-28T17:31:15.675Z root INFO Backend a.initialize: 0.8 ms [Finished 0.374 s after backend start]
2026-01-28 17:31:15 2026-01-28T17:31:15.675Z root INFO Backend a.initialize: 0.6 ms [Finished 0.374 s after backend start]
2026-01-28 17:31:15 2026-01-28T17:31:15.675Z root INFO Backend u.initialize: 0.8 ms [Finished 0.374 s after backend start]
2026-01-28 17:31:15 2026-01-28T17:31:15.676Z root INFO Backend l.initialize: 17.0 ms [Finished 0.375 s after backend start]
2026-01-28 17:31:15 2026-01-28T17:31:15.680Z root INFO configured all backend app contributions
2026-01-28 17:31:15 2026-01-28T17:31:15.680Z root INFO Backend l.onStart: 0.7 ms [Finished 0.382 s after backend start]
2026-01-28 17:31:15 2026-01-28T17:31:15.680Z root INFO Backend d.onStart: 0.0 ms [Finished 0.382 s after backend start]
2026-01-28 17:31:15 2026-01-28T17:31:15.681Z root INFO Backend a.onStart: 0.2 ms [Finished 0.382 s after backend start]
2026-01-28 17:31:15 2026-01-28T17:31:15.681Z config INFO >>> Initializing CLI configuration...
2026-01-28 17:31:15 2026-01-28T17:31:15.681Z root INFO Backend x.onStart: 0.2 ms [Finished 0.382 s after backend start]
2026-01-28 17:31:15 2026-01-28T17:31:15.681Z config INFO Loading CLI configuration from /home/shrek/.arduinoIDE/arduino-cli.yaml...
2026-01-28 17:31:15 2026-01-28T17:31:15.681Z daemon INFO Starting daemon from /opt/arduino-ide/resources/app/lib/backend/resources/arduino-cli...
2026-01-28 17:31:15 2026-01-28T17:31:15.681Z root INFO Backend w.onStart: 0.2 ms [Finished 0.383 s after backend start]
2026-01-28 17:31:15 2026-01-28T17:31:15.681Z discovery-log INFO start
2026-01-28 17:31:15 2026-01-28T17:31:15.681Z discovery-log INFO start new deferred
2026-01-28 17:31:15 2026-01-28T17:31:15.681Z root INFO Backend v.onStart: 0.1 ms [Finished 0.383 s after backend start]
2026-01-28 17:31:15 2026-01-28T17:31:15.681Z root INFO Backend a.onStart: 0.1 ms [Finished 0.383 s after backend start]
2026-01-28 17:31:15 2026-01-28T17:31:15.683Z root INFO Theia app listening on http://127.0.0.1:43927.
2026-01-28 17:31:15 2026-01-28T17:31:15.683Z root INFO Finished starting backend application: 2.1 ms [Finished 0.385 s after backend start]
2026-01-28 17:31:15 2026-01-28T17:31:15.684Z root WARN The local plugin referenced by local-dir:/home/shrek/.arduinoIDE/plugins does not exist.
2026-01-28 17:31:15 2026-01-28T17:31:15.684Z root WARN The local plugin referenced by local-dir:/home/shrek/.arduinoIDE/deployedPlugins does not exist.
2026-01-28 17:31:15 2026-01-28T17:31:15.686Z config INFO Loaded CLI configuration: {"board_manager":{"additional_urls":["https://raw.githubusercontent.com/espressif/arduino-esp32/gh-pages/package_esp32_index.json"]},"directories":{"builtin":{"libraries":"/home/shrek/.arduino15/libraries"},"data":"/home/shrek/.arduino15","user":"/home/shrek/Arduino"},"locale":"en"}
2026-01-28 17:31:15 2026-01-28T17:31:15.686Z config INFO 'directories.data' and 'directories.user' are set in the CLI configuration model.
2026-01-28 17:31:15 2026-01-28T17:31:15.686Z config INFO Loaded the CLI configuration.
2026-01-28 17:31:15 2026-01-28T17:31:15.691Z config INFO Mapped the CLI configuration: {"dataDirUri":"file:///home/shrek/.arduino15","sketchDirUri":"file:///home/shrek/Arduino","additionalUrls":["https://raw.githubusercontent.com/espressif/arduino-esp32/gh-pages/package_esp32_index.json"],"network":"none","locale":"en"}
2026-01-28 17:31:15 2026-01-28T17:31:15.691Z config INFO Validating the CLI configuration...
2026-01-28 17:31:15 2026-01-28T17:31:15.692Z config INFO The CLI config is valid.
2026-01-28 17:31:15 2026-01-28T17:31:15.692Z config INFO <<< Initialized the CLI configuration.
2026-01-28 17:31:15 2026-01-28T17:31:15.717Z root INFO Resolve plugins list: 34.9 ms [Finished 0.418 s after backend start]
2026-01-28 17:31:15 2026-01-28T17:31:15.763Z daemon INFO time="2026-01-28T17:31:15Z" level=info msg="arduino-cli version 1.3.1"
2026-01-28 17:31:15 2026-01-28T17:31:15.763Z daemon INFO time="2026-01-28T17:31:15Z" level=info msg="Using config file: /home/shrek/.arduinoIDE/arduino-cli.yaml"
time="2026-01-28T17:31:15Z" level=info msg="Executing `arduino-cli daemon`"
2026-01-28 17:31:15 2026-01-28T17:31:15.791Z daemon INFO Daemon is now listening on 127.0.0.1:38193
{"IP":"127.0.0.1","Port":"38193"}
2026-01-28 17:31:15 2026-01-28T17:31:15.791Z daemon INFO Daemon is running.
2026-01-28 17:31:15 2026-01-28T17:31:15.833Z daemon INFO time="2026-01-28T17:31:15Z" level=info msg="Checking signature" index=/home/shrek/.arduino15/package_index.json signatureFile=/home/shrek/.arduino15/package_index.json.sig trusted=true
time="2026-01-28T17:31:15Z" level=info msg="Missing signature file" index=/home/shrek/.arduino15/package_esp32_index.json
time="2026-01-28T17:31:15Z" level=info msg="Loading hardware from: /home/shrek/.arduino15/packages"
time="2026-01-28T17:31:15Z" level=info msg="Loading package arduino from: /home/shrek/.arduino15/packages/arduino/hardware"
time="2026-01-28T17:31:15Z" level=info msg="Missing signature file" index=/home/shrek/.arduino15/packages/arduino/hardware/avr/1.8.7/installed.json
time="2026-01-28T17:31:15Z" level=info msg="Adding monitor tool" protocol=serial tool="builtin:serial-monitor"
time="2026-01-28T17:31:15Z" level=info msg="Loaded platform" platform="arduino:avr@1.8.7"
time="2026-01-28T17:31:15Z" level=info msg="Checking existence of 'tools' path: /home/shrek/.arduino15/packages/arduino/tools"
time="2026-01-28T17:31:15Z" level=info msg="Loading tools from dir: /home/shrek/.arduino15/packages/arduino/tools"
2026-01-28 17:31:15 2026-01-28T17:31:15.834Z daemon INFO time="2026-01-28T17:31:15Z" level=info msg="Loaded tool" tool="arduino:arduinoOTA@1.3.0"
time="2026-01-28T17:31:15Z" level=info msg="Loaded tool" tool="arduino:avr-gcc@7.3.0-atmel3.6.1-arduino7"
time="2026-01-28T17:31:15Z" level=info msg="Loaded tool" tool="arduino:avrdude@8.0.0-arduino1"
time="2026-01-28T17:31:15Z" level=info msg="Loaded tool" tool="arduino:dfu-util@0.11.0-arduino5"
time="2026-01-28T17:31:15Z" level=info msg="Loading package builtin from: /home/shrek/.arduino15/packages/builtin"
time="2026-01-28T17:31:15Z" level=info msg="Checking existence of 'tools' path: /home/shrek/.arduino15/packages/builtin/tools"
time="2026-01-28T17:31:15Z" level=info msg="Loading tools from dir: /home/shrek/.arduino15/packages/builtin/tools"
time="2026-01-28T17:31:15Z" level=info msg="Loaded tool" tool="builtin:ctags@5.8-arduino11"
2026-01-28 17:31:15 2026-01-28T17:31:15.835Z daemon INFO time="2026-01-28T17:31:15Z" level=info msg="Loaded tool" tool="builtin:dfu-discovery@0.1.2"
time="2026-01-28T17:31:15Z" level=info msg="Loaded tool" tool="builtin:mdns-discovery@1.0.12"
2026-01-28 17:31:15 2026-01-28T17:31:15.835Z daemon INFO time="2026-01-28T17:31:15Z" level=info msg="Loaded tool" tool="builtin:serial-discovery@1.4.3"
2026-01-28 17:31:15 2026-01-28T17:31:15.836Z daemon INFO time="2026-01-28T17:31:15Z" level=info msg="Loaded tool" tool="builtin:serial-monitor@0.15.0"
2026-01-28 17:31:15 2026-01-28T17:31:15.837Z daemon INFO time="2026-01-28T17:31:15Z" level=info msg="Loading package esp32 from: /home/shrek/.arduino15/packages/esp32/hardware"
2026-01-28 17:31:15 2026-01-28T17:31:15.843Z daemon INFO time="2026-01-28T17:31:15Z" level=info msg="Missing signature file" index=/home/shrek/.arduino15/packages/esp32/hardware/esp32/3.3.6/installed.json
2026-01-28 17:31:15 2026-01-28T17:31:15.938Z daemon INFO time="2026-01-28T17:31:15Z" level=info msg="Adding monitor tool" protocol=serial tool="builtin:serial-monitor"
time="2026-01-28T17:31:15Z" level=info msg="Loaded platform" platform="esp32:esp32@3.3.6"
time="2026-01-28T17:31:15Z" level=info msg="Checking existence of 'tools' path: /home/shrek/.arduino15/packages/esp32/tools"
time="2026-01-28T17:31:15Z" level=info msg="Loading tools from dir: /home/shrek/.arduino15/packages/esp32/tools"
time="2026-01-28T17:31:15Z" level=info msg="Loaded tool" tool="esp32:esp-rv32@2511"
time="2026-01-28T17:31:15Z" level=info msg="Loaded tool" tool="esp32:esp-x32@2511"
time="2026-01-28T17:31:15Z" level=info msg="Loaded tool" tool="esp32:esp32-libs@3.3.6"
time="2026-01-28T17:31:15Z" level=info msg="Loaded tool" tool="esp32:esp32c3-libs@3.3.6"
time="2026-01-28T17:31:15Z" level=info msg="Loaded tool" tool="esp32:esp32c5-libs@3.3.6"
time="2026-01-28T17:31:15Z" level=info msg="Loaded tool" tool="esp32:esp32c6-libs@3.3.6"
time="2026-01-28T17:31:15Z" level=info msg="Loaded tool" tool="esp32:esp32h2-libs@3.3.6"
time="2026-01-28T17:31:15Z" level=info msg="Loaded tool" tool="esp32:esp32p4-libs@3.3.6"
time="2026-01-28T17:31:15Z" level=info msg="Loaded tool" tool="esp32:esp32p4_es-libs@3.3.6"
time="2026-01-28T17:31:15Z" level=info msg="Loaded tool" tool="esp32:esp32s2-libs@3.3.6"
time="2026-01-28T17:31:15Z" level=info msg="Loaded tool" tool="esp32:esp32s3-libs@3.3.6"
time="2026-01-28T17:31:15Z" level=info msg="Loaded tool" tool="esp32:esptool_py@5.1.0"
time="2026-01-28T17:31:15Z" level=info msg="Loaded tool" tool="esp32:mklittlefs@4.0.2-db0513a"
time="2026-01-28T17:31:15Z" level=info msg="Loaded tool" tool="esp32:mkspiffs@0.2.3"
time="2026-01-28T17:31:15Z" level=info msg="Loaded tool" tool="esp32:openocd-esp32@v0.12.0-esp32-20251215"
time="2026-01-28T17:31:15Z" level=info msg="Loaded tool" tool="esp32:riscv32-esp-elf-gdb@16.3_20250913"
time="2026-01-28T17:31:15Z" level=info msg="Loaded tool" tool="esp32:xtensa-esp-elf-gdb@16.3_20250913"
2026-01-28 17:31:15 2026-01-28T17:31:15.941Z daemon INFO time="2026-01-28T17:31:15Z" level=info msg="Adding libraries dir" dir=/home/shrek/.arduino15/packages/arduino/hardware/avr/1.8.7/libraries isSingleLibrary=false location=platform
2026-01-28 17:31:15 2026-01-28T17:31:15.941Z daemon INFO time="2026-01-28T17:31:15Z" level=info msg="Adding libraries dir" dir=/home/shrek/.arduino15/packages/esp32/hardware/esp32/3.3.6/libraries isSingleLibrary=false location=platform
time="2026-01-28T17:31:15Z" level=info msg="Loading libraries index file" index=/home/shrek/.arduino15/library_index.json
2026-01-28 17:31:16 2026-01-28T17:31:16.102Z root INFO Deploy plugins list: 420.3 ms [Finished 0.804 s after backend start]
2026-01-28 17:31:16 2026-01-28T17:31:16.131Z daemon INFO time="2026-01-28T17:31:16Z" level=info msg="Adding libraries dir" dir=/home/shrek/.arduino15/libraries isSingleLibrary=false location=ide
time="2026-01-28T17:31:16Z" level=info msg="Adding libraries dir" dir=/home/shrek/Arduino/libraries isSingleLibrary=false location=user
2026-01-28 17:31:16 2026-01-28T17:31:16.168Z root INFO creating connection for 1
2026-01-28 17:31:16 2026-01-28T17:31:16.216Z discovery-log INFO start resolved watching
2026-01-28 17:31:16 2026-01-28T17:31:16.232Z discovery-log INFO {"eventType":"add","port":{"matchingBoardsList":[],"port":{"address":"/dev/ttyS0","label":"/dev/ttyS0","protocol":"serial","protocolLabel":"Serial Port","propertiesMap":[],"hardwareId":""}},"error":""}
2026-01-28 17:31:16 2026-01-28T17:31:16.685Z root WARN A command editor.action.toggleStickyScroll is already registered.
2026-01-28 17:31:16 Opening channel for service path '/services/electron-window'.
2026-01-28 17:31:16 Opening channel for service path '/services/ide-updater'.
2026-01-28 17:31:16 2026-01-28T17:31:16.740Z root INFO Start frontend contributions: 147.5 ms [Finished 1.045 s after frontend start]
2026-01-28 17:31:16 2026-01-28T17:31:16.740Z root INFO Changed application state from 'init' to 'started_contributions'.
2026-01-28 17:31:16 2026-01-28T17:31:16.751Z root INFO Changed application state from 'started_contributions' to 'attached_shell'.
2026-01-28 17:31:16 2026-01-28T17:31:16.751Z root INFO >>> Restoring the layout state...
2026-01-28 17:31:16 2026-01-28T17:31:16.770Z root INFO [a9f87ae3-dda3-4846-a32e-60053e860574] Waiting for backend deployment: 34.5 ms [Finished 1.076 s after frontend start]
2026-01-28 17:31:17 2026-01-28T17:31:17.062Z root INFO [hosted-plugin: 1780] PLUGIN_HOST(1780) starting instance
[Object: null prototype] {}
2026-01-28 17:31:17 2026-01-28T17:31:17.383Z root INFO [a9f87ae3-dda3-4846-a32e-60053e860574] Sync of 23 plugins: 618.3 ms [Finished 1.695 s after frontend start]
2026-01-28 17:31:17 2026-01-28T17:31:17.389Z root INFO <<< Nothing to restore.
2026-01-28 17:31:17 2026-01-28T17:31:17.428Z root INFO Initialize the workbench layout: 648.9 ms [Finished 1.712 s after frontend start]
2026-01-28 17:31:17 2026-01-28T17:31:17.429Z root INFO Changed application state from 'attached_shell' to 'initialized_layout'.
2026-01-28 17:31:17 2026-01-28T17:31:17.429Z root INFO [a9f87ae3-dda3-4846-a32e-60053e860574] Loading plugin contributions
2026-01-28 17:31:17 2026-01-28T17:31:17.429Z root INFO [a9f87ae3-dda3-4846-a32e-60053e860574] Load contributions of 23 plugins: 23.1 ms [Finished 1.739 s after frontend start]
2026-01-28 17:31:17 2026-01-28T17:31:17.456Z root WARN 'cpp' language is remapped from 'source.cpp.embedded.macro' to 'source.cpp' scope
2026-01-28 17:31:17 2026-01-28T17:31:17.456Z root WARN a registered grammar configuration for 'cpp' language is overridden
2026-01-28 17:31:17 2026-01-28T17:31:17.608Z root ERROR [hosted-plugin: 1780] Conflict in settings file Default: Ignoring cortex-debug.armToolchainPath.linux as cortex-debug.armToolchainPath is null
2026-01-28 17:31:17 2026-01-28T17:31:17.609Z root ERROR [hosted-plugin: 1780] Conflict in settings file Default: Ignoring cortex-debug.armToolchainPath.osx as cortex-debug.armToolchainPath is null
Conflict in settings file Default: Ignoring cortex-debug.armToolchainPath.windows as cortex-debug.armToolchainPath is null
Conflict in settings file Default: Ignoring cortex-debug.JLinkGDBServerPath.linux as cortex-debug.JLinkGDBServerPath is null
2026-01-28 17:31:17 2026-01-28T17:31:17.609Z root ERROR [hosted-plugin: 1780] Conflict in settings file Default: Ignoring cortex-debug.JLinkGDBServerPath.osx as cortex-debug.JLinkGDBServerPath is null
Conflict in settings file Default: Ignoring cortex-debug.JLinkGDBServerPath.windows as cortex-debug.JLinkGDBServerPath is null
2026-01-28 17:31:17 2026-01-28T17:31:17.609Z root ERROR [hosted-plugin: 1780] Conflict in settings file Default: Ignoring cortex-debug.openocdPath.linux as cortex-debug.openocdPath is null
2026-01-28 17:31:17 2026-01-28T17:31:17.609Z root ERROR [hosted-plugin: 1780] Conflict in settings file Default: Ignoring cortex-debug.openocdPath.osx as cortex-debug.openocdPath is null
2026-01-28 17:31:17 2026-01-28T17:31:17.609Z root ERROR [hosted-plugin: 1780] Conflict in settings file Default: Ignoring cortex-debug.openocdPath.windows as cortex-debug.openocdPath is null
2026-01-28 17:31:17 2026-01-28T17:31:17.609Z root ERROR [hosted-plugin: 1780] Conflict in settings file Default: Ignoring cortex-debug.pyocdPath.linux as cortex-debug.pyocdPath is null
2026-01-28 17:31:17 2026-01-28T17:31:17.609Z root ERROR [hosted-plugin: 1780] Conflict in settings file Default: Ignoring cortex-debug.pyocdPath.osx as cortex-debug.pyocdPath is null
Conflict in settings file Default: Ignoring cortex-debug.pyocdPath.windows as cortex-debug.pyocdPath is null
Conflict in settings file Default: Ignoring cortex-debug.PEGDBServerPath.linux as cortex-debug.PEGDBServerPath is null
2026-01-28 17:31:17 2026-01-28T17:31:17.609Z root ERROR [hosted-plugin: 1780] Conflict in settings file Default: Ignoring cortex-debug.PEGDBServerPath.osx as cortex-debug.PEGDBServerPath is null
Conflict in settings file Default: Ignoring cortex-debug.PEGDBServerPath.windows as cortex-debug.PEGDBServerPath is null
Conflict in settings file Default: Ignoring cortex-debug.stutilPath.linux as cortex-debug.stutilPath is null
2026-01-28 17:31:17 2026-01-28T17:31:17.609Z root ERROR [hosted-plugin: 1780] Conflict in settings file Default: Ignoring cortex-debug.stutilPath.osx as cortex-debug.stutilPath is null
Conflict in settings file Default: Ignoring cortex-debug.stutilPath.windows as cortex-debug.stutilPath is null
Conflict in settings file Default: Ignoring cortex-debug.stlinkPath.linux as cortex-debug.stlinkPath is null
Conflict in settings file Default: Ignoring cortex-debug.stlinkPath.osx as cortex-debug.stlinkPath is null
Conflict in settings file Default: Ignoring cortex-debug.stlinkPath.windows as cortex-debug.stlinkPath is null
2026-01-28 17:31:17 2026-01-28T17:31:17.609Z root ERROR [hosted-plugin: 1780] Conflict in settings file Default: Ignoring cortex-debug.stm32cubeprogrammer.linux as cortex-debug.stm32cubeprogrammer is null
Conflict in settings file Default: Ignoring cortex-debug.stm32cubeprogrammer.osx as cortex-debug.stm32cubeprogrammer is null
Conflict in settings file Default: Ignoring cortex-debug.stm32cubeprogrammer.windows as cortex-debug.stm32cubeprogrammer is null
2026-01-28 17:31:17 2026-01-28T17:31:17.642Z root INFO [hosted-plugin: 1780] PLUGIN_HOST(1780): PluginManagerExtImpl/init()
2026-01-28 17:31:17 2026-01-28T17:31:17.643Z root INFO [hosted-plugin: 1780] PLUGIN_HOST(1780): initializing(vscode-arduino-api@0.1.2 with /opt/arduino-ide/resources/app/lib/backend/plugin-vscode-init)
2026-01-28 17:31:17 2026-01-28T17:31:17.684Z root INFO [hosted-plugin: 1780] PLUGIN_HOST(1780): initializing(json-language-features@1.88.1 with /opt/arduino-ide/resources/app/lib/backend/plugin-vscode-init)
2026-01-28 17:31:17 2026-01-28T17:31:17.686Z root INFO [hosted-plugin: 1780] PLUGIN_HOST(1780): initializing(cortex-debug@1.5.1 with /opt/arduino-ide/resources/app/lib/backend/plugin-vscode-init)
2026-01-28 17:31:17 2026-01-28T17:31:17.686Z root INFO [hosted-plugin: 1780] Debugger contribution has been registered: cortex-debug
2026-01-28 17:31:17 2026-01-28T17:31:17.687Z root INFO [hosted-plugin: 1780] PLUGIN_HOST(1780): initializing(vscode-arduino-tools@0.1.3 with /opt/arduino-ide/resources/app/lib/backend/plugin-vscode-init)
2026-01-28 17:31:17 2026-01-28T17:31:17.687Z root INFO [hosted-plugin: 1780] PLUGIN_HOST(1780): initializing(cpp@1.88.1 with /opt/arduino-ide/resources/app/lib/backend/plugin-vscode-init)
2026-01-28 17:31:17 2026-01-28T17:31:17.688Z root INFO [hosted-plugin: 1780] PLUGIN_HOST(1780): initializing(json@1.88.1 with /opt/arduino-ide/resources/app/lib/backend/plugin-vscode-init)
2026-01-28 17:31:17 2026-01-28T17:31:17.689Z root INFO [hosted-plugin: 1780] PLUGIN_HOST(1780): initializing(vscode-language-pack-bg@1.48.3 with /opt/arduino-ide/resources/app/lib/backend/plugin-vscode-init)
2026-01-28 17:31:17 2026-01-28T17:31:17.691Z root INFO [hosted-plugin: 1780] PLUGIN_HOST(1780): initializing(vscode-language-pack-cs@1.96.0 with /opt/arduino-ide/resources/app/lib/backend/plugin-vscode-init)
2026-01-28 17:31:17 2026-01-28T17:31:17.691Z root INFO [hosted-plugin: 1780] PLUGIN_HOST(1780): initializing(vscode-language-pack-de@1.96.0 with /opt/arduino-ide/resources/app/lib/backend/plugin-vscode-init)
2026-01-28 17:31:17 2026-01-28T17:31:17.692Z root INFO [hosted-plugin: 1780] PLUGIN_HOST(1780): initializing(vscode-language-pack-es@1.96.0 with /opt/arduino-ide/resources/app/lib/backend/plugin-vscode-init)
2026-01-28 17:31:17 2026-01-28T17:31:17.692Z root INFO [hosted-plugin: 1780] PLUGIN_HOST(1780): initializing(vscode-language-pack-fr@1.96.0 with /opt/arduino-ide/resources/app/lib/backend/plugin-vscode-init)
2026-01-28 17:31:17 2026-01-28T17:31:17.693Z root INFO [hosted-plugin: 1780] PLUGIN_HOST(1780): initializing(vscode-language-pack-hu@1.48.3 with /opt/arduino-ide/resources/app/lib/backend/plugin-vscode-init)
2026-01-28 17:31:17 2026-01-28T17:31:17.693Z root INFO [hosted-plugin: 1780] PLUGIN_HOST(1780): initializing(vscode-language-pack-it@1.96.0 with /opt/arduino-ide/resources/app/lib/backend/plugin-vscode-init)
2026-01-28 17:31:17 2026-01-28T17:31:17.693Z root INFO [hosted-plugin: 1780] PLUGIN_HOST(1780): initializing(vscode-language-pack-ja@1.96.0 with /opt/arduino-ide/resources/app/lib/backend/plugin-vscode-init)
2026-01-28 17:31:17 2026-01-28T17:31:17.693Z root INFO [hosted-plugin: 1780] PLUGIN_HOST(1780): initializing(vscode-language-pack-ko@1.96.0 with /opt/arduino-ide/resources/app/lib/backend/plugin-vscode-init)
2026-01-28 17:31:17 2026-01-28T17:31:17.694Z root INFO [hosted-plugin: 1780] PLUGIN_HOST(1780): initializing(vscode-language-pack-nl@1.48.3 with /opt/arduino-ide/resources/app/lib/backend/plugin-vscode-init)
2026-01-28 17:31:17 2026-01-28T17:31:17.694Z root INFO [hosted-plugin: 1780] PLUGIN_HOST(1780): initializing(vscode-language-pack-pl@1.96.0 with /opt/arduino-ide/resources/app/lib/backend/plugin-vscode-init)
2026-01-28 17:31:17 2026-01-28T17:31:17.694Z root INFO [hosted-plugin: 1780] PLUGIN_HOST(1780): initializing(vscode-language-pack-pt-BR@1.96.0 with /opt/arduino-ide/resources/app/lib/backend/plugin-vscode-init)
2026-01-28 17:31:17 2026-01-28T17:31:17.694Z root INFO [hosted-plugin: 1780] PLUGIN_HOST(1780): initializing(vscode-language-pack-ru@1.96.0 with /opt/arduino-ide/resources/app/lib/backend/plugin-vscode-init)
2026-01-28 17:31:17 2026-01-28T17:31:17.694Z root INFO [hosted-plugin: 1780] PLUGIN_HOST(1780): initializing(vscode-language-pack-tr@1.96.0 with /opt/arduino-ide/resources/app/lib/backend/plugin-vscode-init)
2026-01-28 17:31:17 2026-01-28T17:31:17.694Z root INFO [hosted-plugin: 1780] PLUGIN_HOST(1780): initializing(vscode-language-pack-uk@1.48.3 with /opt/arduino-ide/resources/app/lib/backend/plugin-vscode-init)
2026-01-28 17:31:17 2026-01-28T17:31:17.695Z root INFO [hosted-plugin: 1780] PLUGIN_HOST(1780): initializing(vscode-language-pack-zh-hans@1.96.0 with /opt/arduino-ide/resources/app/lib/backend/plugin-vscode-init)
2026-01-28 17:31:17 2026-01-28T17:31:17.695Z root INFO [hosted-plugin: 1780] PLUGIN_HOST(1780): initializing(vscode-language-pack-zh-hant@1.96.0 with /opt/arduino-ide/resources/app/lib/backend/plugin-vscode-init)
2026-01-28 17:31:17 2026-01-28T17:31:17.781Z root INFO [hosted-plugin: 1780] PLUGIN_HOST(1780): PluginManagerExtImpl/loadPlugin(/opt/arduino-ide/resources/app/plugins/vscode-builtin-json-language-features/extension/client/dist/node/jsonClientMain)
2026-01-28 17:31:17 2026-01-28T17:31:17.812Z root INFO [hosted-plugin: 1780] PLUGIN_HOST(1780): PluginManagerExtImpl/loadPlugin(/opt/arduino-ide/resources/app/plugins/vscode-arduino-api/extension/dist/extension.js)
2026-01-28 17:31:17 2026-01-28T17:31:17.814Z root INFO [hosted-plugin: 1780] calling activation function on Arduino IDE API for VS Code extensions
2026-01-28 17:31:17 2026-01-28T17:31:17.823Z root INFO [a9f87ae3-dda3-4846-a32e-60053e860574] Starting plugins.
2026-01-28 17:31:17 2026-01-28T17:31:17.836Z root INFO [hosted-plugin: 1780] PLUGIN_HOST(1780): PluginManagerExtImpl/loadPlugin(/opt/arduino-ide/resources/app/plugins/cortex-debug/extension/dist/extension.js)
2026-01-28 17:31:17 2026-01-28T17:31:17.855Z root INFO [hosted-plugin: 1780] Debug configuration provider has been registered: cortex-debug, trigger: 1
2026-01-28 17:31:17 2026-01-28T17:31:17.855Z root INFO [hosted-plugin: 1780] calling activation function on Cortex-Debug
2026-01-28 17:31:17 2026-01-28T17:31:17.856Z root INFO [hosted-plugin: 1780] GDB server console created
2026-01-28 17:31:17 2026-01-28T17:31:17.859Z root INFO [a9f87ae3-dda3-4846-a32e-60053e860574] Start of 23 plugins: 384.8 ms [Finished 2.171 s after frontend start]
2026-01-28 17:31:17 2026-01-28T17:31:17.947Z root INFO [hosted-plugin: 1780] calling activation function on JSON Language Features (built-in)
2026-01-28 17:31:18 2026-01-28T17:31:18.344Z root INFO Frontend application start: 1694.8 ms [Finished 3.046 s after backend start]
2026-01-28 17:31:18 Checking for update
2026-01-28 17:31:18 2026-01-28T17:31:18.359Z root INFO Replace loading indicator with ready workbench UI (animation): 817.3 ms [Finished 2.559 s after frontend start]
2026-01-28 17:31:18 2026-01-28T17:31:18.359Z root INFO Changed application state from 'initialized_layout' to 'ready'.
2026-01-28 17:31:18 2026-01-28T17:31:18.359Z root WARN Linked preference "workbench.colorCustomizations" not found.
2026-01-28 17:31:18 2026-01-28T17:31:18.404Z daemon INFO time="2026-01-28T17:31:18Z" level=info msg="Updating index" url="https://downloads.arduino.cc/packages/package_index.tar.bz2"
time="2026-01-28T17:31:18Z" level=info msg="Starting download" url="https://downloads.arduino.cc/libraries/library_index.tar.bz2"
time="2026-01-28T17:31:18Z" level=info msg="Starting download" url="https://downloads.arduino.cc/packages/package_index.tar.bz2"
2026-01-28 17:31:18 2026-01-28T17:31:18.416Z root INFO core-client-provider [platform-index] Downloading index: package_index.tar.bz2

2026-01-28 17:31:18 2026-01-28T17:31:18.417Z root INFO core-client-provider [library-index] Downloading index: library_index.tar.bz2

2026-01-28 17:31:18 2026-01-28T17:31:18.578Z root INFO Starting language server: esp32:esp32:esp32s3:UploadSpeed=115200,USBMode=hwcdc,CDCOnBoot=cdc,MSCOnBoot=default,DFUOnBoot=default,UploadMode=default,CPUFreq=240,FlashMode=qio,FlashSize=32M,PartitionScheme=default,DebugLevel=none,PSRAM=disabled,LoopCore=1,EventsCore=1,EraseFlash=none,JTAGAdapter=default,ZigbeeMode=default
2026-01-28 17:31:18 2026-01-28T17:31:18.579Z daemon INFO time="2026-01-28T17:31:18Z" level=info msg="Updating index" url="https://raw.githubusercontent.com/espressif/arduino-esp32/gh-pages/package_esp32_index.json"
time="2026-01-28T17:31:18Z" level=info msg="Starting download" url="https://raw.githubusercontent.com/espressif/arduino-esp32/gh-pages/package_esp32_index.json"
2026-01-28 17:31:18 2026-01-28T17:31:18.687Z root INFO core-client-provider [platform-index] Downloading index: package_esp32_index.json

2026-01-28 17:31:18 2026-01-28T17:31:18.687Z daemon INFO time="2026-01-28T17:31:18Z" level=info msg="Tool required for debug" tool="arduino:dfu-util@0.11.0-arduino5"
time="2026-01-28T17:31:18Z" level=info msg="Tool required for debug" tool="esp32:esp-rv32@2511"
time="2026-01-28T17:31:18Z" level=info msg="Tool required for debug" tool="esp32:esp-x32@2511"
time="2026-01-28T17:31:18Z" level=info msg="Tool required for debug" tool="esp32:esp32-libs@3.3.6"
time="2026-01-28T17:31:18Z" level=info msg="Tool required for debug" tool="esp32:esp32c3-libs@3.3.6"
time="2026-01-28T17:31:18Z" level=info msg="Tool required for debug" tool="esp32:esp32c5-libs@3.3.6"
time="2026-01-28T17:31:18Z" level=info msg="Tool required for debug" tool="esp32:esp32c6-libs@3.3.6"
time="2026-01-28T17:31:18Z" level=info msg="Tool required for debug" tool="esp32:esp32h2-libs@3.3.6"
time="2026-01-28T17:31:18Z" level=info msg="Tool required for debug" tool="esp32:esp32p4-libs@3.3.6"
time="2026-01-28T17:31:18Z" level=info msg="Tool required for debug" tool="esp32:esp32p4_es-libs@3.3.6"
time="2026-01-28T17:31:18Z" level=info msg="Tool required for debug" tool="esp32:esp32s2-libs@3.3.6"
time="2026-01-28T17:31:18Z" level=info msg="Tool required for debug" tool="esp32:esp32s3-libs@3.3.6"
time="2026-01-28T17:31:18Z" level=info msg="Tool required for debug" tool="esp32:esptool_py@5.1.0"
time="2026-01-28T17:31:18Z" level=info msg="Tool required for debug" tool="esp32:mklittlefs@4.0.2-db0513a"
time="2026-01-28T17:31:18Z" level=info msg="Tool required for debug" tool="esp32:mkspiffs@0.2.3"
time="2026-01-28T17:31:18Z" level=info msg="Tool required for debug" tool="esp32:openocd-esp32@v0.12.0-esp32-20251215"
time="2026-01-28T17:31:18Z" level=info msg="Tool required for debug" tool="esp32:riscv32-esp-elf-gdb@16.3_20250913"
time="2026-01-28T17:31:18Z" level=info msg="Tool required for debug" tool="esp32:xtensa-esp-elf-gdb@16.3_20250913"
time="2026-01-28T17:31:18Z" level=info msg="Tool required for debug" tool="builtin:ctags@5.8-arduino11"
time="2026-01-28T17:31:18Z" level=info msg="Tool required for debug" tool="builtin:serial-discovery@1.4.3"
time="2026-01-28T17:31:18Z" level=info msg="Tool required for debug" tool="arduino:arduinoOTA@1.3.0"
time="2026-01-28T17:31:18Z" level=info msg="Tool required for debug" tool="arduino:avrdude@8.0.0-arduino1"
time="2026-01-28T17:31:18Z" level=info msg="Tool required for debug" tool="builtin:mdns-discovery@1.0.12"
time="2026-01-28T17:31:18Z" level=info msg="Tool required for debug" tool="arduino:avr-gcc@7.3.0-atmel3.6.1-arduino7"
time="2026-01-28T17:31:18Z" level=info msg="Tool required for debug" tool="builtin:dfu-discovery@0.1.2"
time="2026-01-28T17:31:18Z" level=info msg="Tool required for debug" tool="builtin:serial-monitor@0.15.0"
time="2026-01-28T17:31:18Z" level=info msg="Tool required for debug" tool="arduino:dfu-util@0.11.0-arduino5"
time="2026-01-28T17:31:18Z" level=info msg="Tool required for debug" tool="esp32:esp-rv32@2511"
time="2026-01-28T17:31:18Z" level=info msg="Tool required for debug" tool="esp32:esp-x32@2511"
time="2026-01-28T17:31:18Z" level=info msg="Tool required for debug" tool="esp32:esp32-libs@3.3.6"
time="2026-01-28T17:31:18Z" level=info msg="Tool required for debug" tool="esp32:esp32c3-libs@3.3.6"
time="2026-01-28T17:31:18Z" level=info msg="Tool required for debug" tool="esp32:esp32c5-libs@3.3.6"
time="2026-01-28T17:31:18Z" level=info msg="Tool required for debug" tool="esp32:esp32c6-libs@3.3.6"
time="2026-01-28T17:31:18Z" level=info msg="Tool required for debug" tool="esp32:esp32h2-libs@3.3.6"
time="2026-01-28T17:31:18Z" level=info msg="Tool required for debug" tool="esp32:esp32p4-libs@3.3.6"
time="2026-01-28T17:31:18Z" level=info msg="Tool required for debug" tool="esp32:esp32p4_es-libs@3.3.6"
time="2026-01-28T17:31:18Z" level=info msg="Tool required for debug" tool="esp32:esp32s2-libs@3.3.6"
time="2026-01-28T17:31:18Z" level=info msg="Tool required for debug" tool="esp32:esp32s3-libs@3.3.6"
time="2026-01-28T17:31:18Z" level=info msg="Tool required for debug" tool="esp32:esptool_py@5.1.0"
time="2026-01-28T17:31:18Z" level=info msg="Tool required for debug" tool="esp32:mklittlefs@4.0.2-db0513a"
time="2026-01-28T17:31:18Z" level=info msg="Tool required for debug" tool="esp32:mkspiffs@0.2.3"
time="2026-01-28T17:31:18Z" level=info msg="Tool required for debug" tool="esp32:openocd-esp32@v0.12.0-esp32-20251215"
time="2026-01-28T17:31:18Z" level=info msg="Tool required for debug" tool="esp32:riscv32-esp-elf-gdb@16.3_20250913"
time="2026-01-28T17:31:18Z" level=info msg="Tool required for debug" tool="esp32:xtensa-esp-elf-gdb@16.3_20250913"
time="2026-01-28T17:31:18Z" level=info msg="Tool required for debug" tool="builtin:serial-discovery@1.4.3"
time="2026-01-28T17:31:18Z" level=info msg="Tool required for debug" tool="builtin:serial-monitor@0.15.0"
time="2026-01-28T17:31:18Z" level=info msg="Tool required for debug" tool="arduino:avr-gcc@7.3.0-atmel3.6.1-arduino7"
time="2026-01-28T17:31:18Z" level=info msg="Tool required for debug" tool="arduino:arduinoOTA@1.3.0"
time="2026-01-28T17:31:18Z" level=info msg="Tool required for debug" tool="arduino:avrdude@8.0.0-arduino1"
time="2026-01-28T17:31:18Z" level=info msg="Tool required for debug" tool="builtin:ctags@5.8-arduino11"
time="2026-01-28T17:31:18Z" level=info msg="Tool required for debug" tool="builtin:dfu-discovery@0.1.2"
time="2026-01-28T17:31:18Z" level=info msg="Tool required for debug" tool="builtin:mdns-discovery@1.0.12"
time="2026-01-28T17:31:18Z" level=info msg="Tool required for debug" tool="arduino:dfu-util@0.11.0-arduino5"
time="2026-01-28T17:31:18Z" level=info msg="Tool required for debug" tool="esp32:esp-rv32@2511"
time="2026-01-28T17:31:18Z" level=info msg="Tool required for debug" tool="esp32:esp-x32@2511"
time="2026-01-28T17:31:18Z" level=info msg="Tool required for debug" tool="esp32:esp32-libs@3.3.6"
time="2026-01-28T17:31:18Z" level=info msg="Tool required for debug" tool="esp32:esp32c3-libs@3.3.6"
time="2026-01-28T17:31:18Z" level=info msg="Tool required for debug" tool="esp32:esp32c5-libs@3.3.6"
time="2026-01-28T17:31:18Z" level=info msg="Tool required for debug" tool="esp32:esp32c6-libs@3.3.6"
time="2026-01-28T17:31:18Z" level=info msg="Tool required for debug" tool="esp32:esp32h2-libs@3.3.6"
time="2026-01-28T17:31:18Z" level=info msg="Tool required for debug" tool="esp32:esp32p4-libs@3.3.6"
time="2026-01-28T17:31:18Z" level=info msg="Tool required for debug" tool="esp32:esp32p4_es-libs@3.3.6"
time="2026-01-28T17:31:18Z" level=info msg="Tool required for debug" tool="esp32:esp32s2-libs@3.3.6"
time="2026-01-28T17:31:18Z" level=info msg="Tool required for debug" tool="esp32:esp32s3-libs@3.3.6"
time="2026-01-28T17:31:18Z" level=info msg="Tool required for debug" tool="esp32:esptool_py@5.1.0"
time="2026-01-28T17:31:18Z" level=info msg="Tool required for debug" tool="esp32:mklittlefs@4.0.2-db0513a"
time="2026-01-28T17:31:18Z" level=info msg="Tool required for debug" tool="esp32:mkspiffs@0.2.3"
time="2026-01-28T17:31:18Z" level=info msg="Tool required for debug" tool="esp32:openocd-esp32@v0.12.0-esp32-20251215"
time="2026-01-28T17:31:18Z" level=info msg="Tool required for debug" tool="esp32:riscv32-esp-elf-gdb@16.3_20250913"
time="2026-01-28T17:31:18Z" level=info msg="Tool required for debug" tool="esp32:xtensa-esp-elf-gdb@16.3_20250913"
time="2026-01-28T17:31:18Z" level=info msg="Tool required for debug" tool="builtin:dfu-discovery@0.1.2"
time="2026-01-28T17:31:18Z" level=info msg="Tool required for debug" tool="builtin:mdns-discovery@1.0.12"
time="2026-01-28T17:31:18Z" level=info msg="Tool required for debug" tool="arduino:avr-gcc@7.3.0-atmel3.6.1-arduino7"
time="2026-01-28T17:31:18Z" level=info msg="Tool required for debug" tool="builtin:serial-discovery@1.4.3"
time="2026-01-28T17:31:18Z" level=info msg="Tool required for debug" tool="arduino:avrdude@8.0.0-arduino1"
time="2026-01-28T17:31:18Z" level=info msg="Tool required for debug" tool="arduino:arduinoOTA@1.3.0"
time="2026-01-28T17:31:18Z" level=info msg="Tool required for debug" tool="builtin:ctags@5.8-arduino11"
time="2026-01-28T17:31:18Z" level=info msg="Tool required for debug" tool="builtin:serial-monitor@0.15.0"
time="2026-01-28T17:31:18Z" level=info msg="Tool required for debug" tool="arduino:dfu-util@0.11.0-arduino5"
time="2026-01-28T17:31:18Z" level=info msg="Tool required for debug" tool="esp32:esp-rv32@2511"
time="2026-01-28T17:31:18Z" level=info msg="Tool required for debug" tool="esp32:esp-x32@2511"
time="2026-01-28T17:31:18Z" level=info msg="Tool required for debug" tool="esp32:esp32-libs@3.3.6"
time="2026-01-28T17:31:18Z" level=info msg="Tool required for debug" tool="esp32:esp32c3-libs@3.3.6"
time="2026-01-28T17:31:18Z" level=info msg="Tool required for debug" tool="esp32:esp32c5-libs@3.3.6"
time="2026-01-28T17:31:18Z" level=info msg="Tool required for debug" tool="esp32:esp32c6-libs@3.3.6"
time="2026-01-28T17:31:18Z" level=info msg="Tool required for debug" tool="esp32:esp32h2-libs@3.3.6"
time="2026-01-28T17:31:18Z" level=info msg="Tool required for debug" tool="esp32:esp32p4-libs@3.3.6"
time="2026-01-28T17:31:18Z" level=info msg="Tool required for debug" tool="esp32:esp32p4_es-libs@3.3.6"
time="2026-01-28T17:31:18Z" level=info msg="Tool required for debug" tool="esp32:esp32s2-libs@3.3.6"
time="2026-01-28T17:31:18Z" level=info msg="Tool required for debug" tool="esp32:esp32s3-libs@3.3.6"
time="2026-01-28T17:31:18Z" level=info msg="Tool required for debug" tool="esp32:esptool_py@5.1.0"
time="2026-01-28T17:31:18Z" level=info msg="Tool required for debug" tool="esp32:mklittlefs@4.0.2-db0513a"
time="2026-01-28T17:31:18Z" level=info msg="Tool required for debug" tool="esp32:mkspiffs@0.2.3"
time="2026-01-28T17:31:18Z" level=info msg="Tool required for debug" tool="esp32:openocd-esp32@v0.12.0-esp32-20251215"
time="2026-01-28T17:31:18Z" level=info msg="Tool required for debug" tool="esp32:riscv32-esp-elf-gdb@16.3_20250913"
time="2026-01-28T17:31:18Z" level=info msg="Tool required for debug" tool="esp32:xtensa-esp-elf-gdb@16.3_20250913"
time="2026-01-28T17:31:18Z" level=info msg="Tool required for debug" tool="builtin:ctags@5.8-arduino11"
time="2026-01-28T17:31:18Z" level=info msg="Tool required for debug" tool="builtin:dfu-discovery@0.1.2"
time="2026-01-28T17:31:18Z" level=info msg="Tool required for debug" tool="arduino:arduinoOTA@1.3.0"
time="2026-01-28T17:31:18Z" level=info msg="Tool required for debug" tool="builtin:mdns-discovery@1.0.12"
time="2026-01-28T17:31:18Z" level=info msg="Tool required for debug" tool="arduino:avr-gcc@7.3.0-atmel3.6.1-arduino7"
time="2026-01-28T17:31:18Z" level=info msg="Tool required for debug" tool="arduino:avrdude@8.0.0-arduino1"
time="2026-01-28T17:31:18Z" level=info msg="Tool required for debug" tool="builtin:serial-discovery@1.4.3"
time="2026-01-28T17:31:18Z" level=info msg="Tool required for debug" tool="builtin:serial-monitor@0.15.0"
time="2026-01-28T17:31:18Z" level=info msg="Tool required for debug" tool="arduino:dfu-util@0.11.0-arduino5"
time="2026-01-28T17:31:18Z" level=info msg="Tool required for debug" tool="esp32:esp-rv32@2511"
time="2026-01-28T17:31:18Z" level=info msg="Tool required for debug" tool="esp32:esp-x32@2511"
time="2026-01-28T17:31:18Z" level=info msg="Tool required for debug" tool="esp32:esp32-libs@3.3.6"
time="2026-01-28T17:31:18Z" level=info msg="Tool required for debug" tool="esp32:esp32c3-libs@3.3.6"
time="2026-01-28T17:31:18Z" level=info msg="Tool required for debug" tool="esp32:esp32c5-libs@3.3.6"
time="2026-01-28T17:31:18Z" level=info msg="Tool required for debug" tool="esp32:esp32c6-libs@3.3.6"
time="2026-01-28T17:31:18Z" level=info msg="Tool required for debug" tool="esp32:esp32h2-libs@3.3.6"
time="2026-01-28T17:31:18Z" level=info msg="Tool required for debug" tool="esp32:esp32p4-libs@3.3.6"
time="2026-01-28T17:31:18Z" level=info msg="Tool required for debug" tool="esp32:esp32p4_es-libs@3.3.6"
time="2026-01-28T17:31:18Z" level=info msg="Tool required for debug" tool="esp32:esp32s2-libs@3.3.6"
time="2026-01-28T17:31:18Z" level=info msg="Tool required for debug" tool="esp32:esp32s3-libs@3.3.6"
time="2026-01-28T17:31:18Z" level=info msg="Tool required for debug" tool="esp32:esptool_py@5.1.0"
time="2026-01-28T17:31:18Z" level=info msg="Tool required for debug" tool="esp32:mklittlefs@4.0.2-db0513a"
time="2026-01-28T17:31:18Z" level=info msg="Tool required for debug" tool="esp32:mkspiffs@0.2.3"
time="2026-01-28T17:31:18Z" level=info msg="Tool required for debug" tool="esp32:openocd-esp32@v0.12.0-esp32-20251215"
time="2026-01-28T17:31:18Z" level=info msg="Tool required for debug" tool="esp32:riscv32-esp-elf-gdb@16.3_20250913"
time="2026-01-28T17:31:18Z" level=info msg="Tool required for debug" tool="esp32:xtensa-esp-elf-gdb@16.3_20250913"
time="2026-01-28T17:31:18Z" level=info msg="Tool required for debug" tool="arduino:arduinoOTA@1.3.0"
time="2026-01-28T17:31:18Z" level=info msg="Tool required for debug" tool="arduino:avr-gcc@7.3.0-atmel3.6.1-arduino7"
time="2026-01-28T17:31:18Z" level=info msg="Tool required for debug" tool="builtin:dfu-discovery@0.1.2"
time="2026-01-28T17:31:18Z" level=info msg="Tool required for debug" tool="builtin:mdns-discovery@1.0.12"
time="2026-01-28T17:31:18Z" level=info msg="Tool required for debug" tool="arduino:avrdude@8.0.0-arduino1"
time="2026-01-28T17:31:18Z" level=info msg="Tool required for debug" tool="builtin:ctags@5.8-arduino11"
time="2026-01-28T17:31:18Z" level=info msg="Tool required for debug" tool="builtin:serial-discovery@1.4.3"
time="2026-01-28T17:31:18Z" level=info msg="Tool required for debug" tool="builtin:serial-monitor@0.15.0"
time="2026-01-28T17:31:18Z" level=info msg="Tool required for debug" tool="arduino:dfu-util@0.11.0-arduino5"
time="2026-01-28T17:31:18Z" level=info msg="Tool required for debug" tool="esp32:esp-rv32@2511"
time="2026-01-28T17:31:18Z" level=info msg="Tool required for debug" tool="esp32:esp-x32@2511"
time="2026-01-28T17:31:18Z" level=info msg="Tool required for debug" tool="esp32:esp32-libs@3.3.6"
time="2026-01-28T17:31:18Z" level=info msg="Tool required for debug" tool="esp32:esp32c3-libs@3.3.6"
time="2026-01-28T17:31:18Z" level=info msg="Tool required for debug" tool="esp32:esp32c5-libs@3.3.6"
time="2026-01-28T17:31:18Z" level=info msg="Tool required for debug" tool="esp32:esp32c6-libs@3.3.6"
time="2026-01-28T17:31:18Z" level=info msg="Tool required for debug" tool="esp32:esp32h2-libs@3.3.6"
time="2026-01-28T17:31:18Z" level=info msg="Tool required for debug" tool="esp32:esp32p4-libs@3.3.6"
time="2026-01-28T17:31:18Z" level=info msg="Tool required for debug" tool="esp32:esp32p4_es-libs@3.3.6"
time="2026-01-28T17:31:18Z" level=info msg="Tool required for debug" tool="esp32:esp32s2-libs@3.3.6"
time="2026-01-28T17:31:18Z" level=info msg="Tool required for debug" tool="esp32:esp32s3-libs@3.3.6"
time="2026-01-28T17:31:18Z" level=info msg="Tool required for debug" tool="esp32:esptool_py@5.1.0"
time="2026-01-28T17:31:18Z" level=info msg="Tool required for debug" tool="esp32:mklittlefs@4.0.2-db0513a"
time="2026-01-28T17:31:18Z" level=info msg="Tool required for debug" tool="esp32:mkspiffs@0.2.3"
time="2026-01-28T17:31:18Z" level=info msg="Tool required for debug" tool="esp32:openocd-esp32@v0.12.0-esp32-20251215"
time="2026-01-28T17:31:18Z" level=info msg="Tool required for debug" tool="esp32:riscv32-esp-elf-gdb@16.3_20250913"
time="2026-01-28T17:31:18Z" level=info msg="Tool required for debug" tool="esp32:xtensa-esp-elf-gdb@16.3_20250913"
time="2026-01-28T17:31:18Z" level=info msg="Tool required for debug" tool="builtin:serial-monitor@0.15.0"
time="2026-01-28T17:31:18Z" level=info msg="Tool required for debug" tool="arduino:avr-gcc@7.3.0-atmel3.6.1-arduino7"
time="2026-01-28T17:31:18Z" level=info msg="Tool required for debug" tool="builtin:mdns-discovery@1.0.12"
time="2026-01-28T17:31:18Z" level=info msg="Tool required for debug" tool="builtin:dfu-discovery@0.1.2"
time="2026-01-28T17:31:18Z" level=info msg="Tool required for debug" tool="builtin:serial-discovery@1.4.3"
time="2026-01-28T17:31:18Z" level=info msg="Tool required for debug" tool="arduino:avrdude@8.0.0-arduino1"
time="2026-01-28T17:31:18Z" level=info msg="Tool required for debug" tool="builtin:ctags@5.8-arduino11"
time="2026-01-28T17:31:18Z" level=info msg="Tool required for debug" tool="arduino:arduinoOTA@1.3.0"
time="2026-01-28T17:31:18Z" level=info msg="Tool required for debug" tool="arduino:dfu-util@0.11.0-arduino5"
time="2026-01-28T17:31:18Z" level=info msg="Tool required for debug" tool="esp32:esp-rv32@2511"
time="2026-01-28T17:31:18Z" level=info msg="Tool required for debug" tool="esp32:esp-x32@2511"
time="2026-01-28T17:31:18Z" level=info msg="Tool required for debug" tool="esp32:esp32-libs@3.3.6"
time="2026-01-28T17:31:18Z" level=info msg="Tool required for debug" tool="esp32:esp32c3-libs@3.3.6"
time="2026-01-28T17:31:18Z" level=info msg="Tool required for debug" tool="esp32:esp32c5-libs@3.3.6"
time="2026-01-28T17:31:18Z" level=info msg="Tool required for debug" tool="esp32:esp32c6-libs@3.3.6"
time="2026-01-28T17:31:18Z" level=info msg="Tool required for debug" tool="esp32:esp32h2-libs@3.3.6"
time="2026-01-28T17:31:18Z" level=info msg="Tool required for debug" tool="esp32:esp32p4-libs@3.3.6"
time="2026-01-28T17:31:18Z" level=info msg="Tool required for debug" tool="esp32:esp32p4_es-libs@3.3.6"
time="2026-01-28T17:31:18Z" level=info msg="Tool required for debug" tool="esp32:esp32s2-libs@3.3.6"
time="2026-01-28T17:31:18Z" level=info msg="Tool required for debug" tool="esp32:esp32s3-libs@3.3.6"
time="2026-01-28T17:31:18Z" level=info msg="Tool required for debug" tool="esp32:esptool_py@5.1.0"
time="2026-01-28T17:31:18Z" level=info msg="Tool required for debug" tool="esp32:mklittlefs@4.0.2-db0513a"
time="2026-01-28T17:31:18Z" level=info msg="Tool required for debug" tool="esp32:mkspiffs@0.2.3"
time="2026-01-28T17:31:18Z" level=info msg="Tool required for debug" tool="esp32:openocd-esp32@v0.12.0-esp32-20251215"
time="2026-01-28T17:31:18Z" level=info msg="Tool required for debug" tool="esp32:riscv32-esp-elf-gdb@16.3_20250913"
time="2026-01-28T17:31:18Z" level=info msg="Tool required for debug" tool="esp32:xtensa-esp-elf-gdb@16.3_20250913"
time="2026-01-28T17:31:18Z" level=info msg="Tool required for debug" tool="builtin:mdns-discovery@1.0.12"
time="2026-01-28T17:31:18Z" level=info msg="Tool required for debug" tool="builtin:serial-discovery@1.4.3"
time="2026-01-28T17:31:18Z" level=info msg="Tool required for debug" tool="arduino:avr-gcc@7.3.0-atmel3.6.1-arduino7"
time="2026-01-28T17:31:18Z" level=info msg="Tool required for debug" tool="builtin:ctags@5.8-arduino11"
time="2026-01-28T17:31:18Z" level=info msg="Tool required for debug" tool="builtin:dfu-discovery@0.1.2"
time="2026-01-28T17:31:18Z" level=info msg="Tool required for debug" tool="arduino:avrdude@8.0.0-arduino1"
time="2026-01-28T17:31:18Z" level=info msg="Tool required for debug" tool="builtin:serial-monitor@0.15.0"
time="2026-01-28T17:31:18Z" level=info msg="Tool required for debug" tool="arduino:arduinoOTA@1.3.0"
time="2026-01-28T17:31:18Z" level=info msg="Tool required for debug" tool="arduino:dfu-util@0.11.0-arduino5"
time="2026-01-28T17:31:18Z" level=info msg="Tool required for debug" tool="esp32:esp-rv32@2511"
time="2026-01-28T17:31:18Z" level=info msg="Tool required for debug" tool="esp32:esp-x32@2511"
time="2026-01-28T17:31:18Z" level=info msg="Tool required for debug" tool="esp32:esp32-libs@3.3.6"
time="2026-01-28T17:31:18Z" level=info msg="Tool required for debug" tool="esp32:esp32c3-libs@3.3.6"
time="2026-01-28T17:31:18Z" level=info msg="Tool required for debug" tool="esp32:esp32c5-libs@3.3.6"
time="2026-01-28T17:31:18Z" level=info msg="Tool required for debug" tool="esp32:esp32c6-libs@3.3.6"
time="2026-01-28T17:31:18Z" level=info msg="Tool required for debug" tool="esp32:esp32h2-libs@3.3.6"
time="2026-01-28T17:31:18Z" level=info msg="Tool required for debug" tool="esp32:esp32p4-libs@3.3.6"
time="2026-01-28T17:31:18Z" level=info msg="Tool required for debug" tool="esp32:esp32p4_es-libs@3.3.6"
time="2026-01-28T17:31:18Z" level=info msg="Tool required for debug" tool="esp32:esp32s2-libs@3.3.6"
time="2026-01-28T17:31:18Z" level=info msg="Tool required for debug" tool="esp32:esp32s3-libs@3.3.6"
time="2026-01-28T17:31:18Z" level=info msg="Tool required for debug" tool="esp32:esptool_py@5.1.0"
time="2026-01-28T17:31:18Z" level=info msg="Tool required for debug" tool="esp32:mklittlefs@4.0.2-db0513a"
time="2026-01-28T17:31:18Z" level=info msg="Tool required for debug" tool="esp32:mkspiffs@0.2.3"
time="2026-01-28T17:31:18Z" level=info msg="Tool required for debug" tool="esp32:openocd-esp32@v0.12.0-esp32-20251215"
time="2026-01-28T17:31:18Z" level=info msg="Tool required for debug" tool="esp32:riscv32-esp-elf-gdb@16.3_20250913"
time="2026-01-28T17:31:18Z" level=info msg="Tool required for debug" tool="esp32:xtensa-esp-elf-gdb@16.3_20250913"
time="2026-01-28T17:31:18Z" level=info msg="Tool required for debug" tool="arduino:arduinoOTA@1.3.0"
time="2026-01-28T17:31:18Z" level=info msg="Tool required for debug" tool="builtin:ctags@5.8-arduino11"
time="2026-01-28T17:31:18Z" level=info msg="Tool required for debug" tool="builtin:serial-discovery@1.4.3"
time="2026-01-28T17:31:18Z" level=info msg="Tool required for debug" tool="builtin:dfu-discovery@0.1.2"
time="2026-01-28T17:31:18Z" level=info msg="Tool required for debug" tool="builtin:mdns-discovery@1.0.12"
time="2026-01-28T17:31:18Z" level=info msg="Tool required for debug" tool="builtin:serial-monitor@0.15.0"
time="2026-01-28T17:31:18Z" level=info msg="Tool required for debug" tool="arduino:avr-gcc@7.3.0-atmel3.6.1-arduino7"
time="2026-01-28T17:31:18Z" level=info msg="Tool required for debug" tool="arduino:avrdude@8.0.0-arduino1"
time="2026-01-28T17:31:18Z" level=info msg="Tool required for debug" tool="arduino:dfu-util@0.11.0-arduino5"
time="2026-01-28T17:31:18Z" level=info msg="Tool required for debug" tool="esp32:esp-rv32@2511"
time="2026-01-28T17:31:18Z" level=info msg="Tool required for debug" tool="esp32:esp-x32@2511"
time="2026-01-28T17:31:18Z" level=info msg="Tool required for debug" tool="esp32:esp32-libs@3.3.6"
time="2026-01-28T17:31:18Z" level=info msg="Tool required for debug" tool="esp32:esp32c3-libs@3.3.6"
time="2026-01-28T17:31:18Z" level=info msg="Tool required for debug" tool="esp32:esp32c5-libs@3.3.6"
time="2026-01-28T17:31:18Z" level=info msg="Tool required for debug" tool="esp32:esp32c6-libs@3.3.6"
time="2026-01-28T17:31:18Z" level=info msg="Tool required for debug" tool="esp32:esp32h2-libs@3.3.6"
time="2026-01-28T17:31:18Z" level=info msg="Tool required for debug" tool="esp32:esp32p4-libs@3.3.6"
time="2026-01-28T17:31:18Z" level=info msg="Tool required for debug" tool="esp32:esp32p4_es-libs@3.3.6"
time="2026-01-28T17:31:18Z" level=info msg="Tool required for debug" tool="esp32:esp32s2-libs@3.3.6"
time="2026-01-28T17:31:18Z" level=info msg="Tool required for debug" tool="esp32:esp32s3-libs@3.3.6"
time="2026-01-28T17:31:18Z" level=info msg="Tool required for debug" tool="esp32:esptool_py@5.1.0"
time="2026-01-28T17:31:18Z" level=info msg="Tool required for debug" tool="esp32:mklittlefs@4.0.2-db0513a"
time="2026-01-28T17:31:18Z" level=info msg="Tool required for debug" tool="esp32:mkspiffs@0.2.3"
time="2026-01-28T17:31:18Z" level=info msg="Tool required for debug" tool="esp32:openocd-esp32@v0.12.0-esp32-20251215"
time="2026-01-28T17:31:18Z" level=info msg="Tool required for debug" tool="esp32:riscv32-esp-elf-gdb@16.3_20250913"
time="2026-01-28T17:31:18Z" level=info msg="Tool required for debug" tool="esp32:xtensa-esp-elf-gdb@16.3_20250913"
time="2026-01-28T17:31:18Z" level=info msg="Tool required for debug" tool="builtin:serial-discovery@1.4.3"
time="2026-01-28T17:31:18Z" level=info msg="Tool required for debug" tool="builtin:dfu-discovery@0.1.2"
time="2026-01-28T17:31:18Z" level=info msg="Tool required for debug" tool="builtin:serial-monitor@0.15.0"
time="2026-01-28T17:31:18Z" level=info msg="Tool required for debug" tool="arduino:arduinoOTA@1.3.0"
time="2026-01-28T17:31:18Z" level=info msg="Tool required for debug" tool="builtin:mdns-discovery@1.0.12"
time="2026-01-28T17:31:18Z" level=info msg="Tool required for debug" tool="arduino:avr-gcc@7.3.0-atmel3.6.1-arduino7"
time="2026-01-28T17:31:18Z" level=info msg="Tool required for debug" tool="arduino:avrdude@8.0.0-arduino1"
time="2026-01-28T17:31:18Z" level=info msg="Tool required for debug" tool="builtin:ctags@5.8-arduino11"
time="2026-01-28T17:31:18Z" level=info msg="Tool required for debug" tool="arduino:dfu-util@0.11.0-arduino5"
time="2026-01-28T17:31:18Z" level=info msg="Tool required for debug" tool="esp32:esp-rv32@2511"
time="2026-01-28T17:31:18Z" level=info msg="Tool required for debug" tool="esp32:esp-x32@2511"
time="2026-01-28T17:31:18Z" level=info msg="Tool required for debug" tool="esp32:esp32-libs@3.3.6"
time="2026-01-28T17:31:18Z" level=info msg="Tool required for debug" tool="esp32:esp32c3-libs@3.3.6"
time="2026-01-28T17:31:18Z" level=info msg="Tool required for debug" tool="esp32:esp32c5-libs@3.3.6"
time="2026-01-28T17:31:18Z" level=info msg="Tool required for debug" tool="esp32:esp32c6-libs@3.3.6"
time="2026-01-28T17:31:18Z" level=info msg="Tool required for debug" tool="esp32:esp32h2-libs@3.3.6"
time="2026-01-28T17:31:18Z" level=info msg="Tool required for debug" tool="esp32:esp32p4-libs@3.3.6"
time="2026-01-28T17:31:18Z" level=info msg="Tool required for debug" tool="esp32:esp32p4_es-libs@3.3.6"
time="2026-01-28T17:31:18Z" level=info msg="Tool required for debug" tool="esp32:esp32s2-libs@3.3.6"
time="2026-01-28T17:31:18Z" level=info msg="Tool required for debug" tool="esp32:esp32s3-libs@3.3.6"
time="2026-01-28T17:31:18Z" level=info msg="Tool required for debug" tool="esp32:esptool_py@5.1.0"
time="2026-01-28T17:31:18Z" level=info msg="Tool required for debug" tool="esp32:mklittlefs@4.0.2-db0513a"
time="2026-01-28T17:31:18Z" level=info msg="Tool required for debug" tool="esp32:mkspiffs@0.2.3"
time="2026-01-28T17:31:18Z" level=info msg="Tool required for debug" tool="esp32:openocd-esp32@v0.12.0-esp32-20251215"
time="2026-01-28T17:31:18Z" level=info msg="Tool required for debug" tool="esp32:riscv32-esp-elf-gdb@16.3_20250913"
time="2026-01-28T17:31:18Z" level=info msg="Tool required for debug" tool="esp32:xtensa-esp-elf-gdb@16.3_20250913"
time="2026-01-28T17:31:18Z" level=info msg="Tool required for debug" tool="builtin:serial-monitor@0.15.0"
time="2026-01-28T17:31:18Z" level=info msg="Tool required for debug" tool="builtin:ctags@5.8-arduino11"
time="2026-01-28T17:31:18Z" level=info msg="Tool required for debug" tool="arduino:arduinoOTA@1.3.0"
time="2026-01-28T17:31:18Z" level=info msg="Tool required for debug" tool="arduino:avrdude@8.0.0-arduino1"
time="2026-01-28T17:31:18Z" level=info msg="Tool required for debug" tool="builtin:dfu-discovery@0.1.2"
time="2026-01-28T17:31:18Z" level=info msg="Tool required for debug" tool="builtin:mdns-discovery@1.0.12"
time="2026-01-28T17:31:18Z" level=info msg="Tool required for debug" tool="builtin:serial-discovery@1.4.3"
time="2026-01-28T17:31:18Z" level=info msg="Tool required for debug" tool="arduino:avr-gcc@7.3.0-atmel3.6.1-arduino7"
time="2026-01-28T17:31:18Z" level=info msg="Tool required for debug" tool="arduino:dfu-util@0.11.0-arduino5"
time="2026-01-28T17:31:18Z" level=info msg="Tool required for debug" tool="esp32:esp-rv32@2511"
time="2026-01-28T17:31:18Z" level=info msg="Tool required for debug" tool="esp32:esp-x32@2511"
time="2026-01-28T17:31:18Z" level=info msg="Tool required for debug" tool="esp32:esp32-libs@3.3.6"
time="2026-01-28T17:31:18Z" level=info msg="Tool required for debug" tool="esp32:esp32c3-libs@3.3.6"
time="2026-01-28T17:31:18Z" level=info msg="Tool required for debug" tool="esp32:esp32c5-libs@3.3.6"
time="2026-01-28T17:31:18Z" level=info msg="Tool required for debug" tool="esp32:esp32c6-libs@3.3.6"
time="2026-01-28T17:31:18Z" level=info msg="Tool required for debug" tool="esp32:esp32h2-libs@3.3.6"
time="2026-01-28T17:31:18Z" level=info msg="Tool required for debug" tool="esp32:esp32p4-libs@3.3.6"
time="2026-01-28T17:31:18Z" level=info msg="Tool required for debug" tool="esp32:esp32p4_es-libs@3.3.6"
time="2026-01-28T17:31:18Z" level=info msg="Tool required for debug" tool="esp32:esp32s2-libs@3.3.6"
time="2026-01-28T17:31:18Z" level=info msg="Tool required for debug" tool="esp32:esp32s3-libs@3.3.6"
time="2026-01-28T17:31:18Z" level=info msg="Tool required for debug" tool="esp32:esptool_py@5.1.0"
time="2026-01-28T17:31:18Z" level=info msg="Tool required for debug" tool="esp32:mklittlefs@4.0.2-db0513a"
time="2026-01-28T17:31:18Z" level=info msg="Tool required for debug" tool="esp32:mkspiffs@0.2.3"
time="2026-01-28T17:31:18Z" level=info msg="Tool required for debug" tool="esp32:openocd-esp32@v0.12.0-esp32-20251215"
time="2026-01-28T17:31:18Z" level=info msg="Tool required for debug" tool="esp32:riscv32-esp-elf-gdb@16.3_20250913"
time="2026-01-28T17:31:18Z" level=info msg="Tool required for debug" tool="esp32:xtensa-esp-elf-gdb@16.3_20250913"
time="2026-01-28T17:31:18Z" level=info msg="Tool required for debug" tool="builtin:serial-monitor@0.15.0"
2026-01-28 17:31:18 2026-01-28T17:31:18.688Z daemon INFO time="2026-01-28T17:31:18Z" level=info msg="Tool required for debug" tool="arduino:avr-gcc@7.3.0-atmel3.6.1-arduino7"
time="2026-01-28T17:31:18Z" level=info msg="Tool required for debug" tool="builtin:ctags@5.8-arduino11"
time="2026-01-28T17:31:18Z" level=info msg="Tool required for debug" tool="builtin:serial-discovery@1.4.3"
time="2026-01-28T17:31:18Z" level=info msg="Tool required for debug" tool="builtin:dfu-discovery@0.1.2"
time="2026-01-28T17:31:18Z" level=info msg="Tool required for debug" tool="arduino:arduinoOTA@1.3.0"
time="2026-01-28T17:31:18Z" level=info msg="Tool required for debug" tool="arduino:avrdude@8.0.0-arduino1"
time="2026-01-28T17:31:18Z" level=info msg="Tool required for debug" tool="builtin:mdns-discovery@1.0.12"
2026-01-28 17:31:18 2026-01-28T17:31:18.690Z daemon INFO time="2026-01-28T17:31:18Z" level=info msg="Tool required for debug" tool="arduino:dfu-util@0.11.0-arduino5"
time="2026-01-28T17:31:18Z" level=info msg="Tool required for debug" tool="esp32:esp-rv32@2511"
time="2026-01-28T17:31:18Z" level=info msg="Tool required for debug" tool="esp32:esp-x32@2511"
time="2026-01-28T17:31:18Z" level=info msg="Tool required for debug" tool="esp32:esp32-libs@3.3.6"
time="2026-01-28T17:31:18Z" level=info msg="Tool required for debug" tool="esp32:esp32c3-libs@3.3.6"
time="2026-01-28T17:31:18Z" level=info msg="Tool required for debug" tool="esp32:esp32c5-libs@3.3.6"
time="2026-01-28T17:31:18Z" level=info msg="Tool required for debug" tool="esp32:esp32c6-libs@3.3.6"
time="2026-01-28T17:31:18Z" level=info msg="Tool required for debug" tool="esp32:esp32h2-libs@3.3.6"
time="2026-01-28T17:31:18Z" level=info msg="Tool required for debug" tool="esp32:esp32p4-libs@3.3.6"
time="2026-01-28T17:31:18Z" level=info msg="Tool required for debug" tool="esp32:esp32p4_es-libs@3.3.6"
time="2026-01-28T17:31:18Z" level=info msg="Tool required for debug" tool="esp32:esp32s2-libs@3.3.6"
time="2026-01-28T17:31:18Z" level=info msg="Tool required for debug" tool="esp32:esp32s3-libs@3.3.6"
time="2026-01-28T17:31:18Z" level=info msg="Tool required for debug" tool="esp32:esptool_py@5.1.0"
time="2026-01-28T17:31:18Z" level=info msg="Tool required for debug" tool="esp32:mklittlefs@4.0.2-db0513a"
time="2026-01-28T17:31:18Z" level=info msg="Tool required for debug" tool="esp32:mkspiffs@0.2.3"
time="2026-01-28T17:31:18Z" level=info msg="Tool required for debug" tool="esp32:openocd-esp32@v0.12.0-esp32-20251215"
time="2026-01-28T17:31:18Z" level=info msg="Tool required for debug" tool="esp32:riscv32-esp-elf-gdb@16.3_20250913"
time="2026-01-28T17:31:18Z" level=info msg="Tool required for debug" tool="esp32:xtensa-esp-elf-gdb@16.3_20250913"
time="2026-01-28T17:31:18Z" level=info msg="Tool required for debug" tool="builtin:dfu-discovery@0.1.2"
time="2026-01-28T17:31:18Z" level=info msg="Tool required for debug" tool="arduino:avr-gcc@7.3.0-atmel3.6.1-arduino7"
time="2026-01-28T17:31:18Z" level=info msg="Tool required for debug" tool="builtin:mdns-discovery@1.0.12"
time="2026-01-28T17:31:18Z" level=info msg="Tool required for debug" tool="builtin:serial-discovery@1.4.3"
time="2026-01-28T17:31:18Z" level=info msg="Tool required for debug" tool="arduino:arduinoOTA@1.3.0"
time="2026-01-28T17:31:18Z" level=info msg="Tool required for debug" tool="arduino:avrdude@8.0.0-arduino1"
time="2026-01-28T17:31:18Z" level=info msg="Tool required for debug" tool="builtin:serial-monitor@0.15.0"
time="2026-01-28T17:31:18Z" level=info msg="Tool required for debug" tool="builtin:ctags@5.8-arduino11"
2026-01-28 17:31:18 2026-01-28T17:31:18.691Z daemon INFO time="2026-01-28T17:31:18Z" level=info msg="Tool required for debug" tool="arduino:dfu-util@0.11.0-arduino5"
time="2026-01-28T17:31:18Z" level=info msg="Tool required for debug" tool="esp32:esp-rv32@2511"
time="2026-01-28T17:31:18Z" level=info msg="Tool required for debug" tool="esp32:esp-x32@2511"
time="2026-01-28T17:31:18Z" level=info msg="Tool required for debug" tool="esp32:esp32-libs@3.3.6"
time="2026-01-28T17:31:18Z" level=info msg="Tool required for debug" tool="esp32:esp32c3-libs@3.3.6"
time="2026-01-28T17:31:18Z" level=info msg="Tool required for debug" tool="esp32:esp32c5-libs@3.3.6"
time="2026-01-28T17:31:18Z" level=info msg="Tool required for debug" tool="esp32:esp32c6-libs@3.3.6"
time="2026-01-28T17:31:18Z" level=info msg="Tool required for debug" tool="esp32:esp32h2-libs@3.3.6"
time="2026-01-28T17:31:18Z" level=info msg="Tool required for debug" tool="esp32:esp32p4-libs@3.3.6"
time="2026-01-28T17:31:18Z" level=info msg="Tool required for debug" tool="esp32:esp32p4_es-libs@3.3.6"
time="2026-01-28T17:31:18Z" level=info msg="Tool required for debug" tool="esp32:esp32s2-libs@3.3.6"
time="2026-01-28T17:31:18Z" level=info msg="Tool required for debug" tool="esp32:esp32s3-libs@3.3.6"
time="2026-01-28T17:31:18Z" level=info msg="Tool required for debug" tool="esp32:esptool_py@5.1.0"
time="2026-01-28T17:31:18Z" level=info msg="Tool required for debug" tool="esp32:mklittlefs@4.0.2-db0513a"
time="2026-01-28T17:31:18Z" level=info msg="Tool required for debug" tool="esp32:mkspiffs@0.2.3"
time="2026-01-28T17:31:18Z" level=info msg="Tool required for debug" tool="esp32:openocd-esp32@v0.12.0-esp32-20251215"
time="2026-01-28T17:31:18Z" level=info msg="Tool required for debug" tool="esp32:riscv32-esp-elf-gdb@16.3_20250913"
time="2026-01-28T17:31:18Z" level=info msg="Tool required for debug" tool="esp32:xtensa-esp-elf-gdb@16.3_20250913"
time="2026-01-28T17:31:18Z" level=info msg="Tool required for debug" tool="builtin:serial-discovery@1.4.3"
time="2026-01-28T17:31:18Z" level=info msg="Tool required for debug" tool="builtin:serial-monitor@0.15.0"
time="2026-01-28T17:31:18Z" level=info msg="Tool required for debug" tool="builtin:ctags@5.8-arduino11"
time="2026-01-28T17:31:18Z" level=info msg="Tool required for debug" tool="builtin:dfu-discovery@0.1.2"
time="2026-01-28T17:31:18Z" level=info msg="Tool required for debug" tool="builtin:mdns-discovery@1.0.12"
time="2026-01-28T17:31:18Z" level=info msg="Tool required for debug" tool="arduino:avrdude@8.0.0-arduino1"
time="2026-01-28T17:31:18Z" level=info msg="Tool required for debug" tool="arduino:avr-gcc@7.3.0-atmel3.6.1-arduino7"
time="2026-01-28T17:31:18Z" level=info msg="Tool required for debug" tool="arduino:arduinoOTA@1.3.0"
2026-01-28 17:31:18 2026-01-28T17:31:18.693Z daemon INFO time="2026-01-28T17:31:18Z" level=info msg="Tool required for debug" tool="arduino:dfu-util@0.11.0-arduino5"
time="2026-01-28T17:31:18Z" level=info msg="Tool required for debug" tool="esp32:esp-rv32@2511"
2026-01-28 17:31:18 2026-01-28T17:31:18.693Z daemon INFO time="2026-01-28T17:31:18Z" level=info msg="Tool required for debug" tool="esp32:esp-x32@2511"
time="2026-01-28T17:31:18Z" level=info msg="Tool required for debug" tool="esp32:esp32-libs@3.3.6"
time="2026-01-28T17:31:18Z" level=info msg="Tool required for debug" tool="esp32:esp32c3-libs@3.3.6"
time="2026-01-28T17:31:18Z" level=info msg="Tool required for debug" tool="esp32:esp32c5-libs@3.3.6"
time="2026-01-28T17:31:18Z" level=info msg="Tool required for debug" tool="esp32:esp32c6-libs@3.3.6"
time="2026-01-28T17:31:18Z" level=info msg="Tool required for debug" tool="esp32:esp32h2-libs@3.3.6"
time="2026-01-28T17:31:18Z" level=info msg="Tool required for debug" tool="esp32:esp32p4-libs@3.3.6"
2026-01-28 17:31:18 2026-01-28T17:31:18.693Z daemon INFO time="2026-01-28T17:31:18Z" level=info msg="Tool required for debug" tool="esp32:esp32p4_es-libs@3.3.6"
time="2026-01-28T17:31:18Z" level=info msg="Tool required for debug" tool="esp32:esp32s2-libs@3.3.6"
time="2026-01-28T17:31:18Z" level=info msg="Tool required for debug" tool="esp32:esp32s3-libs@3.3.6"
time="2026-01-28T17:31:18Z" level=info msg="Tool required for debug" tool="esp32:esptool_py@5.1.0"
time="2026-01-28T17:31:18Z" level=info msg="Tool required for debug" tool="esp32:mklittlefs@4.0.2-db0513a"
time="2026-01-28T17:31:18Z" level=info msg="Tool required for debug" tool="esp32:mkspiffs@0.2.3"
time="2026-01-28T17:31:18Z" level=info msg="Tool required for debug" tool="esp32:openocd-esp32@v0.12.0-esp32-20251215"
time="2026-01-28T17:31:18Z" level=info msg="Tool required for debug" tool="esp32:riscv32-esp-elf-gdb@16.3_20250913"
time="2026-01-28T17:31:18Z" level=info msg="Tool required for debug" tool="esp32:xtensa-esp-elf-gdb@16.3_20250913"
time="2026-01-28T17:31:18Z" level=info msg="Tool required for debug" tool="arduino:avrdude@8.0.0-arduino1"
2026-01-28 17:31:18 2026-01-28T17:31:18.693Z daemon INFO time="2026-01-28T17:31:18Z" level=info msg="Tool required for debug" tool="arduino:avr-gcc@7.3.0-atmel3.6.1-arduino7"
time="2026-01-28T17:31:18Z" level=info msg="Tool required for debug" tool="builtin:dfu-discovery@0.1.2"
2026-01-28 17:31:18 2026-01-28T17:31:18.693Z daemon INFO time="2026-01-28T17:31:18Z" level=info msg="Tool required for debug" tool="arduino:arduinoOTA@1.3.0"
time="2026-01-28T17:31:18Z" level=info msg="Tool required for debug" tool="builtin:mdns-discovery@1.0.12"
time="2026-01-28T17:31:18Z" level=info msg="Tool required for debug" tool="builtin:serial-discovery@1.4.3"
time="2026-01-28T17:31:18Z" level=info msg="Tool required for debug" tool="builtin:serial-monitor@0.15.0"
time="2026-01-28T17:31:18Z" level=info msg="Tool required for debug" tool="builtin:ctags@5.8-arduino11"
2026-01-28 17:31:18 2026-01-28T17:31:18.695Z daemon INFO time="2026-01-28T17:31:18Z" level=info msg="Tool required for debug" tool="arduino:dfu-util@0.11.0-arduino5"
time="2026-01-28T17:31:18Z" level=info msg="Tool required for debug" tool="esp32:esp-rv32@2511"
time="2026-01-28T17:31:18Z" level=info msg="Tool required for debug" tool="esp32:esp-x32@2511"
time="2026-01-28T17:31:18Z" level=info msg="Tool required for debug" tool="esp32:esp32-libs@3.3.6"
time="2026-01-28T17:31:18Z" level=info msg="Tool required for debug" tool="esp32:esp32c3-libs@3.3.6"
time="2026-01-28T17:31:18Z" level=info msg="Tool required for debug" tool="esp32:esp32c5-libs@3.3.6"
time="2026-01-28T17:31:18Z" level=info msg="Tool required for debug" tool="esp32:esp32c6-libs@3.3.6"
time="2026-01-28T17:31:18Z" level=info msg="Tool required for debug" tool="esp32:esp32h2-libs@3.3.6"
time="2026-01-28T17:31:18Z" level=info msg="Tool required for debug" tool="esp32:esp32p4-libs@3.3.6"
2026-01-28 17:31:18 2026-01-28T17:31:18.695Z daemon INFO time="2026-01-28T17:31:18Z" level=info msg="Tool required for debug" tool="esp32:esp32p4_es-libs@3.3.6"
time="2026-01-28T17:31:18Z" level=info msg="Tool required for debug" tool="esp32:esp32s2-libs@3.3.6"
time="2026-01-28T17:31:18Z" level=info msg="Tool required for debug" tool="esp32:esp32s3-libs@3.3.6"
time="2026-01-28T17:31:18Z" level=info msg="Tool required for debug" tool="esp32:esptool_py@5.1.0"
time="2026-01-28T17:31:18Z" level=info msg="Tool required for debug" tool="esp32:mklittlefs@4.0.2-db0513a"
time="2026-01-28T17:31:18Z" level=info msg="Tool required for debug" tool="esp32:mkspiffs@0.2.3"
time="2026-01-28T17:31:18Z" level=info msg="Tool required for debug" tool="esp32:openocd-esp32@v0.12.0-esp32-20251215"
2026-01-28 17:31:18 2026-01-28T17:31:18.695Z daemon INFO time="2026-01-28T17:31:18Z" level=info msg="Tool required for debug" tool="esp32:riscv32-esp-elf-gdb@16.3_20250913"
time="2026-01-28T17:31:18Z" level=info msg="Tool required for debug" tool="esp32:xtensa-esp-elf-gdb@16.3_20250913"
time="2026-01-28T17:31:18Z" level=info msg="Tool required for debug" tool="builtin:ctags@5.8-arduino11"
time="2026-01-28T17:31:18Z" level=info msg="Tool required for debug" tool="builtin:dfu-discovery@0.1.2"
time="2026-01-28T17:31:18Z" level=info msg="Tool required for debug" tool="arduino:avr-gcc@7.3.0-atmel3.6.1-arduino7"
time="2026-01-28T17:31:18Z" level=info msg="Tool required for debug" tool="builtin:serial-discovery@1.4.3"
time="2026-01-28T17:31:18Z" level=info msg="Tool required for debug" tool="builtin:serial-monitor@0.15.0"
2026-01-28 17:31:18 2026-01-28T17:31:18.695Z daemon INFO time="2026-01-28T17:31:18Z" level=info msg="Tool required for debug" tool="arduino:arduinoOTA@1.3.0"
time="2026-01-28T17:31:18Z" level=info msg="Tool required for debug" tool="arduino:avrdude@8.0.0-arduino1"
time="2026-01-28T17:31:18Z" level=info msg="Tool required for debug" tool="builtin:mdns-discovery@1.0.12"
2026-01-28 17:31:18 2026-01-28T17:31:18.807Z root ERROR ---- !!!SLOW!!! DURATION: search took 447.645 ms. Args: [{"type":"Updatable"}] ----
2026-01-28 17:31:18 2026-01-28T17:31:18.807Z daemon INFO time="2026-01-28T17:31:18Z" level=info msg="Tool required for debug" tool="arduino:dfu-util@0.11.0-arduino5"
time="2026-01-28T17:31:18Z" level=info msg="Tool required for debug" tool="esp32:esp-rv32@2511"
time="2026-01-28T17:31:18Z" level=info msg="Tool required for debug" tool="esp32:esp-x32@2511"
time="2026-01-28T17:31:18Z" level=info msg="Tool required for debug" tool="esp32:esp32-libs@3.3.6"
time="2026-01-28T17:31:18Z" level=info msg="Tool required for debug" tool="esp32:esp32c3-libs@3.3.6"
time="2026-01-28T17:31:18Z" level=info msg="Tool required for debug" tool="esp32:esp32c5-libs@3.3.6"
time="2026-01-28T17:31:18Z" level=info msg="Tool required for debug" tool="esp32:esp32c6-libs@3.3.6"
time="2026-01-28T17:31:18Z" level=info msg="Tool required for debug" tool="esp32:esp32h2-libs@3.3.6"
time="2026-01-28T17:31:18Z" level=info msg="Tool required for debug" tool="esp32:esp32p4-libs@3.3.6"
time="2026-01-28T17:31:18Z" level=info msg="Tool required for debug" tool="esp32:esp32p4_es-libs@3.3.6"
time="2026-01-28T17:31:18Z" level=info msg="Tool required for debug" tool="esp32:esp32s2-libs@3.3.6"
time="2026-01-28T17:31:18Z" level=info msg="Tool required for debug" tool="esp32:esp32s3-libs@3.3.6"
time="2026-01-28T17:31:18Z" level=info msg="Tool required for debug" tool="esp32:esptool_py@5.1.0"
time="2026-01-28T17:31:18Z" level=info msg="Tool required for debug" tool="esp32:mklittlefs@4.0.2-db0513a"
time="2026-01-28T17:31:18Z" level=info msg="Tool required for debug" tool="esp32:mkspiffs@0.2.3"
time="2026-01-28T17:31:18Z" level=info msg="Tool required for debug" tool="esp32:openocd-esp32@v0.12.0-esp32-20251215"
time="2026-01-28T17:31:18Z" level=info msg="Tool required for debug" tool="esp32:riscv32-esp-elf-gdb@16.3_20250913"
time="2026-01-28T17:31:18Z" level=info msg="Tool required for debug" tool="esp32:xtensa-esp-elf-gdb@16.3_20250913"
time="2026-01-28T17:31:18Z" level=info msg="Tool required for debug" tool="builtin:ctags@5.8-arduino11"
time="2026-01-28T17:31:18Z" level=info msg="Tool required for debug" tool="builtin:mdns-discovery@1.0.12"
time="2026-01-28T17:31:18Z" level=info msg="Tool required for debug" tool="builtin:serial-discovery@1.4.3"
time="2026-01-28T17:31:18Z" level=info msg="Tool required for debug" tool="builtin:dfu-discovery@0.1.2"
time="2026-01-28T17:31:18Z" level=info msg="Tool required for debug" tool="builtin:serial-monitor@0.15.0"
time="2026-01-28T17:31:18Z" level=info msg="Tool required for debug" tool="arduino:arduinoOTA@1.3.0"
time="2026-01-28T17:31:18Z" level=info msg="Tool required for debug" tool="arduino:avrdude@8.0.0-arduino1"
time="2026-01-28T17:31:18Z" level=info msg="Tool required for debug" tool="arduino:avr-gcc@7.3.0-atmel3.6.1-arduino7"
time="2026-01-28T17:31:18Z" level=info msg="Tool required for debug" tool="arduino:dfu-util@0.11.0-arduino5"
time="2026-01-28T17:31:18Z" level=info msg="Tool required for debug" tool="esp32:esp-rv32@2511"
time="2026-01-28T17:31:18Z" level=info msg="Tool required for debug" tool="esp32:esp-x32@2511"
time="2026-01-28T17:31:18Z" level=info msg="Tool required for debug" tool="esp32:esp32-libs@3.3.6"
time="2026-01-28T17:31:18Z" level=info msg="Tool required for debug" tool="esp32:esp32c3-libs@3.3.6"
time="2026-01-28T17:31:18Z" level=info msg="Tool required for debug" tool="esp32:esp32c5-libs@3.3.6"
time="2026-01-28T17:31:18Z" level=info msg="Tool required for debug" tool="esp32:esp32c6-libs@3.3.6"
time="2026-01-28T17:31:18Z" level=info msg="Tool required for debug" tool="esp32:esp32h2-libs@3.3.6"
time="2026-01-28T17:31:18Z" level=info msg="Tool required for debug" tool="esp32:esp32p4-libs@3.3.6"
time="2026-01-28T17:31:18Z" level=info msg="Tool required for debug" tool="esp32:esp32p4_es-libs@3.3.6"
time="2026-01-28T17:31:18Z" level=info msg="Tool required for debug" tool="esp32:esp32s2-libs@3.3.6"
time="2026-01-28T17:31:18Z" level=info msg="Tool required for debug" tool="esp32:esp32s3-libs@3.3.6"
time="2026-01-28T17:31:18Z" level=info msg="Tool required for debug" tool="esp32:esptool_py@5.1.0"
time="2026-01-28T17:31:18Z" level=info msg="Tool required for debug" tool="esp32:mklittlefs@4.0.2-db0513a"
time="2026-01-28T17:31:18Z" level=info msg="Tool required for debug" tool="esp32:mkspiffs@0.2.3"
time="2026-01-28T17:31:18Z" level=info msg="Tool required for debug" tool="esp32:openocd-esp32@v0.12.0-esp32-20251215"
time="2026-01-28T17:31:18Z" level=info msg="Tool required for debug" tool="esp32:riscv32-esp-elf-gdb@16.3_20250913"
time="2026-01-28T17:31:18Z" level=info msg="Tool required for debug" tool="esp32:xtensa-esp-elf-gdb@16.3_20250913"
time="2026-01-28T17:31:18Z" level=info msg="Tool required for debug" tool="arduino:arduinoOTA@1.3.0"
time="2026-01-28T17:31:18Z" level=info msg="Tool required for debug" tool="arduino:avr-gcc@7.3.0-atmel3.6.1-arduino7"
time="2026-01-28T17:31:18Z" level=info msg="Tool required for debug" tool="arduino:avrdude@8.0.0-arduino1"
time="2026-01-28T17:31:18Z" level=info msg="Tool required for debug" tool="builtin:serial-discovery@1.4.3"
time="2026-01-28T17:31:18Z" level=info msg="Tool required for debug" tool="builtin:serial-monitor@0.15.0"
time="2026-01-28T17:31:18Z" level=info msg="Tool required for debug" tool="builtin:ctags@5.8-arduino11"
time="2026-01-28T17:31:18Z" level=info msg="Tool required for debug" tool="builtin:dfu-discovery@0.1.2"
time="2026-01-28T17:31:18Z" level=info msg="Tool required for debug" tool="builtin:mdns-discovery@1.0.12"
time="2026-01-28T17:31:18Z" level=info msg="Tool required for debug" tool="arduino:dfu-util@0.11.0-arduino5"
time="2026-01-28T17:31:18Z" level=info msg="Tool required for debug" tool="esp32:esp-rv32@2511"
time="2026-01-28T17:31:18Z" level=info msg="Tool required for debug" tool="esp32:esp-x32@2511"
time="2026-01-28T17:31:18Z" level=info msg="Tool required for debug" tool="esp32:esp32-libs@3.3.6"
time="2026-01-28T17:31:18Z" level=info msg="Tool required for debug" tool="esp32:esp32c3-libs@3.3.6"
time="2026-01-28T17:31:18Z" level=info msg="Tool required for debug" tool="esp32:esp32c5-libs@3.3.6"
time="2026-01-28T17:31:18Z" level=info msg="Tool required for debug" tool="esp32:esp32c6-libs@3.3.6"
time="2026-01-28T17:31:18Z" level=info msg="Tool required for debug" tool="esp32:esp32h2-libs@3.3.6"
time="2026-01-28T17:31:18Z" level=info msg="Tool required for debug" tool="esp32:esp32p4-libs@3.3.6"
time="2026-01-28T17:31:18Z" level=info msg="Tool required for debug" tool="esp32:esp32p4_es-libs@3.3.6"
time="2026-01-28T17:31:18Z" level=info msg="Tool required for debug" tool="esp32:esp32s2-libs@3.3.6"
time="2026-01-28T17:31:18Z" level=info msg="Tool required for debug" tool="esp32:esp32s3-libs@3.3.6"
time="2026-01-28T17:31:18Z" level=info msg="Tool required for debug" tool="esp32:esptool_py@5.1.0"
time="2026-01-28T17:31:18Z" level=info msg="Tool required for debug" tool="esp32:mklittlefs@4.0.2-db0513a"
time="2026-01-28T17:31:18Z" level=info msg="Tool required for debug" tool="esp32:mkspiffs@0.2.3"
time="2026-01-28T17:31:18Z" level=info msg="Tool required for debug" tool="esp32:openocd-esp32@v0.12.0-esp32-20251215"
time="2026-01-28T17:31:18Z" level=info msg="Tool required for debug" tool="esp32:riscv32-esp-elf-gdb@16.3_20250913"
time="2026-01-28T17:31:18Z" level=info msg="Tool required for debug" tool="esp32:xtensa-esp-elf-gdb@16.3_20250913"
time="2026-01-28T17:31:18Z" level=info msg="Tool required for debug" tool="builtin:dfu-discovery@0.1.2"
time="2026-01-28T17:31:18Z" level=info msg="Tool required for debug" tool="builtin:mdns-discovery@1.0.12"
time="2026-01-28T17:31:18Z" level=info msg="Tool required for debug" tool="arduino:avrdude@8.0.0-arduino1"
time="2026-01-28T17:31:18Z" level=info msg="Tool required for debug" tool="builtin:serial-discovery@1.4.3"
time="2026-01-28T17:31:18Z" level=info msg="Tool required for debug" tool="builtin:ctags@5.8-arduino11"
time="2026-01-28T17:31:18Z" level=info msg="Tool required for debug" tool="arduino:arduinoOTA@1.3.0"
time="2026-01-28T17:31:18Z" level=info msg="Tool required for debug" tool="arduino:avr-gcc@7.3.0-atmel3.6.1-arduino7"
time="2026-01-28T17:31:18Z" level=info msg="Tool required for debug" tool="builtin:serial-monitor@0.15.0"
2026-01-28 17:31:18 2026-01-28T17:31:18.815Z root INFO [hosted-plugin: 1780] PLUGIN_HOST(1780): PluginManagerExtImpl/loadPlugin(/opt/arduino-ide/resources/app/plugins/vscode-arduino-tools/extension/dist/extension.js)
2026-01-28 17:31:18 2026-01-28T17:31:18.831Z root INFO [hosted-plugin: 1780] calling activation function on VS Code Arduino Tools
2026-01-28 17:31:18 2026-01-28T17:31:18.877Z daemon INFO time="2026-01-28T17:31:18Z" level=info msg="Adding libraries dir" dir=/home/shrek/.arduino15/libraries isSingleLibrary=false location=ide
time="2026-01-28T17:31:18Z" level=info msg="Adding libraries dir" dir=/home/shrek/.arduino15/packages/esp32/hardware/esp32/3.3.6/libraries isSingleLibrary=false location=platform
2026-01-28 17:31:18 2026-01-28T17:31:18.877Z daemon INFO time="2026-01-28T17:31:18Z" level=info msg="Adding libraries dir" dir=/home/shrek/Arduino/libraries isSingleLibrary=false location=user
2026-01-28 17:31:18 Update for version 2.3.7 is not available (latest version: 2.3.7, downgrade is allowed).
2026-01-28 17:31:19 2026-01-28T17:31:19.552Z daemon INFO time="2026-01-28T17:31:19Z" level=info msg="Checking signature" index=/home/shrek/.arduino15/package_index.json signatureFile=/home/shrek/.arduino15/package_index.json.sig trusted=true
2026-01-28 17:31:19 2026-01-28T17:31:19.553Z daemon INFO time="2026-01-28T17:31:19Z" level=info msg="Missing signature file" index=/home/shrek/.arduino15/package_esp32_index.json
2026-01-28 17:31:19 2026-01-28T17:31:19.553Z daemon INFO time="2026-01-28T17:31:19Z" level=info msg="Loading hardware from: /home/shrek/.arduino15/packages"
2026-01-28 17:31:19 2026-01-28T17:31:19.553Z daemon INFO time="2026-01-28T17:31:19Z" level=info msg="Loading package arduino from: /home/shrek/.arduino15/packages/arduino/hardware"
2026-01-28 17:31:19 2026-01-28T17:31:19.554Z daemon INFO time="2026-01-28T17:31:19Z" level=info msg="Missing signature file" index=/home/shrek/.arduino15/packages/arduino/hardware/avr/1.8.7/installed.json
2026-01-28 17:31:19 2026-01-28T17:31:19.554Z daemon INFO time="2026-01-28T17:31:19Z" level=info msg="Adding monitor tool" protocol=serial tool="builtin:serial-monitor"
time="2026-01-28T17:31:19Z" level=info msg="Loaded platform" platform="arduino:avr@1.8.7"
2026-01-28 17:31:19 2026-01-28T17:31:19.554Z daemon INFO time="2026-01-28T17:31:19Z" level=info msg="Checking existence of 'tools' path: /home/shrek/.arduino15/packages/arduino/tools"
time="2026-01-28T17:31:19Z" level=info msg="Loading tools from dir: /home/shrek/.arduino15/packages/arduino/tools"
2026-01-28 17:31:19 2026-01-28T17:31:19.554Z daemon INFO time="2026-01-28T17:31:19Z" level=info msg="Loaded tool" tool="arduino:arduinoOTA@1.3.0"
2026-01-28 17:31:19 2026-01-28T17:31:19.554Z daemon INFO time="2026-01-28T17:31:19Z" level=info msg="Loaded tool" tool="arduino:avr-gcc@7.3.0-atmel3.6.1-arduino7"
2026-01-28 17:31:19 2026-01-28T17:31:19.554Z daemon INFO time="2026-01-28T17:31:19Z" level=info msg="Loaded tool" tool="arduino:avrdude@8.0.0-arduino1"
2026-01-28 17:31:19 2026-01-28T17:31:19.554Z daemon INFO time="2026-01-28T17:31:19Z" level=info msg="Loaded tool" tool="arduino:dfu-util@0.11.0-arduino5"
2026-01-28 17:31:19 2026-01-28T17:31:19.554Z daemon INFO time="2026-01-28T17:31:19Z" level=info msg="Loading package builtin from: /home/shrek/.arduino15/packages/builtin"
2026-01-28 17:31:19 2026-01-28T17:31:19.554Z daemon INFO time="2026-01-28T17:31:19Z" level=info msg="Checking existence of 'tools' path: /home/shrek/.arduino15/packages/builtin/tools"
2026-01-28 17:31:19 2026-01-28T17:31:19.554Z daemon INFO time="2026-01-28T17:31:19Z" level=info msg="Loading tools from dir: /home/shrek/.arduino15/packages/builtin/tools"
2026-01-28 17:31:19 2026-01-28T17:31:19.554Z daemon INFO time="2026-01-28T17:31:19Z" level=info msg="Loaded tool" tool="builtin:ctags@5.8-arduino11"
2026-01-28 17:31:19 2026-01-28T17:31:19.554Z daemon INFO time="2026-01-28T17:31:19Z" level=info msg="Loaded tool" tool="builtin:dfu-discovery@0.1.2"
2026-01-28 17:31:19 2026-01-28T17:31:19.555Z daemon INFO time="2026-01-28T17:31:19Z" level=info msg="Loaded tool" tool="builtin:mdns-discovery@1.0.12"
2026-01-28 17:31:19 2026-01-28T17:31:19.555Z daemon INFO time="2026-01-28T17:31:19Z" level=info msg="Loaded tool" tool="builtin:serial-discovery@1.4.3"
2026-01-28 17:31:19 2026-01-28T17:31:19.555Z daemon INFO time="2026-01-28T17:31:19Z" level=info msg="Loaded tool" tool="builtin:serial-monitor@0.15.0"
2026-01-28 17:31:19 2026-01-28T17:31:19.555Z daemon INFO time="2026-01-28T17:31:19Z" level=info msg="Loading package esp32 from: /home/shrek/.arduino15/packages/esp32/hardware"
2026-01-28 17:31:19 2026-01-28T17:31:19.556Z daemon INFO time="2026-01-28T17:31:19Z" level=info msg="Missing signature file" index=/home/shrek/.arduino15/packages/esp32/hardware/esp32/3.3.6/installed.json
2026-01-28 17:31:19 2026-01-28T17:31:19.629Z daemon INFO time="2026-01-28T17:31:19Z" level=info msg="Adding monitor tool" protocol=serial tool="builtin:serial-monitor"
time="2026-01-28T17:31:19Z" level=info msg="Loaded platform" platform="esp32:esp32@3.3.6"
time="2026-01-28T17:31:19Z" level=info msg="Checking existence of 'tools' path: /home/shrek/.arduino15/packages/esp32/tools"
2026-01-28 17:31:19 2026-01-28T17:31:19.629Z daemon INFO time="2026-01-28T17:31:19Z" level=info msg="Loading tools from dir: /home/shrek/.arduino15/packages/esp32/tools"
time="2026-01-28T17:31:19Z" level=info msg="Loaded tool" tool="esp32:esp-rv32@2511"
time="2026-01-28T17:31:19Z" level=info msg="Loaded tool" tool="esp32:esp-x32@2511"
2026-01-28 17:31:19 2026-01-28T17:31:19.629Z daemon INFO time="2026-01-28T17:31:19Z" level=info msg="Loaded tool" tool="esp32:esp32-libs@3.3.6"
time="2026-01-28T17:31:19Z" level=info msg="Loaded tool" tool="esp32:esp32c3-libs@3.3.6"
2026-01-28 17:31:19 2026-01-28T17:31:19.629Z daemon INFO time="2026-01-28T17:31:19Z" level=info msg="Loaded tool" tool="esp32:esp32c5-libs@3.3.6"
2026-01-28 17:31:19 2026-01-28T17:31:19.629Z daemon INFO time="2026-01-28T17:31:19Z" level=info msg="Loaded tool" tool="esp32:esp32c6-libs@3.3.6"
2026-01-28 17:31:19 2026-01-28T17:31:19.629Z daemon INFO time="2026-01-28T17:31:19Z" level=info msg="Loaded tool" tool="esp32:esp32h2-libs@3.3.6"
2026-01-28 17:31:19 2026-01-28T17:31:19.629Z daemon INFO time="2026-01-28T17:31:19Z" level=info msg="Loaded tool" tool="esp32:esp32p4-libs@3.3.6"
2026-01-28 17:31:19 2026-01-28T17:31:19.629Z daemon INFO time="2026-01-28T17:31:19Z" level=info msg="Loaded tool" tool="esp32:esp32p4_es-libs@3.3.6"
2026-01-28 17:31:19 2026-01-28T17:31:19.629Z daemon INFO time="2026-01-28T17:31:19Z" level=info msg="Loaded tool" tool="esp32:esp32s2-libs@3.3.6"
2026-01-28 17:31:19 2026-01-28T17:31:19.629Z daemon INFO time="2026-01-28T17:31:19Z" level=info msg="Loaded tool" tool="esp32:esp32s3-libs@3.3.6"
2026-01-28 17:31:19 2026-01-28T17:31:19.629Z daemon INFO time="2026-01-28T17:31:19Z" level=info msg="Loaded tool" tool="esp32:esptool_py@5.1.0"
2026-01-28 17:31:19 2026-01-28T17:31:19.629Z daemon INFO time="2026-01-28T17:31:19Z" level=info msg="Loaded tool" tool="esp32:mklittlefs@4.0.2-db0513a"
2026-01-28 17:31:19 2026-01-28T17:31:19.629Z daemon INFO time="2026-01-28T17:31:19Z" level=info msg="Loaded tool" tool="esp32:mkspiffs@0.2.3"
2026-01-28 17:31:19 2026-01-28T17:31:19.629Z daemon INFO time="2026-01-28T17:31:19Z" level=info msg="Loaded tool" tool="esp32:openocd-esp32@v0.12.0-esp32-20251215"
2026-01-28 17:31:19 2026-01-28T17:31:19.629Z daemon INFO time="2026-01-28T17:31:19Z" level=info msg="Loaded tool" tool="esp32:riscv32-esp-elf-gdb@16.3_20250913"
2026-01-28 17:31:19 2026-01-28T17:31:19.629Z daemon INFO time="2026-01-28T17:31:19Z" level=info msg="Loaded tool" tool="esp32:xtensa-esp-elf-gdb@16.3_20250913"
2026-01-28 17:31:19 2026-01-28T17:31:19.631Z daemon INFO time="2026-01-28T17:31:19Z" level=info msg="Discovery event channel closed builtin:serial-discovery. Exiting goroutine."
2026-01-28 17:31:19 2026-01-28T17:31:19.631Z discovery-log INFO {"eventType":"remove","port":{"matchingBoardsList":[],"port":{"address":"/dev/ttyS0","label":"/dev/ttyS0","protocol":"serial","protocolLabel":"Serial Port","propertiesMap":[],"hardwareId":""}},"error":""}
2026-01-28 17:31:19 2026-01-28T17:31:19.631Z daemon INFO time="2026-01-28T17:31:19Z" level=info msg="Closed and removed discovery builtin:serial-discovery"
time="2026-01-28T17:31:19Z" level=error msg="Stopped decode loop: EOF" discovery="builtin:serial-discovery"
time="2026-01-28T17:31:19Z" level=info msg="Discovery event channel closed builtin:mdns-discovery. Exiting goroutine."
2026-01-28 17:31:19 2026-01-28T17:31:19.632Z daemon INFO time="2026-01-28T17:31:19Z" level=info msg="Closed and removed discovery builtin:mdns-discovery"
2026-01-28 17:31:19 2026-01-28T17:31:19.632Z daemon INFO time="2026-01-28T17:31:19Z" level=error msg="Stopped decode loop: EOF" discovery="builtin:mdns-discovery"
2026-01-28 17:31:19 2026-01-28T17:31:19.633Z discovery-log INFO {"eventType":"add","port":{"matchingBoardsList":[],"port":{"address":"/dev/ttyS0","label":"/dev/ttyS0","protocol":"serial","protocolLabel":"Serial Port","propertiesMap":[],"hardwareId":""}},"error":""}
2026-01-28 17:31:19 2026-01-28T17:31:19.634Z daemon INFO time="2026-01-28T17:31:19Z" level=info msg="Adding libraries dir" dir=/home/shrek/.arduino15/packages/arduino/hardware/avr/1.8.7/libraries isSingleLibrary=false location=platform
2026-01-28 17:31:19 2026-01-28T17:31:19.635Z daemon INFO time="2026-01-28T17:31:19Z" level=info msg="Adding libraries dir" dir=/home/shrek/.arduino15/packages/esp32/hardware/esp32/3.3.6/libraries isSingleLibrary=false location=platform
2026-01-28 17:31:19 2026-01-28T17:31:19.635Z daemon INFO time="2026-01-28T17:31:19Z" level=info msg="Loading libraries index file" index=/home/shrek/.arduino15/library_index.json
2026-01-28 17:31:19 2026-01-28T17:31:19.753Z daemon INFO time="2026-01-28T17:31:19Z" level=info msg="Adding libraries dir" dir=/home/shrek/.arduino15/libraries isSingleLibrary=false location=ide
time="2026-01-28T17:31:19Z" level=info msg="Adding libraries dir" dir=/home/shrek/Arduino/libraries isSingleLibrary=false location=user
2026-01-28 17:31:20 2026-01-28T17:31:20.226Z daemon INFO time="2026-01-28T17:31:20Z" level=info msg="Adding libraries dir" dir=/home/shrek/.arduino15/libraries isSingleLibrary=false location=ide
time="2026-01-28T17:31:20Z" level=info msg="Adding libraries dir" dir=/home/shrek/.arduino15/packages/esp32/hardware/esp32/3.3.6/libraries isSingleLibrary=false location=platform
2026-01-28 17:31:20 2026-01-28T17:31:20.226Z daemon INFO time="2026-01-28T17:31:20Z" level=info msg="Adding libraries dir" dir=/home/shrek/Arduino/libraries isSingleLibrary=false location=user
2026-01-28 17:31:37 2026-01-28T17:31:37.872Z discovery-log INFO {"eventType":"add","port":{"matchingBoardsList":[{"name":"ESP32 Family Device","fqbn":"esp32:esp32:esp32_family","isHidden":true}],"port":{"address":"/dev/ttyACM0","label":"/dev/ttyACM0","protocol":"serial","protocolLabel":"Serial Port (USB)","propertiesMap":[["pid","0x1001"],["serialNumber","90:E5:B1:D7:D6:84"],["vid","0x303a"]],"hardwareId":"90:E5:B1:D7:D6:84"}},"error":""}
2026-01-28 17:40:49 2026-01-28T17:40:49.638Z discovery-log INFO {"eventType":"remove","port":{"matchingBoardsList":[],"port":{"address":"/dev/ttyACM0","label":"","protocol":"serial","protocolLabel":"","propertiesMap":[],"hardwareId":""}},"error":""}
2026-01-28 17:42:12 2026-01-28T17:42:12.215Z daemon INFO time="2026-01-28T17:42:12Z" level=info msg="Adding libraries dir" dir=/home/shrek/.arduino15/libraries isSingleLibrary=false location=ide
2026-01-28 17:42:12 2026-01-28T17:42:12.216Z daemon INFO time="2026-01-28T17:42:12Z" level=info msg="Adding libraries dir" dir=/home/shrek/.arduino15/packages/esp32/hardware/esp32/3.3.6/libraries isSingleLibrary=false location=platform
time="2026-01-28T17:42:12Z" level=info msg="Adding libraries dir" dir=/home/shrek/Arduino/libraries isSingleLibrary=false location=user
2026-01-28 17:45:49 2026-01-28T17:45:49.714Z daemon INFO time="2026-01-28T17:45:49Z" level=info msg="Adding libraries dir" dir=/home/shrek/.arduino15/libraries isSingleLibrary=false location=ide
time="2026-01-28T17:45:49Z" level=info msg="Adding libraries dir" dir=/home/shrek/.arduino15/packages/esp32/hardware/esp32/3.3.6/libraries isSingleLibrary=false location=platform
time="2026-01-28T17:45:49Z" level=info msg="Adding libraries dir" dir=/home/shrek/Arduino/libraries isSingleLibrary=false location=user
2026-01-28 17:45:51 2026-01-28T17:45:51.410Z daemon INFO time="2026-01-28T17:45:51Z" level=info msg="Adding libraries dir" dir=/home/shrek/.arduino15/libraries isSingleLibrary=false location=ide
2026-01-28 17:45:51 2026-01-28T17:45:51.410Z daemon INFO time="2026-01-28T17:45:51Z" level=info msg="Adding libraries dir" dir=/home/shrek/.arduino15/packages/esp32/hardware/esp32/3.3.6/libraries isSingleLibrary=false location=platform
time="2026-01-28T17:45:51Z" level=info msg="Adding libraries dir" dir=/home/shrek/Arduino/libraries isSingleLibrary=false location=user
2026-01-28 17:47:57 2026-01-28T17:47:57.772Z discovery-log INFO {"eventType":"add","port":{"matchingBoardsList":[{"name":"ESP32 Family Device","fqbn":"esp32:esp32:esp32_family","isHidden":true}],"port":{"address":"/dev/ttyACM0","label":"/dev/ttyACM0","protocol":"serial","protocolLabel":"Serial Port (USB)","propertiesMap":[["pid","0x1001"],["serialNumber","90:E5:B1:D7:D6:84"],["vid","0x303a"]],"hardwareId":"90:E5:B1:D7:D6:84"}},"error":""}
2026-01-28 17:48:24 2026-01-28T17:48:24.963Z root ERROR ---- !!!SLOW!!! DURATION: search took 216.391 ms. Args: [{"query":"","type":"All","topic":"All"}] ----
2026-01-28 17:48:27 2026-01-28T17:48:27.124Z root INFO ---- DURATION: search took 64.078 ms. Args: [{"query":"led","type":"All","topic":"All"}] ----
2026-01-28 17:48:29 2026-01-28T17:48:29.004Z root INFO ---- DURATION: search took 53.621 ms. Args: [{"query":"ledcont","type":"All","topic":"All"}] ----
2026-01-28 17:48:36 2026-01-28T17:48:36.530Z root INFO >>> Starting library package installation... {
  name: 'LedControl',
  exampleUris: [],
  location: 0,
  installedVersion: undefined,
  author: 'Eberhard Fahle <e.fahle@wayoda.org>',
  availableVersions: [ '1.0.6' ],
  includes: [],
  description: 'The library supports multiple daisychained drivers and supports Led-Matrix displays as well as 7-Segment displays.',
  moreInfoLink: 'http://wayoda.github.io/LedControl/',
  summary: 'A library for the MAX7219 and the MAX7221 Led display drivers.',
  category: 'Display',
  types: [ 'Contributed' ],
  index: 2
}
2026-01-28 17:48:36 2026-01-28T17:48:36.531Z discovery-log INFO stop
2026-01-28 17:48:36 2026-01-28T17:48:36.531Z discovery-log INFO >>> Stopping boards watcher...
2026-01-28 17:48:36 2026-01-28T17:48:36.531Z discovery-log INFO Canceling boards watcher...
2026-01-28 17:48:36 2026-01-28T17:48:36.531Z discovery-log INFO disposing requesting cancel
2026-01-28 17:48:36 2026-01-28T17:48:36.531Z discovery-log INFO disposing canceled
2026-01-28 17:48:36 2026-01-28T17:48:36.532Z discovery-log INFO error received
2026-01-28 17:48:36 2026-01-28T17:48:36.532Z discovery-log INFO cancel error received!
2026-01-28 17:48:36 2026-01-28T17:48:36.532Z discovery-log INFO stop received event: either end or cancel
2026-01-28 17:48:36 2026-01-28T17:48:36.532Z discovery-log INFO stop stopped
2026-01-28 17:48:36 2026-01-28T17:48:36.532Z discovery-log INFO received end
2026-01-28 17:48:36 2026-01-28T17:48:36.555Z daemon INFO time="2026-01-28T17:48:36Z" level=info msg="Starting download" url="https://downloads.arduino.cc/libraries/github.com/wayoda/LedControl-1.0.6.zip?query=install"
2026-01-28 17:48:36 2026-01-28T17:48:36.666Z daemon INFO time="2026-01-28T17:48:36Z" level=info msg="Installing library" library=LedControl@1.0.6
2026-01-28 17:48:36 2026-01-28T17:48:36.674Z daemon INFO time="2026-01-28T17:48:36Z" level=info msg="Checking signature" index=/home/shrek/.arduino15/package_index.json signatureFile=/home/shrek/.arduino15/package_index.json.sig trusted=true
2026-01-28 17:48:36 2026-01-28T17:48:36.675Z daemon INFO time="2026-01-28T17:48:36Z" level=info msg="Missing signature file" index=/home/shrek/.arduino15/package_esp32_index.json
2026-01-28 17:48:36 2026-01-28T17:48:36.675Z daemon INFO time="2026-01-28T17:48:36Z" level=info msg="Loading hardware from: /home/shrek/.arduino15/packages"
2026-01-28 17:48:36 2026-01-28T17:48:36.675Z daemon INFO time="2026-01-28T17:48:36Z" level=info msg="Loading package arduino from: /home/shrek/.arduino15/packages/arduino/hardware"
2026-01-28 17:48:36 2026-01-28T17:48:36.675Z daemon INFO time="2026-01-28T17:48:36Z" level=info msg="Missing signature file" index=/home/shrek/.arduino15/packages/arduino/hardware/avr/1.8.7/installed.json
2026-01-28 17:48:36 2026-01-28T17:48:36.676Z daemon INFO time="2026-01-28T17:48:36Z" level=info msg="Adding monitor tool" protocol=serial tool="builtin:serial-monitor"
time="2026-01-28T17:48:36Z" level=info msg="Loaded platform" platform="arduino:avr@1.8.7"
2026-01-28 17:48:36 2026-01-28T17:48:36.676Z daemon INFO time="2026-01-28T17:48:36Z" level=info msg="Checking existence of 'tools' path: /home/shrek/.arduino15/packages/arduino/tools"
time="2026-01-28T17:48:36Z" level=info msg="Loading tools from dir: /home/shrek/.arduino15/packages/arduino/tools"
2026-01-28 17:48:36 2026-01-28T17:48:36.676Z daemon INFO time="2026-01-28T17:48:36Z" level=info msg="Loaded tool" tool="arduino:arduinoOTA@1.3.0"
2026-01-28 17:48:36 2026-01-28T17:48:36.676Z daemon INFO time="2026-01-28T17:48:36Z" level=info msg="Loaded tool" tool="arduino:avr-gcc@7.3.0-atmel3.6.1-arduino7"
2026-01-28 17:48:36 2026-01-28T17:48:36.676Z daemon INFO time="2026-01-28T17:48:36Z" level=info msg="Loaded tool" tool="arduino:avrdude@8.0.0-arduino1"
2026-01-28 17:48:36 2026-01-28T17:48:36.676Z daemon INFO time="2026-01-28T17:48:36Z" level=info msg="Loaded tool" tool="arduino:dfu-util@0.11.0-arduino5"
2026-01-28 17:48:36 2026-01-28T17:48:36.676Z daemon INFO time="2026-01-28T17:48:36Z" level=info msg="Loading package builtin from: /home/shrek/.arduino15/packages/builtin"
2026-01-28 17:48:36 2026-01-28T17:48:36.676Z daemon INFO time="2026-01-28T17:48:36Z" level=info msg="Checking existence of 'tools' path: /home/shrek/.arduino15/packages/builtin/tools"
time="2026-01-28T17:48:36Z" level=info msg="Loading tools from dir: /home/shrek/.arduino15/packages/builtin/tools"
2026-01-28 17:48:36 2026-01-28T17:48:36.676Z daemon INFO time="2026-01-28T17:48:36Z" level=info msg="Loaded tool" tool="builtin:ctags@5.8-arduino11"
2026-01-28 17:48:36 2026-01-28T17:48:36.676Z daemon INFO time="2026-01-28T17:48:36Z" level=info msg="Loaded tool" tool="builtin:dfu-discovery@0.1.2"
2026-01-28 17:48:36 2026-01-28T17:48:36.676Z daemon INFO time="2026-01-28T17:48:36Z" level=info msg="Loaded tool" tool="builtin:mdns-discovery@1.0.12"
2026-01-28 17:48:36 2026-01-28T17:48:36.676Z daemon INFO time="2026-01-28T17:48:36Z" level=info msg="Loaded tool" tool="builtin:serial-discovery@1.4.3"
2026-01-28 17:48:36 2026-01-28T17:48:36.676Z daemon INFO time="2026-01-28T17:48:36Z" level=info msg="Loaded tool" tool="builtin:serial-monitor@0.15.0"
2026-01-28 17:48:36 2026-01-28T17:48:36.676Z daemon INFO time="2026-01-28T17:48:36Z" level=info msg="Loading package esp32 from: /home/shrek/.arduino15/packages/esp32/hardware"
2026-01-28 17:48:36 2026-01-28T17:48:36.677Z daemon INFO time="2026-01-28T17:48:36Z" level=info msg="Missing signature file" index=/home/shrek/.arduino15/packages/esp32/hardware/esp32/3.3.6/installed.json
2026-01-28 17:48:36 2026-01-28T17:48:36.753Z daemon INFO time="2026-01-28T17:48:36Z" level=info msg="Adding monitor tool" protocol=serial tool="builtin:serial-monitor"
time="2026-01-28T17:48:36Z" level=info msg="Loaded platform" platform="esp32:esp32@3.3.6"
2026-01-28 17:48:36 2026-01-28T17:48:36.753Z daemon INFO time="2026-01-28T17:48:36Z" level=info msg="Checking existence of 'tools' path: /home/shrek/.arduino15/packages/esp32/tools"
time="2026-01-28T17:48:36Z" level=info msg="Loading tools from dir: /home/shrek/.arduino15/packages/esp32/tools"
time="2026-01-28T17:48:36Z" level=info msg="Loaded tool" tool="esp32:esp-rv32@2511"
time="2026-01-28T17:48:36Z" level=info msg="Loaded tool" tool="esp32:esp-x32@2511"
2026-01-28 17:48:36 2026-01-28T17:48:36.753Z daemon INFO time="2026-01-28T17:48:36Z" level=info msg="Loaded tool" tool="esp32:esp32-libs@3.3.6"
time="2026-01-28T17:48:36Z" level=info msg="Loaded tool" tool="esp32:esp32c3-libs@3.3.6"
2026-01-28 17:48:36 2026-01-28T17:48:36.753Z daemon INFO time="2026-01-28T17:48:36Z" level=info msg="Loaded tool" tool="esp32:esp32c5-libs@3.3.6"
2026-01-28 17:48:36 2026-01-28T17:48:36.753Z daemon INFO time="2026-01-28T17:48:36Z" level=info msg="Loaded tool" tool="esp32:esp32c6-libs@3.3.6"
2026-01-28 17:48:36 2026-01-28T17:48:36.753Z daemon INFO time="2026-01-28T17:48:36Z" level=info msg="Loaded tool" tool="esp32:esp32h2-libs@3.3.6"
2026-01-28 17:48:36 2026-01-28T17:48:36.753Z daemon INFO time="2026-01-28T17:48:36Z" level=info msg="Loaded tool" tool="esp32:esp32p4-libs@3.3.6"
2026-01-28 17:48:36 2026-01-28T17:48:36.753Z daemon INFO time="2026-01-28T17:48:36Z" level=info msg="Loaded tool" tool="esp32:esp32p4_es-libs@3.3.6"
time="2026-01-28T17:48:36Z" level=info msg="Loaded tool" tool="esp32:esp32s2-libs@3.3.6"
2026-01-28 17:48:36 2026-01-28T17:48:36.753Z daemon INFO time="2026-01-28T17:48:36Z" level=info msg="Loaded tool" tool="esp32:esp32s3-libs@3.3.6"
2026-01-28 17:48:36 2026-01-28T17:48:36.753Z daemon INFO time="2026-01-28T17:48:36Z" level=info msg="Loaded tool" tool="esp32:esptool_py@5.1.0"
2026-01-28 17:48:36 2026-01-28T17:48:36.753Z daemon INFO time="2026-01-28T17:48:36Z" level=info msg="Loaded tool" tool="esp32:mklittlefs@4.0.2-db0513a"
2026-01-28 17:48:36 2026-01-28T17:48:36.753Z daemon INFO time="2026-01-28T17:48:36Z" level=info msg="Loaded tool" tool="esp32:mkspiffs@0.2.3"
2026-01-28 17:48:36 2026-01-28T17:48:36.753Z daemon INFO time="2026-01-28T17:48:36Z" level=info msg="Loaded tool" tool="esp32:openocd-esp32@v0.12.0-esp32-20251215"
2026-01-28 17:48:36 2026-01-28T17:48:36.753Z daemon INFO time="2026-01-28T17:48:36Z" level=info msg="Loaded tool" tool="esp32:riscv32-esp-elf-gdb@16.3_20250913"
2026-01-28 17:48:36 2026-01-28T17:48:36.753Z daemon INFO time="2026-01-28T17:48:36Z" level=info msg="Loaded tool" tool="esp32:xtensa-esp-elf-gdb@16.3_20250913"
2026-01-28 17:48:36 2026-01-28T17:48:36.755Z daemon INFO time="2026-01-28T17:48:36Z" level=info msg="Discovery event channel closed builtin:serial-discovery. Exiting goroutine."
2026-01-28 17:48:36 2026-01-28T17:48:36.755Z daemon INFO time="2026-01-28T17:48:36Z" level=info msg="Closed and removed discovery builtin:serial-discovery"
2026-01-28 17:48:36 2026-01-28T17:48:36.755Z daemon INFO time="2026-01-28T17:48:36Z" level=error msg="Stopped decode loop: EOF" discovery="builtin:serial-discovery"
2026-01-28 17:48:36 2026-01-28T17:48:36.755Z daemon INFO time="2026-01-28T17:48:36Z" level=info msg="Closed and removed discovery builtin:mdns-discovery"
2026-01-28 17:48:36 2026-01-28T17:48:36.756Z daemon INFO time="2026-01-28T17:48:36Z" level=info msg="Discovery event channel closed builtin:mdns-discovery. Exiting goroutine."
2026-01-28 17:48:36 2026-01-28T17:48:36.756Z daemon INFO time="2026-01-28T17:48:36Z" level=error msg="Stopped decode loop: EOF" discovery="builtin:mdns-discovery"
2026-01-28 17:48:36 2026-01-28T17:48:36.759Z daemon INFO time="2026-01-28T17:48:36Z" level=info msg="Adding libraries dir" dir=/home/shrek/.arduino15/packages/arduino/hardware/avr/1.8.7/libraries isSingleLibrary=false location=platform
2026-01-28 17:48:36 2026-01-28T17:48:36.759Z daemon INFO time="2026-01-28T17:48:36Z" level=info msg="Adding libraries dir" dir=/home/shrek/.arduino15/packages/esp32/hardware/esp32/3.3.6/libraries isSingleLibrary=false location=platform
2026-01-28 17:48:36 2026-01-28T17:48:36.759Z daemon INFO time="2026-01-28T17:48:36Z" level=info msg="Loading libraries index file" index=/home/shrek/.arduino15/library_index.json
2026-01-28 17:48:36 2026-01-28T17:48:36.893Z daemon INFO time="2026-01-28T17:48:36Z" level=info msg="Adding libraries dir" dir=/home/shrek/.arduino15/libraries isSingleLibrary=false location=ide
time="2026-01-28T17:48:36Z" level=info msg="Adding libraries dir" dir=/home/shrek/Arduino/libraries isSingleLibrary=false location=user
2026-01-28 17:48:36 2026-01-28T17:48:36.919Z discovery-log INFO start
2026-01-28 17:48:36 2026-01-28T17:48:36.919Z discovery-log INFO start new deferred
2026-01-28 17:48:36 2026-01-28T17:48:36.919Z discovery-log INFO start resolved watching
2026-01-28 17:48:36 2026-01-28T17:48:36.920Z discovery-log INFO {"eventType":"add","port":{"matchingBoardsList":[],"port":{"address":"/dev/ttyS0","label":"/dev/ttyS0","protocol":"serial","protocolLabel":"Serial Port","propertiesMap":[],"hardwareId":""}},"error":""}
2026-01-28 17:48:36 2026-01-28T17:48:36.920Z discovery-log INFO {"eventType":"add","port":{"matchingBoardsList":[{"name":"ESP32 Family Device","fqbn":"esp32:esp32:esp32_family","isHidden":true}],"port":{"address":"/dev/ttyACM0","label":"/dev/ttyACM0","protocol":"serial","protocolLabel":"Serial Port (USB)","propertiesMap":[["pid","0x1001"],["serialNumber","90:E5:B1:D7:D6:84"],["vid","0x303a"]],"hardwareId":"90:E5:B1:D7:D6:84"}},"error":""}
2026-01-28 17:48:37 2026-01-28T17:48:37.122Z root ERROR ---- !!!SLOW!!! DURATION: search took 202.855 ms. Args: [{}] ----
2026-01-28 17:48:37 2026-01-28T17:48:37.122Z root INFO <<< Library package installation done. {
  name: 'LedControl',
  exampleUris: [],
  location: 0,
  installedVersion: undefined,
  author: 'Eberhard Fahle <e.fahle@wayoda.org>',
  availableVersions: [ '1.0.6' ],
  includes: [],
  description: 'The library supports multiple daisychained drivers and supports Led-Matrix displays as well as 7-Segment displays.',
  moreInfoLink: 'http://wayoda.github.io/LedControl/',
  summary: 'A library for the MAX7219 and the MAX7221 Led display drivers.',
  category: 'Display',
  types: [ 'Contributed' ],
  index: 2
}
2026-01-28 17:48:37 2026-01-28T17:48:37.227Z root INFO ---- DURATION: search took 63.322 ms. Args: [{"query":"ledcont","type":"All","topic":"All"}] ----
2026-01-28 17:48:37 2026-01-28T17:48:37.236Z root INFO Starting language server: esp32:esp32:esp32s3:UploadSpeed=115200,USBMode=hwcdc,CDCOnBoot=cdc,MSCOnBoot=default,DFUOnBoot=default,UploadMode=default,CPUFreq=240,FlashMode=qio,FlashSize=32M,PartitionScheme=default,DebugLevel=none,PSRAM=disabled,LoopCore=1,EventsCore=1,EraseFlash=none,JTAGAdapter=default,ZigbeeMode=default
2026-01-28 17:48:37 2026-01-28T17:48:37.260Z daemon INFO time="2026-01-28T17:48:37Z" level=info msg="Adding libraries dir" dir=/home/shrek/.arduino15/libraries isSingleLibrary=false location=ide
time="2026-01-28T17:48:37Z" level=info msg="Adding libraries dir" dir=/home/shrek/.arduino15/packages/esp32/hardware/esp32/3.3.6/libraries isSingleLibrary=false location=platform
2026-01-28 17:48:37 2026-01-28T17:48:37.260Z daemon INFO time="2026-01-28T17:48:37Z" level=info msg="Adding libraries dir" dir=/home/shrek/Arduino/libraries isSingleLibrary=false location=user
2026-01-28 17:48:37 2026-01-28T17:48:37.717Z root INFO ---- DURATION: search took 57.473 ms. Args: [{"query":"ledcont","type":"All","topic":"All"}] ----
2026-01-28 17:48:37 2026-01-28T17:48:37.832Z daemon INFO time="2026-01-28T17:48:37Z" level=info msg="Resolving include LedControl.h for arch esp32"
time="2026-01-28T17:48:37Z" level=info msg="  found better lib" lib=LedControl prio=6A7
2026-01-28 17:48:38 2026-01-28T17:48:38.753Z daemon INFO time="2026-01-28T17:48:38Z" level=info msg="Adding libraries dir" dir=/home/shrek/.arduino15/libraries isSingleLibrary=false location=ide
time="2026-01-28T17:48:38Z" level=info msg="Adding libraries dir" dir=/home/shrek/.arduino15/packages/esp32/hardware/esp32/3.3.6/libraries isSingleLibrary=false location=platform
2026-01-28 17:48:38 2026-01-28T17:48:38.753Z daemon INFO time="2026-01-28T17:48:38Z" level=info msg="Adding libraries dir" dir=/home/shrek/Arduino/libraries isSingleLibrary=false location=user
2026-01-28 17:48:41 2026-01-28T17:48:41.661Z daemon INFO time="2026-01-28T17:48:41Z" level=info msg="Adding libraries dir" dir=/home/shrek/.arduino15/libraries isSingleLibrary=false location=ide
time="2026-01-28T17:48:41Z" level=info msg="Adding libraries dir" dir=/home/shrek/.arduino15/packages/esp32/hardware/esp32/3.3.6/libraries isSingleLibrary=false location=platform
time="2026-01-28T17:48:41Z" level=info msg="Adding libraries dir" dir=/home/shrek/Arduino/libraries isSingleLibrary=false location=user
2026-01-28 17:48:42 2026-01-28T17:48:42.239Z daemon INFO time="2026-01-28T17:48:42Z" level=info msg="Resolving include LedControl.h for arch esp32"
time="2026-01-28T17:48:42Z" level=info msg="  found better lib" lib=LedControl prio=6A7
2026-01-28 17:48:42 2026-01-28T17:48:42.658Z root WARN URI <file:///home/shrek/Arduino/libraries/LedControl/src/LedControl.h> is not contained in sketch: <{"name":"practice.py","uri":"file:///home/shrek/Arduino/practice.py","mainFileUri":"file:///home/shrek/Arduino/practice.py/practice.py.ino","otherSketchFileUris":[],"additionalFileUris":[],"rootFolderFileUris":[],"mtimeMs":1769363656220.1975}>
2026-01-28 17:48:58 2026-01-28T17:48:58.005Z root INFO >>> Starting library package installation... {
  name: 'LedController',
  exampleUris: [],
  location: 0,
  installedVersion: undefined,
  author: 'Noa Sakurajin <noasakurajin@web.de>',
  availableVersions: [
    '2.0.2',     '2.0.1',     '2.0.0-rc4',
    '2.0.0-rc3', '2.0.0-rc2', '2.0.0-rc1',
    '1.7.2',     '1.7.1',     '1.7.0',
    '1.6.1',     '1.6.0',     '1.5.0',
    '1.4.2',     '1.4.1',     '1.4.0',
    '1.3.3',     '1.3.2',     '1.3.1',
    '1.2.2',     '1.2.1',     '1.2.0',
    '1.1.0'
  ],
  includes: [ 'LedController.hpp' ],
  description: '"!!Version 2.0.0 comes with a lot of changes plese check the readme on more information!! It can do everything LedControl can, works with more boards (like esp32) and makes working with LedMatricies easier. You can more your displayed data around, set whole segments and have way more symbols for 7-segment displays. If you still miss a feature just create a pull request and I will do my best to add it ASAP."',
  moreInfoLink: 'https://github.com/noah1510/LedController',
  summary: 'The better LedControl library for the MAX7219 and the MAX7221 Led display drivers.',
  category: 'Display',
  types: [ 'Contributed' ],
  index: 3
}
2026-01-28 17:48:58 2026-01-28T17:48:58.005Z discovery-log INFO stop
2026-01-28 17:48:58 2026-01-28T17:48:58.005Z discovery-log INFO >>> Stopping boards watcher...
2026-01-28 17:48:58 2026-01-28T17:48:58.005Z discovery-log INFO Canceling boards watcher...
2026-01-28 17:48:58 2026-01-28T17:48:58.005Z discovery-log INFO disposing requesting cancel
2026-01-28 17:48:58 2026-01-28T17:48:58.005Z discovery-log INFO disposing canceled
2026-01-28 17:48:58 2026-01-28T17:48:58.005Z discovery-log INFO error received
2026-01-28 17:48:58 2026-01-28T17:48:58.006Z discovery-log INFO cancel error received!
2026-01-28 17:48:58 2026-01-28T17:48:58.006Z discovery-log INFO stop received event: either end or cancel
2026-01-28 17:48:58 2026-01-28T17:48:58.006Z discovery-log INFO stop stopped
2026-01-28 17:48:58 2026-01-28T17:48:58.006Z discovery-log INFO received end
2026-01-28 17:48:58 2026-01-28T17:48:58.028Z daemon INFO time="2026-01-28T17:48:58Z" level=info msg="Starting download" url="https://downloads.arduino.cc/libraries/github.com/noah1510/LedController-2.0.2.zip?query=install"
2026-01-28 17:48:58 2026-01-28T17:48:58.788Z daemon INFO time="2026-01-28T17:48:58Z" level=info msg="Installing library" library=LedController@2.0.2
2026-01-28 17:48:58 2026-01-28T17:48:58.899Z daemon INFO time="2026-01-28T17:48:58Z" level=info msg="Checking signature" index=/home/shrek/.arduino15/package_index.json signatureFile=/home/shrek/.arduino15/package_index.json.sig trusted=true
2026-01-28 17:48:58 2026-01-28T17:48:58.901Z daemon INFO time="2026-01-28T17:48:58Z" level=info msg="Missing signature file" index=/home/shrek/.arduino15/package_esp32_index.json
2026-01-28 17:48:58 2026-01-28T17:48:58.901Z daemon INFO time="2026-01-28T17:48:58Z" level=info msg="Loading hardware from: /home/shrek/.arduino15/packages"
2026-01-28 17:48:58 2026-01-28T17:48:58.901Z daemon INFO time="2026-01-28T17:48:58Z" level=info msg="Loading package arduino from: /home/shrek/.arduino15/packages/arduino/hardware"
2026-01-28 17:48:58 2026-01-28T17:48:58.901Z daemon INFO time="2026-01-28T17:48:58Z" level=info msg="Missing signature file" index=/home/shrek/.arduino15/packages/arduino/hardware/avr/1.8.7/installed.json
2026-01-28 17:48:58 2026-01-28T17:48:58.902Z daemon INFO time="2026-01-28T17:48:58Z" level=info msg="Adding monitor tool" protocol=serial tool="builtin:serial-monitor"
time="2026-01-28T17:48:58Z" level=info msg="Loaded platform" platform="arduino:avr@1.8.7"
time="2026-01-28T17:48:58Z" level=info msg="Checking existence of 'tools' path: /home/shrek/.arduino15/packages/arduino/tools"
time="2026-01-28T17:48:58Z" level=info msg="Loading tools from dir: /home/shrek/.arduino15/packages/arduino/tools"
2026-01-28 17:48:58 2026-01-28T17:48:58.902Z daemon INFO time="2026-01-28T17:48:58Z" level=info msg="Loaded tool" tool="arduino:arduinoOTA@1.3.0"
time="2026-01-28T17:48:58Z" level=info msg="Loaded tool" tool="arduino:avr-gcc@7.3.0-atmel3.6.1-arduino7"
2026-01-28 17:48:58 2026-01-28T17:48:58.902Z daemon INFO time="2026-01-28T17:48:58Z" level=info msg="Loaded tool" tool="arduino:avrdude@8.0.0-arduino1"
2026-01-28 17:48:58 2026-01-28T17:48:58.902Z daemon INFO time="2026-01-28T17:48:58Z" level=info msg="Loaded tool" tool="arduino:dfu-util@0.11.0-arduino5"
2026-01-28 17:48:58 2026-01-28T17:48:58.902Z daemon INFO time="2026-01-28T17:48:58Z" level=info msg="Loading package builtin from: /home/shrek/.arduino15/packages/builtin"
2026-01-28 17:48:58 2026-01-28T17:48:58.902Z daemon INFO time="2026-01-28T17:48:58Z" level=info msg="Checking existence of 'tools' path: /home/shrek/.arduino15/packages/builtin/tools"
time="2026-01-28T17:48:58Z" level=info msg="Loading tools from dir: /home/shrek/.arduino15/packages/builtin/tools"
2026-01-28 17:48:58 2026-01-28T17:48:58.902Z daemon INFO time="2026-01-28T17:48:58Z" level=info msg="Loaded tool" tool="builtin:ctags@5.8-arduino11"
2026-01-28 17:48:58 2026-01-28T17:48:58.902Z daemon INFO time="2026-01-28T17:48:58Z" level=info msg="Loaded tool" tool="builtin:dfu-discovery@0.1.2"
2026-01-28 17:48:58 2026-01-28T17:48:58.902Z daemon INFO time="2026-01-28T17:48:58Z" level=info msg="Loaded tool" tool="builtin:mdns-discovery@1.0.12"
2026-01-28 17:48:58 2026-01-28T17:48:58.902Z daemon INFO time="2026-01-28T17:48:58Z" level=info msg="Loaded tool" tool="builtin:serial-discovery@1.4.3"
2026-01-28 17:48:58 2026-01-28T17:48:58.902Z daemon INFO time="2026-01-28T17:48:58Z" level=info msg="Loaded tool" tool="builtin:serial-monitor@0.15.0"
2026-01-28 17:48:58 2026-01-28T17:48:58.902Z daemon INFO time="2026-01-28T17:48:58Z" level=info msg="Loading package esp32 from: /home/shrek/.arduino15/packages/esp32/hardware"
2026-01-28 17:48:58 2026-01-28T17:48:58.904Z daemon INFO time="2026-01-28T17:48:58Z" level=info msg="Missing signature file" index=/home/shrek/.arduino15/packages/esp32/hardware/esp32/3.3.6/installed.json
2026-01-28 17:48:58 2026-01-28T17:48:58.985Z daemon INFO time="2026-01-28T17:48:58Z" level=info msg="Adding monitor tool" protocol=serial tool="builtin:serial-monitor"
time="2026-01-28T17:48:58Z" level=info msg="Loaded platform" platform="esp32:esp32@3.3.6"
2026-01-28 17:48:58 2026-01-28T17:48:58.985Z daemon INFO time="2026-01-28T17:48:58Z" level=info msg="Checking existence of 'tools' path: /home/shrek/.arduino15/packages/esp32/tools"
time="2026-01-28T17:48:58Z" level=info msg="Loading tools from dir: /home/shrek/.arduino15/packages/esp32/tools"
time="2026-01-28T17:48:58Z" level=info msg="Loaded tool" tool="esp32:esp-rv32@2511"
2026-01-28 17:48:58 2026-01-28T17:48:58.985Z daemon INFO time="2026-01-28T17:48:58Z" level=info msg="Loaded tool" tool="esp32:esp-x32@2511"
time="2026-01-28T17:48:58Z" level=info msg="Loaded tool" tool="esp32:esp32-libs@3.3.6"
time="2026-01-28T17:48:58Z" level=info msg="Loaded tool" tool="esp32:esp32c3-libs@3.3.6"
2026-01-28 17:48:58 2026-01-28T17:48:58.985Z daemon INFO time="2026-01-28T17:48:58Z" level=info msg="Loaded tool" tool="esp32:esp32c5-libs@3.3.6"
time="2026-01-28T17:48:58Z" level=info msg="Loaded tool" tool="esp32:esp32c6-libs@3.3.6"
2026-01-28 17:48:58 2026-01-28T17:48:58.985Z daemon INFO time="2026-01-28T17:48:58Z" level=info msg="Loaded tool" tool="esp32:esp32h2-libs@3.3.6"
2026-01-28 17:48:58 2026-01-28T17:48:58.985Z daemon INFO time="2026-01-28T17:48:58Z" level=info msg="Loaded tool" tool="esp32:esp32p4-libs@3.3.6"
2026-01-28 17:48:58 2026-01-28T17:48:58.985Z daemon INFO time="2026-01-28T17:48:58Z" level=info msg="Loaded tool" tool="esp32:esp32p4_es-libs@3.3.6"
2026-01-28 17:48:58 2026-01-28T17:48:58.985Z daemon INFO time="2026-01-28T17:48:58Z" level=info msg="Loaded tool" tool="esp32:esp32s2-libs@3.3.6"
2026-01-28 17:48:58 2026-01-28T17:48:58.985Z daemon INFO time="2026-01-28T17:48:58Z" level=info msg="Loaded tool" tool="esp32:esp32s3-libs@3.3.6"
2026-01-28 17:48:58 2026-01-28T17:48:58.985Z daemon INFO time="2026-01-28T17:48:58Z" level=info msg="Loaded tool" tool="esp32:esptool_py@5.1.0"
2026-01-28 17:48:58 2026-01-28T17:48:58.985Z daemon INFO time="2026-01-28T17:48:58Z" level=info msg="Loaded tool" tool="esp32:mklittlefs@4.0.2-db0513a"
2026-01-28 17:48:58 2026-01-28T17:48:58.985Z daemon INFO time="2026-01-28T17:48:58Z" level=info msg="Loaded tool" tool="esp32:mkspiffs@0.2.3"
2026-01-28 17:48:58 2026-01-28T17:48:58.985Z daemon INFO time="2026-01-28T17:48:58Z" level=info msg="Loaded tool" tool="esp32:openocd-esp32@v0.12.0-esp32-20251215"
2026-01-28 17:48:58 2026-01-28T17:48:58.985Z daemon INFO time="2026-01-28T17:48:58Z" level=info msg="Loaded tool" tool="esp32:riscv32-esp-elf-gdb@16.3_20250913"
2026-01-28 17:48:58 2026-01-28T17:48:58.985Z daemon INFO time="2026-01-28T17:48:58Z" level=info msg="Loaded tool" tool="esp32:xtensa-esp-elf-gdb@16.3_20250913"
2026-01-28 17:48:58 2026-01-28T17:48:58.987Z daemon INFO time="2026-01-28T17:48:58Z" level=info msg="Discovery event channel closed builtin:serial-discovery. Exiting goroutine."
2026-01-28 17:48:58 2026-01-28T17:48:58.987Z daemon INFO time="2026-01-28T17:48:58Z" level=info msg="Closed and removed discovery builtin:serial-discovery"
2026-01-28 17:48:58 2026-01-28T17:48:58.987Z daemon INFO time="2026-01-28T17:48:58Z" level=error msg="Stopped decode loop: EOF" discovery="builtin:serial-discovery"
2026-01-28 17:48:58 2026-01-28T17:48:58.988Z daemon INFO time="2026-01-28T17:48:58Z" level=info msg="Discovery event channel closed builtin:mdns-discovery. Exiting goroutine."
2026-01-28 17:48:58 2026-01-28T17:48:58.988Z daemon INFO time="2026-01-28T17:48:58Z" level=info msg="Closed and removed discovery builtin:mdns-discovery"
2026-01-28 17:48:58 2026-01-28T17:48:58.988Z daemon INFO time="2026-01-28T17:48:58Z" level=error msg="Stopped decode loop: EOF" discovery="builtin:mdns-discovery"
2026-01-28 17:48:58 2026-01-28T17:48:58.991Z daemon INFO time="2026-01-28T17:48:58Z" level=info msg="Adding libraries dir" dir=/home/shrek/.arduino15/packages/esp32/hardware/esp32/3.3.6/libraries isSingleLibrary=false location=platform
2026-01-28 17:48:58 2026-01-28T17:48:58.991Z daemon INFO time="2026-01-28T17:48:58Z" level=info msg="Adding libraries dir" dir=/home/shrek/.arduino15/packages/arduino/hardware/avr/1.8.7/libraries isSingleLibrary=false location=platform
time="2026-01-28T17:48:58Z" level=info msg="Loading libraries index file" index=/home/shrek/.arduino15/library_index.json
2026-01-28 17:48:59 2026-01-28T17:48:59.121Z daemon INFO time="2026-01-28T17:48:59Z" level=info msg="Adding libraries dir" dir=/home/shrek/.arduino15/libraries isSingleLibrary=false location=ide
time="2026-01-28T17:48:59Z" level=info msg="Adding libraries dir" dir=/home/shrek/Arduino/libraries isSingleLibrary=false location=user
2026-01-28 17:48:59 2026-01-28T17:48:59.145Z discovery-log INFO start
2026-01-28 17:48:59 2026-01-28T17:48:59.145Z discovery-log INFO start new deferred
2026-01-28 17:48:59 2026-01-28T17:48:59.145Z discovery-log INFO start resolved watching
2026-01-28 17:48:59 2026-01-28T17:48:59.147Z discovery-log INFO {"eventType":"add","port":{"matchingBoardsList":[{"name":"ESP32 Family Device","fqbn":"esp32:esp32:esp32_family","isHidden":true}],"port":{"address":"/dev/ttyACM0","label":"/dev/ttyACM0","protocol":"serial","protocolLabel":"Serial Port (USB)","propertiesMap":[["pid","0x1001"],["serialNumber","90:E5:B1:D7:D6:84"],["vid","0x303a"]],"hardwareId":"90:E5:B1:D7:D6:84"}},"error":""}
2026-01-28 17:48:59 2026-01-28T17:48:59.147Z discovery-log INFO {"eventType":"add","port":{"matchingBoardsList":[],"port":{"address":"/dev/ttyS0","label":"/dev/ttyS0","protocol":"serial","protocolLabel":"Serial Port","propertiesMap":[],"hardwareId":""}},"error":""}
2026-01-28 17:48:59 2026-01-28T17:48:59.363Z root ERROR ---- !!!SLOW!!! DURATION: search took 217.331 ms. Args: [{}] ----
2026-01-28 17:48:59 2026-01-28T17:48:59.363Z root INFO <<< Library package installation done. {
  name: 'LedController',
  exampleUris: [],
  location: 0,
  installedVersion: undefined,
  author: 'Noa Sakurajin <noasakurajin@web.de>',
  availableVersions: [
    '2.0.2',     '2.0.1',     '2.0.0-rc4',
    '2.0.0-rc3', '2.0.0-rc2', '2.0.0-rc1',
    '1.7.2',     '1.7.1',     '1.7.0',
    '1.6.1',     '1.6.0',     '1.5.0',
    '1.4.2',     '1.4.1',     '1.4.0',
    '1.3.3',     '1.3.2',     '1.3.1',
    '1.2.2',     '1.2.1',     '1.2.0',
    '1.1.0'
  ],
  includes: [ 'LedController.hpp' ],
  description: '"!!Version 2.0.0 comes with a lot of changes plese check the readme on more information!! It can do everything LedControl can, works with more boards (like esp32) and makes working with LedMatricies easier. You can more your displayed data around, set whole segments and have way more symbols for 7-segment displays. If you still miss a feature just create a pull request and I will do my best to add it ASAP."',
  moreInfoLink: 'https://github.com/noah1510/LedController',
  summary: 'The better LedControl library for the MAX7219 and the MAX7221 Led display drivers.',
  category: 'Display',
  types: [ 'Contributed' ],
  index: 3
}
2026-01-28 17:48:59 2026-01-28T17:48:59.457Z root INFO ---- DURATION: search took 61.130 ms. Args: [{"query":"ledcont","type":"All","topic":"All"}] ----
2026-01-28 17:48:59 2026-01-28T17:48:59.473Z root INFO Starting language server: esp32:esp32:esp32s3:UploadSpeed=115200,USBMode=hwcdc,CDCOnBoot=cdc,MSCOnBoot=default,DFUOnBoot=default,UploadMode=default,CPUFreq=240,FlashMode=qio,FlashSize=32M,PartitionScheme=default,DebugLevel=none,PSRAM=disabled,LoopCore=1,EventsCore=1,EraseFlash=none,JTAGAdapter=default,ZigbeeMode=default
2026-01-28 17:48:59 2026-01-28T17:48:59.511Z daemon INFO time="2026-01-28T17:48:59Z" level=info msg="Adding libraries dir" dir=/home/shrek/.arduino15/libraries isSingleLibrary=false location=ide
2026-01-28 17:48:59 2026-01-28T17:48:59.511Z daemon INFO time="2026-01-28T17:48:59Z" level=info msg="Adding libraries dir" dir=/home/shrek/.arduino15/packages/esp32/hardware/esp32/3.3.6/libraries isSingleLibrary=false location=platform
time="2026-01-28T17:48:59Z" level=info msg="Adding libraries dir" dir=/home/shrek/Arduino/libraries isSingleLibrary=false location=user
2026-01-28 17:48:59 2026-01-28T17:48:59.957Z root INFO ---- DURATION: search took 58.235 ms. Args: [{"query":"ledcont","type":"All","topic":"All"}] ----
2026-01-28 17:49:00 2026-01-28T17:49:00.080Z daemon INFO time="2026-01-28T17:49:00Z" level=info msg="Resolving include LedControl.h for arch esp32"
time="2026-01-28T17:49:00Z" level=info msg="  found better lib" lib=LedControl prio=6A7
2026-01-28 17:49:01 2026-01-28T17:49:01.000Z daemon INFO time="2026-01-28T17:49:01Z" level=info msg="Adding libraries dir" dir=/home/shrek/.arduino15/libraries isSingleLibrary=false location=ide
time="2026-01-28T17:49:01Z" level=info msg="Adding libraries dir" dir=/home/shrek/.arduino15/packages/esp32/hardware/esp32/3.3.6/libraries isSingleLibrary=false location=platform
2026-01-28 17:49:01 2026-01-28T17:49:01.001Z daemon INFO time="2026-01-28T17:49:01Z" level=info msg="Adding libraries dir" dir=/home/shrek/Arduino/libraries isSingleLibrary=false location=user
2026-01-28 17:49:03 2026-01-28T17:49:03.367Z root INFO >>> Starting library package installation... {
  name: 'MaxLedControl',
  exampleUris: [],
  location: 0,
  installedVersion: undefined,
  author: 'Michael Nixon',
  availableVersions: [ '1.1.0', '1.0.3', '1.0.2', '1.0.1', '1.0.0' ],
  includes: [],
  description: 'Supports multiple daisychained drivers and supports Led-Matrix displays as well as 7-Segment displays. Works out-of-the-box with Adafruit GFX.',
  moreInfoLink: 'https://github.com/michaelnixonau/MaxLedControl',
  summary: 'A library for the MAX7219 and the MAX7221 Led display drivers.',
  category: 'Display',
  types: [ 'Contributed' ],
  index: 4
}
2026-01-28 17:49:03 2026-01-28T17:49:03.367Z discovery-log INFO stop
2026-01-28 17:49:03 2026-01-28T17:49:03.367Z discovery-log INFO >>> Stopping boards watcher...
2026-01-28 17:49:03 2026-01-28T17:49:03.367Z discovery-log INFO Canceling boards watcher...
2026-01-28 17:49:03 2026-01-28T17:49:03.367Z discovery-log INFO disposing requesting cancel
2026-01-28 17:49:03 2026-01-28T17:49:03.367Z discovery-log INFO disposing canceled
2026-01-28 17:49:03 2026-01-28T17:49:03.368Z discovery-log INFO error received
2026-01-28 17:49:03 2026-01-28T17:49:03.368Z discovery-log INFO cancel error received!
2026-01-28 17:49:03 2026-01-28T17:49:03.368Z discovery-log INFO stop received event: either end or cancel
2026-01-28 17:49:03 2026-01-28T17:49:03.368Z discovery-log INFO stop stopped
2026-01-28 17:49:03 2026-01-28T17:49:03.368Z discovery-log INFO received end
2026-01-28 17:49:03 2026-01-28T17:49:03.395Z daemon INFO time="2026-01-28T17:49:03Z" level=info msg="Starting download" url="https://downloads.arduino.cc/libraries/github.com/michaelnixonau/MaxLedControl-1.1.0.zip?query=install"
2026-01-28 17:49:03 2026-01-28T17:49:03.570Z daemon INFO time="2026-01-28T17:49:03Z" level=info msg="Installing library" library=MaxLedControl@1.1.0
2026-01-28 17:49:03 2026-01-28T17:49:03.578Z daemon INFO time="2026-01-28T17:49:03Z" level=info msg="Checking signature" index=/home/shrek/.arduino15/package_index.json signatureFile=/home/shrek/.arduino15/package_index.json.sig trusted=true
2026-01-28 17:49:03 2026-01-28T17:49:03.579Z daemon INFO time="2026-01-28T17:49:03Z" level=info msg="Missing signature file" index=/home/shrek/.arduino15/package_esp32_index.json
2026-01-28 17:49:03 2026-01-28T17:49:03.579Z daemon INFO time="2026-01-28T17:49:03Z" level=info msg="Loading hardware from: /home/shrek/.arduino15/packages"
2026-01-28 17:49:03 2026-01-28T17:49:03.579Z daemon INFO time="2026-01-28T17:49:03Z" level=info msg="Loading package arduino from: /home/shrek/.arduino15/packages/arduino/hardware"
2026-01-28 17:49:03 2026-01-28T17:49:03.580Z daemon INFO time="2026-01-28T17:49:03Z" level=info msg="Missing signature file" index=/home/shrek/.arduino15/packages/arduino/hardware/avr/1.8.7/installed.json
2026-01-28 17:49:03 2026-01-28T17:49:03.580Z daemon INFO time="2026-01-28T17:49:03Z" level=info msg="Adding monitor tool" protocol=serial tool="builtin:serial-monitor"
time="2026-01-28T17:49:03Z" level=info msg="Loaded platform" platform="arduino:avr@1.8.7"
2026-01-28 17:49:03 2026-01-28T17:49:03.580Z daemon INFO time="2026-01-28T17:49:03Z" level=info msg="Checking existence of 'tools' path: /home/shrek/.arduino15/packages/arduino/tools"
time="2026-01-28T17:49:03Z" level=info msg="Loading tools from dir: /home/shrek/.arduino15/packages/arduino/tools"
2026-01-28 17:49:03 2026-01-28T17:49:03.580Z daemon INFO time="2026-01-28T17:49:03Z" level=info msg="Loaded tool" tool="arduino:arduinoOTA@1.3.0"
2026-01-28 17:49:03 2026-01-28T17:49:03.580Z daemon INFO time="2026-01-28T17:49:03Z" level=info msg="Loaded tool" tool="arduino:avr-gcc@7.3.0-atmel3.6.1-arduino7"
2026-01-28 17:49:03 2026-01-28T17:49:03.580Z daemon INFO time="2026-01-28T17:49:03Z" level=info msg="Loaded tool" tool="arduino:avrdude@8.0.0-arduino1"
2026-01-28 17:49:03 2026-01-28T17:49:03.580Z daemon INFO time="2026-01-28T17:49:03Z" level=info msg="Loaded tool" tool="arduino:dfu-util@0.11.0-arduino5"
2026-01-28 17:49:03 2026-01-28T17:49:03.580Z daemon INFO time="2026-01-28T17:49:03Z" level=info msg="Loading package builtin from: /home/shrek/.arduino15/packages/builtin"
time="2026-01-28T17:49:03Z" level=info msg="Checking existence of 'tools' path: /home/shrek/.arduino15/packages/builtin/tools"
time="2026-01-28T17:49:03Z" level=info msg="Loading tools from dir: /home/shrek/.arduino15/packages/builtin/tools"
time="2026-01-28T17:49:03Z" level=info msg="Loaded tool" tool="builtin:ctags@5.8-arduino11"
time="2026-01-28T17:49:03Z" level=info msg="Loaded tool" tool="builtin:dfu-discovery@0.1.2"
time="2026-01-28T17:49:03Z" level=info msg="Loaded tool" tool="builtin:mdns-discovery@1.0.12"
2026-01-28 17:49:03 2026-01-28T17:49:03.580Z daemon INFO time="2026-01-28T17:49:03Z" level=info msg="Loaded tool" tool="builtin:serial-discovery@1.4.3"
2026-01-28 17:49:03 2026-01-28T17:49:03.580Z daemon INFO time="2026-01-28T17:49:03Z" level=info msg="Loaded tool" tool="builtin:serial-monitor@0.15.0"
2026-01-28 17:49:03 2026-01-28T17:49:03.581Z daemon INFO time="2026-01-28T17:49:03Z" level=info msg="Loading package esp32 from: /home/shrek/.arduino15/packages/esp32/hardware"
2026-01-28 17:49:03 2026-01-28T17:49:03.582Z daemon INFO time="2026-01-28T17:49:03Z" level=info msg="Missing signature file" index=/home/shrek/.arduino15/packages/esp32/hardware/esp32/3.3.6/installed.json
2026-01-28 17:49:03 2026-01-28T17:49:03.657Z daemon INFO time="2026-01-28T17:49:03Z" level=info msg="Adding monitor tool" protocol=serial tool="builtin:serial-monitor"
time="2026-01-28T17:49:03Z" level=info msg="Loaded platform" platform="esp32:esp32@3.3.6"
2026-01-28 17:49:03 2026-01-28T17:49:03.657Z daemon INFO time="2026-01-28T17:49:03Z" level=info msg="Checking existence of 'tools' path: /home/shrek/.arduino15/packages/esp32/tools"
time="2026-01-28T17:49:03Z" level=info msg="Loading tools from dir: /home/shrek/.arduino15/packages/esp32/tools"
time="2026-01-28T17:49:03Z" level=info msg="Loaded tool" tool="esp32:esp-rv32@2511"
2026-01-28 17:49:03 2026-01-28T17:49:03.657Z daemon INFO time="2026-01-28T17:49:03Z" level=info msg="Loaded tool" tool="esp32:esp-x32@2511"
time="2026-01-28T17:49:03Z" level=info msg="Loaded tool" tool="esp32:esp32-libs@3.3.6"
2026-01-28 17:49:03 2026-01-28T17:49:03.657Z daemon INFO time="2026-01-28T17:49:03Z" level=info msg="Loaded tool" tool="esp32:esp32c3-libs@3.3.6"
time="2026-01-28T17:49:03Z" level=info msg="Loaded tool" tool="esp32:esp32c5-libs@3.3.6"
2026-01-28 17:49:03 2026-01-28T17:49:03.657Z daemon INFO time="2026-01-28T17:49:03Z" level=info msg="Loaded tool" tool="esp32:esp32c6-libs@3.3.6"
time="2026-01-28T17:49:03Z" level=info msg="Loaded tool" tool="esp32:esp32h2-libs@3.3.6"
2026-01-28 17:49:03 2026-01-28T17:49:03.657Z daemon INFO time="2026-01-28T17:49:03Z" level=info msg="Loaded tool" tool="esp32:esp32p4-libs@3.3.6"
time="2026-01-28T17:49:03Z" level=info msg="Loaded tool" tool="esp32:esp32p4_es-libs@3.3.6"
2026-01-28 17:49:03 2026-01-28T17:49:03.657Z daemon INFO time="2026-01-28T17:49:03Z" level=info msg="Loaded tool" tool="esp32:esp32s2-libs@3.3.6"
2026-01-28 17:49:03 2026-01-28T17:49:03.657Z daemon INFO time="2026-01-28T17:49:03Z" level=info msg="Loaded tool" tool="esp32:esp32s3-libs@3.3.6"
2026-01-28 17:49:03 2026-01-28T17:49:03.657Z daemon INFO time="2026-01-28T17:49:03Z" level=info msg="Loaded tool" tool="esp32:esptool_py@5.1.0"
time="2026-01-28T17:49:03Z" level=info msg="Loaded tool" tool="esp32:mklittlefs@4.0.2-db0513a"
2026-01-28 17:49:03 2026-01-28T17:49:03.657Z daemon INFO time="2026-01-28T17:49:03Z" level=info msg="Loaded tool" tool="esp32:mkspiffs@0.2.3"
time="2026-01-28T17:49:03Z" level=info msg="Loaded tool" tool="esp32:openocd-esp32@v0.12.0-esp32-20251215"
2026-01-28 17:49:03 2026-01-28T17:49:03.657Z daemon INFO time="2026-01-28T17:49:03Z" level=info msg="Loaded tool" tool="esp32:riscv32-esp-elf-gdb@16.3_20250913"
2026-01-28 17:49:03 2026-01-28T17:49:03.657Z daemon INFO time="2026-01-28T17:49:03Z" level=info msg="Loaded tool" tool="esp32:xtensa-esp-elf-gdb@16.3_20250913"
2026-01-28 17:49:03 2026-01-28T17:49:03.659Z daemon INFO time="2026-01-28T17:49:03Z" level=info msg="Discovery event channel closed builtin:serial-discovery. Exiting goroutine."
2026-01-28 17:49:03 2026-01-28T17:49:03.659Z daemon INFO time="2026-01-28T17:49:03Z" level=info msg="Closed and removed discovery builtin:serial-discovery"
2026-01-28 17:49:03 2026-01-28T17:49:03.659Z daemon INFO time="2026-01-28T17:49:03Z" level=error msg="Stopped decode loop: EOF" discovery="builtin:serial-discovery"
2026-01-28 17:49:03 2026-01-28T17:49:03.659Z daemon INFO time="2026-01-28T17:49:03Z" level=info msg="Discovery event channel closed builtin:mdns-discovery. Exiting goroutine."
2026-01-28 17:49:03 2026-01-28T17:49:03.659Z daemon INFO time="2026-01-28T17:49:03Z" level=info msg="Closed and removed discovery builtin:mdns-discovery"
2026-01-28 17:49:03 2026-01-28T17:49:03.659Z daemon INFO time="2026-01-28T17:49:03Z" level=error msg="Stopped decode loop: EOF" discovery="builtin:mdns-discovery"
2026-01-28 17:49:03 2026-01-28T17:49:03.662Z daemon INFO time="2026-01-28T17:49:03Z" level=info msg="Adding libraries dir" dir=/home/shrek/.arduino15/packages/arduino/hardware/avr/1.8.7/libraries isSingleLibrary=false location=platform
2026-01-28 17:49:03 2026-01-28T17:49:03.663Z daemon INFO time="2026-01-28T17:49:03Z" level=info msg="Adding libraries dir" dir=/home/shrek/.arduino15/packages/esp32/hardware/esp32/3.3.6/libraries isSingleLibrary=false location=platform
time="2026-01-28T17:49:03Z" level=info msg="Loading libraries index file" index=/home/shrek/.arduino15/library_index.json
2026-01-28 17:49:03 2026-01-28T17:49:03.794Z daemon INFO time="2026-01-28T17:49:03Z" level=info msg="Adding libraries dir" dir=/home/shrek/.arduino15/libraries isSingleLibrary=false location=ide
time="2026-01-28T17:49:03Z" level=info msg="Adding libraries dir" dir=/home/shrek/Arduino/libraries isSingleLibrary=false location=user
2026-01-28 17:49:03 2026-01-28T17:49:03.818Z discovery-log INFO start
2026-01-28 17:49:03 2026-01-28T17:49:03.818Z discovery-log INFO start new deferred
2026-01-28 17:49:03 2026-01-28T17:49:03.818Z discovery-log INFO start resolved watching
2026-01-28 17:49:03 2026-01-28T17:49:03.819Z discovery-log INFO {"eventType":"add","port":{"matchingBoardsList":[{"name":"ESP32 Family Device","fqbn":"esp32:esp32:esp32_family","isHidden":true}],"port":{"address":"/dev/ttyACM0","label":"/dev/ttyACM0","protocol":"serial","protocolLabel":"Serial Port (USB)","propertiesMap":[["pid","0x1001"],["serialNumber","90:E5:B1:D7:D6:84"],["vid","0x303a"]],"hardwareId":"90:E5:B1:D7:D6:84"}},"error":""}
2026-01-28 17:49:03 2026-01-28T17:49:03.819Z discovery-log INFO {"eventType":"add","port":{"matchingBoardsList":[],"port":{"address":"/dev/ttyS0","label":"/dev/ttyS0","protocol":"serial","protocolLabel":"Serial Port","propertiesMap":[],"hardwareId":""}},"error":""}
2026-01-28 17:49:04 2026-01-28T17:49:04.013Z root ERROR ---- !!!SLOW!!! DURATION: search took 194.576 ms. Args: [{}] ----
2026-01-28 17:49:04 2026-01-28T17:49:04.013Z root INFO <<< Library package installation done. {
  name: 'MaxLedControl',
  exampleUris: [],
  location: 0,
  installedVersion: undefined,
  author: 'Michael Nixon',
  availableVersions: [ '1.1.0', '1.0.3', '1.0.2', '1.0.1', '1.0.0' ],
  includes: [],
  description: 'Supports multiple daisychained drivers and supports Led-Matrix displays as well as 7-Segment displays. Works out-of-the-box with Adafruit GFX.',
  moreInfoLink: 'https://github.com/michaelnixonau/MaxLedControl',
  summary: 'A library for the MAX7219 and the MAX7221 Led display drivers.',
  category: 'Display',
  types: [ 'Contributed' ],
  index: 4
}
2026-01-28 17:49:04 2026-01-28T17:49:04.113Z root INFO Starting language server: esp32:esp32:esp32s3:UploadSpeed=115200,USBMode=hwcdc,CDCOnBoot=cdc,MSCOnBoot=default,DFUOnBoot=default,UploadMode=default,CPUFreq=240,FlashMode=qio,FlashSize=32M,PartitionScheme=default,DebugLevel=none,PSRAM=disabled,LoopCore=1,EventsCore=1,EraseFlash=none,JTAGAdapter=default,ZigbeeMode=default
2026-01-28 17:49:04 2026-01-28T17:49:04.120Z root INFO ---- DURATION: search took 68.053 ms. Args: [{"query":"ledcont","type":"All","topic":"All"}] ----
2026-01-28 17:49:04 2026-01-28T17:49:04.128Z daemon INFO time="2026-01-28T17:49:04Z" level=info msg="Adding libraries dir" dir=/home/shrek/.arduino15/libraries isSingleLibrary=false location=ide
2026-01-28 17:49:04 2026-01-28T17:49:04.128Z daemon INFO time="2026-01-28T17:49:04Z" level=info msg="Adding libraries dir" dir=/home/shrek/.arduino15/packages/esp32/hardware/esp32/3.3.6/libraries isSingleLibrary=false location=platform
time="2026-01-28T17:49:04Z" level=info msg="Adding libraries dir" dir=/home/shrek/Arduino/libraries isSingleLibrary=false location=user
2026-01-28 17:49:04 2026-01-28T17:49:04.606Z root INFO ---- DURATION: search took 54.895 ms. Args: [{"query":"ledcont","type":"All","topic":"All"}] ----
2026-01-28 17:49:04 2026-01-28T17:49:04.700Z daemon INFO time="2026-01-28T17:49:04Z" level=info msg="Resolving include LedControl.h for arch esp32"
time="2026-01-28T17:49:04Z" level=info msg="  found better lib" lib=LedControl prio=6A7
2026-01-28 17:49:05 2026-01-28T17:49:05.607Z daemon INFO time="2026-01-28T17:49:05Z" level=info msg="Adding libraries dir" dir=/home/shrek/.arduino15/libraries isSingleLibrary=false location=ide
time="2026-01-28T17:49:05Z" level=info msg="Adding libraries dir" dir=/home/shrek/.arduino15/packages/esp32/hardware/esp32/3.3.6/libraries isSingleLibrary=false location=platform
2026-01-28 17:49:05 2026-01-28T17:49:05.607Z daemon INFO time="2026-01-28T17:49:05Z" level=info msg="Adding libraries dir" dir=/home/shrek/Arduino/libraries isSingleLibrary=false location=user
2026-01-28 17:49:07 2026-01-28T17:49:07.890Z root INFO >>> Starting library package installation... {
  name: 'LEDMatrixDriver',
  exampleUris: [],
  location: 0,
  installedVersion: undefined,
  author: 'Bartosz Bielawski',
  availableVersions: [ '0.2.2', '0.2.1', '0.2.0', '0.1.1', '0.1.0' ],
  includes: [ 'LEDMatrixDriver.hpp' ],
  description: 'Includes local framebuffer - refresh is software-controlled. Can use more than 8 segments.',
  moreInfoLink: 'https://github.com/bartoszbielawski/LEDMatrixDriver',
  summary: "A replacement for Arduino's LedControl library for MAX7219",
  category: 'Other',
  types: [ 'Contributed' ],
  index: 1
}
2026-01-28 17:49:07 2026-01-28T17:49:07.890Z discovery-log INFO stop
2026-01-28 17:49:07 2026-01-28T17:49:07.890Z discovery-log INFO >>> Stopping boards watcher...
2026-01-28 17:49:07 2026-01-28T17:49:07.890Z discovery-log INFO Canceling boards watcher...
2026-01-28 17:49:07 2026-01-28T17:49:07.890Z discovery-log INFO disposing requesting cancel
2026-01-28 17:49:07 2026-01-28T17:49:07.890Z discovery-log INFO disposing canceled
2026-01-28 17:49:07 2026-01-28T17:49:07.891Z discovery-log INFO error received
2026-01-28 17:49:07 2026-01-28T17:49:07.891Z discovery-log INFO cancel error received!
2026-01-28 17:49:07 2026-01-28T17:49:07.891Z discovery-log INFO stop received event: either end or cancel
2026-01-28 17:49:07 2026-01-28T17:49:07.891Z discovery-log INFO stop stopped
2026-01-28 17:49:07 2026-01-28T17:49:07.891Z discovery-log INFO received end
2026-01-28 17:49:07 2026-01-28T17:49:07.915Z daemon INFO time="2026-01-28T17:49:07Z" level=info msg="Starting download" url="https://downloads.arduino.cc/libraries/github.com/bartoszbielawski/LEDMatrixDriver-0.2.2.zip?query=install"
2026-01-28 17:49:08 2026-01-28T17:49:08.070Z daemon INFO time="2026-01-28T17:49:08Z" level=info msg="Installing library" library=LEDMatrixDriver@0.2.2
2026-01-28 17:49:08 2026-01-28T17:49:08.080Z daemon INFO time="2026-01-28T17:49:08Z" level=info msg="Checking signature" index=/home/shrek/.arduino15/package_index.json signatureFile=/home/shrek/.arduino15/package_index.json.sig trusted=true
2026-01-28 17:49:08 2026-01-28T17:49:08.083Z daemon INFO time="2026-01-28T17:49:08Z" level=info msg="Missing signature file" index=/home/shrek/.arduino15/package_esp32_index.json
2026-01-28 17:49:08 2026-01-28T17:49:08.083Z daemon INFO time="2026-01-28T17:49:08Z" level=info msg="Loading hardware from: /home/shrek/.arduino15/packages"
2026-01-28 17:49:08 2026-01-28T17:49:08.083Z daemon INFO time="2026-01-28T17:49:08Z" level=info msg="Loading package arduino from: /home/shrek/.arduino15/packages/arduino/hardware"
2026-01-28 17:49:08 2026-01-28T17:49:08.084Z daemon INFO time="2026-01-28T17:49:08Z" level=info msg="Missing signature file" index=/home/shrek/.arduino15/packages/arduino/hardware/avr/1.8.7/installed.json
2026-01-28 17:49:08 2026-01-28T17:49:08.086Z daemon INFO time="2026-01-28T17:49:08Z" level=info msg="Adding monitor tool" protocol=serial tool="builtin:serial-monitor"
2026-01-28 17:49:08 2026-01-28T17:49:08.086Z daemon INFO time="2026-01-28T17:49:08Z" level=info msg="Loaded platform" platform="arduino:avr@1.8.7"
time="2026-01-28T17:49:08Z" level=info msg="Checking existence of 'tools' path: /home/shrek/.arduino15/packages/arduino/tools"
time="2026-01-28T17:49:08Z" level=info msg="Loading tools from dir: /home/shrek/.arduino15/packages/arduino/tools"
2026-01-28 17:49:08 2026-01-28T17:49:08.086Z daemon INFO time="2026-01-28T17:49:08Z" level=info msg="Loaded tool" tool="arduino:arduinoOTA@1.3.0"
time="2026-01-28T17:49:08Z" level=info msg="Loaded tool" tool="arduino:avr-gcc@7.3.0-atmel3.6.1-arduino7"
time="2026-01-28T17:49:08Z" level=info msg="Loaded tool" tool="arduino:avrdude@8.0.0-arduino1"
time="2026-01-28T17:49:08Z" level=info msg="Loaded tool" tool="arduino:dfu-util@0.11.0-arduino5"
time="2026-01-28T17:49:08Z" level=info msg="Loading package builtin from: /home/shrek/.arduino15/packages/builtin"
time="2026-01-28T17:49:08Z" level=info msg="Checking existence of 'tools' path: /home/shrek/.arduino15/packages/builtin/tools"
time="2026-01-28T17:49:08Z" level=info msg="Loading tools from dir: /home/shrek/.arduino15/packages/builtin/tools"
2026-01-28 17:49:08 2026-01-28T17:49:08.086Z daemon INFO time="2026-01-28T17:49:08Z" level=info msg="Loaded tool" tool="builtin:ctags@5.8-arduino11"
2026-01-28 17:49:08 2026-01-28T17:49:08.086Z daemon INFO time="2026-01-28T17:49:08Z" level=info msg="Loaded tool" tool="builtin:dfu-discovery@0.1.2"
time="2026-01-28T17:49:08Z" level=info msg="Loaded tool" tool="builtin:mdns-discovery@1.0.12"
2026-01-28 17:49:08 2026-01-28T17:49:08.086Z daemon INFO time="2026-01-28T17:49:08Z" level=info msg="Loaded tool" tool="builtin:serial-discovery@1.4.3"
time="2026-01-28T17:49:08Z" level=info msg="Loaded tool" tool="builtin:serial-monitor@0.15.0"
time="2026-01-28T17:49:08Z" level=info msg="Loading package esp32 from: /home/shrek/.arduino15/packages/esp32/hardware"
2026-01-28 17:49:08 2026-01-28T17:49:08.088Z daemon INFO time="2026-01-28T17:49:08Z" level=info msg="Missing signature file" index=/home/shrek/.arduino15/packages/esp32/hardware/esp32/3.3.6/installed.json
2026-01-28 17:49:08 2026-01-28T17:49:08.177Z daemon INFO time="2026-01-28T17:49:08Z" level=info msg="Adding monitor tool" protocol=serial tool="builtin:serial-monitor"
time="2026-01-28T17:49:08Z" level=info msg="Loaded platform" platform="esp32:esp32@3.3.6"
2026-01-28 17:49:08 2026-01-28T17:49:08.177Z daemon INFO time="2026-01-28T17:49:08Z" level=info msg="Checking existence of 'tools' path: /home/shrek/.arduino15/packages/esp32/tools"
time="2026-01-28T17:49:08Z" level=info msg="Loading tools from dir: /home/shrek/.arduino15/packages/esp32/tools"
time="2026-01-28T17:49:08Z" level=info msg="Loaded tool" tool="esp32:esp-rv32@2511"
2026-01-28 17:49:08 2026-01-28T17:49:08.177Z daemon INFO time="2026-01-28T17:49:08Z" level=info msg="Loaded tool" tool="esp32:esp-x32@2511"
time="2026-01-28T17:49:08Z" level=info msg="Loaded tool" tool="esp32:esp32-libs@3.3.6"
2026-01-28 17:49:08 2026-01-28T17:49:08.177Z daemon INFO time="2026-01-28T17:49:08Z" level=info msg="Loaded tool" tool="esp32:esp32c3-libs@3.3.6"
2026-01-28 17:49:08 2026-01-28T17:49:08.177Z daemon INFO time="2026-01-28T17:49:08Z" level=info msg="Loaded tool" tool="esp32:esp32c5-libs@3.3.6"
2026-01-28 17:49:08 2026-01-28T17:49:08.177Z daemon INFO time="2026-01-28T17:49:08Z" level=info msg="Loaded tool" tool="esp32:esp32c6-libs@3.3.6"
2026-01-28 17:49:08 2026-01-28T17:49:08.177Z daemon INFO time="2026-01-28T17:49:08Z" level=info msg="Loaded tool" tool="esp32:esp32h2-libs@3.3.6"
2026-01-28 17:49:08 2026-01-28T17:49:08.177Z daemon INFO time="2026-01-28T17:49:08Z" level=info msg="Loaded tool" tool="esp32:esp32p4-libs@3.3.6"
2026-01-28 17:49:08 2026-01-28T17:49:08.177Z daemon INFO time="2026-01-28T17:49:08Z" level=info msg="Loaded tool" tool="esp32:esp32p4_es-libs@3.3.6"
2026-01-28 17:49:08 2026-01-28T17:49:08.177Z daemon INFO time="2026-01-28T17:49:08Z" level=info msg="Loaded tool" tool="esp32:esp32s2-libs@3.3.6"
2026-01-28 17:49:08 2026-01-28T17:49:08.177Z daemon INFO time="2026-01-28T17:49:08Z" level=info msg="Loaded tool" tool="esp32:esp32s3-libs@3.3.6"
2026-01-28 17:49:08 2026-01-28T17:49:08.177Z daemon INFO time="2026-01-28T17:49:08Z" level=info msg="Loaded tool" tool="esp32:esptool_py@5.1.0"
2026-01-28 17:49:08 2026-01-28T17:49:08.177Z daemon INFO time="2026-01-28T17:49:08Z" level=info msg="Loaded tool" tool="esp32:mklittlefs@4.0.2-db0513a"
2026-01-28 17:49:08 2026-01-28T17:49:08.177Z daemon INFO time="2026-01-28T17:49:08Z" level=info msg="Loaded tool" tool="esp32:mkspiffs@0.2.3"
2026-01-28 17:49:08 2026-01-28T17:49:08.177Z daemon INFO time="2026-01-28T17:49:08Z" level=info msg="Loaded tool" tool="esp32:openocd-esp32@v0.12.0-esp32-20251215"
2026-01-28 17:49:08 2026-01-28T17:49:08.177Z daemon INFO time="2026-01-28T17:49:08Z" level=info msg="Loaded tool" tool="esp32:riscv32-esp-elf-gdb@16.3_20250913"
2026-01-28 17:49:08 2026-01-28T17:49:08.177Z daemon INFO time="2026-01-28T17:49:08Z" level=info msg="Loaded tool" tool="esp32:xtensa-esp-elf-gdb@16.3_20250913"
2026-01-28 17:49:08 2026-01-28T17:49:08.179Z daemon INFO time="2026-01-28T17:49:08Z" level=info msg="Discovery event channel closed builtin:serial-discovery. Exiting goroutine."
2026-01-28 17:49:08 2026-01-28T17:49:08.179Z daemon INFO time="2026-01-28T17:49:08Z" level=info msg="Closed and removed discovery builtin:serial-discovery"
time="2026-01-28T17:49:08Z" level=error msg="Stopped decode loop: EOF" discovery="builtin:serial-discovery"
2026-01-28 17:49:08 2026-01-28T17:49:08.179Z daemon INFO time="2026-01-28T17:49:08Z" level=info msg="Discovery event channel closed builtin:mdns-discovery. Exiting goroutine."
2026-01-28 17:49:08 2026-01-28T17:49:08.179Z daemon INFO time="2026-01-28T17:49:08Z" level=info msg="Closed and removed discovery builtin:mdns-discovery"
2026-01-28 17:49:08 2026-01-28T17:49:08.179Z daemon INFO time="2026-01-28T17:49:08Z" level=error msg="Stopped decode loop: EOF" discovery="builtin:mdns-discovery"
2026-01-28 17:49:08 2026-01-28T17:49:08.183Z daemon INFO time="2026-01-28T17:49:08Z" level=info msg="Adding libraries dir" dir=/home/shrek/.arduino15/packages/esp32/hardware/esp32/3.3.6/libraries isSingleLibrary=false location=platform
2026-01-28 17:49:08 2026-01-28T17:49:08.183Z daemon INFO time="2026-01-28T17:49:08Z" level=info msg="Adding libraries dir" dir=/home/shrek/.arduino15/packages/arduino/hardware/avr/1.8.7/libraries isSingleLibrary=false location=platform
time="2026-01-28T17:49:08Z" level=info msg="Loading libraries index file" index=/home/shrek/.arduino15/library_index.json
2026-01-28 17:49:08 2026-01-28T17:49:08.312Z daemon INFO time="2026-01-28T17:49:08Z" level=info msg="Adding libraries dir" dir=/home/shrek/.arduino15/libraries isSingleLibrary=false location=ide
time="2026-01-28T17:49:08Z" level=info msg="Adding libraries dir" dir=/home/shrek/Arduino/libraries isSingleLibrary=false location=user
2026-01-28 17:49:08 2026-01-28T17:49:08.336Z discovery-log INFO start
2026-01-28 17:49:08 2026-01-28T17:49:08.336Z discovery-log INFO start new deferred
2026-01-28 17:49:08 2026-01-28T17:49:08.336Z discovery-log INFO start resolved watching
2026-01-28 17:49:08 2026-01-28T17:49:08.337Z discovery-log INFO {"eventType":"add","port":{"matchingBoardsList":[{"name":"ESP32 Family Device","fqbn":"esp32:esp32:esp32_family","isHidden":true}],"port":{"address":"/dev/ttyACM0","label":"/dev/ttyACM0","protocol":"serial","protocolLabel":"Serial Port (USB)","propertiesMap":[["pid","0x1001"],["serialNumber","90:E5:B1:D7:D6:84"],["vid","0x303a"]],"hardwareId":"90:E5:B1:D7:D6:84"}},"error":""}
2026-01-28 17:49:08 2026-01-28T17:49:08.337Z discovery-log INFO {"eventType":"add","port":{"matchingBoardsList":[],"port":{"address":"/dev/ttyS0","label":"/dev/ttyS0","protocol":"serial","protocolLabel":"Serial Port","propertiesMap":[],"hardwareId":""}},"error":""}
2026-01-28 17:49:08 2026-01-28T17:49:08.549Z root ERROR ---- !!!SLOW!!! DURATION: search took 212.353 ms. Args: [{}] ----
2026-01-28 17:49:08 2026-01-28T17:49:08.549Z root INFO <<< Library package installation done. {
  name: 'LEDMatrixDriver',
  exampleUris: [],
  location: 0,
  installedVersion: undefined,
  author: 'Bartosz Bielawski',
  availableVersions: [ '0.2.2', '0.2.1', '0.2.0', '0.1.1', '0.1.0' ],
  includes: [ 'LEDMatrixDriver.hpp' ],
  description: 'Includes local framebuffer - refresh is software-controlled. Can use more than 8 segments.',
  moreInfoLink: 'https://github.com/bartoszbielawski/LEDMatrixDriver',
  summary: "A replacement for Arduino's LedControl library for MAX7219",
  category: 'Other',
  types: [ 'Contributed' ],
  index: 1
}
2026-01-28 17:49:08 2026-01-28T17:49:08.650Z root INFO Starting language server: esp32:esp32:esp32s3:UploadSpeed=115200,USBMode=hwcdc,CDCOnBoot=cdc,MSCOnBoot=default,DFUOnBoot=default,UploadMode=default,CPUFreq=240,FlashMode=qio,FlashSize=32M,PartitionScheme=default,DebugLevel=none,PSRAM=disabled,LoopCore=1,EventsCore=1,EraseFlash=none,JTAGAdapter=default,ZigbeeMode=default
2026-01-28 17:49:08 2026-01-28T17:49:08.652Z root INFO ---- DURATION: search took 63.502 ms. Args: [{"query":"ledcont","type":"All","topic":"All"}] ----
2026-01-28 17:49:08 2026-01-28T17:49:08.667Z daemon INFO time="2026-01-28T17:49:08Z" level=info msg="Adding libraries dir" dir=/home/shrek/.arduino15/libraries isSingleLibrary=false location=ide
time="2026-01-28T17:49:08Z" level=info msg="Adding libraries dir" dir=/home/shrek/.arduino15/packages/esp32/hardware/esp32/3.3.6/libraries isSingleLibrary=false location=platform
2026-01-28 17:49:08 2026-01-28T17:49:08.667Z daemon INFO time="2026-01-28T17:49:08Z" level=info msg="Adding libraries dir" dir=/home/shrek/Arduino/libraries isSingleLibrary=false location=user
2026-01-28 17:49:09 2026-01-28T17:49:09.145Z root INFO ---- DURATION: search took 57.976 ms. Args: [{"query":"ledcont","type":"All","topic":"All"}] ----
2026-01-28 17:49:09 2026-01-28T17:49:09.227Z daemon INFO time="2026-01-28T17:49:09Z" level=info msg="Resolving include LedControl.h for arch esp32"
time="2026-01-28T17:49:09Z" level=info msg="  found better lib" lib=LedControl prio=6A7
2026-01-28 17:49:10 2026-01-28T17:49:10.152Z daemon INFO time="2026-01-28T17:49:10Z" level=info msg="Adding libraries dir" dir=/home/shrek/.arduino15/libraries isSingleLibrary=false location=ide
time="2026-01-28T17:49:10Z" level=info msg="Adding libraries dir" dir=/home/shrek/.arduino15/packages/esp32/hardware/esp32/3.3.6/libraries isSingleLibrary=false location=platform
2026-01-28 17:49:10 2026-01-28T17:49:10.152Z daemon INFO time="2026-01-28T17:49:10Z" level=info msg="Adding libraries dir" dir=/home/shrek/Arduino/libraries isSingleLibrary=false location=user
2026-01-28 17:49:11 2026-01-28T17:49:11.216Z daemon INFO time="2026-01-28T17:49:11Z" level=info msg="Adding libraries dir" dir=/home/shrek/.arduino15/libraries isSingleLibrary=false location=ide
2026-01-28 17:49:11 2026-01-28T17:49:11.216Z daemon INFO time="2026-01-28T17:49:11Z" level=info msg="Adding libraries dir" dir=/home/shrek/.arduino15/packages/esp32/hardware/esp32/3.3.6/libraries isSingleLibrary=false location=platform
time="2026-01-28T17:49:11Z" level=info msg="Adding libraries dir" dir=/home/shrek/Arduino/libraries isSingleLibrary=false location=user
2026-01-28 17:49:11 2026-01-28T17:49:11.849Z daemon INFO time="2026-01-28T17:49:11Z" level=info msg="Resolving include LedControl.h for arch esp32"
time="2026-01-28T17:49:11Z" level=info msg="  found better lib" lib=LedControl prio=6A7
2026-01-28 17:49:12 2026-01-28T17:49:12.267Z root WARN URI <file:///home/shrek/Arduino/libraries/LedControl/src/LedControl.h> is not contained in sketch: <{"name":"practice.py","uri":"file:///home/shrek/Arduino/practice.py","mainFileUri":"file:///home/shrek/Arduino/practice.py/practice.py.ino","otherSketchFileUris":[],"additionalFileUris":[],"rootFolderFileUris":[],"mtimeMs":1769363656220.1975}>
2026-01-28 17:49:18 2026-01-28T17:49:18.144Z root INFO >>> Starting library package uninstallation... {
  name: 'LEDMatrixDriver',
  exampleUris: [],
  location: 0,
  installedVersion: '0.2.2',
  author: 'Bartosz Bielawski',
  availableVersions: [ '0.2.2', '0.2.1', '0.2.0', '0.1.1', '0.1.0' ],
  includes: [ 'LEDMatrixDriver.hpp' ],
  description: 'Includes local framebuffer - refresh is software-controlled. Can use more than 8 segments.',
  moreInfoLink: 'https://github.com/bartoszbielawski/LEDMatrixDriver',
  summary: "A replacement for Arduino's LedControl library for MAX7219",
  category: 'Other',
  types: [ 'Contributed' ],
  index: 1
}
2026-01-28 17:49:18 2026-01-28T17:49:18.144Z discovery-log INFO stop
2026-01-28 17:49:18 2026-01-28T17:49:18.144Z discovery-log INFO >>> Stopping boards watcher...
2026-01-28 17:49:18 2026-01-28T17:49:18.144Z discovery-log INFO Canceling boards watcher...
2026-01-28 17:49:18 2026-01-28T17:49:18.144Z discovery-log INFO disposing requesting cancel
2026-01-28 17:49:18 2026-01-28T17:49:18.144Z discovery-log INFO disposing canceled
2026-01-28 17:49:18 2026-01-28T17:49:18.145Z discovery-log INFO error received
2026-01-28 17:49:18 2026-01-28T17:49:18.145Z discovery-log INFO cancel error received!
2026-01-28 17:49:18 2026-01-28T17:49:18.145Z discovery-log INFO stop received event: either end or cancel
2026-01-28 17:49:18 2026-01-28T17:49:18.145Z discovery-log INFO stop stopped
2026-01-28 17:49:18 2026-01-28T17:49:18.145Z discovery-log INFO received end
2026-01-28 17:49:18 2026-01-28T17:49:18.146Z discovery-log INFO start
2026-01-28 17:49:18 2026-01-28T17:49:18.146Z discovery-log INFO start new deferred
2026-01-28 17:49:18 2026-01-28T17:49:18.146Z root INFO <<< Library package uninstallation done. {
  name: 'LEDMatrixDriver',
  exampleUris: [],
  location: 0,
  installedVersion: '0.2.2',
  author: 'Bartosz Bielawski',
  availableVersions: [ '0.2.2', '0.2.1', '0.2.0', '0.1.1', '0.1.0' ],
  includes: [ 'LEDMatrixDriver.hpp' ],
  description: 'Includes local framebuffer - refresh is software-controlled. Can use more than 8 segments.',
  moreInfoLink: 'https://github.com/bartoszbielawski/LEDMatrixDriver',
  summary: "A replacement for Arduino's LedControl library for MAX7219",
  category: 'Other',
  types: [ 'Contributed' ],
  index: 1
}
2026-01-28 17:49:18 2026-01-28T17:49:18.146Z discovery-log INFO start resolved watching
2026-01-28 17:49:18 2026-01-28T17:49:18.147Z discovery-log INFO {"eventType":"add","port":{"matchingBoardsList":[{"name":"ESP32 Family Device","fqbn":"esp32:esp32:esp32_family","isHidden":true}],"port":{"address":"/dev/ttyACM0","label":"/dev/ttyACM0","protocol":"serial","protocolLabel":"Serial Port (USB)","propertiesMap":[["pid","0x1001"],["serialNumber","90:E5:B1:D7:D6:84"],["vid","0x303a"]],"hardwareId":"90:E5:B1:D7:D6:84"}},"error":""}
2026-01-28 17:49:18 2026-01-28T17:49:18.147Z discovery-log INFO {"eventType":"add","port":{"matchingBoardsList":[],"port":{"address":"/dev/ttyS0","label":"/dev/ttyS0","protocol":"serial","protocolLabel":"Serial Port","propertiesMap":[],"hardwareId":""}},"error":""}
2026-01-28 17:49:18 2026-01-28T17:49:18.251Z root INFO ---- DURATION: search took 66.597 ms. Args: [{"query":"ledcont","type":"All","topic":"All"}] ----
2026-01-28 17:49:18 2026-01-28T17:49:18.265Z root INFO Starting language server: esp32:esp32:esp32s3:UploadSpeed=115200,USBMode=hwcdc,CDCOnBoot=cdc,MSCOnBoot=default,DFUOnBoot=default,UploadMode=default,CPUFreq=240,FlashMode=qio,FlashSize=32M,PartitionScheme=default,DebugLevel=none,PSRAM=disabled,LoopCore=1,EventsCore=1,EraseFlash=none,JTAGAdapter=default,ZigbeeMode=default
2026-01-28 17:49:18 2026-01-28T17:49:18.283Z daemon INFO time="2026-01-28T17:49:18Z" level=info msg="Adding libraries dir" dir=/home/shrek/.arduino15/libraries isSingleLibrary=false location=ide
2026-01-28 17:49:18 2026-01-28T17:49:18.283Z daemon INFO time="2026-01-28T17:49:18Z" level=info msg="Adding libraries dir" dir=/home/shrek/.arduino15/packages/esp32/hardware/esp32/3.3.6/libraries isSingleLibrary=false location=platform
time="2026-01-28T17:49:18Z" level=info msg="Adding libraries dir" dir=/home/shrek/Arduino/libraries isSingleLibrary=false location=user
2026-01-28 17:49:18 2026-01-28T17:49:18.751Z root INFO ---- DURATION: search took 59.595 ms. Args: [{"query":"ledcont","type":"All","topic":"All"}] ----
2026-01-28 17:49:18 2026-01-28T17:49:18.862Z daemon INFO time="2026-01-28T17:49:18Z" level=info msg="Resolving include LedControl.h for arch esp32"
time="2026-01-28T17:49:18Z" level=info msg="  found better lib" lib=LedControl prio=6A7
2026-01-28 17:49:19 2026-01-28T17:49:19.803Z daemon INFO time="2026-01-28T17:49:19Z" level=info msg="Adding libraries dir" dir=/home/shrek/.arduino15/libraries isSingleLibrary=false location=ide
time="2026-01-28T17:49:19Z" level=info msg="Adding libraries dir" dir=/home/shrek/.arduino15/packages/esp32/hardware/esp32/3.3.6/libraries isSingleLibrary=false location=platform
2026-01-28 17:49:19 2026-01-28T17:49:19.803Z daemon INFO time="2026-01-28T17:49:19Z" level=info msg="Adding libraries dir" dir=/home/shrek/Arduino/libraries isSingleLibrary=false location=user
2026-01-28 17:49:19 2026-01-28T17:49:19.985Z root INFO >>> Starting library package uninstallation... {
  name: 'LedControl',
  exampleUris: [],
  location: 0,
  installedVersion: '1.0.6',
  author: 'Eberhard Fahle <e.fahle@wayoda.org>',
  availableVersions: [ '1.0.6' ],
  includes: [],
  description: 'The library supports multiple daisychained drivers and supports Led-Matrix displays as well as 7-Segment displays.',
  moreInfoLink: 'http://wayoda.github.io/LedControl/',
  summary: 'A library for the MAX7219 and the MAX7221 Led display drivers.',
  category: 'Display',
  types: [ 'Contributed' ],
  index: 2
}
2026-01-28 17:49:19 2026-01-28T17:49:19.985Z discovery-log INFO stop
2026-01-28 17:49:19 2026-01-28T17:49:19.985Z discovery-log INFO >>> Stopping boards watcher...
2026-01-28 17:49:19 2026-01-28T17:49:19.985Z discovery-log INFO Canceling boards watcher...
2026-01-28 17:49:19 2026-01-28T17:49:19.985Z discovery-log INFO disposing requesting cancel
2026-01-28 17:49:19 2026-01-28T17:49:19.985Z discovery-log INFO disposing canceled
2026-01-28 17:49:19 2026-01-28T17:49:19.985Z discovery-log INFO error received
2026-01-28 17:49:19 2026-01-28T17:49:19.985Z discovery-log INFO cancel error received!
2026-01-28 17:49:19 2026-01-28T17:49:19.985Z discovery-log INFO stop received event: either end or cancel
2026-01-28 17:49:19 2026-01-28T17:49:19.985Z discovery-log INFO stop stopped
2026-01-28 17:49:19 2026-01-28T17:49:19.985Z discovery-log INFO received end
2026-01-28 17:49:19 2026-01-28T17:49:19.986Z discovery-log INFO start
2026-01-28 17:49:19 2026-01-28T17:49:19.986Z discovery-log INFO start new deferred
2026-01-28 17:49:19 2026-01-28T17:49:19.986Z root INFO <<< Library package uninstallation done. {
  name: 'LedControl',
  exampleUris: [],
  location: 0,
  installedVersion: '1.0.6',
  author: 'Eberhard Fahle <e.fahle@wayoda.org>',
  availableVersions: [ '1.0.6' ],
  includes: [],
  description: 'The library supports multiple daisychained drivers and supports Led-Matrix displays as well as 7-Segment displays.',
  moreInfoLink: 'http://wayoda.github.io/LedControl/',
  summary: 'A library for the MAX7219 and the MAX7221 Led display drivers.',
  category: 'Display',
  types: [ 'Contributed' ],
  index: 2
}
2026-01-28 17:49:19 2026-01-28T17:49:19.986Z discovery-log INFO start resolved watching
2026-01-28 17:49:19 2026-01-28T17:49:19.987Z discovery-log INFO {"eventType":"add","port":{"matchingBoardsList":[{"name":"ESP32 Family Device","fqbn":"esp32:esp32:esp32_family","isHidden":true}],"port":{"address":"/dev/ttyACM0","label":"/dev/ttyACM0","protocol":"serial","protocolLabel":"Serial Port (USB)","propertiesMap":[["pid","0x1001"],["serialNumber","90:E5:B1:D7:D6:84"],["vid","0x303a"]],"hardwareId":"90:E5:B1:D7:D6:84"}},"error":""}
2026-01-28 17:49:19 2026-01-28T17:49:19.987Z discovery-log INFO {"eventType":"add","port":{"matchingBoardsList":[],"port":{"address":"/dev/ttyS0","label":"/dev/ttyS0","protocol":"serial","protocolLabel":"Serial Port","propertiesMap":[],"hardwareId":""}},"error":""}
2026-01-28 17:49:20 2026-01-28T17:49:20.093Z root INFO ---- DURATION: search took 71.866 ms. Args: [{"query":"ledcont","type":"All","topic":"All"}] ----
2026-01-28 17:49:20 2026-01-28T17:49:20.099Z root INFO Starting language server: esp32:esp32:esp32s3:UploadSpeed=115200,USBMode=hwcdc,CDCOnBoot=cdc,MSCOnBoot=default,DFUOnBoot=default,UploadMode=default,CPUFreq=240,FlashMode=qio,FlashSize=32M,PartitionScheme=default,DebugLevel=none,PSRAM=disabled,LoopCore=1,EventsCore=1,EraseFlash=none,JTAGAdapter=default,ZigbeeMode=default
2026-01-28 17:49:20 2026-01-28T17:49:20.526Z daemon INFO time="2026-01-28T17:49:20Z" level=info msg="Adding libraries dir" dir=/home/shrek/.arduino15/libraries isSingleLibrary=false location=ide
2026-01-28 17:49:20 2026-01-28T17:49:20.526Z daemon INFO time="2026-01-28T17:49:20Z" level=info msg="Adding libraries dir" dir=/home/shrek/.arduino15/packages/esp32/hardware/esp32/3.3.6/libraries isSingleLibrary=false location=platform
time="2026-01-28T17:49:20Z" level=info msg="Adding libraries dir" dir=/home/shrek/Arduino/libraries isSingleLibrary=false location=user
2026-01-28 17:49:20 2026-01-28T17:49:20.594Z root INFO ---- DURATION: search took 56.964 ms. Args: [{"query":"ledcont","type":"All","topic":"All"}] ----
2026-01-28 17:49:21 2026-01-28T17:49:21.544Z daemon INFO time="2026-01-28T17:49:21Z" level=info msg="Adding libraries dir" dir=/home/shrek/.arduino15/libraries isSingleLibrary=false location=ide
time="2026-01-28T17:49:21Z" level=info msg="Adding libraries dir" dir=/home/shrek/.arduino15/packages/esp32/hardware/esp32/3.3.6/libraries isSingleLibrary=false location=platform
2026-01-28 17:49:21 2026-01-28T17:49:21.544Z daemon INFO time="2026-01-28T17:49:21Z" level=info msg="Adding libraries dir" dir=/home/shrek/Arduino/libraries isSingleLibrary=false location=user
2026-01-28 17:49:21 2026-01-28T17:49:21.726Z root INFO >>> Starting library package uninstallation... {
  name: 'LedController',
  exampleUris: [],
  location: 0,
  installedVersion: '2.0.2',
  author: 'Noa Sakurajin <noasakurajin@web.de>',
  availableVersions: [
    '2.0.2',     '2.0.1',     '2.0.0-rc4',
    '2.0.0-rc3', '2.0.0-rc2', '2.0.0-rc1',
    '1.7.2',     '1.7.1',     '1.7.0',
    '1.6.1',     '1.6.0',     '1.5.0',
    '1.4.2',     '1.4.1',     '1.4.0',
    '1.3.3',     '1.3.2',     '1.3.1',
    '1.2.2',     '1.2.1',     '1.2.0',
    '1.1.0'
  ],
  includes: [ 'LedController.hpp' ],
  description: '"!!Version 2.0.0 comes with a lot of changes plese check the readme on more information!! It can do everything LedControl can, works with more boards (like esp32) and makes working with LedMatricies easier. You can more your displayed data around, set whole segments and have way more symbols for 7-segment displays. If you still miss a feature just create a pull request and I will do my best to add it ASAP."',
  moreInfoLink: 'https://github.com/noah1510/LedController',
  summary: 'The better LedControl library for the MAX7219 and the MAX7221 Led display drivers.',
  category: 'Display',
  types: [ 'Contributed' ],
  index: 3
}
2026-01-28 17:49:21 2026-01-28T17:49:21.726Z discovery-log INFO stop
2026-01-28 17:49:21 2026-01-28T17:49:21.726Z discovery-log INFO >>> Stopping boards watcher...
2026-01-28 17:49:21 2026-01-28T17:49:21.726Z discovery-log INFO Canceling boards watcher...
2026-01-28 17:49:21 2026-01-28T17:49:21.726Z discovery-log INFO disposing requesting cancel
2026-01-28 17:49:21 2026-01-28T17:49:21.726Z discovery-log INFO disposing canceled
2026-01-28 17:49:21 2026-01-28T17:49:21.727Z discovery-log INFO error received
2026-01-28 17:49:21 2026-01-28T17:49:21.727Z discovery-log INFO cancel error received!
2026-01-28 17:49:21 2026-01-28T17:49:21.727Z discovery-log INFO stop received event: either end or cancel
2026-01-28 17:49:21 2026-01-28T17:49:21.727Z discovery-log INFO stop stopped
2026-01-28 17:49:21 2026-01-28T17:49:21.727Z discovery-log INFO received end
2026-01-28 17:49:21 2026-01-28T17:49:21.732Z discovery-log INFO start
2026-01-28 17:49:21 2026-01-28T17:49:21.732Z discovery-log INFO start new deferred
2026-01-28 17:49:21 2026-01-28T17:49:21.732Z root INFO <<< Library package uninstallation done. {
  name: 'LedController',
  exampleUris: [],
  location: 0,
  installedVersion: '2.0.2',
  author: 'Noa Sakurajin <noasakurajin@web.de>',
  availableVersions: [
    '2.0.2',     '2.0.1',     '2.0.0-rc4',
    '2.0.0-rc3', '2.0.0-rc2', '2.0.0-rc1',
    '1.7.2',     '1.7.1',     '1.7.0',
    '1.6.1',     '1.6.0',     '1.5.0',
    '1.4.2',     '1.4.1',     '1.4.0',
    '1.3.3',     '1.3.2',     '1.3.1',
    '1.2.2',     '1.2.1',     '1.2.0',
    '1.1.0'
  ],
  includes: [ 'LedController.hpp' ],
  description: '"!!Version 2.0.0 comes with a lot of changes plese check the readme on more information!! It can do everything LedControl can, works with more boards (like esp32) and makes working with LedMatricies easier. You can more your displayed data around, set whole segments and have way more symbols for 7-segment displays. If you still miss a feature just create a pull request and I will do my best to add it ASAP."',
  moreInfoLink: 'https://github.com/noah1510/LedController',
  summary: 'The better LedControl library for the MAX7219 and the MAX7221 Led display drivers.',
  category: 'Display',
  types: [ 'Contributed' ],
  index: 3
}
2026-01-28 17:49:21 2026-01-28T17:49:21.732Z discovery-log INFO start resolved watching
2026-01-28 17:49:21 2026-01-28T17:49:21.732Z discovery-log INFO {"eventType":"add","port":{"matchingBoardsList":[{"name":"ESP32 Family Device","fqbn":"esp32:esp32:esp32_family","isHidden":true}],"port":{"address":"/dev/ttyACM0","label":"/dev/ttyACM0","protocol":"serial","protocolLabel":"Serial Port (USB)","propertiesMap":[["pid","0x1001"],["serialNumber","90:E5:B1:D7:D6:84"],["vid","0x303a"]],"hardwareId":"90:E5:B1:D7:D6:84"}},"error":""}
2026-01-28 17:49:21 2026-01-28T17:49:21.732Z discovery-log INFO {"eventType":"add","port":{"matchingBoardsList":[],"port":{"address":"/dev/ttyS0","label":"/dev/ttyS0","protocol":"serial","protocolLabel":"Serial Port","propertiesMap":[],"hardwareId":""}},"error":""}
2026-01-28 17:49:21 2026-01-28T17:49:21.834Z root INFO ---- DURATION: search took 63.977 ms. Args: [{"query":"ledcont","type":"All","topic":"All"}] ----
2026-01-28 17:49:21 2026-01-28T17:49:21.838Z root INFO Starting language server: esp32:esp32:esp32s3:UploadSpeed=115200,USBMode=hwcdc,CDCOnBoot=cdc,MSCOnBoot=default,DFUOnBoot=default,UploadMode=default,CPUFreq=240,FlashMode=qio,FlashSize=32M,PartitionScheme=default,DebugLevel=none,PSRAM=disabled,LoopCore=1,EventsCore=1,EraseFlash=none,JTAGAdapter=default,ZigbeeMode=default
2026-01-28 17:49:22 2026-01-28T17:49:22.271Z daemon INFO time="2026-01-28T17:49:22Z" level=info msg="Adding libraries dir" dir=/home/shrek/.arduino15/libraries isSingleLibrary=false location=ide
time="2026-01-28T17:49:22Z" level=info msg="Adding libraries dir" dir=/home/shrek/.arduino15/packages/esp32/hardware/esp32/3.3.6/libraries isSingleLibrary=false location=platform
2026-01-28 17:49:22 2026-01-28T17:49:22.271Z daemon INFO time="2026-01-28T17:49:22Z" level=info msg="Adding libraries dir" dir=/home/shrek/Arduino/libraries isSingleLibrary=false location=user
2026-01-28 17:49:22 2026-01-28T17:49:22.329Z root INFO ---- DURATION: search took 57.050 ms. Args: [{"query":"ledcont","type":"All","topic":"All"}] ----
2026-01-28 17:49:23 2026-01-28T17:49:23.304Z daemon INFO time="2026-01-28T17:49:23Z" level=info msg="Adding libraries dir" dir=/home/shrek/.arduino15/libraries isSingleLibrary=false location=ide
time="2026-01-28T17:49:23Z" level=info msg="Adding libraries dir" dir=/home/shrek/.arduino15/packages/esp32/hardware/esp32/3.3.6/libraries isSingleLibrary=false location=platform
2026-01-28 17:49:23 2026-01-28T17:49:23.304Z daemon INFO time="2026-01-28T17:49:23Z" level=info msg="Adding libraries dir" dir=/home/shrek/Arduino/libraries isSingleLibrary=false location=user
2026-01-28 17:49:24 2026-01-28T17:49:24.141Z root INFO >>> Starting library package uninstallation... {
  name: 'MaxLedControl',
  exampleUris: [],
  location: 0,
  installedVersion: '1.1.0',
  author: 'Michael Nixon',
  availableVersions: [ '1.1.0', '1.0.3', '1.0.2', '1.0.1', '1.0.0' ],
  includes: [],
  description: 'Supports multiple daisychained drivers and supports Led-Matrix displays as well as 7-Segment displays. Works out-of-the-box with Adafruit GFX.',
  moreInfoLink: 'https://github.com/michaelnixonau/MaxLedControl',
  summary: 'A library for the MAX7219 and the MAX7221 Led display drivers.',
  category: 'Display',
  types: [ 'Contributed' ],
  index: 4
}
2026-01-28 17:49:24 2026-01-28T17:49:24.142Z discovery-log INFO stop
2026-01-28 17:49:24 2026-01-28T17:49:24.142Z discovery-log INFO >>> Stopping boards watcher...
2026-01-28 17:49:24 2026-01-28T17:49:24.142Z discovery-log INFO Canceling boards watcher...
2026-01-28 17:49:24 2026-01-28T17:49:24.142Z discovery-log INFO disposing requesting cancel
2026-01-28 17:49:24 2026-01-28T17:49:24.142Z discovery-log INFO disposing canceled
2026-01-28 17:49:24 2026-01-28T17:49:24.142Z discovery-log INFO error received
2026-01-28 17:49:24 2026-01-28T17:49:24.142Z discovery-log INFO cancel error received!
2026-01-28 17:49:24 2026-01-28T17:49:24.142Z discovery-log INFO stop received event: either end or cancel
2026-01-28 17:49:24 2026-01-28T17:49:24.142Z discovery-log INFO stop stopped
2026-01-28 17:49:24 2026-01-28T17:49:24.142Z discovery-log INFO received end
2026-01-28 17:49:24 2026-01-28T17:49:24.143Z discovery-log INFO start
2026-01-28 17:49:24 2026-01-28T17:49:24.143Z discovery-log INFO start new deferred
2026-01-28 17:49:24 2026-01-28T17:49:24.143Z root INFO <<< Library package uninstallation done. {
  name: 'MaxLedControl',
  exampleUris: [],
  location: 0,
  installedVersion: '1.1.0',
  author: 'Michael Nixon',
  availableVersions: [ '1.1.0', '1.0.3', '1.0.2', '1.0.1', '1.0.0' ],
  includes: [],
  description: 'Supports multiple daisychained drivers and supports Led-Matrix displays as well as 7-Segment displays. Works out-of-the-box with Adafruit GFX.',
  moreInfoLink: 'https://github.com/michaelnixonau/MaxLedControl',
  summary: 'A library for the MAX7219 and the MAX7221 Led display drivers.',
  category: 'Display',
  types: [ 'Contributed' ],
  index: 4
}
2026-01-28 17:49:24 2026-01-28T17:49:24.143Z discovery-log INFO start resolved watching
2026-01-28 17:49:24 2026-01-28T17:49:24.144Z discovery-log INFO {"eventType":"add","port":{"matchingBoardsList":[{"name":"ESP32 Family Device","fqbn":"esp32:esp32:esp32_family","isHidden":true}],"port":{"address":"/dev/ttyACM0","label":"/dev/ttyACM0","protocol":"serial","protocolLabel":"Serial Port (USB)","propertiesMap":[["pid","0x1001"],["serialNumber","90:E5:B1:D7:D6:84"],["vid","0x303a"]],"hardwareId":"90:E5:B1:D7:D6:84"}},"error":""}
2026-01-28 17:49:24 2026-01-28T17:49:24.144Z discovery-log INFO {"eventType":"add","port":{"matchingBoardsList":[],"port":{"address":"/dev/ttyS0","label":"/dev/ttyS0","protocol":"serial","protocolLabel":"Serial Port","propertiesMap":[],"hardwareId":""}},"error":""}
2026-01-28 17:49:24 2026-01-28T17:49:24.247Z root INFO ---- DURATION: search took 68.314 ms. Args: [{"query":"ledcont","type":"All","topic":"All"}] ----
2026-01-28 17:49:24 2026-01-28T17:49:24.263Z root INFO Starting language server: esp32:esp32:esp32s3:UploadSpeed=115200,USBMode=hwcdc,CDCOnBoot=cdc,MSCOnBoot=default,DFUOnBoot=default,UploadMode=default,CPUFreq=240,FlashMode=qio,FlashSize=32M,PartitionScheme=default,DebugLevel=none,PSRAM=disabled,LoopCore=1,EventsCore=1,EraseFlash=none,JTAGAdapter=default,ZigbeeMode=default
2026-01-28 17:49:24 2026-01-28T17:49:24.278Z daemon INFO time="2026-01-28T17:49:24Z" level=info msg="Adding libraries dir" dir=/home/shrek/.arduino15/libraries isSingleLibrary=false location=ide
2026-01-28 17:49:24 2026-01-28T17:49:24.278Z daemon INFO time="2026-01-28T17:49:24Z" level=info msg="Adding libraries dir" dir=/home/shrek/.arduino15/packages/esp32/hardware/esp32/3.3.6/libraries isSingleLibrary=false location=platform
time="2026-01-28T17:49:24Z" level=info msg="Adding libraries dir" dir=/home/shrek/Arduino/libraries isSingleLibrary=false location=user
2026-01-28 17:49:24 2026-01-28T17:49:24.747Z root INFO ---- DURATION: search took 58.119 ms. Args: [{"query":"ledcont","type":"All","topic":"All"}] ----
2026-01-28 17:49:25 2026-01-28T17:49:25.360Z daemon INFO time="2026-01-28T17:49:25Z" level=info msg="Adding libraries dir" dir=/home/shrek/.arduino15/libraries isSingleLibrary=false location=ide
time="2026-01-28T17:49:25Z" level=info msg="Adding libraries dir" dir=/home/shrek/.arduino15/packages/esp32/hardware/esp32/3.3.6/libraries isSingleLibrary=false location=platform
2026-01-28 17:49:25 2026-01-28T17:49:25.360Z daemon INFO time="2026-01-28T17:49:25Z" level=info msg="Adding libraries dir" dir=/home/shrek/Arduino/libraries isSingleLibrary=false location=user
2026-01-28 17:52:24 2026-01-28T17:52:24.925Z root INFO >>> Starting library package installation... {
  name: 'LedControl',
  exampleUris: [],
  location: 0,
  installedVersion: undefined,
  author: 'Eberhard Fahle <e.fahle@wayoda.org>',
  availableVersions: [ '1.0.6' ],
  includes: [],
  description: 'The library supports multiple daisychained drivers and supports Led-Matrix displays as well as 7-Segment displays.',
  moreInfoLink: 'http://wayoda.github.io/LedControl/',
  summary: 'A library for the MAX7219 and the MAX7221 Led display drivers.',
  category: 'Display',
  types: [ 'Contributed' ],
  index: 2
}
2026-01-28 17:52:24 2026-01-28T17:52:24.925Z discovery-log INFO stop
2026-01-28 17:52:24 2026-01-28T17:52:24.925Z discovery-log INFO >>> Stopping boards watcher...
2026-01-28 17:52:24 2026-01-28T17:52:24.925Z discovery-log INFO Canceling boards watcher...
2026-01-28 17:52:24 2026-01-28T17:52:24.925Z discovery-log INFO disposing requesting cancel
2026-01-28 17:52:24 2026-01-28T17:52:24.925Z discovery-log INFO disposing canceled
2026-01-28 17:52:24 2026-01-28T17:52:24.925Z discovery-log INFO error received
2026-01-28 17:52:24 2026-01-28T17:52:24.925Z discovery-log INFO cancel error received!
2026-01-28 17:52:24 2026-01-28T17:52:24.925Z discovery-log INFO stop received event: either end or cancel
2026-01-28 17:52:24 2026-01-28T17:52:24.925Z discovery-log INFO stop stopped
2026-01-28 17:52:24 2026-01-28T17:52:24.925Z discovery-log INFO received end
2026-01-28 17:52:24 2026-01-28T17:52:24.948Z daemon INFO time="2026-01-28T17:52:24Z" level=info msg="Installing library" library=LedControl@1.0.6
2026-01-28 17:52:24 2026-01-28T17:52:24.959Z daemon INFO time="2026-01-28T17:52:24Z" level=info msg="Checking signature" index=/home/shrek/.arduino15/package_index.json signatureFile=/home/shrek/.arduino15/package_index.json.sig trusted=true
2026-01-28 17:52:24 2026-01-28T17:52:24.960Z daemon INFO time="2026-01-28T17:52:24Z" level=info msg="Missing signature file" index=/home/shrek/.arduino15/package_esp32_index.json
2026-01-28 17:52:24 2026-01-28T17:52:24.960Z daemon INFO time="2026-01-28T17:52:24Z" level=info msg="Loading hardware from: /home/shrek/.arduino15/packages"
2026-01-28 17:52:24 2026-01-28T17:52:24.960Z daemon INFO time="2026-01-28T17:52:24Z" level=info msg="Loading package arduino from: /home/shrek/.arduino15/packages/arduino/hardware"
2026-01-28 17:52:24 2026-01-28T17:52:24.961Z daemon INFO time="2026-01-28T17:52:24Z" level=info msg="Missing signature file" index=/home/shrek/.arduino15/packages/arduino/hardware/avr/1.8.7/installed.json
2026-01-28 17:52:24 2026-01-28T17:52:24.962Z daemon INFO time="2026-01-28T17:52:24Z" level=info msg="Adding monitor tool" protocol=serial tool="builtin:serial-monitor"
time="2026-01-28T17:52:24Z" level=info msg="Loaded platform" platform="arduino:avr@1.8.7"
time="2026-01-28T17:52:24Z" level=info msg="Checking existence of 'tools' path: /home/shrek/.arduino15/packages/arduino/tools"
2026-01-28 17:52:24 2026-01-28T17:52:24.962Z daemon INFO time="2026-01-28T17:52:24Z" level=info msg="Loading tools from dir: /home/shrek/.arduino15/packages/arduino/tools"
2026-01-28 17:52:24 2026-01-28T17:52:24.962Z daemon INFO time="2026-01-28T17:52:24Z" level=info msg="Loaded tool" tool="arduino:arduinoOTA@1.3.0"
2026-01-28 17:52:24 2026-01-28T17:52:24.962Z daemon INFO time="2026-01-28T17:52:24Z" level=info msg="Loaded tool" tool="arduino:avr-gcc@7.3.0-atmel3.6.1-arduino7"
2026-01-28 17:52:24 2026-01-28T17:52:24.962Z daemon INFO time="2026-01-28T17:52:24Z" level=info msg="Loaded tool" tool="arduino:avrdude@8.0.0-arduino1"
2026-01-28 17:52:24 2026-01-28T17:52:24.962Z daemon INFO time="2026-01-28T17:52:24Z" level=info msg="Loaded tool" tool="arduino:dfu-util@0.11.0-arduino5"
2026-01-28 17:52:24 2026-01-28T17:52:24.962Z daemon INFO time="2026-01-28T17:52:24Z" level=info msg="Loading package builtin from: /home/shrek/.arduino15/packages/builtin"
2026-01-28 17:52:24 2026-01-28T17:52:24.962Z daemon INFO time="2026-01-28T17:52:24Z" level=info msg="Checking existence of 'tools' path: /home/shrek/.arduino15/packages/builtin/tools"
time="2026-01-28T17:52:24Z" level=info msg="Loading tools from dir: /home/shrek/.arduino15/packages/builtin/tools"
2026-01-28 17:52:24 2026-01-28T17:52:24.962Z daemon INFO time="2026-01-28T17:52:24Z" level=info msg="Loaded tool" tool="builtin:ctags@5.8-arduino11"
2026-01-28 17:52:24 2026-01-28T17:52:24.962Z daemon INFO time="2026-01-28T17:52:24Z" level=info msg="Loaded tool" tool="builtin:dfu-discovery@0.1.2"
2026-01-28 17:52:24 2026-01-28T17:52:24.962Z daemon INFO time="2026-01-28T17:52:24Z" level=info msg="Loaded tool" tool="builtin:mdns-discovery@1.0.12"
2026-01-28 17:52:24 2026-01-28T17:52:24.962Z daemon INFO time="2026-01-28T17:52:24Z" level=info msg="Loaded tool" tool="builtin:serial-discovery@1.4.3"
2026-01-28 17:52:24 2026-01-28T17:52:24.962Z daemon INFO time="2026-01-28T17:52:24Z" level=info msg="Loaded tool" tool="builtin:serial-monitor@0.15.0"
2026-01-28 17:52:24 2026-01-28T17:52:24.962Z daemon INFO time="2026-01-28T17:52:24Z" level=info msg="Loading package esp32 from: /home/shrek/.arduino15/packages/esp32/hardware"
2026-01-28 17:52:24 2026-01-28T17:52:24.963Z daemon INFO time="2026-01-28T17:52:24Z" level=info msg="Missing signature file" index=/home/shrek/.arduino15/packages/esp32/hardware/esp32/3.3.6/installed.json
2026-01-28 17:52:25 2026-01-28T17:52:25.044Z daemon INFO time="2026-01-28T17:52:25Z" level=info msg="Adding monitor tool" protocol=serial tool="builtin:serial-monitor"
time="2026-01-28T17:52:25Z" level=info msg="Loaded platform" platform="esp32:esp32@3.3.6"
time="2026-01-28T17:52:25Z" level=info msg="Checking existence of 'tools' path: /home/shrek/.arduino15/packages/esp32/tools"
time="2026-01-28T17:52:25Z" level=info msg="Loading tools from dir: /home/shrek/.arduino15/packages/esp32/tools"
time="2026-01-28T17:52:25Z" level=info msg="Loaded tool" tool="esp32:esp-rv32@2511"
time="2026-01-28T17:52:25Z" level=info msg="Loaded tool" tool="esp32:esp-x32@2511"
time="2026-01-28T17:52:25Z" level=info msg="Loaded tool" tool="esp32:esp32-libs@3.3.6"
time="2026-01-28T17:52:25Z" level=info msg="Loaded tool" tool="esp32:esp32c3-libs@3.3.6"
time="2026-01-28T17:52:25Z" level=info msg="Loaded tool" tool="esp32:esp32c5-libs@3.3.6"
time="2026-01-28T17:52:25Z" level=info msg="Loaded tool" tool="esp32:esp32c6-libs@3.3.6"
time="2026-01-28T17:52:25Z" level=info msg="Loaded tool" tool="esp32:esp32h2-libs@3.3.6"
time="2026-01-28T17:52:25Z" level=info msg="Loaded tool" tool="esp32:esp32p4-libs@3.3.6"
time="2026-01-28T17:52:25Z" level=info msg="Loaded tool" tool="esp32:esp32p4_es-libs@3.3.6"
time="2026-01-28T17:52:25Z" level=info msg="Loaded tool" tool="esp32:esp32s2-libs@3.3.6"
time="2026-01-28T17:52:25Z" level=info msg="Loaded tool" tool="esp32:esp32s3-libs@3.3.6"
time="2026-01-28T17:52:25Z" level=info msg="Loaded tool" tool="esp32:esptool_py@5.1.0"
time="2026-01-28T17:52:25Z" level=info msg="Loaded tool" tool="esp32:mklittlefs@4.0.2-db0513a"
time="2026-01-28T17:52:25Z" level=info msg="Loaded tool" tool="esp32:mkspiffs@0.2.3"
time="2026-01-28T17:52:25Z" level=info msg="Loaded tool" tool="esp32:openocd-esp32@v0.12.0-esp32-20251215"
time="2026-01-28T17:52:25Z" level=info msg="Loaded tool" tool="esp32:riscv32-esp-elf-gdb@16.3_20250913"
time="2026-01-28T17:52:25Z" level=info msg="Loaded tool" tool="esp32:xtensa-esp-elf-gdb@16.3_20250913"
2026-01-28 17:52:25 2026-01-28T17:52:25.045Z daemon INFO time="2026-01-28T17:52:25Z" level=info msg="Discovery event channel closed builtin:mdns-discovery. Exiting goroutine."
2026-01-28 17:52:25 2026-01-28T17:52:25.045Z daemon INFO time="2026-01-28T17:52:25Z" level=info msg="Closed and removed discovery builtin:mdns-discovery"
2026-01-28 17:52:25 2026-01-28T17:52:25.045Z daemon INFO time="2026-01-28T17:52:25Z" level=error msg="Stopped decode loop: EOF" discovery="builtin:mdns-discovery"
2026-01-28 17:52:25 2026-01-28T17:52:25.045Z daemon INFO time="2026-01-28T17:52:25Z" level=info msg="Discovery event channel closed builtin:serial-discovery. Exiting goroutine."
2026-01-28 17:52:25 2026-01-28T17:52:25.045Z daemon INFO time="2026-01-28T17:52:25Z" level=info msg="Closed and removed discovery builtin:serial-discovery"
2026-01-28 17:52:25 2026-01-28T17:52:25.045Z daemon INFO time="2026-01-28T17:52:25Z" level=error msg="Stopped decode loop: EOF" discovery="builtin:serial-discovery"
2026-01-28 17:52:25 2026-01-28T17:52:25.048Z daemon INFO time="2026-01-28T17:52:25Z" level=info msg="Adding libraries dir" dir=/home/shrek/.arduino15/packages/esp32/hardware/esp32/3.3.6/libraries isSingleLibrary=false location=platform
2026-01-28 17:52:25 2026-01-28T17:52:25.048Z daemon INFO time="2026-01-28T17:52:25Z" level=info msg="Adding libraries dir" dir=/home/shrek/.arduino15/packages/arduino/hardware/avr/1.8.7/libraries isSingleLibrary=false location=platform
2026-01-28 17:52:25 2026-01-28T17:52:25.048Z daemon INFO time="2026-01-28T17:52:25Z" level=info msg="Loading libraries index file" index=/home/shrek/.arduino15/library_index.json
2026-01-28 17:52:25 2026-01-28T17:52:25.182Z daemon INFO time="2026-01-28T17:52:25Z" level=info msg="Adding libraries dir" dir=/home/shrek/.arduino15/libraries isSingleLibrary=false location=ide
2026-01-28 17:52:25 2026-01-28T17:52:25.182Z daemon INFO time="2026-01-28T17:52:25Z" level=info msg="Adding libraries dir" dir=/home/shrek/Arduino/libraries isSingleLibrary=false location=user
2026-01-28 17:52:25 2026-01-28T17:52:25.206Z discovery-log INFO start
2026-01-28 17:52:25 2026-01-28T17:52:25.206Z discovery-log INFO start new deferred
2026-01-28 17:52:25 2026-01-28T17:52:25.206Z discovery-log INFO start resolved watching
2026-01-28 17:52:25 2026-01-28T17:52:25.208Z discovery-log INFO {"eventType":"add","port":{"matchingBoardsList":[{"name":"ESP32 Family Device","fqbn":"esp32:esp32:esp32_family","isHidden":true}],"port":{"address":"/dev/ttyACM0","label":"/dev/ttyACM0","protocol":"serial","protocolLabel":"Serial Port (USB)","propertiesMap":[["pid","0x1001"],["serialNumber","90:E5:B1:D7:D6:84"],["vid","0x303a"]],"hardwareId":"90:E5:B1:D7:D6:84"}},"error":""}
2026-01-28 17:52:25 2026-01-28T17:52:25.208Z discovery-log INFO {"eventType":"add","port":{"matchingBoardsList":[],"port":{"address":"/dev/ttyS0","label":"/dev/ttyS0","protocol":"serial","protocolLabel":"Serial Port","propertiesMap":[],"hardwareId":""}},"error":""}
2026-01-28 17:52:25 2026-01-28T17:52:25.450Z root ERROR ---- !!!SLOW!!! DURATION: search took 243.145 ms. Args: [{}] ----
2026-01-28 17:52:25 2026-01-28T17:52:25.450Z root INFO <<< Library package installation done. {
  name: 'LedControl',
  exampleUris: [],
  location: 0,
  installedVersion: undefined,
  author: 'Eberhard Fahle <e.fahle@wayoda.org>',
  availableVersions: [ '1.0.6' ],
  includes: [],
  description: 'The library supports multiple daisychained drivers and supports Led-Matrix displays as well as 7-Segment displays.',
  moreInfoLink: 'http://wayoda.github.io/LedControl/',
  summary: 'A library for the MAX7219 and the MAX7221 Led display drivers.',
  category: 'Display',
  types: [ 'Contributed' ],
  index: 2
}
2026-01-28 17:52:25 2026-01-28T17:52:25.549Z root INFO Starting language server: esp32:esp32:esp32s3:UploadSpeed=115200,USBMode=hwcdc,CDCOnBoot=cdc,MSCOnBoot=default,DFUOnBoot=default,UploadMode=default,CPUFreq=240,FlashMode=qio,FlashSize=32M,PartitionScheme=default,DebugLevel=none,PSRAM=disabled,LoopCore=1,EventsCore=1,EraseFlash=none,JTAGAdapter=default,ZigbeeMode=default
2026-01-28 17:52:25 2026-01-28T17:52:25.554Z root INFO ---- DURATION: search took 66.479 ms. Args: [{"query":"ledcont","type":"All","topic":"All"}] ----
2026-01-28 17:52:25 2026-01-28T17:52:25.561Z daemon INFO time="2026-01-28T17:52:25Z" level=info msg="Adding libraries dir" dir=/home/shrek/.arduino15/libraries isSingleLibrary=false location=ide
2026-01-28 17:52:25 2026-01-28T17:52:25.561Z daemon INFO time="2026-01-28T17:52:25Z" level=info msg="Adding libraries dir" dir=/home/shrek/.arduino15/packages/esp32/hardware/esp32/3.3.6/libraries isSingleLibrary=false location=platform
time="2026-01-28T17:52:25Z" level=info msg="Adding libraries dir" dir=/home/shrek/Arduino/libraries isSingleLibrary=false location=user
2026-01-28 17:52:26 2026-01-28T17:52:26.048Z root INFO ---- DURATION: search took 61.885 ms. Args: [{"query":"ledcont","type":"All","topic":"All"}] ----
2026-01-28 17:52:26 2026-01-28T17:52:26.148Z daemon INFO time="2026-01-28T17:52:26Z" level=info msg="Resolving include LedControl.h for arch esp32"
time="2026-01-28T17:52:26Z" level=info msg="  found better lib" lib=LedControl prio=6A7
2026-01-28 17:52:27 2026-01-28T17:52:27.131Z daemon INFO time="2026-01-28T17:52:27Z" level=info msg="Adding libraries dir" dir=/home/shrek/.arduino15/libraries isSingleLibrary=false location=ide
time="2026-01-28T17:52:27Z" level=info msg="Adding libraries dir" dir=/home/shrek/.arduino15/packages/esp32/hardware/esp32/3.3.6/libraries isSingleLibrary=false location=platform
2026-01-28 17:52:27 2026-01-28T17:52:27.131Z daemon INFO time="2026-01-28T17:52:27Z" level=info msg="Adding libraries dir" dir=/home/shrek/Arduino/libraries isSingleLibrary=false location=user
2026-01-28 17:52:33 2026-01-28T17:52:33.884Z daemon INFO time="2026-01-28T17:52:33Z" level=info msg="Adding libraries dir" dir=/home/shrek/.arduino15/libraries isSingleLibrary=false location=ide
time="2026-01-28T17:52:33Z" level=info msg="Adding libraries dir" dir=/home/shrek/.arduino15/packages/esp32/hardware/esp32/3.3.6/libraries isSingleLibrary=false location=platform
2026-01-28 17:52:33 2026-01-28T17:52:33.885Z daemon INFO time="2026-01-28T17:52:33Z" level=info msg="Adding libraries dir" dir=/home/shrek/Arduino/libraries isSingleLibrary=false location=user
2026-01-28 17:52:34 2026-01-28T17:52:34.437Z daemon INFO time="2026-01-28T17:52:34Z" level=info msg="Resolving include LedControl.h for arch esp32"
time="2026-01-28T17:52:34Z" level=info msg="  found better lib" lib=LedControl prio=6A7
2026-01-28 17:52:35 2026-01-28T17:52:35.398Z daemon INFO time="2026-01-28T17:52:35Z" level=info msg="Adding libraries dir" dir=/home/shrek/.arduino15/libraries isSingleLibrary=false location=ide
time="2026-01-28T17:52:35Z" level=info msg="Adding libraries dir" dir=/home/shrek/.arduino15/packages/esp32/hardware/esp32/3.3.6/libraries isSingleLibrary=false location=platform
2026-01-28 17:52:35 2026-01-28T17:52:35.398Z daemon INFO time="2026-01-28T17:52:35Z" level=info msg="Adding libraries dir" dir=/home/shrek/Arduino/libraries isSingleLibrary=false location=user
2026-01-28 17:52:38 2026-01-28T17:52:38.025Z daemon INFO time="2026-01-28T17:52:38Z" level=info msg="Adding libraries dir" dir=/home/shrek/.arduino15/libraries isSingleLibrary=false location=ide
2026-01-28 17:52:38 2026-01-28T17:52:38.025Z daemon INFO time="2026-01-28T17:52:38Z" level=info msg="Adding libraries dir" dir=/home/shrek/.arduino15/packages/esp32/hardware/esp32/3.3.6/libraries isSingleLibrary=false location=platform
time="2026-01-28T17:52:38Z" level=info msg="Adding libraries dir" dir=/home/shrek/Arduino/libraries isSingleLibrary=false location=user
2026-01-28 17:52:38 2026-01-28T17:52:38.975Z daemon INFO time="2026-01-28T17:52:38Z" level=info msg="Adding libraries dir" dir=/home/shrek/.arduino15/libraries isSingleLibrary=false location=ide
time="2026-01-28T17:52:38Z" level=info msg="Adding libraries dir" dir=/home/shrek/.arduino15/packages/esp32/hardware/esp32/3.3.6/libraries isSingleLibrary=false location=platform
2026-01-28 17:52:38 2026-01-28T17:52:38.975Z daemon INFO time="2026-01-28T17:52:38Z" level=info msg="Adding libraries dir" dir=/home/shrek/Arduino/libraries isSingleLibrary=false location=user
2026-01-28 17:52:39 2026-01-28T17:52:39.580Z daemon INFO time="2026-01-28T17:52:39Z" level=info msg="Resolving include LedControl.h for arch esp32"
time="2026-01-28T17:52:39Z" level=info msg="  found better lib" lib=LedControl prio=6A7
2026-01-28 17:52:40 2026-01-28T17:52:40.013Z root WARN URI <file:///home/shrek/Arduino/libraries/LedControl/src/LedControl.h> is not contained in sketch: <{"name":"practice.py","uri":"file:///home/shrek/Arduino/practice.py","mainFileUri":"file:///home/shrek/Arduino/practice.py/practice.py.ino","otherSketchFileUris":[],"additionalFileUris":[],"rootFolderFileUris":[],"mtimeMs":1769363656220.1975}>
2026-01-28 17:53:18 2026-01-28T17:53:18.569Z root INFO >>> Starting library package uninstallation... {
  name: 'LedControl',
  exampleUris: [],
  location: 0,
  installedVersion: '1.0.6',
  author: 'Eberhard Fahle <e.fahle@wayoda.org>',
  availableVersions: [ '1.0.6' ],
  includes: [],
  description: 'The library supports multiple daisychained drivers and supports Led-Matrix displays as well as 7-Segment displays.',
  moreInfoLink: 'http://wayoda.github.io/LedControl/',
  summary: 'A library for the MAX7219 and the MAX7221 Led display drivers.',
  category: 'Display',
  types: [ 'Contributed' ],
  index: 2
}
2026-01-28 17:53:18 2026-01-28T17:53:18.569Z discovery-log INFO stop
2026-01-28 17:53:18 2026-01-28T17:53:18.569Z discovery-log INFO >>> Stopping boards watcher...
2026-01-28 17:53:18 2026-01-28T17:53:18.569Z discovery-log INFO Canceling boards watcher...
2026-01-28 17:53:18 2026-01-28T17:53:18.569Z discovery-log INFO disposing requesting cancel
2026-01-28 17:53:18 2026-01-28T17:53:18.569Z discovery-log INFO disposing canceled
2026-01-28 17:53:18 2026-01-28T17:53:18.569Z discovery-log INFO error received
2026-01-28 17:53:18 2026-01-28T17:53:18.569Z discovery-log INFO cancel error received!
2026-01-28 17:53:18 2026-01-28T17:53:18.569Z discovery-log INFO stop received event: either end or cancel
2026-01-28 17:53:18 2026-01-28T17:53:18.569Z discovery-log INFO stop stopped
2026-01-28 17:53:18 2026-01-28T17:53:18.569Z discovery-log INFO received end
2026-01-28 17:53:18 2026-01-28T17:53:18.571Z discovery-log INFO start
2026-01-28 17:53:18 2026-01-28T17:53:18.571Z discovery-log INFO start new deferred
2026-01-28 17:53:18 2026-01-28T17:53:18.571Z root INFO <<< Library package uninstallation done. {
  name: 'LedControl',
  exampleUris: [],
  location: 0,
  installedVersion: '1.0.6',
  author: 'Eberhard Fahle <e.fahle@wayoda.org>',
  availableVersions: [ '1.0.6' ],
  includes: [],
  description: 'The library supports multiple daisychained drivers and supports Led-Matrix displays as well as 7-Segment displays.',
  moreInfoLink: 'http://wayoda.github.io/LedControl/',
  summary: 'A library for the MAX7219 and the MAX7221 Led display drivers.',
  category: 'Display',
  types: [ 'Contributed' ],
  index: 2
}
2026-01-28 17:53:18 2026-01-28T17:53:18.571Z discovery-log INFO start resolved watching
2026-01-28 17:53:18 2026-01-28T17:53:18.571Z discovery-log INFO {"eventType":"add","port":{"matchingBoardsList":[{"name":"ESP32 Family Device","fqbn":"esp32:esp32:esp32_family","isHidden":true}],"port":{"address":"/dev/ttyACM0","label":"/dev/ttyACM0","protocol":"serial","protocolLabel":"Serial Port (USB)","propertiesMap":[["pid","0x1001"],["serialNumber","90:E5:B1:D7:D6:84"],["vid","0x303a"]],"hardwareId":"90:E5:B1:D7:D6:84"}},"error":""}
2026-01-28 17:53:18 2026-01-28T17:53:18.571Z discovery-log INFO {"eventType":"add","port":{"matchingBoardsList":[],"port":{"address":"/dev/ttyS0","label":"/dev/ttyS0","protocol":"serial","protocolLabel":"Serial Port","propertiesMap":[],"hardwareId":""}},"error":""}
2026-01-28 17:53:18 2026-01-28T17:53:18.678Z root INFO ---- DURATION: search took 67.422 ms. Args: [{"query":"ledcont","type":"All","topic":"All"}] ----
2026-01-28 17:53:18 2026-01-28T17:53:18.691Z root INFO Starting language server: esp32:esp32:esp32s3:UploadSpeed=115200,USBMode=hwcdc,CDCOnBoot=cdc,MSCOnBoot=default,DFUOnBoot=default,UploadMode=default,CPUFreq=240,FlashMode=qio,FlashSize=32M,PartitionScheme=default,DebugLevel=none,PSRAM=disabled,LoopCore=1,EventsCore=1,EraseFlash=none,JTAGAdapter=default,ZigbeeMode=default
2026-01-28 17:53:18 2026-01-28T17:53:18.706Z daemon INFO time="2026-01-28T17:53:18Z" level=info msg="Adding libraries dir" dir=/home/shrek/.arduino15/libraries isSingleLibrary=false location=ide
2026-01-28 17:53:18 2026-01-28T17:53:18.706Z daemon INFO time="2026-01-28T17:53:18Z" level=info msg="Adding libraries dir" dir=/home/shrek/.arduino15/packages/esp32/hardware/esp32/3.3.6/libraries isSingleLibrary=false location=platform
time="2026-01-28T17:53:18Z" level=info msg="Adding libraries dir" dir=/home/shrek/Arduino/libraries isSingleLibrary=false location=user
2026-01-28 17:53:19 2026-01-28T17:53:19.170Z root INFO ---- DURATION: search took 58.991 ms. Args: [{"query":"ledcont","type":"All","topic":"All"}] ----
2026-01-28 17:53:19 2026-01-28T17:53:19.780Z daemon INFO time="2026-01-28T17:53:19Z" level=info msg="Adding libraries dir" dir=/home/shrek/.arduino15/libraries isSingleLibrary=false location=ide
time="2026-01-28T17:53:19Z" level=info msg="Adding libraries dir" dir=/home/shrek/.arduino15/packages/esp32/hardware/esp32/3.3.6/libraries isSingleLibrary=false location=platform
2026-01-28 17:53:19 2026-01-28T17:53:19.780Z daemon INFO time="2026-01-28T17:53:19Z" level=info msg="Adding libraries dir" dir=/home/shrek/Arduino/libraries isSingleLibrary=false location=user
2026-01-28 17:53:21 2026-01-28T17:53:21.075Z root INFO ---- DURATION: search took 60.260 ms. Args: [{"query":"MD_MAX72XX","type":"All","topic":"All"}] ----
2026-01-28 17:53:23 2026-01-28T17:53:23.847Z root INFO >>> Starting library package installation... {
  name: 'MD_MAX72XX',
  exampleUris: [],
  location: 0,
  installedVersion: undefined,
  author: 'majicDesigns',
  availableVersions: [
    '3.5.1', '3.5.0', '3.4.2',
    '3.4.1', '3.4.0', '3.3.1',
    '3.3.0', '3.2.5', '3.2.4',
    '3.2.3', '3.2.2', '3.2.1',
    '3.2.0', '3.1.0', '3.0.2',
    '3.0.1', '3.0.0', '2.10.0',
    '2.6.0'
  ],
  includes: [ 'MD_MAX72xx.h', 'SPI.h' ],
  description: 'Allows the programmer to use the LED matrix as a pixel addressable display.',
  moreInfoLink: 'https://github.com/MajicDesigns/MD_MAX72XX',
  summary: 'Implements functions that allow the MAX72xx (eg, MAX7219) to be used for LED matrices (64 individual LEDs)',
  category: 'Device Control',
  types: [ 'Contributed' ],
  index: 0
}
2026-01-28 17:53:23 2026-01-28T17:53:23.847Z discovery-log INFO stop
2026-01-28 17:53:23 2026-01-28T17:53:23.847Z discovery-log INFO >>> Stopping boards watcher...
2026-01-28 17:53:23 2026-01-28T17:53:23.847Z discovery-log INFO Canceling boards watcher...
2026-01-28 17:53:23 2026-01-28T17:53:23.847Z discovery-log INFO disposing requesting cancel
2026-01-28 17:53:23 2026-01-28T17:53:23.847Z discovery-log INFO disposing canceled
2026-01-28 17:53:23 2026-01-28T17:53:23.847Z discovery-log INFO error received
2026-01-28 17:53:23 2026-01-28T17:53:23.847Z discovery-log INFO cancel error received!
2026-01-28 17:53:23 2026-01-28T17:53:23.847Z discovery-log INFO stop received event: either end or cancel
2026-01-28 17:53:23 2026-01-28T17:53:23.847Z discovery-log INFO stop stopped
2026-01-28 17:53:23 2026-01-28T17:53:23.847Z discovery-log INFO received end
2026-01-28 17:53:23 2026-01-28T17:53:23.870Z daemon INFO time="2026-01-28T17:53:23Z" level=info msg="Starting download" url="https://downloads.arduino.cc/libraries/github.com/MajicDesigns/MD_MAX72XX-3.5.1.zip?query=install"
2026-01-28 17:53:24 2026-01-28T17:53:24.181Z daemon INFO time="2026-01-28T17:53:24Z" level=info msg="Installing library" library=MD_MAX72XX@3.5.1
2026-01-28 17:53:24 2026-01-28T17:53:24.238Z daemon INFO time="2026-01-28T17:53:24Z" level=info msg="Checking signature" index=/home/shrek/.arduino15/package_index.json signatureFile=/home/shrek/.arduino15/package_index.json.sig trusted=true
2026-01-28 17:53:24 2026-01-28T17:53:24.240Z daemon INFO time="2026-01-28T17:53:24Z" level=info msg="Missing signature file" index=/home/shrek/.arduino15/package_esp32_index.json
2026-01-28 17:53:24 2026-01-28T17:53:24.240Z daemon INFO time="2026-01-28T17:53:24Z" level=info msg="Loading hardware from: /home/shrek/.arduino15/packages"
2026-01-28 17:53:24 2026-01-28T17:53:24.240Z daemon INFO time="2026-01-28T17:53:24Z" level=info msg="Loading package arduino from: /home/shrek/.arduino15/packages/arduino/hardware"
2026-01-28 17:53:24 2026-01-28T17:53:24.240Z daemon INFO time="2026-01-28T17:53:24Z" level=info msg="Missing signature file" index=/home/shrek/.arduino15/packages/arduino/hardware/avr/1.8.7/installed.json
2026-01-28 17:53:24 2026-01-28T17:53:24.241Z daemon INFO time="2026-01-28T17:53:24Z" level=info msg="Adding monitor tool" protocol=serial tool="builtin:serial-monitor"
time="2026-01-28T17:53:24Z" level=info msg="Loaded platform" platform="arduino:avr@1.8.7"
2026-01-28 17:53:24 2026-01-28T17:53:24.241Z daemon INFO time="2026-01-28T17:53:24Z" level=info msg="Checking existence of 'tools' path: /home/shrek/.arduino15/packages/arduino/tools"
time="2026-01-28T17:53:24Z" level=info msg="Loading tools from dir: /home/shrek/.arduino15/packages/arduino/tools"
2026-01-28 17:53:24 2026-01-28T17:53:24.241Z daemon INFO time="2026-01-28T17:53:24Z" level=info msg="Loaded tool" tool="arduino:arduinoOTA@1.3.0"
2026-01-28 17:53:24 2026-01-28T17:53:24.241Z daemon INFO time="2026-01-28T17:53:24Z" level=info msg="Loaded tool" tool="arduino:avr-gcc@7.3.0-atmel3.6.1-arduino7"
2026-01-28 17:53:24 2026-01-28T17:53:24.241Z daemon INFO time="2026-01-28T17:53:24Z" level=info msg="Loaded tool" tool="arduino:avrdude@8.0.0-arduino1"
2026-01-28 17:53:24 2026-01-28T17:53:24.241Z daemon INFO time="2026-01-28T17:53:24Z" level=info msg="Loaded tool" tool="arduino:dfu-util@0.11.0-arduino5"
2026-01-28 17:53:24 2026-01-28T17:53:24.241Z daemon INFO time="2026-01-28T17:53:24Z" level=info msg="Loading package builtin from: /home/shrek/.arduino15/packages/builtin"
2026-01-28 17:53:24 2026-01-28T17:53:24.241Z daemon INFO time="2026-01-28T17:53:24Z" level=info msg="Checking existence of 'tools' path: /home/shrek/.arduino15/packages/builtin/tools"
time="2026-01-28T17:53:24Z" level=info msg="Loading tools from dir: /home/shrek/.arduino15/packages/builtin/tools"
2026-01-28 17:53:24 2026-01-28T17:53:24.241Z daemon INFO time="2026-01-28T17:53:24Z" level=info msg="Loaded tool" tool="builtin:ctags@5.8-arduino11"
2026-01-28 17:53:24 2026-01-28T17:53:24.241Z daemon INFO time="2026-01-28T17:53:24Z" level=info msg="Loaded tool" tool="builtin:dfu-discovery@0.1.2"
2026-01-28 17:53:24 2026-01-28T17:53:24.241Z daemon INFO time="2026-01-28T17:53:24Z" level=info msg="Loaded tool" tool="builtin:mdns-discovery@1.0.12"
2026-01-28 17:53:24 2026-01-28T17:53:24.241Z daemon INFO time="2026-01-28T17:53:24Z" level=info msg="Loaded tool" tool="builtin:serial-discovery@1.4.3"
2026-01-28 17:53:24 2026-01-28T17:53:24.241Z daemon INFO time="2026-01-28T17:53:24Z" level=info msg="Loaded tool" tool="builtin:serial-monitor@0.15.0"
2026-01-28 17:53:24 2026-01-28T17:53:24.241Z daemon INFO time="2026-01-28T17:53:24Z" level=info msg="Loading package esp32 from: /home/shrek/.arduino15/packages/esp32/hardware"
2026-01-28 17:53:24 2026-01-28T17:53:24.242Z daemon INFO time="2026-01-28T17:53:24Z" level=info msg="Missing signature file" index=/home/shrek/.arduino15/packages/esp32/hardware/esp32/3.3.6/installed.json
2026-01-28 17:53:24 2026-01-28T17:53:24.325Z daemon INFO time="2026-01-28T17:53:24Z" level=info msg="Adding monitor tool" protocol=serial tool="builtin:serial-monitor"
time="2026-01-28T17:53:24Z" level=info msg="Loaded platform" platform="esp32:esp32@3.3.6"
2026-01-28 17:53:24 2026-01-28T17:53:24.325Z daemon INFO time="2026-01-28T17:53:24Z" level=info msg="Checking existence of 'tools' path: /home/shrek/.arduino15/packages/esp32/tools"
time="2026-01-28T17:53:24Z" level=info msg="Loading tools from dir: /home/shrek/.arduino15/packages/esp32/tools"
2026-01-28 17:53:24 2026-01-28T17:53:24.325Z daemon INFO time="2026-01-28T17:53:24Z" level=info msg="Loaded tool" tool="esp32:esp-rv32@2511"
2026-01-28 17:53:24 2026-01-28T17:53:24.325Z daemon INFO time="2026-01-28T17:53:24Z" level=info msg="Loaded tool" tool="esp32:esp-x32@2511"
2026-01-28 17:53:24 2026-01-28T17:53:24.325Z daemon INFO time="2026-01-28T17:53:24Z" level=info msg="Loaded tool" tool="esp32:esp32-libs@3.3.6"
2026-01-28 17:53:24 2026-01-28T17:53:24.325Z daemon INFO time="2026-01-28T17:53:24Z" level=info msg="Loaded tool" tool="esp32:esp32c3-libs@3.3.6"
2026-01-28 17:53:24 2026-01-28T17:53:24.325Z daemon INFO time="2026-01-28T17:53:24Z" level=info msg="Loaded tool" tool="esp32:esp32c5-libs@3.3.6"
2026-01-28 17:53:24 2026-01-28T17:53:24.325Z daemon INFO time="2026-01-28T17:53:24Z" level=info msg="Loaded tool" tool="esp32:esp32c6-libs@3.3.6"
2026-01-28 17:53:24 2026-01-28T17:53:24.325Z daemon INFO time="2026-01-28T17:53:24Z" level=info msg="Loaded tool" tool="esp32:esp32h2-libs@3.3.6"
2026-01-28 17:53:24 2026-01-28T17:53:24.325Z daemon INFO time="2026-01-28T17:53:24Z" level=info msg="Loaded tool" tool="esp32:esp32p4-libs@3.3.6"
2026-01-28 17:53:24 2026-01-28T17:53:24.325Z daemon INFO time="2026-01-28T17:53:24Z" level=info msg="Loaded tool" tool="esp32:esp32p4_es-libs@3.3.6"
2026-01-28 17:53:24 2026-01-28T17:53:24.325Z daemon INFO time="2026-01-28T17:53:24Z" level=info msg="Loaded tool" tool="esp32:esp32s2-libs@3.3.6"
2026-01-28 17:53:24 2026-01-28T17:53:24.325Z daemon INFO time="2026-01-28T17:53:24Z" level=info msg="Loaded tool" tool="esp32:esp32s3-libs@3.3.6"
2026-01-28 17:53:24 2026-01-28T17:53:24.325Z daemon INFO time="2026-01-28T17:53:24Z" level=info msg="Loaded tool" tool="esp32:esptool_py@5.1.0"
2026-01-28 17:53:24 2026-01-28T17:53:24.325Z daemon INFO time="2026-01-28T17:53:24Z" level=info msg="Loaded tool" tool="esp32:mklittlefs@4.0.2-db0513a"
2026-01-28 17:53:24 2026-01-28T17:53:24.325Z daemon INFO time="2026-01-28T17:53:24Z" level=info msg="Loaded tool" tool="esp32:mkspiffs@0.2.3"
2026-01-28 17:53:24 2026-01-28T17:53:24.325Z daemon INFO time="2026-01-28T17:53:24Z" level=info msg="Loaded tool" tool="esp32:openocd-esp32@v0.12.0-esp32-20251215"
2026-01-28 17:53:24 2026-01-28T17:53:24.325Z daemon INFO time="2026-01-28T17:53:24Z" level=info msg="Loaded tool" tool="esp32:riscv32-esp-elf-gdb@16.3_20250913"
2026-01-28 17:53:24 2026-01-28T17:53:24.325Z daemon INFO time="2026-01-28T17:53:24Z" level=info msg="Loaded tool" tool="esp32:xtensa-esp-elf-gdb@16.3_20250913"
2026-01-28 17:53:24 2026-01-28T17:53:24.327Z daemon INFO time="2026-01-28T17:53:24Z" level=info msg="Discovery event channel closed builtin:serial-discovery. Exiting goroutine."
2026-01-28 17:53:24 2026-01-28T17:53:24.327Z daemon INFO time="2026-01-28T17:53:24Z" level=info msg="Closed and removed discovery builtin:serial-discovery"
2026-01-28 17:53:24 2026-01-28T17:53:24.327Z daemon INFO time="2026-01-28T17:53:24Z" level=error msg="Stopped decode loop: EOF" discovery="builtin:serial-discovery"
2026-01-28 17:53:24 2026-01-28T17:53:24.327Z daemon INFO time="2026-01-28T17:53:24Z" level=info msg="Discovery event channel closed builtin:mdns-discovery. Exiting goroutine."
2026-01-28 17:53:24 2026-01-28T17:53:24.327Z daemon INFO time="2026-01-28T17:53:24Z" level=info msg="Closed and removed discovery builtin:mdns-discovery"
2026-01-28 17:53:24 2026-01-28T17:53:24.327Z daemon INFO time="2026-01-28T17:53:24Z" level=error msg="Stopped decode loop: EOF" discovery="builtin:mdns-discovery"
2026-01-28 17:53:24 2026-01-28T17:53:24.330Z daemon INFO time="2026-01-28T17:53:24Z" level=info msg="Adding libraries dir" dir=/home/shrek/.arduino15/packages/arduino/hardware/avr/1.8.7/libraries isSingleLibrary=false location=platform
2026-01-28 17:53:24 2026-01-28T17:53:24.330Z daemon INFO time="2026-01-28T17:53:24Z" level=info msg="Adding libraries dir" dir=/home/shrek/.arduino15/packages/esp32/hardware/esp32/3.3.6/libraries isSingleLibrary=false location=platform
2026-01-28 17:53:24 2026-01-28T17:53:24.331Z daemon INFO time="2026-01-28T17:53:24Z" level=info msg="Loading libraries index file" index=/home/shrek/.arduino15/library_index.json
2026-01-28 17:53:24 2026-01-28T17:53:24.463Z daemon INFO time="2026-01-28T17:53:24Z" level=info msg="Adding libraries dir" dir=/home/shrek/.arduino15/libraries isSingleLibrary=false location=ide
time="2026-01-28T17:53:24Z" level=info msg="Adding libraries dir" dir=/home/shrek/Arduino/libraries isSingleLibrary=false location=user
2026-01-28 17:53:24 2026-01-28T17:53:24.487Z discovery-log INFO start
2026-01-28 17:53:24 2026-01-28T17:53:24.487Z discovery-log INFO start new deferred
2026-01-28 17:53:24 2026-01-28T17:53:24.487Z discovery-log INFO start resolved watching
2026-01-28 17:53:24 2026-01-28T17:53:24.488Z discovery-log INFO {"eventType":"add","port":{"matchingBoardsList":[{"name":"ESP32 Family Device","fqbn":"esp32:esp32:esp32_family","isHidden":true}],"port":{"address":"/dev/ttyACM0","label":"/dev/ttyACM0","protocol":"serial","protocolLabel":"Serial Port (USB)","propertiesMap":[["pid","0x1001"],["serialNumber","90:E5:B1:D7:D6:84"],["vid","0x303a"]],"hardwareId":"90:E5:B1:D7:D6:84"}},"error":""}
2026-01-28 17:53:24 2026-01-28T17:53:24.488Z discovery-log INFO {"eventType":"add","port":{"matchingBoardsList":[],"port":{"address":"/dev/ttyS0","label":"/dev/ttyS0","protocol":"serial","protocolLabel":"Serial Port","propertiesMap":[],"hardwareId":""}},"error":""}
2026-01-28 17:53:24 2026-01-28T17:53:24.698Z root ERROR ---- !!!SLOW!!! DURATION: search took 210.856 ms. Args: [{}] ----
2026-01-28 17:53:24 2026-01-28T17:53:24.698Z root INFO <<< Library package installation done. {
  name: 'MD_MAX72XX',
  exampleUris: [],
  location: 0,
  installedVersion: undefined,
  author: 'majicDesigns',
  availableVersions: [
    '3.5.1', '3.5.0', '3.4.2',
    '3.4.1', '3.4.0', '3.3.1',
    '3.3.0', '3.2.5', '3.2.4',
    '3.2.3', '3.2.2', '3.2.1',
    '3.2.0', '3.1.0', '3.0.2',
    '3.0.1', '3.0.0', '2.10.0',
    '2.6.0'
  ],
  includes: [ 'MD_MAX72xx.h', 'SPI.h' ],
  description: 'Allows the programmer to use the LED matrix as a pixel addressable display.',
  moreInfoLink: 'https://github.com/MajicDesigns/MD_MAX72XX',
  summary: 'Implements functions that allow the MAX72xx (eg, MAX7219) to be used for LED matrices (64 individual LEDs)',
  category: 'Device Control',
  types: [ 'Contributed' ],
  index: 0
}
2026-01-28 17:53:24 2026-01-28T17:53:24.794Z root INFO Starting language server: esp32:esp32:esp32s3:UploadSpeed=115200,USBMode=hwcdc,CDCOnBoot=cdc,MSCOnBoot=default,DFUOnBoot=default,UploadMode=default,CPUFreq=240,FlashMode=qio,FlashSize=32M,PartitionScheme=default,DebugLevel=none,PSRAM=disabled,LoopCore=1,EventsCore=1,EraseFlash=none,JTAGAdapter=default,ZigbeeMode=default
2026-01-28 17:53:24 2026-01-28T17:53:24.795Z root INFO ---- DURATION: search took 60.541 ms. Args: [{"query":"MD_MAX72XX","type":"All","topic":"All"}] ----
2026-01-28 17:53:24 2026-01-28T17:53:24.806Z daemon INFO time="2026-01-28T17:53:24Z" level=info msg="Adding libraries dir" dir=/home/shrek/.arduino15/libraries isSingleLibrary=false location=ide
time="2026-01-28T17:53:24Z" level=info msg="Adding libraries dir" dir=/home/shrek/.arduino15/packages/esp32/hardware/esp32/3.3.6/libraries isSingleLibrary=false location=platform
2026-01-28 17:53:24 2026-01-28T17:53:24.806Z daemon INFO time="2026-01-28T17:53:24Z" level=info msg="Adding libraries dir" dir=/home/shrek/Arduino/libraries isSingleLibrary=false location=user
2026-01-28 17:53:25 2026-01-28T17:53:25.291Z root INFO ---- DURATION: search took 57.406 ms. Args: [{"query":"MD_MAX72XX","type":"All","topic":"All"}] ----
2026-01-28 17:53:25 2026-01-28T17:53:25.877Z daemon INFO time="2026-01-28T17:53:25Z" level=info msg="Adding libraries dir" dir=/home/shrek/.arduino15/libraries isSingleLibrary=false location=ide
time="2026-01-28T17:53:25Z" level=info msg="Adding libraries dir" dir=/home/shrek/.arduino15/packages/esp32/hardware/esp32/3.3.6/libraries isSingleLibrary=false location=platform
2026-01-28 17:53:25 2026-01-28T17:53:25.877Z daemon INFO time="2026-01-28T17:53:25Z" level=info msg="Adding libraries dir" dir=/home/shrek/Arduino/libraries isSingleLibrary=false location=user
2026-01-28 17:53:32 2026-01-28T17:53:32.501Z daemon INFO time="2026-01-28T17:53:32Z" level=info msg="Adding libraries dir" dir=/home/shrek/.arduino15/libraries isSingleLibrary=false location=ide
2026-01-28 17:53:32 2026-01-28T17:53:32.501Z daemon INFO time="2026-01-28T17:53:32Z" level=info msg="Adding libraries dir" dir=/home/shrek/.arduino15/packages/esp32/hardware/esp32/3.3.6/libraries isSingleLibrary=false location=platform
time="2026-01-28T17:53:32Z" level=info msg="Adding libraries dir" dir=/home/shrek/Arduino/libraries isSingleLibrary=false location=user
2026-01-28 17:53:33 2026-01-28T17:53:33.547Z daemon INFO time="2026-01-28T17:53:33Z" level=info msg="Adding libraries dir" dir=/home/shrek/.arduino15/libraries isSingleLibrary=false location=ide
2026-01-28 17:53:33 2026-01-28T17:53:33.547Z daemon INFO time="2026-01-28T17:53:33Z" level=info msg="Adding libraries dir" dir=/home/shrek/.arduino15/packages/esp32/hardware/esp32/3.3.6/libraries isSingleLibrary=false location=platform
time="2026-01-28T17:53:33Z" level=info msg="Adding libraries dir" dir=/home/shrek/Arduino/libraries isSingleLibrary=false location=user
2026-01-28 17:53:36 2026-01-28T17:53:36.174Z daemon INFO time="2026-01-28T17:53:36Z" level=info msg="Adding libraries dir" dir=/home/shrek/.arduino15/libraries isSingleLibrary=false location=ide
2026-01-28 17:53:36 2026-01-28T17:53:36.174Z daemon INFO time="2026-01-28T17:53:36Z" level=info msg="Adding libraries dir" dir=/home/shrek/.arduino15/packages/esp32/hardware/esp32/3.3.6/libraries isSingleLibrary=false location=platform
time="2026-01-28T17:53:36Z" level=info msg="Adding libraries dir" dir=/home/shrek/Arduino/libraries isSingleLibrary=false location=user
2026-01-28 17:53:36 2026-01-28T17:53:36.239Z daemon INFO time="2026-01-28T17:53:36Z" level=info msg="Adding libraries dir" dir=/home/shrek/.arduino15/libraries isSingleLibrary=false location=ide
time="2026-01-28T17:53:36Z" level=info msg="Adding libraries dir" dir=/home/shrek/.arduino15/packages/esp32/hardware/esp32/3.3.6/libraries isSingleLibrary=false location=platform
2026-01-28 17:53:36 2026-01-28T17:53:36.239Z daemon INFO time="2026-01-28T17:53:36Z" level=info msg="Adding libraries dir" dir=/home/shrek/Arduino/libraries isSingleLibrary=false location=user
2026-01-28 17:53:37 2026-01-28T17:53:36.999Z root INFO compiler-errors Current error changed to d;82
2026-01-28 17:53:37 2026-01-28T17:53:37.012Z root INFO compiler-errors Handling selection change in editor file:///home/shrek/Arduino/practice.py/practice.py.ino. New (monaco) selection: [1,1 -> 1,1]
2026-01-28 17:54:04 2026-01-28T17:54:04.287Z daemon INFO time="2026-01-28T17:54:04Z" level=info msg="Adding libraries dir" dir=/home/shrek/.arduino15/libraries isSingleLibrary=false location=ide
2026-01-28 17:54:04 2026-01-28T17:54:04.287Z daemon INFO time="2026-01-28T17:54:04Z" level=info msg="Adding libraries dir" dir=/home/shrek/.arduino15/packages/esp32/hardware/esp32/3.3.6/libraries isSingleLibrary=false location=platform
time="2026-01-28T17:54:04Z" level=info msg="Adding libraries dir" dir=/home/shrek/Arduino/libraries isSingleLibrary=false location=user
2026-01-28 17:54:04 2026-01-28T17:54:04.972Z root INFO compiler-errors Current error changed to d;86
2026-01-28 17:54:16 2026-01-28T17:54:16.878Z root INFO compiler-errors Handling selection change in editor file:///home/shrek/Arduino/practice.py/practice.py.ino. New (monaco) selection: [1,11 -> 1,11]
2026-01-28 17:54:17 2026-01-28T17:54:17.902Z root INFO compiler-errors decoration range: [1,1 -> 1,1], change range: [1,10 -> 1,11], affects: true
2026-01-28 17:54:17 2026-01-28T17:54:17.902Z root INFO compiler-errors Handling selection change in editor file:///home/shrek/Arduino/practice.py/practice.py.ino. New (monaco) selection: [1,10 -> 1,10]
2026-01-28 17:54:17 2026-01-28T17:54:17.903Z root INFO compiler-errors New (monaco) selection [1,10 -> 1,10] does not intersect any error locations. Skipping.
2026-01-28 17:54:18 2026-01-28T17:54:18.440Z root INFO compiler-errors Handling selection change in editor file:///home/shrek/Arduino/practice.py/practice.py.ino. New (monaco) selection: [1,11 -> 1,11]
2026-01-28 17:54:18 2026-01-28T17:54:18.440Z root INFO compiler-errors New (monaco) selection [1,11 -> 1,11] does not intersect any error locations. Skipping.
2026-01-28 17:54:18 2026-01-28T17:54:18.853Z root INFO compiler-errors Handling selection change in editor file:///home/shrek/Arduino/practice.py/practice.py.ino. New (monaco) selection: [1,10 -> 1,10]
2026-01-28 17:54:18 2026-01-28T17:54:18.853Z root INFO compiler-errors New (monaco) selection [1,10 -> 1,10] does not intersect any error locations. Skipping.
2026-01-28 17:54:19 2026-01-28T17:54:19.908Z daemon INFO time="2026-01-28T17:54:19Z" level=info msg="Adding libraries dir" dir=/home/shrek/.arduino15/libraries isSingleLibrary=false location=ide
2026-01-28 17:54:19 2026-01-28T17:54:19.908Z daemon INFO time="2026-01-28T17:54:19Z" level=info msg="Adding libraries dir" dir=/home/shrek/.arduino15/packages/esp32/hardware/esp32/3.3.6/libraries isSingleLibrary=false location=platform
time="2026-01-28T17:54:19Z" level=info msg="Adding libraries dir" dir=/home/shrek/Arduino/libraries isSingleLibrary=false location=user
2026-01-28 17:54:20 2026-01-28T17:54:20.116Z root INFO compiler-errors Handling selection change in editor file:///home/shrek/Arduino/practice.py/practice.py.ino. New (monaco) selection: [1,11 -> 1,11]
2026-01-28 17:54:20 2026-01-28T17:54:20.116Z root INFO compiler-errors New (monaco) selection [1,11 -> 1,11] does not intersect any error locations. Skipping.
2026-01-28 17:54:22 2026-01-28T17:54:22.121Z daemon INFO time="2026-01-28T17:54:22Z" level=info msg="Adding libraries dir" dir=/home/shrek/.arduino15/libraries isSingleLibrary=false location=ide
2026-01-28 17:54:22 2026-01-28T17:54:22.121Z daemon INFO time="2026-01-28T17:54:22Z" level=info msg="Adding libraries dir" dir=/home/shrek/.arduino15/packages/esp32/hardware/esp32/3.3.6/libraries isSingleLibrary=false location=platform
time="2026-01-28T17:54:22Z" level=info msg="Adding libraries dir" dir=/home/shrek/Arduino/libraries isSingleLibrary=false location=user
2026-01-28 17:56:29 2026-01-28T17:56:29.445Z root INFO compiler-errors Handling selection change in editor file:///home/shrek/Arduino/practice.py/practice.py.ino. New (monaco) selection: [7,20 -> 7,20]
2026-01-28 17:56:29 2026-01-28T17:56:29.445Z root INFO compiler-errors New (monaco) selection [7,20 -> 7,20] does not intersect any error locations. Skipping.
2026-01-28 17:56:30 2026-01-28T17:56:30.570Z root INFO compiler-errors Handling selection change in editor file:///home/shrek/Arduino/practice.py/practice.py.ino. New (monaco) selection: [7,19 -> 7,19]
2026-01-28 17:56:30 2026-01-28T17:56:30.570Z root INFO compiler-errors New (monaco) selection [7,19 -> 7,19] does not intersect any error locations. Skipping.
2026-01-28 17:56:30 2026-01-28T17:56:30.755Z root INFO compiler-errors Handling selection change in editor file:///home/shrek/Arduino/practice.py/practice.py.ino. New (monaco) selection: [7,18 -> 7,18]
2026-01-28 17:56:30 2026-01-28T17:56:30.755Z root INFO compiler-errors New (monaco) selection [7,18 -> 7,18] does not intersect any error locations. Skipping.
2026-01-28 17:56:31 2026-01-28T17:56:31.103Z root INFO compiler-errors Handling selection change in editor file:///home/shrek/Arduino/practice.py/practice.py.ino. New (monaco) selection: [7,19 -> 7,19]
2026-01-28 17:56:31 2026-01-28T17:56:31.103Z root INFO compiler-errors New (monaco) selection [7,19 -> 7,19] does not intersect any error locations. Skipping.
2026-01-28 17:56:31 2026-01-28T17:56:31.233Z root INFO compiler-errors Handling selection change in editor file:///home/shrek/Arduino/practice.py/practice.py.ino. New (monaco) selection: [7,20 -> 7,20]
2026-01-28 17:56:31 2026-01-28T17:56:31.233Z root INFO compiler-errors New (monaco) selection [7,20 -> 7,20] does not intersect any error locations. Skipping.
2026-01-28 17:56:31 2026-01-28T17:56:31.501Z root INFO compiler-errors Handling selection change in editor file:///home/shrek/Arduino/practice.py/practice.py.ino. New (monaco) selection: [7,19 -> 7,19]
2026-01-28 17:56:31 2026-01-28T17:56:31.501Z root INFO compiler-errors New (monaco) selection [7,19 -> 7,19] does not intersect any error locations. Skipping.
2026-01-28 17:56:31 2026-01-28T17:56:31.684Z root INFO compiler-errors Handling selection change in editor file:///home/shrek/Arduino/practice.py/practice.py.ino. New (monaco) selection: [7,18 -> 7,18]
2026-01-28 17:56:31 2026-01-28T17:56:31.685Z root INFO compiler-errors New (monaco) selection [7,18 -> 7,18] does not intersect any error locations. Skipping.
2026-01-28 17:56:31 2026-01-28T17:56:31.771Z root INFO compiler-errors Handling selection change in editor file:///home/shrek/Arduino/practice.py/practice.py.ino. New (monaco) selection: [7,19 -> 7,19]
2026-01-28 17:56:31 2026-01-28T17:56:31.771Z root INFO compiler-errors New (monaco) selection [7,19 -> 7,19] does not intersect any error locations. Skipping.
2026-01-28 17:56:31 2026-01-28T17:56:31.888Z root INFO compiler-errors Handling selection change in editor file:///home/shrek/Arduino/practice.py/practice.py.ino. New (monaco) selection: [7,20 -> 7,20]
2026-01-28 17:56:31 2026-01-28T17:56:31.888Z root INFO compiler-errors New (monaco) selection [7,20 -> 7,20] does not intersect any error locations. Skipping.
2026-01-28 17:56:32 2026-01-28T17:56:32.363Z root INFO compiler-errors Handling selection change in editor file:///home/shrek/Arduino/practice.py/practice.py.ino. New (monaco) selection: [8,20 -> 8,20]
2026-01-28 17:56:32 2026-01-28T17:56:32.363Z root INFO compiler-errors New (monaco) selection [8,20 -> 8,20] does not intersect any error locations. Skipping.
2026-01-28 17:56:32 2026-01-28T17:56:32.894Z daemon INFO time="2026-01-28T17:56:32Z" level=info msg="Adding libraries dir" dir=/home/shrek/.arduino15/libraries isSingleLibrary=false location=ide
2026-01-28 17:56:32 2026-01-28T17:56:32.894Z daemon INFO time="2026-01-28T17:56:32Z" level=info msg="Adding libraries dir" dir=/home/shrek/.arduino15/packages/esp32/hardware/esp32/3.3.6/libraries isSingleLibrary=false location=platform
time="2026-01-28T17:56:32Z" level=info msg="Adding libraries dir" dir=/home/shrek/Arduino/libraries isSingleLibrary=false location=user
2026-01-28 17:56:33 2026-01-28T17:56:33.760Z root INFO compiler-errors Handling selection change in editor file:///home/shrek/Arduino/practice.py/practice.py.ino. New (monaco) selection: [8,19 -> 8,19]
2026-01-28 17:56:33 2026-01-28T17:56:33.760Z root INFO compiler-errors New (monaco) selection [8,19 -> 8,19] does not intersect any error locations. Skipping.
2026-01-28 17:56:34 2026-01-28T17:56:34.111Z root INFO compiler-errors Handling selection change in editor file:///home/shrek/Arduino/practice.py/practice.py.ino. New (monaco) selection: [8,20 -> 8,20]
2026-01-28 17:56:34 2026-01-28T17:56:34.111Z root INFO compiler-errors New (monaco) selection [8,20 -> 8,20] does not intersect any error locations. Skipping.
2026-01-28 17:56:34 2026-01-28T17:56:34.548Z root INFO compiler-errors Handling selection change in editor file:///home/shrek/Arduino/practice.py/practice.py.ino. New (monaco) selection: [8,19 -> 8,19]
2026-01-28 17:56:34 2026-01-28T17:56:34.548Z root INFO compiler-errors New (monaco) selection [8,19 -> 8,19] does not intersect any error locations. Skipping.
2026-01-28 17:56:34 2026-01-28T17:56:34.806Z root INFO compiler-errors Handling selection change in editor file:///home/shrek/Arduino/practice.py/practice.py.ino. New (monaco) selection: [8,20 -> 8,20]
2026-01-28 17:56:34 2026-01-28T17:56:34.807Z root INFO compiler-errors New (monaco) selection [8,20 -> 8,20] does not intersect any error locations. Skipping.
2026-01-28 17:56:35 2026-01-28T17:56:35.501Z root INFO compiler-errors Handling selection change in editor file:///home/shrek/Arduino/practice.py/practice.py.ino. New (monaco) selection: [9,20 -> 9,20]
2026-01-28 17:56:35 2026-01-28T17:56:35.501Z root INFO compiler-errors New (monaco) selection [9,20 -> 9,20] does not intersect any error locations. Skipping.
2026-01-28 17:56:35 2026-01-28T17:56:35.811Z daemon INFO time="2026-01-28T17:56:35Z" level=info msg="Adding libraries dir" dir=/home/shrek/.arduino15/libraries isSingleLibrary=false location=ide
2026-01-28 17:56:35 2026-01-28T17:56:35.811Z daemon INFO time="2026-01-28T17:56:35Z" level=info msg="Adding libraries dir" dir=/home/shrek/.arduino15/packages/esp32/hardware/esp32/3.3.6/libraries isSingleLibrary=false location=platform
time="2026-01-28T17:56:35Z" level=info msg="Adding libraries dir" dir=/home/shrek/Arduino/libraries isSingleLibrary=false location=user
2026-01-28 17:56:35 2026-01-28T17:56:35.903Z root INFO compiler-errors Handling selection change in editor file:///home/shrek/Arduino/practice.py/practice.py.ino. New (monaco) selection: [9,19 -> 9,19]
2026-01-28 17:56:35 2026-01-28T17:56:35.903Z root INFO compiler-errors New (monaco) selection [9,19 -> 9,19] does not intersect any error locations. Skipping.
2026-01-28 17:56:36 2026-01-28T17:56:36.087Z root INFO compiler-errors Handling selection change in editor file:///home/shrek/Arduino/practice.py/practice.py.ino. New (monaco) selection: [9,18 -> 9,18]
2026-01-28 17:56:36 2026-01-28T17:56:36.087Z root INFO compiler-errors New (monaco) selection [9,18 -> 9,18] does not intersect any error locations. Skipping.
2026-01-28 17:56:36 2026-01-28T17:56:36.328Z root INFO compiler-errors Handling selection change in editor file:///home/shrek/Arduino/practice.py/practice.py.ino. New (monaco) selection: [9,19 -> 9,19]
2026-01-28 17:56:36 2026-01-28T17:56:36.328Z root INFO compiler-errors New (monaco) selection [9,19 -> 9,19] does not intersect any error locations. Skipping.
2026-01-28 17:56:38 2026-01-28T17:56:38.334Z daemon INFO time="2026-01-28T17:56:38Z" level=info msg="Adding libraries dir" dir=/home/shrek/.arduino15/libraries isSingleLibrary=false location=ide
2026-01-28 17:56:38 2026-01-28T17:56:38.334Z daemon INFO time="2026-01-28T17:56:38Z" level=info msg="Adding libraries dir" dir=/home/shrek/.arduino15/packages/esp32/hardware/esp32/3.3.6/libraries isSingleLibrary=false location=platform
time="2026-01-28T17:56:38Z" level=info msg="Adding libraries dir" dir=/home/shrek/Arduino/libraries isSingleLibrary=false location=user
2026-01-28 17:59:25 2026-01-28T17:59:25.733Z root INFO compiler-errors Handling selection change in editor file:///home/shrek/Arduino/practice.py/practice.py.ino. New (monaco) selection: [5,22 -> 5,22]
2026-01-28 17:59:25 2026-01-28T17:59:25.733Z root INFO compiler-errors New (monaco) selection [5,22 -> 5,22] does not intersect any error locations. Skipping.
2026-01-28 17:59:26 2026-01-28T17:59:26.070Z root INFO compiler-errors Handling selection change in editor file:///home/shrek/Arduino/practice.py/practice.py.ino. New (monaco) selection: [1,1 -> 32,1]
2026-01-28 17:59:26 2026-01-28T17:59:26.071Z root INFO compiler-errors New (monaco) selection [1,1 -> 32,1] does not intersect any error locations. Skipping.
2026-01-28 17:59:26 2026-01-28T17:59:26.658Z root INFO compiler-errors Handling selection change in editor file:///home/shrek/Arduino/practice.py/practice.py.ino. New (monaco) selection: [1,1 -> 1,1]
2026-01-28 17:59:26 2026-01-28T17:59:26.658Z root INFO compiler-errors New (monaco) selection [1,1 -> 1,1] does not intersect any error locations. Skipping.
2026-01-28 17:59:26 2026-01-28T17:59:26.806Z root INFO compiler-errors Handling selection change in editor file:///home/shrek/Arduino/practice.py/practice.py.ino. New (monaco) selection: [30,1 -> 30,1]
2026-01-28 17:59:26 2026-01-28T17:59:26.806Z root INFO compiler-errors New (monaco) selection [30,1 -> 30,1] does not intersect any error locations. Skipping.
2026-01-28 17:59:26 2026-01-28T17:59:26.821Z daemon INFO time="2026-01-28T17:59:26Z" level=info msg="Adding libraries dir" dir=/home/shrek/.arduino15/libraries isSingleLibrary=false location=ide
time="2026-01-28T17:59:26Z" level=info msg="Adding libraries dir" dir=/home/shrek/.arduino15/packages/esp32/hardware/esp32/3.3.6/libraries isSingleLibrary=false location=platform
2026-01-28 17:59:26 2026-01-28T17:59:26.821Z daemon INFO time="2026-01-28T17:59:26Z" level=info msg="Adding libraries dir" dir=/home/shrek/Arduino/libraries isSingleLibrary=false location=user
2026-01-28 17:59:27 2026-01-28T17:59:27.857Z daemon INFO time="2026-01-28T17:59:27Z" level=info msg="Adding libraries dir" dir=/home/shrek/.arduino15/libraries isSingleLibrary=false location=ide
time="2026-01-28T17:59:27Z" level=info msg="Adding libraries dir" dir=/home/shrek/.arduino15/packages/esp32/hardware/esp32/3.3.6/libraries isSingleLibrary=false location=platform
2026-01-28 17:59:27 2026-01-28T17:59:27.857Z daemon INFO time="2026-01-28T17:59:27Z" level=info msg="Adding libraries dir" dir=/home/shrek/Arduino/libraries isSingleLibrary=false location=user
2026-01-28 17:59:30 2026-01-28T17:59:30.532Z daemon INFO time="2026-01-28T17:59:30Z" level=info msg="Adding libraries dir" dir=/home/shrek/.arduino15/libraries isSingleLibrary=false location=ide
time="2026-01-28T17:59:30Z" level=info msg="Adding libraries dir" dir=/home/shrek/.arduino15/packages/esp32/hardware/esp32/3.3.6/libraries isSingleLibrary=false location=platform
2026-01-28 17:59:30 2026-01-28T17:59:30.532Z daemon INFO time="2026-01-28T17:59:30Z" level=info msg="Adding libraries dir" dir=/home/shrek/Arduino/libraries isSingleLibrary=false location=user
2026-01-28 17:59:33 2026-01-28T17:59:33.653Z daemon INFO time="2026-01-28T17:59:33Z" level=info msg="Adding libraries dir" dir=/home/shrek/.arduino15/libraries isSingleLibrary=false location=ide
2026-01-28 17:59:33 2026-01-28T17:59:33.653Z daemon INFO time="2026-01-28T17:59:33Z" level=info msg="Adding libraries dir" dir=/home/shrek/.arduino15/packages/esp32/hardware/esp32/3.3.6/libraries isSingleLibrary=false location=platform
time="2026-01-28T17:59:33Z" level=info msg="Adding libraries dir" dir=/home/shrek/Arduino/libraries isSingleLibrary=false location=user
2026-01-28 17:59:34 2026-01-28T17:59:34.362Z root INFO compiler-errors Current error changed to d;118
2026-01-28 17:59:34 2026-01-28T17:59:34.374Z root INFO compiler-errors Handling selection change in editor file:///home/shrek/Arduino/practice.py/practice.py.ino. New (monaco) selection: [1,1 -> 1,1]
2026-01-28 18:03:01 2026-01-28T18:03:01.515Z root INFO New sketch 'practice' was created in sketchbook 'file:///home/shrek/Arduino'.
2026-01-28 18:03:01 2026-01-28T18:03:01.515Z root INFO Sketch 'practice' was removed from sketchbook 'file:///home/shrek/Arduino'.
2026-01-28 18:03:28 2026-01-28T18:03:28.133Z sketches-service WARN Warning! The request sketch path was different than the response sketch path from the CLI. This could be a potential bug. Request: </home/shrek/Arduino/practice/practice.ino>, response: </home/shrek/Arduino/practice>.
2026-01-28 18:03:28 2026-01-28T18:03:28.519Z root INFO creating connection for 2
2026-01-28 18:03:29 2026-01-28T18:03:29.004Z root WARN A command editor.action.toggleStickyScroll is already registered.
2026-01-28 18:03:29 Opening channel for service path '/services/electron-window'.
2026-01-28 18:03:29 Opening channel for service path '/services/ide-updater'.
2026-01-28 18:03:29 2026-01-28T18:03:29.052Z root INFO Start frontend contributions: 110.9 ms [Finished 0.876 s after frontend start]
2026-01-28 18:03:29 2026-01-28T18:03:29.052Z root INFO Changed application state from 'init' to 'started_contributions'.
2026-01-28 18:03:29 2026-01-28T18:03:29.073Z root INFO [af4251d4-e7be-4c91-b3b4-62151404c03f] Waiting for backend deployment: 32.7 ms [Finished 0.905 s after frontend start]
2026-01-28 18:03:29 2026-01-28T18:03:29.372Z root INFO Changed application state from 'started_contributions' to 'attached_shell'.
2026-01-28 18:03:29 2026-01-28T18:03:29.372Z root INFO >>> Restoring the layout state...
2026-01-28 18:03:29 2026-01-28T18:03:29.372Z root INFO <<< Nothing to restore.
2026-01-28 18:03:29 2026-01-28T18:03:29.372Z root INFO Initialize the workbench layout: 12.5 ms [Finished 1.136 s after frontend start]
2026-01-28 18:03:29 2026-01-28T18:03:29.372Z root INFO Changed application state from 'attached_shell' to 'initialized_layout'.
2026-01-28 18:03:29 2026-01-28T18:03:29.373Z root INFO [hosted-plugin: 7864] PLUGIN_HOST(7864) starting instance
[Object: null prototype] {}
2026-01-28 18:03:29 2026-01-28T18:03:29.752Z root INFO [af4251d4-e7be-4c91-b3b4-62151404c03f] Sync of 23 plugins: 657.2 ms [Finished 1.563 s after frontend start]
2026-01-28 18:03:29 2026-01-28T18:03:29.753Z root INFO [af4251d4-e7be-4c91-b3b4-62151404c03f] Loading plugin contributions
2026-01-28 18:03:29 2026-01-28T18:03:29.753Z root INFO [af4251d4-e7be-4c91-b3b4-62151404c03f] Load contributions of 23 plugins: 22.0 ms [Finished 1.585 s after frontend start]
2026-01-28 18:03:29 2026-01-28T18:03:29.769Z root WARN 'cpp' language is remapped from 'source.cpp.embedded.macro' to 'source.cpp' scope
2026-01-28 18:03:29 2026-01-28T18:03:29.769Z root WARN a registered grammar configuration for 'cpp' language is overridden
2026-01-28 18:03:29 2026-01-28T18:03:29.893Z root ERROR [hosted-plugin: 7864] Conflict in settings file Default: Ignoring cortex-debug.armToolchainPath.linux as cortex-debug.armToolchainPath is null
2026-01-28 18:03:29 2026-01-28T18:03:29.893Z root ERROR [hosted-plugin: 7864] Conflict in settings file Default: Ignoring cortex-debug.armToolchainPath.osx as cortex-debug.armToolchainPath is null
Conflict in settings file Default: Ignoring cortex-debug.armToolchainPath.windows as cortex-debug.armToolchainPath is null
2026-01-28 18:03:29 2026-01-28T18:03:29.893Z root ERROR [hosted-plugin: 7864] Conflict in settings file Default: Ignoring cortex-debug.JLinkGDBServerPath.linux as cortex-debug.JLinkGDBServerPath is null
2026-01-28 18:03:29 2026-01-28T18:03:29.893Z root ERROR [hosted-plugin: 7864] Conflict in settings file Default: Ignoring cortex-debug.JLinkGDBServerPath.osx as cortex-debug.JLinkGDBServerPath is null
Conflict in settings file Default: Ignoring cortex-debug.JLinkGDBServerPath.windows as cortex-debug.JLinkGDBServerPath is null
2026-01-28 18:03:29 2026-01-28T18:03:29.893Z root ERROR [hosted-plugin: 7864] Conflict in settings file Default: Ignoring cortex-debug.openocdPath.linux as cortex-debug.openocdPath is null
Conflict in settings file Default: Ignoring cortex-debug.openocdPath.osx as cortex-debug.openocdPath is null
2026-01-28 18:03:29 2026-01-28T18:03:29.893Z root ERROR [hosted-plugin: 7864] Conflict in settings file Default: Ignoring cortex-debug.openocdPath.windows as cortex-debug.openocdPath is null
Conflict in settings file Default: Ignoring cortex-debug.pyocdPath.linux as cortex-debug.pyocdPath is null
Conflict in settings file Default: Ignoring cortex-debug.pyocdPath.osx as cortex-debug.pyocdPath is null
2026-01-28 18:03:29 2026-01-28T18:03:29.893Z root ERROR [hosted-plugin: 7864] Conflict in settings file Default: Ignoring cortex-debug.pyocdPath.windows as cortex-debug.pyocdPath is null
Conflict in settings file Default: Ignoring cortex-debug.PEGDBServerPath.linux as cortex-debug.PEGDBServerPath is null
Conflict in settings file Default: Ignoring cortex-debug.PEGDBServerPath.osx as cortex-debug.PEGDBServerPath is null
Conflict in settings file Default: Ignoring cortex-debug.PEGDBServerPath.windows as cortex-debug.PEGDBServerPath is null
2026-01-28 18:03:29 2026-01-28T18:03:29.893Z root ERROR [hosted-plugin: 7864] Conflict in settings file Default: Ignoring cortex-debug.stutilPath.linux as cortex-debug.stutilPath is null
Conflict in settings file Default: Ignoring cortex-debug.stutilPath.osx as cortex-debug.stutilPath is null
Conflict in settings file Default: Ignoring cortex-debug.stutilPath.windows as cortex-debug.stutilPath is null
Conflict in settings file Default: Ignoring cortex-debug.stlinkPath.linux as cortex-debug.stlinkPath is null
Conflict in settings file Default: Ignoring cortex-debug.stlinkPath.osx as cortex-debug.stlinkPath is null
2026-01-28 18:03:29 2026-01-28T18:03:29.893Z root ERROR [hosted-plugin: 7864] Conflict in settings file Default: Ignoring cortex-debug.stlinkPath.windows as cortex-debug.stlinkPath is null
Conflict in settings file Default: Ignoring cortex-debug.stm32cubeprogrammer.linux as cortex-debug.stm32cubeprogrammer is null
Conflict in settings file Default: Ignoring cortex-debug.stm32cubeprogrammer.osx as cortex-debug.stm32cubeprogrammer is null
Conflict in settings file Default: Ignoring cortex-debug.stm32cubeprogrammer.windows as cortex-debug.stm32cubeprogrammer is null
2026-01-28 18:03:29 2026-01-28T18:03:29.928Z root INFO [hosted-plugin: 7864] PLUGIN_HOST(7864): PluginManagerExtImpl/init()
2026-01-28 18:03:29 2026-01-28T18:03:29.929Z root INFO [hosted-plugin: 7864] PLUGIN_HOST(7864): initializing(vscode-arduino-api@0.1.2 with /opt/arduino-ide/resources/app/lib/backend/plugin-vscode-init)
2026-01-28 18:03:29 2026-01-28T18:03:29.969Z root INFO [hosted-plugin: 7864] PLUGIN_HOST(7864): initializing(json-language-features@1.88.1 with /opt/arduino-ide/resources/app/lib/backend/plugin-vscode-init)
2026-01-28 18:03:29 2026-01-28T18:03:29.972Z root INFO [hosted-plugin: 7864] PLUGIN_HOST(7864): initializing(cortex-debug@1.5.1 with /opt/arduino-ide/resources/app/lib/backend/plugin-vscode-init)
2026-01-28 18:03:29 2026-01-28T18:03:29.972Z root INFO [hosted-plugin: 7864] Debugger contribution has been registered: cortex-debug
2026-01-28 18:03:29 2026-01-28T18:03:29.973Z root INFO [hosted-plugin: 7864] PLUGIN_HOST(7864): initializing(vscode-arduino-tools@0.1.3 with /opt/arduino-ide/resources/app/lib/backend/plugin-vscode-init)
2026-01-28 18:03:29 2026-01-28T18:03:29.974Z root INFO [hosted-plugin: 7864] PLUGIN_HOST(7864): initializing(cpp@1.88.1 with /opt/arduino-ide/resources/app/lib/backend/plugin-vscode-init)
2026-01-28 18:03:29 2026-01-28T18:03:29.975Z root INFO [hosted-plugin: 7864] PLUGIN_HOST(7864): initializing(json@1.88.1 with /opt/arduino-ide/resources/app/lib/backend/plugin-vscode-init)
2026-01-28 18:03:29 2026-01-28T18:03:29.977Z root INFO [hosted-plugin: 7864] PLUGIN_HOST(7864): initializing(vscode-language-pack-bg@1.48.3 with /opt/arduino-ide/resources/app/lib/backend/plugin-vscode-init)
2026-01-28 18:03:29 2026-01-28T18:03:29.977Z root INFO [hosted-plugin: 7864] PLUGIN_HOST(7864): initializing(vscode-language-pack-cs@1.96.0 with /opt/arduino-ide/resources/app/lib/backend/plugin-vscode-init)
2026-01-28 18:03:29 2026-01-28T18:03:29.978Z root INFO [hosted-plugin: 7864] PLUGIN_HOST(7864): initializing(vscode-language-pack-de@1.96.0 with /opt/arduino-ide/resources/app/lib/backend/plugin-vscode-init)
2026-01-28 18:03:29 2026-01-28T18:03:29.978Z root INFO [hosted-plugin: 7864] PLUGIN_HOST(7864): initializing(vscode-language-pack-es@1.96.0 with /opt/arduino-ide/resources/app/lib/backend/plugin-vscode-init)
2026-01-28 18:03:29 2026-01-28T18:03:29.978Z root INFO [hosted-plugin: 7864] PLUGIN_HOST(7864): initializing(vscode-language-pack-fr@1.96.0 with /opt/arduino-ide/resources/app/lib/backend/plugin-vscode-init)
2026-01-28 18:03:29 2026-01-28T18:03:29.979Z root INFO [hosted-plugin: 7864] PLUGIN_HOST(7864): initializing(vscode-language-pack-hu@1.48.3 with /opt/arduino-ide/resources/app/lib/backend/plugin-vscode-init)
2026-01-28 18:03:29 2026-01-28T18:03:29.979Z root INFO [hosted-plugin: 7864] PLUGIN_HOST(7864): initializing(vscode-language-pack-it@1.96.0 with /opt/arduino-ide/resources/app/lib/backend/plugin-vscode-init)
2026-01-28 18:03:29 2026-01-28T18:03:29.979Z root INFO [hosted-plugin: 7864] PLUGIN_HOST(7864): initializing(vscode-language-pack-ja@1.96.0 with /opt/arduino-ide/resources/app/lib/backend/plugin-vscode-init)
2026-01-28 18:03:29 2026-01-28T18:03:29.980Z root INFO [hosted-plugin: 7864] PLUGIN_HOST(7864): initializing(vscode-language-pack-ko@1.96.0 with /opt/arduino-ide/resources/app/lib/backend/plugin-vscode-init)
2026-01-28 18:03:29 2026-01-28T18:03:29.980Z root INFO [hosted-plugin: 7864] PLUGIN_HOST(7864): initializing(vscode-language-pack-nl@1.48.3 with /opt/arduino-ide/resources/app/lib/backend/plugin-vscode-init)
2026-01-28 18:03:29 2026-01-28T18:03:29.980Z root INFO [hosted-plugin: 7864] PLUGIN_HOST(7864): initializing(vscode-language-pack-pl@1.96.0 with /opt/arduino-ide/resources/app/lib/backend/plugin-vscode-init)
2026-01-28 18:03:29 2026-01-28T18:03:29.980Z root INFO [hosted-plugin: 7864] PLUGIN_HOST(7864): initializing(vscode-language-pack-pt-BR@1.96.0 with /opt/arduino-ide/resources/app/lib/backend/plugin-vscode-init)
2026-01-28 18:03:29 2026-01-28T18:03:29.980Z root INFO [hosted-plugin: 7864] PLUGIN_HOST(7864): initializing(vscode-language-pack-ru@1.96.0 with /opt/arduino-ide/resources/app/lib/backend/plugin-vscode-init)
2026-01-28 18:03:29 2026-01-28T18:03:29.980Z root INFO [hosted-plugin: 7864] PLUGIN_HOST(7864): initializing(vscode-language-pack-tr@1.96.0 with /opt/arduino-ide/resources/app/lib/backend/plugin-vscode-init)
2026-01-28 18:03:29 2026-01-28T18:03:29.981Z root INFO [hosted-plugin: 7864] PLUGIN_HOST(7864): initializing(vscode-language-pack-uk@1.48.3 with /opt/arduino-ide/resources/app/lib/backend/plugin-vscode-init)
2026-01-28 18:03:29 2026-01-28T18:03:29.981Z root INFO [hosted-plugin: 7864] PLUGIN_HOST(7864): initializing(vscode-language-pack-zh-hans@1.96.0 with /opt/arduino-ide/resources/app/lib/backend/plugin-vscode-init)
2026-01-28 18:03:29 2026-01-28T18:03:29.981Z root INFO [hosted-plugin: 7864] PLUGIN_HOST(7864): initializing(vscode-language-pack-zh-hant@1.96.0 with /opt/arduino-ide/resources/app/lib/backend/plugin-vscode-init)
2026-01-28 18:03:30 2026-01-28T18:03:30.046Z root INFO [hosted-plugin: 7864] PLUGIN_HOST(7864): PluginManagerExtImpl/loadPlugin(/opt/arduino-ide/resources/app/plugins/vscode-builtin-json-language-features/extension/client/dist/node/jsonClientMain)
2026-01-28 18:03:30 2026-01-28T18:03:30.078Z root INFO [hosted-plugin: 7864] PLUGIN_HOST(7864): PluginManagerExtImpl/loadPlugin(/opt/arduino-ide/resources/app/plugins/vscode-arduino-api/extension/dist/extension.js)
2026-01-28 18:03:30 2026-01-28T18:03:30.080Z root INFO [hosted-plugin: 7864] calling activation function on Arduino IDE API for VS Code extensions
2026-01-28 18:03:30 2026-01-28T18:03:30.121Z root INFO [af4251d4-e7be-4c91-b3b4-62151404c03f] Starting plugins.
2026-01-28 18:03:30 2026-01-28T18:03:30.133Z root INFO [hosted-plugin: 7864] PLUGIN_HOST(7864): PluginManagerExtImpl/loadPlugin(/opt/arduino-ide/resources/app/plugins/cortex-debug/extension/dist/extension.js)
2026-01-28 18:03:30 2026-01-28T18:03:30.152Z root INFO [hosted-plugin: 7864] Debug configuration provider has been registered: cortex-debug, trigger: 1
2026-01-28 18:03:30 2026-01-28T18:03:30.152Z root INFO [hosted-plugin: 7864] calling activation function on Cortex-Debug
2026-01-28 18:03:30 2026-01-28T18:03:30.154Z root INFO [hosted-plugin: 7864] GDB server console created
2026-01-28 18:03:30 2026-01-28T18:03:30.217Z root INFO [hosted-plugin: 7864] calling activation function on JSON Language Features (built-in)
2026-01-28 18:03:30 2026-01-28T18:03:30.250Z root INFO Frontend application start: 1265.9 ms [Finished 1934.952 s after backend start]
2026-01-28 18:03:30 2026-01-28T18:03:30.260Z root INFO Replace loading indicator with ready workbench UI (animation): 839.1 ms [Finished 1.982 s after frontend start]
2026-01-28 18:03:30 2026-01-28T18:03:30.260Z root INFO Changed application state from 'initialized_layout' to 'ready'.
2026-01-28 18:03:30 2026-01-28T18:03:30.260Z root WARN Linked preference "workbench.colorCustomizations" not found.
2026-01-28 18:03:30 2026-01-28T18:03:30.277Z root INFO Executing startup tasks:
2026-01-28 18:03:30 2026-01-28T18:03:30.277Z root INFO  - 'arduino-use-inherited-boards-data' , args: [{"fqbn":"esp32:esp32:esp32s3","data":{"configOptions":[{"label":"Upload Speed","option":"UploadSpeed","values":[{"value":"921600","label":"921600","selected":false},{"value":"115200","label":"115200","selected":true},{"value":"230400","label":"230400","selected":false},{"value":"460800","label":"460800","selected":false}]},{"label":"USB Mode","option":"USBMode","values":[{"value":"hwcdc","label":"Hardware CDC and JTAG","selected":true},{"value":"default","label":"USB-OTG (TinyUSB)","selected":false}]},{"label":"USB CDC On Boot","option":"CDCOnBoot","values":[{"value":"default","label":"Disabled","selected":false},{"value":"cdc","label":"Enabled","selected":true}]},{"label":"USB Firmware MSC On Boot","option":"MSCOnBoot","values":[{"value":"default","label":"Disabled","selected":true},{"value":"msc","label":"Enabled (Requires USB-OTG Mode)","selected":false}]},{"label":"USB DFU On Boot","option":"DFUOnBoot","values":[{"value":"default","label":"Disabled","selected":true},{"value":"dfu","label":"Enabled (Requires USB-OTG Mode)","selected":false}]},{"label":"Upload Mode","option":"UploadMode","values":[{"value":"default","label":"UART0 / Hardware CDC","selected":true},{"value":"cdc","label":"USB-OTG CDC (TinyUSB)","selected":false}]},{"label":"CPU Frequency","option":"CPUFreq","values":[{"value":"240","label":"240MHz (WiFi)","selected":true},{"value":"160","label":"160MHz (WiFi)","selected":false},{"value":"80","label":"80MHz (WiFi)","selected":false},{"value":"40","label":"40MHz","selected":false},{"value":"20","label":"20MHz","selected":false},{"value":"10","label":"10MHz","selected":false}]},{"label":"Flash Mode","option":"FlashMode","values":[{"value":"qio","label":"QIO 80MHz","selected":true},{"value":"qio120","label":"QIO 120MHz","selected":false},{"value":"dio","label":"DIO 80MHz","selected":false},{"value":"opi","label":"OPI 80MHz","selected":false}]},{"label":"Flash Size","option":"FlashSize","values":[{"value":"4M","label":"4MB (32Mb)","selected":false},{"value":"8M","label":"8MB (64Mb)","selected":false},{"value":"16M","label":"16MB (128Mb)","selected":false},{"value":"32M","label":"32MB (256Mb)","selected":true}]},{"label":"Partition Scheme","option":"PartitionScheme","values":[{"value":"default","label":"Default 4MB with spiffs (1.2MB APP/1.5MB SPIFFS)","selected":true},{"value":"defaultffat","label":"Default 4MB with ffat (1.2MB APP/1.5MB FATFS)","selected":false},{"value":"default_8MB","label":"8M with spiffs (3MB APP/1.5MB SPIFFS)","selected":false},{"value":"minimal","label":"Minimal (1.3MB APP/700KB SPIFFS)","selected":false},{"value":"no_fs","label":"No FS 4MB (2MB APP x2)","selected":false},{"value":"no_ota","label":"No OTA (2MB APP/2MB SPIFFS)","selected":false},{"value":"noota_3g","label":"No OTA (1MB APP/3MB SPIFFS)","selected":false},{"value":"noota_ffat","label":"No OTA (2MB APP/2MB FATFS)","selected":false},{"value":"noota_3gffat","label":"No OTA (1MB APP/3MB FATFS)","selected":false},{"value":"huge_app","label":"Huge APP (3MB No OTA/1MB SPIFFS)","selected":false},{"value":"min_spiffs","label":"Minimal SPIFFS (1.9MB APP with OTA/128KB SPIFFS)","selected":false},{"value":"fatflash","label":"16M Flash (2MB APP/12.5MB FATFS)","selected":false},{"value":"app3M_fat9M_16MB","label":"16M Flash (3MB APP/9.9MB FATFS)","selected":false},{"value":"rainmaker","label":"RainMaker 4MB","selected":false},{"value":"rainmaker_4MB","label":"RainMaker 4MB No OTA","selected":false},{"value":"rainmaker_8MB","label":"RainMaker 8MB","selected":false},{"value":"app5M_fat24M_32MB","label":"32M Flash (4.8MB APP/22MB FATFS)","selected":false},{"value":"app5M_little24M_32MB","label":"32M Flash (4.8MB APP/22MB LittleFS)","selected":false},{"value":"app13M_data7M_32MB","label":"32M Flash (13MB APP/6.75MB SPIFFS)","selected":false},{"value":"esp_sr_16","label":"ESP SR 16M (3MB APP/7MB SPIFFS/2.9MB MODEL)","selected":false},{"value":"zigbee_zczr","label":"Zigbee ZCZR 4MB with spiffs","selected":false},{"value":"zigbee_zczr_8MB","label":"Zigbee ZCZR 8MB with spiffs","selected":false},{"value":"custom","label":"Custom","selected":false}]},{"label":"Core Debug Level","option":"DebugLevel","values":[{"value":"none","label":"None","selected":true},{"value":"error","label":"Error","selected":false},{"value":"warn","label":"Warn","selected":false},{"value":"info","label":"Info","selected":false},{"value":"debug","label":"Debug","selected":false},{"value":"verbose","label":"Verbose","selected":false}]},{"label":"PSRAM","option":"PSRAM","values":[{"value":"disabled","label":"Disabled","selected":true},{"value":"enabled","label":"QSPI PSRAM","selected":false},{"value":"opi","label":"OPI PSRAM","selected":false}]},{"label":"Arduino Runs On","option":"LoopCore","values":[{"value":"1","label":"Core 1","selected":true},{"value":"0","label":"Core 0","selected":false}]},{"label":"Events Run On","option":"EventsCore","values":[{"value":"1","label":"Core 1","selected":true},{"value":"0","label":"Core 0","selected":false}]},{"label":"Erase All Flash Before Sketch Upload","option":"EraseFlash","values":[{"value":"none","label":"Disabled","selected":true},{"value":"all","label":"Enabled","selected":false}]},{"label":"JTAG Adapter","option":"JTAGAdapter","values":[{"value":"default","label":"Disabled","selected":true},{"value":"builtin","label":"Integrated USB JTAG","selected":false},{"value":"external","label":"FTDI Adapter","selected":false},{"value":"bridge","label":"ESP USB Bridge","selected":false}]},{"label":"Zigbee Mode","option":"ZigbeeMode","values":[{"value":"default","label":"Disabled","selected":true},{"value":"zczr","label":"Zigbee ZCZR (coordinator/router)","selected":false}]}],"programmers":[{"id":"esptool","name":"Esptool","platform":"esp32:esp32@3.3.6"}]}}]
2026-01-28 18:03:30 2026-01-28T18:03:30.277Z root INFO  - 'arduino-use-inherited-boards-config' , args: [{"selectedBoard":{"name":"ESP32S3 Dev Module","fqbn":"esp32:esp32:esp32s3"},"selectedPort":{"protocol":"serial","address":"/dev/ttyACM0"}},{"arduino+serial:///dev/ttyACM0":{"name":"ESP32S3 Dev Module","fqbn":"esp32:esp32:esp32s3"},"arduino+serial:///dev/ttyS0":{"name":"ESP32S3 Dev Module","fqbn":"esp32:esp32:esp32s3"}}]
2026-01-28 18:03:30 2026-01-28T18:03:30.296Z root INFO [af4251d4-e7be-4c91-b3b4-62151404c03f] Start of 23 plugins: 535.7 ms [Finished 2.127 s after frontend start]
2026-01-28 18:03:30 2026-01-28T18:03:30.502Z daemon INFO time="2026-01-28T18:03:30Z" level=info msg="Tool required for debug" tool="arduino:dfu-util@0.11.0-arduino5"
time="2026-01-28T18:03:30Z" level=info msg="Tool required for debug" tool="esp32:esp-rv32@2511"
time="2026-01-28T18:03:30Z" level=info msg="Tool required for debug" tool="esp32:esp-x32@2511"
time="2026-01-28T18:03:30Z" level=info msg="Tool required for debug" tool="esp32:esp32-libs@3.3.6"
time="2026-01-28T18:03:30Z" level=info msg="Tool required for debug" tool="esp32:esp32c3-libs@3.3.6"
time="2026-01-28T18:03:30Z" level=info msg="Tool required for debug" tool="arduino:dfu-util@0.11.0-arduino5"
time="2026-01-28T18:03:30Z" level=info msg="Tool required for debug" tool="esp32:esp-rv32@2511"
time="2026-01-28T18:03:30Z" level=info msg="Tool required for debug" tool="esp32:esp-x32@2511"
time="2026-01-28T18:03:30Z" level=info msg="Tool required for debug" tool="esp32:esp32-libs@3.3.6"
time="2026-01-28T18:03:30Z" level=info msg="Tool required for debug" tool="esp32:esp32c3-libs@3.3.6"
time="2026-01-28T18:03:30Z" level=info msg="Tool required for debug" tool="esp32:esp32c5-libs@3.3.6"
time="2026-01-28T18:03:30Z" level=info msg="Tool required for debug" tool="esp32:esp32c6-libs@3.3.6"
time="2026-01-28T18:03:30Z" level=info msg="Tool required for debug" tool="esp32:esp32h2-libs@3.3.6"
time="2026-01-28T18:03:30Z" level=info msg="Tool required for debug" tool="esp32:esp32p4-libs@3.3.6"
time="2026-01-28T18:03:30Z" level=info msg="Tool required for debug" tool="esp32:esp32p4_es-libs@3.3.6"
time="2026-01-28T18:03:30Z" level=info msg="Tool required for debug" tool="esp32:esp32s2-libs@3.3.6"
time="2026-01-28T18:03:30Z" level=info msg="Tool required for debug" tool="esp32:esp32s3-libs@3.3.6"
time="2026-01-28T18:03:30Z" level=info msg="Tool required for debug" tool="esp32:esptool_py@5.1.0"
time="2026-01-28T18:03:30Z" level=info msg="Tool required for debug" tool="esp32:mklittlefs@4.0.2-db0513a"
time="2026-01-28T18:03:30Z" level=info msg="Tool required for debug" tool="esp32:mkspiffs@0.2.3"
time="2026-01-28T18:03:30Z" level=info msg="Tool required for debug" tool="esp32:openocd-esp32@v0.12.0-esp32-20251215"
time="2026-01-28T18:03:30Z" level=info msg="Tool required for debug" tool="esp32:riscv32-esp-elf-gdb@16.3_20250913"
time="2026-01-28T18:03:30Z" level=info msg="Tool required for debug" tool="esp32:xtensa-esp-elf-gdb@16.3_20250913"
time="2026-01-28T18:03:30Z" level=info msg="Tool required for debug" tool="arduino:arduinoOTA@1.3.0"
time="2026-01-28T18:03:30Z" level=info msg="Tool required for debug" tool="arduino:avrdude@8.0.0-arduino1"
time="2026-01-28T18:03:30Z" level=info msg="Tool required for debug" tool="arduino:avr-gcc@7.3.0-atmel3.6.1-arduino7"
time="2026-01-28T18:03:30Z" level=info msg="Tool required for debug" tool="builtin:ctags@5.8-arduino11"
time="2026-01-28T18:03:30Z" level=info msg="Tool required for debug" tool="builtin:serial-monitor@0.15.0"
time="2026-01-28T18:03:30Z" level=info msg="Tool required for debug" tool="builtin:dfu-discovery@0.1.2"
time="2026-01-28T18:03:30Z" level=info msg="Tool required for debug" tool="builtin:mdns-discovery@1.0.12"
time="2026-01-28T18:03:30Z" level=info msg="Tool required for debug" tool="builtin:serial-discovery@1.4.3"
time="2026-01-28T18:03:30Z" level=info msg="Tool required for debug" tool="arduino:dfu-util@0.11.0-arduino5"
time="2026-01-28T18:03:30Z" level=info msg="Tool required for debug" tool="esp32:esp-rv32@2511"
time="2026-01-28T18:03:30Z" level=info msg="Tool required for debug" tool="esp32:esp-x32@2511"
time="2026-01-28T18:03:30Z" level=info msg="Tool required for debug" tool="esp32:esp32-libs@3.3.6"
time="2026-01-28T18:03:30Z" level=info msg="Tool required for debug" tool="esp32:esp32c3-libs@3.3.6"
time="2026-01-28T18:03:30Z" level=info msg="Tool required for debug" tool="esp32:esp32c5-libs@3.3.6"
time="2026-01-28T18:03:30Z" level=info msg="Tool required for debug" tool="esp32:esp32c6-libs@3.3.6"
time="2026-01-28T18:03:30Z" level=info msg="Tool required for debug" tool="esp32:esp32h2-libs@3.3.6"
time="2026-01-28T18:03:30Z" level=info msg="Tool required for debug" tool="esp32:esp32p4-libs@3.3.6"
time="2026-01-28T18:03:30Z" level=info msg="Tool required for debug" tool="esp32:esp32p4_es-libs@3.3.6"
time="2026-01-28T18:03:30Z" level=info msg="Tool required for debug" tool="esp32:esp32s2-libs@3.3.6"
time="2026-01-28T18:03:30Z" level=info msg="Tool required for debug" tool="esp32:esp32s3-libs@3.3.6"
time="2026-01-28T18:03:30Z" level=info msg="Tool required for debug" tool="esp32:esptool_py@5.1.0"
time="2026-01-28T18:03:30Z" level=info msg="Tool required for debug" tool="esp32:mklittlefs@4.0.2-db0513a"
time="2026-01-28T18:03:30Z" level=info msg="Tool required for debug" tool="esp32:mkspiffs@0.2.3"
time="2026-01-28T18:03:30Z" level=info msg="Tool required for debug" tool="esp32:openocd-esp32@v0.12.0-esp32-20251215"
time="2026-01-28T18:03:30Z" level=info msg="Tool required for debug" tool="esp32:esp32c5-libs@3.3.6"
time="2026-01-28T18:03:30Z" level=info msg="Tool required for debug" tool="esp32:esp32c6-libs@3.3.6"
time="2026-01-28T18:03:30Z" level=info msg="Tool required for debug" tool="esp32:esp32h2-libs@3.3.6"
time="2026-01-28T18:03:30Z" level=info msg="Tool required for debug" tool="esp32:esp32p4-libs@3.3.6"
time="2026-01-28T18:03:30Z" level=info msg="Tool required for debug" tool="esp32:esp32p4_es-libs@3.3.6"
time="2026-01-28T18:03:30Z" level=info msg="Tool required for debug" tool="esp32:esp32s2-libs@3.3.6"
time="2026-01-28T18:03:30Z" level=info msg="Tool required for debug" tool="esp32:esp32s3-libs@3.3.6"
time="2026-01-28T18:03:30Z" level=info msg="Tool required for debug" tool="esp32:esptool_py@5.1.0"
time="2026-01-28T18:03:30Z" level=info msg="Tool required for debug" tool="esp32:mklittlefs@4.0.2-db0513a"
time="2026-01-28T18:03:30Z" level=info msg="Tool required for debug" tool="esp32:mkspiffs@0.2.3"
time="2026-01-28T18:03:30Z" level=info msg="Tool required for debug" tool="esp32:openocd-esp32@v0.12.0-esp32-20251215"
time="2026-01-28T18:03:30Z" level=info msg="Tool required for debug" tool="esp32:riscv32-esp-elf-gdb@16.3_20250913"
time="2026-01-28T18:03:30Z" level=info msg="Tool required for debug" tool="esp32:xtensa-esp-elf-gdb@16.3_20250913"
time="2026-01-28T18:03:30Z" level=info msg="Tool required for debug" tool="builtin:dfu-discovery@0.1.2"
time="2026-01-28T18:03:30Z" level=info msg="Tool required for debug" tool="arduino:avr-gcc@7.3.0-atmel3.6.1-arduino7"
time="2026-01-28T18:03:30Z" level=info msg="Tool required for debug" tool="builtin:ctags@5.8-arduino11"
time="2026-01-28T18:03:30Z" level=info msg="Tool required for debug" tool="builtin:serial-monitor@0.15.0"
time="2026-01-28T18:03:30Z" level=info msg="Tool required for debug" tool="arduino:avrdude@8.0.0-arduino1"
time="2026-01-28T18:03:30Z" level=info msg="Tool required for debug" tool="builtin:mdns-discovery@1.0.12"
time="2026-01-28T18:03:30Z" level=info msg="Tool required for debug" tool="esp32:riscv32-esp-elf-gdb@16.3_20250913"
time="2026-01-28T18:03:30Z" level=info msg="Tool required for debug" tool="esp32:xtensa-esp-elf-gdb@16.3_20250913"
time="2026-01-28T18:03:30Z" level=info msg="Tool required for debug" tool="arduino:arduinoOTA@1.3.0"
time="2026-01-28T18:03:30Z" level=info msg="Tool required for debug" tool="arduino:avr-gcc@7.3.0-atmel3.6.1-arduino7"
time="2026-01-28T18:03:30Z" level=info msg="Tool required for debug" tool="builtin:dfu-discovery@0.1.2"
time="2026-01-28T18:03:30Z" level=info msg="Tool required for debug" tool="builtin:serial-monitor@0.15.0"
time="2026-01-28T18:03:30Z" level=info msg="Tool required for debug" tool="builtin:ctags@5.8-arduino11"
time="2026-01-28T18:03:30Z" level=info msg="Tool required for debug" tool="builtin:mdns-discovery@1.0.12"
time="2026-01-28T18:03:30Z" level=info msg="Tool required for debug" tool="arduino:avrdude@8.0.0-arduino1"
time="2026-01-28T18:03:30Z" level=info msg="Tool required for debug" tool="arduino:arduinoOTA@1.3.0"
time="2026-01-28T18:03:30Z" level=info msg="Tool required for debug" tool="builtin:serial-discovery@1.4.3"
time="2026-01-28T18:03:30Z" level=info msg="Tool required for debug" tool="builtin:serial-discovery@1.4.3"
time="2026-01-28T18:03:30Z" level=info msg="Tool required for debug" tool="arduino:dfu-util@0.11.0-arduino5"
time="2026-01-28T18:03:30Z" level=info msg="Tool required for debug" tool="esp32:esp-rv32@2511"
time="2026-01-28T18:03:30Z" level=info msg="Tool required for debug" tool="esp32:esp-x32@2511"
time="2026-01-28T18:03:30Z" level=info msg="Tool required for debug" tool="esp32:esp32-libs@3.3.6"
time="2026-01-28T18:03:30Z" level=info msg="Tool required for debug" tool="esp32:esp32c3-libs@3.3.6"
time="2026-01-28T18:03:30Z" level=info msg="Tool required for debug" tool="esp32:esp32c5-libs@3.3.6"
time="2026-01-28T18:03:30Z" level=info msg="Tool required for debug" tool="esp32:esp32c6-libs@3.3.6"
time="2026-01-28T18:03:30Z" level=info msg="Tool required for debug" tool="esp32:esp32h2-libs@3.3.6"
time="2026-01-28T18:03:30Z" level=info msg="Tool required for debug" tool="esp32:esp32p4-libs@3.3.6"
time="2026-01-28T18:03:30Z" level=info msg="Tool required for debug" tool="esp32:esp32p4_es-libs@3.3.6"
time="2026-01-28T18:03:30Z" level=info msg="Tool required for debug" tool="esp32:esp32s2-libs@3.3.6"
time="2026-01-28T18:03:30Z" level=info msg="Tool required for debug" tool="esp32:esp32s3-libs@3.3.6"
time="2026-01-28T18:03:30Z" level=info msg="Tool required for debug" tool="esp32:esptool_py@5.1.0"
time="2026-01-28T18:03:30Z" level=info msg="Tool required for debug" tool="esp32:mklittlefs@4.0.2-db0513a"
time="2026-01-28T18:03:30Z" level=info msg="Tool required for debug" tool="esp32:mkspiffs@0.2.3"
time="2026-01-28T18:03:30Z" level=info msg="Tool required for debug" tool="esp32:openocd-esp32@v0.12.0-esp32-20251215"
time="2026-01-28T18:03:30Z" level=info msg="Tool required for debug" tool="esp32:riscv32-esp-elf-gdb@16.3_20250913"
time="2026-01-28T18:03:30Z" level=info msg="Tool required for debug" tool="esp32:xtensa-esp-elf-gdb@16.3_20250913"
time="2026-01-28T18:03:30Z" level=info msg="Tool required for debug" tool="arduino:avr-gcc@7.3.0-atmel3.6.1-arduino7"
time="2026-01-28T18:03:30Z" level=info msg="Tool required for debug" tool="arduino:arduinoOTA@1.3.0"
time="2026-01-28T18:03:30Z" level=info msg="Tool required for debug" tool="builtin:ctags@5.8-arduino11"
time="2026-01-28T18:03:30Z" level=info msg="Tool required for debug" tool="builtin:serial-discovery@1.4.3"
time="2026-01-28T18:03:30Z" level=info msg="Tool required for debug" tool="builtin:mdns-discovery@1.0.12"
time="2026-01-28T18:03:30Z" level=info msg="Tool required for debug" tool="arduino:avrdude@8.0.0-arduino1"
time="2026-01-28T18:03:30Z" level=info msg="Tool required for debug" tool="builtin:dfu-discovery@0.1.2"
time="2026-01-28T18:03:30Z" level=info msg="Tool required for debug" tool="builtin:serial-monitor@0.15.0"
time="2026-01-28T18:03:30Z" level=info msg="Tool required for debug" tool="arduino:dfu-util@0.11.0-arduino5"
time="2026-01-28T18:03:30Z" level=info msg="Tool required for debug" tool="esp32:esp-rv32@2511"
time="2026-01-28T18:03:30Z" level=info msg="Tool required for debug" tool="esp32:esp-x32@2511"
time="2026-01-28T18:03:30Z" level=info msg="Tool required for debug" tool="esp32:esp32-libs@3.3.6"
time="2026-01-28T18:03:30Z" level=info msg="Tool required for debug" tool="esp32:esp32c3-libs@3.3.6"
time="2026-01-28T18:03:30Z" level=info msg="Tool required for debug" tool="esp32:esp32c5-libs@3.3.6"
time="2026-01-28T18:03:30Z" level=info msg="Tool required for debug" tool="esp32:esp32c6-libs@3.3.6"
time="2026-01-28T18:03:30Z" level=info msg="Tool required for debug" tool="esp32:esp32h2-libs@3.3.6"
time="2026-01-28T18:03:30Z" level=info msg="Tool required for debug" tool="esp32:esp32p4-libs@3.3.6"
time="2026-01-28T18:03:30Z" level=info msg="Tool required for debug" tool="esp32:esp32p4_es-libs@3.3.6"
time="2026-01-28T18:03:30Z" level=info msg="Tool required for debug" tool="esp32:esp32s2-libs@3.3.6"
time="2026-01-28T18:03:30Z" level=info msg="Tool required for debug" tool="esp32:esp32s3-libs@3.3.6"
time="2026-01-28T18:03:30Z" level=info msg="Tool required for debug" tool="esp32:esptool_py@5.1.0"
time="2026-01-28T18:03:30Z" level=info msg="Tool required for debug" tool="esp32:mklittlefs@4.0.2-db0513a"
time="2026-01-28T18:03:30Z" level=info msg="Tool required for debug" tool="esp32:mkspiffs@0.2.3"
time="2026-01-28T18:03:30Z" level=info msg="Tool required for debug" tool="esp32:openocd-esp32@v0.12.0-esp32-20251215"
time="2026-01-28T18:03:30Z" level=info msg="Tool required for debug" tool="esp32:riscv32-esp-elf-gdb@16.3_20250913"
time="2026-01-28T18:03:30Z" level=info msg="Tool required for debug" tool="arduino:dfu-util@0.11.0-arduino5"
time="2026-01-28T18:03:30Z" level=info msg="Tool required for debug" tool="esp32:esp-rv32@2511"
time="2026-01-28T18:03:30Z" level=info msg="Tool required for debug" tool="esp32:esp-x32@2511"
time="2026-01-28T18:03:30Z" level=info msg="Tool required for debug" tool="esp32:esp32-libs@3.3.6"
time="2026-01-28T18:03:30Z" level=info msg="Tool required for debug" tool="esp32:esp32c3-libs@3.3.6"
time="2026-01-28T18:03:30Z" level=info msg="Tool required for debug" tool="esp32:esp32c5-libs@3.3.6"
time="2026-01-28T18:03:30Z" level=info msg="Tool required for debug" tool="esp32:esp32c6-libs@3.3.6"
time="2026-01-28T18:03:30Z" level=info msg="Tool required for debug" tool="esp32:esp32h2-libs@3.3.6"
time="2026-01-28T18:03:30Z" level=info msg="Tool required for debug" tool="esp32:esp32p4-libs@3.3.6"
time="2026-01-28T18:03:30Z" level=info msg="Tool required for debug" tool="esp32:xtensa-esp-elf-gdb@16.3_20250913"
time="2026-01-28T18:03:30Z" level=info msg="Tool required for debug" tool="arduino:avr-gcc@7.3.0-atmel3.6.1-arduino7"
time="2026-01-28T18:03:30Z" level=info msg="Tool required for debug" tool="esp32:esp32p4_es-libs@3.3.6"
time="2026-01-28T18:03:30Z" level=info msg="Tool required for debug" tool="esp32:esp32s2-libs@3.3.6"
time="2026-01-28T18:03:30Z" level=info msg="Tool required for debug" tool="esp32:esp32s3-libs@3.3.6"
time="2026-01-28T18:03:30Z" level=info msg="Tool required for debug" tool="esp32:esptool_py@5.1.0"
time="2026-01-28T18:03:30Z" level=info msg="Tool required for debug" tool="esp32:mklittlefs@4.0.2-db0513a"
time="2026-01-28T18:03:30Z" level=info msg="Tool required for debug" tool="esp32:mkspiffs@0.2.3"
time="2026-01-28T18:03:30Z" level=info msg="Tool required for debug" tool="esp32:openocd-esp32@v0.12.0-esp32-20251215"
time="2026-01-28T18:03:30Z" level=info msg="Tool required for debug" tool="esp32:riscv32-esp-elf-gdb@16.3_20250913"
time="2026-01-28T18:03:30Z" level=info msg="Tool required for debug" tool="esp32:xtensa-esp-elf-gdb@16.3_20250913"
time="2026-01-28T18:03:30Z" level=info msg="Tool required for debug" tool="builtin:dfu-discovery@0.1.2"
time="2026-01-28T18:03:30Z" level=info msg="Tool required for debug" tool="arduino:arduinoOTA@1.3.0"
time="2026-01-28T18:03:30Z" level=info msg="Tool required for debug" tool="builtin:serial-monitor@0.15.0"
time="2026-01-28T18:03:30Z" level=info msg="Tool required for debug" tool="builtin:mdns-discovery@1.0.12"
time="2026-01-28T18:03:30Z" level=info msg="Tool required for debug" tool="builtin:dfu-discovery@0.1.2"
time="2026-01-28T18:03:30Z" level=info msg="Tool required for debug" tool="arduino:avrdude@8.0.0-arduino1"
time="2026-01-28T18:03:30Z" level=info msg="Tool required for debug" tool="arduino:avr-gcc@7.3.0-atmel3.6.1-arduino7"
time="2026-01-28T18:03:30Z" level=info msg="Tool required for debug" tool="builtin:ctags@5.8-arduino11"
time="2026-01-28T18:03:30Z" level=info msg="Tool required for debug" tool="builtin:serial-discovery@1.4.3"
time="2026-01-28T18:03:30Z" level=info msg="Tool required for debug" tool="arduino:arduinoOTA@1.3.0"
time="2026-01-28T18:03:30Z" level=info msg="Tool required for debug" tool="builtin:serial-discovery@1.4.3"
time="2026-01-28T18:03:30Z" level=info msg="Tool required for debug" tool="builtin:serial-monitor@0.15.0"
time="2026-01-28T18:03:30Z" level=info msg="Tool required for debug" tool="builtin:mdns-discovery@1.0.12"
time="2026-01-28T18:03:30Z" level=info msg="Tool required for debug" tool="arduino:avrdude@8.0.0-arduino1"
time="2026-01-28T18:03:30Z" level=info msg="Tool required for debug" tool="builtin:ctags@5.8-arduino11"
2026-01-28 18:03:30 2026-01-28T18:03:30.504Z daemon INFO time="2026-01-28T18:03:30Z" level=info msg="Tool required for debug" tool="arduino:dfu-util@0.11.0-arduino5"
time="2026-01-28T18:03:30Z" level=info msg="Tool required for debug" tool="esp32:esp-rv32@2511"
time="2026-01-28T18:03:30Z" level=info msg="Tool required for debug" tool="esp32:esp-x32@2511"
time="2026-01-28T18:03:30Z" level=info msg="Tool required for debug" tool="esp32:esp32-libs@3.3.6"
time="2026-01-28T18:03:30Z" level=info msg="Tool required for debug" tool="esp32:esp32c3-libs@3.3.6"
time="2026-01-28T18:03:30Z" level=info msg="Tool required for debug" tool="esp32:esp32c5-libs@3.3.6"
time="2026-01-28T18:03:30Z" level=info msg="Tool required for debug" tool="esp32:esp32c6-libs@3.3.6"
time="2026-01-28T18:03:30Z" level=info msg="Tool required for debug" tool="esp32:esp32h2-libs@3.3.6"
time="2026-01-28T18:03:30Z" level=info msg="Tool required for debug" tool="esp32:esp32p4-libs@3.3.6"
time="2026-01-28T18:03:30Z" level=info msg="Tool required for debug" tool="esp32:esp32p4_es-libs@3.3.6"
time="2026-01-28T18:03:30Z" level=info msg="Tool required for debug" tool="esp32:esp32s2-libs@3.3.6"
time="2026-01-28T18:03:30Z" level=info msg="Tool required for debug" tool="esp32:esp32s3-libs@3.3.6"
time="2026-01-28T18:03:30Z" level=info msg="Tool required for debug" tool="esp32:esptool_py@5.1.0"
time="2026-01-28T18:03:30Z" level=info msg="Tool required for debug" tool="esp32:mklittlefs@4.0.2-db0513a"
time="2026-01-28T18:03:30Z" level=info msg="Tool required for debug" tool="esp32:mkspiffs@0.2.3"
time="2026-01-28T18:03:30Z" level=info msg="Tool required for debug" tool="esp32:openocd-esp32@v0.12.0-esp32-20251215"
time="2026-01-28T18:03:30Z" level=info msg="Tool required for debug" tool="esp32:riscv32-esp-elf-gdb@16.3_20250913"
time="2026-01-28T18:03:30Z" level=info msg="Tool required for debug" tool="esp32:xtensa-esp-elf-gdb@16.3_20250913"
time="2026-01-28T18:03:30Z" level=info msg="Tool required for debug" tool="arduino:arduinoOTA@1.3.0"
time="2026-01-28T18:03:30Z" level=info msg="Tool required for debug" tool="arduino:avr-gcc@7.3.0-atmel3.6.1-arduino7"
time="2026-01-28T18:03:30Z" level=info msg="Tool required for debug" tool="builtin:dfu-discovery@0.1.2"
time="2026-01-28T18:03:30Z" level=info msg="Tool required for debug" tool="arduino:avrdude@8.0.0-arduino1"
time="2026-01-28T18:03:30Z" level=info msg="Tool required for debug" tool="builtin:mdns-discovery@1.0.12"
time="2026-01-28T18:03:30Z" level=info msg="Tool required for debug" tool="builtin:serial-discovery@1.4.3"
time="2026-01-28T18:03:30Z" level=info msg="Tool required for debug" tool="builtin:serial-monitor@0.15.0"
time="2026-01-28T18:03:30Z" level=info msg="Tool required for debug" tool="builtin:ctags@5.8-arduino11"
time="2026-01-28T18:03:30Z" level=info msg="Tool required for debug" tool="arduino:dfu-util@0.11.0-arduino5"
time="2026-01-28T18:03:30Z" level=info msg="Tool required for debug" tool="esp32:esp-rv32@2511"
time="2026-01-28T18:03:30Z" level=info msg="Tool required for debug" tool="esp32:esp-x32@2511"
time="2026-01-28T18:03:30Z" level=info msg="Tool required for debug" tool="esp32:esp32-libs@3.3.6"
time="2026-01-28T18:03:30Z" level=info msg="Tool required for debug" tool="esp32:esp32c3-libs@3.3.6"
time="2026-01-28T18:03:30Z" level=info msg="Tool required for debug" tool="esp32:esp32c5-libs@3.3.6"
2026-01-28 18:03:30 2026-01-28T18:03:30.504Z daemon INFO time="2026-01-28T18:03:30Z" level=info msg="Tool required for debug" tool="esp32:esp32c6-libs@3.3.6"
time="2026-01-28T18:03:30Z" level=info msg="Tool required for debug" tool="esp32:esp32h2-libs@3.3.6"
time="2026-01-28T18:03:30Z" level=info msg="Tool required for debug" tool="esp32:esp32p4-libs@3.3.6"
time="2026-01-28T18:03:30Z" level=info msg="Tool required for debug" tool="esp32:esp32p4_es-libs@3.3.6"
time="2026-01-28T18:03:30Z" level=info msg="Tool required for debug" tool="esp32:esp32s2-libs@3.3.6"
time="2026-01-28T18:03:30Z" level=info msg="Tool required for debug" tool="esp32:esp32s3-libs@3.3.6"
time="2026-01-28T18:03:30Z" level=info msg="Tool required for debug" tool="esp32:esptool_py@5.1.0"
time="2026-01-28T18:03:30Z" level=info msg="Tool required for debug" tool="esp32:mklittlefs@4.0.2-db0513a"
time="2026-01-28T18:03:30Z" level=info msg="Tool required for debug" tool="esp32:mkspiffs@0.2.3"
time="2026-01-28T18:03:30Z" level=info msg="Tool required for debug" tool="esp32:openocd-esp32@v0.12.0-esp32-20251215"
2026-01-28 18:03:30 2026-01-28T18:03:30.504Z daemon INFO time="2026-01-28T18:03:30Z" level=info msg="Tool required for debug" tool="esp32:riscv32-esp-elf-gdb@16.3_20250913"
time="2026-01-28T18:03:30Z" level=info msg="Tool required for debug" tool="esp32:xtensa-esp-elf-gdb@16.3_20250913"
time="2026-01-28T18:03:30Z" level=info msg="Tool required for debug" tool="arduino:avrdude@8.0.0-arduino1"
2026-01-28 18:03:30 2026-01-28T18:03:30.621Z daemon INFO time="2026-01-28T18:03:30Z" level=info msg="Tool required for debug" tool="builtin:ctags@5.8-arduino11"
time="2026-01-28T18:03:30Z" level=info msg="Tool required for debug" tool="builtin:dfu-discovery@0.1.2"
time="2026-01-28T18:03:30Z" level=info msg="Tool required for debug" tool="builtin:serial-monitor@0.15.0"
time="2026-01-28T18:03:30Z" level=info msg="Tool required for debug" tool="arduino:avr-gcc@7.3.0-atmel3.6.1-arduino7"
time="2026-01-28T18:03:30Z" level=info msg="Tool required for debug" tool="arduino:arduinoOTA@1.3.0"
time="2026-01-28T18:03:30Z" level=info msg="Tool required for debug" tool="builtin:mdns-discovery@1.0.12"
time="2026-01-28T18:03:30Z" level=info msg="Tool required for debug" tool="builtin:serial-discovery@1.4.3"
time="2026-01-28T18:03:30Z" level=info msg="Tool required for debug" tool="arduino:dfu-util@0.11.0-arduino5"
time="2026-01-28T18:03:30Z" level=info msg="Tool required for debug" tool="esp32:esp-rv32@2511"
time="2026-01-28T18:03:30Z" level=info msg="Tool required for debug" tool="esp32:esp-x32@2511"
time="2026-01-28T18:03:30Z" level=info msg="Tool required for debug" tool="esp32:esp32-libs@3.3.6"
time="2026-01-28T18:03:30Z" level=info msg="Tool required for debug" tool="esp32:esp32c3-libs@3.3.6"
time="2026-01-28T18:03:30Z" level=info msg="Tool required for debug" tool="esp32:esp32c5-libs@3.3.6"
time="2026-01-28T18:03:30Z" level=info msg="Tool required for debug" tool="esp32:esp32c6-libs@3.3.6"
time="2026-01-28T18:03:30Z" level=info msg="Tool required for debug" tool="esp32:esp32h2-libs@3.3.6"
time="2026-01-28T18:03:30Z" level=info msg="Tool required for debug" tool="esp32:esp32p4-libs@3.3.6"
time="2026-01-28T18:03:30Z" level=info msg="Tool required for debug" tool="esp32:esp32p4_es-libs@3.3.6"
time="2026-01-28T18:03:30Z" level=info msg="Tool required for debug" tool="esp32:esp32s2-libs@3.3.6"
time="2026-01-28T18:03:30Z" level=info msg="Tool required for debug" tool="esp32:esp32s3-libs@3.3.6"
time="2026-01-28T18:03:30Z" level=info msg="Tool required for debug" tool="esp32:esptool_py@5.1.0"
time="2026-01-28T18:03:30Z" level=info msg="Tool required for debug" tool="esp32:mklittlefs@4.0.2-db0513a"
time="2026-01-28T18:03:30Z" level=info msg="Tool required for debug" tool="esp32:mkspiffs@0.2.3"
time="2026-01-28T18:03:30Z" level=info msg="Tool required for debug" tool="esp32:openocd-esp32@v0.12.0-esp32-20251215"
time="2026-01-28T18:03:30Z" level=info msg="Tool required for debug" tool="esp32:riscv32-esp-elf-gdb@16.3_20250913"
time="2026-01-28T18:03:30Z" level=info msg="Tool required for debug" tool="esp32:xtensa-esp-elf-gdb@16.3_20250913"
time="2026-01-28T18:03:30Z" level=info msg="Tool required for debug" tool="builtin:mdns-discovery@1.0.12"
time="2026-01-28T18:03:30Z" level=info msg="Tool required for debug" tool="arduino:avrdude@8.0.0-arduino1"
time="2026-01-28T18:03:30Z" level=info msg="Tool required for debug" tool="builtin:serial-discovery@1.4.3"
time="2026-01-28T18:03:30Z" level=info msg="Tool required for debug" tool="builtin:ctags@5.8-arduino11"
time="2026-01-28T18:03:30Z" level=info msg="Tool required for debug" tool="arduino:avr-gcc@7.3.0-atmel3.6.1-arduino7"
time="2026-01-28T18:03:30Z" level=info msg="Tool required for debug" tool="builtin:dfu-discovery@0.1.2"
time="2026-01-28T18:03:30Z" level=info msg="Tool required for debug" tool="builtin:serial-monitor@0.15.0"
time="2026-01-28T18:03:30Z" level=info msg="Tool required for debug" tool="arduino:arduinoOTA@1.3.0"
time="2026-01-28T18:03:30Z" level=info msg="Tool required for debug" tool="arduino:dfu-util@0.11.0-arduino5"
time="2026-01-28T18:03:30Z" level=info msg="Tool required for debug" tool="esp32:esp-rv32@2511"
time="2026-01-28T18:03:30Z" level=info msg="Tool required for debug" tool="esp32:esp-x32@2511"
time="2026-01-28T18:03:30Z" level=info msg="Tool required for debug" tool="esp32:esp32-libs@3.3.6"
time="2026-01-28T18:03:30Z" level=info msg="Tool required for debug" tool="esp32:esp32c3-libs@3.3.6"
time="2026-01-28T18:03:30Z" level=info msg="Tool required for debug" tool="esp32:esp32c5-libs@3.3.6"
time="2026-01-28T18:03:30Z" level=info msg="Tool required for debug" tool="esp32:esp32c6-libs@3.3.6"
time="2026-01-28T18:03:30Z" level=info msg="Tool required for debug" tool="esp32:esp32h2-libs@3.3.6"
time="2026-01-28T18:03:30Z" level=info msg="Tool required for debug" tool="esp32:esp32p4-libs@3.3.6"
time="2026-01-28T18:03:30Z" level=info msg="Tool required for debug" tool="esp32:esp32p4_es-libs@3.3.6"
time="2026-01-28T18:03:30Z" level=info msg="Tool required for debug" tool="esp32:esp32s2-libs@3.3.6"
time="2026-01-28T18:03:30Z" level=info msg="Tool required for debug" tool="esp32:esp32s3-libs@3.3.6"
time="2026-01-28T18:03:30Z" level=info msg="Tool required for debug" tool="esp32:esptool_py@5.1.0"
time="2026-01-28T18:03:30Z" level=info msg="Tool required for debug" tool="esp32:mklittlefs@4.0.2-db0513a"
time="2026-01-28T18:03:30Z" level=info msg="Tool required for debug" tool="esp32:mkspiffs@0.2.3"
time="2026-01-28T18:03:30Z" level=info msg="Tool required for debug" tool="esp32:openocd-esp32@v0.12.0-esp32-20251215"
time="2026-01-28T18:03:30Z" level=info msg="Tool required for debug" tool="esp32:riscv32-esp-elf-gdb@16.3_20250913"
time="2026-01-28T18:03:30Z" level=info msg="Tool required for debug" tool="esp32:xtensa-esp-elf-gdb@16.3_20250913"
time="2026-01-28T18:03:30Z" level=info msg="Tool required for debug" tool="arduino:avrdude@8.0.0-arduino1"
time="2026-01-28T18:03:30Z" level=info msg="Tool required for debug" tool="builtin:ctags@5.8-arduino11"
time="2026-01-28T18:03:30Z" level=info msg="Tool required for debug" tool="builtin:dfu-discovery@0.1.2"
time="2026-01-28T18:03:30Z" level=info msg="Tool required for debug" tool="builtin:serial-discovery@1.4.3"
time="2026-01-28T18:03:30Z" level=info msg="Tool required for debug" tool="arduino:avr-gcc@7.3.0-atmel3.6.1-arduino7"
time="2026-01-28T18:03:30Z" level=info msg="Tool required for debug" tool="arduino:arduinoOTA@1.3.0"
time="2026-01-28T18:03:30Z" level=info msg="Tool required for debug" tool="builtin:serial-monitor@0.15.0"
time="2026-01-28T18:03:30Z" level=info msg="Tool required for debug" tool="builtin:mdns-discovery@1.0.12"
time="2026-01-28T18:03:30Z" level=info msg="Tool required for debug" tool="arduino:dfu-util@0.11.0-arduino5"
time="2026-01-28T18:03:30Z" level=info msg="Tool required for debug" tool="esp32:esp-rv32@2511"
time="2026-01-28T18:03:30Z" level=info msg="Tool required for debug" tool="esp32:esp-x32@2511"
time="2026-01-28T18:03:30Z" level=info msg="Tool required for debug" tool="esp32:esp32-libs@3.3.6"
time="2026-01-28T18:03:30Z" level=info msg="Tool required for debug" tool="esp32:esp32c3-libs@3.3.6"
time="2026-01-28T18:03:30Z" level=info msg="Tool required for debug" tool="esp32:esp32c5-libs@3.3.6"
time="2026-01-28T18:03:30Z" level=info msg="Tool required for debug" tool="esp32:esp32c6-libs@3.3.6"
time="2026-01-28T18:03:30Z" level=info msg="Tool required for debug" tool="esp32:esp32h2-libs@3.3.6"
time="2026-01-28T18:03:30Z" level=info msg="Tool required for debug" tool="esp32:esp32p4-libs@3.3.6"
time="2026-01-28T18:03:30Z" level=info msg="Tool required for debug" tool="esp32:esp32p4_es-libs@3.3.6"
time="2026-01-28T18:03:30Z" level=info msg="Tool required for debug" tool="esp32:esp32s2-libs@3.3.6"
time="2026-01-28T18:03:30Z" level=info msg="Tool required for debug" tool="esp32:esp32s3-libs@3.3.6"
time="2026-01-28T18:03:30Z" level=info msg="Tool required for debug" tool="esp32:esptool_py@5.1.0"
time="2026-01-28T18:03:30Z" level=info msg="Tool required for debug" tool="esp32:mklittlefs@4.0.2-db0513a"
time="2026-01-28T18:03:30Z" level=info msg="Tool required for debug" tool="esp32:mkspiffs@0.2.3"
time="2026-01-28T18:03:30Z" level=info msg="Tool required for debug" tool="esp32:openocd-esp32@v0.12.0-esp32-20251215"
time="2026-01-28T18:03:30Z" level=info msg="Tool required for debug" tool="esp32:riscv32-esp-elf-gdb@16.3_20250913"
time="2026-01-28T18:03:30Z" level=info msg="Tool required for debug" tool="esp32:xtensa-esp-elf-gdb@16.3_20250913"
time="2026-01-28T18:03:30Z" level=info msg="Tool required for debug" tool="builtin:ctags@5.8-arduino11"
time="2026-01-28T18:03:30Z" level=info msg="Tool required for debug" tool="arduino:avrdude@8.0.0-arduino1"
time="2026-01-28T18:03:30Z" level=info msg="Tool required for debug" tool="builtin:mdns-discovery@1.0.12"
time="2026-01-28T18:03:30Z" level=info msg="Tool required for debug" tool="arduino:avr-gcc@7.3.0-atmel3.6.1-arduino7"
time="2026-01-28T18:03:30Z" level=info msg="Tool required for debug" tool="builtin:serial-discovery@1.4.3"
time="2026-01-28T18:03:30Z" level=info msg="Tool required for debug" tool="arduino:dfu-util@0.11.0-arduino5"
time="2026-01-28T18:03:30Z" level=info msg="Tool required for debug" tool="builtin:serial-monitor@0.15.0"
time="2026-01-28T18:03:30Z" level=info msg="Tool required for debug" tool="esp32:esp-rv32@2511"
time="2026-01-28T18:03:30Z" level=info msg="Tool required for debug" tool="builtin:dfu-discovery@0.1.2"
time="2026-01-28T18:03:30Z" level=info msg="Tool required for debug" tool="esp32:esp-x32@2511"
time="2026-01-28T18:03:30Z" level=info msg="Tool required for debug" tool="esp32:esp32-libs@3.3.6"
time="2026-01-28T18:03:30Z" level=info msg="Tool required for debug" tool="arduino:arduinoOTA@1.3.0"
time="2026-01-28T18:03:30Z" level=info msg="Tool required for debug" tool="esp32:esp32c3-libs@3.3.6"
time="2026-01-28T18:03:30Z" level=info msg="Tool required for debug" tool="esp32:esp32c5-libs@3.3.6"
time="2026-01-28T18:03:30Z" level=info msg="Tool required for debug" tool="esp32:esp32c6-libs@3.3.6"
time="2026-01-28T18:03:30Z" level=info msg="Tool required for debug" tool="esp32:esp32h2-libs@3.3.6"
time="2026-01-28T18:03:30Z" level=info msg="Tool required for debug" tool="esp32:esp32p4-libs@3.3.6"
time="2026-01-28T18:03:30Z" level=info msg="Tool required for debug" tool="esp32:esp32p4_es-libs@3.3.6"
time="2026-01-28T18:03:30Z" level=info msg="Tool required for debug" tool="esp32:esp32s2-libs@3.3.6"
time="2026-01-28T18:03:30Z" level=info msg="Tool required for debug" tool="esp32:esp32s3-libs@3.3.6"
time="2026-01-28T18:03:30Z" level=info msg="Tool required for debug" tool="esp32:esptool_py@5.1.0"
time="2026-01-28T18:03:30Z" level=info msg="Tool required for debug" tool="esp32:mklittlefs@4.0.2-db0513a"
time="2026-01-28T18:03:30Z" level=info msg="Tool required for debug" tool="esp32:mkspiffs@0.2.3"
time="2026-01-28T18:03:30Z" level=info msg="Tool required for debug" tool="esp32:openocd-esp32@v0.12.0-esp32-20251215"
time="2026-01-28T18:03:30Z" level=info msg="Tool required for debug" tool="esp32:riscv32-esp-elf-gdb@16.3_20250913"
time="2026-01-28T18:03:30Z" level=info msg="Tool required for debug" tool="esp32:xtensa-esp-elf-gdb@16.3_20250913"
time="2026-01-28T18:03:30Z" level=info msg="Tool required for debug" tool="arduino:avrdude@8.0.0-arduino1"
time="2026-01-28T18:03:30Z" level=info msg="Tool required for debug" tool="builtin:mdns-discovery@1.0.12"
time="2026-01-28T18:03:30Z" level=info msg="Tool required for debug" tool="builtin:serial-discovery@1.4.3"
time="2026-01-28T18:03:30Z" level=info msg="Tool required for debug" tool="builtin:serial-monitor@0.15.0"
time="2026-01-28T18:03:30Z" level=info msg="Tool required for debug" tool="builtin:ctags@5.8-arduino11"
time="2026-01-28T18:03:30Z" level=info msg="Tool required for debug" tool="builtin:dfu-discovery@0.1.2"
time="2026-01-28T18:03:30Z" level=info msg="Tool required for debug" tool="arduino:avr-gcc@7.3.0-atmel3.6.1-arduino7"
time="2026-01-28T18:03:30Z" level=info msg="Tool required for debug" tool="arduino:arduinoOTA@1.3.0"
time="2026-01-28T18:03:30Z" level=info msg="Tool required for debug" tool="arduino:dfu-util@0.11.0-arduino5"
time="2026-01-28T18:03:30Z" level=info msg="Tool required for debug" tool="esp32:esp-rv32@2511"
time="2026-01-28T18:03:30Z" level=info msg="Tool required for debug" tool="esp32:esp-x32@2511"
time="2026-01-28T18:03:30Z" level=info msg="Tool required for debug" tool="esp32:esp32-libs@3.3.6"
time="2026-01-28T18:03:30Z" level=info msg="Tool required for debug" tool="esp32:esp32c3-libs@3.3.6"
time="2026-01-28T18:03:30Z" level=info msg="Tool required for debug" tool="esp32:esp32c5-libs@3.3.6"
time="2026-01-28T18:03:30Z" level=info msg="Tool required for debug" tool="esp32:esp32c6-libs@3.3.6"
time="2026-01-28T18:03:30Z" level=info msg="Tool required for debug" tool="esp32:esp32h2-libs@3.3.6"
time="2026-01-28T18:03:30Z" level=info msg="Tool required for debug" tool="esp32:esp32p4-libs@3.3.6"
time="2026-01-28T18:03:30Z" level=info msg="Tool required for debug" tool="esp32:esp32p4_es-libs@3.3.6"
time="2026-01-28T18:03:30Z" level=info msg="Tool required for debug" tool="esp32:esp32s2-libs@3.3.6"
time="2026-01-28T18:03:30Z" level=info msg="Tool required for debug" tool="esp32:esp32s3-libs@3.3.6"
time="2026-01-28T18:03:30Z" level=info msg="Tool required for debug" tool="esp32:esptool_py@5.1.0"
time="2026-01-28T18:03:30Z" level=info msg="Tool required for debug" tool="esp32:mklittlefs@4.0.2-db0513a"
time="2026-01-28T18:03:30Z" level=info msg="Tool required for debug" tool="esp32:mkspiffs@0.2.3"
time="2026-01-28T18:03:30Z" level=info msg="Tool required for debug" tool="esp32:openocd-esp32@v0.12.0-esp32-20251215"
time="2026-01-28T18:03:30Z" level=info msg="Tool required for debug" tool="esp32:riscv32-esp-elf-gdb@16.3_20250913"
time="2026-01-28T18:03:30Z" level=info msg="Tool required for debug" tool="esp32:xtensa-esp-elf-gdb@16.3_20250913"
time="2026-01-28T18:03:30Z" level=info msg="Tool required for debug" tool="arduino:avr-gcc@7.3.0-atmel3.6.1-arduino7"
time="2026-01-28T18:03:30Z" level=info msg="Tool required for debug" tool="builtin:ctags@5.8-arduino11"
time="2026-01-28T18:03:30Z" level=info msg="Tool required for debug" tool="arduino:arduinoOTA@1.3.0"
time="2026-01-28T18:03:30Z" level=info msg="Tool required for debug" tool="builtin:mdns-discovery@1.0.12"
time="2026-01-28T18:03:30Z" level=info msg="Tool required for debug" tool="arduino:avrdude@8.0.0-arduino1"
time="2026-01-28T18:03:30Z" level=info msg="Tool required for debug" tool="builtin:serial-monitor@0.15.0"
time="2026-01-28T18:03:30Z" level=info msg="Tool required for debug" tool="builtin:dfu-discovery@0.1.2"
time="2026-01-28T18:03:30Z" level=info msg="Tool required for debug" tool="builtin:serial-discovery@1.4.3"
time="2026-01-28T18:03:30Z" level=info msg="Tool required for debug" tool="arduino:dfu-util@0.11.0-arduino5"
time="2026-01-28T18:03:30Z" level=info msg="Tool required for debug" tool="esp32:esp-rv32@2511"
time="2026-01-28T18:03:30Z" level=info msg="Tool required for debug" tool="esp32:esp-x32@2511"
time="2026-01-28T18:03:30Z" level=info msg="Tool required for debug" tool="esp32:esp32-libs@3.3.6"
time="2026-01-28T18:03:30Z" level=info msg="Tool required for debug" tool="esp32:esp32c3-libs@3.3.6"
time="2026-01-28T18:03:30Z" level=info msg="Tool required for debug" tool="esp32:esp32c5-libs@3.3.6"
time="2026-01-28T18:03:30Z" level=info msg="Tool required for debug" tool="esp32:esp32c6-libs@3.3.6"
time="2026-01-28T18:03:30Z" level=info msg="Tool required for debug" tool="esp32:esp32h2-libs@3.3.6"
time="2026-01-28T18:03:30Z" level=info msg="Tool required for debug" tool="esp32:esp32p4-libs@3.3.6"
time="2026-01-28T18:03:30Z" level=info msg="Tool required for debug" tool="esp32:esp32p4_es-libs@3.3.6"
time="2026-01-28T18:03:30Z" level=info msg="Tool required for debug" tool="esp32:esp32s2-libs@3.3.6"
time="2026-01-28T18:03:30Z" level=info msg="Tool required for debug" tool="esp32:esp32s3-libs@3.3.6"
time="2026-01-28T18:03:30Z" level=info msg="Tool required for debug" tool="esp32:esptool_py@5.1.0"
time="2026-01-28T18:03:30Z" level=info msg="Tool required for debug" tool="esp32:mklittlefs@4.0.2-db0513a"
time="2026-01-28T18:03:30Z" level=info msg="Tool required for debug" tool="esp32:mkspiffs@0.2.3"
time="2026-01-28T18:03:30Z" level=info msg="Tool required for debug" tool="esp32:openocd-esp32@v0.12.0-esp32-20251215"
time="2026-01-28T18:03:30Z" level=info msg="Tool required for debug" tool="esp32:riscv32-esp-elf-gdb@16.3_20250913"
time="2026-01-28T18:03:30Z" level=info msg="Tool required for debug" tool="esp32:xtensa-esp-elf-gdb@16.3_20250913"
time="2026-01-28T18:03:30Z" level=info msg="Tool required for debug" tool="builtin:dfu-discovery@0.1.2"
time="2026-01-28T18:03:30Z" level=info msg="Tool required for debug" tool="builtin:serial-discovery@1.4.3"
time="2026-01-28T18:03:30Z" level=info msg="Tool required for debug" tool="builtin:ctags@5.8-arduino11"
time="2026-01-28T18:03:30Z" level=info msg="Tool required for debug" tool="arduino:avr-gcc@7.3.0-atmel3.6.1-arduino7"
time="2026-01-28T18:03:30Z" level=info msg="Tool required for debug" tool="builtin:mdns-discovery@1.0.12"
time="2026-01-28T18:03:30Z" level=info msg="Tool required for debug" tool="arduino:arduinoOTA@1.3.0"
time="2026-01-28T18:03:30Z" level=info msg="Tool required for debug" tool="arduino:avrdude@8.0.0-arduino1"
time="2026-01-28T18:03:30Z" level=info msg="Tool required for debug" tool="builtin:serial-monitor@0.15.0"
time="2026-01-28T18:03:30Z" level=info msg="Tool required for debug" tool="arduino:dfu-util@0.11.0-arduino5"
time="2026-01-28T18:03:30Z" level=info msg="Tool required for debug" tool="esp32:esp-rv32@2511"
time="2026-01-28T18:03:30Z" level=info msg="Tool required for debug" tool="esp32:esp-x32@2511"
time="2026-01-28T18:03:30Z" level=info msg="Tool required for debug" tool="esp32:esp32-libs@3.3.6"
time="2026-01-28T18:03:30Z" level=info msg="Tool required for debug" tool="esp32:esp32c3-libs@3.3.6"
time="2026-01-28T18:03:30Z" level=info msg="Tool required for debug" tool="esp32:esp32c5-libs@3.3.6"
time="2026-01-28T18:03:30Z" level=info msg="Tool required for debug" tool="esp32:esp32c6-libs@3.3.6"
time="2026-01-28T18:03:30Z" level=info msg="Tool required for debug" tool="esp32:esp32h2-libs@3.3.6"
time="2026-01-28T18:03:30Z" level=info msg="Tool required for debug" tool="esp32:esp32p4-libs@3.3.6"
time="2026-01-28T18:03:30Z" level=info msg="Tool required for debug" tool="esp32:esp32p4_es-libs@3.3.6"
time="2026-01-28T18:03:30Z" level=info msg="Tool required for debug" tool="esp32:esp32s2-libs@3.3.6"
time="2026-01-28T18:03:30Z" level=info msg="Tool required for debug" tool="esp32:esp32s3-libs@3.3.6"
time="2026-01-28T18:03:30Z" level=info msg="Tool required for debug" tool="esp32:esptool_py@5.1.0"
time="2026-01-28T18:03:30Z" level=info msg="Tool required for debug" tool="esp32:mklittlefs@4.0.2-db0513a"
time="2026-01-28T18:03:30Z" level=info msg="Tool required for debug" tool="esp32:mkspiffs@0.2.3"
time="2026-01-28T18:03:30Z" level=info msg="Tool required for debug" tool="esp32:openocd-esp32@v0.12.0-esp32-20251215"
time="2026-01-28T18:03:30Z" level=info msg="Tool required for debug" tool="esp32:riscv32-esp-elf-gdb@16.3_20250913"
time="2026-01-28T18:03:30Z" level=info msg="Tool required for debug" tool="esp32:xtensa-esp-elf-gdb@16.3_20250913"
time="2026-01-28T18:03:30Z" level=info msg="Tool required for debug" tool="builtin:dfu-discovery@0.1.2"
time="2026-01-28T18:03:30Z" level=info msg="Tool required for debug" tool="builtin:serial-monitor@0.15.0"
time="2026-01-28T18:03:30Z" level=info msg="Tool required for debug" tool="arduino:arduinoOTA@1.3.0"
time="2026-01-28T18:03:30Z" level=info msg="Tool required for debug" tool="arduino:avrdude@8.0.0-arduino1"
time="2026-01-28T18:03:30Z" level=info msg="Tool required for debug" tool="builtin:ctags@5.8-arduino11"
time="2026-01-28T18:03:30Z" level=info msg="Tool required for debug" tool="arduino:avr-gcc@7.3.0-atmel3.6.1-arduino7"
time="2026-01-28T18:03:30Z" level=info msg="Tool required for debug" tool="builtin:mdns-discovery@1.0.12"
time="2026-01-28T18:03:30Z" level=info msg="Tool required for debug" tool="builtin:serial-discovery@1.4.3"
time="2026-01-28T18:03:30Z" level=info msg="Tool required for debug" tool="arduino:dfu-util@0.11.0-arduino5"
time="2026-01-28T18:03:30Z" level=info msg="Tool required for debug" tool="esp32:esp-rv32@2511"
time="2026-01-28T18:03:30Z" level=info msg="Tool required for debug" tool="esp32:esp-x32@2511"
time="2026-01-28T18:03:30Z" level=info msg="Tool required for debug" tool="esp32:esp32-libs@3.3.6"
time="2026-01-28T18:03:30Z" level=info msg="Tool required for debug" tool="esp32:esp32c3-libs@3.3.6"
time="2026-01-28T18:03:30Z" level=info msg="Tool required for debug" tool="esp32:esp32c5-libs@3.3.6"
time="2026-01-28T18:03:30Z" level=info msg="Tool required for debug" tool="esp32:esp32c6-libs@3.3.6"
time="2026-01-28T18:03:30Z" level=info msg="Tool required for debug" tool="esp32:esp32h2-libs@3.3.6"
time="2026-01-28T18:03:30Z" level=info msg="Tool required for debug" tool="esp32:esp32p4-libs@3.3.6"
time="2026-01-28T18:03:30Z" level=info msg="Tool required for debug" tool="esp32:esp32p4_es-libs@3.3.6"
time="2026-01-28T18:03:30Z" level=info msg="Tool required for debug" tool="esp32:esp32s2-libs@3.3.6"
time="2026-01-28T18:03:30Z" level=info msg="Tool required for debug" tool="esp32:esp32s3-libs@3.3.6"
time="2026-01-28T18:03:30Z" level=info msg="Tool required for debug" tool="esp32:esptool_py@5.1.0"
time="2026-01-28T18:03:30Z" level=info msg="Tool required for debug" tool="esp32:mklittlefs@4.0.2-db0513a"
time="2026-01-28T18:03:30Z" level=info msg="Tool required for debug" tool="esp32:mkspiffs@0.2.3"
time="2026-01-28T18:03:30Z" level=info msg="Tool required for debug" tool="esp32:openocd-esp32@v0.12.0-esp32-20251215"
time="2026-01-28T18:03:30Z" level=info msg="Tool required for debug" tool="esp32:riscv32-esp-elf-gdb@16.3_20250913"
time="2026-01-28T18:03:30Z" level=info msg="Tool required for debug" tool="esp32:xtensa-esp-elf-gdb@16.3_20250913"
time="2026-01-28T18:03:30Z" level=info msg="Tool required for debug" tool="builtin:serial-discovery@1.4.3"
time="2026-01-28T18:03:30Z" level=info msg="Tool required for debug" tool="builtin:dfu-discovery@0.1.2"
time="2026-01-28T18:03:30Z" level=info msg="Tool required for debug" tool="arduino:arduinoOTA@1.3.0"
time="2026-01-28T18:03:30Z" level=info msg="Tool required for debug" tool="arduino:avrdude@8.0.0-arduino1"
time="2026-01-28T18:03:30Z" level=info msg="Tool required for debug" tool="arduino:avr-gcc@7.3.0-atmel3.6.1-arduino7"
time="2026-01-28T18:03:30Z" level=info msg="Tool required for debug" tool="builtin:serial-monitor@0.15.0"
time="2026-01-28T18:03:30Z" level=info msg="Tool required for debug" tool="builtin:mdns-discovery@1.0.12"
time="2026-01-28T18:03:30Z" level=info msg="Tool required for debug" tool="builtin:ctags@5.8-arduino11"
time="2026-01-28T18:03:30Z" level=info msg="Tool required for debug" tool="arduino:dfu-util@0.11.0-arduino5"
time="2026-01-28T18:03:30Z" level=info msg="Tool required for debug" tool="esp32:esp-rv32@2511"
time="2026-01-28T18:03:30Z" level=info msg="Tool required for debug" tool="esp32:esp-x32@2511"
time="2026-01-28T18:03:30Z" level=info msg="Tool required for debug" tool="esp32:esp32-libs@3.3.6"
time="2026-01-28T18:03:30Z" level=info msg="Tool required for debug" tool="esp32:esp32c3-libs@3.3.6"
time="2026-01-28T18:03:30Z" level=info msg="Tool required for debug" tool="esp32:esp32c5-libs@3.3.6"
time="2026-01-28T18:03:30Z" level=info msg="Tool required for debug" tool="esp32:esp32c6-libs@3.3.6"
time="2026-01-28T18:03:30Z" level=info msg="Tool required for debug" tool="esp32:esp32h2-libs@3.3.6"
time="2026-01-28T18:03:30Z" level=info msg="Tool required for debug" tool="esp32:esp32p4-libs@3.3.6"
time="2026-01-28T18:03:30Z" level=info msg="Tool required for debug" tool="esp32:esp32p4_es-libs@3.3.6"
time="2026-01-28T18:03:30Z" level=info msg="Tool required for debug" tool="esp32:esp32s2-libs@3.3.6"
time="2026-01-28T18:03:30Z" level=info msg="Tool required for debug" tool="esp32:esp32s3-libs@3.3.6"
time="2026-01-28T18:03:30Z" level=info msg="Tool required for debug" tool="esp32:esptool_py@5.1.0"
time="2026-01-28T18:03:30Z" level=info msg="Tool required for debug" tool="esp32:mklittlefs@4.0.2-db0513a"
time="2026-01-28T18:03:30Z" level=info msg="Tool required for debug" tool="esp32:mkspiffs@0.2.3"
time="2026-01-28T18:03:30Z" level=info msg="Tool required for debug" tool="esp32:openocd-esp32@v0.12.0-esp32-20251215"
time="2026-01-28T18:03:30Z" level=info msg="Tool required for debug" tool="esp32:riscv32-esp-elf-gdb@16.3_20250913"
time="2026-01-28T18:03:30Z" level=info msg="Tool required for debug" tool="esp32:xtensa-esp-elf-gdb@16.3_20250913"
time="2026-01-28T18:03:30Z" level=info msg="Tool required for debug" tool="arduino:avrdude@8.0.0-arduino1"
time="2026-01-28T18:03:30Z" level=info msg="Tool required for debug" tool="arduino:avr-gcc@7.3.0-atmel3.6.1-arduino7"
time="2026-01-28T18:03:30Z" level=info msg="Tool required for debug" tool="builtin:serial-discovery@1.4.3"
time="2026-01-28T18:03:30Z" level=info msg="Tool required for debug" tool="builtin:dfu-discovery@0.1.2"
time="2026-01-28T18:03:30Z" level=info msg="Tool required for debug" tool="builtin:mdns-discovery@1.0.12"
time="2026-01-28T18:03:30Z" level=info msg="Tool required for debug" tool="arduino:arduinoOTA@1.3.0"
time="2026-01-28T18:03:30Z" level=info msg="Tool required for debug" tool="builtin:ctags@5.8-arduino11"
time="2026-01-28T18:03:30Z" level=info msg="Tool required for debug" tool="builtin:serial-monitor@0.15.0"
time="2026-01-28T18:03:30Z" level=info msg="Tool required for debug" tool="arduino:dfu-util@0.11.0-arduino5"
time="2026-01-28T18:03:30Z" level=info msg="Tool required for debug" tool="esp32:esp-rv32@2511"
time="2026-01-28T18:03:30Z" level=info msg="Tool required for debug" tool="esp32:esp-x32@2511"
time="2026-01-28T18:03:30Z" level=info msg="Tool required for debug" tool="esp32:esp32-libs@3.3.6"
time="2026-01-28T18:03:30Z" level=info msg="Tool required for debug" tool="esp32:esp32c3-libs@3.3.6"
time="2026-01-28T18:03:30Z" level=info msg="Tool required for debug" tool="esp32:esp32c5-libs@3.3.6"
time="2026-01-28T18:03:30Z" level=info msg="Tool required for debug" tool="esp32:esp32c6-libs@3.3.6"
time="2026-01-28T18:03:30Z" level=info msg="Tool required for debug" tool="esp32:esp32h2-libs@3.3.6"
time="2026-01-28T18:03:30Z" level=info msg="Tool required for debug" tool="esp32:esp32p4-libs@3.3.6"
time="2026-01-28T18:03:30Z" level=info msg="Tool required for debug" tool="esp32:esp32p4_es-libs@3.3.6"
time="2026-01-28T18:03:30Z" level=info msg="Tool required for debug" tool="esp32:esp32s2-libs@3.3.6"
time="2026-01-28T18:03:30Z" level=info msg="Tool required for debug" tool="esp32:esp32s3-libs@3.3.6"
time="2026-01-28T18:03:30Z" level=info msg="Tool required for debug" tool="esp32:esptool_py@5.1.0"
time="2026-01-28T18:03:30Z" level=info msg="Tool required for debug" tool="esp32:mklittlefs@4.0.2-db0513a"
time="2026-01-28T18:03:30Z" level=info msg="Tool required for debug" tool="esp32:mkspiffs@0.2.3"
time="2026-01-28T18:03:30Z" level=info msg="Tool required for debug" tool="esp32:openocd-esp32@v0.12.0-esp32-20251215"
time="2026-01-28T18:03:30Z" level=info msg="Tool required for debug" tool="esp32:riscv32-esp-elf-gdb@16.3_20250913"
time="2026-01-28T18:03:30Z" level=info msg="Tool required for debug" tool="esp32:xtensa-esp-elf-gdb@16.3_20250913"
time="2026-01-28T18:03:30Z" level=info msg="Tool required for debug" tool="builtin:mdns-discovery@1.0.12"
time="2026-01-28T18:03:30Z" level=info msg="Tool required for debug" tool="builtin:ctags@5.8-arduino11"
time="2026-01-28T18:03:30Z" level=info msg="Tool required for debug" tool="arduino:avr-gcc@7.3.0-atmel3.6.1-arduino7"
time="2026-01-28T18:03:30Z" level=info msg="Tool required for debug" tool="arduino:avrdude@8.0.0-arduino1"
time="2026-01-28T18:03:30Z" level=info msg="Tool required for debug" tool="arduino:arduinoOTA@1.3.0"
time="2026-01-28T18:03:30Z" level=info msg="Tool required for debug" tool="builtin:dfu-discovery@0.1.2"
time="2026-01-28T18:03:30Z" level=info msg="Tool required for debug" tool="builtin:serial-discovery@1.4.3"
time="2026-01-28T18:03:30Z" level=info msg="Tool required for debug" tool="builtin:serial-monitor@0.15.0"
time="2026-01-28T18:03:30Z" level=info msg="Tool required for debug" tool="arduino:dfu-util@0.11.0-arduino5"
time="2026-01-28T18:03:30Z" level=info msg="Tool required for debug" tool="esp32:esp-rv32@2511"
time="2026-01-28T18:03:30Z" level=info msg="Tool required for debug" tool="esp32:esp-x32@2511"
time="2026-01-28T18:03:30Z" level=info msg="Tool required for debug" tool="esp32:esp32-libs@3.3.6"
time="2026-01-28T18:03:30Z" level=info msg="Tool required for debug" tool="esp32:esp32c3-libs@3.3.6"
time="2026-01-28T18:03:30Z" level=info msg="Tool required for debug" tool="esp32:esp32c5-libs@3.3.6"
time="2026-01-28T18:03:30Z" level=info msg="Tool required for debug" tool="esp32:esp32c6-libs@3.3.6"
time="2026-01-28T18:03:30Z" level=info msg="Tool required for debug" tool="esp32:esp32h2-libs@3.3.6"
time="2026-01-28T18:03:30Z" level=info msg="Tool required for debug" tool="esp32:esp32p4-libs@3.3.6"
time="2026-01-28T18:03:30Z" level=info msg="Tool required for debug" tool="esp32:esp32p4_es-libs@3.3.6"
time="2026-01-28T18:03:30Z" level=info msg="Tool required for debug" tool="esp32:esp32s2-libs@3.3.6"
time="2026-01-28T18:03:30Z" level=info msg="Tool required for debug" tool="esp32:esp32s3-libs@3.3.6"
2026-01-28 18:03:30 2026-01-28T18:03:30.623Z daemon INFO time="2026-01-28T18:03:30Z" level=info msg="Tool required for debug" tool="esp32:esptool_py@5.1.0"
time="2026-01-28T18:03:30Z" level=info msg="Tool required for debug" tool="esp32:mklittlefs@4.0.2-db0513a"
time="2026-01-28T18:03:30Z" level=info msg="Tool required for debug" tool="esp32:mkspiffs@0.2.3"
time="2026-01-28T18:03:30Z" level=info msg="Tool required for debug" tool="esp32:openocd-esp32@v0.12.0-esp32-20251215"
time="2026-01-28T18:03:30Z" level=info msg="Tool required for debug" tool="esp32:riscv32-esp-elf-gdb@16.3_20250913"
time="2026-01-28T18:03:30Z" level=info msg="Tool required for debug" tool="esp32:xtensa-esp-elf-gdb@16.3_20250913"
time="2026-01-28T18:03:30Z" level=info msg="Tool required for debug" tool="arduino:dfu-util@0.11.0-arduino5"
time="2026-01-28T18:03:30Z" level=info msg="Tool required for debug" tool="esp32:esp-rv32@2511"
time="2026-01-28T18:03:30Z" level=info msg="Tool required for debug" tool="esp32:esp-x32@2511"
time="2026-01-28T18:03:30Z" level=info msg="Tool required for debug" tool="esp32:esp32-libs@3.3.6"
time="2026-01-28T18:03:30Z" level=info msg="Tool required for debug" tool="esp32:esp32c3-libs@3.3.6"
time="2026-01-28T18:03:30Z" level=info msg="Tool required for debug" tool="arduino:avr-gcc@7.3.0-atmel3.6.1-arduino7"
time="2026-01-28T18:03:30Z" level=info msg="Tool required for debug" tool="builtin:ctags@5.8-arduino11"
time="2026-01-28T18:03:30Z" level=info msg="Tool required for debug" tool="builtin:dfu-discovery@0.1.2"
time="2026-01-28T18:03:30Z" level=info msg="Tool required for debug" tool="builtin:serial-discovery@1.4.3"
time="2026-01-28T18:03:30Z" level=info msg="Tool required for debug" tool="builtin:serial-monitor@0.15.0"
time="2026-01-28T18:03:30Z" level=info msg="Tool required for debug" tool="arduino:arduinoOTA@1.3.0"
time="2026-01-28T18:03:30Z" level=info msg="Tool required for debug" tool="arduino:avrdude@8.0.0-arduino1"
time="2026-01-28T18:03:30Z" level=info msg="Tool required for debug" tool="builtin:mdns-discovery@1.0.12"
time="2026-01-28T18:03:30Z" level=info msg="Tool required for debug" tool="arduino:dfu-util@0.11.0-arduino5"
time="2026-01-28T18:03:30Z" level=info msg="Tool required for debug" tool="esp32:esp-rv32@2511"
time="2026-01-28T18:03:30Z" level=info msg="Tool required for debug" tool="esp32:esp-x32@2511"
time="2026-01-28T18:03:30Z" level=info msg="Tool required for debug" tool="esp32:esp32-libs@3.3.6"
time="2026-01-28T18:03:30Z" level=info msg="Tool required for debug" tool="esp32:esp32c3-libs@3.3.6"
time="2026-01-28T18:03:30Z" level=info msg="Tool required for debug" tool="esp32:esp32c5-libs@3.3.6"
time="2026-01-28T18:03:30Z" level=info msg="Tool required for debug" tool="esp32:esp32c6-libs@3.3.6"
time="2026-01-28T18:03:30Z" level=info msg="Tool required for debug" tool="esp32:esp32h2-libs@3.3.6"
time="2026-01-28T18:03:30Z" level=info msg="Tool required for debug" tool="esp32:esp32p4-libs@3.3.6"
time="2026-01-28T18:03:30Z" level=info msg="Tool required for debug" tool="esp32:esp32p4_es-libs@3.3.6"
time="2026-01-28T18:03:30Z" level=info msg="Tool required for debug" tool="esp32:esp32s2-libs@3.3.6"
time="2026-01-28T18:03:30Z" level=info msg="Tool required for debug" tool="esp32:esp32s3-libs@3.3.6"
time="2026-01-28T18:03:30Z" level=info msg="Tool required for debug" tool="esp32:esptool_py@5.1.0"
time="2026-01-28T18:03:30Z" level=info msg="Tool required for debug" tool="esp32:esp32c5-libs@3.3.6"
time="2026-01-28T18:03:30Z" level=info msg="Tool required for debug" tool="esp32:esp32c6-libs@3.3.6"
time="2026-01-28T18:03:30Z" level=info msg="Tool required for debug" tool="esp32:esp32h2-libs@3.3.6"
time="2026-01-28T18:03:30Z" level=info msg="Tool required for debug" tool="esp32:esp32p4-libs@3.3.6"
time="2026-01-28T18:03:30Z" level=info msg="Tool required for debug" tool="esp32:esp32p4_es-libs@3.3.6"
time="2026-01-28T18:03:30Z" level=info msg="Tool required for debug" tool="esp32:esp32s2-libs@3.3.6"
time="2026-01-28T18:03:30Z" level=info msg="Tool required for debug" tool="esp32:esp32s3-libs@3.3.6"
time="2026-01-28T18:03:30Z" level=info msg="Tool required for debug" tool="esp32:esptool_py@5.1.0"
time="2026-01-28T18:03:30Z" level=info msg="Tool required for debug" tool="esp32:mklittlefs@4.0.2-db0513a"
time="2026-01-28T18:03:30Z" level=info msg="Tool required for debug" tool="esp32:mkspiffs@0.2.3"
time="2026-01-28T18:03:30Z" level=info msg="Tool required for debug" tool="esp32:openocd-esp32@v0.12.0-esp32-20251215"
time="2026-01-28T18:03:30Z" level=info msg="Tool required for debug" tool="esp32:riscv32-esp-elf-gdb@16.3_20250913"
time="2026-01-28T18:03:30Z" level=info msg="Tool required for debug" tool="esp32:xtensa-esp-elf-gdb@16.3_20250913"
time="2026-01-28T18:03:30Z" level=info msg="Tool required for debug" tool="arduino:arduinoOTA@1.3.0"
time="2026-01-28T18:03:30Z" level=info msg="Tool required for debug" tool="builtin:mdns-discovery@1.0.12"
time="2026-01-28T18:03:30Z" level=info msg="Tool required for debug" tool="esp32:mklittlefs@4.0.2-db0513a"
time="2026-01-28T18:03:30Z" level=info msg="Tool required for debug" tool="esp32:mkspiffs@0.2.3"
time="2026-01-28T18:03:30Z" level=info msg="Tool required for debug" tool="esp32:openocd-esp32@v0.12.0-esp32-20251215"
time="2026-01-28T18:03:30Z" level=info msg="Tool required for debug" tool="builtin:serial-monitor@0.15.0"
time="2026-01-28T18:03:30Z" level=info msg="Tool required for debug" tool="esp32:riscv32-esp-elf-gdb@16.3_20250913"
time="2026-01-28T18:03:30Z" level=info msg="Tool required for debug" tool="builtin:ctags@5.8-arduino11"
time="2026-01-28T18:03:30Z" level=info msg="Tool required for debug" tool="esp32:xtensa-esp-elf-gdb@16.3_20250913"
time="2026-01-28T18:03:30Z" level=info msg="Tool required for debug" tool="arduino:avrdude@8.0.0-arduino1"
time="2026-01-28T18:03:30Z" level=info msg="Tool required for debug" tool="arduino:avr-gcc@7.3.0-atmel3.6.1-arduino7"
time="2026-01-28T18:03:30Z" level=info msg="Tool required for debug" tool="builtin:dfu-discovery@0.1.2"
time="2026-01-28T18:03:30Z" level=info msg="Tool required for debug" tool="builtin:serial-discovery@1.4.3"
time="2026-01-28T18:03:30Z" level=info msg="Tool required for debug" tool="builtin:dfu-discovery@0.1.2"
time="2026-01-28T18:03:30Z" level=info msg="Tool required for debug" tool="builtin:mdns-discovery@1.0.12"
time="2026-01-28T18:03:30Z" level=info msg="Tool required for debug" tool="builtin:ctags@5.8-arduino11"
time="2026-01-28T18:03:30Z" level=info msg="Tool required for debug" tool="arduino:avr-gcc@7.3.0-atmel3.6.1-arduino7"
time="2026-01-28T18:03:30Z" level=info msg="Tool required for debug" tool="builtin:serial-monitor@0.15.0"
time="2026-01-28T18:03:30Z" level=info msg="Tool required for debug" tool="arduino:arduinoOTA@1.3.0"
time="2026-01-28T18:03:30Z" level=info msg="Tool required for debug" tool="arduino:avrdude@8.0.0-arduino1"
time="2026-01-28T18:03:30Z" level=info msg="Tool required for debug" tool="builtin:serial-discovery@1.4.3"
2026-01-28 18:03:30 2026-01-28T18:03:30.624Z daemon INFO time="2026-01-28T18:03:30Z" level=info msg="Tool required for debug" tool="arduino:dfu-util@0.11.0-arduino5"
time="2026-01-28T18:03:30Z" level=info msg="Tool required for debug" tool="esp32:esp-rv32@2511"
time="2026-01-28T18:03:30Z" level=info msg="Tool required for debug" tool="esp32:esp-x32@2511"
time="2026-01-28T18:03:30Z" level=info msg="Tool required for debug" tool="esp32:esp32-libs@3.3.6"
time="2026-01-28T18:03:30Z" level=info msg="Tool required for debug" tool="esp32:esp32c3-libs@3.3.6"
time="2026-01-28T18:03:30Z" level=info msg="Tool required for debug" tool="esp32:esp32c5-libs@3.3.6"
time="2026-01-28T18:03:30Z" level=info msg="Tool required for debug" tool="esp32:esp32c6-libs@3.3.6"
time="2026-01-28T18:03:30Z" level=info msg="Tool required for debug" tool="esp32:esp32h2-libs@3.3.6"
time="2026-01-28T18:03:30Z" level=info msg="Tool required for debug" tool="esp32:esp32p4-libs@3.3.6"
time="2026-01-28T18:03:30Z" level=info msg="Tool required for debug" tool="esp32:esp32p4_es-libs@3.3.6"
time="2026-01-28T18:03:30Z" level=info msg="Tool required for debug" tool="esp32:esp32s2-libs@3.3.6"
time="2026-01-28T18:03:30Z" level=info msg="Tool required for debug" tool="esp32:esp32s3-libs@3.3.6"
time="2026-01-28T18:03:30Z" level=info msg="Tool required for debug" tool="esp32:esptool_py@5.1.0"
time="2026-01-28T18:03:30Z" level=info msg="Tool required for debug" tool="esp32:mklittlefs@4.0.2-db0513a"
time="2026-01-28T18:03:30Z" level=info msg="Tool required for debug" tool="esp32:mkspiffs@0.2.3"
time="2026-01-28T18:03:30Z" level=info msg="Tool required for debug" tool="esp32:openocd-esp32@v0.12.0-esp32-20251215"
time="2026-01-28T18:03:30Z" level=info msg="Tool required for debug" tool="esp32:riscv32-esp-elf-gdb@16.3_20250913"
time="2026-01-28T18:03:30Z" level=info msg="Tool required for debug" tool="esp32:xtensa-esp-elf-gdb@16.3_20250913"
time="2026-01-28T18:03:30Z" level=info msg="Tool required for debug" tool="arduino:arduinoOTA@1.3.0"
time="2026-01-28T18:03:30Z" level=info msg="Tool required for debug" tool="builtin:mdns-discovery@1.0.12"
time="2026-01-28T18:03:30Z" level=info msg="Tool required for debug" tool="builtin:serial-discovery@1.4.3"
time="2026-01-28T18:03:30Z" level=info msg="Tool required for debug" tool="arduino:avrdude@8.0.0-arduino1"
time="2026-01-28T18:03:30Z" level=info msg="Tool required for debug" tool="arduino:avr-gcc@7.3.0-atmel3.6.1-arduino7"
time="2026-01-28T18:03:30Z" level=info msg="Tool required for debug" tool="builtin:serial-monitor@0.15.0"
time="2026-01-28T18:03:30Z" level=info msg="Tool required for debug" tool="builtin:ctags@5.8-arduino11"
time="2026-01-28T18:03:30Z" level=info msg="Tool required for debug" tool="builtin:dfu-discovery@0.1.2"
2026-01-28 18:03:30 2026-01-28T18:03:30.625Z daemon INFO time="2026-01-28T18:03:30Z" level=info msg="Tool required for debug" tool="arduino:dfu-util@0.11.0-arduino5"
time="2026-01-28T18:03:30Z" level=info msg="Tool required for debug" tool="esp32:esp-rv32@2511"
time="2026-01-28T18:03:30Z" level=info msg="Tool required for debug" tool="esp32:esp-x32@2511"
time="2026-01-28T18:03:30Z" level=info msg="Tool required for debug" tool="esp32:esp32-libs@3.3.6"
time="2026-01-28T18:03:30Z" level=info msg="Tool required for debug" tool="esp32:esp32c3-libs@3.3.6"
time="2026-01-28T18:03:30Z" level=info msg="Tool required for debug" tool="esp32:esp32c5-libs@3.3.6"
time="2026-01-28T18:03:30Z" level=info msg="Tool required for debug" tool="esp32:esp32c6-libs@3.3.6"
time="2026-01-28T18:03:30Z" level=info msg="Tool required for debug" tool="esp32:esp32h2-libs@3.3.6"
time="2026-01-28T18:03:30Z" level=info msg="Tool required for debug" tool="esp32:esp32p4-libs@3.3.6"
time="2026-01-28T18:03:30Z" level=info msg="Tool required for debug" tool="esp32:esp32p4_es-libs@3.3.6"
time="2026-01-28T18:03:30Z" level=info msg="Tool required for debug" tool="esp32:esp32s2-libs@3.3.6"
time="2026-01-28T18:03:30Z" level=info msg="Tool required for debug" tool="esp32:esp32s3-libs@3.3.6"
time="2026-01-28T18:03:30Z" level=info msg="Tool required for debug" tool="esp32:esptool_py@5.1.0"
time="2026-01-28T18:03:30Z" level=info msg="Tool required for debug" tool="esp32:mklittlefs@4.0.2-db0513a"
time="2026-01-28T18:03:30Z" level=info msg="Tool required for debug" tool="esp32:mkspiffs@0.2.3"
time="2026-01-28T18:03:30Z" level=info msg="Tool required for debug" tool="esp32:openocd-esp32@v0.12.0-esp32-20251215"
time="2026-01-28T18:03:30Z" level=info msg="Tool required for debug" tool="esp32:riscv32-esp-elf-gdb@16.3_20250913"
time="2026-01-28T18:03:30Z" level=info msg="Tool required for debug" tool="arduino:dfu-util@0.11.0-arduino5"
time="2026-01-28T18:03:30Z" level=info msg="Tool required for debug" tool="esp32:esp-rv32@2511"
time="2026-01-28T18:03:30Z" level=info msg="Tool required for debug" tool="esp32:xtensa-esp-elf-gdb@16.3_20250913"
time="2026-01-28T18:03:30Z" level=info msg="Tool required for debug" tool="arduino:arduinoOTA@1.3.0"
time="2026-01-28T18:03:30Z" level=info msg="Tool required for debug" tool="builtin:dfu-discovery@0.1.2"
time="2026-01-28T18:03:30Z" level=info msg="Tool required for debug" tool="builtin:serial-monitor@0.15.0"
time="2026-01-28T18:03:30Z" level=info msg="Tool required for debug" tool="arduino:avr-gcc@7.3.0-atmel3.6.1-arduino7"
time="2026-01-28T18:03:30Z" level=info msg="Tool required for debug" tool="builtin:ctags@5.8-arduino11"
time="2026-01-28T18:03:30Z" level=info msg="Tool required for debug" tool="builtin:serial-discovery@1.4.3"
time="2026-01-28T18:03:30Z" level=info msg="Tool required for debug" tool="arduino:avrdude@8.0.0-arduino1"
time="2026-01-28T18:03:30Z" level=info msg="Tool required for debug" tool="builtin:mdns-discovery@1.0.12"
time="2026-01-28T18:03:30Z" level=info msg="Tool required for debug" tool="esp32:esp-x32@2511"
time="2026-01-28T18:03:30Z" level=info msg="Tool required for debug" tool="esp32:esp32-libs@3.3.6"
time="2026-01-28T18:03:30Z" level=info msg="Tool required for debug" tool="esp32:esp32c3-libs@3.3.6"
time="2026-01-28T18:03:30Z" level=info msg="Tool required for debug" tool="esp32:esp32c5-libs@3.3.6"
time="2026-01-28T18:03:30Z" level=info msg="Tool required for debug" tool="esp32:esp32c6-libs@3.3.6"
time="2026-01-28T18:03:30Z" level=info msg="Tool required for debug" tool="esp32:esp32h2-libs@3.3.6"
time="2026-01-28T18:03:30Z" level=info msg="Tool required for debug" tool="esp32:esp32p4-libs@3.3.6"
time="2026-01-28T18:03:30Z" level=info msg="Tool required for debug" tool="esp32:esp32p4_es-libs@3.3.6"
time="2026-01-28T18:03:30Z" level=info msg="Tool required for debug" tool="esp32:esp32s2-libs@3.3.6"
time="2026-01-28T18:03:30Z" level=info msg="Tool required for debug" tool="esp32:esp32s3-libs@3.3.6"
time="2026-01-28T18:03:30Z" level=info msg="Tool required for debug" tool="esp32:esptool_py@5.1.0"
time="2026-01-28T18:03:30Z" level=info msg="Tool required for debug" tool="esp32:mklittlefs@4.0.2-db0513a"
time="2026-01-28T18:03:30Z" level=info msg="Tool required for debug" tool="esp32:mkspiffs@0.2.3"
time="2026-01-28T18:03:30Z" level=info msg="Tool required for debug" tool="esp32:openocd-esp32@v0.12.0-esp32-20251215"
time="2026-01-28T18:03:30Z" level=info msg="Tool required for debug" tool="esp32:riscv32-esp-elf-gdb@16.3_20250913"
time="2026-01-28T18:03:30Z" level=info msg="Tool required for debug" tool="esp32:xtensa-esp-elf-gdb@16.3_20250913"
time="2026-01-28T18:03:30Z" level=info msg="Tool required for debug" tool="builtin:ctags@5.8-arduino11"
time="2026-01-28T18:03:30Z" level=info msg="Tool required for debug" tool="builtin:serial-discovery@1.4.3"
time="2026-01-28T18:03:30Z" level=info msg="Tool required for debug" tool="arduino:avr-gcc@7.3.0-atmel3.6.1-arduino7"
time="2026-01-28T18:03:30Z" level=info msg="Tool required for debug" tool="builtin:serial-monitor@0.15.0"
time="2026-01-28T18:03:30Z" level=info msg="Tool required for debug" tool="builtin:dfu-discovery@0.1.2"
time="2026-01-28T18:03:30Z" level=info msg="Tool required for debug" tool="builtin:mdns-discovery@1.0.12"
time="2026-01-28T18:03:30Z" level=info msg="Tool required for debug" tool="arduino:arduinoOTA@1.3.0"
time="2026-01-28T18:03:30Z" level=info msg="Tool required for debug" tool="arduino:avrdude@8.0.0-arduino1"
2026-01-28 18:03:30 2026-01-28T18:03:30.626Z daemon INFO time="2026-01-28T18:03:30Z" level=info msg="Tool required for debug" tool="arduino:dfu-util@0.11.0-arduino5"
time="2026-01-28T18:03:30Z" level=info msg="Tool required for debug" tool="esp32:esp-rv32@2511"
time="2026-01-28T18:03:30Z" level=info msg="Tool required for debug" tool="esp32:esp-x32@2511"
time="2026-01-28T18:03:30Z" level=info msg="Tool required for debug" tool="esp32:esp32-libs@3.3.6"
time="2026-01-28T18:03:30Z" level=info msg="Tool required for debug" tool="esp32:esp32c3-libs@3.3.6"
time="2026-01-28T18:03:30Z" level=info msg="Tool required for debug" tool="esp32:esp32c5-libs@3.3.6"
time="2026-01-28T18:03:30Z" level=info msg="Tool required for debug" tool="esp32:esp32c6-libs@3.3.6"
time="2026-01-28T18:03:30Z" level=info msg="Tool required for debug" tool="esp32:esp32h2-libs@3.3.6"
time="2026-01-28T18:03:30Z" level=info msg="Tool required for debug" tool="esp32:esp32p4-libs@3.3.6"
time="2026-01-28T18:03:30Z" level=info msg="Tool required for debug" tool="esp32:esp32p4_es-libs@3.3.6"
time="2026-01-28T18:03:30Z" level=info msg="Tool required for debug" tool="esp32:esp32s2-libs@3.3.6"
time="2026-01-28T18:03:30Z" level=info msg="Tool required for debug" tool="esp32:esp32s3-libs@3.3.6"
time="2026-01-28T18:03:30Z" level=info msg="Tool required for debug" tool="esp32:esptool_py@5.1.0"
time="2026-01-28T18:03:30Z" level=info msg="Tool required for debug" tool="esp32:mklittlefs@4.0.2-db0513a"
time="2026-01-28T18:03:30Z" level=info msg="Tool required for debug" tool="esp32:mkspiffs@0.2.3"
time="2026-01-28T18:03:30Z" level=info msg="Tool required for debug" tool="esp32:openocd-esp32@v0.12.0-esp32-20251215"
time="2026-01-28T18:03:30Z" level=info msg="Tool required for debug" tool="esp32:riscv32-esp-elf-gdb@16.3_20250913"
time="2026-01-28T18:03:30Z" level=info msg="Tool required for debug" tool="esp32:xtensa-esp-elf-gdb@16.3_20250913"
time="2026-01-28T18:03:30Z" level=info msg="Tool required for debug" tool="arduino:avrdude@8.0.0-arduino1"
time="2026-01-28T18:03:30Z" level=info msg="Tool required for debug" tool="builtin:serial-monitor@0.15.0"
time="2026-01-28T18:03:30Z" level=info msg="Tool required for debug" tool="builtin:dfu-discovery@0.1.2"
time="2026-01-28T18:03:30Z" level=info msg="Tool required for debug" tool="builtin:mdns-discovery@1.0.12"
time="2026-01-28T18:03:30Z" level=info msg="Tool required for debug" tool="builtin:serial-discovery@1.4.3"
time="2026-01-28T18:03:30Z" level=info msg="Tool required for debug" tool="arduino:avr-gcc@7.3.0-atmel3.6.1-arduino7"
time="2026-01-28T18:03:30Z" level=info msg="Tool required for debug" tool="builtin:ctags@5.8-arduino11"
time="2026-01-28T18:03:30Z" level=info msg="Tool required for debug" tool="arduino:arduinoOTA@1.3.0"
2026-01-28 18:03:30 2026-01-28T18:03:30.627Z daemon INFO time="2026-01-28T18:03:30Z" level=info msg="Tool required for debug" tool="arduino:dfu-util@0.11.0-arduino5"
time="2026-01-28T18:03:30Z" level=info msg="Tool required for debug" tool="esp32:esp-rv32@2511"
time="2026-01-28T18:03:30Z" level=info msg="Tool required for debug" tool="arduino:dfu-util@0.11.0-arduino5"
2026-01-28 18:03:30 2026-01-28T18:03:30.627Z daemon INFO time="2026-01-28T18:03:30Z" level=info msg="Tool required for debug" tool="esp32:esp-rv32@2511"
time="2026-01-28T18:03:30Z" level=info msg="Tool required for debug" tool="esp32:esp-x32@2511"
time="2026-01-28T18:03:30Z" level=info msg="Tool required for debug" tool="esp32:esp32-libs@3.3.6"
2026-01-28 18:03:30 2026-01-28T18:03:30.627Z daemon INFO time="2026-01-28T18:03:30Z" level=info msg="Tool required for debug" tool="esp32:esp32c3-libs@3.3.6"
2026-01-28 18:03:30 2026-01-28T18:03:30.627Z daemon INFO time="2026-01-28T18:03:30Z" level=info msg="Tool required for debug" tool="esp32:esp32c5-libs@3.3.6"
2026-01-28 18:03:30 2026-01-28T18:03:30.627Z daemon INFO time="2026-01-28T18:03:30Z" level=info msg="Tool required for debug" tool="esp32:esp32c6-libs@3.3.6"
2026-01-28 18:03:30 2026-01-28T18:03:30.627Z daemon INFO time="2026-01-28T18:03:30Z" level=info msg="Tool required for debug" tool="esp32:esp32h2-libs@3.3.6"
time="2026-01-28T18:03:30Z" level=info msg="Tool required for debug" tool="esp32:esp32p4-libs@3.3.6"
2026-01-28 18:03:30 2026-01-28T18:03:30.627Z daemon INFO time="2026-01-28T18:03:30Z" level=info msg="Tool required for debug" tool="esp32:esp32p4_es-libs@3.3.6"
2026-01-28 18:03:30 2026-01-28T18:03:30.627Z daemon INFO time="2026-01-28T18:03:30Z" level=info msg="Tool required for debug" tool="esp32:esp32s2-libs@3.3.6"
2026-01-28 18:03:30 2026-01-28T18:03:30.627Z daemon INFO time="2026-01-28T18:03:30Z" level=info msg="Tool required for debug" tool="esp32:esp32s3-libs@3.3.6"
2026-01-28 18:03:30 2026-01-28T18:03:30.627Z daemon INFO time="2026-01-28T18:03:30Z" level=info msg="Tool required for debug" tool="esp32:esptool_py@5.1.0"
2026-01-28 18:03:30 2026-01-28T18:03:30.627Z daemon INFO time="2026-01-28T18:03:30Z" level=info msg="Tool required for debug" tool="esp32:mklittlefs@4.0.2-db0513a"
2026-01-28 18:03:30 2026-01-28T18:03:30.627Z daemon INFO time="2026-01-28T18:03:30Z" level=info msg="Tool required for debug" tool="esp32:esp-x32@2511"
2026-01-28 18:03:30 2026-01-28T18:03:30.627Z daemon INFO time="2026-01-28T18:03:30Z" level=info msg="Tool required for debug" tool="esp32:esp32-libs@3.3.6"
2026-01-28 18:03:30 2026-01-28T18:03:30.627Z daemon INFO time="2026-01-28T18:03:30Z" level=info msg="Tool required for debug" tool="esp32:esp32c3-libs@3.3.6"
2026-01-28 18:03:30 2026-01-28T18:03:30.627Z daemon INFO time="2026-01-28T18:03:30Z" level=info msg="Tool required for debug" tool="esp32:esp32c5-libs@3.3.6"
time="2026-01-28T18:03:30Z" level=info msg="Tool required for debug" tool="esp32:esp32c6-libs@3.3.6"
2026-01-28 18:03:30 2026-01-28T18:03:30.627Z daemon INFO time="2026-01-28T18:03:30Z" level=info msg="Tool required for debug" tool="esp32:esp32h2-libs@3.3.6"
2026-01-28 18:03:30 2026-01-28T18:03:30.627Z daemon INFO time="2026-01-28T18:03:30Z" level=info msg="Tool required for debug" tool="esp32:esp32p4-libs@3.3.6"
time="2026-01-28T18:03:30Z" level=info msg="Tool required for debug" tool="esp32:esp32p4_es-libs@3.3.6"
2026-01-28 18:03:30 2026-01-28T18:03:30.627Z daemon INFO time="2026-01-28T18:03:30Z" level=info msg="Tool required for debug" tool="esp32:esp32s2-libs@3.3.6"
time="2026-01-28T18:03:30Z" level=info msg="Tool required for debug" tool="esp32:esp32s3-libs@3.3.6"
2026-01-28 18:03:30 2026-01-28T18:03:30.627Z daemon INFO time="2026-01-28T18:03:30Z" level=info msg="Tool required for debug" tool="esp32:esptool_py@5.1.0"
time="2026-01-28T18:03:30Z" level=info msg="Tool required for debug" tool="esp32:mklittlefs@4.0.2-db0513a"
2026-01-28 18:03:30 2026-01-28T18:03:30.627Z daemon INFO time="2026-01-28T18:03:30Z" level=info msg="Tool required for debug" tool="esp32:mkspiffs@0.2.3"
2026-01-28 18:03:30 2026-01-28T18:03:30.627Z daemon INFO time="2026-01-28T18:03:30Z" level=info msg="Tool required for debug" tool="esp32:openocd-esp32@v0.12.0-esp32-20251215"
2026-01-28 18:03:30 2026-01-28T18:03:30.627Z daemon INFO time="2026-01-28T18:03:30Z" level=info msg="Tool required for debug" tool="esp32:riscv32-esp-elf-gdb@16.3_20250913"
2026-01-28 18:03:30 2026-01-28T18:03:30.627Z daemon INFO time="2026-01-28T18:03:30Z" level=info msg="Tool required for debug" tool="esp32:xtensa-esp-elf-gdb@16.3_20250913"
2026-01-28 18:03:30 2026-01-28T18:03:30.627Z daemon INFO time="2026-01-28T18:03:30Z" level=info msg="Tool required for debug" tool="arduino:avr-gcc@7.3.0-atmel3.6.1-arduino7"
2026-01-28 18:03:30 2026-01-28T18:03:30.627Z daemon INFO time="2026-01-28T18:03:30Z" level=info msg="Tool required for debug" tool="builtin:mdns-discovery@1.0.12"
2026-01-28 18:03:30 2026-01-28T18:03:30.627Z daemon INFO time="2026-01-28T18:03:30Z" level=info msg="Tool required for debug" tool="esp32:mkspiffs@0.2.3"
time="2026-01-28T18:03:30Z" level=info msg="Tool required for debug" tool="esp32:openocd-esp32@v0.12.0-esp32-20251215"
time="2026-01-28T18:03:30Z" level=info msg="Tool required for debug" tool="esp32:riscv32-esp-elf-gdb@16.3_20250913"
2026-01-28 18:03:30 2026-01-28T18:03:30.627Z daemon INFO time="2026-01-28T18:03:30Z" level=info msg="Tool required for debug" tool="esp32:xtensa-esp-elf-gdb@16.3_20250913"
time="2026-01-28T18:03:30Z" level=info msg="Tool required for debug" tool="arduino:arduinoOTA@1.3.0"
time="2026-01-28T18:03:30Z" level=info msg="Tool required for debug" tool="arduino:avrdude@8.0.0-arduino1"
2026-01-28 18:03:30 2026-01-28T18:03:30.627Z daemon INFO time="2026-01-28T18:03:30Z" level=info msg="Tool required for debug" tool="builtin:serial-discovery@1.4.3"
2026-01-28 18:03:30 2026-01-28T18:03:30.627Z daemon INFO time="2026-01-28T18:03:30Z" level=info msg="Tool required for debug" tool="arduino:avr-gcc@7.3.0-atmel3.6.1-arduino7"
2026-01-28 18:03:30 2026-01-28T18:03:30.627Z daemon INFO time="2026-01-28T18:03:30Z" level=info msg="Tool required for debug" tool="builtin:ctags@5.8-arduino11"
time="2026-01-28T18:03:30Z" level=info msg="Tool required for debug" tool="builtin:dfu-discovery@0.1.2"
2026-01-28 18:03:30 2026-01-28T18:03:30.627Z daemon INFO time="2026-01-28T18:03:30Z" level=info msg="Tool required for debug" tool="builtin:serial-monitor@0.15.0"
2026-01-28 18:03:30 2026-01-28T18:03:30.627Z daemon INFO time="2026-01-28T18:03:30Z" level=info msg="Tool required for debug" tool="arduino:arduinoOTA@1.3.0"
2026-01-28 18:03:30 2026-01-28T18:03:30.627Z daemon INFO time="2026-01-28T18:03:30Z" level=info msg="Tool required for debug" tool="arduino:avrdude@8.0.0-arduino1"
2026-01-28 18:03:30 2026-01-28T18:03:30.627Z daemon INFO time="2026-01-28T18:03:30Z" level=info msg="Tool required for debug" tool="builtin:dfu-discovery@0.1.2"
2026-01-28 18:03:30 2026-01-28T18:03:30.627Z daemon INFO time="2026-01-28T18:03:30Z" level=info msg="Tool required for debug" tool="builtin:serial-discovery@1.4.3"
2026-01-28 18:03:30 2026-01-28T18:03:30.627Z daemon INFO time="2026-01-28T18:03:30Z" level=info msg="Tool required for debug" tool="builtin:serial-monitor@0.15.0"
2026-01-28 18:03:30 2026-01-28T18:03:30.627Z daemon INFO time="2026-01-28T18:03:30Z" level=info msg="Tool required for debug" tool="builtin:mdns-discovery@1.0.12"
2026-01-28 18:03:30 2026-01-28T18:03:30.627Z daemon INFO time="2026-01-28T18:03:30Z" level=info msg="Tool required for debug" tool="builtin:ctags@5.8-arduino11"
2026-01-28 18:03:30 2026-01-28T18:03:30.628Z daemon INFO time="2026-01-28T18:03:30Z" level=info msg="Tool required for debug" tool="arduino:dfu-util@0.11.0-arduino5"
2026-01-28 18:03:30 2026-01-28T18:03:30.628Z daemon INFO time="2026-01-28T18:03:30Z" level=info msg="Tool required for debug" tool="esp32:esp-rv32@2511"
time="2026-01-28T18:03:30Z" level=info msg="Tool required for debug" tool="esp32:esp-x32@2511"
time="2026-01-28T18:03:30Z" level=info msg="Tool required for debug" tool="esp32:esp32-libs@3.3.6"
2026-01-28 18:03:30 2026-01-28T18:03:30.628Z daemon INFO time="2026-01-28T18:03:30Z" level=info msg="Tool required for debug" tool="esp32:esp32c3-libs@3.3.6"
time="2026-01-28T18:03:30Z" level=info msg="Tool required for debug" tool="esp32:esp32c5-libs@3.3.6"
time="2026-01-28T18:03:30Z" level=info msg="Tool required for debug" tool="esp32:esp32c6-libs@3.3.6"
2026-01-28 18:03:30 2026-01-28T18:03:30.628Z daemon INFO time="2026-01-28T18:03:30Z" level=info msg="Tool required for debug" tool="esp32:esp32h2-libs@3.3.6"
time="2026-01-28T18:03:30Z" level=info msg="Tool required for debug" tool="esp32:esp32p4-libs@3.3.6"
2026-01-28 18:03:30 2026-01-28T18:03:30.628Z daemon INFO time="2026-01-28T18:03:30Z" level=info msg="Tool required for debug" tool="esp32:esp32p4_es-libs@3.3.6"
2026-01-28 18:03:30 2026-01-28T18:03:30.628Z daemon INFO time="2026-01-28T18:03:30Z" level=info msg="Tool required for debug" tool="esp32:esp32s2-libs@3.3.6"
time="2026-01-28T18:03:30Z" level=info msg="Tool required for debug" tool="esp32:esp32s3-libs@3.3.6"
2026-01-28 18:03:30 2026-01-28T18:03:30.628Z daemon INFO time="2026-01-28T18:03:30Z" level=info msg="Tool required for debug" tool="esp32:esptool_py@5.1.0"
time="2026-01-28T18:03:30Z" level=info msg="Tool required for debug" tool="esp32:mklittlefs@4.0.2-db0513a"
2026-01-28 18:03:30 2026-01-28T18:03:30.628Z daemon INFO time="2026-01-28T18:03:30Z" level=info msg="Tool required for debug" tool="esp32:mkspiffs@0.2.3"
time="2026-01-28T18:03:30Z" level=info msg="Tool required for debug" tool="esp32:openocd-esp32@v0.12.0-esp32-20251215"
time="2026-01-28T18:03:30Z" level=info msg="Tool required for debug" tool="esp32:riscv32-esp-elf-gdb@16.3_20250913"
2026-01-28 18:03:30 2026-01-28T18:03:30.628Z daemon INFO time="2026-01-28T18:03:30Z" level=info msg="Tool required for debug" tool="esp32:xtensa-esp-elf-gdb@16.3_20250913"
time="2026-01-28T18:03:30Z" level=info msg="Tool required for debug" tool="builtin:dfu-discovery@0.1.2"
2026-01-28 18:03:30 2026-01-28T18:03:30.628Z daemon INFO time="2026-01-28T18:03:30Z" level=info msg="Tool required for debug" tool="builtin:ctags@5.8-arduino11"
2026-01-28 18:03:30 2026-01-28T18:03:30.628Z daemon INFO time="2026-01-28T18:03:30Z" level=info msg="Tool required for debug" tool="builtin:mdns-discovery@1.0.12"
2026-01-28 18:03:30 2026-01-28T18:03:30.628Z daemon INFO time="2026-01-28T18:03:30Z" level=info msg="Tool required for debug" tool="arduino:avr-gcc@7.3.0-atmel3.6.1-arduino7"
time="2026-01-28T18:03:30Z" level=info msg="Tool required for debug" tool="builtin:serial-discovery@1.4.3"
2026-01-28 18:03:30 2026-01-28T18:03:30.628Z daemon INFO time="2026-01-28T18:03:30Z" level=info msg="Tool required for debug" tool="builtin:serial-monitor@0.15.0"
2026-01-28 18:03:30 2026-01-28T18:03:30.628Z daemon INFO time="2026-01-28T18:03:30Z" level=info msg="Tool required for debug" tool="arduino:arduinoOTA@1.3.0"
time="2026-01-28T18:03:30Z" level=info msg="Tool required for debug" tool="arduino:avrdude@8.0.0-arduino1"
2026-01-28 18:03:30 2026-01-28T18:03:30.629Z daemon INFO time="2026-01-28T18:03:30Z" level=info msg="Tool required for debug" tool="arduino:dfu-util@0.11.0-arduino5"
time="2026-01-28T18:03:30Z" level=info msg="Tool required for debug" tool="esp32:esp-rv32@2511"
time="2026-01-28T18:03:30Z" level=info msg="Tool required for debug" tool="esp32:esp-x32@2511"
2026-01-28 18:03:30 2026-01-28T18:03:30.629Z daemon INFO time="2026-01-28T18:03:30Z" level=info msg="Tool required for debug" tool="esp32:esp32-libs@3.3.6"
time="2026-01-28T18:03:30Z" level=info msg="Tool required for debug" tool="esp32:esp32c3-libs@3.3.6"
time="2026-01-28T18:03:30Z" level=info msg="Tool required for debug" tool="esp32:esp32c5-libs@3.3.6"
time="2026-01-28T18:03:30Z" level=info msg="Tool required for debug" tool="esp32:esp32c6-libs@3.3.6"
time="2026-01-28T18:03:30Z" level=info msg="Tool required for debug" tool="esp32:esp32h2-libs@3.3.6"
time="2026-01-28T18:03:30Z" level=info msg="Tool required for debug" tool="esp32:esp32p4-libs@3.3.6"
2026-01-28 18:03:30 2026-01-28T18:03:30.629Z daemon INFO time="2026-01-28T18:03:30Z" level=info msg="Tool required for debug" tool="esp32:esp32p4_es-libs@3.3.6"
time="2026-01-28T18:03:30Z" level=info msg="Tool required for debug" tool="esp32:esp32s2-libs@3.3.6"
time="2026-01-28T18:03:30Z" level=info msg="Tool required for debug" tool="esp32:esp32s3-libs@3.3.6"
time="2026-01-28T18:03:30Z" level=info msg="Tool required for debug" tool="esp32:esptool_py@5.1.0"
time="2026-01-28T18:03:30Z" level=info msg="Tool required for debug" tool="esp32:mklittlefs@4.0.2-db0513a"
2026-01-28 18:03:30 2026-01-28T18:03:30.629Z daemon INFO time="2026-01-28T18:03:30Z" level=info msg="Tool required for debug" tool="esp32:mkspiffs@0.2.3"
time="2026-01-28T18:03:30Z" level=info msg="Tool required for debug" tool="esp32:openocd-esp32@v0.12.0-esp32-20251215"
time="2026-01-28T18:03:30Z" level=info msg="Tool required for debug" tool="esp32:riscv32-esp-elf-gdb@16.3_20250913"
time="2026-01-28T18:03:30Z" level=info msg="Tool required for debug" tool="esp32:xtensa-esp-elf-gdb@16.3_20250913"
time="2026-01-28T18:03:30Z" level=info msg="Tool required for debug" tool="arduino:avrdude@8.0.0-arduino1"
2026-01-28 18:03:30 2026-01-28T18:03:30.629Z daemon INFO time="2026-01-28T18:03:30Z" level=info msg="Tool required for debug" tool="builtin:mdns-discovery@1.0.12"
time="2026-01-28T18:03:30Z" level=info msg="Tool required for debug" tool="builtin:ctags@5.8-arduino11"
2026-01-28 18:03:30 2026-01-28T18:03:30.629Z daemon INFO time="2026-01-28T18:03:30Z" level=info msg="Tool required for debug" tool="arduino:avr-gcc@7.3.0-atmel3.6.1-arduino7"
time="2026-01-28T18:03:30Z" level=info msg="Tool required for debug" tool="builtin:dfu-discovery@0.1.2"
2026-01-28 18:03:30 2026-01-28T18:03:30.629Z daemon INFO time="2026-01-28T18:03:30Z" level=info msg="Tool required for debug" tool="builtin:serial-discovery@1.4.3"
time="2026-01-28T18:03:30Z" level=info msg="Tool required for debug" tool="builtin:serial-monitor@0.15.0"
2026-01-28 18:03:30 2026-01-28T18:03:30.629Z daemon INFO time="2026-01-28T18:03:30Z" level=info msg="Tool required for debug" tool="arduino:arduinoOTA@1.3.0"
2026-01-28 18:03:30 2026-01-28T18:03:30.630Z daemon INFO time="2026-01-28T18:03:30Z" level=info msg="Tool required for debug" tool="arduino:dfu-util@0.11.0-arduino5"
time="2026-01-28T18:03:30Z" level=info msg="Tool required for debug" tool="esp32:esp-rv32@2511"
2026-01-28 18:03:30 2026-01-28T18:03:30.630Z daemon INFO time="2026-01-28T18:03:30Z" level=info msg="Tool required for debug" tool="esp32:esp-x32@2511"
time="2026-01-28T18:03:30Z" level=info msg="Tool required for debug" tool="esp32:esp32-libs@3.3.6"
time="2026-01-28T18:03:30Z" level=info msg="Tool required for debug" tool="esp32:esp32c3-libs@3.3.6"
time="2026-01-28T18:03:30Z" level=info msg="Tool required for debug" tool="esp32:esp32c5-libs@3.3.6"
time="2026-01-28T18:03:30Z" level=info msg="Tool required for debug" tool="esp32:esp32c6-libs@3.3.6"
time="2026-01-28T18:03:30Z" level=info msg="Tool required for debug" tool="esp32:esp32h2-libs@3.3.6"
time="2026-01-28T18:03:30Z" level=info msg="Tool required for debug" tool="esp32:esp32p4-libs@3.3.6"
2026-01-28 18:03:30 2026-01-28T18:03:30.630Z daemon INFO time="2026-01-28T18:03:30Z" level=info msg="Tool required for debug" tool="esp32:esp32p4_es-libs@3.3.6"
time="2026-01-28T18:03:30Z" level=info msg="Tool required for debug" tool="esp32:esp32s2-libs@3.3.6"
time="2026-01-28T18:03:30Z" level=info msg="Tool required for debug" tool="esp32:esp32s3-libs@3.3.6"
time="2026-01-28T18:03:30Z" level=info msg="Tool required for debug" tool="esp32:esptool_py@5.1.0"
time="2026-01-28T18:03:30Z" level=info msg="Tool required for debug" tool="esp32:mklittlefs@4.0.2-db0513a"
time="2026-01-28T18:03:30Z" level=info msg="Tool required for debug" tool="esp32:mkspiffs@0.2.3"
2026-01-28 18:03:30 2026-01-28T18:03:30.630Z daemon INFO time="2026-01-28T18:03:30Z" level=info msg="Tool required for debug" tool="esp32:openocd-esp32@v0.12.0-esp32-20251215"
time="2026-01-28T18:03:30Z" level=info msg="Tool required for debug" tool="esp32:riscv32-esp-elf-gdb@16.3_20250913"
time="2026-01-28T18:03:30Z" level=info msg="Tool required for debug" tool="esp32:xtensa-esp-elf-gdb@16.3_20250913"
time="2026-01-28T18:03:30Z" level=info msg="Tool required for debug" tool="arduino:avrdude@8.0.0-arduino1"
2026-01-28 18:03:30 2026-01-28T18:03:30.630Z daemon INFO time="2026-01-28T18:03:30Z" level=info msg="Tool required for debug" tool="builtin:ctags@5.8-arduino11"
time="2026-01-28T18:03:30Z" level=info msg="Tool required for debug" tool="builtin:serial-discovery@1.4.3"
2026-01-28 18:03:30 2026-01-28T18:03:30.630Z daemon INFO time="2026-01-28T18:03:30Z" level=info msg="Tool required for debug" tool="builtin:dfu-discovery@0.1.2"
time="2026-01-28T18:03:30Z" level=info msg="Tool required for debug" tool="builtin:mdns-discovery@1.0.12"
2026-01-28 18:03:30 2026-01-28T18:03:30.630Z daemon INFO time="2026-01-28T18:03:30Z" level=info msg="Tool required for debug" tool="arduino:arduinoOTA@1.3.0"
time="2026-01-28T18:03:30Z" level=info msg="Tool required for debug" tool="builtin:serial-monitor@0.15.0"
2026-01-28 18:03:30 2026-01-28T18:03:30.630Z daemon INFO time="2026-01-28T18:03:30Z" level=info msg="Tool required for debug" tool="arduino:avr-gcc@7.3.0-atmel3.6.1-arduino7"
2026-01-28 18:03:30 2026-01-28T18:03:30.630Z daemon INFO time="2026-01-28T18:03:30Z" level=info msg="Tool required for debug" tool="arduino:dfu-util@0.11.0-arduino5"
2026-01-28 18:03:30 2026-01-28T18:03:30.630Z daemon INFO time="2026-01-28T18:03:30Z" level=info msg="Tool required for debug" tool="esp32:esp-rv32@2511"
time="2026-01-28T18:03:30Z" level=info msg="Tool required for debug" tool="esp32:esp-x32@2511"
2026-01-28 18:03:30 2026-01-28T18:03:30.630Z daemon INFO time="2026-01-28T18:03:30Z" level=info msg="Tool required for debug" tool="esp32:esp32-libs@3.3.6"
time="2026-01-28T18:03:30Z" level=info msg="Tool required for debug" tool="esp32:esp32c3-libs@3.3.6"
time="2026-01-28T18:03:30Z" level=info msg="Tool required for debug" tool="esp32:esp32c5-libs@3.3.6"
2026-01-28 18:03:30 2026-01-28T18:03:30.630Z daemon INFO time="2026-01-28T18:03:30Z" level=info msg="Tool required for debug" tool="esp32:esp32c6-libs@3.3.6"
time="2026-01-28T18:03:30Z" level=info msg="Tool required for debug" tool="esp32:esp32h2-libs@3.3.6"
2026-01-28 18:03:30 2026-01-28T18:03:30.630Z daemon INFO time="2026-01-28T18:03:30Z" level=info msg="Tool required for debug" tool="esp32:esp32p4-libs@3.3.6"
time="2026-01-28T18:03:30Z" level=info msg="Tool required for debug" tool="esp32:esp32p4_es-libs@3.3.6"
time="2026-01-28T18:03:30Z" level=info msg="Tool required for debug" tool="esp32:esp32s2-libs@3.3.6"
time="2026-01-28T18:03:30Z" level=info msg="Tool required for debug" tool="esp32:esp32s3-libs@3.3.6"
2026-01-28 18:03:30 2026-01-28T18:03:30.630Z daemon INFO time="2026-01-28T18:03:30Z" level=info msg="Tool required for debug" tool="esp32:esptool_py@5.1.0"
time="2026-01-28T18:03:30Z" level=info msg="Tool required for debug" tool="esp32:mklittlefs@4.0.2-db0513a"
2026-01-28 18:03:30 2026-01-28T18:03:30.630Z daemon INFO time="2026-01-28T18:03:30Z" level=info msg="Tool required for debug" tool="esp32:mkspiffs@0.2.3"
time="2026-01-28T18:03:30Z" level=info msg="Tool required for debug" tool="esp32:openocd-esp32@v0.12.0-esp32-20251215"
2026-01-28 18:03:30 2026-01-28T18:03:30.630Z daemon INFO time="2026-01-28T18:03:30Z" level=info msg="Tool required for debug" tool="esp32:riscv32-esp-elf-gdb@16.3_20250913"
time="2026-01-28T18:03:30Z" level=info msg="Tool required for debug" tool="esp32:xtensa-esp-elf-gdb@16.3_20250913"
2026-01-28 18:03:30 2026-01-28T18:03:30.630Z daemon INFO time="2026-01-28T18:03:30Z" level=info msg="Tool required for debug" tool="arduino:arduinoOTA@1.3.0"
2026-01-28 18:03:30 2026-01-28T18:03:30.630Z daemon INFO time="2026-01-28T18:03:30Z" level=info msg="Tool required for debug" tool="arduino:avrdude@8.0.0-arduino1"
time="2026-01-28T18:03:30Z" level=info msg="Tool required for debug" tool="builtin:dfu-discovery@0.1.2"
2026-01-28 18:03:30 2026-01-28T18:03:30.630Z daemon INFO time="2026-01-28T18:03:30Z" level=info msg="Tool required for debug" tool="builtin:mdns-discovery@1.0.12"
2026-01-28 18:03:30 2026-01-28T18:03:30.630Z daemon INFO time="2026-01-28T18:03:30Z" level=info msg="Tool required for debug" tool="arduino:avr-gcc@7.3.0-atmel3.6.1-arduino7"
2026-01-28 18:03:30 2026-01-28T18:03:30.630Z daemon INFO time="2026-01-28T18:03:30Z" level=info msg="Tool required for debug" tool="builtin:serial-monitor@0.15.0"
time="2026-01-28T18:03:30Z" level=info msg="Tool required for debug" tool="builtin:serial-discovery@1.4.3"
time="2026-01-28T18:03:30Z" level=info msg="Tool required for debug" tool="builtin:ctags@5.8-arduino11"
2026-01-28 18:03:30 2026-01-28T18:03:30.631Z daemon INFO time="2026-01-28T18:03:30Z" level=info msg="Tool required for debug" tool="arduino:dfu-util@0.11.0-arduino5"
time="2026-01-28T18:03:30Z" level=info msg="Tool required for debug" tool="esp32:esp-rv32@2511"
2026-01-28 18:03:30 2026-01-28T18:03:30.631Z daemon INFO time="2026-01-28T18:03:30Z" level=info msg="Tool required for debug" tool="esp32:esp-x32@2511"
time="2026-01-28T18:03:30Z" level=info msg="Tool required for debug" tool="esp32:esp32-libs@3.3.6"
time="2026-01-28T18:03:30Z" level=info msg="Tool required for debug" tool="esp32:esp32c3-libs@3.3.6"
time="2026-01-28T18:03:30Z" level=info msg="Tool required for debug" tool="esp32:esp32c5-libs@3.3.6"
2026-01-28 18:03:30 2026-01-28T18:03:30.631Z daemon INFO time="2026-01-28T18:03:30Z" level=info msg="Tool required for debug" tool="esp32:esp32c6-libs@3.3.6"
time="2026-01-28T18:03:30Z" level=info msg="Tool required for debug" tool="esp32:esp32h2-libs@3.3.6"
time="2026-01-28T18:03:30Z" level=info msg="Tool required for debug" tool="esp32:esp32p4-libs@3.3.6"
2026-01-28 18:03:30 2026-01-28T18:03:30.631Z daemon INFO time="2026-01-28T18:03:30Z" level=info msg="Tool required for debug" tool="esp32:esp32p4_es-libs@3.3.6"
time="2026-01-28T18:03:30Z" level=info msg="Tool required for debug" tool="esp32:esp32s2-libs@3.3.6"
time="2026-01-28T18:03:30Z" level=info msg="Tool required for debug" tool="esp32:esp32s3-libs@3.3.6"
time="2026-01-28T18:03:30Z" level=info msg="Tool required for debug" tool="esp32:esptool_py@5.1.0"
2026-01-28 18:03:30 2026-01-28T18:03:30.631Z daemon INFO time="2026-01-28T18:03:30Z" level=info msg="Tool required for debug" tool="esp32:mklittlefs@4.0.2-db0513a"
time="2026-01-28T18:03:30Z" level=info msg="Tool required for debug" tool="esp32:mkspiffs@0.2.3"
time="2026-01-28T18:03:30Z" level=info msg="Tool required for debug" tool="esp32:openocd-esp32@v0.12.0-esp32-20251215"
time="2026-01-28T18:03:30Z" level=info msg="Tool required for debug" tool="esp32:riscv32-esp-elf-gdb@16.3_20250913"
2026-01-28 18:03:30 2026-01-28T18:03:30.631Z daemon INFO time="2026-01-28T18:03:30Z" level=info msg="Tool required for debug" tool="esp32:xtensa-esp-elf-gdb@16.3_20250913"
time="2026-01-28T18:03:30Z" level=info msg="Tool required for debug" tool="builtin:ctags@5.8-arduino11"
2026-01-28 18:03:30 2026-01-28T18:03:30.631Z daemon INFO time="2026-01-28T18:03:30Z" level=info msg="Tool required for debug" tool="builtin:mdns-discovery@1.0.12"
time="2026-01-28T18:03:30Z" level=info msg="Tool required for debug" tool="builtin:serial-monitor@0.15.0"
2026-01-28 18:03:30 2026-01-28T18:03:30.631Z daemon INFO time="2026-01-28T18:03:30Z" level=info msg="Tool required for debug" tool="arduino:arduinoOTA@1.3.0"
time="2026-01-28T18:03:30Z" level=info msg="Tool required for debug" tool="builtin:dfu-discovery@0.1.2"
2026-01-28 18:03:30 2026-01-28T18:03:30.631Z daemon INFO time="2026-01-28T18:03:30Z" level=info msg="Tool required for debug" tool="builtin:serial-discovery@1.4.3"
2026-01-28 18:03:30 2026-01-28T18:03:30.631Z daemon INFO time="2026-01-28T18:03:30Z" level=info msg="Tool required for debug" tool="arduino:avr-gcc@7.3.0-atmel3.6.1-arduino7"
time="2026-01-28T18:03:30Z" level=info msg="Tool required for debug" tool="arduino:avrdude@8.0.0-arduino1"
2026-01-28 18:03:30 2026-01-28T18:03:30.633Z daemon INFO time="2026-01-28T18:03:30Z" level=info msg="Tool required for debug" tool="arduino:dfu-util@0.11.0-arduino5"
time="2026-01-28T18:03:30Z" level=info msg="Tool required for debug" tool="esp32:esp-rv32@2511"
time="2026-01-28T18:03:30Z" level=info msg="Tool required for debug" tool="esp32:esp-x32@2511"
2026-01-28 18:03:30 2026-01-28T18:03:30.633Z daemon INFO time="2026-01-28T18:03:30Z" level=info msg="Tool required for debug" tool="esp32:esp32-libs@3.3.6"
time="2026-01-28T18:03:30Z" level=info msg="Tool required for debug" tool="esp32:esp32c3-libs@3.3.6"
time="2026-01-28T18:03:30Z" level=info msg="Tool required for debug" tool="esp32:esp32c5-libs@3.3.6"
time="2026-01-28T18:03:30Z" level=info msg="Tool required for debug" tool="esp32:esp32c6-libs@3.3.6"
time="2026-01-28T18:03:30Z" level=info msg="Tool required for debug" tool="esp32:esp32h2-libs@3.3.6"
2026-01-28 18:03:30 2026-01-28T18:03:30.633Z daemon INFO time="2026-01-28T18:03:30Z" level=info msg="Tool required for debug" tool="esp32:esp32p4-libs@3.3.6"
time="2026-01-28T18:03:30Z" level=info msg="Tool required for debug" tool="esp32:esp32p4_es-libs@3.3.6"
time="2026-01-28T18:03:30Z" level=info msg="Tool required for debug" tool="esp32:esp32s2-libs@3.3.6"
time="2026-01-28T18:03:30Z" level=info msg="Tool required for debug" tool="esp32:esp32s3-libs@3.3.6"
2026-01-28 18:03:30 2026-01-28T18:03:30.633Z daemon INFO time="2026-01-28T18:03:30Z" level=info msg="Tool required for debug" tool="esp32:esptool_py@5.1.0"
time="2026-01-28T18:03:30Z" level=info msg="Tool required for debug" tool="esp32:mklittlefs@4.0.2-db0513a"
time="2026-01-28T18:03:30Z" level=info msg="Tool required for debug" tool="esp32:mkspiffs@0.2.3"
time="2026-01-28T18:03:30Z" level=info msg="Tool required for debug" tool="esp32:openocd-esp32@v0.12.0-esp32-20251215"
2026-01-28 18:03:30 2026-01-28T18:03:30.633Z daemon INFO time="2026-01-28T18:03:30Z" level=info msg="Tool required for debug" tool="esp32:riscv32-esp-elf-gdb@16.3_20250913"
time="2026-01-28T18:03:30Z" level=info msg="Tool required for debug" tool="esp32:xtensa-esp-elf-gdb@16.3_20250913"
2026-01-28 18:03:30 2026-01-28T18:03:30.633Z daemon INFO time="2026-01-28T18:03:30Z" level=info msg="Tool required for debug" tool="arduino:dfu-util@0.11.0-arduino5"
time="2026-01-28T18:03:30Z" level=info msg="Tool required for debug" tool="esp32:esp-rv32@2511"
2026-01-28 18:03:30 2026-01-28T18:03:30.633Z daemon INFO time="2026-01-28T18:03:30Z" level=info msg="Tool required for debug" tool="esp32:esp-x32@2511"
2026-01-28 18:03:30 2026-01-28T18:03:30.633Z daemon INFO time="2026-01-28T18:03:30Z" level=info msg="Tool required for debug" tool="esp32:esp32-libs@3.3.6"
time="2026-01-28T18:03:30Z" level=info msg="Tool required for debug" tool="esp32:esp32c3-libs@3.3.6"
2026-01-28 18:03:30 2026-01-28T18:03:30.633Z daemon INFO time="2026-01-28T18:03:30Z" level=info msg="Tool required for debug" tool="esp32:esp32c5-libs@3.3.6"
2026-01-28 18:03:30 2026-01-28T18:03:30.633Z daemon INFO time="2026-01-28T18:03:30Z" level=info msg="Tool required for debug" tool="esp32:esp32c6-libs@3.3.6"
time="2026-01-28T18:03:30Z" level=info msg="Tool required for debug" tool="esp32:esp32h2-libs@3.3.6"
2026-01-28 18:03:30 2026-01-28T18:03:30.633Z daemon INFO time="2026-01-28T18:03:30Z" level=info msg="Tool required for debug" tool="arduino:arduinoOTA@1.3.0"
time="2026-01-28T18:03:30Z" level=info msg="Tool required for debug" tool="esp32:esp32p4-libs@3.3.6"
2026-01-28 18:03:30 2026-01-28T18:03:30.633Z daemon INFO time="2026-01-28T18:03:30Z" level=info msg="Tool required for debug" tool="esp32:esp32p4_es-libs@3.3.6"
time="2026-01-28T18:03:30Z" level=info msg="Tool required for debug" tool="esp32:esp32s2-libs@3.3.6"
2026-01-28 18:03:30 2026-01-28T18:03:30.633Z daemon INFO time="2026-01-28T18:03:30Z" level=info msg="Tool required for debug" tool="esp32:esp32s3-libs@3.3.6"
time="2026-01-28T18:03:30Z" level=info msg="Tool required for debug" tool="esp32:esptool_py@5.1.0"
2026-01-28 18:03:30 2026-01-28T18:03:30.633Z daemon INFO time="2026-01-28T18:03:30Z" level=info msg="Tool required for debug" tool="esp32:mklittlefs@4.0.2-db0513a"
2026-01-28 18:03:30 2026-01-28T18:03:30.633Z daemon INFO time="2026-01-28T18:03:30Z" level=info msg="Tool required for debug" tool="esp32:mkspiffs@0.2.3"
time="2026-01-28T18:03:30Z" level=info msg="Tool required for debug" tool="esp32:openocd-esp32@v0.12.0-esp32-20251215"
2026-01-28 18:03:30 2026-01-28T18:03:30.633Z daemon INFO time="2026-01-28T18:03:30Z" level=info msg="Tool required for debug" tool="esp32:riscv32-esp-elf-gdb@16.3_20250913"
2026-01-28 18:03:30 2026-01-28T18:03:30.633Z daemon INFO time="2026-01-28T18:03:30Z" level=info msg="Tool required for debug" tool="esp32:xtensa-esp-elf-gdb@16.3_20250913"
time="2026-01-28T18:03:30Z" level=info msg="Tool required for debug" tool="builtin:mdns-discovery@1.0.12"
2026-01-28 18:03:30 2026-01-28T18:03:30.633Z daemon INFO time="2026-01-28T18:03:30Z" level=info msg="Tool required for debug" tool="builtin:serial-discovery@1.4.3"
2026-01-28 18:03:30 2026-01-28T18:03:30.633Z daemon INFO time="2026-01-28T18:03:30Z" level=info msg="Tool required for debug" tool="arduino:avrdude@8.0.0-arduino1"
2026-01-28 18:03:30 2026-01-28T18:03:30.633Z daemon INFO time="2026-01-28T18:03:30Z" level=info msg="Tool required for debug" tool="builtin:dfu-discovery@0.1.2"
2026-01-28 18:03:30 2026-01-28T18:03:30.633Z daemon INFO time="2026-01-28T18:03:30Z" level=info msg="Tool required for debug" tool="builtin:serial-monitor@0.15.0"
2026-01-28 18:03:30 2026-01-28T18:03:30.633Z daemon INFO time="2026-01-28T18:03:30Z" level=info msg="Tool required for debug" tool="arduino:arduinoOTA@1.3.0"
time="2026-01-28T18:03:30Z" level=info msg="Tool required for debug" tool="arduino:avr-gcc@7.3.0-atmel3.6.1-arduino7"
2026-01-28 18:03:30 2026-01-28T18:03:30.633Z daemon INFO time="2026-01-28T18:03:30Z" level=info msg="Tool required for debug" tool="builtin:ctags@5.8-arduino11"
2026-01-28 18:03:30 2026-01-28T18:03:30.633Z daemon INFO time="2026-01-28T18:03:30Z" level=info msg="Tool required for debug" tool="arduino:avrdude@8.0.0-arduino1"
time="2026-01-28T18:03:30Z" level=info msg="Tool required for debug" tool="builtin:mdns-discovery@1.0.12"
2026-01-28 18:03:30 2026-01-28T18:03:30.633Z daemon INFO time="2026-01-28T18:03:30Z" level=info msg="Tool required for debug" tool="builtin:serial-discovery@1.4.3"
2026-01-28 18:03:30 2026-01-28T18:03:30.633Z daemon INFO time="2026-01-28T18:03:30Z" level=info msg="Tool required for debug" tool="builtin:dfu-discovery@0.1.2"
time="2026-01-28T18:03:30Z" level=info msg="Tool required for debug" tool="arduino:avr-gcc@7.3.0-atmel3.6.1-arduino7"
2026-01-28 18:03:30 2026-01-28T18:03:30.633Z daemon INFO time="2026-01-28T18:03:30Z" level=info msg="Tool required for debug" tool="builtin:serial-monitor@0.15.0"
time="2026-01-28T18:03:30Z" level=info msg="Tool required for debug" tool="builtin:ctags@5.8-arduino11"
2026-01-28 18:03:30 2026-01-28T18:03:30.633Z daemon INFO time="2026-01-28T18:03:30Z" level=info msg="Tool required for debug" tool="arduino:dfu-util@0.11.0-arduino5"
2026-01-28 18:03:30 2026-01-28T18:03:30.633Z daemon INFO time="2026-01-28T18:03:30Z" level=info msg="Tool required for debug" tool="esp32:esp-rv32@2511"
time="2026-01-28T18:03:30Z" level=info msg="Tool required for debug" tool="esp32:esp-x32@2511"
2026-01-28 18:03:30 2026-01-28T18:03:30.633Z daemon INFO time="2026-01-28T18:03:30Z" level=info msg="Tool required for debug" tool="esp32:esp32-libs@3.3.6"
2026-01-28 18:03:30 2026-01-28T18:03:30.633Z daemon INFO time="2026-01-28T18:03:30Z" level=info msg="Tool required for debug" tool="esp32:esp32c3-libs@3.3.6"
time="2026-01-28T18:03:30Z" level=info msg="Tool required for debug" tool="esp32:esp32c5-libs@3.3.6"
2026-01-28 18:03:30 2026-01-28T18:03:30.633Z daemon INFO time="2026-01-28T18:03:30Z" level=info msg="Tool required for debug" tool="esp32:esp32c6-libs@3.3.6"
2026-01-28 18:03:30 2026-01-28T18:03:30.633Z daemon INFO time="2026-01-28T18:03:30Z" level=info msg="Tool required for debug" tool="esp32:esp32h2-libs@3.3.6"
time="2026-01-28T18:03:30Z" level=info msg="Tool required for debug" tool="esp32:esp32p4-libs@3.3.6"
2026-01-28 18:03:30 2026-01-28T18:03:30.633Z daemon INFO time="2026-01-28T18:03:30Z" level=info msg="Tool required for debug" tool="esp32:esp32p4_es-libs@3.3.6"
time="2026-01-28T18:03:30Z" level=info msg="Tool required for debug" tool="esp32:esp32s2-libs@3.3.6"
2026-01-28 18:03:30 2026-01-28T18:03:30.633Z daemon INFO time="2026-01-28T18:03:30Z" level=info msg="Tool required for debug" tool="esp32:esp32s3-libs@3.3.6"
2026-01-28 18:03:30 2026-01-28T18:03:30.633Z daemon INFO time="2026-01-28T18:03:30Z" level=info msg="Tool required for debug" tool="esp32:esptool_py@5.1.0"
time="2026-01-28T18:03:30Z" level=info msg="Tool required for debug" tool="esp32:mklittlefs@4.0.2-db0513a"
2026-01-28 18:03:30 2026-01-28T18:03:30.633Z daemon INFO time="2026-01-28T18:03:30Z" level=info msg="Tool required for debug" tool="esp32:mkspiffs@0.2.3"
2026-01-28 18:03:30 2026-01-28T18:03:30.633Z daemon INFO time="2026-01-28T18:03:30Z" level=info msg="Tool required for debug" tool="esp32:openocd-esp32@v0.12.0-esp32-20251215"
time="2026-01-28T18:03:30Z" level=info msg="Tool required for debug" tool="esp32:riscv32-esp-elf-gdb@16.3_20250913"
2026-01-28 18:03:30 2026-01-28T18:03:30.633Z daemon INFO time="2026-01-28T18:03:30Z" level=info msg="Tool required for debug" tool="esp32:xtensa-esp-elf-gdb@16.3_20250913"
time="2026-01-28T18:03:30Z" level=info msg="Tool required for debug" tool="builtin:serial-discovery@1.4.3"
2026-01-28 18:03:30 2026-01-28T18:03:30.633Z daemon INFO time="2026-01-28T18:03:30Z" level=info msg="Tool required for debug" tool="arduino:avr-gcc@7.3.0-atmel3.6.1-arduino7"
2026-01-28 18:03:30 2026-01-28T18:03:30.633Z daemon INFO time="2026-01-28T18:03:30Z" level=info msg="Tool required for debug" tool="builtin:mdns-discovery@1.0.12"
time="2026-01-28T18:03:30Z" level=info msg="Tool required for debug" tool="builtin:serial-monitor@0.15.0"
2026-01-28 18:03:30 2026-01-28T18:03:30.633Z daemon INFO time="2026-01-28T18:03:30Z" level=info msg="Tool required for debug" tool="builtin:ctags@5.8-arduino11"
2026-01-28 18:03:30 2026-01-28T18:03:30.633Z daemon INFO time="2026-01-28T18:03:30Z" level=info msg="Tool required for debug" tool="builtin:dfu-discovery@0.1.2"
2026-01-28 18:03:30 2026-01-28T18:03:30.633Z daemon INFO time="2026-01-28T18:03:30Z" level=info msg="Tool required for debug" tool="arduino:arduinoOTA@1.3.0"
2026-01-28 18:03:30 2026-01-28T18:03:30.633Z daemon INFO time="2026-01-28T18:03:30Z" level=info msg="Tool required for debug" tool="arduino:avrdude@8.0.0-arduino1"
2026-01-28 18:03:30 2026-01-28T18:03:30.635Z daemon INFO time="2026-01-28T18:03:30Z" level=info msg="Tool required for debug" tool="arduino:dfu-util@0.11.0-arduino5"
time="2026-01-28T18:03:30Z" level=info msg="Tool required for debug" tool="esp32:esp-rv32@2511"
time="2026-01-28T18:03:30Z" level=info msg="Tool required for debug" tool="esp32:esp-x32@2511"
2026-01-28 18:03:30 2026-01-28T18:03:30.635Z daemon INFO time="2026-01-28T18:03:30Z" level=info msg="Tool required for debug" tool="esp32:esp32-libs@3.3.6"
time="2026-01-28T18:03:30Z" level=info msg="Tool required for debug" tool="esp32:esp32c3-libs@3.3.6"
time="2026-01-28T18:03:30Z" level=info msg="Tool required for debug" tool="esp32:esp32c5-libs@3.3.6"
time="2026-01-28T18:03:30Z" level=info msg="Tool required for debug" tool="esp32:esp32c6-libs@3.3.6"
time="2026-01-28T18:03:30Z" level=info msg="Tool required for debug" tool="esp32:esp32h2-libs@3.3.6"
2026-01-28 18:03:30 2026-01-28T18:03:30.635Z daemon INFO time="2026-01-28T18:03:30Z" level=info msg="Tool required for debug" tool="esp32:esp32p4-libs@3.3.6"
time="2026-01-28T18:03:30Z" level=info msg="Tool required for debug" tool="esp32:esp32p4_es-libs@3.3.6"
time="2026-01-28T18:03:30Z" level=info msg="Tool required for debug" tool="esp32:esp32s2-libs@3.3.6"
2026-01-28 18:03:30 2026-01-28T18:03:30.635Z daemon INFO time="2026-01-28T18:03:30Z" level=info msg="Tool required for debug" tool="esp32:esp32s3-libs@3.3.6"
time="2026-01-28T18:03:30Z" level=info msg="Tool required for debug" tool="esp32:esptool_py@5.1.0"
time="2026-01-28T18:03:30Z" level=info msg="Tool required for debug" tool="esp32:mklittlefs@4.0.2-db0513a"
2026-01-28 18:03:30 2026-01-28T18:03:30.635Z daemon INFO time="2026-01-28T18:03:30Z" level=info msg="Tool required for debug" tool="esp32:mkspiffs@0.2.3"
time="2026-01-28T18:03:30Z" level=info msg="Tool required for debug" tool="esp32:openocd-esp32@v0.12.0-esp32-20251215"
2026-01-28 18:03:30 2026-01-28T18:03:30.635Z daemon INFO time="2026-01-28T18:03:30Z" level=info msg="Tool required for debug" tool="esp32:riscv32-esp-elf-gdb@16.3_20250913"
time="2026-01-28T18:03:30Z" level=info msg="Tool required for debug" tool="esp32:xtensa-esp-elf-gdb@16.3_20250913"
2026-01-28 18:03:30 2026-01-28T18:03:30.635Z daemon INFO time="2026-01-28T18:03:30Z" level=info msg="Tool required for debug" tool="builtin:mdns-discovery@1.0.12"
2026-01-28 18:03:30 2026-01-28T18:03:30.635Z daemon INFO time="2026-01-28T18:03:30Z" level=info msg="Tool required for debug" tool="arduino:avrdude@8.0.0-arduino1"
time="2026-01-28T18:03:30Z" level=info msg="Tool required for debug" tool="arduino:arduinoOTA@1.3.0"
2026-01-28 18:03:30 2026-01-28T18:03:30.635Z daemon INFO time="2026-01-28T18:03:30Z" level=info msg="Tool required for debug" tool="builtin:ctags@5.8-arduino11"
2026-01-28 18:03:30 2026-01-28T18:03:30.635Z daemon INFO time="2026-01-28T18:03:30Z" level=info msg="Tool required for debug" tool="builtin:dfu-discovery@0.1.2"
2026-01-28 18:03:30 2026-01-28T18:03:30.635Z daemon INFO time="2026-01-28T18:03:30Z" level=info msg="Tool required for debug" tool="builtin:serial-discovery@1.4.3"
time="2026-01-28T18:03:30Z" level=info msg="Tool required for debug" tool="arduino:avr-gcc@7.3.0-atmel3.6.1-arduino7"
2026-01-28 18:03:30 2026-01-28T18:03:30.635Z daemon INFO time="2026-01-28T18:03:30Z" level=info msg="Tool required for debug" tool="builtin:serial-monitor@0.15.0"
2026-01-28 18:03:30 2026-01-28T18:03:30.637Z daemon INFO time="2026-01-28T18:03:30Z" level=info msg="Tool required for debug" tool="arduino:dfu-util@0.11.0-arduino5"
time="2026-01-28T18:03:30Z" level=info msg="Tool required for debug" tool="esp32:esp-rv32@2511"
time="2026-01-28T18:03:30Z" level=info msg="Tool required for debug" tool="esp32:esp-x32@2511"
time="2026-01-28T18:03:30Z" level=info msg="Tool required for debug" tool="esp32:esp32-libs@3.3.6"
time="2026-01-28T18:03:30Z" level=info msg="Tool required for debug" tool="esp32:esp32c3-libs@3.3.6"
time="2026-01-28T18:03:30Z" level=info msg="Tool required for debug" tool="esp32:esp32c5-libs@3.3.6"
time="2026-01-28T18:03:30Z" level=info msg="Tool required for debug" tool="esp32:esp32c6-libs@3.3.6"
time="2026-01-28T18:03:30Z" level=info msg="Tool required for debug" tool="esp32:esp32h2-libs@3.3.6"
time="2026-01-28T18:03:30Z" level=info msg="Tool required for debug" tool="esp32:esp32p4-libs@3.3.6"
time="2026-01-28T18:03:30Z" level=info msg="Tool required for debug" tool="esp32:esp32p4_es-libs@3.3.6"
time="2026-01-28T18:03:30Z" level=info msg="Tool required for debug" tool="esp32:esp32s2-libs@3.3.6"
time="2026-01-28T18:03:30Z" level=info msg="Tool required for debug" tool="esp32:esp32s3-libs@3.3.6"
time="2026-01-28T18:03:30Z" level=info msg="Tool required for debug" tool="esp32:esptool_py@5.1.0"
time="2026-01-28T18:03:30Z" level=info msg="Tool required for debug" tool="esp32:mklittlefs@4.0.2-db0513a"
time="2026-01-28T18:03:30Z" level=info msg="Tool required for debug" tool="esp32:mkspiffs@0.2.3"
time="2026-01-28T18:03:30Z" level=info msg="Tool required for debug" tool="esp32:openocd-esp32@v0.12.0-esp32-20251215"
time="2026-01-28T18:03:30Z" level=info msg="Tool required for debug" tool="esp32:riscv32-esp-elf-gdb@16.3_20250913"
time="2026-01-28T18:03:30Z" level=info msg="Tool required for debug" tool="esp32:xtensa-esp-elf-gdb@16.3_20250913"
time="2026-01-28T18:03:30Z" level=info msg="Tool required for debug" tool="builtin:serial-monitor@0.15.0"
time="2026-01-28T18:03:30Z" level=info msg="Tool required for debug" tool="builtin:ctags@5.8-arduino11"
time="2026-01-28T18:03:30Z" level=info msg="Tool required for debug" tool="builtin:dfu-discovery@0.1.2"
time="2026-01-28T18:03:30Z" level=info msg="Tool required for debug" tool="arduino:avr-gcc@7.3.0-atmel3.6.1-arduino7"
time="2026-01-28T18:03:30Z" level=info msg="Tool required for debug" tool="arduino:arduinoOTA@1.3.0"
time="2026-01-28T18:03:30Z" level=info msg="Tool required for debug" tool="arduino:avrdude@8.0.0-arduino1"
time="2026-01-28T18:03:30Z" level=info msg="Tool required for debug" tool="builtin:mdns-discovery@1.0.12"
time="2026-01-28T18:03:30Z" level=info msg="Tool required for debug" tool="builtin:serial-discovery@1.4.3"
time="2026-01-28T18:03:30Z" level=info msg="Tool required for debug" tool="arduino:dfu-util@0.11.0-arduino5"
time="2026-01-28T18:03:30Z" level=info msg="Tool required for debug" tool="esp32:esp-rv32@2511"
time="2026-01-28T18:03:30Z" level=info msg="Tool required for debug" tool="esp32:esp-x32@2511"
time="2026-01-28T18:03:30Z" level=info msg="Tool required for debug" tool="esp32:esp32-libs@3.3.6"
time="2026-01-28T18:03:30Z" level=info msg="Tool required for debug" tool="esp32:esp32c3-libs@3.3.6"
time="2026-01-28T18:03:30Z" level=info msg="Tool required for debug" tool="esp32:esp32c5-libs@3.3.6"
time="2026-01-28T18:03:30Z" level=info msg="Tool required for debug" tool="esp32:esp32c6-libs@3.3.6"
time="2026-01-28T18:03:30Z" level=info msg="Tool required for debug" tool="esp32:esp32h2-libs@3.3.6"
time="2026-01-28T18:03:30Z" level=info msg="Tool required for debug" tool="esp32:esp32p4-libs@3.3.6"
time="2026-01-28T18:03:30Z" level=info msg="Tool required for debug" tool="esp32:esp32p4_es-libs@3.3.6"
time="2026-01-28T18:03:30Z" level=info msg="Tool required for debug" tool="esp32:esp32s2-libs@3.3.6"
time="2026-01-28T18:03:30Z" level=info msg="Tool required for debug" tool="esp32:esp32s3-libs@3.3.6"
time="2026-01-28T18:03:30Z" level=info msg="Tool required for debug" tool="esp32:esptool_py@5.1.0"
time="2026-01-28T18:03:30Z" level=info msg="Tool required for debug" tool="esp32:mklittlefs@4.0.2-db0513a"
time="2026-01-28T18:03:30Z" level=info msg="Tool required for debug" tool="esp32:mkspiffs@0.2.3"
time="2026-01-28T18:03:30Z" level=info msg="Tool required for debug" tool="esp32:openocd-esp32@v0.12.0-esp32-20251215"
time="2026-01-28T18:03:30Z" level=info msg="Tool required for debug" tool="esp32:riscv32-esp-elf-gdb@16.3_20250913"
time="2026-01-28T18:03:30Z" level=info msg="Tool required for debug" tool="esp32:xtensa-esp-elf-gdb@16.3_20250913"
time="2026-01-28T18:03:30Z" level=info msg="Tool required for debug" tool="arduino:avr-gcc@7.3.0-atmel3.6.1-arduino7"
time="2026-01-28T18:03:30Z" level=info msg="Tool required for debug" tool="arduino:arduinoOTA@1.3.0"
time="2026-01-28T18:03:30Z" level=info msg="Tool required for debug" tool="builtin:ctags@5.8-arduino11"
time="2026-01-28T18:03:30Z" level=info msg="Tool required for debug" tool="builtin:dfu-discovery@0.1.2"
time="2026-01-28T18:03:30Z" level=info msg="Tool required for debug" tool="builtin:mdns-discovery@1.0.12"
time="2026-01-28T18:03:30Z" level=info msg="Tool required for debug" tool="builtin:serial-discovery@1.4.3"
time="2026-01-28T18:03:30Z" level=info msg="Tool required for debug" tool="arduino:avrdude@8.0.0-arduino1"
time="2026-01-28T18:03:30Z" level=info msg="Tool required for debug" tool="builtin:serial-monitor@0.15.0"
2026-01-28 18:03:30 2026-01-28T18:03:30.638Z daemon INFO time="2026-01-28T18:03:30Z" level=info msg="Tool required for debug" tool="arduino:dfu-util@0.11.0-arduino5"
time="2026-01-28T18:03:30Z" level=info msg="Tool required for debug" tool="esp32:esp-rv32@2511"
time="2026-01-28T18:03:30Z" level=info msg="Tool required for debug" tool="esp32:esp-x32@2511"
2026-01-28 18:03:30 2026-01-28T18:03:30.638Z daemon INFO time="2026-01-28T18:03:30Z" level=info msg="Tool required for debug" tool="esp32:esp32-libs@3.3.6"
time="2026-01-28T18:03:30Z" level=info msg="Tool required for debug" tool="esp32:esp32c3-libs@3.3.6"
time="2026-01-28T18:03:30Z" level=info msg="Tool required for debug" tool="esp32:esp32c5-libs@3.3.6"
time="2026-01-28T18:03:30Z" level=info msg="Tool required for debug" tool="esp32:esp32c6-libs@3.3.6"
time="2026-01-28T18:03:30Z" level=info msg="Tool required for debug" tool="esp32:esp32h2-libs@3.3.6"
time="2026-01-28T18:03:30Z" level=info msg="Tool required for debug" tool="esp32:esp32p4-libs@3.3.6"
time="2026-01-28T18:03:30Z" level=info msg="Tool required for debug" tool="esp32:esp32p4_es-libs@3.3.6"
2026-01-28 18:03:30 2026-01-28T18:03:30.638Z daemon INFO time="2026-01-28T18:03:30Z" level=info msg="Tool required for debug" tool="esp32:esp32s2-libs@3.3.6"
time="2026-01-28T18:03:30Z" level=info msg="Tool required for debug" tool="esp32:esp32s3-libs@3.3.6"
time="2026-01-28T18:03:30Z" level=info msg="Tool required for debug" tool="esp32:esptool_py@5.1.0"
time="2026-01-28T18:03:30Z" level=info msg="Tool required for debug" tool="esp32:mklittlefs@4.0.2-db0513a"
time="2026-01-28T18:03:30Z" level=info msg="Tool required for debug" tool="esp32:mkspiffs@0.2.3"
time="2026-01-28T18:03:30Z" level=info msg="Tool required for debug" tool="esp32:openocd-esp32@v0.12.0-esp32-20251215"
time="2026-01-28T18:03:30Z" level=info msg="Tool required for debug" tool="esp32:riscv32-esp-elf-gdb@16.3_20250913"
2026-01-28 18:03:30 2026-01-28T18:03:30.638Z daemon INFO time="2026-01-28T18:03:30Z" level=info msg="Tool required for debug" tool="esp32:xtensa-esp-elf-gdb@16.3_20250913"
time="2026-01-28T18:03:30Z" level=info msg="Tool required for debug" tool="arduino:avr-gcc@7.3.0-atmel3.6.1-arduino7"
time="2026-01-28T18:03:30Z" level=info msg="Tool required for debug" tool="builtin:ctags@5.8-arduino11"
time="2026-01-28T18:03:30Z" level=info msg="Tool required for debug" tool="arduino:avrdude@8.0.0-arduino1"
2026-01-28 18:03:30 2026-01-28T18:03:30.638Z daemon INFO time="2026-01-28T18:03:30Z" level=info msg="Tool required for debug" tool="builtin:dfu-discovery@0.1.2"
time="2026-01-28T18:03:30Z" level=info msg="Tool required for debug" tool="arduino:arduinoOTA@1.3.0"
time="2026-01-28T18:03:30Z" level=info msg="Tool required for debug" tool="builtin:mdns-discovery@1.0.12"
2026-01-28 18:03:30 2026-01-28T18:03:30.638Z daemon INFO time="2026-01-28T18:03:30Z" level=info msg="Tool required for debug" tool="builtin:serial-discovery@1.4.3"
time="2026-01-28T18:03:30Z" level=info msg="Tool required for debug" tool="builtin:serial-monitor@0.15.0"
2026-01-28 18:03:30 2026-01-28T18:03:30.638Z daemon INFO time="2026-01-28T18:03:30Z" level=info msg="Tool required for debug" tool="arduino:dfu-util@0.11.0-arduino5"
2026-01-28 18:03:30 2026-01-28T18:03:30.638Z daemon INFO time="2026-01-28T18:03:30Z" level=info msg="Tool required for debug" tool="esp32:esp-rv32@2511"
time="2026-01-28T18:03:30Z" level=info msg="Tool required for debug" tool="esp32:esp-x32@2511"
time="2026-01-28T18:03:30Z" level=info msg="Tool required for debug" tool="esp32:esp32-libs@3.3.6"
2026-01-28 18:03:30 2026-01-28T18:03:30.638Z daemon INFO time="2026-01-28T18:03:30Z" level=info msg="Tool required for debug" tool="esp32:esp32c3-libs@3.3.6"
time="2026-01-28T18:03:30Z" level=info msg="Tool required for debug" tool="esp32:esp32c5-libs@3.3.6"
time="2026-01-28T18:03:30Z" level=info msg="Tool required for debug" tool="esp32:esp32c6-libs@3.3.6"
2026-01-28 18:03:30 2026-01-28T18:03:30.638Z daemon INFO time="2026-01-28T18:03:30Z" level=info msg="Tool required for debug" tool="esp32:esp32h2-libs@3.3.6"
time="2026-01-28T18:03:30Z" level=info msg="Tool required for debug" tool="esp32:esp32p4-libs@3.3.6"
2026-01-28 18:03:30 2026-01-28T18:03:30.638Z daemon INFO time="2026-01-28T18:03:30Z" level=info msg="Tool required for debug" tool="esp32:esp32p4_es-libs@3.3.6"
time="2026-01-28T18:03:30Z" level=info msg="Tool required for debug" tool="esp32:esp32s2-libs@3.3.6"
2026-01-28 18:03:30 2026-01-28T18:03:30.638Z daemon INFO time="2026-01-28T18:03:30Z" level=info msg="Tool required for debug" tool="esp32:esp32s3-libs@3.3.6"
time="2026-01-28T18:03:30Z" level=info msg="Tool required for debug" tool="esp32:esptool_py@5.1.0"
2026-01-28 18:03:30 2026-01-28T18:03:30.638Z daemon INFO time="2026-01-28T18:03:30Z" level=info msg="Tool required for debug" tool="esp32:mklittlefs@4.0.2-db0513a"
time="2026-01-28T18:03:30Z" level=info msg="Tool required for debug" tool="esp32:mkspiffs@0.2.3"
2026-01-28 18:03:30 2026-01-28T18:03:30.638Z daemon INFO time="2026-01-28T18:03:30Z" level=info msg="Tool required for debug" tool="esp32:openocd-esp32@v0.12.0-esp32-20251215"
time="2026-01-28T18:03:30Z" level=info msg="Tool required for debug" tool="esp32:riscv32-esp-elf-gdb@16.3_20250913"
2026-01-28 18:03:30 2026-01-28T18:03:30.638Z daemon INFO time="2026-01-28T18:03:30Z" level=info msg="Tool required for debug" tool="esp32:xtensa-esp-elf-gdb@16.3_20250913"
time="2026-01-28T18:03:30Z" level=info msg="Tool required for debug" tool="builtin:dfu-discovery@0.1.2"
2026-01-28 18:03:30 2026-01-28T18:03:30.638Z daemon INFO time="2026-01-28T18:03:30Z" level=info msg="Tool required for debug" tool="builtin:serial-monitor@0.15.0"
2026-01-28 18:03:30 2026-01-28T18:03:30.638Z daemon INFO time="2026-01-28T18:03:30Z" level=info msg="Tool required for debug" tool="builtin:ctags@5.8-arduino11"
2026-01-28 18:03:30 2026-01-28T18:03:30.638Z daemon INFO time="2026-01-28T18:03:30Z" level=info msg="Tool required for debug" tool="builtin:serial-discovery@1.4.3"
2026-01-28 18:03:30 2026-01-28T18:03:30.638Z daemon INFO time="2026-01-28T18:03:30Z" level=info msg="Tool required for debug" tool="arduino:avr-gcc@7.3.0-atmel3.6.1-arduino7"
time="2026-01-28T18:03:30Z" level=info msg="Tool required for debug" tool="arduino:arduinoOTA@1.3.0"
2026-01-28 18:03:30 2026-01-28T18:03:30.638Z daemon INFO time="2026-01-28T18:03:30Z" level=info msg="Tool required for debug" tool="arduino:avrdude@8.0.0-arduino1"
time="2026-01-28T18:03:30Z" level=info msg="Tool required for debug" tool="builtin:mdns-discovery@1.0.12"
2026-01-28 18:03:30 2026-01-28T18:03:30.639Z daemon INFO time="2026-01-28T18:03:30Z" level=info msg="Tool required for debug" tool="arduino:dfu-util@0.11.0-arduino5"
time="2026-01-28T18:03:30Z" level=info msg="Tool required for debug" tool="esp32:esp-rv32@2511"
2026-01-28 18:03:30 2026-01-28T18:03:30.639Z daemon INFO time="2026-01-28T18:03:30Z" level=info msg="Tool required for debug" tool="esp32:esp-x32@2511"
time="2026-01-28T18:03:30Z" level=info msg="Tool required for debug" tool="esp32:esp32-libs@3.3.6"
time="2026-01-28T18:03:30Z" level=info msg="Tool required for debug" tool="esp32:esp32c3-libs@3.3.6"
time="2026-01-28T18:03:30Z" level=info msg="Tool required for debug" tool="esp32:esp32c5-libs@3.3.6"
time="2026-01-28T18:03:30Z" level=info msg="Tool required for debug" tool="esp32:esp32c6-libs@3.3.6"
time="2026-01-28T18:03:30Z" level=info msg="Tool required for debug" tool="esp32:esp32h2-libs@3.3.6"
2026-01-28 18:03:30 2026-01-28T18:03:30.639Z daemon INFO time="2026-01-28T18:03:30Z" level=info msg="Tool required for debug" tool="esp32:esp32p4-libs@3.3.6"
time="2026-01-28T18:03:30Z" level=info msg="Tool required for debug" tool="esp32:esp32p4_es-libs@3.3.6"
time="2026-01-28T18:03:30Z" level=info msg="Tool required for debug" tool="esp32:esp32s2-libs@3.3.6"
2026-01-28 18:03:30 2026-01-28T18:03:30.639Z daemon INFO time="2026-01-28T18:03:30Z" level=info msg="Tool required for debug" tool="esp32:esp32s3-libs@3.3.6"
time="2026-01-28T18:03:30Z" level=info msg="Tool required for debug" tool="esp32:esptool_py@5.1.0"
time="2026-01-28T18:03:30Z" level=info msg="Tool required for debug" tool="esp32:mklittlefs@4.0.2-db0513a"
2026-01-28 18:03:30 2026-01-28T18:03:30.639Z daemon INFO time="2026-01-28T18:03:30Z" level=info msg="Tool required for debug" tool="esp32:mkspiffs@0.2.3"
time="2026-01-28T18:03:30Z" level=info msg="Tool required for debug" tool="esp32:openocd-esp32@v0.12.0-esp32-20251215"
time="2026-01-28T18:03:30Z" level=info msg="Tool required for debug" tool="esp32:riscv32-esp-elf-gdb@16.3_20250913"
2026-01-28 18:03:30 2026-01-28T18:03:30.639Z daemon INFO time="2026-01-28T18:03:30Z" level=info msg="Tool required for debug" tool="esp32:xtensa-esp-elf-gdb@16.3_20250913"
time="2026-01-28T18:03:30Z" level=info msg="Tool required for debug" tool="arduino:avr-gcc@7.3.0-atmel3.6.1-arduino7"
2026-01-28 18:03:30 2026-01-28T18:03:30.639Z daemon INFO time="2026-01-28T18:03:30Z" level=info msg="Tool required for debug" tool="arduino:avrdude@8.0.0-arduino1"
time="2026-01-28T18:03:30Z" level=info msg="Tool required for debug" tool="builtin:serial-monitor@0.15.0"
2026-01-28 18:03:30 2026-01-28T18:03:30.639Z daemon INFO time="2026-01-28T18:03:30Z" level=info msg="Tool required for debug" tool="builtin:ctags@5.8-arduino11"
time="2026-01-28T18:03:30Z" level=info msg="Tool required for debug" tool="builtin:dfu-discovery@0.1.2"
2026-01-28 18:03:30 2026-01-28T18:03:30.639Z daemon INFO time="2026-01-28T18:03:30Z" level=info msg="Tool required for debug" tool="builtin:serial-discovery@1.4.3"
2026-01-28 18:03:30 2026-01-28T18:03:30.639Z daemon INFO time="2026-01-28T18:03:30Z" level=info msg="Tool required for debug" tool="arduino:arduinoOTA@1.3.0"
time="2026-01-28T18:03:30Z" level=info msg="Tool required for debug" tool="builtin:mdns-discovery@1.0.12"
2026-01-28 18:03:30 2026-01-28T18:03:30.639Z daemon INFO time="2026-01-28T18:03:30Z" level=info msg="Tool required for debug" tool="arduino:dfu-util@0.11.0-arduino5"
2026-01-28 18:03:30 2026-01-28T18:03:30.639Z daemon INFO time="2026-01-28T18:03:30Z" level=info msg="Tool required for debug" tool="esp32:esp-rv32@2511"
time="2026-01-28T18:03:30Z" level=info msg="Tool required for debug" tool="esp32:esp-x32@2511"
time="2026-01-28T18:03:30Z" level=info msg="Tool required for debug" tool="esp32:esp32-libs@3.3.6"
time="2026-01-28T18:03:30Z" level=info msg="Tool required for debug" tool="esp32:esp32c3-libs@3.3.6"
time="2026-01-28T18:03:30Z" level=info msg="Tool required for debug" tool="esp32:esp32c5-libs@3.3.6"
time="2026-01-28T18:03:30Z" level=info msg="Tool required for debug" tool="esp32:esp32c6-libs@3.3.6"
2026-01-28 18:03:30 2026-01-28T18:03:30.639Z daemon INFO time="2026-01-28T18:03:30Z" level=info msg="Tool required for debug" tool="esp32:esp32h2-libs@3.3.6"
time="2026-01-28T18:03:30Z" level=info msg="Tool required for debug" tool="esp32:esp32p4-libs@3.3.6"
time="2026-01-28T18:03:30Z" level=info msg="Tool required for debug" tool="esp32:esp32p4_es-libs@3.3.6"
time="2026-01-28T18:03:30Z" level=info msg="Tool required for debug" tool="esp32:esp32s2-libs@3.3.6"
2026-01-28 18:03:30 2026-01-28T18:03:30.639Z daemon INFO time="2026-01-28T18:03:30Z" level=info msg="Tool required for debug" tool="esp32:esp32s3-libs@3.3.6"
time="2026-01-28T18:03:30Z" level=info msg="Tool required for debug" tool="esp32:esptool_py@5.1.0"
2026-01-28 18:03:30 2026-01-28T18:03:30.639Z daemon INFO time="2026-01-28T18:03:30Z" level=info msg="Tool required for debug" tool="esp32:mklittlefs@4.0.2-db0513a"
time="2026-01-28T18:03:30Z" level=info msg="Tool required for debug" tool="esp32:mkspiffs@0.2.3"
2026-01-28 18:03:30 2026-01-28T18:03:30.639Z daemon INFO time="2026-01-28T18:03:30Z" level=info msg="Tool required for debug" tool="esp32:openocd-esp32@v0.12.0-esp32-20251215"
time="2026-01-28T18:03:30Z" level=info msg="Tool required for debug" tool="esp32:riscv32-esp-elf-gdb@16.3_20250913"
2026-01-28 18:03:30 2026-01-28T18:03:30.639Z daemon INFO time="2026-01-28T18:03:30Z" level=info msg="Tool required for debug" tool="esp32:xtensa-esp-elf-gdb@16.3_20250913"
time="2026-01-28T18:03:30Z" level=info msg="Tool required for debug" tool="builtin:dfu-discovery@0.1.2"
2026-01-28 18:03:30 2026-01-28T18:03:30.639Z daemon INFO time="2026-01-28T18:03:30Z" level=info msg="Tool required for debug" tool="builtin:serial-discovery@1.4.3"
time="2026-01-28T18:03:30Z" level=info msg="Tool required for debug" tool="builtin:serial-monitor@0.15.0"
time="2026-01-28T18:03:30Z" level=info msg="Tool required for debug" tool="builtin:ctags@5.8-arduino11"
2026-01-28 18:03:30 2026-01-28T18:03:30.640Z daemon INFO time="2026-01-28T18:03:30Z" level=info msg="Tool required for debug" tool="arduino:arduinoOTA@1.3.0"
2026-01-28 18:03:30 2026-01-28T18:03:30.640Z daemon INFO time="2026-01-28T18:03:30Z" level=info msg="Tool required for debug" tool="builtin:mdns-discovery@1.0.12"
time="2026-01-28T18:03:30Z" level=info msg="Tool required for debug" tool="arduino:avrdude@8.0.0-arduino1"
2026-01-28 18:03:30 2026-01-28T18:03:30.640Z daemon INFO time="2026-01-28T18:03:30Z" level=info msg="Tool required for debug" tool="arduino:avr-gcc@7.3.0-atmel3.6.1-arduino7"
2026-01-28 18:03:30 2026-01-28T18:03:30.641Z daemon INFO time="2026-01-28T18:03:30Z" level=info msg="Tool required for debug" tool="arduino:dfu-util@0.11.0-arduino5"
time="2026-01-28T18:03:30Z" level=info msg="Tool required for debug" tool="esp32:esp-rv32@2511"
time="2026-01-28T18:03:30Z" level=info msg="Tool required for debug" tool="esp32:esp-x32@2511"
time="2026-01-28T18:03:30Z" level=info msg="Tool required for debug" tool="esp32:esp32-libs@3.3.6"
time="2026-01-28T18:03:30Z" level=info msg="Tool required for debug" tool="esp32:esp32c3-libs@3.3.6"
time="2026-01-28T18:03:30Z" level=info msg="Tool required for debug" tool="esp32:esp32c5-libs@3.3.6"
2026-01-28 18:03:30 2026-01-28T18:03:30.641Z daemon INFO time="2026-01-28T18:03:30Z" level=info msg="Tool required for debug" tool="esp32:esp32c6-libs@3.3.6"
time="2026-01-28T18:03:30Z" level=info msg="Tool required for debug" tool="esp32:esp32h2-libs@3.3.6"
time="2026-01-28T18:03:30Z" level=info msg="Tool required for debug" tool="esp32:esp32p4-libs@3.3.6"
time="2026-01-28T18:03:30Z" level=info msg="Tool required for debug" tool="esp32:esp32p4_es-libs@3.3.6"
time="2026-01-28T18:03:30Z" level=info msg="Tool required for debug" tool="esp32:esp32s2-libs@3.3.6"
time="2026-01-28T18:03:30Z" level=info msg="Tool required for debug" tool="esp32:esp32s3-libs@3.3.6"
time="2026-01-28T18:03:30Z" level=info msg="Tool required for debug" tool="esp32:esptool_py@5.1.0"
time="2026-01-28T18:03:30Z" level=info msg="Tool required for debug" tool="esp32:mklittlefs@4.0.2-db0513a"
time="2026-01-28T18:03:30Z" level=info msg="Tool required for debug" tool="esp32:mkspiffs@0.2.3"
2026-01-28 18:03:30 2026-01-28T18:03:30.641Z daemon INFO time="2026-01-28T18:03:30Z" level=info msg="Tool required for debug" tool="esp32:openocd-esp32@v0.12.0-esp32-20251215"
time="2026-01-28T18:03:30Z" level=info msg="Tool required for debug" tool="esp32:riscv32-esp-elf-gdb@16.3_20250913"
2026-01-28 18:03:30 2026-01-28T18:03:30.641Z daemon INFO time="2026-01-28T18:03:30Z" level=info msg="Tool required for debug" tool="esp32:xtensa-esp-elf-gdb@16.3_20250913"
time="2026-01-28T18:03:30Z" level=info msg="Tool required for debug" tool="builtin:serial-discovery@1.4.3"
2026-01-28 18:03:30 2026-01-28T18:03:30.641Z daemon INFO time="2026-01-28T18:03:30Z" level=info msg="Tool required for debug" tool="arduino:arduinoOTA@1.3.0"
time="2026-01-28T18:03:30Z" level=info msg="Tool required for debug" tool="arduino:avrdude@8.0.0-arduino1"
2026-01-28 18:03:30 2026-01-28T18:03:30.641Z daemon INFO time="2026-01-28T18:03:30Z" level=info msg="Tool required for debug" tool="builtin:dfu-discovery@0.1.2"
2026-01-28 18:03:30 2026-01-28T18:03:30.641Z daemon INFO time="2026-01-28T18:03:30Z" level=info msg="Tool required for debug" tool="arduino:avr-gcc@7.3.0-atmel3.6.1-arduino7"
time="2026-01-28T18:03:30Z" level=info msg="Tool required for debug" tool="builtin:mdns-discovery@1.0.12"
2026-01-28 18:03:30 2026-01-28T18:03:30.641Z daemon INFO time="2026-01-28T18:03:30Z" level=info msg="Tool required for debug" tool="builtin:serial-monitor@0.15.0"
2026-01-28 18:03:30 2026-01-28T18:03:30.641Z daemon INFO time="2026-01-28T18:03:30Z" level=info msg="Tool required for debug" tool="builtin:ctags@5.8-arduino11"
2026-01-28 18:03:30 2026-01-28T18:03:30.641Z daemon INFO time="2026-01-28T18:03:30Z" level=info msg="Tool required for debug" tool="arduino:dfu-util@0.11.0-arduino5"
time="2026-01-28T18:03:30Z" level=info msg="Tool required for debug" tool="esp32:esp-rv32@2511"
2026-01-28 18:03:30 2026-01-28T18:03:30.641Z daemon INFO time="2026-01-28T18:03:30Z" level=info msg="Tool required for debug" tool="esp32:esp-x32@2511"
time="2026-01-28T18:03:30Z" level=info msg="Tool required for debug" tool="esp32:esp32-libs@3.3.6"
time="2026-01-28T18:03:30Z" level=info msg="Tool required for debug" tool="esp32:esp32c3-libs@3.3.6"
time="2026-01-28T18:03:30Z" level=info msg="Tool required for debug" tool="esp32:esp32c5-libs@3.3.6"
2026-01-28 18:03:30 2026-01-28T18:03:30.641Z daemon INFO time="2026-01-28T18:03:30Z" level=info msg="Tool required for debug" tool="esp32:esp32c6-libs@3.3.6"
time="2026-01-28T18:03:30Z" level=info msg="Tool required for debug" tool="esp32:esp32h2-libs@3.3.6"
time="2026-01-28T18:03:30Z" level=info msg="Tool required for debug" tool="esp32:esp32p4-libs@3.3.6"
2026-01-28 18:03:30 2026-01-28T18:03:30.641Z daemon INFO time="2026-01-28T18:03:30Z" level=info msg="Tool required for debug" tool="esp32:esp32p4_es-libs@3.3.6"
2026-01-28 18:03:30 2026-01-28T18:03:30.641Z daemon INFO time="2026-01-28T18:03:30Z" level=info msg="Tool required for debug" tool="esp32:esp32s2-libs@3.3.6"
time="2026-01-28T18:03:30Z" level=info msg="Tool required for debug" tool="esp32:esp32s3-libs@3.3.6"
2026-01-28 18:03:30 2026-01-28T18:03:30.641Z daemon INFO time="2026-01-28T18:03:30Z" level=info msg="Tool required for debug" tool="esp32:esptool_py@5.1.0"
2026-01-28 18:03:30 2026-01-28T18:03:30.641Z daemon INFO time="2026-01-28T18:03:30Z" level=info msg="Tool required for debug" tool="esp32:mklittlefs@4.0.2-db0513a"
time="2026-01-28T18:03:30Z" level=info msg="Tool required for debug" tool="esp32:mkspiffs@0.2.3"
2026-01-28 18:03:30 2026-01-28T18:03:30.641Z daemon INFO time="2026-01-28T18:03:30Z" level=info msg="Tool required for debug" tool="esp32:openocd-esp32@v0.12.0-esp32-20251215"
2026-01-28 18:03:30 2026-01-28T18:03:30.641Z daemon INFO time="2026-01-28T18:03:30Z" level=info msg="Tool required for debug" tool="esp32:riscv32-esp-elf-gdb@16.3_20250913"
2026-01-28 18:03:30 2026-01-28T18:03:30.641Z daemon INFO time="2026-01-28T18:03:30Z" level=info msg="Tool required for debug" tool="esp32:xtensa-esp-elf-gdb@16.3_20250913"
time="2026-01-28T18:03:30Z" level=info msg="Tool required for debug" tool="builtin:ctags@5.8-arduino11"
2026-01-28 18:03:30 2026-01-28T18:03:30.641Z daemon INFO time="2026-01-28T18:03:30Z" level=info msg="Tool required for debug" tool="arduino:avrdude@8.0.0-arduino1"
2026-01-28 18:03:30 2026-01-28T18:03:30.641Z daemon INFO time="2026-01-28T18:03:30Z" level=info msg="Tool required for debug" tool="builtin:dfu-discovery@0.1.2"
time="2026-01-28T18:03:30Z" level=info msg="Tool required for debug" tool="builtin:serial-discovery@1.4.3"
2026-01-28 18:03:30 2026-01-28T18:03:30.641Z daemon INFO time="2026-01-28T18:03:30Z" level=info msg="Tool required for debug" tool="arduino:arduinoOTA@1.3.0"
2026-01-28 18:03:30 2026-01-28T18:03:30.641Z daemon INFO time="2026-01-28T18:03:30Z" level=info msg="Tool required for debug" tool="builtin:mdns-discovery@1.0.12"
2026-01-28 18:03:30 2026-01-28T18:03:30.641Z daemon INFO time="2026-01-28T18:03:30Z" level=info msg="Tool required for debug" tool="builtin:serial-monitor@0.15.0"
2026-01-28 18:03:30 2026-01-28T18:03:30.641Z daemon INFO time="2026-01-28T18:03:30Z" level=info msg="Tool required for debug" tool="arduino:avr-gcc@7.3.0-atmel3.6.1-arduino7"
2026-01-28 18:03:30 2026-01-28T18:03:30.642Z daemon INFO time="2026-01-28T18:03:30Z" level=info msg="Tool required for debug" tool="arduino:dfu-util@0.11.0-arduino5"
2026-01-28 18:03:30 2026-01-28T18:03:30.642Z daemon INFO time="2026-01-28T18:03:30Z" level=info msg="Tool required for debug" tool="esp32:esp-rv32@2511"
time="2026-01-28T18:03:30Z" level=info msg="Tool required for debug" tool="esp32:esp-x32@2511"
2026-01-28 18:03:30 2026-01-28T18:03:30.642Z daemon INFO time="2026-01-28T18:03:30Z" level=info msg="Tool required for debug" tool="esp32:esp32-libs@3.3.6"
time="2026-01-28T18:03:30Z" level=info msg="Tool required for debug" tool="esp32:esp32c3-libs@3.3.6"
2026-01-28 18:03:30 2026-01-28T18:03:30.642Z daemon INFO time="2026-01-28T18:03:30Z" level=info msg="Tool required for debug" tool="esp32:esp32c5-libs@3.3.6"
2026-01-28 18:03:30 2026-01-28T18:03:30.642Z daemon INFO time="2026-01-28T18:03:30Z" level=info msg="Tool required for debug" tool="esp32:esp32c6-libs@3.3.6"
2026-01-28 18:03:30 2026-01-28T18:03:30.642Z daemon INFO time="2026-01-28T18:03:30Z" level=info msg="Tool required for debug" tool="esp32:esp32h2-libs@3.3.6"
2026-01-28 18:03:30 2026-01-28T18:03:30.642Z daemon INFO time="2026-01-28T18:03:30Z" level=info msg="Tool required for debug" tool="esp32:esp32p4-libs@3.3.6"
2026-01-28 18:03:30 2026-01-28T18:03:30.642Z daemon INFO time="2026-01-28T18:03:30Z" level=info msg="Tool required for debug" tool="esp32:esp32p4_es-libs@3.3.6"
2026-01-28 18:03:30 2026-01-28T18:03:30.642Z daemon INFO time="2026-01-28T18:03:30Z" level=info msg="Tool required for debug" tool="esp32:esp32s2-libs@3.3.6"
2026-01-28 18:03:30 2026-01-28T18:03:30.642Z daemon INFO time="2026-01-28T18:03:30Z" level=info msg="Tool required for debug" tool="esp32:esp32s3-libs@3.3.6"
2026-01-28 18:03:30 2026-01-28T18:03:30.642Z daemon INFO time="2026-01-28T18:03:30Z" level=info msg="Tool required for debug" tool="esp32:esptool_py@5.1.0"
2026-01-28 18:03:30 2026-01-28T18:03:30.642Z daemon INFO time="2026-01-28T18:03:30Z" level=info msg="Tool required for debug" tool="esp32:mklittlefs@4.0.2-db0513a"
2026-01-28 18:03:30 2026-01-28T18:03:30.642Z daemon INFO time="2026-01-28T18:03:30Z" level=info msg="Tool required for debug" tool="esp32:mkspiffs@0.2.3"
time="2026-01-28T18:03:30Z" level=info msg="Tool required for debug" tool="esp32:openocd-esp32@v0.12.0-esp32-20251215"
2026-01-28 18:03:30 2026-01-28T18:03:30.642Z daemon INFO time="2026-01-28T18:03:30Z" level=info msg="Tool required for debug" tool="esp32:riscv32-esp-elf-gdb@16.3_20250913"
2026-01-28 18:03:30 2026-01-28T18:03:30.642Z daemon INFO time="2026-01-28T18:03:30Z" level=info msg="Tool required for debug" tool="esp32:xtensa-esp-elf-gdb@16.3_20250913"
2026-01-28 18:03:30 2026-01-28T18:03:30.642Z daemon INFO time="2026-01-28T18:03:30Z" level=info msg="Tool required for debug" tool="arduino:avr-gcc@7.3.0-atmel3.6.1-arduino7"
2026-01-28 18:03:30 2026-01-28T18:03:30.642Z daemon INFO time="2026-01-28T18:03:30Z" level=info msg="Tool required for debug" tool="arduino:avrdude@8.0.0-arduino1"
2026-01-28 18:03:30 2026-01-28T18:03:30.642Z daemon INFO time="2026-01-28T18:03:30Z" level=info msg="Tool required for debug" tool="builtin:serial-discovery@1.4.3"
2026-01-28 18:03:30 2026-01-28T18:03:30.642Z daemon INFO time="2026-01-28T18:03:30Z" level=info msg="Tool required for debug" tool="builtin:ctags@5.8-arduino11"
2026-01-28 18:03:30 2026-01-28T18:03:30.642Z daemon INFO time="2026-01-28T18:03:30Z" level=info msg="Tool required for debug" tool="builtin:serial-monitor@0.15.0"
2026-01-28 18:03:30 2026-01-28T18:03:30.642Z daemon INFO time="2026-01-28T18:03:30Z" level=info msg="Tool required for debug" tool="arduino:arduinoOTA@1.3.0"
2026-01-28 18:03:30 2026-01-28T18:03:30.642Z daemon INFO time="2026-01-28T18:03:30Z" level=info msg="Tool required for debug" tool="builtin:mdns-discovery@1.0.12"
2026-01-28 18:03:30 2026-01-28T18:03:30.642Z daemon INFO time="2026-01-28T18:03:30Z" level=info msg="Tool required for debug" tool="builtin:dfu-discovery@0.1.2"
2026-01-28 18:03:30 2026-01-28T18:03:30.642Z daemon INFO time="2026-01-28T18:03:30Z" level=info msg="Tool required for debug" tool="arduino:dfu-util@0.11.0-arduino5"
2026-01-28 18:03:30 2026-01-28T18:03:30.642Z daemon INFO time="2026-01-28T18:03:30Z" level=info msg="Tool required for debug" tool="esp32:esp-rv32@2511"
time="2026-01-28T18:03:30Z" level=info msg="Tool required for debug" tool="esp32:esp-x32@2511"
time="2026-01-28T18:03:30Z" level=info msg="Tool required for debug" tool="esp32:esp32-libs@3.3.6"
time="2026-01-28T18:03:30Z" level=info msg="Tool required for debug" tool="esp32:esp32c3-libs@3.3.6"
time="2026-01-28T18:03:30Z" level=info msg="Tool required for debug" tool="esp32:esp32c5-libs@3.3.6"
time="2026-01-28T18:03:30Z" level=info msg="Tool required for debug" tool="esp32:esp32c6-libs@3.3.6"
time="2026-01-28T18:03:30Z" level=info msg="Tool required for debug" tool="esp32:esp32h2-libs@3.3.6"
2026-01-28 18:03:30 2026-01-28T18:03:30.642Z daemon INFO time="2026-01-28T18:03:30Z" level=info msg="Tool required for debug" tool="esp32:esp32p4-libs@3.3.6"
time="2026-01-28T18:03:30Z" level=info msg="Tool required for debug" tool="esp32:esp32p4_es-libs@3.3.6"
time="2026-01-28T18:03:30Z" level=info msg="Tool required for debug" tool="esp32:esp32s2-libs@3.3.6"
2026-01-28 18:03:30 2026-01-28T18:03:30.642Z daemon INFO time="2026-01-28T18:03:30Z" level=info msg="Tool required for debug" tool="esp32:esp32s3-libs@3.3.6"
time="2026-01-28T18:03:30Z" level=info msg="Tool required for debug" tool="esp32:esptool_py@5.1.0"
2026-01-28 18:03:30 2026-01-28T18:03:30.642Z daemon INFO time="2026-01-28T18:03:30Z" level=info msg="Tool required for debug" tool="esp32:mklittlefs@4.0.2-db0513a"
time="2026-01-28T18:03:30Z" level=info msg="Tool required for debug" tool="esp32:mkspiffs@0.2.3"
2026-01-28 18:03:30 2026-01-28T18:03:30.642Z daemon INFO time="2026-01-28T18:03:30Z" level=info msg="Tool required for debug" tool="esp32:openocd-esp32@v0.12.0-esp32-20251215"
time="2026-01-28T18:03:30Z" level=info msg="Tool required for debug" tool="esp32:riscv32-esp-elf-gdb@16.3_20250913"
time="2026-01-28T18:03:30Z" level=info msg="Tool required for debug" tool="esp32:xtensa-esp-elf-gdb@16.3_20250913"
time="2026-01-28T18:03:30Z" level=info msg="Tool required for debug" tool="arduino:arduinoOTA@1.3.0"
time="2026-01-28T18:03:30Z" level=info msg="Tool required for debug" tool="builtin:serial-monitor@0.15.0"
2026-01-28 18:03:30 2026-01-28T18:03:30.642Z daemon INFO time="2026-01-28T18:03:30Z" level=info msg="Tool required for debug" tool="builtin:ctags@5.8-arduino11"
time="2026-01-28T18:03:30Z" level=info msg="Tool required for debug" tool="arduino:avr-gcc@7.3.0-atmel3.6.1-arduino7"
2026-01-28 18:03:30 2026-01-28T18:03:30.642Z daemon INFO time="2026-01-28T18:03:30Z" level=info msg="Tool required for debug" tool="builtin:serial-discovery@1.4.3"
time="2026-01-28T18:03:30Z" level=info msg="Tool required for debug" tool="builtin:mdns-discovery@1.0.12"
time="2026-01-28T18:03:30Z" level=info msg="Tool required for debug" tool="builtin:dfu-discovery@0.1.2"
2026-01-28 18:03:30 2026-01-28T18:03:30.642Z daemon INFO time="2026-01-28T18:03:30Z" level=info msg="Tool required for debug" tool="arduino:avrdude@8.0.0-arduino1"
2026-01-28 18:03:30 2026-01-28T18:03:30.644Z daemon INFO time="2026-01-28T18:03:30Z" level=info msg="Tool required for debug" tool="arduino:dfu-util@0.11.0-arduino5"
time="2026-01-28T18:03:30Z" level=info msg="Tool required for debug" tool="esp32:esp-rv32@2511"
2026-01-28 18:03:30 2026-01-28T18:03:30.644Z daemon INFO time="2026-01-28T18:03:30Z" level=info msg="Tool required for debug" tool="esp32:esp-x32@2511"
time="2026-01-28T18:03:30Z" level=info msg="Tool required for debug" tool="esp32:esp32-libs@3.3.6"
time="2026-01-28T18:03:30Z" level=info msg="Tool required for debug" tool="esp32:esp32c3-libs@3.3.6"
time="2026-01-28T18:03:30Z" level=info msg="Tool required for debug" tool="esp32:esp32c5-libs@3.3.6"
2026-01-28 18:03:30 2026-01-28T18:03:30.644Z daemon INFO time="2026-01-28T18:03:30Z" level=info msg="Tool required for debug" tool="esp32:esp32c6-libs@3.3.6"
time="2026-01-28T18:03:30Z" level=info msg="Tool required for debug" tool="esp32:esp32h2-libs@3.3.6"
2026-01-28 18:03:30 2026-01-28T18:03:30.644Z daemon INFO time="2026-01-28T18:03:30Z" level=info msg="Tool required for debug" tool="esp32:esp32p4-libs@3.3.6"
time="2026-01-28T18:03:30Z" level=info msg="Tool required for debug" tool="esp32:esp32p4_es-libs@3.3.6"
2026-01-28 18:03:30 2026-01-28T18:03:30.644Z daemon INFO time="2026-01-28T18:03:30Z" level=info msg="Tool required for debug" tool="arduino:dfu-util@0.11.0-arduino5"
2026-01-28 18:03:30 2026-01-28T18:03:30.644Z daemon INFO time="2026-01-28T18:03:30Z" level=info msg="Tool required for debug" tool="esp32:esp-rv32@2511"
2026-01-28 18:03:30 2026-01-28T18:03:30.644Z daemon INFO time="2026-01-28T18:03:30Z" level=info msg="Tool required for debug" tool="esp32:esp-x32@2511"
2026-01-28 18:03:30 2026-01-28T18:03:30.644Z daemon INFO time="2026-01-28T18:03:30Z" level=info msg="Tool required for debug" tool="esp32:esp32-libs@3.3.6"
2026-01-28 18:03:30 2026-01-28T18:03:30.644Z daemon INFO time="2026-01-28T18:03:30Z" level=info msg="Tool required for debug" tool="esp32:esp32c3-libs@3.3.6"
2026-01-28 18:03:30 2026-01-28T18:03:30.644Z daemon INFO time="2026-01-28T18:03:30Z" level=info msg="Tool required for debug" tool="esp32:esp32c5-libs@3.3.6"
2026-01-28 18:03:30 2026-01-28T18:03:30.644Z daemon INFO time="2026-01-28T18:03:30Z" level=info msg="Tool required for debug" tool="esp32:esp32c6-libs@3.3.6"
2026-01-28 18:03:30 2026-01-28T18:03:30.644Z daemon INFO time="2026-01-28T18:03:30Z" level=info msg="Tool required for debug" tool="esp32:esp32h2-libs@3.3.6"
2026-01-28 18:03:30 2026-01-28T18:03:30.644Z daemon INFO time="2026-01-28T18:03:30Z" level=info msg="Tool required for debug" tool="esp32:esp32p4-libs@3.3.6"
2026-01-28 18:03:30 2026-01-28T18:03:30.644Z daemon INFO time="2026-01-28T18:03:30Z" level=info msg="Tool required for debug" tool="esp32:esp32p4_es-libs@3.3.6"
2026-01-28 18:03:30 2026-01-28T18:03:30.644Z daemon INFO time="2026-01-28T18:03:30Z" level=info msg="Tool required for debug" tool="esp32:esp32s2-libs@3.3.6"
2026-01-28 18:03:30 2026-01-28T18:03:30.644Z daemon INFO time="2026-01-28T18:03:30Z" level=info msg="Tool required for debug" tool="esp32:esp32s3-libs@3.3.6"
2026-01-28 18:03:30 2026-01-28T18:03:30.644Z daemon INFO time="2026-01-28T18:03:30Z" level=info msg="Tool required for debug" tool="esp32:esptool_py@5.1.0"
2026-01-28 18:03:30 2026-01-28T18:03:30.644Z daemon INFO time="2026-01-28T18:03:30Z" level=info msg="Tool required for debug" tool="esp32:mklittlefs@4.0.2-db0513a"
2026-01-28 18:03:30 2026-01-28T18:03:30.644Z daemon INFO time="2026-01-28T18:03:30Z" level=info msg="Tool required for debug" tool="esp32:mkspiffs@0.2.3"
time="2026-01-28T18:03:30Z" level=info msg="Tool required for debug" tool="esp32:esp32s2-libs@3.3.6"
2026-01-28 18:03:30 2026-01-28T18:03:30.644Z daemon INFO time="2026-01-28T18:03:30Z" level=info msg="Tool required for debug" tool="esp32:openocd-esp32@v0.12.0-esp32-20251215"
2026-01-28 18:03:30 2026-01-28T18:03:30.644Z daemon INFO time="2026-01-28T18:03:30Z" level=info msg="Tool required for debug" tool="esp32:riscv32-esp-elf-gdb@16.3_20250913"
2026-01-28 18:03:30 2026-01-28T18:03:30.644Z daemon INFO time="2026-01-28T18:03:30Z" level=info msg="Tool required for debug" tool="esp32:xtensa-esp-elf-gdb@16.3_20250913"
2026-01-28 18:03:30 2026-01-28T18:03:30.644Z daemon INFO time="2026-01-28T18:03:30Z" level=info msg="Tool required for debug" tool="arduino:arduinoOTA@1.3.0"
2026-01-28 18:03:30 2026-01-28T18:03:30.644Z daemon INFO time="2026-01-28T18:03:30Z" level=info msg="Tool required for debug" tool="builtin:serial-monitor@0.15.0"
2026-01-28 18:03:30 2026-01-28T18:03:30.644Z daemon INFO time="2026-01-28T18:03:30Z" level=info msg="Tool required for debug" tool="arduino:avr-gcc@7.3.0-atmel3.6.1-arduino7"
2026-01-28 18:03:30 2026-01-28T18:03:30.644Z daemon INFO time="2026-01-28T18:03:30Z" level=info msg="Tool required for debug" tool="builtin:mdns-discovery@1.0.12"
2026-01-28 18:03:30 2026-01-28T18:03:30.644Z daemon INFO time="2026-01-28T18:03:30Z" level=info msg="Tool required for debug" tool="builtin:serial-discovery@1.4.3"
2026-01-28 18:03:30 2026-01-28T18:03:30.644Z daemon INFO time="2026-01-28T18:03:30Z" level=info msg="Tool required for debug" tool="arduino:avrdude@8.0.0-arduino1"
2026-01-28 18:03:30 2026-01-28T18:03:30.644Z daemon INFO time="2026-01-28T18:03:30Z" level=info msg="Tool required for debug" tool="builtin:dfu-discovery@0.1.2"
2026-01-28 18:03:30 2026-01-28T18:03:30.644Z daemon INFO time="2026-01-28T18:03:30Z" level=info msg="Tool required for debug" tool="builtin:ctags@5.8-arduino11"
2026-01-28 18:03:30 2026-01-28T18:03:30.644Z daemon INFO time="2026-01-28T18:03:30Z" level=info msg="Tool required for debug" tool="esp32:esp32s3-libs@3.3.6"
2026-01-28 18:03:30 2026-01-28T18:03:30.644Z daemon INFO time="2026-01-28T18:03:30Z" level=info msg="Tool required for debug" tool="esp32:esptool_py@5.1.0"
time="2026-01-28T18:03:30Z" level=info msg="Tool required for debug" tool="esp32:mklittlefs@4.0.2-db0513a"
time="2026-01-28T18:03:30Z" level=info msg="Tool required for debug" tool="esp32:mkspiffs@0.2.3"
2026-01-28 18:03:30 2026-01-28T18:03:30.644Z daemon INFO time="2026-01-28T18:03:30Z" level=info msg="Tool required for debug" tool="esp32:openocd-esp32@v0.12.0-esp32-20251215"
time="2026-01-28T18:03:30Z" level=info msg="Tool required for debug" tool="esp32:riscv32-esp-elf-gdb@16.3_20250913"
2026-01-28 18:03:30 2026-01-28T18:03:30.644Z daemon INFO time="2026-01-28T18:03:30Z" level=info msg="Tool required for debug" tool="esp32:xtensa-esp-elf-gdb@16.3_20250913"
time="2026-01-28T18:03:30Z" level=info msg="Tool required for debug" tool="arduino:avrdude@8.0.0-arduino1"
2026-01-28 18:03:30 2026-01-28T18:03:30.644Z daemon INFO time="2026-01-28T18:03:30Z" level=info msg="Tool required for debug" tool="arduino:dfu-util@0.11.0-arduino5"
time="2026-01-28T18:03:30Z" level=info msg="Tool required for debug" tool="esp32:esp-rv32@2511"
2026-01-28 18:03:30 2026-01-28T18:03:30.644Z daemon INFO time="2026-01-28T18:03:30Z" level=info msg="Tool required for debug" tool="esp32:esp-x32@2511"
time="2026-01-28T18:03:30Z" level=info msg="Tool required for debug" tool="esp32:esp32-libs@3.3.6"
time="2026-01-28T18:03:30Z" level=info msg="Tool required for debug" tool="esp32:esp32c3-libs@3.3.6"
2026-01-28 18:03:30 2026-01-28T18:03:30.644Z daemon INFO time="2026-01-28T18:03:30Z" level=info msg="Tool required for debug" tool="esp32:esp32c5-libs@3.3.6"
time="2026-01-28T18:03:30Z" level=info msg="Tool required for debug" tool="esp32:esp32c6-libs@3.3.6"
2026-01-28 18:03:30 2026-01-28T18:03:30.644Z daemon INFO time="2026-01-28T18:03:30Z" level=info msg="Tool required for debug" tool="esp32:esp32h2-libs@3.3.6"
time="2026-01-28T18:03:30Z" level=info msg="Tool required for debug" tool="esp32:esp32p4-libs@3.3.6"
time="2026-01-28T18:03:30Z" level=info msg="Tool required for debug" tool="esp32:esp32p4_es-libs@3.3.6"
2026-01-28 18:03:30 2026-01-28T18:03:30.644Z daemon INFO time="2026-01-28T18:03:30Z" level=info msg="Tool required for debug" tool="esp32:esp32s2-libs@3.3.6"
time="2026-01-28T18:03:30Z" level=info msg="Tool required for debug" tool="esp32:esp32s3-libs@3.3.6"
time="2026-01-28T18:03:30Z" level=info msg="Tool required for debug" tool="esp32:esptool_py@5.1.0"
2026-01-28 18:03:30 2026-01-28T18:03:30.644Z daemon INFO time="2026-01-28T18:03:30Z" level=info msg="Tool required for debug" tool="esp32:mklittlefs@4.0.2-db0513a"
time="2026-01-28T18:03:30Z" level=info msg="Tool required for debug" tool="builtin:mdns-discovery@1.0.12"
2026-01-28 18:03:30 2026-01-28T18:03:30.644Z daemon INFO time="2026-01-28T18:03:30Z" level=info msg="Tool required for debug" tool="esp32:mkspiffs@0.2.3"
time="2026-01-28T18:03:30Z" level=info msg="Tool required for debug" tool="esp32:openocd-esp32@v0.12.0-esp32-20251215"
time="2026-01-28T18:03:30Z" level=info msg="Tool required for debug" tool="esp32:riscv32-esp-elf-gdb@16.3_20250913"
2026-01-28 18:03:30 2026-01-28T18:03:30.644Z daemon INFO time="2026-01-28T18:03:30Z" level=info msg="Tool required for debug" tool="arduino:avr-gcc@7.3.0-atmel3.6.1-arduino7"
time="2026-01-28T18:03:30Z" level=info msg="Tool required for debug" tool="builtin:serial-discovery@1.4.3"
2026-01-28 18:03:30 2026-01-28T18:03:30.644Z daemon INFO time="2026-01-28T18:03:30Z" level=info msg="Tool required for debug" tool="builtin:serial-monitor@0.15.0"
2026-01-28 18:03:30 2026-01-28T18:03:30.644Z daemon INFO time="2026-01-28T18:03:30Z" level=info msg="Tool required for debug" tool="arduino:arduinoOTA@1.3.0"
time="2026-01-28T18:03:30Z" level=info msg="Tool required for debug" tool="builtin:ctags@5.8-arduino11"
2026-01-28 18:03:30 2026-01-28T18:03:30.644Z daemon INFO time="2026-01-28T18:03:30Z" level=info msg="Tool required for debug" tool="esp32:xtensa-esp-elf-gdb@16.3_20250913"
time="2026-01-28T18:03:30Z" level=info msg="Tool required for debug" tool="builtin:dfu-discovery@0.1.2"
2026-01-28 18:03:30 2026-01-28T18:03:30.644Z daemon INFO time="2026-01-28T18:03:30Z" level=info msg="Tool required for debug" tool="arduino:avr-gcc@7.3.0-atmel3.6.1-arduino7"
time="2026-01-28T18:03:30Z" level=info msg="Tool required for debug" tool="arduino:arduinoOTA@1.3.0"
time="2026-01-28T18:03:30Z" level=info msg="Tool required for debug" tool="arduino:avrdude@8.0.0-arduino1"
time="2026-01-28T18:03:30Z" level=info msg="Tool required for debug" tool="builtin:ctags@5.8-arduino11"
time="2026-01-28T18:03:30Z" level=info msg="Tool required for debug" tool="builtin:dfu-discovery@0.1.2"
time="2026-01-28T18:03:30Z" level=info msg="Tool required for debug" tool="builtin:mdns-discovery@1.0.12"
2026-01-28 18:03:30 2026-01-28T18:03:30.645Z daemon INFO time="2026-01-28T18:03:30Z" level=info msg="Tool required for debug" tool="builtin:serial-discovery@1.4.3"
time="2026-01-28T18:03:30Z" level=info msg="Tool required for debug" tool="builtin:serial-monitor@0.15.0"
2026-01-28 18:03:30 2026-01-28T18:03:30.646Z daemon INFO time="2026-01-28T18:03:30Z" level=info msg="Tool required for debug" tool="arduino:dfu-util@0.11.0-arduino5"
time="2026-01-28T18:03:30Z" level=info msg="Tool required for debug" tool="esp32:esp-rv32@2511"
time="2026-01-28T18:03:30Z" level=info msg="Tool required for debug" tool="esp32:esp-x32@2511"
2026-01-28 18:03:30 2026-01-28T18:03:30.646Z daemon INFO time="2026-01-28T18:03:30Z" level=info msg="Tool required for debug" tool="esp32:esp32-libs@3.3.6"
time="2026-01-28T18:03:30Z" level=info msg="Tool required for debug" tool="esp32:esp32c3-libs@3.3.6"
time="2026-01-28T18:03:30Z" level=info msg="Tool required for debug" tool="esp32:esp32c5-libs@3.3.6"
time="2026-01-28T18:03:30Z" level=info msg="Tool required for debug" tool="esp32:esp32c6-libs@3.3.6"
time="2026-01-28T18:03:30Z" level=info msg="Tool required for debug" tool="esp32:esp32h2-libs@3.3.6"
time="2026-01-28T18:03:30Z" level=info msg="Tool required for debug" tool="esp32:esp32p4-libs@3.3.6"
time="2026-01-28T18:03:30Z" level=info msg="Tool required for debug" tool="esp32:esp32p4_es-libs@3.3.6"
time="2026-01-28T18:03:30Z" level=info msg="Tool required for debug" tool="esp32:esp32s2-libs@3.3.6"
2026-01-28 18:03:30 2026-01-28T18:03:30.646Z daemon INFO time="2026-01-28T18:03:30Z" level=info msg="Tool required for debug" tool="esp32:esp32s3-libs@3.3.6"
time="2026-01-28T18:03:30Z" level=info msg="Tool required for debug" tool="esp32:esptool_py@5.1.0"
time="2026-01-28T18:03:30Z" level=info msg="Tool required for debug" tool="esp32:mklittlefs@4.0.2-db0513a"
time="2026-01-28T18:03:30Z" level=info msg="Tool required for debug" tool="esp32:mkspiffs@0.2.3"
time="2026-01-28T18:03:30Z" level=info msg="Tool required for debug" tool="esp32:openocd-esp32@v0.12.0-esp32-20251215"
time="2026-01-28T18:03:30Z" level=info msg="Tool required for debug" tool="esp32:riscv32-esp-elf-gdb@16.3_20250913"
time="2026-01-28T18:03:30Z" level=info msg="Tool required for debug" tool="esp32:xtensa-esp-elf-gdb@16.3_20250913"
2026-01-28 18:03:30 2026-01-28T18:03:30.646Z daemon INFO time="2026-01-28T18:03:30Z" level=info msg="Tool required for debug" tool="arduino:arduinoOTA@1.3.0"
time="2026-01-28T18:03:30Z" level=info msg="Tool required for debug" tool="arduino:avr-gcc@7.3.0-atmel3.6.1-arduino7"
time="2026-01-28T18:03:30Z" level=info msg="Tool required for debug" tool="arduino:avrdude@8.0.0-arduino1"
time="2026-01-28T18:03:30Z" level=info msg="Tool required for debug" tool="builtin:mdns-discovery@1.0.12"
2026-01-28 18:03:30 2026-01-28T18:03:30.646Z daemon INFO time="2026-01-28T18:03:30Z" level=info msg="Tool required for debug" tool="builtin:serial-discovery@1.4.3"
time="2026-01-28T18:03:30Z" level=info msg="Tool required for debug" tool="builtin:dfu-discovery@0.1.2"
time="2026-01-28T18:03:30Z" level=info msg="Tool required for debug" tool="builtin:serial-monitor@0.15.0"
2026-01-28 18:03:30 2026-01-28T18:03:30.646Z daemon INFO time="2026-01-28T18:03:30Z" level=info msg="Tool required for debug" tool="builtin:ctags@5.8-arduino11"
2026-01-28 18:03:30 2026-01-28T18:03:30.646Z daemon INFO time="2026-01-28T18:03:30Z" level=info msg="Tool required for debug" tool="arduino:dfu-util@0.11.0-arduino5"
time="2026-01-28T18:03:30Z" level=info msg="Tool required for debug" tool="esp32:esp-rv32@2511"
2026-01-28 18:03:30 2026-01-28T18:03:30.646Z daemon INFO time="2026-01-28T18:03:30Z" level=info msg="Tool required for debug" tool="esp32:esp-x32@2511"
time="2026-01-28T18:03:30Z" level=info msg="Tool required for debug" tool="esp32:esp32-libs@3.3.6"
time="2026-01-28T18:03:30Z" level=info msg="Tool required for debug" tool="esp32:esp32c3-libs@3.3.6"
time="2026-01-28T18:03:30Z" level=info msg="Tool required for debug" tool="esp32:esp32c5-libs@3.3.6"
time="2026-01-28T18:03:30Z" level=info msg="Tool required for debug" tool="esp32:esp32c6-libs@3.3.6"
2026-01-28 18:03:30 2026-01-28T18:03:30.646Z daemon INFO time="2026-01-28T18:03:30Z" level=info msg="Tool required for debug" tool="esp32:esp32h2-libs@3.3.6"
time="2026-01-28T18:03:30Z" level=info msg="Tool required for debug" tool="esp32:esp32p4-libs@3.3.6"
time="2026-01-28T18:03:30Z" level=info msg="Tool required for debug" tool="esp32:esp32p4_es-libs@3.3.6"
time="2026-01-28T18:03:30Z" level=info msg="Tool required for debug" tool="esp32:esp32s2-libs@3.3.6"
2026-01-28 18:03:30 2026-01-28T18:03:30.646Z daemon INFO time="2026-01-28T18:03:30Z" level=info msg="Tool required for debug" tool="arduino:dfu-util@0.11.0-arduino5"
time="2026-01-28T18:03:30Z" level=info msg="Tool required for debug" tool="esp32:esp-rv32@2511"
time="2026-01-28T18:03:30Z" level=info msg="Tool required for debug" tool="esp32:esp-x32@2511"
2026-01-28 18:03:30 2026-01-28T18:03:30.646Z daemon INFO time="2026-01-28T18:03:30Z" level=info msg="Tool required for debug" tool="esp32:esp32-libs@3.3.6"
time="2026-01-28T18:03:30Z" level=info msg="Tool required for debug" tool="esp32:esp32c3-libs@3.3.6"
time="2026-01-28T18:03:30Z" level=info msg="Tool required for debug" tool="esp32:esp32c5-libs@3.3.6"
time="2026-01-28T18:03:30Z" level=info msg="Tool required for debug" tool="esp32:esp32c6-libs@3.3.6"
2026-01-28 18:03:30 2026-01-28T18:03:30.646Z daemon INFO time="2026-01-28T18:03:30Z" level=info msg="Tool required for debug" tool="esp32:esp32h2-libs@3.3.6"
time="2026-01-28T18:03:30Z" level=info msg="Tool required for debug" tool="esp32:esp32p4-libs@3.3.6"
time="2026-01-28T18:03:30Z" level=info msg="Tool required for debug" tool="esp32:esp32p4_es-libs@3.3.6"
2026-01-28 18:03:30 2026-01-28T18:03:30.646Z daemon INFO time="2026-01-28T18:03:30Z" level=info msg="Tool required for debug" tool="esp32:esp32s2-libs@3.3.6"
time="2026-01-28T18:03:30Z" level=info msg="Tool required for debug" tool="esp32:esp32s3-libs@3.3.6"
time="2026-01-28T18:03:30Z" level=info msg="Tool required for debug" tool="esp32:esptool_py@5.1.0"
time="2026-01-28T18:03:30Z" level=info msg="Tool required for debug" tool="esp32:mklittlefs@4.0.2-db0513a"
2026-01-28 18:03:30 2026-01-28T18:03:30.646Z daemon INFO time="2026-01-28T18:03:30Z" level=info msg="Tool required for debug" tool="esp32:esp32s3-libs@3.3.6"
2026-01-28 18:03:30 2026-01-28T18:03:30.646Z daemon INFO time="2026-01-28T18:03:30Z" level=info msg="Tool required for debug" tool="esp32:esptool_py@5.1.0"
time="2026-01-28T18:03:30Z" level=info msg="Tool required for debug" tool="esp32:mklittlefs@4.0.2-db0513a"
time="2026-01-28T18:03:30Z" level=info msg="Tool required for debug" tool="esp32:mkspiffs@0.2.3"
2026-01-28 18:03:30 2026-01-28T18:03:30.646Z daemon INFO time="2026-01-28T18:03:30Z" level=info msg="Tool required for debug" tool="esp32:openocd-esp32@v0.12.0-esp32-20251215"
time="2026-01-28T18:03:30Z" level=info msg="Tool required for debug" tool="esp32:riscv32-esp-elf-gdb@16.3_20250913"
time="2026-01-28T18:03:30Z" level=info msg="Tool required for debug" tool="esp32:xtensa-esp-elf-gdb@16.3_20250913"
2026-01-28 18:03:30 2026-01-28T18:03:30.646Z daemon INFO time="2026-01-28T18:03:30Z" level=info msg="Tool required for debug" tool="builtin:mdns-discovery@1.0.12"
time="2026-01-28T18:03:30Z" level=info msg="Tool required for debug" tool="builtin:ctags@5.8-arduino11"
2026-01-28 18:03:30 2026-01-28T18:03:30.646Z daemon INFO time="2026-01-28T18:03:30Z" level=info msg="Tool required for debug" tool="arduino:avr-gcc@7.3.0-atmel3.6.1-arduino7"
2026-01-28 18:03:30 2026-01-28T18:03:30.647Z daemon INFO time="2026-01-28T18:03:30Z" level=info msg="Tool required for debug" tool="esp32:mkspiffs@0.2.3"
2026-01-28 18:03:30 2026-01-28T18:03:30.647Z daemon INFO time="2026-01-28T18:03:30Z" level=info msg="Tool required for debug" tool="esp32:openocd-esp32@v0.12.0-esp32-20251215"
time="2026-01-28T18:03:30Z" level=info msg="Tool required for debug" tool="esp32:riscv32-esp-elf-gdb@16.3_20250913"
2026-01-28 18:03:30 2026-01-28T18:03:30.647Z daemon INFO time="2026-01-28T18:03:30Z" level=info msg="Tool required for debug" tool="esp32:xtensa-esp-elf-gdb@16.3_20250913"
2026-01-28 18:03:30 2026-01-28T18:03:30.647Z daemon INFO time="2026-01-28T18:03:30Z" level=info msg="Tool required for debug" tool="builtin:serial-discovery@1.4.3"
2026-01-28 18:03:30 2026-01-28T18:03:30.647Z daemon INFO time="2026-01-28T18:03:30Z" level=info msg="Tool required for debug" tool="arduino:avr-gcc@7.3.0-atmel3.6.1-arduino7"
2026-01-28 18:03:30 2026-01-28T18:03:30.647Z daemon INFO time="2026-01-28T18:03:30Z" level=info msg="Tool required for debug" tool="builtin:dfu-discovery@0.1.2"
2026-01-28 18:03:30 2026-01-28T18:03:30.647Z daemon INFO time="2026-01-28T18:03:30Z" level=info msg="Tool required for debug" tool="arduino:arduinoOTA@1.3.0"
2026-01-28 18:03:30 2026-01-28T18:03:30.647Z daemon INFO time="2026-01-28T18:03:30Z" level=info msg="Tool required for debug" tool="arduino:avrdude@8.0.0-arduino1"
time="2026-01-28T18:03:30Z" level=info msg="Tool required for debug" tool="builtin:serial-discovery@1.4.3"
2026-01-28 18:03:30 2026-01-28T18:03:30.647Z daemon INFO time="2026-01-28T18:03:30Z" level=info msg="Tool required for debug" tool="builtin:serial-monitor@0.15.0"
2026-01-28 18:03:30 2026-01-28T18:03:30.647Z daemon INFO time="2026-01-28T18:03:30Z" level=info msg="Tool required for debug" tool="builtin:dfu-discovery@0.1.2"
2026-01-28 18:03:30 2026-01-28T18:03:30.647Z daemon INFO time="2026-01-28T18:03:30Z" level=info msg="Tool required for debug" tool="builtin:mdns-discovery@1.0.12"
2026-01-28 18:03:30 2026-01-28T18:03:30.647Z daemon INFO time="2026-01-28T18:03:30Z" level=info msg="Tool required for debug" tool="arduino:avrdude@8.0.0-arduino1"
time="2026-01-28T18:03:30Z" level=info msg="Tool required for debug" tool="arduino:arduinoOTA@1.3.0"
2026-01-28 18:03:30 2026-01-28T18:03:30.647Z daemon INFO time="2026-01-28T18:03:30Z" level=info msg="Tool required for debug" tool="builtin:ctags@5.8-arduino11"
2026-01-28 18:03:30 2026-01-28T18:03:30.647Z daemon INFO time="2026-01-28T18:03:30Z" level=info msg="Tool required for debug" tool="builtin:serial-monitor@0.15.0"
2026-01-28 18:03:30 2026-01-28T18:03:30.648Z daemon INFO time="2026-01-28T18:03:30Z" level=info msg="Tool required for debug" tool="arduino:dfu-util@0.11.0-arduino5"
time="2026-01-28T18:03:30Z" level=info msg="Tool required for debug" tool="esp32:esp-rv32@2511"
2026-01-28 18:03:30 2026-01-28T18:03:30.648Z daemon INFO time="2026-01-28T18:03:30Z" level=info msg="Tool required for debug" tool="esp32:esp-x32@2511"
time="2026-01-28T18:03:30Z" level=info msg="Tool required for debug" tool="esp32:esp32-libs@3.3.6"
time="2026-01-28T18:03:30Z" level=info msg="Tool required for debug" tool="esp32:esp32c3-libs@3.3.6"
time="2026-01-28T18:03:30Z" level=info msg="Tool required for debug" tool="esp32:esp32c5-libs@3.3.6"
time="2026-01-28T18:03:30Z" level=info msg="Tool required for debug" tool="esp32:esp32c6-libs@3.3.6"
time="2026-01-28T18:03:30Z" level=info msg="Tool required for debug" tool="esp32:esp32h2-libs@3.3.6"
time="2026-01-28T18:03:30Z" level=info msg="Tool required for debug" tool="esp32:esp32p4-libs@3.3.6"
time="2026-01-28T18:03:30Z" level=info msg="Tool required for debug" tool="esp32:esp32p4_es-libs@3.3.6"
2026-01-28 18:03:30 2026-01-28T18:03:30.648Z daemon INFO time="2026-01-28T18:03:30Z" level=info msg="Tool required for debug" tool="esp32:esp32s2-libs@3.3.6"
time="2026-01-28T18:03:30Z" level=info msg="Tool required for debug" tool="esp32:esp32s3-libs@3.3.6"
time="2026-01-28T18:03:30Z" level=info msg="Tool required for debug" tool="esp32:esptool_py@5.1.0"
2026-01-28 18:03:30 2026-01-28T18:03:30.648Z daemon INFO time="2026-01-28T18:03:30Z" level=info msg="Tool required for debug" tool="esp32:mklittlefs@4.0.2-db0513a"
time="2026-01-28T18:03:30Z" level=info msg="Tool required for debug" tool="esp32:mkspiffs@0.2.3"
time="2026-01-28T18:03:30Z" level=info msg="Tool required for debug" tool="esp32:openocd-esp32@v0.12.0-esp32-20251215"
time="2026-01-28T18:03:30Z" level=info msg="Tool required for debug" tool="esp32:riscv32-esp-elf-gdb@16.3_20250913"
time="2026-01-28T18:03:30Z" level=info msg="Tool required for debug" tool="esp32:xtensa-esp-elf-gdb@16.3_20250913"
2026-01-28 18:03:30 2026-01-28T18:03:30.648Z daemon INFO time="2026-01-28T18:03:30Z" level=info msg="Tool required for debug" tool="arduino:avrdude@8.0.0-arduino1"
time="2026-01-28T18:03:30Z" level=info msg="Tool required for debug" tool="builtin:serial-monitor@0.15.0"
2026-01-28 18:03:30 2026-01-28T18:03:30.648Z daemon INFO time="2026-01-28T18:03:30Z" level=info msg="Tool required for debug" tool="builtin:ctags@5.8-arduino11"
time="2026-01-28T18:03:30Z" level=info msg="Tool required for debug" tool="builtin:mdns-discovery@1.0.12"
2026-01-28 18:03:30 2026-01-28T18:03:30.648Z daemon INFO time="2026-01-28T18:03:30Z" level=info msg="Tool required for debug" tool="arduino:arduinoOTA@1.3.0"
time="2026-01-28T18:03:30Z" level=info msg="Tool required for debug" tool="arduino:avr-gcc@7.3.0-atmel3.6.1-arduino7"
2026-01-28 18:03:30 2026-01-28T18:03:30.648Z daemon INFO time="2026-01-28T18:03:30Z" level=info msg="Tool required for debug" tool="builtin:serial-discovery@1.4.3"
time="2026-01-28T18:03:30Z" level=info msg="Tool required for debug" tool="builtin:dfu-discovery@0.1.2"
2026-01-28 18:03:30 2026-01-28T18:03:30.650Z daemon INFO time="2026-01-28T18:03:30Z" level=info msg="Tool required for debug" tool="arduino:dfu-util@0.11.0-arduino5"
time="2026-01-28T18:03:30Z" level=info msg="Tool required for debug" tool="esp32:esp-rv32@2511"
2026-01-28 18:03:30 2026-01-28T18:03:30.650Z daemon INFO time="2026-01-28T18:03:30Z" level=info msg="Tool required for debug" tool="esp32:esp-x32@2511"
time="2026-01-28T18:03:30Z" level=info msg="Tool required for debug" tool="esp32:esp32-libs@3.3.6"
time="2026-01-28T18:03:30Z" level=info msg="Tool required for debug" tool="esp32:esp32c3-libs@3.3.6"
time="2026-01-28T18:03:30Z" level=info msg="Tool required for debug" tool="esp32:esp32c5-libs@3.3.6"
time="2026-01-28T18:03:30Z" level=info msg="Tool required for debug" tool="esp32:esp32c6-libs@3.3.6"
time="2026-01-28T18:03:30Z" level=info msg="Tool required for debug" tool="esp32:esp32h2-libs@3.3.6"
2026-01-28 18:03:30 2026-01-28T18:03:30.650Z daemon INFO time="2026-01-28T18:03:30Z" level=info msg="Tool required for debug" tool="esp32:esp32p4-libs@3.3.6"
time="2026-01-28T18:03:30Z" level=info msg="Tool required for debug" tool="esp32:esp32p4_es-libs@3.3.6"
time="2026-01-28T18:03:30Z" level=info msg="Tool required for debug" tool="esp32:esp32s2-libs@3.3.6"
2026-01-28 18:03:30 2026-01-28T18:03:30.650Z daemon INFO time="2026-01-28T18:03:30Z" level=info msg="Tool required for debug" tool="esp32:esp32s3-libs@3.3.6"
time="2026-01-28T18:03:30Z" level=info msg="Tool required for debug" tool="esp32:esptool_py@5.1.0"
time="2026-01-28T18:03:30Z" level=info msg="Tool required for debug" tool="esp32:mklittlefs@4.0.2-db0513a"
2026-01-28 18:03:30 2026-01-28T18:03:30.650Z daemon INFO time="2026-01-28T18:03:30Z" level=info msg="Tool required for debug" tool="esp32:mkspiffs@0.2.3"
time="2026-01-28T18:03:30Z" level=info msg="Tool required for debug" tool="esp32:openocd-esp32@v0.12.0-esp32-20251215"
time="2026-01-28T18:03:30Z" level=info msg="Tool required for debug" tool="esp32:riscv32-esp-elf-gdb@16.3_20250913"
2026-01-28 18:03:30 2026-01-28T18:03:30.650Z daemon INFO time="2026-01-28T18:03:30Z" level=info msg="Tool required for debug" tool="esp32:xtensa-esp-elf-gdb@16.3_20250913"
time="2026-01-28T18:03:30Z" level=info msg="Tool required for debug" tool="arduino:avr-gcc@7.3.0-atmel3.6.1-arduino7"
time="2026-01-28T18:03:30Z" level=info msg="Tool required for debug" tool="arduino:avrdude@8.0.0-arduino1"
2026-01-28 18:03:30 2026-01-28T18:03:30.650Z daemon INFO time="2026-01-28T18:03:30Z" level=info msg="Tool required for debug" tool="builtin:mdns-discovery@1.0.12"
time="2026-01-28T18:03:30Z" level=info msg="Tool required for debug" tool="arduino:arduinoOTA@1.3.0"
time="2026-01-28T18:03:30Z" level=info msg="Tool required for debug" tool="builtin:dfu-discovery@0.1.2"
2026-01-28 18:03:30 2026-01-28T18:03:30.650Z daemon INFO time="2026-01-28T18:03:30Z" level=info msg="Tool required for debug" tool="builtin:ctags@5.8-arduino11"
time="2026-01-28T18:03:30Z" level=info msg="Tool required for debug" tool="builtin:serial-discovery@1.4.3"
time="2026-01-28T18:03:30Z" level=info msg="Tool required for debug" tool="builtin:serial-monitor@0.15.0"
2026-01-28 18:03:30 2026-01-28T18:03:30.664Z root INFO Starting language server: esp32:esp32:esp32s3:UploadSpeed=115200,USBMode=hwcdc,CDCOnBoot=cdc,MSCOnBoot=default,DFUOnBoot=default,UploadMode=default,CPUFreq=240,FlashMode=qio,FlashSize=32M,PartitionScheme=default,DebugLevel=none,PSRAM=disabled,LoopCore=1,EventsCore=1,EraseFlash=none,JTAGAdapter=default,ZigbeeMode=default
2026-01-28 18:03:30 2026-01-28T18:03:30.686Z root INFO [hosted-plugin: 7864] PLUGIN_HOST(7864): PluginManagerExtImpl/loadPlugin(/opt/arduino-ide/resources/app/plugins/vscode-arduino-tools/extension/dist/extension.js)
2026-01-28 18:03:30 2026-01-28T18:03:30.703Z root INFO [hosted-plugin: 7864] calling activation function on VS Code Arduino Tools
2026-01-28 18:03:30 2026-01-28T18:03:30.717Z daemon INFO time="2026-01-28T18:03:30Z" level=info msg="Adding libraries dir" dir=/home/shrek/.arduino15/libraries isSingleLibrary=false location=ide
2026-01-28 18:03:30 2026-01-28T18:03:30.717Z daemon INFO time="2026-01-28T18:03:30Z" level=info msg="Adding libraries dir" dir=/home/shrek/.arduino15/packages/esp32/hardware/esp32/3.3.6/libraries isSingleLibrary=false location=platform
time="2026-01-28T18:03:30Z" level=info msg="Adding libraries dir" dir=/home/shrek/Arduino/libraries isSingleLibrary=false location=user
2026-01-28 18:03:31 2026-01-28T18:03:31.761Z daemon INFO time="2026-01-28T18:03:31Z" level=info msg="Adding libraries dir" dir=/home/shrek/.arduino15/libraries isSingleLibrary=false location=ide
time="2026-01-28T18:03:31Z" level=info msg="Adding libraries dir" dir=/home/shrek/.arduino15/packages/esp32/hardware/esp32/3.3.6/libraries isSingleLibrary=false location=platform
2026-01-28 18:03:31 2026-01-28T18:03:31.761Z daemon INFO time="2026-01-28T18:03:31Z" level=info msg="Adding libraries dir" dir=/home/shrek/Arduino/libraries isSingleLibrary=false location=user
2026-01-28 18:03:31 2026-01-28T18:03:31.955Z daemon INFO time="2026-01-28T18:03:31Z" level=info msg="Adding libraries dir" dir=/home/shrek/.arduino15/libraries isSingleLibrary=false location=ide
2026-01-28 18:03:31 2026-01-28T18:03:31.955Z daemon INFO time="2026-01-28T18:03:31Z" level=info msg="Adding libraries dir" dir=/home/shrek/.arduino15/packages/esp32/hardware/esp32/3.3.6/libraries isSingleLibrary=false location=platform
time="2026-01-28T18:03:31Z" level=info msg="Adding libraries dir" dir=/home/shrek/Arduino/libraries isSingleLibrary=false location=user
2026-01-28 18:03:32 2026-01-28T18:03:32.620Z root INFO compiler-errors Current error changed to d;7
2026-01-28 18:03:38 isTempSketch: false. Input was /home/shrek/Arduino/practice.py
2026-01-28 18:03:38 Marking workspace as a closed sketch. Workspace URI: file:///home/shrek/Arduino/practice.py. Date: 1769623418631.
2026-01-28 18:03:38 isTempSketch: false. Input was /home/shrek/Arduino/practice.py
2026-01-28 18:03:38 Marking workspace as a closed sketch. Workspace URI: file:///home/shrek/Arduino/practice.py. Date: 1769623418633.
2026-01-28 18:03:38 2026-01-28T18:03:38.635Z root INFO socked closed
2026-01-28 18:03:38 2026-01-28T18:03:38.635Z root INFO closing connection for 1
2026-01-28 18:03:38 2026-01-28T18:03:38.635Z root INFO Closing channel on service path '/localization-server'.
2026-01-28 18:03:38 2026-01-28T18:03:38.635Z root INFO Closing channel on service path '/os'.
2026-01-28 18:03:38 2026-01-28T18:03:38.635Z root INFO Closing channel on service path '/services/commands'.
2026-01-28 18:03:38 2026-01-28T18:03:38.635Z root INFO Closing channel on service path '/services/keyboard'.
2026-01-28 18:03:38 2026-01-28T18:03:38.635Z root INFO Closing channel on service path '/services/logger'.
2026-01-28 18:03:38 2026-01-28T18:03:38.635Z root INFO Closing channel on service path '/services/messageService'.
2026-01-28 18:03:38 2026-01-28T18:03:38.635Z root INFO Closing channel on service path '/services/ChannelCloseService'.
2026-01-28 18:03:38 2026-01-28T18:03:38.635Z root INFO Closing channel on service path '/services/remote-filesystem'.
2026-01-28 18:03:38 2026-01-28T18:03:38.635Z root INFO Closing channel on service path '/services/envs'.
2026-01-28 18:03:38 2026-01-28T18:03:38.635Z root INFO Closing channel on service path '/services/authentication-service'.
2026-01-28 18:03:38 2026-01-28T18:03:38.635Z root INFO Closing channel on service path '/services/sketches-service'.
2026-01-28 18:03:38 2026-01-28T18:03:38.635Z root INFO Closing channel on service path '/services/config-service'.
2026-01-28 18:03:38 2026-01-28T18:03:38.635Z root INFO Closing channel on service path '/services/workspace'.
2026-01-28 18:03:38 2026-01-28T18:03:38.635Z root INFO Closing channel on service path '/services/notification-service'.
2026-01-28 18:03:38 2026-01-28T18:03:38.635Z root INFO Closing channel on service path '/services/arduino-daemon'.
2026-01-28 18:03:38 2026-01-28T18:03:38.635Z root INFO Closing channel on service path '/services/stopwatch'.
2026-01-28 18:03:38 2026-01-28T18:03:38.635Z root INFO Closing channel on service path '/services/application'.
2026-01-28 18:03:38 2026-01-28T18:03:38.635Z root INFO Closing channel on service path '/services/i18n'.
2026-01-28 18:03:38 2026-01-28T18:03:38.635Z root INFO Closing channel on service path '/services/quickInput'.
2026-01-28 18:03:38 2026-01-28T18:03:38.635Z root INFO Closing channel on service path '/services/debug'.
2026-01-28 18:03:38 2026-01-28T18:03:38.635Z root INFO Closing channel on service path '/services/shell-terminal'.
2026-01-28 18:03:38 2026-01-28T18:03:38.635Z root INFO Closing channel on service path '/services/quickPick'.
2026-01-28 18:03:38 2026-01-28T18:03:38.635Z root INFO Closing channel on service path '/services/task'.
2026-01-28 18:03:38 2026-01-28T18:03:38.635Z root INFO Closing channel on service path '/services/search'.
2026-01-28 18:03:38 2026-01-28T18:03:38.635Z root INFO Closing channel on service path '/services/hostedPlugin'.
2026-01-28 18:03:38 2026-01-28T18:03:38.635Z root INFO Closing channel on service path '/services/plugin-ext'.
2026-01-28 18:03:38 2026-01-28T18:03:38.635Z root INFO Closing channel on service path '/services/plugin-paths'.
2026-01-28 18:03:38 2026-01-28T18:03:38.635Z root INFO Closing channel on service path '/services/cli-preferences'.
2026-01-28 18:03:38 2026-01-28T18:03:38.635Z root INFO Closing channel on service path '/services/boards-service'.
2026-01-28 18:03:38 2026-01-28T18:03:38.635Z root INFO Closing channel on service path '/services/response-service'.
2026-01-28 18:03:38 2026-01-28T18:03:38.635Z root INFO Closing channel on service path '/services/file-system-ext'.
2026-01-28 18:03:38 2026-01-28T18:03:38.635Z root INFO Closing channel on service path '/services/core-service'.
2026-01-28 18:03:38 2026-01-28T18:03:38.635Z root INFO Closing channel on service path '/services/example-service'.
2026-01-28 18:03:38 2026-01-28T18:03:38.635Z root INFO Closing channel on service path '/services/library-service'.
2026-01-28 18:03:38 2026-01-28T18:03:38.636Z root INFO Closing channel on service path '/services/executable-service'.
2026-01-28 18:03:38 2026-01-28T18:03:38.636Z root INFO Closing channel on service path '/services/arduino-firmware-uploader'.
2026-01-28 18:03:38 2026-01-28T18:03:38.636Z root INFO Closing channel on service path '/services/formatter'.
2026-01-28 18:03:38 2026-01-28T18:03:38.636Z root INFO Closing channel on service path '/services/search-in-workspace'.
2026-01-28 18:03:38 2026-01-28T18:03:38.636Z root INFO Closing channel on service path '/services/request-service'.
2026-01-28 18:03:38 2026-01-28T18:03:38.636Z root INFO Closing channel on service path '/services/keyStore'.
2026-01-28 18:03:38 2026-01-28T18:03:38.636Z root INFO Closing channel on service path '/services/languagePackService'.
2026-01-28 18:03:38 Closing channel on service path '/services/electron-window'.
2026-01-28 18:03:38 Closing channel on service path '/services/ide-updater'.
2026-01-28 18:03:41 2026-01-28T18:03:41.457Z root ERROR ---- !!!SLOW!!! DURATION: search took 215.944 ms. Args: [{"query":"","type":"All","topic":"All"}] ----
2026-01-28 18:03:43 2026-01-28T18:03:43.044Z root INFO ---- DURATION: search took 58.765 ms. Args: [{"query":"mac","type":"All","topic":"All"}] ----
2026-01-28 18:03:43 2026-01-28T18:03:43.623Z root INFO ---- DURATION: search took 61.044 ms. Args: [{"query":"max","type":"All","topic":"All"}] ----
2026-01-28 18:03:48 2026-01-28T18:03:48.574Z root ERROR ---- !!!SLOW!!! DURATION: search took 196.092 ms. Args: [{"query":"","type":"All","topic":"All"}] ----
2026-01-28 18:03:49 2026-01-28T18:03:49.182Z root INFO ---- DURATION: search took 62.225 ms. Args: [{"query":"md","type":"All","topic":"All"}] ----
2026-01-28 18:03:50 2026-01-28T18:03:50.071Z root INFO ---- DURATION: search took 58.316 ms. Args: [{"query":"md_","type":"All","topic":"All"}] ----
2026-01-28 18:03:53 2026-01-28T18:03:53.456Z root INFO ---- DURATION: search took 55.236 ms. Args: [{"query":"md_max","type":"All","topic":"All"}] ----
2026-01-28 18:04:06 2026-01-28T18:04:06.999Z root INFO compiler-errors Handling selection change in editor file:///home/shrek/Arduino/practice/practice.ino. New (monaco) selection: [30,1 -> 30,1]
2026-01-28 18:04:07 2026-01-28T18:04:06.999Z root INFO compiler-errors New (monaco) selection [30,1 -> 30,1] does not intersect any error locations. Skipping.
2026-01-28 18:04:07 2026-01-28T18:04:07.522Z root INFO compiler-errors Handling selection change in editor file:///home/shrek/Arduino/practice/practice.ino. New (monaco) selection: [1,1 -> 30,1]
2026-01-28 18:04:07 2026-01-28T18:04:07.830Z root INFO compiler-errors decoration range: [1,1 -> 1,1], change range: [1,1 -> 30,1], affects: true
2026-01-28 18:04:07 2026-01-28T18:04:07.830Z root INFO compiler-errors Handling selection change in editor file:///home/shrek/Arduino/practice/practice.ino. New (monaco) selection: [1,1 -> 1,1]
2026-01-28 18:04:07 2026-01-28T18:04:07.831Z root INFO compiler-errors New (monaco) selection [1,1 -> 1,1] does not intersect any error locations. Skipping.
2026-01-28 18:04:08 2026-01-28T18:04:08.172Z root INFO compiler-errors Handling selection change in editor file:///home/shrek/Arduino/practice/practice.ino. New (monaco) selection: [6,1 -> 6,1]
2026-01-28 18:04:08 2026-01-28T18:04:08.173Z root INFO compiler-errors New (monaco) selection [6,1 -> 6,1] does not intersect any error locations. Skipping.
2026-01-28 18:04:08 2026-01-28T18:04:08.199Z daemon INFO time="2026-01-28T18:04:08Z" level=info msg="Adding libraries dir" dir=/home/shrek/.arduino15/libraries isSingleLibrary=false location=ide
2026-01-28 18:04:08 2026-01-28T18:04:08.199Z daemon INFO time="2026-01-28T18:04:08Z" level=info msg="Adding libraries dir" dir=/home/shrek/.arduino15/packages/esp32/hardware/esp32/3.3.6/libraries isSingleLibrary=false location=platform
time="2026-01-28T18:04:08Z" level=info msg="Adding libraries dir" dir=/home/shrek/Arduino/libraries isSingleLibrary=false location=user
2026-01-28 18:04:08 2026-01-28T18:04:08.427Z root INFO compiler-errors Handling selection change in editor file:///home/shrek/Arduino/practice/practice.ino. New (monaco) selection: [7,1 -> 7,1]
2026-01-28 18:04:08 2026-01-28T18:04:08.427Z root INFO compiler-errors New (monaco) selection [7,1 -> 7,1] does not intersect any error locations. Skipping.
2026-01-28 18:04:09 2026-01-28T18:04:09.211Z daemon INFO time="2026-01-28T18:04:09Z" level=info msg="Adding libraries dir" dir=/home/shrek/.arduino15/libraries isSingleLibrary=false location=ide
time="2026-01-28T18:04:09Z" level=info msg="Adding libraries dir" dir=/home/shrek/.arduino15/packages/esp32/hardware/esp32/3.3.6/libraries isSingleLibrary=false location=platform
2026-01-28 18:04:09 2026-01-28T18:04:09.211Z daemon INFO time="2026-01-28T18:04:09Z" level=info msg="Adding libraries dir" dir=/home/shrek/Arduino/libraries isSingleLibrary=false location=user
2026-01-28 18:04:09 2026-01-28T18:04:09.983Z daemon INFO time="2026-01-28T18:04:09Z" level=info msg="Adding libraries dir" dir=/home/shrek/.arduino15/libraries isSingleLibrary=false location=ide
time="2026-01-28T18:04:09Z" level=info msg="Adding libraries dir" dir=/home/shrek/.arduino15/packages/esp32/hardware/esp32/3.3.6/libraries isSingleLibrary=false location=platform
time="2026-01-28T18:04:09Z" level=info msg="Adding libraries dir" dir=/home/shrek/Arduino/libraries isSingleLibrary=false location=user
2026-01-28 18:04:10 2026-01-28T18:04:10.698Z root INFO compiler-errors Current error changed to d;16
2026-01-28 18:04:10 2026-01-28T18:04:10.703Z root INFO compiler-errors Handling selection change in editor file:///home/shrek/Arduino/practice/practice.ino. New (monaco) selection: [1,1 -> 1,1]
2026-01-28 18:04:11 2026-01-28T18:04:11.926Z daemon INFO time="2026-01-28T18:04:11Z" level=info msg="Adding libraries dir" dir=/home/shrek/.arduino15/libraries isSingleLibrary=false location=ide
time="2026-01-28T18:04:11Z" level=info msg="Adding libraries dir" dir=/home/shrek/.arduino15/packages/esp32/hardware/esp32/3.3.6/libraries isSingleLibrary=false location=platform
2026-01-28 18:04:11 2026-01-28T18:04:11.926Z daemon INFO time="2026-01-28T18:04:11Z" level=info msg="Adding libraries dir" dir=/home/shrek/Arduino/libraries isSingleLibrary=false location=user
2026-01-28 18:07:26 2026-01-28T18:07:26.032Z root INFO >>> Starting library package uninstallation... {
  name: 'MD_MAX72XX',
  exampleUris: [],
  location: 0,
  installedVersion: '3.5.1',
  author: 'majicDesigns',
  availableVersions: [
    '3.5.1', '3.5.0', '3.4.2',
    '3.4.1', '3.4.0', '3.3.1',
    '3.3.0', '3.2.5', '3.2.4',
    '3.2.3', '3.2.2', '3.2.1',
    '3.2.0', '3.1.0', '3.0.2',
    '3.0.1', '3.0.0', '2.10.0',
    '2.6.0'
  ],
  includes: [ 'MD_MAX72xx.h', 'SPI.h' ],
  description: 'Allows the programmer to use the LED matrix as a pixel addressable display.',
  moreInfoLink: 'https://github.com/MajicDesigns/MD_MAX72XX',
  summary: 'Implements functions that allow the MAX72xx (eg, MAX7219) to be used for LED matrices (64 individual LEDs)',
  category: 'Device Control',
  types: [ 'Contributed' ],
  index: 1
}
2026-01-28 18:07:26 2026-01-28T18:07:26.032Z discovery-log INFO stop
2026-01-28 18:07:26 2026-01-28T18:07:26.032Z discovery-log INFO >>> Stopping boards watcher...
2026-01-28 18:07:26 2026-01-28T18:07:26.032Z discovery-log INFO Canceling boards watcher...
2026-01-28 18:07:26 2026-01-28T18:07:26.032Z discovery-log INFO disposing requesting cancel
2026-01-28 18:07:26 2026-01-28T18:07:26.032Z discovery-log INFO disposing canceled
2026-01-28 18:07:26 2026-01-28T18:07:26.033Z discovery-log INFO error received
2026-01-28 18:07:26 2026-01-28T18:07:26.033Z discovery-log INFO cancel error received!
2026-01-28 18:07:26 2026-01-28T18:07:26.033Z discovery-log INFO stop received event: either end or cancel
2026-01-28 18:07:26 2026-01-28T18:07:26.033Z discovery-log INFO stop stopped
2026-01-28 18:07:26 2026-01-28T18:07:26.033Z discovery-log INFO received end
2026-01-28 18:07:26 2026-01-28T18:07:26.041Z discovery-log INFO start
2026-01-28 18:07:26 2026-01-28T18:07:26.041Z discovery-log INFO start new deferred
2026-01-28 18:07:26 2026-01-28T18:07:26.041Z root INFO <<< Library package uninstallation done. {
  name: 'MD_MAX72XX',
  exampleUris: [],
  location: 0,
  installedVersion: '3.5.1',
  author: 'majicDesigns',
  availableVersions: [
    '3.5.1', '3.5.0', '3.4.2',
    '3.4.1', '3.4.0', '3.3.1',
    '3.3.0', '3.2.5', '3.2.4',
    '3.2.3', '3.2.2', '3.2.1',
    '3.2.0', '3.1.0', '3.0.2',
    '3.0.1', '3.0.0', '2.10.0',
    '2.6.0'
  ],
  includes: [ 'MD_MAX72xx.h', 'SPI.h' ],
  description: 'Allows the programmer to use the LED matrix as a pixel addressable display.',
  moreInfoLink: 'https://github.com/MajicDesigns/MD_MAX72XX',
  summary: 'Implements functions that allow the MAX72xx (eg, MAX7219) to be used for LED matrices (64 individual LEDs)',
  category: 'Device Control',
  types: [ 'Contributed' ],
  index: 1
}
2026-01-28 18:07:26 2026-01-28T18:07:26.041Z discovery-log INFO start resolved watching
2026-01-28 18:07:26 2026-01-28T18:07:26.042Z discovery-log INFO {"eventType":"add","port":{"matchingBoardsList":[{"name":"ESP32 Family Device","fqbn":"esp32:esp32:esp32_family","isHidden":true}],"port":{"address":"/dev/ttyACM0","label":"/dev/ttyACM0","protocol":"serial","protocolLabel":"Serial Port (USB)","propertiesMap":[["pid","0x1001"],["serialNumber","90:E5:B1:D7:D6:84"],["vid","0x303a"]],"hardwareId":"90:E5:B1:D7:D6:84"}},"error":""}
2026-01-28 18:07:26 2026-01-28T18:07:26.042Z discovery-log INFO {"eventType":"add","port":{"matchingBoardsList":[],"port":{"address":"/dev/ttyS0","label":"/dev/ttyS0","protocol":"serial","protocolLabel":"Serial Port","propertiesMap":[],"hardwareId":""}},"error":""}
2026-01-28 18:07:26 2026-01-28T18:07:26.168Z root INFO ---- DURATION: search took 87.266 ms. Args: [{"query":"md_max","type":"All","topic":"All"}] ----
2026-01-28 18:07:26 2026-01-28T18:07:26.187Z root INFO Starting language server: esp32:esp32:esp32s3:UploadSpeed=115200,USBMode=hwcdc,CDCOnBoot=cdc,MSCOnBoot=default,DFUOnBoot=default,UploadMode=default,CPUFreq=240,FlashMode=qio,FlashSize=32M,PartitionScheme=default,DebugLevel=none,PSRAM=disabled,LoopCore=1,EventsCore=1,EraseFlash=none,JTAGAdapter=default,ZigbeeMode=default
2026-01-28 18:07:26 2026-01-28T18:07:26.209Z daemon INFO time="2026-01-28T18:07:26Z" level=info msg="Adding libraries dir" dir=/home/shrek/.arduino15/libraries isSingleLibrary=false location=ide
2026-01-28 18:07:26 2026-01-28T18:07:26.210Z daemon INFO time="2026-01-28T18:07:26Z" level=info msg="Adding libraries dir" dir=/home/shrek/.arduino15/packages/esp32/hardware/esp32/3.3.6/libraries isSingleLibrary=false location=platform
time="2026-01-28T18:07:26Z" level=info msg="Adding libraries dir" dir=/home/shrek/Arduino/libraries isSingleLibrary=false location=user
2026-01-28 18:07:26 2026-01-28T18:07:26.636Z root INFO ---- DURATION: search took 54.786 ms. Args: [{"query":"md_max","type":"All","topic":"All"}] ----
2026-01-28 18:07:27 2026-01-28T18:07:27.265Z daemon INFO time="2026-01-28T18:07:27Z" level=info msg="Adding libraries dir" dir=/home/shrek/.arduino15/libraries isSingleLibrary=false location=ide
time="2026-01-28T18:07:27Z" level=info msg="Adding libraries dir" dir=/home/shrek/.arduino15/packages/esp32/hardware/esp32/3.3.6/libraries isSingleLibrary=false location=platform
2026-01-28 18:07:27 2026-01-28T18:07:27.265Z daemon INFO time="2026-01-28T18:07:27Z" level=info msg="Adding libraries dir" dir=/home/shrek/Arduino/libraries isSingleLibrary=false location=user
2026-01-28 18:07:35 2026-01-28T18:07:35.087Z root INFO compiler-errors Handling selection change in editor file:///home/shrek/Arduino/practice/practice.ino. New (monaco) selection: [1,20 -> 1,20]
2026-01-28 18:07:35 2026-01-28T18:07:35.173Z root INFO compiler-errors Handling selection change in editor file:///home/shrek/Arduino/practice/practice.ino. New (monaco) selection: [1,20 -> 1,21]
2026-01-28 18:07:35 2026-01-28T18:07:35.664Z root INFO compiler-errors Handling selection change in editor file:///home/shrek/Arduino/practice/practice.ino. New (monaco) selection: [1,22 -> 1,22]
2026-01-28 18:07:36 2026-01-28T18:07:36.115Z root INFO compiler-errors Handling selection change in editor file:///home/shrek/Arduino/practice/practice.ino. New (monaco) selection: [1,21 -> 1,21]
2026-01-28 18:07:36 2026-01-28T18:07:36.843Z root INFO compiler-errors decoration range: [1,1 -> 1,1], change range: [1,20 -> 1,21], affects: true
2026-01-28 18:07:36 2026-01-28T18:07:36.843Z root INFO compiler-errors Handling selection change in editor file:///home/shrek/Arduino/practice/practice.ino. New (monaco) selection: [1,20 -> 1,20]
2026-01-28 18:07:36 2026-01-28T18:07:36.843Z root INFO compiler-errors New (monaco) selection [1,20 -> 1,20] does not intersect any error locations. Skipping.
2026-01-28 18:07:37 2026-01-28T18:07:37.061Z root INFO compiler-errors Handling selection change in editor file:///home/shrek/Arduino/practice/practice.ino. New (monaco) selection: [1,19 -> 1,19]
2026-01-28 18:07:37 2026-01-28T18:07:37.061Z root INFO compiler-errors New (monaco) selection [1,19 -> 1,19] does not intersect any error locations. Skipping.
2026-01-28 18:07:37 2026-01-28T18:07:37.171Z root INFO compiler-errors Handling selection change in editor file:///home/shrek/Arduino/practice/practice.ino. New (monaco) selection: [1,20 -> 1,20]
2026-01-28 18:07:37 2026-01-28T18:07:37.171Z root INFO compiler-errors New (monaco) selection [1,20 -> 1,20] does not intersect any error locations. Skipping.
2026-01-28 18:07:37 2026-01-28T18:07:37.713Z root INFO compiler-errors Handling selection change in editor file:///home/shrek/Arduino/practice/practice.ino. New (monaco) selection: [1,21 -> 1,21]
2026-01-28 18:07:37 2026-01-28T18:07:37.713Z root INFO compiler-errors New (monaco) selection [1,21 -> 1,21] does not intersect any error locations. Skipping.
2026-01-28 18:07:38 2026-01-28T18:07:38.716Z daemon INFO time="2026-01-28T18:07:38Z" level=info msg="Adding libraries dir" dir=/home/shrek/.arduino15/libraries isSingleLibrary=false location=ide
time="2026-01-28T18:07:38Z" level=info msg="Adding libraries dir" dir=/home/shrek/.arduino15/packages/esp32/hardware/esp32/3.3.6/libraries isSingleLibrary=false location=platform
time="2026-01-28T18:07:38Z" level=info msg="Adding libraries dir" dir=/home/shrek/Arduino/libraries isSingleLibrary=false location=user
2026-01-28 18:07:39 2026-01-28T18:07:39.137Z daemon INFO time="2026-01-28T18:07:39Z" level=info msg="Adding libraries dir" dir=/home/shrek/.arduino15/libraries isSingleLibrary=false location=ide
2026-01-28 18:07:39 2026-01-28T18:07:39.137Z daemon INFO time="2026-01-28T18:07:39Z" level=info msg="Adding libraries dir" dir=/home/shrek/.arduino15/packages/esp32/hardware/esp32/3.3.6/libraries isSingleLibrary=false location=platform
time="2026-01-28T18:07:39Z" level=info msg="Adding libraries dir" dir=/home/shrek/Arduino/libraries isSingleLibrary=false location=user
2026-01-28 18:07:39 2026-01-28T18:07:39.838Z root INFO compiler-errors Current error changed to d;28
2026-01-28 18:07:39 2026-01-28T18:07:39.843Z root INFO compiler-errors Handling selection change in editor file:///home/shrek/Arduino/practice/practice.ino. New (monaco) selection: [1,1 -> 1,1]
2026-01-28 18:07:40 2026-01-28T18:07:40.475Z daemon INFO time="2026-01-28T18:07:40Z" level=info msg="Adding libraries dir" dir=/home/shrek/.arduino15/libraries isSingleLibrary=false location=ide
2026-01-28 18:07:40 2026-01-28T18:07:40.475Z daemon INFO time="2026-01-28T18:07:40Z" level=info msg="Adding libraries dir" dir=/home/shrek/.arduino15/packages/esp32/hardware/esp32/3.3.6/libraries isSingleLibrary=false location=platform
time="2026-01-28T18:07:40Z" level=info msg="Adding libraries dir" dir=/home/shrek/Arduino/libraries isSingleLibrary=false location=user
2026-01-28 18:07:43 2026-01-28T18:07:43.278Z root INFO compiler-errors Handling selection change in editor file:///home/shrek/Arduino/practice/practice.ino. New (monaco) selection: [7,1 -> 7,1]
2026-01-28 18:07:43 2026-01-28T18:07:43.278Z root INFO compiler-errors New (monaco) selection [7,1 -> 7,1] does not intersect any error locations. Skipping.
2026-01-28 18:07:46 2026-01-28T18:07:46.425Z root INFO compiler-errors Handling selection change in editor file:///home/shrek/Arduino/practice/practice.ino. New (monaco) selection: [1,21 -> 1,21]
2026-01-28 18:07:53 2026-01-28T18:07:53.165Z root INFO >>> Starting library package installation... {
  name: 'MD_MAX72XX',
  exampleUris: [],
  location: 0,
  installedVersion: undefined,
  author: 'majicDesigns',
  availableVersions: [
    '3.5.1', '3.5.0', '3.4.2',
    '3.4.1', '3.4.0', '3.3.1',
    '3.3.0', '3.2.5', '3.2.4',
    '3.2.3', '3.2.2', '3.2.1',
    '3.2.0', '3.1.0', '3.0.2',
    '3.0.1', '3.0.0', '2.10.0',
    '2.6.0'
  ],
  includes: [ 'MD_MAX72xx.h', 'SPI.h' ],
  description: 'Allows the programmer to use the LED matrix as a pixel addressable display.',
  moreInfoLink: 'https://github.com/MajicDesigns/MD_MAX72XX',
  summary: 'Implements functions that allow the MAX72xx (eg, MAX7219) to be used for LED matrices (64 individual LEDs)',
  category: 'Device Control',
  types: [ 'Contributed' ],
  index: 1
}
2026-01-28 18:07:53 2026-01-28T18:07:53.165Z discovery-log INFO stop
2026-01-28 18:07:53 2026-01-28T18:07:53.165Z discovery-log INFO >>> Stopping boards watcher...
2026-01-28 18:07:53 2026-01-28T18:07:53.165Z discovery-log INFO Canceling boards watcher...
2026-01-28 18:07:53 2026-01-28T18:07:53.165Z discovery-log INFO disposing requesting cancel
2026-01-28 18:07:53 2026-01-28T18:07:53.165Z discovery-log INFO disposing canceled
2026-01-28 18:07:53 2026-01-28T18:07:53.165Z discovery-log INFO error received
2026-01-28 18:07:53 2026-01-28T18:07:53.165Z discovery-log INFO cancel error received!
2026-01-28 18:07:53 2026-01-28T18:07:53.165Z discovery-log INFO stop received event: either end or cancel
2026-01-28 18:07:53 2026-01-28T18:07:53.165Z discovery-log INFO stop stopped
2026-01-28 18:07:53 2026-01-28T18:07:53.165Z discovery-log INFO received end
2026-01-28 18:07:53 2026-01-28T18:07:53.193Z daemon INFO time="2026-01-28T18:07:53Z" level=info msg="Installing library" library=MD_MAX72XX@3.5.1
2026-01-28 18:07:53 2026-01-28T18:07:53.250Z daemon INFO time="2026-01-28T18:07:53Z" level=info msg="Checking signature" index=/home/shrek/.arduino15/package_index.json signatureFile=/home/shrek/.arduino15/package_index.json.sig trusted=true
2026-01-28 18:07:53 2026-01-28T18:07:53.251Z daemon INFO time="2026-01-28T18:07:53Z" level=info msg="Missing signature file" index=/home/shrek/.arduino15/package_esp32_index.json
2026-01-28 18:07:53 2026-01-28T18:07:53.252Z daemon INFO time="2026-01-28T18:07:53Z" level=info msg="Loading hardware from: /home/shrek/.arduino15/packages"
2026-01-28 18:07:53 2026-01-28T18:07:53.252Z daemon INFO time="2026-01-28T18:07:53Z" level=info msg="Loading package arduino from: /home/shrek/.arduino15/packages/arduino/hardware"
2026-01-28 18:07:53 2026-01-28T18:07:53.252Z daemon INFO time="2026-01-28T18:07:53Z" level=info msg="Missing signature file" index=/home/shrek/.arduino15/packages/arduino/hardware/avr/1.8.7/installed.json
2026-01-28 18:07:53 2026-01-28T18:07:53.253Z daemon INFO time="2026-01-28T18:07:53Z" level=info msg="Adding monitor tool" protocol=serial tool="builtin:serial-monitor"
time="2026-01-28T18:07:53Z" level=info msg="Loaded platform" platform="arduino:avr@1.8.7"
2026-01-28 18:07:53 2026-01-28T18:07:53.253Z daemon INFO time="2026-01-28T18:07:53Z" level=info msg="Checking existence of 'tools' path: /home/shrek/.arduino15/packages/arduino/tools"
time="2026-01-28T18:07:53Z" level=info msg="Loading tools from dir: /home/shrek/.arduino15/packages/arduino/tools"
2026-01-28 18:07:53 2026-01-28T18:07:53.253Z daemon INFO time="2026-01-28T18:07:53Z" level=info msg="Loaded tool" tool="arduino:arduinoOTA@1.3.0"
2026-01-28 18:07:53 2026-01-28T18:07:53.253Z daemon INFO time="2026-01-28T18:07:53Z" level=info msg="Loaded tool" tool="arduino:avr-gcc@7.3.0-atmel3.6.1-arduino7"
2026-01-28 18:07:53 2026-01-28T18:07:53.253Z daemon INFO time="2026-01-28T18:07:53Z" level=info msg="Loaded tool" tool="arduino:avrdude@8.0.0-arduino1"
2026-01-28 18:07:53 2026-01-28T18:07:53.253Z daemon INFO time="2026-01-28T18:07:53Z" level=info msg="Loaded tool" tool="arduino:dfu-util@0.11.0-arduino5"
2026-01-28 18:07:53 2026-01-28T18:07:53.253Z daemon INFO time="2026-01-28T18:07:53Z" level=info msg="Loading package builtin from: /home/shrek/.arduino15/packages/builtin"
2026-01-28 18:07:53 2026-01-28T18:07:53.253Z daemon INFO time="2026-01-28T18:07:53Z" level=info msg="Checking existence of 'tools' path: /home/shrek/.arduino15/packages/builtin/tools"
time="2026-01-28T18:07:53Z" level=info msg="Loading tools from dir: /home/shrek/.arduino15/packages/builtin/tools"
2026-01-28 18:07:53 2026-01-28T18:07:53.253Z daemon INFO time="2026-01-28T18:07:53Z" level=info msg="Loaded tool" tool="builtin:ctags@5.8-arduino11"
2026-01-28 18:07:53 2026-01-28T18:07:53.253Z daemon INFO time="2026-01-28T18:07:53Z" level=info msg="Loaded tool" tool="builtin:dfu-discovery@0.1.2"
2026-01-28 18:07:53 2026-01-28T18:07:53.253Z daemon INFO time="2026-01-28T18:07:53Z" level=info msg="Loaded tool" tool="builtin:mdns-discovery@1.0.12"
time="2026-01-28T18:07:53Z" level=info msg="Loaded tool" tool="builtin:serial-discovery@1.4.3"
time="2026-01-28T18:07:53Z" level=info msg="Loaded tool" tool="builtin:serial-monitor@0.15.0"
time="2026-01-28T18:07:53Z" level=info msg="Loading package esp32 from: /home/shrek/.arduino15/packages/esp32/hardware"
2026-01-28 18:07:53 2026-01-28T18:07:53.254Z daemon INFO time="2026-01-28T18:07:53Z" level=info msg="Missing signature file" index=/home/shrek/.arduino15/packages/esp32/hardware/esp32/3.3.6/installed.json
2026-01-28 18:07:53 2026-01-28T18:07:53.345Z daemon INFO time="2026-01-28T18:07:53Z" level=info msg="Adding monitor tool" protocol=serial tool="builtin:serial-monitor"
time="2026-01-28T18:07:53Z" level=info msg="Loaded platform" platform="esp32:esp32@3.3.6"
2026-01-28 18:07:53 2026-01-28T18:07:53.345Z daemon INFO time="2026-01-28T18:07:53Z" level=info msg="Checking existence of 'tools' path: /home/shrek/.arduino15/packages/esp32/tools"
time="2026-01-28T18:07:53Z" level=info msg="Loading tools from dir: /home/shrek/.arduino15/packages/esp32/tools"
2026-01-28 18:07:53 2026-01-28T18:07:53.345Z daemon INFO time="2026-01-28T18:07:53Z" level=info msg="Loaded tool" tool="esp32:esp-rv32@2511"
time="2026-01-28T18:07:53Z" level=info msg="Loaded tool" tool="esp32:esp-x32@2511"
time="2026-01-28T18:07:53Z" level=info msg="Loaded tool" tool="esp32:esp32-libs@3.3.6"
time="2026-01-28T18:07:53Z" level=info msg="Loaded tool" tool="esp32:esp32c3-libs@3.3.6"
time="2026-01-28T18:07:53Z" level=info msg="Loaded tool" tool="esp32:esp32c5-libs@3.3.6"
time="2026-01-28T18:07:53Z" level=info msg="Loaded tool" tool="esp32:esp32c6-libs@3.3.6"
time="2026-01-28T18:07:53Z" level=info msg="Loaded tool" tool="esp32:esp32h2-libs@3.3.6"
time="2026-01-28T18:07:53Z" level=info msg="Loaded tool" tool="esp32:esp32p4-libs@3.3.6"
time="2026-01-28T18:07:53Z" level=info msg="Loaded tool" tool="esp32:esp32p4_es-libs@3.3.6"
time="2026-01-28T18:07:53Z" level=info msg="Loaded tool" tool="esp32:esp32s2-libs@3.3.6"
time="2026-01-28T18:07:53Z" level=info msg="Loaded tool" tool="esp32:esp32s3-libs@3.3.6"
time="2026-01-28T18:07:53Z" level=info msg="Loaded tool" tool="esp32:esptool_py@5.1.0"
time="2026-01-28T18:07:53Z" level=info msg="Loaded tool" tool="esp32:mklittlefs@4.0.2-db0513a"
2026-01-28 18:07:53 2026-01-28T18:07:53.345Z daemon INFO time="2026-01-28T18:07:53Z" level=info msg="Loaded tool" tool="esp32:mkspiffs@0.2.3"
time="2026-01-28T18:07:53Z" level=info msg="Loaded tool" tool="esp32:openocd-esp32@v0.12.0-esp32-20251215"
time="2026-01-28T18:07:53Z" level=info msg="Loaded tool" tool="esp32:riscv32-esp-elf-gdb@16.3_20250913"
time="2026-01-28T18:07:53Z" level=info msg="Loaded tool" tool="esp32:xtensa-esp-elf-gdb@16.3_20250913"
2026-01-28 18:07:53 2026-01-28T18:07:53.348Z daemon INFO time="2026-01-28T18:07:53Z" level=info msg="Discovery event channel closed builtin:serial-discovery. Exiting goroutine."
time="2026-01-28T18:07:53Z" level=info msg="Closed and removed discovery builtin:serial-discovery"
time="2026-01-28T18:07:53Z" level=error msg="Stopped decode loop: EOF" discovery="builtin:serial-discovery"
time="2026-01-28T18:07:53Z" level=info msg="Discovery event channel closed builtin:mdns-discovery. Exiting goroutine."
2026-01-28 18:07:53 2026-01-28T18:07:53.348Z daemon INFO time="2026-01-28T18:07:53Z" level=info msg="Closed and removed discovery builtin:mdns-discovery"
time="2026-01-28T18:07:53Z" level=error msg="Stopped decode loop: EOF" discovery="builtin:mdns-discovery"
2026-01-28 18:07:53 2026-01-28T18:07:53.351Z daemon INFO time="2026-01-28T18:07:53Z" level=info msg="Adding libraries dir" dir=/home/shrek/.arduino15/packages/arduino/hardware/avr/1.8.7/libraries isSingleLibrary=false location=platform
2026-01-28 18:07:53 2026-01-28T18:07:53.352Z daemon INFO time="2026-01-28T18:07:53Z" level=info msg="Adding libraries dir" dir=/home/shrek/.arduino15/packages/esp32/hardware/esp32/3.3.6/libraries isSingleLibrary=false location=platform
time="2026-01-28T18:07:53Z" level=info msg="Loading libraries index file" index=/home/shrek/.arduino15/library_index.json
2026-01-28 18:07:53 2026-01-28T18:07:53.479Z daemon INFO time="2026-01-28T18:07:53Z" level=info msg="Adding libraries dir" dir=/home/shrek/.arduino15/libraries isSingleLibrary=false location=ide
time="2026-01-28T18:07:53Z" level=info msg="Adding libraries dir" dir=/home/shrek/Arduino/libraries isSingleLibrary=false location=user
2026-01-28 18:07:53 2026-01-28T18:07:53.503Z discovery-log INFO start
2026-01-28 18:07:53 2026-01-28T18:07:53.503Z discovery-log INFO start new deferred
2026-01-28 18:07:53 2026-01-28T18:07:53.503Z discovery-log INFO start resolved watching
2026-01-28 18:07:53 2026-01-28T18:07:53.504Z discovery-log INFO {"eventType":"add","port":{"matchingBoardsList":[{"name":"ESP32 Family Device","fqbn":"esp32:esp32:esp32_family","isHidden":true}],"port":{"address":"/dev/ttyACM0","label":"/dev/ttyACM0","protocol":"serial","protocolLabel":"Serial Port (USB)","propertiesMap":[["pid","0x1001"],["serialNumber","90:E5:B1:D7:D6:84"],["vid","0x303a"]],"hardwareId":"90:E5:B1:D7:D6:84"}},"error":""}
2026-01-28 18:07:53 2026-01-28T18:07:53.504Z discovery-log INFO {"eventType":"add","port":{"matchingBoardsList":[],"port":{"address":"/dev/ttyS0","label":"/dev/ttyS0","protocol":"serial","protocolLabel":"Serial Port","propertiesMap":[],"hardwareId":""}},"error":""}
2026-01-28 18:07:53 2026-01-28T18:07:53.716Z root ERROR ---- !!!SLOW!!! DURATION: search took 213.173 ms. Args: [{}] ----
2026-01-28 18:07:53 2026-01-28T18:07:53.716Z root INFO <<< Library package installation done. {
  name: 'MD_MAX72XX',
  exampleUris: [],
  location: 0,
  installedVersion: undefined,
  author: 'majicDesigns',
  availableVersions: [
    '3.5.1', '3.5.0', '3.4.2',
    '3.4.1', '3.4.0', '3.3.1',
    '3.3.0', '3.2.5', '3.2.4',
    '3.2.3', '3.2.2', '3.2.1',
    '3.2.0', '3.1.0', '3.0.2',
    '3.0.1', '3.0.0', '2.10.0',
    '2.6.0'
  ],
  includes: [ 'MD_MAX72xx.h', 'SPI.h' ],
  description: 'Allows the programmer to use the LED matrix as a pixel addressable display.',
  moreInfoLink: 'https://github.com/MajicDesigns/MD_MAX72XX',
  summary: 'Implements functions that allow the MAX72xx (eg, MAX7219) to be used for LED matrices (64 individual LEDs)',
  category: 'Device Control',
  types: [ 'Contributed' ],
  index: 1
}
2026-01-28 18:07:53 2026-01-28T18:07:53.819Z root INFO Starting language server: esp32:esp32:esp32s3:UploadSpeed=115200,USBMode=hwcdc,CDCOnBoot=cdc,MSCOnBoot=default,DFUOnBoot=default,UploadMode=default,CPUFreq=240,FlashMode=qio,FlashSize=32M,PartitionScheme=default,DebugLevel=none,PSRAM=disabled,LoopCore=1,EventsCore=1,EraseFlash=none,JTAGAdapter=default,ZigbeeMode=default
2026-01-28 18:07:53 2026-01-28T18:07:53.822Z root INFO ---- DURATION: search took 66.323 ms. Args: [{"query":"md_max","type":"All","topic":"All"}] ----
2026-01-28 18:07:53 2026-01-28T18:07:53.836Z daemon INFO time="2026-01-28T18:07:53Z" level=info msg="Adding libraries dir" dir=/home/shrek/.arduino15/libraries isSingleLibrary=false location=ide
2026-01-28 18:07:53 2026-01-28T18:07:53.836Z daemon INFO time="2026-01-28T18:07:53Z" level=info msg="Adding libraries dir" dir=/home/shrek/.arduino15/packages/esp32/hardware/esp32/3.3.6/libraries isSingleLibrary=false location=platform
time="2026-01-28T18:07:53Z" level=info msg="Adding libraries dir" dir=/home/shrek/Arduino/libraries isSingleLibrary=false location=user
2026-01-28 18:07:54 2026-01-28T18:07:54.308Z root INFO ---- DURATION: search took 57.901 ms. Args: [{"query":"md_max","type":"All","topic":"All"}] ----
2026-01-28 18:07:54 2026-01-28T18:07:54.402Z daemon INFO time="2026-01-28T18:07:54Z" level=info msg="Resolving include MD_MAX72xx.h for arch esp32"
time="2026-01-28T18:07:54Z" level=info msg="  found better lib" lib=MD_MAX72XX prio=6A7
2026-01-28 18:07:54 2026-01-28T18:07:54.734Z daemon INFO time="2026-01-28T18:07:54Z" level=info msg="Resolving include SPI.h for arch esp32"
time="2026-01-28T18:07:54Z" level=info msg="  found better lib" lib=SPI prio=6B0
2026-01-28 18:07:56 2026-01-28T18:07:56.075Z daemon INFO time="2026-01-28T18:07:56Z" level=info msg="Adding libraries dir" dir=/home/shrek/.arduino15/libraries isSingleLibrary=false location=ide
time="2026-01-28T18:07:56Z" level=info msg="Adding libraries dir" dir=/home/shrek/.arduino15/packages/esp32/hardware/esp32/3.3.6/libraries isSingleLibrary=false location=platform
2026-01-28 18:07:56 2026-01-28T18:07:56.075Z daemon INFO time="2026-01-28T18:07:56Z" level=info msg="Adding libraries dir" dir=/home/shrek/Arduino/libraries isSingleLibrary=false location=user
2026-01-28 18:07:59 2026-01-28T18:07:59.596Z daemon INFO time="2026-01-28T18:07:59Z" level=info msg="Adding libraries dir" dir=/home/shrek/.arduino15/libraries isSingleLibrary=false location=ide
2026-01-28 18:07:59 2026-01-28T18:07:59.596Z daemon INFO time="2026-01-28T18:07:59Z" level=info msg="Adding libraries dir" dir=/home/shrek/.arduino15/packages/esp32/hardware/esp32/3.3.6/libraries isSingleLibrary=false location=platform
time="2026-01-28T18:07:59Z" level=info msg="Adding libraries dir" dir=/home/shrek/Arduino/libraries isSingleLibrary=false location=user
2026-01-28 18:08:00 2026-01-28T18:08:00.194Z daemon INFO time="2026-01-28T18:08:00Z" level=info msg="Resolving include MD_MAX72xx.h for arch esp32"
time="2026-01-28T18:08:00Z" level=info msg="  found better lib" lib=MD_MAX72XX prio=6A7
2026-01-28 18:08:00 2026-01-28T18:08:00.565Z daemon INFO time="2026-01-28T18:08:00Z" level=info msg="Resolving include SPI.h for arch esp32"
time="2026-01-28T18:08:00Z" level=info msg="  found better lib" lib=SPI prio=6B0
2026-01-28 18:08:07 2026-01-28T18:08:07.569Z root INFO Executing 'arduino.languageserver.notifyBuildDidComplete' with "file:///home/shrek/.cache/arduino/sketches/06F50BDA0506E2D6953ED82E048FA1AF"
2026-01-28 18:08:07 2026-01-28T18:08:07.610Z daemon INFO time="2026-01-28T18:08:07Z" level=info msg="Tool required for debug" tool="arduino:dfu-util@0.11.0-arduino5"
time="2026-01-28T18:08:07Z" level=info msg="Tool required for debug" tool="esp32:esp-rv32@2511"
2026-01-28 18:08:07 2026-01-28T18:08:07.610Z daemon INFO time="2026-01-28T18:08:07Z" level=info msg="Tool required for debug" tool="esp32:esp-x32@2511"
time="2026-01-28T18:08:07Z" level=info msg="Tool required for debug" tool="esp32:esp32-libs@3.3.6"
time="2026-01-28T18:08:07Z" level=info msg="Tool required for debug" tool="esp32:esp32c3-libs@3.3.6"
time="2026-01-28T18:08:07Z" level=info msg="Tool required for debug" tool="esp32:esp32c5-libs@3.3.6"
time="2026-01-28T18:08:07Z" level=info msg="Tool required for debug" tool="esp32:esp32c6-libs@3.3.6"
time="2026-01-28T18:08:07Z" level=info msg="Tool required for debug" tool="esp32:esp32h2-libs@3.3.6"
time="2026-01-28T18:08:07Z" level=info msg="Tool required for debug" tool="esp32:esp32p4-libs@3.3.6"
time="2026-01-28T18:08:07Z" level=info msg="Tool required for debug" tool="esp32:esp32p4_es-libs@3.3.6"
2026-01-28 18:08:07 2026-01-28T18:08:07.610Z daemon INFO time="2026-01-28T18:08:07Z" level=info msg="Tool required for debug" tool="esp32:esp32s2-libs@3.3.6"
time="2026-01-28T18:08:07Z" level=info msg="Tool required for debug" tool="esp32:esp32s3-libs@3.3.6"
time="2026-01-28T18:08:07Z" level=info msg="Tool required for debug" tool="esp32:esptool_py@5.1.0"
2026-01-28 18:08:07 2026-01-28T18:08:07.610Z daemon INFO time="2026-01-28T18:08:07Z" level=info msg="Tool required for debug" tool="esp32:mklittlefs@4.0.2-db0513a"
time="2026-01-28T18:08:07Z" level=info msg="Tool required for debug" tool="esp32:mkspiffs@0.2.3"
2026-01-28 18:08:07 2026-01-28T18:08:07.610Z daemon INFO time="2026-01-28T18:08:07Z" level=info msg="Tool required for debug" tool="esp32:openocd-esp32@v0.12.0-esp32-20251215"
time="2026-01-28T18:08:07Z" level=info msg="Tool required for debug" tool="esp32:riscv32-esp-elf-gdb@16.3_20250913"
2026-01-28 18:08:07 2026-01-28T18:08:07.610Z daemon INFO time="2026-01-28T18:08:07Z" level=info msg="Tool required for debug" tool="esp32:xtensa-esp-elf-gdb@16.3_20250913"
time="2026-01-28T18:08:07Z" level=info msg="Tool required for debug" tool="builtin:serial-discovery@1.4.3"
2026-01-28 18:08:07 2026-01-28T18:08:07.610Z daemon INFO time="2026-01-28T18:08:07Z" level=info msg="Tool required for debug" tool="builtin:serial-monitor@0.15.0"
2026-01-28 18:08:07 2026-01-28T18:08:07.610Z daemon INFO time="2026-01-28T18:08:07Z" level=info msg="Tool required for debug" tool="builtin:mdns-discovery@1.0.12"
time="2026-01-28T18:08:07Z" level=info msg="Tool required for debug" tool="arduino:arduinoOTA@1.3.0"
2026-01-28 18:08:07 2026-01-28T18:08:07.610Z daemon INFO time="2026-01-28T18:08:07Z" level=info msg="Tool required for debug" tool="arduino:avrdude@8.0.0-arduino1"
time="2026-01-28T18:08:07Z" level=info msg="Tool required for debug" tool="builtin:ctags@5.8-arduino11"
2026-01-28 18:08:07 2026-01-28T18:08:07.610Z daemon INFO time="2026-01-28T18:08:07Z" level=info msg="Tool required for debug" tool="arduino:avr-gcc@7.3.0-atmel3.6.1-arduino7"
time="2026-01-28T18:08:07Z" level=info msg="Tool required for debug" tool="builtin:dfu-discovery@0.1.2"
2026-01-28 18:08:07 2026-01-28T18:08:07.612Z daemon INFO time="2026-01-28T18:08:07Z" level=info msg="Tool required for debug" tool="arduino:dfu-util@0.11.0-arduino5"
time="2026-01-28T18:08:07Z" level=info msg="Tool required for debug" tool="esp32:esp-rv32@2511"
2026-01-28 18:08:07 2026-01-28T18:08:07.612Z daemon INFO time="2026-01-28T18:08:07Z" level=info msg="Tool required for debug" tool="esp32:esp-x32@2511"
time="2026-01-28T18:08:07Z" level=info msg="Tool required for debug" tool="esp32:esp32-libs@3.3.6"
time="2026-01-28T18:08:07Z" level=info msg="Tool required for debug" tool="esp32:esp32c3-libs@3.3.6"
time="2026-01-28T18:08:07Z" level=info msg="Tool required for debug" tool="esp32:esp32c5-libs@3.3.6"
time="2026-01-28T18:08:07Z" level=info msg="Tool required for debug" tool="esp32:esp32c6-libs@3.3.6"
time="2026-01-28T18:08:07Z" level=info msg="Tool required for debug" tool="esp32:esp32h2-libs@3.3.6"
time="2026-01-28T18:08:07Z" level=info msg="Tool required for debug" tool="esp32:esp32p4-libs@3.3.6"
2026-01-28 18:08:07 2026-01-28T18:08:07.612Z daemon INFO time="2026-01-28T18:08:07Z" level=info msg="Tool required for debug" tool="esp32:esp32p4_es-libs@3.3.6"
time="2026-01-28T18:08:07Z" level=info msg="Tool required for debug" tool="esp32:esp32s2-libs@3.3.6"
time="2026-01-28T18:08:07Z" level=info msg="Tool required for debug" tool="esp32:esp32s3-libs@3.3.6"
time="2026-01-28T18:08:07Z" level=info msg="Tool required for debug" tool="esp32:esptool_py@5.1.0"
2026-01-28 18:08:07 2026-01-28T18:08:07.612Z daemon INFO time="2026-01-28T18:08:07Z" level=info msg="Tool required for debug" tool="esp32:mklittlefs@4.0.2-db0513a"
time="2026-01-28T18:08:07Z" level=info msg="Tool required for debug" tool="esp32:mkspiffs@0.2.3"
time="2026-01-28T18:08:07Z" level=info msg="Tool required for debug" tool="esp32:openocd-esp32@v0.12.0-esp32-20251215"
2026-01-28 18:08:07 2026-01-28T18:08:07.612Z daemon INFO time="2026-01-28T18:08:07Z" level=info msg="Tool required for debug" tool="esp32:riscv32-esp-elf-gdb@16.3_20250913"
time="2026-01-28T18:08:07Z" level=info msg="Tool required for debug" tool="esp32:xtensa-esp-elf-gdb@16.3_20250913"
time="2026-01-28T18:08:07Z" level=info msg="Tool required for debug" tool="arduino:arduinoOTA@1.3.0"
time="2026-01-28T18:08:07Z" level=info msg="Tool required for debug" tool="arduino:avr-gcc@7.3.0-atmel3.6.1-arduino7"
2026-01-28 18:08:07 2026-01-28T18:08:07.612Z daemon INFO time="2026-01-28T18:08:07Z" level=info msg="Tool required for debug" tool="builtin:dfu-discovery@0.1.2"
time="2026-01-28T18:08:07Z" level=info msg="Tool required for debug" tool="builtin:mdns-discovery@1.0.12"
2026-01-28 18:08:07 2026-01-28T18:08:07.612Z daemon INFO time="2026-01-28T18:08:07Z" level=info msg="Tool required for debug" tool="builtin:serial-monitor@0.15.0"
2026-01-28 18:08:07 2026-01-28T18:08:07.612Z daemon INFO time="2026-01-28T18:08:07Z" level=info msg="Tool required for debug" tool="builtin:ctags@5.8-arduino11"
2026-01-28 18:08:07 2026-01-28T18:08:07.612Z daemon INFO time="2026-01-28T18:08:07Z" level=info msg="Tool required for debug" tool="arduino:avrdude@8.0.0-arduino1"
time="2026-01-28T18:08:07Z" level=info msg="Tool required for debug" tool="builtin:serial-discovery@1.4.3"
2026-01-28 18:08:07 2026-01-28T18:08:07.614Z daemon INFO time="2026-01-28T18:08:07Z" level=info msg="Tool required for debug" tool="arduino:dfu-util@0.11.0-arduino5"
time="2026-01-28T18:08:07Z" level=info msg="Tool required for debug" tool="esp32:esp-rv32@2511"
2026-01-28 18:08:07 2026-01-28T18:08:07.614Z daemon INFO time="2026-01-28T18:08:07Z" level=info msg="Tool required for debug" tool="esp32:esp-x32@2511"
time="2026-01-28T18:08:07Z" level=info msg="Tool required for debug" tool="esp32:esp32-libs@3.3.6"
time="2026-01-28T18:08:07Z" level=info msg="Tool required for debug" tool="esp32:esp32c3-libs@3.3.6"
2026-01-28 18:08:07 2026-01-28T18:08:07.614Z daemon INFO time="2026-01-28T18:08:07Z" level=info msg="Tool required for debug" tool="esp32:esp32c5-libs@3.3.6"
time="2026-01-28T18:08:07Z" level=info msg="Tool required for debug" tool="esp32:esp32c6-libs@3.3.6"
2026-01-28 18:08:07 2026-01-28T18:08:07.614Z daemon INFO time="2026-01-28T18:08:07Z" level=info msg="Tool required for debug" tool="esp32:esp32h2-libs@3.3.6"
time="2026-01-28T18:08:07Z" level=info msg="Tool required for debug" tool="esp32:esp32p4-libs@3.3.6"
2026-01-28 18:08:07 2026-01-28T18:08:07.614Z daemon INFO time="2026-01-28T18:08:07Z" level=info msg="Tool required for debug" tool="esp32:esp32p4_es-libs@3.3.6"
time="2026-01-28T18:08:07Z" level=info msg="Tool required for debug" tool="esp32:esp32s2-libs@3.3.6"
2026-01-28 18:08:07 2026-01-28T18:08:07.614Z daemon INFO time="2026-01-28T18:08:07Z" level=info msg="Tool required for debug" tool="esp32:esp32s3-libs@3.3.6"
time="2026-01-28T18:08:07Z" level=info msg="Tool required for debug" tool="esp32:esptool_py@5.1.0"
2026-01-28 18:08:07 2026-01-28T18:08:07.614Z daemon INFO time="2026-01-28T18:08:07Z" level=info msg="Tool required for debug" tool="esp32:mklittlefs@4.0.2-db0513a"
time="2026-01-28T18:08:07Z" level=info msg="Tool required for debug" tool="esp32:mkspiffs@0.2.3"
2026-01-28 18:08:07 2026-01-28T18:08:07.614Z daemon INFO time="2026-01-28T18:08:07Z" level=info msg="Tool required for debug" tool="esp32:openocd-esp32@v0.12.0-esp32-20251215"
time="2026-01-28T18:08:07Z" level=info msg="Tool required for debug" tool="esp32:riscv32-esp-elf-gdb@16.3_20250913"
2026-01-28 18:08:07 2026-01-28T18:08:07.614Z daemon INFO time="2026-01-28T18:08:07Z" level=info msg="Tool required for debug" tool="esp32:xtensa-esp-elf-gdb@16.3_20250913"
time="2026-01-28T18:08:07Z" level=info msg="Tool required for debug" tool="builtin:mdns-discovery@1.0.12"
2026-01-28 18:08:07 2026-01-28T18:08:07.614Z daemon INFO time="2026-01-28T18:08:07Z" level=info msg="Tool required for debug" tool="builtin:ctags@5.8-arduino11"
2026-01-28 18:08:07 2026-01-28T18:08:07.614Z daemon INFO time="2026-01-28T18:08:07Z" level=info msg="Tool required for debug" tool="builtin:dfu-discovery@0.1.2"
2026-01-28 18:08:07 2026-01-28T18:08:07.614Z daemon INFO time="2026-01-28T18:08:07Z" level=info msg="Tool required for debug" tool="arduino:avrdude@8.0.0-arduino1"
time="2026-01-28T18:08:07Z" level=info msg="Tool required for debug" tool="arduino:avr-gcc@7.3.0-atmel3.6.1-arduino7"
time="2026-01-28T18:08:07Z" level=info msg="Tool required for debug" tool="builtin:serial-monitor@0.15.0"
2026-01-28 18:08:07 2026-01-28T18:08:07.614Z daemon INFO time="2026-01-28T18:08:07Z" level=info msg="Tool required for debug" tool="builtin:serial-discovery@1.4.3"
2026-01-28 18:08:07 2026-01-28T18:08:07.614Z daemon INFO time="2026-01-28T18:08:07Z" level=info msg="Tool required for debug" tool="arduino:arduinoOTA@1.3.0"
2026-01-28 18:08:07 2026-01-28T18:08:07.616Z daemon INFO time="2026-01-28T18:08:07Z" level=info msg="Tool required for debug" tool="arduino:dfu-util@0.11.0-arduino5"
time="2026-01-28T18:08:07Z" level=info msg="Tool required for debug" tool="esp32:esp-rv32@2511"
2026-01-28 18:08:07 2026-01-28T18:08:07.616Z daemon INFO time="2026-01-28T18:08:07Z" level=info msg="Tool required for debug" tool="esp32:esp-x32@2511"
time="2026-01-28T18:08:07Z" level=info msg="Tool required for debug" tool="esp32:esp32-libs@3.3.6"
time="2026-01-28T18:08:07Z" level=info msg="Tool required for debug" tool="esp32:esp32c3-libs@3.3.6"
time="2026-01-28T18:08:07Z" level=info msg="Tool required for debug" tool="esp32:esp32c5-libs@3.3.6"
2026-01-28 18:08:07 2026-01-28T18:08:07.616Z daemon INFO time="2026-01-28T18:08:07Z" level=info msg="Tool required for debug" tool="esp32:esp32c6-libs@3.3.6"
time="2026-01-28T18:08:07Z" level=info msg="Tool required for debug" tool="esp32:esp32h2-libs@3.3.6"
2026-01-28 18:08:07 2026-01-28T18:08:07.616Z daemon INFO time="2026-01-28T18:08:07Z" level=info msg="Tool required for debug" tool="esp32:esp32p4-libs@3.3.6"
time="2026-01-28T18:08:07Z" level=info msg="Tool required for debug" tool="esp32:esp32p4_es-libs@3.3.6"
time="2026-01-28T18:08:07Z" level=info msg="Tool required for debug" tool="esp32:esp32s2-libs@3.3.6"
2026-01-28 18:08:07 2026-01-28T18:08:07.616Z daemon INFO time="2026-01-28T18:08:07Z" level=info msg="Tool required for debug" tool="esp32:esp32s3-libs@3.3.6"
time="2026-01-28T18:08:07Z" level=info msg="Tool required for debug" tool="esp32:esptool_py@5.1.0"
time="2026-01-28T18:08:07Z" level=info msg="Tool required for debug" tool="esp32:mklittlefs@4.0.2-db0513a"
2026-01-28 18:08:07 2026-01-28T18:08:07.616Z daemon INFO time="2026-01-28T18:08:07Z" level=info msg="Tool required for debug" tool="esp32:mkspiffs@0.2.3"
time="2026-01-28T18:08:07Z" level=info msg="Tool required for debug" tool="esp32:openocd-esp32@v0.12.0-esp32-20251215"
2026-01-28 18:08:07 2026-01-28T18:08:07.616Z daemon INFO time="2026-01-28T18:08:07Z" level=info msg="Tool required for debug" tool="esp32:riscv32-esp-elf-gdb@16.3_20250913"
time="2026-01-28T18:08:07Z" level=info msg="Tool required for debug" tool="esp32:xtensa-esp-elf-gdb@16.3_20250913"
2026-01-28 18:08:07 2026-01-28T18:08:07.616Z daemon INFO time="2026-01-28T18:08:07Z" level=info msg="Tool required for debug" tool="arduino:avrdude@8.0.0-arduino1"
time="2026-01-28T18:08:07Z" level=info msg="Tool required for debug" tool="arduino:avr-gcc@7.3.0-atmel3.6.1-arduino7"
time="2026-01-28T18:08:07Z" level=info msg="Tool required for debug" tool="builtin:serial-discovery@1.4.3"
2026-01-28 18:08:07 2026-01-28T18:08:07.616Z daemon INFO time="2026-01-28T18:08:07Z" level=info msg="Tool required for debug" tool="arduino:arduinoOTA@1.3.0"
2026-01-28 18:08:07 2026-01-28T18:08:07.616Z daemon INFO time="2026-01-28T18:08:07Z" level=info msg="Tool required for debug" tool="builtin:ctags@5.8-arduino11"
2026-01-28 18:08:07 2026-01-28T18:08:07.616Z daemon INFO time="2026-01-28T18:08:07Z" level=info msg="Tool required for debug" tool="builtin:dfu-discovery@0.1.2"
time="2026-01-28T18:08:07Z" level=info msg="Tool required for debug" tool="builtin:serial-monitor@0.15.0"
2026-01-28 18:08:07 2026-01-28T18:08:07.616Z daemon INFO time="2026-01-28T18:08:07Z" level=info msg="Tool required for debug" tool="builtin:mdns-discovery@1.0.12"
2026-01-28 18:08:07 2026-01-28T18:08:07.617Z daemon INFO time="2026-01-28T18:08:07Z" level=info msg="Tool required for debug" tool="arduino:dfu-util@0.11.0-arduino5"
time="2026-01-28T18:08:07Z" level=info msg="Tool required for debug" tool="esp32:esp-rv32@2511"
2026-01-28 18:08:07 2026-01-28T18:08:07.617Z daemon INFO time="2026-01-28T18:08:07Z" level=info msg="Tool required for debug" tool="esp32:esp-x32@2511"
time="2026-01-28T18:08:07Z" level=info msg="Tool required for debug" tool="esp32:esp32-libs@3.3.6"
time="2026-01-28T18:08:07Z" level=info msg="Tool required for debug" tool="esp32:esp32c3-libs@3.3.6"
time="2026-01-28T18:08:07Z" level=info msg="Tool required for debug" tool="esp32:esp32c5-libs@3.3.6"
2026-01-28 18:08:07 2026-01-28T18:08:07.618Z daemon INFO time="2026-01-28T18:08:07Z" level=info msg="Tool required for debug" tool="esp32:esp32c6-libs@3.3.6"
time="2026-01-28T18:08:07Z" level=info msg="Tool required for debug" tool="esp32:esp32h2-libs@3.3.6"
2026-01-28 18:08:07 2026-01-28T18:08:07.618Z daemon INFO time="2026-01-28T18:08:07Z" level=info msg="Tool required for debug" tool="esp32:esp32p4-libs@3.3.6"
time="2026-01-28T18:08:07Z" level=info msg="Tool required for debug" tool="esp32:esp32p4_es-libs@3.3.6"
2026-01-28 18:08:07 2026-01-28T18:08:07.618Z daemon INFO time="2026-01-28T18:08:07Z" level=info msg="Tool required for debug" tool="esp32:esp32s2-libs@3.3.6"
time="2026-01-28T18:08:07Z" level=info msg="Tool required for debug" tool="esp32:esp32s3-libs@3.3.6"
time="2026-01-28T18:08:07Z" level=info msg="Tool required for debug" tool="esp32:esptool_py@5.1.0"
2026-01-28 18:08:07 2026-01-28T18:08:07.618Z daemon INFO time="2026-01-28T18:08:07Z" level=info msg="Tool required for debug" tool="esp32:mklittlefs@4.0.2-db0513a"
time="2026-01-28T18:08:07Z" level=info msg="Tool required for debug" tool="esp32:mkspiffs@0.2.3"
2026-01-28 18:08:07 2026-01-28T18:08:07.618Z daemon INFO time="2026-01-28T18:08:07Z" level=info msg="Tool required for debug" tool="esp32:openocd-esp32@v0.12.0-esp32-20251215"
time="2026-01-28T18:08:07Z" level=info msg="Tool required for debug" tool="esp32:riscv32-esp-elf-gdb@16.3_20250913"
2026-01-28 18:08:07 2026-01-28T18:08:07.618Z daemon INFO time="2026-01-28T18:08:07Z" level=info msg="Tool required for debug" tool="esp32:xtensa-esp-elf-gdb@16.3_20250913"
time="2026-01-28T18:08:07Z" level=info msg="Tool required for debug" tool="arduino:avr-gcc@7.3.0-atmel3.6.1-arduino7"
2026-01-28 18:08:07 2026-01-28T18:08:07.618Z daemon INFO time="2026-01-28T18:08:07Z" level=info msg="Tool required for debug" tool="builtin:serial-monitor@0.15.0"
2026-01-28 18:08:07 2026-01-28T18:08:07.618Z daemon INFO time="2026-01-28T18:08:07Z" level=info msg="Tool required for debug" tool="arduino:arduinoOTA@1.3.0"
time="2026-01-28T18:08:07Z" level=info msg="Tool required for debug" tool="arduino:avrdude@8.0.0-arduino1"
time="2026-01-28T18:08:07Z" level=info msg="Tool required for debug" tool="builtin:ctags@5.8-arduino11"
2026-01-28 18:08:07 2026-01-28T18:08:07.618Z daemon INFO time="2026-01-28T18:08:07Z" level=info msg="Tool required for debug" tool="builtin:dfu-discovery@0.1.2"
2026-01-28 18:08:07 2026-01-28T18:08:07.618Z daemon INFO time="2026-01-28T18:08:07Z" level=info msg="Tool required for debug" tool="builtin:mdns-discovery@1.0.12"
2026-01-28 18:08:07 2026-01-28T18:08:07.618Z daemon INFO time="2026-01-28T18:08:07Z" level=info msg="Tool required for debug" tool="builtin:serial-discovery@1.4.3"
2026-01-28 18:08:07 2026-01-28T18:08:07.620Z daemon INFO time="2026-01-28T18:08:07Z" level=info msg="Tool required for debug" tool="arduino:dfu-util@0.11.0-arduino5"
time="2026-01-28T18:08:07Z" level=info msg="Tool required for debug" tool="esp32:esp-rv32@2511"
2026-01-28 18:08:07 2026-01-28T18:08:07.620Z daemon INFO time="2026-01-28T18:08:07Z" level=info msg="Tool required for debug" tool="esp32:esp-x32@2511"
time="2026-01-28T18:08:07Z" level=info msg="Tool required for debug" tool="esp32:esp32-libs@3.3.6"
time="2026-01-28T18:08:07Z" level=info msg="Tool required for debug" tool="esp32:esp32c3-libs@3.3.6"
time="2026-01-28T18:08:07Z" level=info msg="Tool required for debug" tool="esp32:esp32c5-libs@3.3.6"
time="2026-01-28T18:08:07Z" level=info msg="Tool required for debug" tool="esp32:esp32c6-libs@3.3.6"
time="2026-01-28T18:08:07Z" level=info msg="Tool required for debug" tool="esp32:esp32h2-libs@3.3.6"
2026-01-28 18:08:07 2026-01-28T18:08:07.620Z daemon INFO time="2026-01-28T18:08:07Z" level=info msg="Tool required for debug" tool="esp32:esp32p4-libs@3.3.6"
time="2026-01-28T18:08:07Z" level=info msg="Tool required for debug" tool="esp32:esp32p4_es-libs@3.3.6"
time="2026-01-28T18:08:07Z" level=info msg="Tool required for debug" tool="esp32:esp32s2-libs@3.3.6"
time="2026-01-28T18:08:07Z" level=info msg="Tool required for debug" tool="esp32:esp32s3-libs@3.3.6"
2026-01-28 18:08:07 2026-01-28T18:08:07.620Z daemon INFO time="2026-01-28T18:08:07Z" level=info msg="Tool required for debug" tool="esp32:esptool_py@5.1.0"
time="2026-01-28T18:08:07Z" level=info msg="Tool required for debug" tool="esp32:mklittlefs@4.0.2-db0513a"
time="2026-01-28T18:08:07Z" level=info msg="Tool required for debug" tool="esp32:mkspiffs@0.2.3"
2026-01-28 18:08:07 2026-01-28T18:08:07.620Z daemon INFO time="2026-01-28T18:08:07Z" level=info msg="Tool required for debug" tool="esp32:openocd-esp32@v0.12.0-esp32-20251215"
time="2026-01-28T18:08:07Z" level=info msg="Tool required for debug" tool="esp32:riscv32-esp-elf-gdb@16.3_20250913"
time="2026-01-28T18:08:07Z" level=info msg="Tool required for debug" tool="esp32:xtensa-esp-elf-gdb@16.3_20250913"
time="2026-01-28T18:08:07Z" level=info msg="Tool required for debug" tool="arduino:arduinoOTA@1.3.0"
2026-01-28 18:08:07 2026-01-28T18:08:07.620Z daemon INFO time="2026-01-28T18:08:07Z" level=info msg="Tool required for debug" tool="arduino:avrdude@8.0.0-arduino1"
time="2026-01-28T18:08:07Z" level=info msg="Tool required for debug" tool="builtin:serial-discovery@1.4.3"
2026-01-28 18:08:07 2026-01-28T18:08:07.620Z daemon INFO time="2026-01-28T18:08:07Z" level=info msg="Tool required for debug" tool="builtin:serial-monitor@0.15.0"
time="2026-01-28T18:08:07Z" level=info msg="Tool required for debug" tool="builtin:ctags@5.8-arduino11"
2026-01-28 18:08:07 2026-01-28T18:08:07.620Z daemon INFO time="2026-01-28T18:08:07Z" level=info msg="Tool required for debug" tool="builtin:dfu-discovery@0.1.2"
2026-01-28 18:08:07 2026-01-28T18:08:07.620Z daemon INFO time="2026-01-28T18:08:07Z" level=info msg="Tool required for debug" tool="arduino:avr-gcc@7.3.0-atmel3.6.1-arduino7"
time="2026-01-28T18:08:07Z" level=info msg="Tool required for debug" tool="builtin:mdns-discovery@1.0.12"
2026-01-28 18:08:07 2026-01-28T18:08:07.621Z daemon INFO time="2026-01-28T18:08:07Z" level=info msg="Tool required for debug" tool="arduino:dfu-util@0.11.0-arduino5"
time="2026-01-28T18:08:07Z" level=info msg="Tool required for debug" tool="esp32:esp-rv32@2511"
2026-01-28 18:08:07 2026-01-28T18:08:07.621Z daemon INFO time="2026-01-28T18:08:07Z" level=info msg="Tool required for debug" tool="esp32:esp-x32@2511"
time="2026-01-28T18:08:07Z" level=info msg="Tool required for debug" tool="esp32:esp32-libs@3.3.6"
time="2026-01-28T18:08:07Z" level=info msg="Tool required for debug" tool="esp32:esp32c3-libs@3.3.6"
time="2026-01-28T18:08:07Z" level=info msg="Tool required for debug" tool="esp32:esp32c5-libs@3.3.6"
2026-01-28 18:08:07 2026-01-28T18:08:07.621Z daemon INFO time="2026-01-28T18:08:07Z" level=info msg="Tool required for debug" tool="esp32:esp32c6-libs@3.3.6"
time="2026-01-28T18:08:07Z" level=info msg="Tool required for debug" tool="esp32:esp32h2-libs@3.3.6"
time="2026-01-28T18:08:07Z" level=info msg="Tool required for debug" tool="esp32:esp32p4-libs@3.3.6"
time="2026-01-28T18:08:07Z" level=info msg="Tool required for debug" tool="esp32:esp32p4_es-libs@3.3.6"
2026-01-28 18:08:07 2026-01-28T18:08:07.621Z daemon INFO time="2026-01-28T18:08:07Z" level=info msg="Tool required for debug" tool="esp32:esp32s2-libs@3.3.6"
time="2026-01-28T18:08:07Z" level=info msg="Tool required for debug" tool="esp32:esp32s3-libs@3.3.6"
2026-01-28 18:08:07 2026-01-28T18:08:07.621Z daemon INFO time="2026-01-28T18:08:07Z" level=info msg="Tool required for debug" tool="esp32:esptool_py@5.1.0"
time="2026-01-28T18:08:07Z" level=info msg="Tool required for debug" tool="esp32:mklittlefs@4.0.2-db0513a"
time="2026-01-28T18:08:07Z" level=info msg="Tool required for debug" tool="esp32:mkspiffs@0.2.3"
2026-01-28 18:08:07 2026-01-28T18:08:07.621Z daemon INFO time="2026-01-28T18:08:07Z" level=info msg="Tool required for debug" tool="esp32:openocd-esp32@v0.12.0-esp32-20251215"
time="2026-01-28T18:08:07Z" level=info msg="Tool required for debug" tool="esp32:riscv32-esp-elf-gdb@16.3_20250913"
2026-01-28 18:08:07 2026-01-28T18:08:07.621Z daemon INFO time="2026-01-28T18:08:07Z" level=info msg="Tool required for debug" tool="esp32:xtensa-esp-elf-gdb@16.3_20250913"
time="2026-01-28T18:08:07Z" level=info msg="Tool required for debug" tool="arduino:avr-gcc@7.3.0-atmel3.6.1-arduino7"
2026-01-28 18:08:07 2026-01-28T18:08:07.621Z daemon INFO time="2026-01-28T18:08:07Z" level=info msg="Tool required for debug" tool="builtin:serial-discovery@1.4.3"
time="2026-01-28T18:08:07Z" level=info msg="Tool required for debug" tool="arduino:arduinoOTA@1.3.0"
2026-01-28 18:08:07 2026-01-28T18:08:07.621Z daemon INFO time="2026-01-28T18:08:07Z" level=info msg="Tool required for debug" tool="builtin:mdns-discovery@1.0.12"
time="2026-01-28T18:08:07Z" level=info msg="Tool required for debug" tool="builtin:serial-monitor@0.15.0"
2026-01-28 18:08:07 2026-01-28T18:08:07.621Z daemon INFO time="2026-01-28T18:08:07Z" level=info msg="Tool required for debug" tool="arduino:avrdude@8.0.0-arduino1"
2026-01-28 18:08:07 2026-01-28T18:08:07.621Z daemon INFO time="2026-01-28T18:08:07Z" level=info msg="Tool required for debug" tool="builtin:ctags@5.8-arduino11"
time="2026-01-28T18:08:07Z" level=info msg="Tool required for debug" tool="builtin:dfu-discovery@0.1.2"
2026-01-28 18:08:07 2026-01-28T18:08:07.623Z daemon INFO time="2026-01-28T18:08:07Z" level=info msg="Tool required for debug" tool="arduino:dfu-util@0.11.0-arduino5"
time="2026-01-28T18:08:07Z" level=info msg="Tool required for debug" tool="esp32:esp-rv32@2511"
2026-01-28 18:08:07 2026-01-28T18:08:07.623Z daemon INFO time="2026-01-28T18:08:07Z" level=info msg="Tool required for debug" tool="esp32:esp-x32@2511"
time="2026-01-28T18:08:07Z" level=info msg="Tool required for debug" tool="esp32:esp32-libs@3.3.6"
time="2026-01-28T18:08:07Z" level=info msg="Tool required for debug" tool="esp32:esp32c3-libs@3.3.6"
time="2026-01-28T18:08:07Z" level=info msg="Tool required for debug" tool="esp32:esp32c5-libs@3.3.6"
time="2026-01-28T18:08:07Z" level=info msg="Tool required for debug" tool="esp32:esp32c6-libs@3.3.6"
time="2026-01-28T18:08:07Z" level=info msg="Tool required for debug" tool="esp32:esp32h2-libs@3.3.6"
time="2026-01-28T18:08:07Z" level=info msg="Tool required for debug" tool="esp32:esp32p4-libs@3.3.6"
2026-01-28 18:08:07 2026-01-28T18:08:07.623Z daemon INFO time="2026-01-28T18:08:07Z" level=info msg="Tool required for debug" tool="esp32:esp32p4_es-libs@3.3.6"
time="2026-01-28T18:08:07Z" level=info msg="Tool required for debug" tool="esp32:esp32s2-libs@3.3.6"
time="2026-01-28T18:08:07Z" level=info msg="Tool required for debug" tool="esp32:esp32s3-libs@3.3.6"
time="2026-01-28T18:08:07Z" level=info msg="Tool required for debug" tool="esp32:esptool_py@5.1.0"
2026-01-28 18:08:07 2026-01-28T18:08:07.623Z daemon INFO time="2026-01-28T18:08:07Z" level=info msg="Tool required for debug" tool="esp32:mklittlefs@4.0.2-db0513a"
time="2026-01-28T18:08:07Z" level=info msg="Tool required for debug" tool="esp32:mkspiffs@0.2.3"
time="2026-01-28T18:08:07Z" level=info msg="Tool required for debug" tool="esp32:openocd-esp32@v0.12.0-esp32-20251215"
2026-01-28 18:08:07 2026-01-28T18:08:07.623Z daemon INFO time="2026-01-28T18:08:07Z" level=info msg="Tool required for debug" tool="esp32:riscv32-esp-elf-gdb@16.3_20250913"
time="2026-01-28T18:08:07Z" level=info msg="Tool required for debug" tool="esp32:xtensa-esp-elf-gdb@16.3_20250913"
time="2026-01-28T18:08:07Z" level=info msg="Tool required for debug" tool="builtin:serial-discovery@1.4.3"
2026-01-28 18:08:07 2026-01-28T18:08:07.623Z daemon INFO time="2026-01-28T18:08:07Z" level=info msg="Tool required for debug" tool="arduino:arduinoOTA@1.3.0"
time="2026-01-28T18:08:07Z" level=info msg="Tool required for debug" tool="arduino:avrdude@8.0.0-arduino1"
2026-01-28 18:08:07 2026-01-28T18:08:07.623Z daemon INFO time="2026-01-28T18:08:07Z" level=info msg="Tool required for debug" tool="builtin:mdns-discovery@1.0.12"
time="2026-01-28T18:08:07Z" level=info msg="Tool required for debug" tool="arduino:avr-gcc@7.3.0-atmel3.6.1-arduino7"
2026-01-28 18:08:07 2026-01-28T18:08:07.623Z daemon INFO time="2026-01-28T18:08:07Z" level=info msg="Tool required for debug" tool="builtin:ctags@5.8-arduino11"
time="2026-01-28T18:08:07Z" level=info msg="Tool required for debug" tool="builtin:dfu-discovery@0.1.2"
time="2026-01-28T18:08:07Z" level=info msg="Tool required for debug" tool="builtin:serial-monitor@0.15.0"
2026-01-28 18:08:07 2026-01-28T18:08:07.624Z daemon INFO time="2026-01-28T18:08:07Z" level=info msg="Tool required for debug" tool="arduino:dfu-util@0.11.0-arduino5"
time="2026-01-28T18:08:07Z" level=info msg="Tool required for debug" tool="esp32:esp-rv32@2511"
2026-01-28 18:08:07 2026-01-28T18:08:07.624Z daemon INFO time="2026-01-28T18:08:07Z" level=info msg="Tool required for debug" tool="esp32:esp-x32@2511"
time="2026-01-28T18:08:07Z" level=info msg="Tool required for debug" tool="esp32:esp32-libs@3.3.6"
time="2026-01-28T18:08:07Z" level=info msg="Tool required for debug" tool="esp32:esp32c3-libs@3.3.6"
2026-01-28 18:08:07 2026-01-28T18:08:07.624Z daemon INFO time="2026-01-28T18:08:07Z" level=info msg="Tool required for debug" tool="esp32:esp32c5-libs@3.3.6"
time="2026-01-28T18:08:07Z" level=info msg="Tool required for debug" tool="esp32:esp32c6-libs@3.3.6"
time="2026-01-28T18:08:07Z" level=info msg="Tool required for debug" tool="esp32:esp32h2-libs@3.3.6"
2026-01-28 18:08:07 2026-01-28T18:08:07.624Z daemon INFO time="2026-01-28T18:08:07Z" level=info msg="Tool required for debug" tool="esp32:esp32p4-libs@3.3.6"
time="2026-01-28T18:08:07Z" level=info msg="Tool required for debug" tool="esp32:esp32p4_es-libs@3.3.6"
2026-01-28 18:08:07 2026-01-28T18:08:07.624Z daemon INFO time="2026-01-28T18:08:07Z" level=info msg="Tool required for debug" tool="esp32:esp32s2-libs@3.3.6"
time="2026-01-28T18:08:07Z" level=info msg="Tool required for debug" tool="esp32:esp32s3-libs@3.3.6"
time="2026-01-28T18:08:07Z" level=info msg="Tool required for debug" tool="esp32:esptool_py@5.1.0"
time="2026-01-28T18:08:07Z" level=info msg="Tool required for debug" tool="esp32:mklittlefs@4.0.2-db0513a"
2026-01-28 18:08:07 2026-01-28T18:08:07.625Z daemon INFO time="2026-01-28T18:08:07Z" level=info msg="Tool required for debug" tool="esp32:mkspiffs@0.2.3"
time="2026-01-28T18:08:07Z" level=info msg="Tool required for debug" tool="esp32:openocd-esp32@v0.12.0-esp32-20251215"
time="2026-01-28T18:08:07Z" level=info msg="Tool required for debug" tool="esp32:riscv32-esp-elf-gdb@16.3_20250913"
time="2026-01-28T18:08:07Z" level=info msg="Tool required for debug" tool="esp32:xtensa-esp-elf-gdb@16.3_20250913"
time="2026-01-28T18:08:07Z" level=info msg="Tool required for debug" tool="arduino:avrdude@8.0.0-arduino1"
time="2026-01-28T18:08:07Z" level=info msg="Tool required for debug" tool="builtin:serial-discovery@1.4.3"
time="2026-01-28T18:08:07Z" level=info msg="Tool required for debug" tool="builtin:serial-monitor@0.15.0"
time="2026-01-28T18:08:07Z" level=info msg="Tool required for debug" tool="builtin:dfu-discovery@0.1.2"
time="2026-01-28T18:08:07Z" level=info msg="Tool required for debug" tool="arduino:avr-gcc@7.3.0-atmel3.6.1-arduino7"
time="2026-01-28T18:08:07Z" level=info msg="Tool required for debug" tool="builtin:ctags@5.8-arduino11"
time="2026-01-28T18:08:07Z" level=info msg="Tool required for debug" tool="arduino:arduinoOTA@1.3.0"
time="2026-01-28T18:08:07Z" level=info msg="Tool required for debug" tool="builtin:mdns-discovery@1.0.12"
2026-01-28 18:08:07 2026-01-28T18:08:07.626Z daemon INFO time="2026-01-28T18:08:07Z" level=info msg="Tool required for debug" tool="arduino:dfu-util@0.11.0-arduino5"
time="2026-01-28T18:08:07Z" level=info msg="Tool required for debug" tool="esp32:esp-rv32@2511"
time="2026-01-28T18:08:07Z" level=info msg="Tool required for debug" tool="esp32:esp-x32@2511"
2026-01-28 18:08:07 2026-01-28T18:08:07.626Z daemon INFO time="2026-01-28T18:08:07Z" level=info msg="Tool required for debug" tool="esp32:esp32-libs@3.3.6"
time="2026-01-28T18:08:07Z" level=info msg="Tool required for debug" tool="esp32:esp32c3-libs@3.3.6"
time="2026-01-28T18:08:07Z" level=info msg="Tool required for debug" tool="esp32:esp32c5-libs@3.3.6"
time="2026-01-28T18:08:07Z" level=info msg="Tool required for debug" tool="esp32:esp32c6-libs@3.3.6"
time="2026-01-28T18:08:07Z" level=info msg="Tool required for debug" tool="esp32:esp32h2-libs@3.3.6"
time="2026-01-28T18:08:07Z" level=info msg="Tool required for debug" tool="esp32:esp32p4-libs@3.3.6"
time="2026-01-28T18:08:07Z" level=info msg="Tool required for debug" tool="esp32:esp32p4_es-libs@3.3.6"
time="2026-01-28T18:08:07Z" level=info msg="Tool required for debug" tool="esp32:esp32s2-libs@3.3.6"
time="2026-01-28T18:08:07Z" level=info msg="Tool required for debug" tool="esp32:esp32s3-libs@3.3.6"
2026-01-28 18:08:07 2026-01-28T18:08:07.626Z daemon INFO time="2026-01-28T18:08:07Z" level=info msg="Tool required for debug" tool="esp32:esptool_py@5.1.0"
time="2026-01-28T18:08:07Z" level=info msg="Tool required for debug" tool="esp32:mklittlefs@4.0.2-db0513a"
time="2026-01-28T18:08:07Z" level=info msg="Tool required for debug" tool="esp32:mkspiffs@0.2.3"
time="2026-01-28T18:08:07Z" level=info msg="Tool required for debug" tool="esp32:openocd-esp32@v0.12.0-esp32-20251215"
time="2026-01-28T18:08:07Z" level=info msg="Tool required for debug" tool="esp32:riscv32-esp-elf-gdb@16.3_20250913"
time="2026-01-28T18:08:07Z" level=info msg="Tool required for debug" tool="esp32:xtensa-esp-elf-gdb@16.3_20250913"
time="2026-01-28T18:08:07Z" level=info msg="Tool required for debug" tool="builtin:mdns-discovery@1.0.12"
2026-01-28 18:08:07 2026-01-28T18:08:07.626Z daemon INFO time="2026-01-28T18:08:07Z" level=info msg="Tool required for debug" tool="arduino:avrdude@8.0.0-arduino1"
time="2026-01-28T18:08:07Z" level=info msg="Tool required for debug" tool="builtin:serial-monitor@0.15.0"
time="2026-01-28T18:08:07Z" level=info msg="Tool required for debug" tool="arduino:arduinoOTA@1.3.0"
time="2026-01-28T18:08:07Z" level=info msg="Tool required for debug" tool="arduino:avr-gcc@7.3.0-atmel3.6.1-arduino7"
2026-01-28 18:08:07 2026-01-28T18:08:07.626Z daemon INFO time="2026-01-28T18:08:07Z" level=info msg="Tool required for debug" tool="builtin:ctags@5.8-arduino11"
time="2026-01-28T18:08:07Z" level=info msg="Tool required for debug" tool="builtin:dfu-discovery@0.1.2"
time="2026-01-28T18:08:07Z" level=info msg="Tool required for debug" tool="builtin:serial-discovery@1.4.3"
2026-01-28 18:08:07 2026-01-28T18:08:07.628Z daemon INFO time="2026-01-28T18:08:07Z" level=info msg="Tool required for debug" tool="arduino:dfu-util@0.11.0-arduino5"
time="2026-01-28T18:08:07Z" level=info msg="Tool required for debug" tool="esp32:esp-rv32@2511"
time="2026-01-28T18:08:07Z" level=info msg="Tool required for debug" tool="esp32:esp-x32@2511"
2026-01-28 18:08:07 2026-01-28T18:08:07.628Z daemon INFO time="2026-01-28T18:08:07Z" level=info msg="Tool required for debug" tool="esp32:esp32-libs@3.3.6"
time="2026-01-28T18:08:07Z" level=info msg="Tool required for debug" tool="esp32:esp32c3-libs@3.3.6"
time="2026-01-28T18:08:07Z" level=info msg="Tool required for debug" tool="esp32:esp32c5-libs@3.3.6"
time="2026-01-28T18:08:07Z" level=info msg="Tool required for debug" tool="esp32:esp32c6-libs@3.3.6"
time="2026-01-28T18:08:07Z" level=info msg="Tool required for debug" tool="esp32:esp32h2-libs@3.3.6"
time="2026-01-28T18:08:07Z" level=info msg="Tool required for debug" tool="esp32:esp32p4-libs@3.3.6"
time="2026-01-28T18:08:07Z" level=info msg="Tool required for debug" tool="esp32:esp32p4_es-libs@3.3.6"
time="2026-01-28T18:08:07Z" level=info msg="Tool required for debug" tool="esp32:esp32s2-libs@3.3.6"
time="2026-01-28T18:08:07Z" level=info msg="Tool required for debug" tool="esp32:esp32s3-libs@3.3.6"
2026-01-28 18:08:07 2026-01-28T18:08:07.628Z daemon INFO time="2026-01-28T18:08:07Z" level=info msg="Tool required for debug" tool="esp32:esptool_py@5.1.0"
time="2026-01-28T18:08:07Z" level=info msg="Tool required for debug" tool="esp32:mklittlefs@4.0.2-db0513a"
time="2026-01-28T18:08:07Z" level=info msg="Tool required for debug" tool="esp32:mkspiffs@0.2.3"
time="2026-01-28T18:08:07Z" level=info msg="Tool required for debug" tool="esp32:openocd-esp32@v0.12.0-esp32-20251215"
time="2026-01-28T18:08:07Z" level=info msg="Tool required for debug" tool="esp32:riscv32-esp-elf-gdb@16.3_20250913"
time="2026-01-28T18:08:07Z" level=info msg="Tool required for debug" tool="esp32:xtensa-esp-elf-gdb@16.3_20250913"
time="2026-01-28T18:08:07Z" level=info msg="Tool required for debug" tool="arduino:arduinoOTA@1.3.0"
2026-01-28 18:08:07 2026-01-28T18:08:07.628Z daemon INFO time="2026-01-28T18:08:07Z" level=info msg="Tool required for debug" tool="arduino:avr-gcc@7.3.0-atmel3.6.1-arduino7"
time="2026-01-28T18:08:07Z" level=info msg="Tool required for debug" tool="builtin:dfu-discovery@0.1.2"
time="2026-01-28T18:08:07Z" level=info msg="Tool required for debug" tool="builtin:serial-discovery@1.4.3"
2026-01-28 18:08:07 2026-01-28T18:08:07.628Z daemon INFO time="2026-01-28T18:08:07Z" level=info msg="Tool required for debug" tool="builtin:ctags@5.8-arduino11"
time="2026-01-28T18:08:07Z" level=info msg="Tool required for debug" tool="builtin:mdns-discovery@1.0.12"
2026-01-28 18:08:07 2026-01-28T18:08:07.628Z daemon INFO time="2026-01-28T18:08:07Z" level=info msg="Tool required for debug" tool="builtin:serial-monitor@0.15.0"
time="2026-01-28T18:08:07Z" level=info msg="Tool required for debug" tool="arduino:avrdude@8.0.0-arduino1"
2026-01-28 18:08:07 2026-01-28T18:08:07.629Z daemon INFO time="2026-01-28T18:08:07Z" level=info msg="Tool required for debug" tool="arduino:dfu-util@0.11.0-arduino5"
time="2026-01-28T18:08:07Z" level=info msg="Tool required for debug" tool="esp32:esp-rv32@2511"
time="2026-01-28T18:08:07Z" level=info msg="Tool required for debug" tool="esp32:esp-x32@2511"
time="2026-01-28T18:08:07Z" level=info msg="Tool required for debug" tool="esp32:esp32-libs@3.3.6"
2026-01-28 18:08:07 2026-01-28T18:08:07.629Z daemon INFO time="2026-01-28T18:08:07Z" level=info msg="Tool required for debug" tool="esp32:esp32c3-libs@3.3.6"
time="2026-01-28T18:08:07Z" level=info msg="Tool required for debug" tool="esp32:esp32c5-libs@3.3.6"
time="2026-01-28T18:08:07Z" level=info msg="Tool required for debug" tool="esp32:esp32c6-libs@3.3.6"
time="2026-01-28T18:08:07Z" level=info msg="Tool required for debug" tool="esp32:esp32h2-libs@3.3.6"
time="2026-01-28T18:08:07Z" level=info msg="Tool required for debug" tool="esp32:esp32p4-libs@3.3.6"
time="2026-01-28T18:08:07Z" level=info msg="Tool required for debug" tool="esp32:esp32p4_es-libs@3.3.6"
time="2026-01-28T18:08:07Z" level=info msg="Tool required for debug" tool="esp32:esp32s2-libs@3.3.6"
time="2026-01-28T18:08:07Z" level=info msg="Tool required for debug" tool="esp32:esp32s3-libs@3.3.6"
time="2026-01-28T18:08:07Z" level=info msg="Tool required for debug" tool="esp32:esptool_py@5.1.0"
2026-01-28 18:08:07 2026-01-28T18:08:07.629Z daemon INFO time="2026-01-28T18:08:07Z" level=info msg="Tool required for debug" tool="esp32:mklittlefs@4.0.2-db0513a"
time="2026-01-28T18:08:07Z" level=info msg="Tool required for debug" tool="esp32:mkspiffs@0.2.3"
time="2026-01-28T18:08:07Z" level=info msg="Tool required for debug" tool="esp32:openocd-esp32@v0.12.0-esp32-20251215"
time="2026-01-28T18:08:07Z" level=info msg="Tool required for debug" tool="esp32:riscv32-esp-elf-gdb@16.3_20250913"
time="2026-01-28T18:08:07Z" level=info msg="Tool required for debug" tool="esp32:xtensa-esp-elf-gdb@16.3_20250913"
time="2026-01-28T18:08:07Z" level=info msg="Tool required for debug" tool="arduino:avr-gcc@7.3.0-atmel3.6.1-arduino7"
time="2026-01-28T18:08:07Z" level=info msg="Tool required for debug" tool="builtin:ctags@5.8-arduino11"
2026-01-28 18:08:07 2026-01-28T18:08:07.629Z daemon INFO time="2026-01-28T18:08:07Z" level=info msg="Tool required for debug" tool="arduino:arduinoOTA@1.3.0"
time="2026-01-28T18:08:07Z" level=info msg="Tool required for debug" tool="arduino:avrdude@8.0.0-arduino1"
time="2026-01-28T18:08:07Z" level=info msg="Tool required for debug" tool="builtin:serial-monitor@0.15.0"
2026-01-28 18:08:07 2026-01-28T18:08:07.629Z daemon INFO time="2026-01-28T18:08:07Z" level=info msg="Tool required for debug" tool="builtin:mdns-discovery@1.0.12"
time="2026-01-28T18:08:07Z" level=info msg="Tool required for debug" tool="builtin:dfu-discovery@0.1.2"
time="2026-01-28T18:08:07Z" level=info msg="Tool required for debug" tool="builtin:serial-discovery@1.4.3"
2026-01-28 18:08:07 2026-01-28T18:08:07.631Z daemon INFO time="2026-01-28T18:08:07Z" level=info msg="Tool required for debug" tool="arduino:dfu-util@0.11.0-arduino5"
time="2026-01-28T18:08:07Z" level=info msg="Tool required for debug" tool="esp32:esp-rv32@2511"
time="2026-01-28T18:08:07Z" level=info msg="Tool required for debug" tool="esp32:esp-x32@2511"
time="2026-01-28T18:08:07Z" level=info msg="Tool required for debug" tool="esp32:esp32-libs@3.3.6"
2026-01-28 18:08:07 2026-01-28T18:08:07.631Z daemon INFO time="2026-01-28T18:08:07Z" level=info msg="Tool required for debug" tool="esp32:esp32c3-libs@3.3.6"
time="2026-01-28T18:08:07Z" level=info msg="Tool required for debug" tool="esp32:esp32c5-libs@3.3.6"
time="2026-01-28T18:08:07Z" level=info msg="Tool required for debug" tool="esp32:esp32c6-libs@3.3.6"
time="2026-01-28T18:08:07Z" level=info msg="Tool required for debug" tool="esp32:esp32h2-libs@3.3.6"
time="2026-01-28T18:08:07Z" level=info msg="Tool required for debug" tool="esp32:esp32p4-libs@3.3.6"
time="2026-01-28T18:08:07Z" level=info msg="Tool required for debug" tool="esp32:esp32p4_es-libs@3.3.6"
time="2026-01-28T18:08:07Z" level=info msg="Tool required for debug" tool="esp32:esp32s2-libs@3.3.6"
time="2026-01-28T18:08:07Z" level=info msg="Tool required for debug" tool="esp32:esp32s3-libs@3.3.6"
time="2026-01-28T18:08:07Z" level=info msg="Tool required for debug" tool="esp32:esptool_py@5.1.0"
2026-01-28 18:08:07 2026-01-28T18:08:07.631Z daemon INFO time="2026-01-28T18:08:07Z" level=info msg="Tool required for debug" tool="esp32:mklittlefs@4.0.2-db0513a"
time="2026-01-28T18:08:07Z" level=info msg="Tool required for debug" tool="esp32:mkspiffs@0.2.3"
time="2026-01-28T18:08:07Z" level=info msg="Tool required for debug" tool="esp32:openocd-esp32@v0.12.0-esp32-20251215"
time="2026-01-28T18:08:07Z" level=info msg="Tool required for debug" tool="esp32:riscv32-esp-elf-gdb@16.3_20250913"
time="2026-01-28T18:08:07Z" level=info msg="Tool required for debug" tool="esp32:xtensa-esp-elf-gdb@16.3_20250913"
time="2026-01-28T18:08:07Z" level=info msg="Tool required for debug" tool="arduino:arduinoOTA@1.3.0"
time="2026-01-28T18:08:07Z" level=info msg="Tool required for debug" tool="arduino:avrdude@8.0.0-arduino1"
2026-01-28 18:08:07 2026-01-28T18:08:07.631Z daemon INFO time="2026-01-28T18:08:07Z" level=info msg="Tool required for debug" tool="arduino:avr-gcc@7.3.0-atmel3.6.1-arduino7"
time="2026-01-28T18:08:07Z" level=info msg="Tool required for debug" tool="builtin:dfu-discovery@0.1.2"
time="2026-01-28T18:08:07Z" level=info msg="Tool required for debug" tool="builtin:mdns-discovery@1.0.12"
2026-01-28 18:08:07 2026-01-28T18:08:07.631Z daemon INFO time="2026-01-28T18:08:07Z" level=info msg="Tool required for debug" tool="builtin:ctags@5.8-arduino11"
time="2026-01-28T18:08:07Z" level=info msg="Tool required for debug" tool="builtin:serial-monitor@0.15.0"
2026-01-28 18:08:07 2026-01-28T18:08:07.631Z daemon INFO time="2026-01-28T18:08:07Z" level=info msg="Tool required for debug" tool="builtin:serial-discovery@1.4.3"
2026-01-28 18:08:07 2026-01-28T18:08:07.632Z daemon INFO time="2026-01-28T18:08:07Z" level=info msg="Tool required for debug" tool="arduino:dfu-util@0.11.0-arduino5"
time="2026-01-28T18:08:07Z" level=info msg="Tool required for debug" tool="esp32:esp-rv32@2511"
2026-01-28 18:08:07 2026-01-28T18:08:07.632Z daemon INFO time="2026-01-28T18:08:07Z" level=info msg="Tool required for debug" tool="esp32:esp-x32@2511"
time="2026-01-28T18:08:07Z" level=info msg="Tool required for debug" tool="esp32:esp32-libs@3.3.6"
time="2026-01-28T18:08:07Z" level=info msg="Tool required for debug" tool="esp32:esp32c3-libs@3.3.6"
time="2026-01-28T18:08:07Z" level=info msg="Tool required for debug" tool="esp32:esp32c5-libs@3.3.6"
time="2026-01-28T18:08:07Z" level=info msg="Tool required for debug" tool="esp32:esp32c6-libs@3.3.6"
2026-01-28 18:08:07 2026-01-28T18:08:07.632Z daemon INFO time="2026-01-28T18:08:07Z" level=info msg="Tool required for debug" tool="esp32:esp32h2-libs@3.3.6"
time="2026-01-28T18:08:07Z" level=info msg="Tool required for debug" tool="esp32:esp32p4-libs@3.3.6"
time="2026-01-28T18:08:07Z" level=info msg="Tool required for debug" tool="esp32:esp32p4_es-libs@3.3.6"
time="2026-01-28T18:08:07Z" level=info msg="Tool required for debug" tool="esp32:esp32s2-libs@3.3.6"
time="2026-01-28T18:08:07Z" level=info msg="Tool required for debug" tool="esp32:esp32s3-libs@3.3.6"
2026-01-28 18:08:07 2026-01-28T18:08:07.632Z daemon INFO time="2026-01-28T18:08:07Z" level=info msg="Tool required for debug" tool="esp32:esptool_py@5.1.0"
time="2026-01-28T18:08:07Z" level=info msg="Tool required for debug" tool="esp32:mklittlefs@4.0.2-db0513a"
time="2026-01-28T18:08:07Z" level=info msg="Tool required for debug" tool="esp32:mkspiffs@0.2.3"
time="2026-01-28T18:08:07Z" level=info msg="Tool required for debug" tool="esp32:openocd-esp32@v0.12.0-esp32-20251215"
2026-01-28 18:08:07 2026-01-28T18:08:07.632Z daemon INFO time="2026-01-28T18:08:07Z" level=info msg="Tool required for debug" tool="esp32:riscv32-esp-elf-gdb@16.3_20250913"
time="2026-01-28T18:08:07Z" level=info msg="Tool required for debug" tool="esp32:xtensa-esp-elf-gdb@16.3_20250913"
time="2026-01-28T18:08:07Z" level=info msg="Tool required for debug" tool="arduino:avrdude@8.0.0-arduino1"
2026-01-28 18:08:07 2026-01-28T18:08:07.632Z daemon INFO time="2026-01-28T18:08:07Z" level=info msg="Tool required for debug" tool="builtin:ctags@5.8-arduino11"
time="2026-01-28T18:08:07Z" level=info msg="Tool required for debug" tool="builtin:serial-discovery@1.4.3"
2026-01-28 18:08:07 2026-01-28T18:08:07.632Z daemon INFO time="2026-01-28T18:08:07Z" level=info msg="Tool required for debug" tool="builtin:serial-monitor@0.15.0"
2026-01-28 18:08:07 2026-01-28T18:08:07.632Z daemon INFO time="2026-01-28T18:08:07Z" level=info msg="Tool required for debug" tool="arduino:arduinoOTA@1.3.0"
time="2026-01-28T18:08:07Z" level=info msg="Tool required for debug" tool="builtin:mdns-discovery@1.0.12"
2026-01-28 18:08:07 2026-01-28T18:08:07.632Z daemon INFO time="2026-01-28T18:08:07Z" level=info msg="Tool required for debug" tool="arduino:avr-gcc@7.3.0-atmel3.6.1-arduino7"
time="2026-01-28T18:08:07Z" level=info msg="Tool required for debug" tool="builtin:dfu-discovery@0.1.2"
2026-01-28 18:08:07 2026-01-28T18:08:07.634Z daemon INFO time="2026-01-28T18:08:07Z" level=info msg="Tool required for debug" tool="arduino:dfu-util@0.11.0-arduino5"
time="2026-01-28T18:08:07Z" level=info msg="Tool required for debug" tool="esp32:esp-rv32@2511"
time="2026-01-28T18:08:07Z" level=info msg="Tool required for debug" tool="esp32:esp-x32@2511"
2026-01-28 18:08:07 2026-01-28T18:08:07.634Z daemon INFO time="2026-01-28T18:08:07Z" level=info msg="Tool required for debug" tool="esp32:esp32-libs@3.3.6"
time="2026-01-28T18:08:07Z" level=info msg="Tool required for debug" tool="esp32:esp32c3-libs@3.3.6"
time="2026-01-28T18:08:07Z" level=info msg="Tool required for debug" tool="esp32:esp32c5-libs@3.3.6"
time="2026-01-28T18:08:07Z" level=info msg="Tool required for debug" tool="esp32:esp32c6-libs@3.3.6"
time="2026-01-28T18:08:07Z" level=info msg="Tool required for debug" tool="esp32:esp32h2-libs@3.3.6"
time="2026-01-28T18:08:07Z" level=info msg="Tool required for debug" tool="esp32:esp32p4-libs@3.3.6"
time="2026-01-28T18:08:07Z" level=info msg="Tool required for debug" tool="esp32:esp32p4_es-libs@3.3.6"
time="2026-01-28T18:08:07Z" level=info msg="Tool required for debug" tool="esp32:esp32s2-libs@3.3.6"
time="2026-01-28T18:08:07Z" level=info msg="Tool required for debug" tool="esp32:esp32s3-libs@3.3.6"
2026-01-28 18:08:07 2026-01-28T18:08:07.634Z daemon INFO time="2026-01-28T18:08:07Z" level=info msg="Tool required for debug" tool="esp32:esptool_py@5.1.0"
time="2026-01-28T18:08:07Z" level=info msg="Tool required for debug" tool="esp32:mklittlefs@4.0.2-db0513a"
time="2026-01-28T18:08:07Z" level=info msg="Tool required for debug" tool="esp32:mkspiffs@0.2.3"
time="2026-01-28T18:08:07Z" level=info msg="Tool required for debug" tool="esp32:openocd-esp32@v0.12.0-esp32-20251215"
time="2026-01-28T18:08:07Z" level=info msg="Tool required for debug" tool="esp32:riscv32-esp-elf-gdb@16.3_20250913"
time="2026-01-28T18:08:07Z" level=info msg="Tool required for debug" tool="esp32:xtensa-esp-elf-gdb@16.3_20250913"
2026-01-28 18:08:07 2026-01-28T18:08:07.634Z daemon INFO time="2026-01-28T18:08:07Z" level=info msg="Tool required for debug" tool="builtin:ctags@5.8-arduino11"
time="2026-01-28T18:08:07Z" level=info msg="Tool required for debug" tool="arduino:avr-gcc@7.3.0-atmel3.6.1-arduino7"
time="2026-01-28T18:08:07Z" level=info msg="Tool required for debug" tool="arduino:avrdude@8.0.0-arduino1"
time="2026-01-28T18:08:07Z" level=info msg="Tool required for debug" tool="builtin:mdns-discovery@1.0.12"
2026-01-28 18:08:07 2026-01-28T18:08:07.634Z daemon INFO time="2026-01-28T18:08:07Z" level=info msg="Tool required for debug" tool="builtin:serial-monitor@0.15.0"
time="2026-01-28T18:08:07Z" level=info msg="Tool required for debug" tool="arduino:arduinoOTA@1.3.0"
time="2026-01-28T18:08:07Z" level=info msg="Tool required for debug" tool="builtin:dfu-discovery@0.1.2"
2026-01-28 18:08:07 2026-01-28T18:08:07.634Z daemon INFO time="2026-01-28T18:08:07Z" level=info msg="Tool required for debug" tool="builtin:serial-discovery@1.4.3"
2026-01-28 18:08:07 2026-01-28T18:08:07.635Z daemon INFO time="2026-01-28T18:08:07Z" level=info msg="Tool required for debug" tool="arduino:dfu-util@0.11.0-arduino5"
time="2026-01-28T18:08:07Z" level=info msg="Tool required for debug" tool="esp32:esp-rv32@2511"
time="2026-01-28T18:08:07Z" level=info msg="Tool required for debug" tool="esp32:esp-x32@2511"
2026-01-28 18:08:07 2026-01-28T18:08:07.636Z daemon INFO time="2026-01-28T18:08:07Z" level=info msg="Tool required for debug" tool="esp32:esp32-libs@3.3.6"
time="2026-01-28T18:08:07Z" level=info msg="Tool required for debug" tool="esp32:esp32c3-libs@3.3.6"
time="2026-01-28T18:08:07Z" level=info msg="Tool required for debug" tool="esp32:esp32c5-libs@3.3.6"
time="2026-01-28T18:08:07Z" level=info msg="Tool required for debug" tool="esp32:esp32c6-libs@3.3.6"
time="2026-01-28T18:08:07Z" level=info msg="Tool required for debug" tool="esp32:esp32h2-libs@3.3.6"
time="2026-01-28T18:08:07Z" level=info msg="Tool required for debug" tool="esp32:esp32p4-libs@3.3.6"
2026-01-28 18:08:07 2026-01-28T18:08:07.636Z daemon INFO time="2026-01-28T18:08:07Z" level=info msg="Tool required for debug" tool="esp32:esp32p4_es-libs@3.3.6"
time="2026-01-28T18:08:07Z" level=info msg="Tool required for debug" tool="esp32:esp32s2-libs@3.3.6"
time="2026-01-28T18:08:07Z" level=info msg="Tool required for debug" tool="esp32:esp32s3-libs@3.3.6"
time="2026-01-28T18:08:07Z" level=info msg="Tool required for debug" tool="esp32:esptool_py@5.1.0"
time="2026-01-28T18:08:07Z" level=info msg="Tool required for debug" tool="esp32:mklittlefs@4.0.2-db0513a"
2026-01-28 18:08:07 2026-01-28T18:08:07.636Z daemon INFO time="2026-01-28T18:08:07Z" level=info msg="Tool required for debug" tool="esp32:mkspiffs@0.2.3"
time="2026-01-28T18:08:07Z" level=info msg="Tool required for debug" tool="esp32:openocd-esp32@v0.12.0-esp32-20251215"
time="2026-01-28T18:08:07Z" level=info msg="Tool required for debug" tool="esp32:riscv32-esp-elf-gdb@16.3_20250913"
time="2026-01-28T18:08:07Z" level=info msg="Tool required for debug" tool="esp32:xtensa-esp-elf-gdb@16.3_20250913"
2026-01-28 18:08:07 2026-01-28T18:08:07.636Z daemon INFO time="2026-01-28T18:08:07Z" level=info msg="Tool required for debug" tool="arduino:avr-gcc@7.3.0-atmel3.6.1-arduino7"
time="2026-01-28T18:08:07Z" level=info msg="Tool required for debug" tool="builtin:mdns-discovery@1.0.12"
time="2026-01-28T18:08:07Z" level=info msg="Tool required for debug" tool="builtin:serial-monitor@0.15.0"
2026-01-28 18:08:07 2026-01-28T18:08:07.636Z daemon INFO time="2026-01-28T18:08:07Z" level=info msg="Tool required for debug" tool="builtin:dfu-discovery@0.1.2"
time="2026-01-28T18:08:07Z" level=info msg="Tool required for debug" tool="builtin:serial-discovery@1.4.3"
2026-01-28 18:08:07 2026-01-28T18:08:07.636Z daemon INFO time="2026-01-28T18:08:07Z" level=info msg="Tool required for debug" tool="arduino:arduinoOTA@1.3.0"
time="2026-01-28T18:08:07Z" level=info msg="Tool required for debug" tool="arduino:avrdude@8.0.0-arduino1"
time="2026-01-28T18:08:07Z" level=info msg="Tool required for debug" tool="builtin:ctags@5.8-arduino11"
2026-01-28 18:08:07 2026-01-28T18:08:07.637Z daemon INFO time="2026-01-28T18:08:07Z" level=info msg="Tool required for debug" tool="arduino:dfu-util@0.11.0-arduino5"
time="2026-01-28T18:08:07Z" level=info msg="Tool required for debug" tool="esp32:esp-rv32@2511"
time="2026-01-28T18:08:07Z" level=info msg="Tool required for debug" tool="esp32:esp-x32@2511"
time="2026-01-28T18:08:07Z" level=info msg="Tool required for debug" tool="esp32:esp32-libs@3.3.6"
2026-01-28 18:08:07 2026-01-28T18:08:07.637Z daemon INFO time="2026-01-28T18:08:07Z" level=info msg="Tool required for debug" tool="esp32:esp32c3-libs@3.3.6"
time="2026-01-28T18:08:07Z" level=info msg="Tool required for debug" tool="esp32:esp32c5-libs@3.3.6"
time="2026-01-28T18:08:07Z" level=info msg="Tool required for debug" tool="esp32:esp32c6-libs@3.3.6"
time="2026-01-28T18:08:07Z" level=info msg="Tool required for debug" tool="esp32:esp32h2-libs@3.3.6"
time="2026-01-28T18:08:07Z" level=info msg="Tool required for debug" tool="esp32:esp32p4-libs@3.3.6"
time="2026-01-28T18:08:07Z" level=info msg="Tool required for debug" tool="esp32:esp32p4_es-libs@3.3.6"
time="2026-01-28T18:08:07Z" level=info msg="Tool required for debug" tool="esp32:esp32s2-libs@3.3.6"
time="2026-01-28T18:08:07Z" level=info msg="Tool required for debug" tool="esp32:esp32s3-libs@3.3.6"
time="2026-01-28T18:08:07Z" level=info msg="Tool required for debug" tool="esp32:esptool_py@5.1.0"
2026-01-28 18:08:07 2026-01-28T18:08:07.637Z daemon INFO time="2026-01-28T18:08:07Z" level=info msg="Tool required for debug" tool="esp32:mklittlefs@4.0.2-db0513a"
time="2026-01-28T18:08:07Z" level=info msg="Tool required for debug" tool="esp32:mkspiffs@0.2.3"
time="2026-01-28T18:08:07Z" level=info msg="Tool required for debug" tool="esp32:openocd-esp32@v0.12.0-esp32-20251215"
time="2026-01-28T18:08:07Z" level=info msg="Tool required for debug" tool="esp32:riscv32-esp-elf-gdb@16.3_20250913"
time="2026-01-28T18:08:07Z" level=info msg="Tool required for debug" tool="esp32:xtensa-esp-elf-gdb@16.3_20250913"
time="2026-01-28T18:08:07Z" level=info msg="Tool required for debug" tool="arduino:avr-gcc@7.3.0-atmel3.6.1-arduino7"
time="2026-01-28T18:08:07Z" level=info msg="Tool required for debug" tool="builtin:serial-monitor@0.15.0"
2026-01-28 18:08:07 2026-01-28T18:08:07.637Z daemon INFO time="2026-01-28T18:08:07Z" level=info msg="Tool required for debug" tool="builtin:ctags@5.8-arduino11"
time="2026-01-28T18:08:07Z" level=info msg="Tool required for debug" tool="arduino:arduinoOTA@1.3.0"
time="2026-01-28T18:08:07Z" level=info msg="Tool required for debug" tool="builtin:serial-discovery@1.4.3"
time="2026-01-28T18:08:07Z" level=info msg="Tool required for debug" tool="builtin:mdns-discovery@1.0.12"
2026-01-28 18:08:07 2026-01-28T18:08:07.637Z daemon INFO time="2026-01-28T18:08:07Z" level=info msg="Tool required for debug" tool="arduino:avrdude@8.0.0-arduino1"
time="2026-01-28T18:08:07Z" level=info msg="Tool required for debug" tool="builtin:dfu-discovery@0.1.2"
2026-01-28 18:08:07 2026-01-28T18:08:07.639Z daemon INFO time="2026-01-28T18:08:07Z" level=info msg="Tool required for debug" tool="arduino:dfu-util@0.11.0-arduino5"
time="2026-01-28T18:08:07Z" level=info msg="Tool required for debug" tool="esp32:esp-rv32@2511"
time="2026-01-28T18:08:07Z" level=info msg="Tool required for debug" tool="esp32:esp-x32@2511"
2026-01-28 18:08:07 2026-01-28T18:08:07.639Z daemon INFO time="2026-01-28T18:08:07Z" level=info msg="Tool required for debug" tool="esp32:esp32-libs@3.3.6"
time="2026-01-28T18:08:07Z" level=info msg="Tool required for debug" tool="esp32:esp32c3-libs@3.3.6"
time="2026-01-28T18:08:07Z" level=info msg="Tool required for debug" tool="esp32:esp32c5-libs@3.3.6"
time="2026-01-28T18:08:07Z" level=info msg="Tool required for debug" tool="esp32:esp32c6-libs@3.3.6"
time="2026-01-28T18:08:07Z" level=info msg="Tool required for debug" tool="esp32:esp32h2-libs@3.3.6"
time="2026-01-28T18:08:07Z" level=info msg="Tool required for debug" tool="esp32:esp32p4-libs@3.3.6"
time="2026-01-28T18:08:07Z" level=info msg="Tool required for debug" tool="esp32:esp32p4_es-libs@3.3.6"
time="2026-01-28T18:08:07Z" level=info msg="Tool required for debug" tool="esp32:esp32s2-libs@3.3.6"
time="2026-01-28T18:08:07Z" level=info msg="Tool required for debug" tool="esp32:esp32s3-libs@3.3.6"
time="2026-01-28T18:08:07Z" level=info msg="Tool required for debug" tool="esp32:esptool_py@5.1.0"
2026-01-28 18:08:07 2026-01-28T18:08:07.639Z daemon INFO time="2026-01-28T18:08:07Z" level=info msg="Tool required for debug" tool="esp32:mklittlefs@4.0.2-db0513a"
time="2026-01-28T18:08:07Z" level=info msg="Tool required for debug" tool="esp32:mkspiffs@0.2.3"
time="2026-01-28T18:08:07Z" level=info msg="Tool required for debug" tool="esp32:openocd-esp32@v0.12.0-esp32-20251215"
time="2026-01-28T18:08:07Z" level=info msg="Tool required for debug" tool="esp32:riscv32-esp-elf-gdb@16.3_20250913"
time="2026-01-28T18:08:07Z" level=info msg="Tool required for debug" tool="esp32:xtensa-esp-elf-gdb@16.3_20250913"
2026-01-28 18:08:07 2026-01-28T18:08:07.639Z daemon INFO time="2026-01-28T18:08:07Z" level=info msg="Tool required for debug" tool="builtin:serial-discovery@1.4.3"
time="2026-01-28T18:08:07Z" level=info msg="Tool required for debug" tool="builtin:serial-monitor@0.15.0"
time="2026-01-28T18:08:07Z" level=info msg="Tool required for debug" tool="arduino:avr-gcc@7.3.0-atmel3.6.1-arduino7"
2026-01-28 18:08:07 2026-01-28T18:08:07.639Z daemon INFO time="2026-01-28T18:08:07Z" level=info msg="Tool required for debug" tool="arduino:arduinoOTA@1.3.0"
time="2026-01-28T18:08:07Z" level=info msg="Tool required for debug" tool="arduino:avrdude@8.0.0-arduino1"
time="2026-01-28T18:08:07Z" level=info msg="Tool required for debug" tool="builtin:ctags@5.8-arduino11"
2026-01-28 18:08:07 2026-01-28T18:08:07.639Z daemon INFO time="2026-01-28T18:08:07Z" level=info msg="Tool required for debug" tool="builtin:dfu-discovery@0.1.2"
time="2026-01-28T18:08:07Z" level=info msg="Tool required for debug" tool="builtin:mdns-discovery@1.0.12"
2026-01-28 18:08:08 2026-01-28T18:08:08.576Z daemon INFO time="2026-01-28T18:08:08Z" level=info msg="Adding libraries dir" dir=/home/shrek/.arduino15/libraries isSingleLibrary=false location=ide
2026-01-28 18:08:08 2026-01-28T18:08:08.576Z daemon INFO time="2026-01-28T18:08:08Z" level=info msg="Adding libraries dir" dir=/home/shrek/.arduino15/packages/esp32/hardware/esp32/3.3.6/libraries isSingleLibrary=false location=platform
time="2026-01-28T18:08:08Z" level=info msg="Adding libraries dir" dir=/home/shrek/Arduino/libraries isSingleLibrary=false location=user
2026-01-28 18:08:13 2026-01-28T18:08:13.733Z root INFO Received port after upload [arduino+serial:///dev/ttyACM0, esp32:esp32:esp32s3:UploadSpeed=115200,USBMode=hwcdc,CDCOnBoot=cdc,MSCOnBoot=default,DFUOnBoot=default,UploadMode=default,CPUFreq=240,FlashMode=qio,FlashSize=32M,PartitionScheme=default,DebugLevel=none,PSRAM=disabled,LoopCore=1,EventsCore=1,EraseFlash=none,JTAGAdapter=default,ZigbeeMode=default, practice]. Before port: {"protocol":"serial","address":"/dev/ttyACM0"}, after port: {"address":"/dev/ttyACM0","addressLabel":"/dev/ttyACM0","protocol":"serial","protocolLabel":"Serial Port (USB)","properties":{"pid":"0x1001","serialNumber":"90:E5:B1:D7:D6:84","vid":"0x303a"},"hardwareId":"90:E5:B1:D7:D6:84"}
2026-01-28 18:08:20 2026-01-28T18:08:20.874Z daemon INFO time="2026-01-28T18:08:20Z" level=info msg="Adding libraries dir" dir=/home/shrek/.arduino15/libraries isSingleLibrary=false location=ide
2026-01-28 18:08:20 2026-01-28T18:08:20.874Z daemon INFO time="2026-01-28T18:08:20Z" level=info msg="Adding libraries dir" dir=/home/shrek/.arduino15/packages/esp32/hardware/esp32/3.3.6/libraries isSingleLibrary=false location=platform
time="2026-01-28T18:08:20Z" level=info msg="Adding libraries dir" dir=/home/shrek/Arduino/libraries isSingleLibrary=false location=user
2026-01-28 18:08:22 2026-01-28T18:08:22.930Z daemon INFO time="2026-01-28T18:08:22Z" level=info msg="Adding libraries dir" dir=/home/shrek/.arduino15/libraries isSingleLibrary=false location=ide
time="2026-01-28T18:08:22Z" level=info msg="Adding libraries dir" dir=/home/shrek/.arduino15/packages/esp32/hardware/esp32/3.3.6/libraries isSingleLibrary=false location=platform
time="2026-01-28T18:08:22Z" level=info msg="Adding libraries dir" dir=/home/shrek/Arduino/libraries isSingleLibrary=false location=user
2026-01-28 18:08:23 2026-01-28T18:08:23.363Z daemon INFO time="2026-01-28T18:08:23Z" level=info msg="Adding libraries dir" dir=/home/shrek/.arduino15/libraries isSingleLibrary=false location=ide
2026-01-28 18:08:23 2026-01-28T18:08:23.363Z daemon INFO time="2026-01-28T18:08:23Z" level=info msg="Adding libraries dir" dir=/home/shrek/.arduino15/packages/esp32/hardware/esp32/3.3.6/libraries isSingleLibrary=false location=platform
time="2026-01-28T18:08:23Z" level=info msg="Adding libraries dir" dir=/home/shrek/Arduino/libraries isSingleLibrary=false location=user
2026-01-28 18:08:23 2026-01-28T18:08:23.986Z daemon INFO time="2026-01-28T18:08:23Z" level=info msg="Resolving include MD_MAX72xx.h for arch esp32"
time="2026-01-28T18:08:23Z" level=info msg="  found better lib" lib=MD_MAX72XX prio=6A7
2026-01-28 18:08:23 2026-01-28T18:08:23.994Z daemon INFO time="2026-01-28T18:08:23Z" level=info msg="Resolving include SPI.h for arch esp32"
time="2026-01-28T18:08:23Z" level=info msg="  found better lib" lib=SPI prio=6B0
2026-01-28 18:08:24 2026-01-28T18:08:24.711Z daemon INFO time="2026-01-28T18:08:24Z" level=info msg="Adding libraries dir" dir=/home/shrek/.arduino15/libraries isSingleLibrary=false location=ide
2026-01-28 18:08:24 2026-01-28T18:08:24.711Z daemon INFO time="2026-01-28T18:08:24Z" level=info msg="Adding libraries dir" dir=/home/shrek/.arduino15/packages/esp32/hardware/esp32/3.3.6/libraries isSingleLibrary=false location=platform
time="2026-01-28T18:08:24Z" level=info msg="Adding libraries dir" dir=/home/shrek/Arduino/libraries isSingleLibrary=false location=user
2026-01-28 18:08:26 2026-01-28T18:08:26.078Z root INFO Executing 'arduino.languageserver.notifyBuildDidComplete' with "file:///home/shrek/.cache/arduino/sketches/06F50BDA0506E2D6953ED82E048FA1AF"
2026-01-28 18:08:26 2026-01-28T18:08:26.112Z daemon INFO time="2026-01-28T18:08:26Z" level=info msg="Tool required for debug" tool="arduino:dfu-util@0.11.0-arduino5"
time="2026-01-28T18:08:26Z" level=info msg="Tool required for debug" tool="esp32:esp-rv32@2511"
2026-01-28 18:08:26 2026-01-28T18:08:26.112Z daemon INFO time="2026-01-28T18:08:26Z" level=info msg="Tool required for debug" tool="esp32:esp-x32@2511"
time="2026-01-28T18:08:26Z" level=info msg="Tool required for debug" tool="esp32:esp32-libs@3.3.6"
time="2026-01-28T18:08:26Z" level=info msg="Tool required for debug" tool="esp32:esp32c3-libs@3.3.6"
time="2026-01-28T18:08:26Z" level=info msg="Tool required for debug" tool="esp32:esp32c5-libs@3.3.6"
time="2026-01-28T18:08:26Z" level=info msg="Tool required for debug" tool="esp32:esp32c6-libs@3.3.6"
time="2026-01-28T18:08:26Z" level=info msg="Tool required for debug" tool="esp32:esp32h2-libs@3.3.6"
2026-01-28 18:08:26 2026-01-28T18:08:26.112Z daemon INFO time="2026-01-28T18:08:26Z" level=info msg="Tool required for debug" tool="esp32:esp32p4-libs@3.3.6"
time="2026-01-28T18:08:26Z" level=info msg="Tool required for debug" tool="esp32:esp32p4_es-libs@3.3.6"
time="2026-01-28T18:08:26Z" level=info msg="Tool required for debug" tool="esp32:esp32s2-libs@3.3.6"
2026-01-28 18:08:26 2026-01-28T18:08:26.112Z daemon INFO time="2026-01-28T18:08:26Z" level=info msg="Tool required for debug" tool="esp32:esp32s3-libs@3.3.6"
time="2026-01-28T18:08:26Z" level=info msg="Tool required for debug" tool="esp32:esptool_py@5.1.0"
time="2026-01-28T18:08:26Z" level=info msg="Tool required for debug" tool="esp32:mklittlefs@4.0.2-db0513a"
2026-01-28 18:08:26 2026-01-28T18:08:26.112Z daemon INFO time="2026-01-28T18:08:26Z" level=info msg="Tool required for debug" tool="esp32:mkspiffs@0.2.3"
time="2026-01-28T18:08:26Z" level=info msg="Tool required for debug" tool="esp32:openocd-esp32@v0.12.0-esp32-20251215"
2026-01-28 18:08:26 2026-01-28T18:08:26.112Z daemon INFO time="2026-01-28T18:08:26Z" level=info msg="Tool required for debug" tool="esp32:riscv32-esp-elf-gdb@16.3_20250913"
time="2026-01-28T18:08:26Z" level=info msg="Tool required for debug" tool="esp32:xtensa-esp-elf-gdb@16.3_20250913"
2026-01-28 18:08:26 2026-01-28T18:08:26.112Z daemon INFO time="2026-01-28T18:08:26Z" level=info msg="Tool required for debug" tool="arduino:avrdude@8.0.0-arduino1"
time="2026-01-28T18:08:26Z" level=info msg="Tool required for debug" tool="builtin:serial-monitor@0.15.0"
2026-01-28 18:08:26 2026-01-28T18:08:26.112Z daemon INFO time="2026-01-28T18:08:26Z" level=info msg="Tool required for debug" tool="builtin:serial-discovery@1.4.3"
2026-01-28 18:08:26 2026-01-28T18:08:26.112Z daemon INFO time="2026-01-28T18:08:26Z" level=info msg="Tool required for debug" tool="arduino:avr-gcc@7.3.0-atmel3.6.1-arduino7"
time="2026-01-28T18:08:26Z" level=info msg="Tool required for debug" tool="builtin:mdns-discovery@1.0.12"
2026-01-28 18:08:26 2026-01-28T18:08:26.112Z daemon INFO time="2026-01-28T18:08:26Z" level=info msg="Tool required for debug" tool="arduino:arduinoOTA@1.3.0"
2026-01-28 18:08:26 2026-01-28T18:08:26.112Z daemon INFO time="2026-01-28T18:08:26Z" level=info msg="Tool required for debug" tool="builtin:dfu-discovery@0.1.2"
2026-01-28 18:08:26 2026-01-28T18:08:26.112Z daemon INFO time="2026-01-28T18:08:26Z" level=info msg="Tool required for debug" tool="builtin:ctags@5.8-arduino11"
2026-01-28 18:08:26 2026-01-28T18:08:26.113Z daemon INFO time="2026-01-28T18:08:26Z" level=info msg="Tool required for debug" tool="arduino:dfu-util@0.11.0-arduino5"
time="2026-01-28T18:08:26Z" level=info msg="Tool required for debug" tool="esp32:esp-rv32@2511"
2026-01-28 18:08:26 2026-01-28T18:08:26.113Z daemon INFO time="2026-01-28T18:08:26Z" level=info msg="Tool required for debug" tool="esp32:esp-x32@2511"
time="2026-01-28T18:08:26Z" level=info msg="Tool required for debug" tool="esp32:esp32-libs@3.3.6"
time="2026-01-28T18:08:26Z" level=info msg="Tool required for debug" tool="esp32:esp32c3-libs@3.3.6"
time="2026-01-28T18:08:26Z" level=info msg="Tool required for debug" tool="esp32:esp32c5-libs@3.3.6"
2026-01-28 18:08:26 2026-01-28T18:08:26.113Z daemon INFO time="2026-01-28T18:08:26Z" level=info msg="Tool required for debug" tool="esp32:esp32c6-libs@3.3.6"
time="2026-01-28T18:08:26Z" level=info msg="Tool required for debug" tool="esp32:esp32h2-libs@3.3.6"
2026-01-28 18:08:26 2026-01-28T18:08:26.113Z daemon INFO time="2026-01-28T18:08:26Z" level=info msg="Tool required for debug" tool="esp32:esp32p4-libs@3.3.6"
time="2026-01-28T18:08:26Z" level=info msg="Tool required for debug" tool="esp32:esp32p4_es-libs@3.3.6"
time="2026-01-28T18:08:26Z" level=info msg="Tool required for debug" tool="esp32:esp32s2-libs@3.3.6"
2026-01-28 18:08:26 2026-01-28T18:08:26.114Z daemon INFO time="2026-01-28T18:08:26Z" level=info msg="Tool required for debug" tool="esp32:esp32s3-libs@3.3.6"
time="2026-01-28T18:08:26Z" level=info msg="Tool required for debug" tool="esp32:esptool_py@5.1.0"
2026-01-28 18:08:26 2026-01-28T18:08:26.114Z daemon INFO time="2026-01-28T18:08:26Z" level=info msg="Tool required for debug" tool="esp32:mklittlefs@4.0.2-db0513a"
time="2026-01-28T18:08:26Z" level=info msg="Tool required for debug" tool="esp32:mkspiffs@0.2.3"
2026-01-28 18:08:26 2026-01-28T18:08:26.114Z daemon INFO time="2026-01-28T18:08:26Z" level=info msg="Tool required for debug" tool="esp32:openocd-esp32@v0.12.0-esp32-20251215"
time="2026-01-28T18:08:26Z" level=info msg="Tool required for debug" tool="esp32:riscv32-esp-elf-gdb@16.3_20250913"
2026-01-28 18:08:26 2026-01-28T18:08:26.114Z daemon INFO time="2026-01-28T18:08:26Z" level=info msg="Tool required for debug" tool="esp32:xtensa-esp-elf-gdb@16.3_20250913"
time="2026-01-28T18:08:26Z" level=info msg="Tool required for debug" tool="arduino:arduinoOTA@1.3.0"
2026-01-28 18:08:26 2026-01-28T18:08:26.114Z daemon INFO time="2026-01-28T18:08:26Z" level=info msg="Tool required for debug" tool="arduino:avrdude@8.0.0-arduino1"
time="2026-01-28T18:08:26Z" level=info msg="Tool required for debug" tool="builtin:dfu-discovery@0.1.2"
2026-01-28 18:08:26 2026-01-28T18:08:26.114Z daemon INFO time="2026-01-28T18:08:26Z" level=info msg="Tool required for debug" tool="builtin:serial-monitor@0.15.0"
2026-01-28 18:08:26 2026-01-28T18:08:26.114Z daemon INFO time="2026-01-28T18:08:26Z" level=info msg="Tool required for debug" tool="builtin:serial-discovery@1.4.3"
2026-01-28 18:08:26 2026-01-28T18:08:26.114Z daemon INFO time="2026-01-28T18:08:26Z" level=info msg="Tool required for debug" tool="arduino:avr-gcc@7.3.0-atmel3.6.1-arduino7"
time="2026-01-28T18:08:26Z" level=info msg="Tool required for debug" tool="builtin:ctags@5.8-arduino11"
2026-01-28 18:08:26 2026-01-28T18:08:26.114Z daemon INFO time="2026-01-28T18:08:26Z" level=info msg="Tool required for debug" tool="builtin:mdns-discovery@1.0.12"
2026-01-28 18:08:26 2026-01-28T18:08:26.115Z daemon INFO time="2026-01-28T18:08:26Z" level=info msg="Tool required for debug" tool="arduino:dfu-util@0.11.0-arduino5"
time="2026-01-28T18:08:26Z" level=info msg="Tool required for debug" tool="esp32:esp-rv32@2511"
2026-01-28 18:08:26 2026-01-28T18:08:26.115Z daemon INFO time="2026-01-28T18:08:26Z" level=info msg="Tool required for debug" tool="esp32:esp-x32@2511"
time="2026-01-28T18:08:26Z" level=info msg="Tool required for debug" tool="esp32:esp32-libs@3.3.6"
time="2026-01-28T18:08:26Z" level=info msg="Tool required for debug" tool="esp32:esp32c3-libs@3.3.6"
time="2026-01-28T18:08:26Z" level=info msg="Tool required for debug" tool="esp32:esp32c5-libs@3.3.6"
2026-01-28 18:08:26 2026-01-28T18:08:26.115Z daemon INFO time="2026-01-28T18:08:26Z" level=info msg="Tool required for debug" tool="esp32:esp32c6-libs@3.3.6"
time="2026-01-28T18:08:26Z" level=info msg="Tool required for debug" tool="esp32:esp32h2-libs@3.3.6"
2026-01-28 18:08:26 2026-01-28T18:08:26.115Z daemon INFO time="2026-01-28T18:08:26Z" level=info msg="Tool required for debug" tool="esp32:esp32p4-libs@3.3.6"
time="2026-01-28T18:08:26Z" level=info msg="Tool required for debug" tool="esp32:esp32p4_es-libs@3.3.6"
time="2026-01-28T18:08:26Z" level=info msg="Tool required for debug" tool="esp32:esp32s2-libs@3.3.6"
2026-01-28 18:08:26 2026-01-28T18:08:26.115Z daemon INFO time="2026-01-28T18:08:26Z" level=info msg="Tool required for debug" tool="esp32:esp32s3-libs@3.3.6"
time="2026-01-28T18:08:26Z" level=info msg="Tool required for debug" tool="esp32:esptool_py@5.1.0"
2026-01-28 18:08:26 2026-01-28T18:08:26.115Z daemon INFO time="2026-01-28T18:08:26Z" level=info msg="Tool required for debug" tool="esp32:mklittlefs@4.0.2-db0513a"
time="2026-01-28T18:08:26Z" level=info msg="Tool required for debug" tool="esp32:mkspiffs@0.2.3"
2026-01-28 18:08:26 2026-01-28T18:08:26.115Z daemon INFO time="2026-01-28T18:08:26Z" level=info msg="Tool required for debug" tool="esp32:openocd-esp32@v0.12.0-esp32-20251215"
time="2026-01-28T18:08:26Z" level=info msg="Tool required for debug" tool="esp32:riscv32-esp-elf-gdb@16.3_20250913"
2026-01-28 18:08:26 2026-01-28T18:08:26.115Z daemon INFO time="2026-01-28T18:08:26Z" level=info msg="Tool required for debug" tool="esp32:xtensa-esp-elf-gdb@16.3_20250913"
time="2026-01-28T18:08:26Z" level=info msg="Tool required for debug" tool="builtin:ctags@5.8-arduino11"
2026-01-28 18:08:26 2026-01-28T18:08:26.115Z daemon INFO time="2026-01-28T18:08:26Z" level=info msg="Tool required for debug" tool="builtin:serial-discovery@1.4.3"
2026-01-28 18:08:26 2026-01-28T18:08:26.115Z daemon INFO time="2026-01-28T18:08:26Z" level=info msg="Tool required for debug" tool="arduino:arduinoOTA@1.3.0"
time="2026-01-28T18:08:26Z" level=info msg="Tool required for debug" tool="builtin:mdns-discovery@1.0.12"
2026-01-28 18:08:26 2026-01-28T18:08:26.115Z daemon INFO time="2026-01-28T18:08:26Z" level=info msg="Tool required for debug" tool="builtin:dfu-discovery@0.1.2"
2026-01-28 18:08:26 2026-01-28T18:08:26.115Z daemon INFO time="2026-01-28T18:08:26Z" level=info msg="Tool required for debug" tool="arduino:avrdude@8.0.0-arduino1"
time="2026-01-28T18:08:26Z" level=info msg="Tool required for debug" tool="arduino:avr-gcc@7.3.0-atmel3.6.1-arduino7"
2026-01-28 18:08:26 2026-01-28T18:08:26.115Z daemon INFO time="2026-01-28T18:08:26Z" level=info msg="Tool required for debug" tool="builtin:serial-monitor@0.15.0"
2026-01-28 18:08:26 2026-01-28T18:08:26.117Z daemon INFO time="2026-01-28T18:08:26Z" level=info msg="Tool required for debug" tool="arduino:dfu-util@0.11.0-arduino5"
time="2026-01-28T18:08:26Z" level=info msg="Tool required for debug" tool="esp32:esp-rv32@2511"
2026-01-28 18:08:26 2026-01-28T18:08:26.117Z daemon INFO time="2026-01-28T18:08:26Z" level=info msg="Tool required for debug" tool="esp32:esp-x32@2511"
time="2026-01-28T18:08:26Z" level=info msg="Tool required for debug" tool="esp32:esp32-libs@3.3.6"
time="2026-01-28T18:08:26Z" level=info msg="Tool required for debug" tool="esp32:esp32c3-libs@3.3.6"
2026-01-28 18:08:26 2026-01-28T18:08:26.117Z daemon INFO time="2026-01-28T18:08:26Z" level=info msg="Tool required for debug" tool="esp32:esp32c5-libs@3.3.6"
time="2026-01-28T18:08:26Z" level=info msg="Tool required for debug" tool="esp32:esp32c6-libs@3.3.6"
time="2026-01-28T18:08:26Z" level=info msg="Tool required for debug" tool="esp32:esp32h2-libs@3.3.6"
2026-01-28 18:08:26 2026-01-28T18:08:26.117Z daemon INFO time="2026-01-28T18:08:26Z" level=info msg="Tool required for debug" tool="esp32:esp32p4-libs@3.3.6"
time="2026-01-28T18:08:26Z" level=info msg="Tool required for debug" tool="esp32:esp32p4_es-libs@3.3.6"
2026-01-28 18:08:26 2026-01-28T18:08:26.117Z daemon INFO time="2026-01-28T18:08:26Z" level=info msg="Tool required for debug" tool="esp32:esp32s2-libs@3.3.6"
time="2026-01-28T18:08:26Z" level=info msg="Tool required for debug" tool="esp32:esp32s3-libs@3.3.6"
2026-01-28 18:08:26 2026-01-28T18:08:26.117Z daemon INFO time="2026-01-28T18:08:26Z" level=info msg="Tool required for debug" tool="esp32:esptool_py@5.1.0"
time="2026-01-28T18:08:26Z" level=info msg="Tool required for debug" tool="esp32:mklittlefs@4.0.2-db0513a"
2026-01-28 18:08:26 2026-01-28T18:08:26.117Z daemon INFO time="2026-01-28T18:08:26Z" level=info msg="Tool required for debug" tool="esp32:mkspiffs@0.2.3"
time="2026-01-28T18:08:26Z" level=info msg="Tool required for debug" tool="esp32:openocd-esp32@v0.12.0-esp32-20251215"
2026-01-28 18:08:26 2026-01-28T18:08:26.117Z daemon INFO time="2026-01-28T18:08:26Z" level=info msg="Tool required for debug" tool="esp32:riscv32-esp-elf-gdb@16.3_20250913"
time="2026-01-28T18:08:26Z" level=info msg="Tool required for debug" tool="esp32:xtensa-esp-elf-gdb@16.3_20250913"
time="2026-01-28T18:08:26Z" level=info msg="Tool required for debug" tool="arduino:avrdude@8.0.0-arduino1"
2026-01-28 18:08:26 2026-01-28T18:08:26.117Z daemon INFO time="2026-01-28T18:08:26Z" level=info msg="Tool required for debug" tool="arduino:avr-gcc@7.3.0-atmel3.6.1-arduino7"
time="2026-01-28T18:08:26Z" level=info msg="Tool required for debug" tool="builtin:mdns-discovery@1.0.12"
2026-01-28 18:08:26 2026-01-28T18:08:26.117Z daemon INFO time="2026-01-28T18:08:26Z" level=info msg="Tool required for debug" tool="arduino:arduinoOTA@1.3.0"
2026-01-28 18:08:26 2026-01-28T18:08:26.117Z daemon INFO time="2026-01-28T18:08:26Z" level=info msg="Tool required for debug" tool="builtin:serial-discovery@1.4.3"
2026-01-28 18:08:26 2026-01-28T18:08:26.117Z daemon INFO time="2026-01-28T18:08:26Z" level=info msg="Tool required for debug" tool="builtin:dfu-discovery@0.1.2"
time="2026-01-28T18:08:26Z" level=info msg="Tool required for debug" tool="builtin:serial-monitor@0.15.0"
2026-01-28 18:08:26 2026-01-28T18:08:26.117Z daemon INFO time="2026-01-28T18:08:26Z" level=info msg="Tool required for debug" tool="builtin:ctags@5.8-arduino11"
2026-01-28 18:08:26 2026-01-28T18:08:26.119Z daemon INFO time="2026-01-28T18:08:26Z" level=info msg="Tool required for debug" tool="arduino:dfu-util@0.11.0-arduino5"
time="2026-01-28T18:08:26Z" level=info msg="Tool required for debug" tool="esp32:esp-rv32@2511"
2026-01-28 18:08:26 2026-01-28T18:08:26.119Z daemon INFO time="2026-01-28T18:08:26Z" level=info msg="Tool required for debug" tool="esp32:esp-x32@2511"
time="2026-01-28T18:08:26Z" level=info msg="Tool required for debug" tool="esp32:esp32-libs@3.3.6"
time="2026-01-28T18:08:26Z" level=info msg="Tool required for debug" tool="esp32:esp32c3-libs@3.3.6"
time="2026-01-28T18:08:26Z" level=info msg="Tool required for debug" tool="esp32:esp32c5-libs@3.3.6"
2026-01-28 18:08:26 2026-01-28T18:08:26.119Z daemon INFO time="2026-01-28T18:08:26Z" level=info msg="Tool required for debug" tool="esp32:esp32c6-libs@3.3.6"
time="2026-01-28T18:08:26Z" level=info msg="Tool required for debug" tool="esp32:esp32h2-libs@3.3.6"
2026-01-28 18:08:26 2026-01-28T18:08:26.119Z daemon INFO time="2026-01-28T18:08:26Z" level=info msg="Tool required for debug" tool="esp32:esp32p4-libs@3.3.6"
time="2026-01-28T18:08:26Z" level=info msg="Tool required for debug" tool="esp32:esp32p4_es-libs@3.3.6"
2026-01-28 18:08:26 2026-01-28T18:08:26.119Z daemon INFO time="2026-01-28T18:08:26Z" level=info msg="Tool required for debug" tool="esp32:esp32s2-libs@3.3.6"
time="2026-01-28T18:08:26Z" level=info msg="Tool required for debug" tool="esp32:esp32s3-libs@3.3.6"
2026-01-28 18:08:26 2026-01-28T18:08:26.119Z daemon INFO time="2026-01-28T18:08:26Z" level=info msg="Tool required for debug" tool="esp32:esptool_py@5.1.0"
time="2026-01-28T18:08:26Z" level=info msg="Tool required for debug" tool="esp32:mklittlefs@4.0.2-db0513a"
time="2026-01-28T18:08:26Z" level=info msg="Tool required for debug" tool="esp32:mkspiffs@0.2.3"
2026-01-28 18:08:26 2026-01-28T18:08:26.119Z daemon INFO time="2026-01-28T18:08:26Z" level=info msg="Tool required for debug" tool="esp32:openocd-esp32@v0.12.0-esp32-20251215"
time="2026-01-28T18:08:26Z" level=info msg="Tool required for debug" tool="esp32:riscv32-esp-elf-gdb@16.3_20250913"
2026-01-28 18:08:26 2026-01-28T18:08:26.119Z daemon INFO time="2026-01-28T18:08:26Z" level=info msg="Tool required for debug" tool="esp32:xtensa-esp-elf-gdb@16.3_20250913"
time="2026-01-28T18:08:26Z" level=info msg="Tool required for debug" tool="builtin:dfu-discovery@0.1.2"
2026-01-28 18:08:26 2026-01-28T18:08:26.119Z daemon INFO time="2026-01-28T18:08:26Z" level=info msg="Tool required for debug" tool="builtin:mdns-discovery@1.0.12"
2026-01-28 18:08:26 2026-01-28T18:08:26.119Z daemon INFO time="2026-01-28T18:08:26Z" level=info msg="Tool required for debug" tool="builtin:ctags@5.8-arduino11"
2026-01-28 18:08:26 2026-01-28T18:08:26.119Z daemon INFO time="2026-01-28T18:08:26Z" level=info msg="Tool required for debug" tool="arduino:arduinoOTA@1.3.0"
time="2026-01-28T18:08:26Z" level=info msg="Tool required for debug" tool="builtin:serial-monitor@0.15.0"
2026-01-28 18:08:26 2026-01-28T18:08:26.119Z daemon INFO time="2026-01-28T18:08:26Z" level=info msg="Tool required for debug" tool="builtin:serial-discovery@1.4.3"
2026-01-28 18:08:26 2026-01-28T18:08:26.119Z daemon INFO time="2026-01-28T18:08:26Z" level=info msg="Tool required for debug" tool="arduino:avrdude@8.0.0-arduino1"
time="2026-01-28T18:08:26Z" level=info msg="Tool required for debug" tool="arduino:avr-gcc@7.3.0-atmel3.6.1-arduino7"
2026-01-28 18:08:26 2026-01-28T18:08:26.120Z daemon INFO time="2026-01-28T18:08:26Z" level=info msg="Tool required for debug" tool="arduino:dfu-util@0.11.0-arduino5"
time="2026-01-28T18:08:26Z" level=info msg="Tool required for debug" tool="esp32:esp-rv32@2511"
2026-01-28 18:08:26 2026-01-28T18:08:26.120Z daemon INFO time="2026-01-28T18:08:26Z" level=info msg="Tool required for debug" tool="esp32:esp-x32@2511"
time="2026-01-28T18:08:26Z" level=info msg="Tool required for debug" tool="esp32:esp32-libs@3.3.6"
time="2026-01-28T18:08:26Z" level=info msg="Tool required for debug" tool="esp32:esp32c3-libs@3.3.6"
time="2026-01-28T18:08:26Z" level=info msg="Tool required for debug" tool="esp32:esp32c5-libs@3.3.6"
2026-01-28 18:08:26 2026-01-28T18:08:26.120Z daemon INFO time="2026-01-28T18:08:26Z" level=info msg="Tool required for debug" tool="esp32:esp32c6-libs@3.3.6"
time="2026-01-28T18:08:26Z" level=info msg="Tool required for debug" tool="esp32:esp32h2-libs@3.3.6"
2026-01-28 18:08:26 2026-01-28T18:08:26.120Z daemon INFO time="2026-01-28T18:08:26Z" level=info msg="Tool required for debug" tool="esp32:esp32p4-libs@3.3.6"
time="2026-01-28T18:08:26Z" level=info msg="Tool required for debug" tool="esp32:esp32p4_es-libs@3.3.6"
2026-01-28 18:08:26 2026-01-28T18:08:26.120Z daemon INFO time="2026-01-28T18:08:26Z" level=info msg="Tool required for debug" tool="esp32:esp32s2-libs@3.3.6"
time="2026-01-28T18:08:26Z" level=info msg="Tool required for debug" tool="esp32:esp32s3-libs@3.3.6"
2026-01-28 18:08:26 2026-01-28T18:08:26.120Z daemon INFO time="2026-01-28T18:08:26Z" level=info msg="Tool required for debug" tool="esp32:esptool_py@5.1.0"
time="2026-01-28T18:08:26Z" level=info msg="Tool required for debug" tool="esp32:mklittlefs@4.0.2-db0513a"
time="2026-01-28T18:08:26Z" level=info msg="Tool required for debug" tool="esp32:mkspiffs@0.2.3"
2026-01-28 18:08:26 2026-01-28T18:08:26.120Z daemon INFO time="2026-01-28T18:08:26Z" level=info msg="Tool required for debug" tool="esp32:openocd-esp32@v0.12.0-esp32-20251215"
time="2026-01-28T18:08:26Z" level=info msg="Tool required for debug" tool="esp32:riscv32-esp-elf-gdb@16.3_20250913"
2026-01-28 18:08:26 2026-01-28T18:08:26.120Z daemon INFO time="2026-01-28T18:08:26Z" level=info msg="Tool required for debug" tool="esp32:xtensa-esp-elf-gdb@16.3_20250913"
time="2026-01-28T18:08:26Z" level=info msg="Tool required for debug" tool="arduino:arduinoOTA@1.3.0"
2026-01-28 18:08:26 2026-01-28T18:08:26.120Z daemon INFO time="2026-01-28T18:08:26Z" level=info msg="Tool required for debug" tool="builtin:serial-discovery@1.4.3"
2026-01-28 18:08:26 2026-01-28T18:08:26.120Z daemon INFO time="2026-01-28T18:08:26Z" level=info msg="Tool required for debug" tool="builtin:ctags@5.8-arduino11"
2026-01-28 18:08:26 2026-01-28T18:08:26.120Z daemon INFO time="2026-01-28T18:08:26Z" level=info msg="Tool required for debug" tool="arduino:avrdude@8.0.0-arduino1"
time="2026-01-28T18:08:26Z" level=info msg="Tool required for debug" tool="builtin:mdns-discovery@1.0.12"
2026-01-28 18:08:26 2026-01-28T18:08:26.120Z daemon INFO time="2026-01-28T18:08:26Z" level=info msg="Tool required for debug" tool="builtin:serial-monitor@0.15.0"
2026-01-28 18:08:26 2026-01-28T18:08:26.120Z daemon INFO time="2026-01-28T18:08:26Z" level=info msg="Tool required for debug" tool="arduino:avr-gcc@7.3.0-atmel3.6.1-arduino7"
time="2026-01-28T18:08:26Z" level=info msg="Tool required for debug" tool="builtin:dfu-discovery@0.1.2"
2026-01-28 18:08:26 2026-01-28T18:08:26.122Z daemon INFO time="2026-01-28T18:08:26Z" level=info msg="Tool required for debug" tool="arduino:dfu-util@0.11.0-arduino5"
time="2026-01-28T18:08:26Z" level=info msg="Tool required for debug" tool="esp32:esp-rv32@2511"
2026-01-28 18:08:26 2026-01-28T18:08:26.122Z daemon INFO time="2026-01-28T18:08:26Z" level=info msg="Tool required for debug" tool="esp32:esp-x32@2511"
time="2026-01-28T18:08:26Z" level=info msg="Tool required for debug" tool="esp32:esp32-libs@3.3.6"
time="2026-01-28T18:08:26Z" level=info msg="Tool required for debug" tool="esp32:esp32c3-libs@3.3.6"
time="2026-01-28T18:08:26Z" level=info msg="Tool required for debug" tool="esp32:esp32c5-libs@3.3.6"
2026-01-28 18:08:26 2026-01-28T18:08:26.122Z daemon INFO time="2026-01-28T18:08:26Z" level=info msg="Tool required for debug" tool="esp32:esp32c6-libs@3.3.6"
time="2026-01-28T18:08:26Z" level=info msg="Tool required for debug" tool="esp32:esp32h2-libs@3.3.6"
2026-01-28 18:08:26 2026-01-28T18:08:26.122Z daemon INFO time="2026-01-28T18:08:26Z" level=info msg="Tool required for debug" tool="esp32:esp32p4-libs@3.3.6"
time="2026-01-28T18:08:26Z" level=info msg="Tool required for debug" tool="esp32:esp32p4_es-libs@3.3.6"
2026-01-28 18:08:26 2026-01-28T18:08:26.122Z daemon INFO time="2026-01-28T18:08:26Z" level=info msg="Tool required for debug" tool="esp32:esp32s2-libs@3.3.6"
time="2026-01-28T18:08:26Z" level=info msg="Tool required for debug" tool="esp32:esp32s3-libs@3.3.6"
time="2026-01-28T18:08:26Z" level=info msg="Tool required for debug" tool="esp32:esptool_py@5.1.0"
2026-01-28 18:08:26 2026-01-28T18:08:26.122Z daemon INFO time="2026-01-28T18:08:26Z" level=info msg="Tool required for debug" tool="esp32:mklittlefs@4.0.2-db0513a"
time="2026-01-28T18:08:26Z" level=info msg="Tool required for debug" tool="esp32:mkspiffs@0.2.3"
2026-01-28 18:08:26 2026-01-28T18:08:26.122Z daemon INFO time="2026-01-28T18:08:26Z" level=info msg="Tool required for debug" tool="esp32:openocd-esp32@v0.12.0-esp32-20251215"
time="2026-01-28T18:08:26Z" level=info msg="Tool required for debug" tool="esp32:riscv32-esp-elf-gdb@16.3_20250913"
2026-01-28 18:08:26 2026-01-28T18:08:26.122Z daemon INFO time="2026-01-28T18:08:26Z" level=info msg="Tool required for debug" tool="esp32:xtensa-esp-elf-gdb@16.3_20250913"
time="2026-01-28T18:08:26Z" level=info msg="Tool required for debug" tool="builtin:serial-discovery@1.4.3"
2026-01-28 18:08:26 2026-01-28T18:08:26.122Z daemon INFO time="2026-01-28T18:08:26Z" level=info msg="Tool required for debug" tool="arduino:arduinoOTA@1.3.0"
2026-01-28 18:08:26 2026-01-28T18:08:26.122Z daemon INFO time="2026-01-28T18:08:26Z" level=info msg="Tool required for debug" tool="arduino:avr-gcc@7.3.0-atmel3.6.1-arduino7"
time="2026-01-28T18:08:26Z" level=info msg="Tool required for debug" tool="builtin:ctags@5.8-arduino11"
2026-01-28 18:08:26 2026-01-28T18:08:26.122Z daemon INFO time="2026-01-28T18:08:26Z" level=info msg="Tool required for debug" tool="arduino:avrdude@8.0.0-arduino1"
2026-01-28 18:08:26 2026-01-28T18:08:26.122Z daemon INFO time="2026-01-28T18:08:26Z" level=info msg="Tool required for debug" tool="builtin:dfu-discovery@0.1.2"
time="2026-01-28T18:08:26Z" level=info msg="Tool required for debug" tool="builtin:serial-monitor@0.15.0"
2026-01-28 18:08:26 2026-01-28T18:08:26.122Z daemon INFO time="2026-01-28T18:08:26Z" level=info msg="Tool required for debug" tool="builtin:mdns-discovery@1.0.12"
2026-01-28 18:08:26 2026-01-28T18:08:26.124Z daemon INFO time="2026-01-28T18:08:26Z" level=info msg="Tool required for debug" tool="arduino:dfu-util@0.11.0-arduino5"
time="2026-01-28T18:08:26Z" level=info msg="Tool required for debug" tool="esp32:esp-rv32@2511"
2026-01-28 18:08:26 2026-01-28T18:08:26.124Z daemon INFO time="2026-01-28T18:08:26Z" level=info msg="Tool required for debug" tool="esp32:esp-x32@2511"
time="2026-01-28T18:08:26Z" level=info msg="Tool required for debug" tool="esp32:esp32-libs@3.3.6"
time="2026-01-28T18:08:26Z" level=info msg="Tool required for debug" tool="esp32:esp32c3-libs@3.3.6"
time="2026-01-28T18:08:26Z" level=info msg="Tool required for debug" tool="esp32:esp32c5-libs@3.3.6"
2026-01-28 18:08:26 2026-01-28T18:08:26.124Z daemon INFO time="2026-01-28T18:08:26Z" level=info msg="Tool required for debug" tool="esp32:esp32c6-libs@3.3.6"
time="2026-01-28T18:08:26Z" level=info msg="Tool required for debug" tool="esp32:esp32h2-libs@3.3.6"
2026-01-28 18:08:26 2026-01-28T18:08:26.124Z daemon INFO time="2026-01-28T18:08:26Z" level=info msg="Tool required for debug" tool="esp32:esp32p4-libs@3.3.6"
time="2026-01-28T18:08:26Z" level=info msg="Tool required for debug" tool="esp32:esp32p4_es-libs@3.3.6"
time="2026-01-28T18:08:26Z" level=info msg="Tool required for debug" tool="esp32:esp32s2-libs@3.3.6"
2026-01-28 18:08:26 2026-01-28T18:08:26.124Z daemon INFO time="2026-01-28T18:08:26Z" level=info msg="Tool required for debug" tool="esp32:esp32s3-libs@3.3.6"
time="2026-01-28T18:08:26Z" level=info msg="Tool required for debug" tool="esp32:esptool_py@5.1.0"
2026-01-28 18:08:26 2026-01-28T18:08:26.124Z daemon INFO time="2026-01-28T18:08:26Z" level=info msg="Tool required for debug" tool="esp32:mklittlefs@4.0.2-db0513a"
time="2026-01-28T18:08:26Z" level=info msg="Tool required for debug" tool="esp32:mkspiffs@0.2.3"
2026-01-28 18:08:26 2026-01-28T18:08:26.124Z daemon INFO time="2026-01-28T18:08:26Z" level=info msg="Tool required for debug" tool="esp32:openocd-esp32@v0.12.0-esp32-20251215"
time="2026-01-28T18:08:26Z" level=info msg="Tool required for debug" tool="esp32:riscv32-esp-elf-gdb@16.3_20250913"
2026-01-28 18:08:26 2026-01-28T18:08:26.124Z daemon INFO time="2026-01-28T18:08:26Z" level=info msg="Tool required for debug" tool="esp32:xtensa-esp-elf-gdb@16.3_20250913"
time="2026-01-28T18:08:26Z" level=info msg="Tool required for debug" tool="builtin:serial-monitor@0.15.0"
2026-01-28 18:08:26 2026-01-28T18:08:26.124Z daemon INFO time="2026-01-28T18:08:26Z" level=info msg="Tool required for debug" tool="arduino:arduinoOTA@1.3.0"
time="2026-01-28T18:08:26Z" level=info msg="Tool required for debug" tool="builtin:ctags@5.8-arduino11"
2026-01-28 18:08:26 2026-01-28T18:08:26.124Z daemon INFO time="2026-01-28T18:08:26Z" level=info msg="Tool required for debug" tool="builtin:mdns-discovery@1.0.12"
2026-01-28 18:08:26 2026-01-28T18:08:26.124Z daemon INFO time="2026-01-28T18:08:26Z" level=info msg="Tool required for debug" tool="arduino:avr-gcc@7.3.0-atmel3.6.1-arduino7"
time="2026-01-28T18:08:26Z" level=info msg="Tool required for debug" tool="builtin:dfu-discovery@0.1.2"
2026-01-28 18:08:26 2026-01-28T18:08:26.124Z daemon INFO time="2026-01-28T18:08:26Z" level=info msg="Tool required for debug" tool="builtin:serial-discovery@1.4.3"
time="2026-01-28T18:08:26Z" level=info msg="Tool required for debug" tool="arduino:avrdude@8.0.0-arduino1"
2026-01-28 18:08:26 2026-01-28T18:08:26.125Z daemon INFO time="2026-01-28T18:08:26Z" level=info msg="Tool required for debug" tool="arduino:dfu-util@0.11.0-arduino5"
time="2026-01-28T18:08:26Z" level=info msg="Tool required for debug" tool="esp32:esp-rv32@2511"
2026-01-28 18:08:26 2026-01-28T18:08:26.125Z daemon INFO time="2026-01-28T18:08:26Z" level=info msg="Tool required for debug" tool="esp32:esp-x32@2511"
time="2026-01-28T18:08:26Z" level=info msg="Tool required for debug" tool="esp32:esp32-libs@3.3.6"
time="2026-01-28T18:08:26Z" level=info msg="Tool required for debug" tool="esp32:esp32c3-libs@3.3.6"
time="2026-01-28T18:08:26Z" level=info msg="Tool required for debug" tool="esp32:esp32c5-libs@3.3.6"
2026-01-28 18:08:26 2026-01-28T18:08:26.125Z daemon INFO time="2026-01-28T18:08:26Z" level=info msg="Tool required for debug" tool="esp32:esp32c6-libs@3.3.6"
time="2026-01-28T18:08:26Z" level=info msg="Tool required for debug" tool="esp32:esp32h2-libs@3.3.6"
2026-01-28 18:08:26 2026-01-28T18:08:26.125Z daemon INFO time="2026-01-28T18:08:26Z" level=info msg="Tool required for debug" tool="esp32:esp32p4-libs@3.3.6"
time="2026-01-28T18:08:26Z" level=info msg="Tool required for debug" tool="esp32:esp32p4_es-libs@3.3.6"
time="2026-01-28T18:08:26Z" level=info msg="Tool required for debug" tool="esp32:esp32s2-libs@3.3.6"
2026-01-28 18:08:26 2026-01-28T18:08:26.126Z daemon INFO time="2026-01-28T18:08:26Z" level=info msg="Tool required for debug" tool="esp32:esp32s3-libs@3.3.6"
time="2026-01-28T18:08:26Z" level=info msg="Tool required for debug" tool="esp32:esptool_py@5.1.0"
2026-01-28 18:08:26 2026-01-28T18:08:26.126Z daemon INFO time="2026-01-28T18:08:26Z" level=info msg="Tool required for debug" tool="esp32:mklittlefs@4.0.2-db0513a"
time="2026-01-28T18:08:26Z" level=info msg="Tool required for debug" tool="esp32:mkspiffs@0.2.3"
2026-01-28 18:08:26 2026-01-28T18:08:26.126Z daemon INFO time="2026-01-28T18:08:26Z" level=info msg="Tool required for debug" tool="esp32:openocd-esp32@v0.12.0-esp32-20251215"
time="2026-01-28T18:08:26Z" level=info msg="Tool required for debug" tool="esp32:riscv32-esp-elf-gdb@16.3_20250913"
2026-01-28 18:08:26 2026-01-28T18:08:26.126Z daemon INFO time="2026-01-28T18:08:26Z" level=info msg="Tool required for debug" tool="esp32:xtensa-esp-elf-gdb@16.3_20250913"
time="2026-01-28T18:08:26Z" level=info msg="Tool required for debug" tool="builtin:serial-discovery@1.4.3"
2026-01-28 18:08:26 2026-01-28T18:08:26.126Z daemon INFO time="2026-01-28T18:08:26Z" level=info msg="Tool required for debug" tool="arduino:arduinoOTA@1.3.0"
2026-01-28 18:08:26 2026-01-28T18:08:26.126Z daemon INFO time="2026-01-28T18:08:26Z" level=info msg="Tool required for debug" tool="arduino:avrdude@8.0.0-arduino1"
time="2026-01-28T18:08:26Z" level=info msg="Tool required for debug" tool="builtin:ctags@5.8-arduino11"
2026-01-28 18:08:26 2026-01-28T18:08:26.126Z daemon INFO time="2026-01-28T18:08:26Z" level=info msg="Tool required for debug" tool="builtin:dfu-discovery@0.1.2"
2026-01-28 18:08:26 2026-01-28T18:08:26.126Z daemon INFO time="2026-01-28T18:08:26Z" level=info msg="Tool required for debug" tool="builtin:mdns-discovery@1.0.12"
2026-01-28 18:08:26 2026-01-28T18:08:26.126Z daemon INFO time="2026-01-28T18:08:26Z" level=info msg="Tool required for debug" tool="builtin:serial-monitor@0.15.0"
time="2026-01-28T18:08:26Z" level=info msg="Tool required for debug" tool="arduino:avr-gcc@7.3.0-atmel3.6.1-arduino7"
2026-01-28 18:08:26 2026-01-28T18:08:26.127Z daemon INFO time="2026-01-28T18:08:26Z" level=info msg="Tool required for debug" tool="arduino:dfu-util@0.11.0-arduino5"
time="2026-01-28T18:08:26Z" level=info msg="Tool required for debug" tool="esp32:esp-rv32@2511"
2026-01-28 18:08:26 2026-01-28T18:08:26.127Z daemon INFO time="2026-01-28T18:08:26Z" level=info msg="Tool required for debug" tool="esp32:esp-x32@2511"
time="2026-01-28T18:08:26Z" level=info msg="Tool required for debug" tool="esp32:esp32-libs@3.3.6"
time="2026-01-28T18:08:26Z" level=info msg="Tool required for debug" tool="esp32:esp32c3-libs@3.3.6"
time="2026-01-28T18:08:26Z" level=info msg="Tool required for debug" tool="esp32:esp32c5-libs@3.3.6"
2026-01-28 18:08:26 2026-01-28T18:08:26.127Z daemon INFO time="2026-01-28T18:08:26Z" level=info msg="Tool required for debug" tool="esp32:esp32c6-libs@3.3.6"
time="2026-01-28T18:08:26Z" level=info msg="Tool required for debug" tool="esp32:esp32h2-libs@3.3.6"
2026-01-28 18:08:26 2026-01-28T18:08:26.127Z daemon INFO time="2026-01-28T18:08:26Z" level=info msg="Tool required for debug" tool="esp32:esp32p4-libs@3.3.6"
time="2026-01-28T18:08:26Z" level=info msg="Tool required for debug" tool="esp32:esp32p4_es-libs@3.3.6"
2026-01-28 18:08:26 2026-01-28T18:08:26.127Z daemon INFO time="2026-01-28T18:08:26Z" level=info msg="Tool required for debug" tool="esp32:esp32s2-libs@3.3.6"
time="2026-01-28T18:08:26Z" level=info msg="Tool required for debug" tool="esp32:esp32s3-libs@3.3.6"
2026-01-28 18:08:26 2026-01-28T18:08:26.127Z daemon INFO time="2026-01-28T18:08:26Z" level=info msg="Tool required for debug" tool="esp32:esptool_py@5.1.0"
time="2026-01-28T18:08:26Z" level=info msg="Tool required for debug" tool="esp32:mklittlefs@4.0.2-db0513a"
time="2026-01-28T18:08:26Z" level=info msg="Tool required for debug" tool="esp32:mkspiffs@0.2.3"
2026-01-28 18:08:26 2026-01-28T18:08:26.127Z daemon INFO time="2026-01-28T18:08:26Z" level=info msg="Tool required for debug" tool="esp32:openocd-esp32@v0.12.0-esp32-20251215"
time="2026-01-28T18:08:26Z" level=info msg="Tool required for debug" tool="esp32:riscv32-esp-elf-gdb@16.3_20250913"
2026-01-28 18:08:26 2026-01-28T18:08:26.127Z daemon INFO time="2026-01-28T18:08:26Z" level=info msg="Tool required for debug" tool="esp32:xtensa-esp-elf-gdb@16.3_20250913"
time="2026-01-28T18:08:26Z" level=info msg="Tool required for debug" tool="builtin:mdns-discovery@1.0.12"
2026-01-28 18:08:26 2026-01-28T18:08:26.127Z daemon INFO time="2026-01-28T18:08:26Z" level=info msg="Tool required for debug" tool="builtin:serial-monitor@0.15.0"
2026-01-28 18:08:26 2026-01-28T18:08:26.127Z daemon INFO time="2026-01-28T18:08:26Z" level=info msg="Tool required for debug" tool="arduino:arduinoOTA@1.3.0"
time="2026-01-28T18:08:26Z" level=info msg="Tool required for debug" tool="arduino:avrdude@8.0.0-arduino1"
2026-01-28 18:08:26 2026-01-28T18:08:26.127Z daemon INFO time="2026-01-28T18:08:26Z" level=info msg="Tool required for debug" tool="arduino:avr-gcc@7.3.0-atmel3.6.1-arduino7"
time="2026-01-28T18:08:26Z" level=info msg="Tool required for debug" tool="builtin:dfu-discovery@0.1.2"
2026-01-28 18:08:26 2026-01-28T18:08:26.127Z daemon INFO time="2026-01-28T18:08:26Z" level=info msg="Tool required for debug" tool="builtin:serial-discovery@1.4.3"
2026-01-28 18:08:26 2026-01-28T18:08:26.127Z daemon INFO time="2026-01-28T18:08:26Z" level=info msg="Tool required for debug" tool="builtin:ctags@5.8-arduino11"
2026-01-28 18:08:26 2026-01-28T18:08:26.129Z daemon INFO time="2026-01-28T18:08:26Z" level=info msg="Tool required for debug" tool="arduino:dfu-util@0.11.0-arduino5"
time="2026-01-28T18:08:26Z" level=info msg="Tool required for debug" tool="esp32:esp-rv32@2511"
2026-01-28 18:08:26 2026-01-28T18:08:26.129Z daemon INFO time="2026-01-28T18:08:26Z" level=info msg="Tool required for debug" tool="esp32:esp-x32@2511"
time="2026-01-28T18:08:26Z" level=info msg="Tool required for debug" tool="esp32:esp32-libs@3.3.6"
time="2026-01-28T18:08:26Z" level=info msg="Tool required for debug" tool="esp32:esp32c3-libs@3.3.6"
2026-01-28 18:08:26 2026-01-28T18:08:26.129Z daemon INFO time="2026-01-28T18:08:26Z" level=info msg="Tool required for debug" tool="esp32:esp32c5-libs@3.3.6"
time="2026-01-28T18:08:26Z" level=info msg="Tool required for debug" tool="esp32:esp32c6-libs@3.3.6"
time="2026-01-28T18:08:26Z" level=info msg="Tool required for debug" tool="esp32:esp32h2-libs@3.3.6"
2026-01-28 18:08:26 2026-01-28T18:08:26.129Z daemon INFO time="2026-01-28T18:08:26Z" level=info msg="Tool required for debug" tool="esp32:esp32p4-libs@3.3.6"
time="2026-01-28T18:08:26Z" level=info msg="Tool required for debug" tool="esp32:esp32p4_es-libs@3.3.6"
2026-01-28 18:08:26 2026-01-28T18:08:26.129Z daemon INFO time="2026-01-28T18:08:26Z" level=info msg="Tool required for debug" tool="esp32:esp32s2-libs@3.3.6"
time="2026-01-28T18:08:26Z" level=info msg="Tool required for debug" tool="esp32:esp32s3-libs@3.3.6"
2026-01-28 18:08:26 2026-01-28T18:08:26.129Z daemon INFO time="2026-01-28T18:08:26Z" level=info msg="Tool required for debug" tool="esp32:esptool_py@5.1.0"
time="2026-01-28T18:08:26Z" level=info msg="Tool required for debug" tool="esp32:mklittlefs@4.0.2-db0513a"
2026-01-28 18:08:26 2026-01-28T18:08:26.129Z daemon INFO time="2026-01-28T18:08:26Z" level=info msg="Tool required for debug" tool="esp32:mkspiffs@0.2.3"
time="2026-01-28T18:08:26Z" level=info msg="Tool required for debug" tool="esp32:openocd-esp32@v0.12.0-esp32-20251215"
time="2026-01-28T18:08:26Z" level=info msg="Tool required for debug" tool="esp32:riscv32-esp-elf-gdb@16.3_20250913"
2026-01-28 18:08:26 2026-01-28T18:08:26.129Z daemon INFO time="2026-01-28T18:08:26Z" level=info msg="Tool required for debug" tool="esp32:xtensa-esp-elf-gdb@16.3_20250913"
time="2026-01-28T18:08:26Z" level=info msg="Tool required for debug" tool="arduino:arduinoOTA@1.3.0"
2026-01-28 18:08:26 2026-01-28T18:08:26.129Z daemon INFO time="2026-01-28T18:08:26Z" level=info msg="Tool required for debug" tool="arduino:avr-gcc@7.3.0-atmel3.6.1-arduino7"
time="2026-01-28T18:08:26Z" level=info msg="Tool required for debug" tool="builtin:dfu-discovery@0.1.2"
2026-01-28 18:08:26 2026-01-28T18:08:26.129Z daemon INFO time="2026-01-28T18:08:26Z" level=info msg="Tool required for debug" tool="builtin:serial-discovery@1.4.3"
2026-01-28 18:08:26 2026-01-28T18:08:26.129Z daemon INFO time="2026-01-28T18:08:26Z" level=info msg="Tool required for debug" tool="builtin:ctags@5.8-arduino11"
time="2026-01-28T18:08:26Z" level=info msg="Tool required for debug" tool="builtin:mdns-discovery@1.0.12"
2026-01-28 18:08:26 2026-01-28T18:08:26.129Z daemon INFO time="2026-01-28T18:08:26Z" level=info msg="Tool required for debug" tool="builtin:serial-monitor@0.15.0"
2026-01-28 18:08:26 2026-01-28T18:08:26.129Z daemon INFO time="2026-01-28T18:08:26Z" level=info msg="Tool required for debug" tool="arduino:avrdude@8.0.0-arduino1"
2026-01-28 18:08:26 2026-01-28T18:08:26.131Z daemon INFO time="2026-01-28T18:08:26Z" level=info msg="Tool required for debug" tool="arduino:dfu-util@0.11.0-arduino5"
time="2026-01-28T18:08:26Z" level=info msg="Tool required for debug" tool="esp32:esp-rv32@2511"
2026-01-28 18:08:26 2026-01-28T18:08:26.131Z daemon INFO time="2026-01-28T18:08:26Z" level=info msg="Tool required for debug" tool="esp32:esp-x32@2511"
time="2026-01-28T18:08:26Z" level=info msg="Tool required for debug" tool="esp32:esp32-libs@3.3.6"
time="2026-01-28T18:08:26Z" level=info msg="Tool required for debug" tool="esp32:esp32c3-libs@3.3.6"
2026-01-28 18:08:26 2026-01-28T18:08:26.131Z daemon INFO time="2026-01-28T18:08:26Z" level=info msg="Tool required for debug" tool="esp32:esp32c5-libs@3.3.6"
time="2026-01-28T18:08:26Z" level=info msg="Tool required for debug" tool="esp32:esp32c6-libs@3.3.6"
time="2026-01-28T18:08:26Z" level=info msg="Tool required for debug" tool="esp32:esp32h2-libs@3.3.6"
2026-01-28 18:08:26 2026-01-28T18:08:26.131Z daemon INFO time="2026-01-28T18:08:26Z" level=info msg="Tool required for debug" tool="esp32:esp32p4-libs@3.3.6"
time="2026-01-28T18:08:26Z" level=info msg="Tool required for debug" tool="esp32:esp32p4_es-libs@3.3.6"
time="2026-01-28T18:08:26Z" level=info msg="Tool required for debug" tool="esp32:esp32s2-libs@3.3.6"
2026-01-28 18:08:26 2026-01-28T18:08:26.131Z daemon INFO time="2026-01-28T18:08:26Z" level=info msg="Tool required for debug" tool="esp32:esp32s3-libs@3.3.6"
time="2026-01-28T18:08:26Z" level=info msg="Tool required for debug" tool="esp32:esptool_py@5.1.0"
2026-01-28 18:08:26 2026-01-28T18:08:26.131Z daemon INFO time="2026-01-28T18:08:26Z" level=info msg="Tool required for debug" tool="esp32:mklittlefs@4.0.2-db0513a"
time="2026-01-28T18:08:26Z" level=info msg="Tool required for debug" tool="esp32:mkspiffs@0.2.3"
2026-01-28 18:08:26 2026-01-28T18:08:26.131Z daemon INFO time="2026-01-28T18:08:26Z" level=info msg="Tool required for debug" tool="esp32:openocd-esp32@v0.12.0-esp32-20251215"
time="2026-01-28T18:08:26Z" level=info msg="Tool required for debug" tool="esp32:riscv32-esp-elf-gdb@16.3_20250913"
2026-01-28 18:08:26 2026-01-28T18:08:26.131Z daemon INFO time="2026-01-28T18:08:26Z" level=info msg="Tool required for debug" tool="esp32:xtensa-esp-elf-gdb@16.3_20250913"
time="2026-01-28T18:08:26Z" level=info msg="Tool required for debug" tool="arduino:avr-gcc@7.3.0-atmel3.6.1-arduino7"
time="2026-01-28T18:08:26Z" level=info msg="Tool required for debug" tool="builtin:serial-discovery@1.4.3"
2026-01-28 18:08:26 2026-01-28T18:08:26.131Z daemon INFO time="2026-01-28T18:08:26Z" level=info msg="Tool required for debug" tool="builtin:ctags@5.8-arduino11"
2026-01-28 18:08:26 2026-01-28T18:08:26.131Z daemon INFO time="2026-01-28T18:08:26Z" level=info msg="Tool required for debug" tool="builtin:mdns-discovery@1.0.12"
2026-01-28 18:08:26 2026-01-28T18:08:26.131Z daemon INFO time="2026-01-28T18:08:26Z" level=info msg="Tool required for debug" tool="arduino:avrdude@8.0.0-arduino1"
time="2026-01-28T18:08:26Z" level=info msg="Tool required for debug" tool="builtin:serial-monitor@0.15.0"
2026-01-28 18:08:26 2026-01-28T18:08:26.131Z daemon INFO time="2026-01-28T18:08:26Z" level=info msg="Tool required for debug" tool="arduino:arduinoOTA@1.3.0"
2026-01-28 18:08:26 2026-01-28T18:08:26.131Z daemon INFO time="2026-01-28T18:08:26Z" level=info msg="Tool required for debug" tool="builtin:dfu-discovery@0.1.2"
2026-01-28 18:08:26 2026-01-28T18:08:26.132Z daemon INFO time="2026-01-28T18:08:26Z" level=info msg="Tool required for debug" tool="arduino:dfu-util@0.11.0-arduino5"
time="2026-01-28T18:08:26Z" level=info msg="Tool required for debug" tool="esp32:esp-rv32@2511"
2026-01-28 18:08:26 2026-01-28T18:08:26.132Z daemon INFO time="2026-01-28T18:08:26Z" level=info msg="Tool required for debug" tool="esp32:esp-x32@2511"
time="2026-01-28T18:08:26Z" level=info msg="Tool required for debug" tool="esp32:esp32-libs@3.3.6"
time="2026-01-28T18:08:26Z" level=info msg="Tool required for debug" tool="esp32:esp32c3-libs@3.3.6"
time="2026-01-28T18:08:26Z" level=info msg="Tool required for debug" tool="esp32:esp32c5-libs@3.3.6"
2026-01-28 18:08:26 2026-01-28T18:08:26.132Z daemon INFO time="2026-01-28T18:08:26Z" level=info msg="Tool required for debug" tool="esp32:esp32c6-libs@3.3.6"
time="2026-01-28T18:08:26Z" level=info msg="Tool required for debug" tool="esp32:esp32h2-libs@3.3.6"
2026-01-28 18:08:26 2026-01-28T18:08:26.132Z daemon INFO time="2026-01-28T18:08:26Z" level=info msg="Tool required for debug" tool="esp32:esp32p4-libs@3.3.6"
time="2026-01-28T18:08:26Z" level=info msg="Tool required for debug" tool="esp32:esp32p4_es-libs@3.3.6"
time="2026-01-28T18:08:26Z" level=info msg="Tool required for debug" tool="esp32:esp32s2-libs@3.3.6"
2026-01-28 18:08:26 2026-01-28T18:08:26.132Z daemon INFO time="2026-01-28T18:08:26Z" level=info msg="Tool required for debug" tool="esp32:esp32s3-libs@3.3.6"
time="2026-01-28T18:08:26Z" level=info msg="Tool required for debug" tool="esp32:esptool_py@5.1.0"
2026-01-28 18:08:26 2026-01-28T18:08:26.132Z daemon INFO time="2026-01-28T18:08:26Z" level=info msg="Tool required for debug" tool="esp32:mklittlefs@4.0.2-db0513a"
time="2026-01-28T18:08:26Z" level=info msg="Tool required for debug" tool="esp32:mkspiffs@0.2.3"
2026-01-28 18:08:26 2026-01-28T18:08:26.132Z daemon INFO time="2026-01-28T18:08:26Z" level=info msg="Tool required for debug" tool="esp32:openocd-esp32@v0.12.0-esp32-20251215"
time="2026-01-28T18:08:26Z" level=info msg="Tool required for debug" tool="esp32:riscv32-esp-elf-gdb@16.3_20250913"
2026-01-28 18:08:26 2026-01-28T18:08:26.132Z daemon INFO time="2026-01-28T18:08:26Z" level=info msg="Tool required for debug" tool="esp32:xtensa-esp-elf-gdb@16.3_20250913"
time="2026-01-28T18:08:26Z" level=info msg="Tool required for debug" tool="builtin:ctags@5.8-arduino11"
2026-01-28 18:08:26 2026-01-28T18:08:26.132Z daemon INFO time="2026-01-28T18:08:26Z" level=info msg="Tool required for debug" tool="arduino:arduinoOTA@1.3.0"
time="2026-01-28T18:08:26Z" level=info msg="Tool required for debug" tool="builtin:serial-discovery@1.4.3"
2026-01-28 18:08:26 2026-01-28T18:08:26.132Z daemon INFO time="2026-01-28T18:08:26Z" level=info msg="Tool required for debug" tool="arduino:avrdude@8.0.0-arduino1"
2026-01-28 18:08:26 2026-01-28T18:08:26.133Z daemon INFO time="2026-01-28T18:08:26Z" level=info msg="Tool required for debug" tool="builtin:mdns-discovery@1.0.12"
time="2026-01-28T18:08:26Z" level=info msg="Tool required for debug" tool="arduino:avr-gcc@7.3.0-atmel3.6.1-arduino7"
2026-01-28 18:08:26 2026-01-28T18:08:26.133Z daemon INFO time="2026-01-28T18:08:26Z" level=info msg="Tool required for debug" tool="builtin:serial-monitor@0.15.0"
2026-01-28 18:08:26 2026-01-28T18:08:26.133Z daemon INFO time="2026-01-28T18:08:26Z" level=info msg="Tool required for debug" tool="builtin:dfu-discovery@0.1.2"
2026-01-28 18:08:26 2026-01-28T18:08:26.134Z daemon INFO time="2026-01-28T18:08:26Z" level=info msg="Tool required for debug" tool="arduino:dfu-util@0.11.0-arduino5"
time="2026-01-28T18:08:26Z" level=info msg="Tool required for debug" tool="esp32:esp-rv32@2511"
2026-01-28 18:08:26 2026-01-28T18:08:26.134Z daemon INFO time="2026-01-28T18:08:26Z" level=info msg="Tool required for debug" tool="esp32:esp-x32@2511"
time="2026-01-28T18:08:26Z" level=info msg="Tool required for debug" tool="esp32:esp32-libs@3.3.6"
time="2026-01-28T18:08:26Z" level=info msg="Tool required for debug" tool="esp32:esp32c3-libs@3.3.6"
time="2026-01-28T18:08:26Z" level=info msg="Tool required for debug" tool="esp32:esp32c5-libs@3.3.6"
2026-01-28 18:08:26 2026-01-28T18:08:26.134Z daemon INFO time="2026-01-28T18:08:26Z" level=info msg="Tool required for debug" tool="esp32:esp32c6-libs@3.3.6"
time="2026-01-28T18:08:26Z" level=info msg="Tool required for debug" tool="esp32:esp32h2-libs@3.3.6"
2026-01-28 18:08:26 2026-01-28T18:08:26.134Z daemon INFO time="2026-01-28T18:08:26Z" level=info msg="Tool required for debug" tool="esp32:esp32p4-libs@3.3.6"
time="2026-01-28T18:08:26Z" level=info msg="Tool required for debug" tool="esp32:esp32p4_es-libs@3.3.6"
time="2026-01-28T18:08:26Z" level=info msg="Tool required for debug" tool="esp32:esp32s2-libs@3.3.6"
2026-01-28 18:08:26 2026-01-28T18:08:26.134Z daemon INFO time="2026-01-28T18:08:26Z" level=info msg="Tool required for debug" tool="esp32:esp32s3-libs@3.3.6"
time="2026-01-28T18:08:26Z" level=info msg="Tool required for debug" tool="esp32:esptool_py@5.1.0"
2026-01-28 18:08:26 2026-01-28T18:08:26.134Z daemon INFO time="2026-01-28T18:08:26Z" level=info msg="Tool required for debug" tool="esp32:mklittlefs@4.0.2-db0513a"
time="2026-01-28T18:08:26Z" level=info msg="Tool required for debug" tool="esp32:mkspiffs@0.2.3"
2026-01-28 18:08:26 2026-01-28T18:08:26.134Z daemon INFO time="2026-01-28T18:08:26Z" level=info msg="Tool required for debug" tool="esp32:openocd-esp32@v0.12.0-esp32-20251215"
time="2026-01-28T18:08:26Z" level=info msg="Tool required for debug" tool="esp32:riscv32-esp-elf-gdb@16.3_20250913"
time="2026-01-28T18:08:26Z" level=info msg="Tool required for debug" tool="esp32:xtensa-esp-elf-gdb@16.3_20250913"
2026-01-28 18:08:26 2026-01-28T18:08:26.134Z daemon INFO time="2026-01-28T18:08:26Z" level=info msg="Tool required for debug" tool="arduino:avrdude@8.0.0-arduino1"
time="2026-01-28T18:08:26Z" level=info msg="Tool required for debug" tool="builtin:serial-monitor@0.15.0"
2026-01-28 18:08:26 2026-01-28T18:08:26.134Z daemon INFO time="2026-01-28T18:08:26Z" level=info msg="Tool required for debug" tool="arduino:arduinoOTA@1.3.0"
2026-01-28 18:08:26 2026-01-28T18:08:26.134Z daemon INFO time="2026-01-28T18:08:26Z" level=info msg="Tool required for debug" tool="arduino:avr-gcc@7.3.0-atmel3.6.1-arduino7"
time="2026-01-28T18:08:26Z" level=info msg="Tool required for debug" tool="builtin:mdns-discovery@1.0.12"
2026-01-28 18:08:26 2026-01-28T18:08:26.134Z daemon INFO time="2026-01-28T18:08:26Z" level=info msg="Tool required for debug" tool="builtin:serial-discovery@1.4.3"
2026-01-28 18:08:26 2026-01-28T18:08:26.134Z daemon INFO time="2026-01-28T18:08:26Z" level=info msg="Tool required for debug" tool="builtin:ctags@5.8-arduino11"
time="2026-01-28T18:08:26Z" level=info msg="Tool required for debug" tool="builtin:dfu-discovery@0.1.2"
2026-01-28 18:08:26 2026-01-28T18:08:26.136Z daemon INFO time="2026-01-28T18:08:26Z" level=info msg="Tool required for debug" tool="arduino:dfu-util@0.11.0-arduino5"
time="2026-01-28T18:08:26Z" level=info msg="Tool required for debug" tool="esp32:esp-rv32@2511"
2026-01-28 18:08:26 2026-01-28T18:08:26.136Z daemon INFO time="2026-01-28T18:08:26Z" level=info msg="Tool required for debug" tool="esp32:esp-x32@2511"
time="2026-01-28T18:08:26Z" level=info msg="Tool required for debug" tool="esp32:esp32-libs@3.3.6"
time="2026-01-28T18:08:26Z" level=info msg="Tool required for debug" tool="esp32:esp32c3-libs@3.3.6"
time="2026-01-28T18:08:26Z" level=info msg="Tool required for debug" tool="esp32:esp32c5-libs@3.3.6"
2026-01-28 18:08:26 2026-01-28T18:08:26.136Z daemon INFO time="2026-01-28T18:08:26Z" level=info msg="Tool required for debug" tool="esp32:esp32c6-libs@3.3.6"
time="2026-01-28T18:08:26Z" level=info msg="Tool required for debug" tool="esp32:esp32h2-libs@3.3.6"
2026-01-28 18:08:26 2026-01-28T18:08:26.136Z daemon INFO time="2026-01-28T18:08:26Z" level=info msg="Tool required for debug" tool="esp32:esp32p4-libs@3.3.6"
time="2026-01-28T18:08:26Z" level=info msg="Tool required for debug" tool="esp32:esp32p4_es-libs@3.3.6"
2026-01-28 18:08:26 2026-01-28T18:08:26.136Z daemon INFO time="2026-01-28T18:08:26Z" level=info msg="Tool required for debug" tool="esp32:esp32s2-libs@3.3.6"
time="2026-01-28T18:08:26Z" level=info msg="Tool required for debug" tool="esp32:esp32s3-libs@3.3.6"
time="2026-01-28T18:08:26Z" level=info msg="Tool required for debug" tool="esp32:esptool_py@5.1.0"
2026-01-28 18:08:26 2026-01-28T18:08:26.136Z daemon INFO time="2026-01-28T18:08:26Z" level=info msg="Tool required for debug" tool="esp32:mklittlefs@4.0.2-db0513a"
time="2026-01-28T18:08:26Z" level=info msg="Tool required for debug" tool="esp32:mkspiffs@0.2.3"
2026-01-28 18:08:26 2026-01-28T18:08:26.136Z daemon INFO time="2026-01-28T18:08:26Z" level=info msg="Tool required for debug" tool="esp32:openocd-esp32@v0.12.0-esp32-20251215"
time="2026-01-28T18:08:26Z" level=info msg="Tool required for debug" tool="esp32:riscv32-esp-elf-gdb@16.3_20250913"
2026-01-28 18:08:26 2026-01-28T18:08:26.136Z daemon INFO time="2026-01-28T18:08:26Z" level=info msg="Tool required for debug" tool="esp32:xtensa-esp-elf-gdb@16.3_20250913"
time="2026-01-28T18:08:26Z" level=info msg="Tool required for debug" tool="arduino:arduinoOTA@1.3.0"
2026-01-28 18:08:26 2026-01-28T18:08:26.136Z daemon INFO time="2026-01-28T18:08:26Z" level=info msg="Tool required for debug" tool="builtin:mdns-discovery@1.0.12"
time="2026-01-28T18:08:26Z" level=info msg="Tool required for debug" tool="builtin:serial-monitor@0.15.0"
2026-01-28 18:08:26 2026-01-28T18:08:26.136Z daemon INFO time="2026-01-28T18:08:26Z" level=info msg="Tool required for debug" tool="arduino:avrdude@8.0.0-arduino1"
2026-01-28 18:08:26 2026-01-28T18:08:26.136Z daemon INFO time="2026-01-28T18:08:26Z" level=info msg="Tool required for debug" tool="builtin:ctags@5.8-arduino11"
2026-01-28 18:08:26 2026-01-28T18:08:26.136Z daemon INFO time="2026-01-28T18:08:26Z" level=info msg="Tool required for debug" tool="arduino:avr-gcc@7.3.0-atmel3.6.1-arduino7"
time="2026-01-28T18:08:26Z" level=info msg="Tool required for debug" tool="builtin:dfu-discovery@0.1.2"
2026-01-28 18:08:26 2026-01-28T18:08:26.136Z daemon INFO time="2026-01-28T18:08:26Z" level=info msg="Tool required for debug" tool="builtin:serial-discovery@1.4.3"
2026-01-28 18:08:26 2026-01-28T18:08:26.137Z daemon INFO time="2026-01-28T18:08:26Z" level=info msg="Tool required for debug" tool="arduino:dfu-util@0.11.0-arduino5"
time="2026-01-28T18:08:26Z" level=info msg="Tool required for debug" tool="esp32:esp-rv32@2511"
2026-01-28 18:08:26 2026-01-28T18:08:26.137Z daemon INFO time="2026-01-28T18:08:26Z" level=info msg="Tool required for debug" tool="esp32:esp-x32@2511"
time="2026-01-28T18:08:26Z" level=info msg="Tool required for debug" tool="esp32:esp32-libs@3.3.6"
time="2026-01-28T18:08:26Z" level=info msg="Tool required for debug" tool="esp32:esp32c3-libs@3.3.6"
2026-01-28 18:08:26 2026-01-28T18:08:26.137Z daemon INFO time="2026-01-28T18:08:26Z" level=info msg="Tool required for debug" tool="esp32:esp32c5-libs@3.3.6"
time="2026-01-28T18:08:26Z" level=info msg="Tool required for debug" tool="esp32:esp32c6-libs@3.3.6"
time="2026-01-28T18:08:26Z" level=info msg="Tool required for debug" tool="esp32:esp32h2-libs@3.3.6"
2026-01-28 18:08:26 2026-01-28T18:08:26.137Z daemon INFO time="2026-01-28T18:08:26Z" level=info msg="Tool required for debug" tool="esp32:esp32p4-libs@3.3.6"
time="2026-01-28T18:08:26Z" level=info msg="Tool required for debug" tool="esp32:esp32p4_es-libs@3.3.6"
2026-01-28 18:08:26 2026-01-28T18:08:26.137Z daemon INFO time="2026-01-28T18:08:26Z" level=info msg="Tool required for debug" tool="esp32:esp32s2-libs@3.3.6"
time="2026-01-28T18:08:26Z" level=info msg="Tool required for debug" tool="esp32:esp32s3-libs@3.3.6"
time="2026-01-28T18:08:26Z" level=info msg="Tool required for debug" tool="esp32:esptool_py@5.1.0"
2026-01-28 18:08:26 2026-01-28T18:08:26.137Z daemon INFO time="2026-01-28T18:08:26Z" level=info msg="Tool required for debug" tool="esp32:mklittlefs@4.0.2-db0513a"
time="2026-01-28T18:08:26Z" level=info msg="Tool required for debug" tool="esp32:mkspiffs@0.2.3"
2026-01-28 18:08:26 2026-01-28T18:08:26.137Z daemon INFO time="2026-01-28T18:08:26Z" level=info msg="Tool required for debug" tool="esp32:openocd-esp32@v0.12.0-esp32-20251215"
time="2026-01-28T18:08:26Z" level=info msg="Tool required for debug" tool="esp32:riscv32-esp-elf-gdb@16.3_20250913"
2026-01-28 18:08:26 2026-01-28T18:08:26.138Z daemon INFO time="2026-01-28T18:08:26Z" level=info msg="Tool required for debug" tool="esp32:xtensa-esp-elf-gdb@16.3_20250913"
time="2026-01-28T18:08:26Z" level=info msg="Tool required for debug" tool="arduino:arduinoOTA@1.3.0"
2026-01-28 18:08:26 2026-01-28T18:08:26.138Z daemon INFO time="2026-01-28T18:08:26Z" level=info msg="Tool required for debug" tool="arduino:avrdude@8.0.0-arduino1"
time="2026-01-28T18:08:26Z" level=info msg="Tool required for debug" tool="builtin:ctags@5.8-arduino11"
2026-01-28 18:08:26 2026-01-28T18:08:26.138Z daemon INFO time="2026-01-28T18:08:26Z" level=info msg="Tool required for debug" tool="builtin:dfu-discovery@0.1.2"
2026-01-28 18:08:26 2026-01-28T18:08:26.138Z daemon INFO time="2026-01-28T18:08:26Z" level=info msg="Tool required for debug" tool="builtin:serial-monitor@0.15.0"
2026-01-28 18:08:26 2026-01-28T18:08:26.138Z daemon INFO time="2026-01-28T18:08:26Z" level=info msg="Tool required for debug" tool="arduino:avr-gcc@7.3.0-atmel3.6.1-arduino7"
time="2026-01-28T18:08:26Z" level=info msg="Tool required for debug" tool="builtin:mdns-discovery@1.0.12"
2026-01-28 18:08:26 2026-01-28T18:08:26.138Z daemon INFO time="2026-01-28T18:08:26Z" level=info msg="Tool required for debug" tool="builtin:serial-discovery@1.4.3"
2026-01-28 18:08:26 2026-01-28T18:08:26.139Z daemon INFO time="2026-01-28T18:08:26Z" level=info msg="Tool required for debug" tool="arduino:dfu-util@0.11.0-arduino5"
time="2026-01-28T18:08:26Z" level=info msg="Tool required for debug" tool="esp32:esp-rv32@2511"
2026-01-28 18:08:26 2026-01-28T18:08:26.139Z daemon INFO time="2026-01-28T18:08:26Z" level=info msg="Tool required for debug" tool="esp32:esp-x32@2511"
time="2026-01-28T18:08:26Z" level=info msg="Tool required for debug" tool="esp32:esp32-libs@3.3.6"
time="2026-01-28T18:08:26Z" level=info msg="Tool required for debug" tool="esp32:esp32c3-libs@3.3.6"
time="2026-01-28T18:08:26Z" level=info msg="Tool required for debug" tool="esp32:esp32c5-libs@3.3.6"
2026-01-28 18:08:26 2026-01-28T18:08:26.139Z daemon INFO time="2026-01-28T18:08:26Z" level=info msg="Tool required for debug" tool="esp32:esp32c6-libs@3.3.6"
time="2026-01-28T18:08:26Z" level=info msg="Tool required for debug" tool="esp32:esp32h2-libs@3.3.6"
2026-01-28 18:08:26 2026-01-28T18:08:26.139Z daemon INFO time="2026-01-28T18:08:26Z" level=info msg="Tool required for debug" tool="esp32:esp32p4-libs@3.3.6"
time="2026-01-28T18:08:26Z" level=info msg="Tool required for debug" tool="esp32:esp32p4_es-libs@3.3.6"
time="2026-01-28T18:08:26Z" level=info msg="Tool required for debug" tool="esp32:esp32s2-libs@3.3.6"
2026-01-28 18:08:26 2026-01-28T18:08:26.139Z daemon INFO time="2026-01-28T18:08:26Z" level=info msg="Tool required for debug" tool="esp32:esp32s3-libs@3.3.6"
time="2026-01-28T18:08:26Z" level=info msg="Tool required for debug" tool="esp32:esptool_py@5.1.0"
2026-01-28 18:08:26 2026-01-28T18:08:26.139Z daemon INFO time="2026-01-28T18:08:26Z" level=info msg="Tool required for debug" tool="esp32:mklittlefs@4.0.2-db0513a"
time="2026-01-28T18:08:26Z" level=info msg="Tool required for debug" tool="esp32:mkspiffs@0.2.3"
2026-01-28 18:08:26 2026-01-28T18:08:26.139Z daemon INFO time="2026-01-28T18:08:26Z" level=info msg="Tool required for debug" tool="esp32:openocd-esp32@v0.12.0-esp32-20251215"
time="2026-01-28T18:08:26Z" level=info msg="Tool required for debug" tool="esp32:riscv32-esp-elf-gdb@16.3_20250913"
2026-01-28 18:08:26 2026-01-28T18:08:26.139Z daemon INFO time="2026-01-28T18:08:26Z" level=info msg="Tool required for debug" tool="esp32:xtensa-esp-elf-gdb@16.3_20250913"
time="2026-01-28T18:08:26Z" level=info msg="Tool required for debug" tool="arduino:avrdude@8.0.0-arduino1"
2026-01-28 18:08:26 2026-01-28T18:08:26.139Z daemon INFO time="2026-01-28T18:08:26Z" level=info msg="Tool required for debug" tool="arduino:avr-gcc@7.3.0-atmel3.6.1-arduino7"
time="2026-01-28T18:08:26Z" level=info msg="Tool required for debug" tool="builtin:dfu-discovery@0.1.2"
2026-01-28 18:08:26 2026-01-28T18:08:26.139Z daemon INFO time="2026-01-28T18:08:26Z" level=info msg="Tool required for debug" tool="builtin:serial-discovery@1.4.3"
2026-01-28 18:08:26 2026-01-28T18:08:26.139Z daemon INFO time="2026-01-28T18:08:26Z" level=info msg="Tool required for debug" tool="builtin:ctags@5.8-arduino11"
time="2026-01-28T18:08:26Z" level=info msg="Tool required for debug" tool="arduino:arduinoOTA@1.3.0"
2026-01-28 18:08:26 2026-01-28T18:08:26.139Z daemon INFO time="2026-01-28T18:08:26Z" level=info msg="Tool required for debug" tool="builtin:mdns-discovery@1.0.12"
2026-01-28 18:08:26 2026-01-28T18:08:26.139Z daemon INFO time="2026-01-28T18:08:26Z" level=info msg="Tool required for debug" tool="builtin:serial-monitor@0.15.0"
2026-01-28 18:08:26 2026-01-28T18:08:26.141Z daemon INFO time="2026-01-28T18:08:26Z" level=info msg="Tool required for debug" tool="arduino:dfu-util@0.11.0-arduino5"
time="2026-01-28T18:08:26Z" level=info msg="Tool required for debug" tool="esp32:esp-rv32@2511"
2026-01-28 18:08:26 2026-01-28T18:08:26.141Z daemon INFO time="2026-01-28T18:08:26Z" level=info msg="Tool required for debug" tool="esp32:esp-x32@2511"
time="2026-01-28T18:08:26Z" level=info msg="Tool required for debug" tool="esp32:esp32-libs@3.3.6"
time="2026-01-28T18:08:26Z" level=info msg="Tool required for debug" tool="esp32:esp32c3-libs@3.3.6"
2026-01-28 18:08:26 2026-01-28T18:08:26.141Z daemon INFO time="2026-01-28T18:08:26Z" level=info msg="Tool required for debug" tool="esp32:esp32c5-libs@3.3.6"
time="2026-01-28T18:08:26Z" level=info msg="Tool required for debug" tool="esp32:esp32c6-libs@3.3.6"
time="2026-01-28T18:08:26Z" level=info msg="Tool required for debug" tool="esp32:esp32h2-libs@3.3.6"
2026-01-28 18:08:26 2026-01-28T18:08:26.141Z daemon INFO time="2026-01-28T18:08:26Z" level=info msg="Tool required for debug" tool="esp32:esp32p4-libs@3.3.6"
time="2026-01-28T18:08:26Z" level=info msg="Tool required for debug" tool="esp32:esp32p4_es-libs@3.3.6"
2026-01-28 18:08:26 2026-01-28T18:08:26.141Z daemon INFO time="2026-01-28T18:08:26Z" level=info msg="Tool required for debug" tool="esp32:esp32s2-libs@3.3.6"
time="2026-01-28T18:08:26Z" level=info msg="Tool required for debug" tool="esp32:esp32s3-libs@3.3.6"
time="2026-01-28T18:08:26Z" level=info msg="Tool required for debug" tool="esp32:esptool_py@5.1.0"
2026-01-28 18:08:26 2026-01-28T18:08:26.141Z daemon INFO time="2026-01-28T18:08:26Z" level=info msg="Tool required for debug" tool="esp32:mklittlefs@4.0.2-db0513a"
time="2026-01-28T18:08:26Z" level=info msg="Tool required for debug" tool="esp32:mkspiffs@0.2.3"
2026-01-28 18:08:26 2026-01-28T18:08:26.141Z daemon INFO time="2026-01-28T18:08:26Z" level=info msg="Tool required for debug" tool="esp32:openocd-esp32@v0.12.0-esp32-20251215"
time="2026-01-28T18:08:26Z" level=info msg="Tool required for debug" tool="esp32:riscv32-esp-elf-gdb@16.3_20250913"
2026-01-28 18:08:26 2026-01-28T18:08:26.141Z daemon INFO time="2026-01-28T18:08:26Z" level=info msg="Tool required for debug" tool="esp32:xtensa-esp-elf-gdb@16.3_20250913"
time="2026-01-28T18:08:26Z" level=info msg="Tool required for debug" tool="arduino:avrdude@8.0.0-arduino1"
2026-01-28 18:08:26 2026-01-28T18:08:26.141Z daemon INFO time="2026-01-28T18:08:26Z" level=info msg="Tool required for debug" tool="builtin:serial-discovery@1.4.3"
time="2026-01-28T18:08:26Z" level=info msg="Tool required for debug" tool="builtin:ctags@5.8-arduino11"
2026-01-28 18:08:26 2026-01-28T18:08:26.141Z daemon INFO time="2026-01-28T18:08:26Z" level=info msg="Tool required for debug" tool="arduino:arduinoOTA@1.3.0"
2026-01-28 18:08:26 2026-01-28T18:08:26.141Z daemon INFO time="2026-01-28T18:08:26Z" level=info msg="Tool required for debug" tool="arduino:avr-gcc@7.3.0-atmel3.6.1-arduino7"
time="2026-01-28T18:08:26Z" level=info msg="Tool required for debug" tool="builtin:mdns-discovery@1.0.12"
2026-01-28 18:08:26 2026-01-28T18:08:26.141Z daemon INFO time="2026-01-28T18:08:26Z" level=info msg="Tool required for debug" tool="builtin:serial-monitor@0.15.0"
2026-01-28 18:08:26 2026-01-28T18:08:26.141Z daemon INFO time="2026-01-28T18:08:26Z" level=info msg="Tool required for debug" tool="builtin:dfu-discovery@0.1.2"
2026-01-28 18:08:27 2026-01-28T18:08:27.084Z daemon INFO time="2026-01-28T18:08:27Z" level=info msg="Adding libraries dir" dir=/home/shrek/.arduino15/libraries isSingleLibrary=false location=ide
2026-01-28 18:08:27 2026-01-28T18:08:27.084Z daemon INFO time="2026-01-28T18:08:27Z" level=info msg="Adding libraries dir" dir=/home/shrek/.arduino15/packages/esp32/hardware/esp32/3.3.6/libraries isSingleLibrary=false location=platform
2026-01-28 18:08:27 2026-01-28T18:08:27.084Z daemon INFO time="2026-01-28T18:08:27Z" level=info msg="Adding libraries dir" dir=/home/shrek/Arduino/libraries isSingleLibrary=false location=user
2026-01-28 18:08:32 2026-01-28T18:08:32.322Z root INFO Received port after upload [arduino+serial:///dev/ttyACM0, esp32:esp32:esp32s3:UploadSpeed=115200,USBMode=hwcdc,CDCOnBoot=cdc,MSCOnBoot=default,DFUOnBoot=default,UploadMode=default,CPUFreq=240,FlashMode=qio,FlashSize=32M,PartitionScheme=default,DebugLevel=none,PSRAM=disabled,LoopCore=1,EventsCore=1,EraseFlash=none,JTAGAdapter=default,ZigbeeMode=default, practice]. Before port: {"protocol":"serial","address":"/dev/ttyACM0"}, after port: {"address":"/dev/ttyACM0","addressLabel":"/dev/ttyACM0","protocol":"serial","protocolLabel":"Serial Port (USB)","properties":{"pid":"0x1001","serialNumber":"90:E5:B1:D7:D6:84","vid":"0x303a"},"hardwareId":"90:E5:B1:D7:D6:84"}
2026-01-28 18:10:44 2026-01-28T18:10:44.274Z daemon INFO time="2026-01-28T18:10:44Z" level=info msg="Adding libraries dir" dir=/home/shrek/.arduino15/libraries isSingleLibrary=false location=ide
time="2026-01-28T18:10:44Z" level=info msg="Adding libraries dir" dir=/home/shrek/.arduino15/packages/esp32/hardware/esp32/3.3.6/libraries isSingleLibrary=false location=platform
2026-01-28 18:10:44 2026-01-28T18:10:44.274Z daemon INFO time="2026-01-28T18:10:44Z" level=info msg="Adding libraries dir" dir=/home/shrek/Arduino/libraries isSingleLibrary=false location=user
2026-01-28 18:10:44 2026-01-28T18:10:44.827Z daemon INFO time="2026-01-28T18:10:44Z" level=info msg="Resolving include MD_MAX72xx.h for arch esp32"
time="2026-01-28T18:10:44Z" level=info msg="  found better lib" lib=MD_MAX72XX prio=6A7
2026-01-28 18:10:45 2026-01-28T18:10:45.190Z daemon INFO time="2026-01-28T18:10:45Z" level=info msg="Resolving include SPI.h for arch esp32"
time="2026-01-28T18:10:45Z" level=info msg="  found better lib" lib=SPI prio=6B0
2026-01-28 18:10:46 2026-01-28T18:10:46.627Z daemon INFO time="2026-01-28T18:10:46Z" level=info msg="Adding libraries dir" dir=/home/shrek/.arduino15/libraries isSingleLibrary=false location=ide
time="2026-01-28T18:10:46Z" level=info msg="Adding libraries dir" dir=/home/shrek/.arduino15/packages/esp32/hardware/esp32/3.3.6/libraries isSingleLibrary=false location=platform
time="2026-01-28T18:10:46Z" level=info msg="Adding libraries dir" dir=/home/shrek/Arduino/libraries isSingleLibrary=false location=user
2026-01-28 18:10:51 2026-01-28T18:10:51.700Z daemon INFO time="2026-01-28T18:10:51Z" level=info msg="Adding libraries dir" dir=/home/shrek/.arduino15/libraries isSingleLibrary=false location=ide
2026-01-28 18:10:51 2026-01-28T18:10:51.700Z daemon INFO time="2026-01-28T18:10:51Z" level=info msg="Adding libraries dir" dir=/home/shrek/.arduino15/packages/esp32/hardware/esp32/3.3.6/libraries isSingleLibrary=false location=platform
time="2026-01-28T18:10:51Z" level=info msg="Adding libraries dir" dir=/home/shrek/Arduino/libraries isSingleLibrary=false location=user
2026-01-28 18:10:54 2026-01-28T18:10:54.605Z daemon INFO time="2026-01-28T18:10:54Z" level=info msg="Adding libraries dir" dir=/home/shrek/.arduino15/libraries isSingleLibrary=false location=ide
2026-01-28 18:10:54 2026-01-28T18:10:54.605Z daemon INFO time="2026-01-28T18:10:54Z" level=info msg="Adding libraries dir" dir=/home/shrek/.arduino15/packages/esp32/hardware/esp32/3.3.6/libraries isSingleLibrary=false location=platform
time="2026-01-28T18:10:54Z" level=info msg="Adding libraries dir" dir=/home/shrek/Arduino/libraries isSingleLibrary=false location=user
2026-01-28 18:10:54 2026-01-28T18:10:54.821Z daemon INFO time="2026-01-28T18:10:54Z" level=info msg="Adding libraries dir" dir=/home/shrek/.arduino15/libraries isSingleLibrary=false location=ide
2026-01-28 18:10:54 2026-01-28T18:10:54.821Z daemon INFO time="2026-01-28T18:10:54Z" level=info msg="Adding libraries dir" dir=/home/shrek/.arduino15/packages/esp32/hardware/esp32/3.3.6/libraries isSingleLibrary=false location=platform
time="2026-01-28T18:10:54Z" level=info msg="Adding libraries dir" dir=/home/shrek/Arduino/libraries isSingleLibrary=false location=user
2026-01-28 18:10:55 2026-01-28T18:10:55.477Z daemon INFO time="2026-01-28T18:10:55Z" level=info msg="Resolving include MD_MAX72xx.h for arch esp32"
time="2026-01-28T18:10:55Z" level=info msg="  found better lib" lib=MD_MAX72XX prio=6A7
2026-01-28 18:10:55 2026-01-28T18:10:55.477Z daemon INFO time="2026-01-28T18:10:55Z" level=info msg="Resolving include SPI.h for arch esp32"
time="2026-01-28T18:10:55Z" level=info msg="  found better lib" lib=SPI prio=6B0
2026-01-28 18:10:56 2026-01-28T18:10:56.420Z daemon INFO time="2026-01-28T18:10:56Z" level=info msg="Adding libraries dir" dir=/home/shrek/.arduino15/libraries isSingleLibrary=false location=ide
time="2026-01-28T18:10:56Z" level=info msg="Adding libraries dir" dir=/home/shrek/.arduino15/packages/esp32/hardware/esp32/3.3.6/libraries isSingleLibrary=false location=platform
2026-01-28 18:10:56 2026-01-28T18:10:56.420Z daemon INFO time="2026-01-28T18:10:56Z" level=info msg="Adding libraries dir" dir=/home/shrek/Arduino/libraries isSingleLibrary=false location=user
2026-01-28 18:10:57 2026-01-28T18:10:57.625Z root INFO Executing 'arduino.languageserver.notifyBuildDidComplete' with "file:///home/shrek/.cache/arduino/sketches/06F50BDA0506E2D6953ED82E048FA1AF"
2026-01-28 18:10:57 2026-01-28T18:10:57.660Z daemon INFO time="2026-01-28T18:10:57Z" level=info msg="Tool required for debug" tool="arduino:dfu-util@0.11.0-arduino5"
time="2026-01-28T18:10:57Z" level=info msg="Tool required for debug" tool="esp32:esp-rv32@2511"
2026-01-28 18:10:57 2026-01-28T18:10:57.660Z daemon INFO time="2026-01-28T18:10:57Z" level=info msg="Tool required for debug" tool="esp32:esp-x32@2511"
time="2026-01-28T18:10:57Z" level=info msg="Tool required for debug" tool="esp32:esp32-libs@3.3.6"
time="2026-01-28T18:10:57Z" level=info msg="Tool required for debug" tool="esp32:esp32c3-libs@3.3.6"
time="2026-01-28T18:10:57Z" level=info msg="Tool required for debug" tool="esp32:esp32c5-libs@3.3.6"
time="2026-01-28T18:10:57Z" level=info msg="Tool required for debug" tool="esp32:esp32c6-libs@3.3.6"
time="2026-01-28T18:10:57Z" level=info msg="Tool required for debug" tool="esp32:esp32h2-libs@3.3.6"
time="2026-01-28T18:10:57Z" level=info msg="Tool required for debug" tool="esp32:esp32p4-libs@3.3.6"
time="2026-01-28T18:10:57Z" level=info msg="Tool required for debug" tool="esp32:esp32p4_es-libs@3.3.6"
time="2026-01-28T18:10:57Z" level=info msg="Tool required for debug" tool="esp32:esp32s2-libs@3.3.6"
time="2026-01-28T18:10:57Z" level=info msg="Tool required for debug" tool="esp32:esp32s3-libs@3.3.6"
time="2026-01-28T18:10:57Z" level=info msg="Tool required for debug" tool="esp32:esptool_py@5.1.0"
time="2026-01-28T18:10:57Z" level=info msg="Tool required for debug" tool="esp32:mklittlefs@4.0.2-db0513a"
time="2026-01-28T18:10:57Z" level=info msg="Tool required for debug" tool="esp32:mkspiffs@0.2.3"
time="2026-01-28T18:10:57Z" level=info msg="Tool required for debug" tool="esp32:openocd-esp32@v0.12.0-esp32-20251215"
time="2026-01-28T18:10:57Z" level=info msg="Tool required for debug" tool="esp32:riscv32-esp-elf-gdb@16.3_20250913"
time="2026-01-28T18:10:57Z" level=info msg="Tool required for debug" tool="esp32:xtensa-esp-elf-gdb@16.3_20250913"
time="2026-01-28T18:10:57Z" level=info msg="Tool required for debug" tool="arduino:avr-gcc@7.3.0-atmel3.6.1-arduino7"
time="2026-01-28T18:10:57Z" level=info msg="Tool required for debug" tool="builtin:serial-monitor@0.15.0"
2026-01-28 18:10:57 2026-01-28T18:10:57.660Z daemon INFO time="2026-01-28T18:10:57Z" level=info msg="Tool required for debug" tool="builtin:mdns-discovery@1.0.12"
time="2026-01-28T18:10:57Z" level=info msg="Tool required for debug" tool="builtin:serial-discovery@1.4.3"
time="2026-01-28T18:10:57Z" level=info msg="Tool required for debug" tool="arduino:avrdude@8.0.0-arduino1"
2026-01-28 18:10:57 2026-01-28T18:10:57.660Z daemon INFO time="2026-01-28T18:10:57Z" level=info msg="Tool required for debug" tool="arduino:arduinoOTA@1.3.0"
time="2026-01-28T18:10:57Z" level=info msg="Tool required for debug" tool="builtin:ctags@5.8-arduino11"
time="2026-01-28T18:10:57Z" level=info msg="Tool required for debug" tool="builtin:dfu-discovery@0.1.2"
2026-01-28 18:10:57 2026-01-28T18:10:57.661Z daemon INFO time="2026-01-28T18:10:57Z" level=info msg="Tool required for debug" tool="arduino:dfu-util@0.11.0-arduino5"
time="2026-01-28T18:10:57Z" level=info msg="Tool required for debug" tool="esp32:esp-rv32@2511"
time="2026-01-28T18:10:57Z" level=info msg="Tool required for debug" tool="esp32:esp-x32@2511"
2026-01-28 18:10:57 2026-01-28T18:10:57.661Z daemon INFO time="2026-01-28T18:10:57Z" level=info msg="Tool required for debug" tool="esp32:esp32-libs@3.3.6"
time="2026-01-28T18:10:57Z" level=info msg="Tool required for debug" tool="esp32:esp32c3-libs@3.3.6"
time="2026-01-28T18:10:57Z" level=info msg="Tool required for debug" tool="esp32:esp32c5-libs@3.3.6"
time="2026-01-28T18:10:57Z" level=info msg="Tool required for debug" tool="esp32:esp32c6-libs@3.3.6"
time="2026-01-28T18:10:57Z" level=info msg="Tool required for debug" tool="esp32:esp32h2-libs@3.3.6"
time="2026-01-28T18:10:57Z" level=info msg="Tool required for debug" tool="esp32:esp32p4-libs@3.3.6"
2026-01-28 18:10:57 2026-01-28T18:10:57.661Z daemon INFO time="2026-01-28T18:10:57Z" level=info msg="Tool required for debug" tool="esp32:esp32p4_es-libs@3.3.6"
time="2026-01-28T18:10:57Z" level=info msg="Tool required for debug" tool="esp32:esp32s2-libs@3.3.6"
time="2026-01-28T18:10:57Z" level=info msg="Tool required for debug" tool="esp32:esp32s3-libs@3.3.6"
time="2026-01-28T18:10:57Z" level=info msg="Tool required for debug" tool="esp32:esptool_py@5.1.0"
time="2026-01-28T18:10:57Z" level=info msg="Tool required for debug" tool="esp32:mklittlefs@4.0.2-db0513a"
time="2026-01-28T18:10:57Z" level=info msg="Tool required for debug" tool="esp32:mkspiffs@0.2.3"
2026-01-28 18:10:57 2026-01-28T18:10:57.661Z daemon INFO time="2026-01-28T18:10:57Z" level=info msg="Tool required for debug" tool="esp32:openocd-esp32@v0.12.0-esp32-20251215"
time="2026-01-28T18:10:57Z" level=info msg="Tool required for debug" tool="esp32:riscv32-esp-elf-gdb@16.3_20250913"
time="2026-01-28T18:10:57Z" level=info msg="Tool required for debug" tool="esp32:xtensa-esp-elf-gdb@16.3_20250913"
time="2026-01-28T18:10:57Z" level=info msg="Tool required for debug" tool="builtin:ctags@5.8-arduino11"
2026-01-28 18:10:57 2026-01-28T18:10:57.661Z daemon INFO time="2026-01-28T18:10:57Z" level=info msg="Tool required for debug" tool="arduino:avr-gcc@7.3.0-atmel3.6.1-arduino7"
time="2026-01-28T18:10:57Z" level=info msg="Tool required for debug" tool="arduino:arduinoOTA@1.3.0"
time="2026-01-28T18:10:57Z" level=info msg="Tool required for debug" tool="builtin:mdns-discovery@1.0.12"
2026-01-28 18:10:57 2026-01-28T18:10:57.661Z daemon INFO time="2026-01-28T18:10:57Z" level=info msg="Tool required for debug" tool="builtin:serial-discovery@1.4.3"
time="2026-01-28T18:10:57Z" level=info msg="Tool required for debug" tool="builtin:serial-monitor@0.15.0"
2026-01-28 18:10:57 2026-01-28T18:10:57.661Z daemon INFO time="2026-01-28T18:10:57Z" level=info msg="Tool required for debug" tool="arduino:avrdude@8.0.0-arduino1"
time="2026-01-28T18:10:57Z" level=info msg="Tool required for debug" tool="builtin:dfu-discovery@0.1.2"
2026-01-28 18:10:57 2026-01-28T18:10:57.663Z daemon INFO time="2026-01-28T18:10:57Z" level=info msg="Tool required for debug" tool="arduino:dfu-util@0.11.0-arduino5"
time="2026-01-28T18:10:57Z" level=info msg="Tool required for debug" tool="esp32:esp-rv32@2511"
time="2026-01-28T18:10:57Z" level=info msg="Tool required for debug" tool="esp32:esp-x32@2511"
2026-01-28 18:10:57 2026-01-28T18:10:57.663Z daemon INFO time="2026-01-28T18:10:57Z" level=info msg="Tool required for debug" tool="esp32:esp32-libs@3.3.6"
time="2026-01-28T18:10:57Z" level=info msg="Tool required for debug" tool="esp32:esp32c3-libs@3.3.6"
time="2026-01-28T18:10:57Z" level=info msg="Tool required for debug" tool="esp32:esp32c5-libs@3.3.6"
time="2026-01-28T18:10:57Z" level=info msg="Tool required for debug" tool="esp32:esp32c6-libs@3.3.6"
time="2026-01-28T18:10:57Z" level=info msg="Tool required for debug" tool="esp32:esp32h2-libs@3.3.6"
time="2026-01-28T18:10:57Z" level=info msg="Tool required for debug" tool="esp32:esp32p4-libs@3.3.6"
time="2026-01-28T18:10:57Z" level=info msg="Tool required for debug" tool="esp32:esp32p4_es-libs@3.3.6"
2026-01-28 18:10:57 2026-01-28T18:10:57.663Z daemon INFO time="2026-01-28T18:10:57Z" level=info msg="Tool required for debug" tool="esp32:esp32s2-libs@3.3.6"
time="2026-01-28T18:10:57Z" level=info msg="Tool required for debug" tool="esp32:esp32s3-libs@3.3.6"
time="2026-01-28T18:10:57Z" level=info msg="Tool required for debug" tool="esp32:esptool_py@5.1.0"
time="2026-01-28T18:10:57Z" level=info msg="Tool required for debug" tool="esp32:mklittlefs@4.0.2-db0513a"
2026-01-28 18:10:57 2026-01-28T18:10:57.663Z daemon INFO time="2026-01-28T18:10:57Z" level=info msg="Tool required for debug" tool="esp32:mkspiffs@0.2.3"
time="2026-01-28T18:10:57Z" level=info msg="Tool required for debug" tool="esp32:openocd-esp32@v0.12.0-esp32-20251215"
time="2026-01-28T18:10:57Z" level=info msg="Tool required for debug" tool="esp32:riscv32-esp-elf-gdb@16.3_20250913"
time="2026-01-28T18:10:57Z" level=info msg="Tool required for debug" tool="esp32:xtensa-esp-elf-gdb@16.3_20250913"
2026-01-28 18:10:57 2026-01-28T18:10:57.663Z daemon INFO time="2026-01-28T18:10:57Z" level=info msg="Tool required for debug" tool="arduino:avrdude@8.0.0-arduino1"
time="2026-01-28T18:10:57Z" level=info msg="Tool required for debug" tool="builtin:dfu-discovery@0.1.2"
time="2026-01-28T18:10:57Z" level=info msg="Tool required for debug" tool="builtin:mdns-discovery@1.0.12"
2026-01-28 18:10:57 2026-01-28T18:10:57.663Z daemon INFO time="2026-01-28T18:10:57Z" level=info msg="Tool required for debug" tool="builtin:serial-discovery@1.4.3"
time="2026-01-28T18:10:57Z" level=info msg="Tool required for debug" tool="arduino:avr-gcc@7.3.0-atmel3.6.1-arduino7"
time="2026-01-28T18:10:57Z" level=info msg="Tool required for debug" tool="arduino:arduinoOTA@1.3.0"
2026-01-28 18:10:57 2026-01-28T18:10:57.663Z daemon INFO time="2026-01-28T18:10:57Z" level=info msg="Tool required for debug" tool="builtin:ctags@5.8-arduino11"
time="2026-01-28T18:10:57Z" level=info msg="Tool required for debug" tool="builtin:serial-monitor@0.15.0"
2026-01-28 18:10:57 2026-01-28T18:10:57.664Z daemon INFO time="2026-01-28T18:10:57Z" level=info msg="Tool required for debug" tool="arduino:dfu-util@0.11.0-arduino5"
time="2026-01-28T18:10:57Z" level=info msg="Tool required for debug" tool="esp32:esp-rv32@2511"
time="2026-01-28T18:10:57Z" level=info msg="Tool required for debug" tool="esp32:esp-x32@2511"
2026-01-28 18:10:57 2026-01-28T18:10:57.664Z daemon INFO time="2026-01-28T18:10:57Z" level=info msg="Tool required for debug" tool="esp32:esp32-libs@3.3.6"
time="2026-01-28T18:10:57Z" level=info msg="Tool required for debug" tool="esp32:esp32c3-libs@3.3.6"
time="2026-01-28T18:10:57Z" level=info msg="Tool required for debug" tool="esp32:esp32c5-libs@3.3.6"
time="2026-01-28T18:10:57Z" level=info msg="Tool required for debug" tool="esp32:esp32c6-libs@3.3.6"
time="2026-01-28T18:10:57Z" level=info msg="Tool required for debug" tool="esp32:esp32h2-libs@3.3.6"
2026-01-28 18:10:57 2026-01-28T18:10:57.664Z daemon INFO time="2026-01-28T18:10:57Z" level=info msg="Tool required for debug" tool="esp32:esp32p4-libs@3.3.6"
time="2026-01-28T18:10:57Z" level=info msg="Tool required for debug" tool="esp32:esp32p4_es-libs@3.3.6"
time="2026-01-28T18:10:57Z" level=info msg="Tool required for debug" tool="esp32:esp32s2-libs@3.3.6"
time="2026-01-28T18:10:57Z" level=info msg="Tool required for debug" tool="esp32:esp32s3-libs@3.3.6"
2026-01-28 18:10:57 2026-01-28T18:10:57.664Z daemon INFO time="2026-01-28T18:10:57Z" level=info msg="Tool required for debug" tool="esp32:esptool_py@5.1.0"
time="2026-01-28T18:10:57Z" level=info msg="Tool required for debug" tool="esp32:mklittlefs@4.0.2-db0513a"
time="2026-01-28T18:10:57Z" level=info msg="Tool required for debug" tool="esp32:mkspiffs@0.2.3"
2026-01-28 18:10:57 2026-01-28T18:10:57.664Z daemon INFO time="2026-01-28T18:10:57Z" level=info msg="Tool required for debug" tool="esp32:openocd-esp32@v0.12.0-esp32-20251215"
time="2026-01-28T18:10:57Z" level=info msg="Tool required for debug" tool="esp32:riscv32-esp-elf-gdb@16.3_20250913"
2026-01-28 18:10:57 2026-01-28T18:10:57.664Z daemon INFO time="2026-01-28T18:10:57Z" level=info msg="Tool required for debug" tool="esp32:xtensa-esp-elf-gdb@16.3_20250913"
time="2026-01-28T18:10:57Z" level=info msg="Tool required for debug" tool="builtin:serial-monitor@0.15.0"
2026-01-28 18:10:57 2026-01-28T18:10:57.664Z daemon INFO time="2026-01-28T18:10:57Z" level=info msg="Tool required for debug" tool="builtin:serial-discovery@1.4.3"
2026-01-28 18:10:57 2026-01-28T18:10:57.664Z daemon INFO time="2026-01-28T18:10:57Z" level=info msg="Tool required for debug" tool="builtin:dfu-discovery@0.1.2"
2026-01-28 18:10:57 2026-01-28T18:10:57.664Z daemon INFO time="2026-01-28T18:10:57Z" level=info msg="Tool required for debug" tool="arduino:arduinoOTA@1.3.0"
2026-01-28 18:10:57 2026-01-28T18:10:57.664Z daemon INFO time="2026-01-28T18:10:57Z" level=info msg="Tool required for debug" tool="arduino:avr-gcc@7.3.0-atmel3.6.1-arduino7"
time="2026-01-28T18:10:57Z" level=info msg="Tool required for debug" tool="builtin:ctags@5.8-arduino11"
2026-01-28 18:10:57 2026-01-28T18:10:57.664Z daemon INFO time="2026-01-28T18:10:57Z" level=info msg="Tool required for debug" tool="builtin:mdns-discovery@1.0.12"
2026-01-28 18:10:57 2026-01-28T18:10:57.664Z daemon INFO time="2026-01-28T18:10:57Z" level=info msg="Tool required for debug" tool="arduino:avrdude@8.0.0-arduino1"
2026-01-28 18:10:57 2026-01-28T18:10:57.666Z daemon INFO time="2026-01-28T18:10:57Z" level=info msg="Tool required for debug" tool="arduino:dfu-util@0.11.0-arduino5"
time="2026-01-28T18:10:57Z" level=info msg="Tool required for debug" tool="esp32:esp-rv32@2511"
time="2026-01-28T18:10:57Z" level=info msg="Tool required for debug" tool="esp32:esp-x32@2511"
2026-01-28 18:10:57 2026-01-28T18:10:57.666Z daemon INFO time="2026-01-28T18:10:57Z" level=info msg="Tool required for debug" tool="esp32:esp32-libs@3.3.6"
time="2026-01-28T18:10:57Z" level=info msg="Tool required for debug" tool="esp32:esp32c3-libs@3.3.6"
time="2026-01-28T18:10:57Z" level=info msg="Tool required for debug" tool="esp32:esp32c5-libs@3.3.6"
time="2026-01-28T18:10:57Z" level=info msg="Tool required for debug" tool="esp32:esp32c6-libs@3.3.6"
time="2026-01-28T18:10:57Z" level=info msg="Tool required for debug" tool="esp32:esp32h2-libs@3.3.6"
time="2026-01-28T18:10:57Z" level=info msg="Tool required for debug" tool="esp32:esp32p4-libs@3.3.6"
time="2026-01-28T18:10:57Z" level=info msg="Tool required for debug" tool="esp32:esp32p4_es-libs@3.3.6"
time="2026-01-28T18:10:57Z" level=info msg="Tool required for debug" tool="esp32:esp32s2-libs@3.3.6"
2026-01-28 18:10:57 2026-01-28T18:10:57.666Z daemon INFO time="2026-01-28T18:10:57Z" level=info msg="Tool required for debug" tool="esp32:esp32s3-libs@3.3.6"
time="2026-01-28T18:10:57Z" level=info msg="Tool required for debug" tool="esp32:esptool_py@5.1.0"
time="2026-01-28T18:10:57Z" level=info msg="Tool required for debug" tool="esp32:mklittlefs@4.0.2-db0513a"
time="2026-01-28T18:10:57Z" level=info msg="Tool required for debug" tool="esp32:mkspiffs@0.2.3"
time="2026-01-28T18:10:57Z" level=info msg="Tool required for debug" tool="esp32:openocd-esp32@v0.12.0-esp32-20251215"
2026-01-28 18:10:57 2026-01-28T18:10:57.666Z daemon INFO time="2026-01-28T18:10:57Z" level=info msg="Tool required for debug" tool="esp32:riscv32-esp-elf-gdb@16.3_20250913"
time="2026-01-28T18:10:57Z" level=info msg="Tool required for debug" tool="esp32:xtensa-esp-elf-gdb@16.3_20250913"
time="2026-01-28T18:10:57Z" level=info msg="Tool required for debug" tool="builtin:dfu-discovery@0.1.2"
time="2026-01-28T18:10:57Z" level=info msg="Tool required for debug" tool="builtin:serial-monitor@0.15.0"
2026-01-28 18:10:57 2026-01-28T18:10:57.666Z daemon INFO time="2026-01-28T18:10:57Z" level=info msg="Tool required for debug" tool="builtin:ctags@5.8-arduino11"
time="2026-01-28T18:10:57Z" level=info msg="Tool required for debug" tool="builtin:mdns-discovery@1.0.12"
time="2026-01-28T18:10:57Z" level=info msg="Tool required for debug" tool="builtin:serial-discovery@1.4.3"
time="2026-01-28T18:10:57Z" level=info msg="Tool required for debug" tool="arduino:avrdude@8.0.0-arduino1"
2026-01-28 18:10:57 2026-01-28T18:10:57.666Z daemon INFO time="2026-01-28T18:10:57Z" level=info msg="Tool required for debug" tool="arduino:avr-gcc@7.3.0-atmel3.6.1-arduino7"
time="2026-01-28T18:10:57Z" level=info msg="Tool required for debug" tool="arduino:arduinoOTA@1.3.0"
2026-01-28 18:10:57 2026-01-28T18:10:57.668Z daemon INFO time="2026-01-28T18:10:57Z" level=info msg="Tool required for debug" tool="arduino:dfu-util@0.11.0-arduino5"
time="2026-01-28T18:10:57Z" level=info msg="Tool required for debug" tool="esp32:esp-rv32@2511"
2026-01-28 18:10:57 2026-01-28T18:10:57.668Z daemon INFO time="2026-01-28T18:10:57Z" level=info msg="Tool required for debug" tool="esp32:esp-x32@2511"
time="2026-01-28T18:10:57Z" level=info msg="Tool required for debug" tool="esp32:esp32-libs@3.3.6"
time="2026-01-28T18:10:57Z" level=info msg="Tool required for debug" tool="esp32:esp32c3-libs@3.3.6"
time="2026-01-28T18:10:57Z" level=info msg="Tool required for debug" tool="esp32:esp32c5-libs@3.3.6"
time="2026-01-28T18:10:57Z" level=info msg="Tool required for debug" tool="esp32:esp32c6-libs@3.3.6"
time="2026-01-28T18:10:57Z" level=info msg="Tool required for debug" tool="esp32:esp32h2-libs@3.3.6"
time="2026-01-28T18:10:57Z" level=info msg="Tool required for debug" tool="esp32:esp32p4-libs@3.3.6"
time="2026-01-28T18:10:57Z" level=info msg="Tool required for debug" tool="esp32:esp32p4_es-libs@3.3.6"
2026-01-28 18:10:57 2026-01-28T18:10:57.668Z daemon INFO time="2026-01-28T18:10:57Z" level=info msg="Tool required for debug" tool="esp32:esp32s2-libs@3.3.6"
time="2026-01-28T18:10:57Z" level=info msg="Tool required for debug" tool="esp32:esp32s3-libs@3.3.6"
time="2026-01-28T18:10:57Z" level=info msg="Tool required for debug" tool="esp32:esptool_py@5.1.0"
time="2026-01-28T18:10:57Z" level=info msg="Tool required for debug" tool="esp32:mklittlefs@4.0.2-db0513a"
2026-01-28 18:10:57 2026-01-28T18:10:57.668Z daemon INFO time="2026-01-28T18:10:57Z" level=info msg="Tool required for debug" tool="esp32:mkspiffs@0.2.3"
time="2026-01-28T18:10:57Z" level=info msg="Tool required for debug" tool="esp32:openocd-esp32@v0.12.0-esp32-20251215"
time="2026-01-28T18:10:57Z" level=info msg="Tool required for debug" tool="esp32:riscv32-esp-elf-gdb@16.3_20250913"
time="2026-01-28T18:10:57Z" level=info msg="Tool required for debug" tool="esp32:xtensa-esp-elf-gdb@16.3_20250913"
2026-01-28 18:10:57 2026-01-28T18:10:57.668Z daemon INFO time="2026-01-28T18:10:57Z" level=info msg="Tool required for debug" tool="builtin:mdns-discovery@1.0.12"
time="2026-01-28T18:10:57Z" level=info msg="Tool required for debug" tool="builtin:ctags@5.8-arduino11"
2026-01-28 18:10:57 2026-01-28T18:10:57.668Z daemon INFO time="2026-01-28T18:10:57Z" level=info msg="Tool required for debug" tool="arduino:avr-gcc@7.3.0-atmel3.6.1-arduino7"
time="2026-01-28T18:10:57Z" level=info msg="Tool required for debug" tool="arduino:arduinoOTA@1.3.0"
time="2026-01-28T18:10:57Z" level=info msg="Tool required for debug" tool="arduino:avrdude@8.0.0-arduino1"
2026-01-28 18:10:57 2026-01-28T18:10:57.668Z daemon INFO time="2026-01-28T18:10:57Z" level=info msg="Tool required for debug" tool="builtin:dfu-discovery@0.1.2"
time="2026-01-28T18:10:57Z" level=info msg="Tool required for debug" tool="builtin:serial-monitor@0.15.0"
2026-01-28 18:10:57 2026-01-28T18:10:57.668Z daemon INFO time="2026-01-28T18:10:57Z" level=info msg="Tool required for debug" tool="builtin:serial-discovery@1.4.3"
2026-01-28 18:10:57 2026-01-28T18:10:57.669Z daemon INFO time="2026-01-28T18:10:57Z" level=info msg="Tool required for debug" tool="arduino:dfu-util@0.11.0-arduino5"
time="2026-01-28T18:10:57Z" level=info msg="Tool required for debug" tool="esp32:esp-rv32@2511"
time="2026-01-28T18:10:57Z" level=info msg="Tool required for debug" tool="esp32:esp-x32@2511"
2026-01-28 18:10:57 2026-01-28T18:10:57.669Z daemon INFO time="2026-01-28T18:10:57Z" level=info msg="Tool required for debug" tool="esp32:esp32-libs@3.3.6"
time="2026-01-28T18:10:57Z" level=info msg="Tool required for debug" tool="esp32:esp32c3-libs@3.3.6"
time="2026-01-28T18:10:57Z" level=info msg="Tool required for debug" tool="esp32:esp32c5-libs@3.3.6"
time="2026-01-28T18:10:57Z" level=info msg="Tool required for debug" tool="esp32:esp32c6-libs@3.3.6"
time="2026-01-28T18:10:57Z" level=info msg="Tool required for debug" tool="esp32:esp32h2-libs@3.3.6"
time="2026-01-28T18:10:57Z" level=info msg="Tool required for debug" tool="esp32:esp32p4-libs@3.3.6"
time="2026-01-28T18:10:57Z" level=info msg="Tool required for debug" tool="esp32:esp32p4_es-libs@3.3.6"
2026-01-28 18:10:57 2026-01-28T18:10:57.669Z daemon INFO time="2026-01-28T18:10:57Z" level=info msg="Tool required for debug" tool="esp32:esp32s2-libs@3.3.6"
time="2026-01-28T18:10:57Z" level=info msg="Tool required for debug" tool="esp32:esp32s3-libs@3.3.6"
time="2026-01-28T18:10:57Z" level=info msg="Tool required for debug" tool="esp32:esptool_py@5.1.0"
time="2026-01-28T18:10:57Z" level=info msg="Tool required for debug" tool="esp32:mklittlefs@4.0.2-db0513a"
2026-01-28 18:10:57 2026-01-28T18:10:57.669Z daemon INFO time="2026-01-28T18:10:57Z" level=info msg="Tool required for debug" tool="esp32:mkspiffs@0.2.3"
time="2026-01-28T18:10:57Z" level=info msg="Tool required for debug" tool="esp32:openocd-esp32@v0.12.0-esp32-20251215"
time="2026-01-28T18:10:57Z" level=info msg="Tool required for debug" tool="esp32:riscv32-esp-elf-gdb@16.3_20250913"
2026-01-28 18:10:57 2026-01-28T18:10:57.669Z daemon INFO time="2026-01-28T18:10:57Z" level=info msg="Tool required for debug" tool="esp32:xtensa-esp-elf-gdb@16.3_20250913"
time="2026-01-28T18:10:57Z" level=info msg="Tool required for debug" tool="builtin:mdns-discovery@1.0.12"
time="2026-01-28T18:10:57Z" level=info msg="Tool required for debug" tool="arduino:arduinoOTA@1.3.0"
2026-01-28 18:10:57 2026-01-28T18:10:57.669Z daemon INFO time="2026-01-28T18:10:57Z" level=info msg="Tool required for debug" tool="builtin:serial-discovery@1.4.3"
time="2026-01-28T18:10:57Z" level=info msg="Tool required for debug" tool="arduino:avrdude@8.0.0-arduino1"
2026-01-28 18:10:57 2026-01-28T18:10:57.669Z daemon INFO time="2026-01-28T18:10:57Z" level=info msg="Tool required for debug" tool="arduino:avr-gcc@7.3.0-atmel3.6.1-arduino7"
time="2026-01-28T18:10:57Z" level=info msg="Tool required for debug" tool="builtin:ctags@5.8-arduino11"
2026-01-28 18:10:57 2026-01-28T18:10:57.670Z daemon INFO time="2026-01-28T18:10:57Z" level=info msg="Tool required for debug" tool="builtin:dfu-discovery@0.1.2"
time="2026-01-28T18:10:57Z" level=info msg="Tool required for debug" tool="builtin:serial-monitor@0.15.0"
2026-01-28 18:10:57 2026-01-28T18:10:57.671Z daemon INFO time="2026-01-28T18:10:57Z" level=info msg="Tool required for debug" tool="arduino:dfu-util@0.11.0-arduino5"
time="2026-01-28T18:10:57Z" level=info msg="Tool required for debug" tool="esp32:esp-rv32@2511"
2026-01-28 18:10:57 2026-01-28T18:10:57.671Z daemon INFO time="2026-01-28T18:10:57Z" level=info msg="Tool required for debug" tool="esp32:esp-x32@2511"
time="2026-01-28T18:10:57Z" level=info msg="Tool required for debug" tool="esp32:esp32-libs@3.3.6"
time="2026-01-28T18:10:57Z" level=info msg="Tool required for debug" tool="esp32:esp32c3-libs@3.3.6"
time="2026-01-28T18:10:57Z" level=info msg="Tool required for debug" tool="esp32:esp32c5-libs@3.3.6"
time="2026-01-28T18:10:57Z" level=info msg="Tool required for debug" tool="esp32:esp32c6-libs@3.3.6"
time="2026-01-28T18:10:57Z" level=info msg="Tool required for debug" tool="esp32:esp32h2-libs@3.3.6"
time="2026-01-28T18:10:57Z" level=info msg="Tool required for debug" tool="esp32:esp32p4-libs@3.3.6"
2026-01-28 18:10:57 2026-01-28T18:10:57.671Z daemon INFO time="2026-01-28T18:10:57Z" level=info msg="Tool required for debug" tool="esp32:esp32p4_es-libs@3.3.6"
time="2026-01-28T18:10:57Z" level=info msg="Tool required for debug" tool="esp32:esp32s2-libs@3.3.6"
time="2026-01-28T18:10:57Z" level=info msg="Tool required for debug" tool="esp32:esp32s3-libs@3.3.6"
time="2026-01-28T18:10:57Z" level=info msg="Tool required for debug" tool="esp32:esptool_py@5.1.0"
2026-01-28 18:10:57 2026-01-28T18:10:57.671Z daemon INFO time="2026-01-28T18:10:57Z" level=info msg="Tool required for debug" tool="esp32:mklittlefs@4.0.2-db0513a"
time="2026-01-28T18:10:57Z" level=info msg="Tool required for debug" tool="esp32:mkspiffs@0.2.3"
time="2026-01-28T18:10:57Z" level=info msg="Tool required for debug" tool="esp32:openocd-esp32@v0.12.0-esp32-20251215"
2026-01-28 18:10:57 2026-01-28T18:10:57.671Z daemon INFO time="2026-01-28T18:10:57Z" level=info msg="Tool required for debug" tool="esp32:riscv32-esp-elf-gdb@16.3_20250913"
time="2026-01-28T18:10:57Z" level=info msg="Tool required for debug" tool="esp32:xtensa-esp-elf-gdb@16.3_20250913"
time="2026-01-28T18:10:57Z" level=info msg="Tool required for debug" tool="builtin:serial-monitor@0.15.0"
time="2026-01-28T18:10:57Z" level=info msg="Tool required for debug" tool="arduino:avrdude@8.0.0-arduino1"
2026-01-28 18:10:57 2026-01-28T18:10:57.672Z daemon INFO time="2026-01-28T18:10:57Z" level=info msg="Tool required for debug" tool="arduino:avr-gcc@7.3.0-atmel3.6.1-arduino7"
time="2026-01-28T18:10:57Z" level=info msg="Tool required for debug" tool="builtin:ctags@5.8-arduino11"
time="2026-01-28T18:10:57Z" level=info msg="Tool required for debug" tool="builtin:mdns-discovery@1.0.12"
time="2026-01-28T18:10:57Z" level=info msg="Tool required for debug" tool="arduino:arduinoOTA@1.3.0"
time="2026-01-28T18:10:57Z" level=info msg="Tool required for debug" tool="builtin:dfu-discovery@0.1.2"
time="2026-01-28T18:10:57Z" level=info msg="Tool required for debug" tool="builtin:serial-discovery@1.4.3"
2026-01-28 18:10:57 2026-01-28T18:10:57.673Z daemon INFO time="2026-01-28T18:10:57Z" level=info msg="Tool required for debug" tool="arduino:dfu-util@0.11.0-arduino5"
time="2026-01-28T18:10:57Z" level=info msg="Tool required for debug" tool="esp32:esp-rv32@2511"
2026-01-28 18:10:57 2026-01-28T18:10:57.673Z daemon INFO time="2026-01-28T18:10:57Z" level=info msg="Tool required for debug" tool="esp32:esp-x32@2511"
time="2026-01-28T18:10:57Z" level=info msg="Tool required for debug" tool="esp32:esp32-libs@3.3.6"
time="2026-01-28T18:10:57Z" level=info msg="Tool required for debug" tool="esp32:esp32c3-libs@3.3.6"
2026-01-28 18:10:57 2026-01-28T18:10:57.673Z daemon INFO time="2026-01-28T18:10:57Z" level=info msg="Tool required for debug" tool="esp32:esp32c5-libs@3.3.6"
time="2026-01-28T18:10:57Z" level=info msg="Tool required for debug" tool="esp32:esp32c6-libs@3.3.6"
time="2026-01-28T18:10:57Z" level=info msg="Tool required for debug" tool="esp32:esp32h2-libs@3.3.6"
2026-01-28 18:10:57 2026-01-28T18:10:57.673Z daemon INFO time="2026-01-28T18:10:57Z" level=info msg="Tool required for debug" tool="esp32:esp32p4-libs@3.3.6"
time="2026-01-28T18:10:57Z" level=info msg="Tool required for debug" tool="esp32:esp32p4_es-libs@3.3.6"
2026-01-28 18:10:57 2026-01-28T18:10:57.673Z daemon INFO time="2026-01-28T18:10:57Z" level=info msg="Tool required for debug" tool="esp32:esp32s2-libs@3.3.6"
2026-01-28 18:10:57 2026-01-28T18:10:57.673Z daemon INFO time="2026-01-28T18:10:57Z" level=info msg="Tool required for debug" tool="esp32:esp32s3-libs@3.3.6"
time="2026-01-28T18:10:57Z" level=info msg="Tool required for debug" tool="esp32:esptool_py@5.1.0"
2026-01-28 18:10:57 2026-01-28T18:10:57.673Z daemon INFO time="2026-01-28T18:10:57Z" level=info msg="Tool required for debug" tool="esp32:mklittlefs@4.0.2-db0513a"
time="2026-01-28T18:10:57Z" level=info msg="Tool required for debug" tool="esp32:mkspiffs@0.2.3"
time="2026-01-28T18:10:57Z" level=info msg="Tool required for debug" tool="esp32:openocd-esp32@v0.12.0-esp32-20251215"
2026-01-28 18:10:57 2026-01-28T18:10:57.673Z daemon INFO time="2026-01-28T18:10:57Z" level=info msg="Tool required for debug" tool="esp32:riscv32-esp-elf-gdb@16.3_20250913"
time="2026-01-28T18:10:57Z" level=info msg="Tool required for debug" tool="esp32:xtensa-esp-elf-gdb@16.3_20250913"
2026-01-28 18:10:57 2026-01-28T18:10:57.673Z daemon INFO time="2026-01-28T18:10:57Z" level=info msg="Tool required for debug" tool="builtin:dfu-discovery@0.1.2"
time="2026-01-28T18:10:57Z" level=info msg="Tool required for debug" tool="builtin:serial-discovery@1.4.3"
2026-01-28 18:10:57 2026-01-28T18:10:57.673Z daemon INFO time="2026-01-28T18:10:57Z" level=info msg="Tool required for debug" tool="builtin:serial-monitor@0.15.0"
2026-01-28 18:10:57 2026-01-28T18:10:57.673Z daemon INFO time="2026-01-28T18:10:57Z" level=info msg="Tool required for debug" tool="builtin:mdns-discovery@1.0.12"
2026-01-28 18:10:57 2026-01-28T18:10:57.673Z daemon INFO time="2026-01-28T18:10:57Z" level=info msg="Tool required for debug" tool="arduino:avr-gcc@7.3.0-atmel3.6.1-arduino7"
time="2026-01-28T18:10:57Z" level=info msg="Tool required for debug" tool="builtin:ctags@5.8-arduino11"
2026-01-28 18:10:57 2026-01-28T18:10:57.673Z daemon INFO time="2026-01-28T18:10:57Z" level=info msg="Tool required for debug" tool="arduino:arduinoOTA@1.3.0"
2026-01-28 18:10:57 2026-01-28T18:10:57.673Z daemon INFO time="2026-01-28T18:10:57Z" level=info msg="Tool required for debug" tool="arduino:avrdude@8.0.0-arduino1"
2026-01-28 18:10:57 2026-01-28T18:10:57.675Z daemon INFO time="2026-01-28T18:10:57Z" level=info msg="Tool required for debug" tool="arduino:dfu-util@0.11.0-arduino5"
time="2026-01-28T18:10:57Z" level=info msg="Tool required for debug" tool="esp32:esp-rv32@2511"
2026-01-28 18:10:57 2026-01-28T18:10:57.675Z daemon INFO time="2026-01-28T18:10:57Z" level=info msg="Tool required for debug" tool="esp32:esp-x32@2511"
time="2026-01-28T18:10:57Z" level=info msg="Tool required for debug" tool="esp32:esp32-libs@3.3.6"
time="2026-01-28T18:10:57Z" level=info msg="Tool required for debug" tool="esp32:esp32c3-libs@3.3.6"
time="2026-01-28T18:10:57Z" level=info msg="Tool required for debug" tool="esp32:esp32c5-libs@3.3.6"
time="2026-01-28T18:10:57Z" level=info msg="Tool required for debug" tool="esp32:esp32c6-libs@3.3.6"
time="2026-01-28T18:10:57Z" level=info msg="Tool required for debug" tool="esp32:esp32h2-libs@3.3.6"
2026-01-28 18:10:57 2026-01-28T18:10:57.675Z daemon INFO time="2026-01-28T18:10:57Z" level=info msg="Tool required for debug" tool="esp32:esp32p4-libs@3.3.6"
time="2026-01-28T18:10:57Z" level=info msg="Tool required for debug" tool="esp32:esp32p4_es-libs@3.3.6"
time="2026-01-28T18:10:57Z" level=info msg="Tool required for debug" tool="esp32:esp32s2-libs@3.3.6"
time="2026-01-28T18:10:57Z" level=info msg="Tool required for debug" tool="esp32:esp32s3-libs@3.3.6"
2026-01-28 18:10:57 2026-01-28T18:10:57.675Z daemon INFO time="2026-01-28T18:10:57Z" level=info msg="Tool required for debug" tool="esp32:esptool_py@5.1.0"
time="2026-01-28T18:10:57Z" level=info msg="Tool required for debug" tool="esp32:mklittlefs@4.0.2-db0513a"
time="2026-01-28T18:10:57Z" level=info msg="Tool required for debug" tool="esp32:mkspiffs@0.2.3"
2026-01-28 18:10:57 2026-01-28T18:10:57.675Z daemon INFO time="2026-01-28T18:10:57Z" level=info msg="Tool required for debug" tool="esp32:openocd-esp32@v0.12.0-esp32-20251215"
time="2026-01-28T18:10:57Z" level=info msg="Tool required for debug" tool="esp32:riscv32-esp-elf-gdb@16.3_20250913"
time="2026-01-28T18:10:57Z" level=info msg="Tool required for debug" tool="esp32:xtensa-esp-elf-gdb@16.3_20250913"
time="2026-01-28T18:10:57Z" level=info msg="Tool required for debug" tool="builtin:mdns-discovery@1.0.12"
2026-01-28 18:10:57 2026-01-28T18:10:57.675Z daemon INFO time="2026-01-28T18:10:57Z" level=info msg="Tool required for debug" tool="arduino:arduinoOTA@1.3.0"
time="2026-01-28T18:10:57Z" level=info msg="Tool required for debug" tool="builtin:dfu-discovery@0.1.2"
2026-01-28 18:10:57 2026-01-28T18:10:57.675Z daemon INFO time="2026-01-28T18:10:57Z" level=info msg="Tool required for debug" tool="builtin:serial-monitor@0.15.0"
2026-01-28 18:10:57 2026-01-28T18:10:57.675Z daemon INFO time="2026-01-28T18:10:57Z" level=info msg="Tool required for debug" tool="arduino:avrdude@8.0.0-arduino1"
time="2026-01-28T18:10:57Z" level=info msg="Tool required for debug" tool="arduino:avr-gcc@7.3.0-atmel3.6.1-arduino7"
time="2026-01-28T18:10:57Z" level=info msg="Tool required for debug" tool="builtin:serial-discovery@1.4.3"
2026-01-28 18:10:57 2026-01-28T18:10:57.675Z daemon INFO time="2026-01-28T18:10:57Z" level=info msg="Tool required for debug" tool="builtin:ctags@5.8-arduino11"
2026-01-28 18:10:57 2026-01-28T18:10:57.677Z daemon INFO time="2026-01-28T18:10:57Z" level=info msg="Tool required for debug" tool="arduino:dfu-util@0.11.0-arduino5"
time="2026-01-28T18:10:57Z" level=info msg="Tool required for debug" tool="esp32:esp-rv32@2511"
2026-01-28 18:10:57 2026-01-28T18:10:57.677Z daemon INFO time="2026-01-28T18:10:57Z" level=info msg="Tool required for debug" tool="esp32:esp-x32@2511"
time="2026-01-28T18:10:57Z" level=info msg="Tool required for debug" tool="esp32:esp32-libs@3.3.6"
time="2026-01-28T18:10:57Z" level=info msg="Tool required for debug" tool="esp32:esp32c3-libs@3.3.6"
time="2026-01-28T18:10:57Z" level=info msg="Tool required for debug" tool="esp32:esp32c5-libs@3.3.6"
2026-01-28 18:10:57 2026-01-28T18:10:57.677Z daemon INFO time="2026-01-28T18:10:57Z" level=info msg="Tool required for debug" tool="esp32:esp32c6-libs@3.3.6"
time="2026-01-28T18:10:57Z" level=info msg="Tool required for debug" tool="esp32:esp32h2-libs@3.3.6"
2026-01-28 18:10:57 2026-01-28T18:10:57.677Z daemon INFO time="2026-01-28T18:10:57Z" level=info msg="Tool required for debug" tool="esp32:esp32p4-libs@3.3.6"
time="2026-01-28T18:10:57Z" level=info msg="Tool required for debug" tool="esp32:esp32p4_es-libs@3.3.6"
2026-01-28 18:10:57 2026-01-28T18:10:57.677Z daemon INFO time="2026-01-28T18:10:57Z" level=info msg="Tool required for debug" tool="esp32:esp32s2-libs@3.3.6"
time="2026-01-28T18:10:57Z" level=info msg="Tool required for debug" tool="esp32:esp32s3-libs@3.3.6"
time="2026-01-28T18:10:57Z" level=info msg="Tool required for debug" tool="esp32:esptool_py@5.1.0"
2026-01-28 18:10:57 2026-01-28T18:10:57.677Z daemon INFO time="2026-01-28T18:10:57Z" level=info msg="Tool required for debug" tool="esp32:mklittlefs@4.0.2-db0513a"
time="2026-01-28T18:10:57Z" level=info msg="Tool required for debug" tool="esp32:mkspiffs@0.2.3"
2026-01-28 18:10:57 2026-01-28T18:10:57.677Z daemon INFO time="2026-01-28T18:10:57Z" level=info msg="Tool required for debug" tool="esp32:openocd-esp32@v0.12.0-esp32-20251215"
time="2026-01-28T18:10:57Z" level=info msg="Tool required for debug" tool="esp32:riscv32-esp-elf-gdb@16.3_20250913"
2026-01-28 18:10:57 2026-01-28T18:10:57.677Z daemon INFO time="2026-01-28T18:10:57Z" level=info msg="Tool required for debug" tool="esp32:xtensa-esp-elf-gdb@16.3_20250913"
time="2026-01-28T18:10:57Z" level=info msg="Tool required for debug" tool="builtin:serial-discovery@1.4.3"
2026-01-28 18:10:57 2026-01-28T18:10:57.677Z daemon INFO time="2026-01-28T18:10:57Z" level=info msg="Tool required for debug" tool="arduino:arduinoOTA@1.3.0"
2026-01-28 18:10:57 2026-01-28T18:10:57.677Z daemon INFO time="2026-01-28T18:10:57Z" level=info msg="Tool required for debug" tool="arduino:avr-gcc@7.3.0-atmel3.6.1-arduino7"
time="2026-01-28T18:10:57Z" level=info msg="Tool required for debug" tool="builtin:serial-monitor@0.15.0"
2026-01-28 18:10:57 2026-01-28T18:10:57.677Z daemon INFO time="2026-01-28T18:10:57Z" level=info msg="Tool required for debug" tool="builtin:dfu-discovery@0.1.2"
2026-01-28 18:10:57 2026-01-28T18:10:57.677Z daemon INFO time="2026-01-28T18:10:57Z" level=info msg="Tool required for debug" tool="arduino:avrdude@8.0.0-arduino1"
time="2026-01-28T18:10:57Z" level=info msg="Tool required for debug" tool="builtin:ctags@5.8-arduino11"
2026-01-28 18:10:57 2026-01-28T18:10:57.677Z daemon INFO time="2026-01-28T18:10:57Z" level=info msg="Tool required for debug" tool="builtin:mdns-discovery@1.0.12"
2026-01-28 18:10:57 2026-01-28T18:10:57.678Z daemon INFO time="2026-01-28T18:10:57Z" level=info msg="Tool required for debug" tool="arduino:dfu-util@0.11.0-arduino5"
time="2026-01-28T18:10:57Z" level=info msg="Tool required for debug" tool="esp32:esp-rv32@2511"
2026-01-28 18:10:57 2026-01-28T18:10:57.678Z daemon INFO time="2026-01-28T18:10:57Z" level=info msg="Tool required for debug" tool="esp32:esp-x32@2511"
time="2026-01-28T18:10:57Z" level=info msg="Tool required for debug" tool="esp32:esp32-libs@3.3.6"
time="2026-01-28T18:10:57Z" level=info msg="Tool required for debug" tool="esp32:esp32c3-libs@3.3.6"
2026-01-28 18:10:57 2026-01-28T18:10:57.678Z daemon INFO time="2026-01-28T18:10:57Z" level=info msg="Tool required for debug" tool="esp32:esp32c5-libs@3.3.6"
time="2026-01-28T18:10:57Z" level=info msg="Tool required for debug" tool="esp32:esp32c6-libs@3.3.6"
time="2026-01-28T18:10:57Z" level=info msg="Tool required for debug" tool="esp32:esp32h2-libs@3.3.6"
2026-01-28 18:10:57 2026-01-28T18:10:57.678Z daemon INFO time="2026-01-28T18:10:57Z" level=info msg="Tool required for debug" tool="esp32:esp32p4-libs@3.3.6"
2026-01-28 18:10:57 2026-01-28T18:10:57.678Z daemon INFO time="2026-01-28T18:10:57Z" level=info msg="Tool required for debug" tool="esp32:esp32p4_es-libs@3.3.6"
time="2026-01-28T18:10:57Z" level=info msg="Tool required for debug" tool="esp32:esp32s2-libs@3.3.6"
2026-01-28 18:10:57 2026-01-28T18:10:57.678Z daemon INFO time="2026-01-28T18:10:57Z" level=info msg="Tool required for debug" tool="esp32:esp32s3-libs@3.3.6"
time="2026-01-28T18:10:57Z" level=info msg="Tool required for debug" tool="esp32:esptool_py@5.1.0"
time="2026-01-28T18:10:57Z" level=info msg="Tool required for debug" tool="esp32:mklittlefs@4.0.2-db0513a"
2026-01-28 18:10:57 2026-01-28T18:10:57.678Z daemon INFO time="2026-01-28T18:10:57Z" level=info msg="Tool required for debug" tool="esp32:mkspiffs@0.2.3"
time="2026-01-28T18:10:57Z" level=info msg="Tool required for debug" tool="esp32:openocd-esp32@v0.12.0-esp32-20251215"
2026-01-28 18:10:57 2026-01-28T18:10:57.678Z daemon INFO time="2026-01-28T18:10:57Z" level=info msg="Tool required for debug" tool="esp32:riscv32-esp-elf-gdb@16.3_20250913"
time="2026-01-28T18:10:57Z" level=info msg="Tool required for debug" tool="esp32:xtensa-esp-elf-gdb@16.3_20250913"
2026-01-28 18:10:57 2026-01-28T18:10:57.678Z daemon INFO time="2026-01-28T18:10:57Z" level=info msg="Tool required for debug" tool="arduino:avr-gcc@7.3.0-atmel3.6.1-arduino7"
time="2026-01-28T18:10:57Z" level=info msg="Tool required for debug" tool="builtin:serial-discovery@1.4.3"
2026-01-28 18:10:57 2026-01-28T18:10:57.678Z daemon INFO time="2026-01-28T18:10:57Z" level=info msg="Tool required for debug" tool="builtin:serial-monitor@0.15.0"
2026-01-28 18:10:57 2026-01-28T18:10:57.678Z daemon INFO time="2026-01-28T18:10:57Z" level=info msg="Tool required for debug" tool="arduino:arduinoOTA@1.3.0"
2026-01-28 18:10:57 2026-01-28T18:10:57.678Z daemon INFO time="2026-01-28T18:10:57Z" level=info msg="Tool required for debug" tool="arduino:avrdude@8.0.0-arduino1"
time="2026-01-28T18:10:57Z" level=info msg="Tool required for debug" tool="builtin:ctags@5.8-arduino11"
2026-01-28 18:10:57 2026-01-28T18:10:57.678Z daemon INFO time="2026-01-28T18:10:57Z" level=info msg="Tool required for debug" tool="builtin:dfu-discovery@0.1.2"
2026-01-28 18:10:57 2026-01-28T18:10:57.679Z daemon INFO time="2026-01-28T18:10:57Z" level=info msg="Tool required for debug" tool="builtin:mdns-discovery@1.0.12"
2026-01-28 18:10:57 2026-01-28T18:10:57.680Z daemon INFO time="2026-01-28T18:10:57Z" level=info msg="Tool required for debug" tool="arduino:dfu-util@0.11.0-arduino5"
time="2026-01-28T18:10:57Z" level=info msg="Tool required for debug" tool="esp32:esp-rv32@2511"
2026-01-28 18:10:57 2026-01-28T18:10:57.680Z daemon INFO time="2026-01-28T18:10:57Z" level=info msg="Tool required for debug" tool="esp32:esp-x32@2511"
time="2026-01-28T18:10:57Z" level=info msg="Tool required for debug" tool="esp32:esp32-libs@3.3.6"
time="2026-01-28T18:10:57Z" level=info msg="Tool required for debug" tool="esp32:esp32c3-libs@3.3.6"
2026-01-28 18:10:57 2026-01-28T18:10:57.680Z daemon INFO time="2026-01-28T18:10:57Z" level=info msg="Tool required for debug" tool="esp32:esp32c5-libs@3.3.6"
time="2026-01-28T18:10:57Z" level=info msg="Tool required for debug" tool="esp32:esp32c6-libs@3.3.6"
2026-01-28 18:10:57 2026-01-28T18:10:57.680Z daemon INFO time="2026-01-28T18:10:57Z" level=info msg="Tool required for debug" tool="esp32:esp32h2-libs@3.3.6"
time="2026-01-28T18:10:57Z" level=info msg="Tool required for debug" tool="esp32:esp32p4-libs@3.3.6"
2026-01-28 18:10:57 2026-01-28T18:10:57.680Z daemon INFO time="2026-01-28T18:10:57Z" level=info msg="Tool required for debug" tool="esp32:esp32p4_es-libs@3.3.6"
time="2026-01-28T18:10:57Z" level=info msg="Tool required for debug" tool="esp32:esp32s2-libs@3.3.6"
2026-01-28 18:10:57 2026-01-28T18:10:57.680Z daemon INFO time="2026-01-28T18:10:57Z" level=info msg="Tool required for debug" tool="esp32:esp32s3-libs@3.3.6"
time="2026-01-28T18:10:57Z" level=info msg="Tool required for debug" tool="esp32:esptool_py@5.1.0"
2026-01-28 18:10:57 2026-01-28T18:10:57.680Z daemon INFO time="2026-01-28T18:10:57Z" level=info msg="Tool required for debug" tool="esp32:mklittlefs@4.0.2-db0513a"
time="2026-01-28T18:10:57Z" level=info msg="Tool required for debug" tool="esp32:mkspiffs@0.2.3"
2026-01-28 18:10:57 2026-01-28T18:10:57.680Z daemon INFO time="2026-01-28T18:10:57Z" level=info msg="Tool required for debug" tool="esp32:openocd-esp32@v0.12.0-esp32-20251215"
time="2026-01-28T18:10:57Z" level=info msg="Tool required for debug" tool="esp32:riscv32-esp-elf-gdb@16.3_20250913"
2026-01-28 18:10:57 2026-01-28T18:10:57.680Z daemon INFO time="2026-01-28T18:10:57Z" level=info msg="Tool required for debug" tool="esp32:xtensa-esp-elf-gdb@16.3_20250913"
time="2026-01-28T18:10:57Z" level=info msg="Tool required for debug" tool="arduino:arduinoOTA@1.3.0"
time="2026-01-28T18:10:57Z" level=info msg="Tool required for debug" tool="arduino:avrdude@8.0.0-arduino1"
2026-01-28 18:10:57 2026-01-28T18:10:57.680Z daemon INFO time="2026-01-28T18:10:57Z" level=info msg="Tool required for debug" tool="builtin:mdns-discovery@1.0.12"
2026-01-28 18:10:57 2026-01-28T18:10:57.680Z daemon INFO time="2026-01-28T18:10:57Z" level=info msg="Tool required for debug" tool="builtin:ctags@5.8-arduino11"
2026-01-28 18:10:57 2026-01-28T18:10:57.680Z daemon INFO time="2026-01-28T18:10:57Z" level=info msg="Tool required for debug" tool="builtin:dfu-discovery@0.1.2"
2026-01-28 18:10:57 2026-01-28T18:10:57.680Z daemon INFO time="2026-01-28T18:10:57Z" level=info msg="Tool required for debug" tool="builtin:serial-monitor@0.15.0"
2026-01-28 18:10:57 2026-01-28T18:10:57.680Z daemon INFO time="2026-01-28T18:10:57Z" level=info msg="Tool required for debug" tool="arduino:avr-gcc@7.3.0-atmel3.6.1-arduino7"
time="2026-01-28T18:10:57Z" level=info msg="Tool required for debug" tool="builtin:serial-discovery@1.4.3"
2026-01-28 18:10:57 2026-01-28T18:10:57.682Z daemon INFO time="2026-01-28T18:10:57Z" level=info msg="Tool required for debug" tool="arduino:dfu-util@0.11.0-arduino5"
time="2026-01-28T18:10:57Z" level=info msg="Tool required for debug" tool="esp32:esp-rv32@2511"
time="2026-01-28T18:10:57Z" level=info msg="Tool required for debug" tool="esp32:esp-x32@2511"
2026-01-28 18:10:57 2026-01-28T18:10:57.682Z daemon INFO time="2026-01-28T18:10:57Z" level=info msg="Tool required for debug" tool="esp32:esp32-libs@3.3.6"
time="2026-01-28T18:10:57Z" level=info msg="Tool required for debug" tool="esp32:esp32c3-libs@3.3.6"
time="2026-01-28T18:10:57Z" level=info msg="Tool required for debug" tool="esp32:esp32c5-libs@3.3.6"
time="2026-01-28T18:10:57Z" level=info msg="Tool required for debug" tool="esp32:esp32c6-libs@3.3.6"
time="2026-01-28T18:10:57Z" level=info msg="Tool required for debug" tool="esp32:esp32h2-libs@3.3.6"
time="2026-01-28T18:10:57Z" level=info msg="Tool required for debug" tool="esp32:esp32p4-libs@3.3.6"
time="2026-01-28T18:10:57Z" level=info msg="Tool required for debug" tool="esp32:esp32p4_es-libs@3.3.6"
time="2026-01-28T18:10:57Z" level=info msg="Tool required for debug" tool="esp32:esp32s2-libs@3.3.6"
2026-01-28 18:10:57 2026-01-28T18:10:57.682Z daemon INFO time="2026-01-28T18:10:57Z" level=info msg="Tool required for debug" tool="esp32:esp32s3-libs@3.3.6"
time="2026-01-28T18:10:57Z" level=info msg="Tool required for debug" tool="esp32:esptool_py@5.1.0"
time="2026-01-28T18:10:57Z" level=info msg="Tool required for debug" tool="esp32:mklittlefs@4.0.2-db0513a"
time="2026-01-28T18:10:57Z" level=info msg="Tool required for debug" tool="esp32:mkspiffs@0.2.3"
2026-01-28 18:10:57 2026-01-28T18:10:57.682Z daemon INFO time="2026-01-28T18:10:57Z" level=info msg="Tool required for debug" tool="esp32:openocd-esp32@v0.12.0-esp32-20251215"
time="2026-01-28T18:10:57Z" level=info msg="Tool required for debug" tool="esp32:riscv32-esp-elf-gdb@16.3_20250913"
2026-01-28 18:10:57 2026-01-28T18:10:57.682Z daemon INFO time="2026-01-28T18:10:57Z" level=info msg="Tool required for debug" tool="esp32:xtensa-esp-elf-gdb@16.3_20250913"
2026-01-28 18:10:57 2026-01-28T18:10:57.682Z daemon INFO time="2026-01-28T18:10:57Z" level=info msg="Tool required for debug" tool="builtin:ctags@5.8-arduino11"
time="2026-01-28T18:10:57Z" level=info msg="Tool required for debug" tool="builtin:mdns-discovery@1.0.12"
2026-01-28 18:10:57 2026-01-28T18:10:57.683Z daemon INFO time="2026-01-28T18:10:57Z" level=info msg="Tool required for debug" tool="builtin:serial-discovery@1.4.3"
2026-01-28 18:10:57 2026-01-28T18:10:57.683Z daemon INFO time="2026-01-28T18:10:57Z" level=info msg="Tool required for debug" tool="arduino:avr-gcc@7.3.0-atmel3.6.1-arduino7"
2026-01-28 18:10:57 2026-01-28T18:10:57.683Z daemon INFO time="2026-01-28T18:10:57Z" level=info msg="Tool required for debug" tool="builtin:dfu-discovery@0.1.2"
time="2026-01-28T18:10:57Z" level=info msg="Tool required for debug" tool="arduino:arduinoOTA@1.3.0"
2026-01-28 18:10:57 2026-01-28T18:10:57.683Z daemon INFO time="2026-01-28T18:10:57Z" level=info msg="Tool required for debug" tool="arduino:avrdude@8.0.0-arduino1"
2026-01-28 18:10:57 2026-01-28T18:10:57.683Z daemon INFO time="2026-01-28T18:10:57Z" level=info msg="Tool required for debug" tool="builtin:serial-monitor@0.15.0"
2026-01-28 18:10:57 2026-01-28T18:10:57.684Z daemon INFO time="2026-01-28T18:10:57Z" level=info msg="Tool required for debug" tool="arduino:dfu-util@0.11.0-arduino5"
time="2026-01-28T18:10:57Z" level=info msg="Tool required for debug" tool="esp32:esp-rv32@2511"
time="2026-01-28T18:10:57Z" level=info msg="Tool required for debug" tool="esp32:esp-x32@2511"
2026-01-28 18:10:57 2026-01-28T18:10:57.684Z daemon INFO time="2026-01-28T18:10:57Z" level=info msg="Tool required for debug" tool="esp32:esp32-libs@3.3.6"
time="2026-01-28T18:10:57Z" level=info msg="Tool required for debug" tool="esp32:esp32c3-libs@3.3.6"
time="2026-01-28T18:10:57Z" level=info msg="Tool required for debug" tool="esp32:esp32c5-libs@3.3.6"
time="2026-01-28T18:10:57Z" level=info msg="Tool required for debug" tool="esp32:esp32c6-libs@3.3.6"
time="2026-01-28T18:10:57Z" level=info msg="Tool required for debug" tool="esp32:esp32h2-libs@3.3.6"
time="2026-01-28T18:10:57Z" level=info msg="Tool required for debug" tool="esp32:esp32p4-libs@3.3.6"
time="2026-01-28T18:10:57Z" level=info msg="Tool required for debug" tool="esp32:esp32p4_es-libs@3.3.6"
time="2026-01-28T18:10:57Z" level=info msg="Tool required for debug" tool="esp32:esp32s2-libs@3.3.6"
2026-01-28 18:10:57 2026-01-28T18:10:57.684Z daemon INFO time="2026-01-28T18:10:57Z" level=info msg="Tool required for debug" tool="esp32:esp32s3-libs@3.3.6"
time="2026-01-28T18:10:57Z" level=info msg="Tool required for debug" tool="esp32:esptool_py@5.1.0"
2026-01-28 18:10:57 2026-01-28T18:10:57.684Z daemon INFO time="2026-01-28T18:10:57Z" level=info msg="Tool required for debug" tool="esp32:mklittlefs@4.0.2-db0513a"
time="2026-01-28T18:10:57Z" level=info msg="Tool required for debug" tool="esp32:mkspiffs@0.2.3"
2026-01-28 18:10:57 2026-01-28T18:10:57.684Z daemon INFO time="2026-01-28T18:10:57Z" level=info msg="Tool required for debug" tool="esp32:openocd-esp32@v0.12.0-esp32-20251215"
time="2026-01-28T18:10:57Z" level=info msg="Tool required for debug" tool="esp32:riscv32-esp-elf-gdb@16.3_20250913"
2026-01-28 18:10:57 2026-01-28T18:10:57.685Z daemon INFO time="2026-01-28T18:10:57Z" level=info msg="Tool required for debug" tool="esp32:xtensa-esp-elf-gdb@16.3_20250913"
time="2026-01-28T18:10:57Z" level=info msg="Tool required for debug" tool="builtin:mdns-discovery@1.0.12"
2026-01-28 18:10:57 2026-01-28T18:10:57.685Z daemon INFO time="2026-01-28T18:10:57Z" level=info msg="Tool required for debug" tool="builtin:serial-monitor@0.15.0"
2026-01-28 18:10:57 2026-01-28T18:10:57.685Z daemon INFO time="2026-01-28T18:10:57Z" level=info msg="Tool required for debug" tool="arduino:avr-gcc@7.3.0-atmel3.6.1-arduino7"
time="2026-01-28T18:10:57Z" level=info msg="Tool required for debug" tool="builtin:ctags@5.8-arduino11"
2026-01-28 18:10:57 2026-01-28T18:10:57.685Z daemon INFO time="2026-01-28T18:10:57Z" level=info msg="Tool required for debug" tool="builtin:dfu-discovery@0.1.2"
2026-01-28 18:10:57 2026-01-28T18:10:57.685Z daemon INFO time="2026-01-28T18:10:57Z" level=info msg="Tool required for debug" tool="arduino:avrdude@8.0.0-arduino1"
time="2026-01-28T18:10:57Z" level=info msg="Tool required for debug" tool="arduino:arduinoOTA@1.3.0"
2026-01-28 18:10:57 2026-01-28T18:10:57.685Z daemon INFO time="2026-01-28T18:10:57Z" level=info msg="Tool required for debug" tool="builtin:serial-discovery@1.4.3"
2026-01-28 18:10:57 2026-01-28T18:10:57.687Z daemon INFO time="2026-01-28T18:10:57Z" level=info msg="Tool required for debug" tool="arduino:dfu-util@0.11.0-arduino5"
time="2026-01-28T18:10:57Z" level=info msg="Tool required for debug" tool="esp32:esp-rv32@2511"
time="2026-01-28T18:10:57Z" level=info msg="Tool required for debug" tool="esp32:esp-x32@2511"
time="2026-01-28T18:10:57Z" level=info msg="Tool required for debug" tool="esp32:esp32-libs@3.3.6"
2026-01-28 18:10:57 2026-01-28T18:10:57.687Z daemon INFO time="2026-01-28T18:10:57Z" level=info msg="Tool required for debug" tool="esp32:esp32c3-libs@3.3.6"
time="2026-01-28T18:10:57Z" level=info msg="Tool required for debug" tool="esp32:esp32c5-libs@3.3.6"
time="2026-01-28T18:10:57Z" level=info msg="Tool required for debug" tool="esp32:esp32c6-libs@3.3.6"
time="2026-01-28T18:10:57Z" level=info msg="Tool required for debug" tool="esp32:esp32h2-libs@3.3.6"
time="2026-01-28T18:10:57Z" level=info msg="Tool required for debug" tool="esp32:esp32p4-libs@3.3.6"
time="2026-01-28T18:10:57Z" level=info msg="Tool required for debug" tool="esp32:esp32p4_es-libs@3.3.6"
time="2026-01-28T18:10:57Z" level=info msg="Tool required for debug" tool="esp32:esp32s2-libs@3.3.6"
time="2026-01-28T18:10:57Z" level=info msg="Tool required for debug" tool="esp32:esp32s3-libs@3.3.6"
time="2026-01-28T18:10:57Z" level=info msg="Tool required for debug" tool="esp32:esptool_py@5.1.0"
2026-01-28 18:10:57 2026-01-28T18:10:57.687Z daemon INFO time="2026-01-28T18:10:57Z" level=info msg="Tool required for debug" tool="esp32:mklittlefs@4.0.2-db0513a"
time="2026-01-28T18:10:57Z" level=info msg="Tool required for debug" tool="esp32:mkspiffs@0.2.3"
time="2026-01-28T18:10:57Z" level=info msg="Tool required for debug" tool="esp32:openocd-esp32@v0.12.0-esp32-20251215"
time="2026-01-28T18:10:57Z" level=info msg="Tool required for debug" tool="esp32:riscv32-esp-elf-gdb@16.3_20250913"
time="2026-01-28T18:10:57Z" level=info msg="Tool required for debug" tool="esp32:xtensa-esp-elf-gdb@16.3_20250913"
time="2026-01-28T18:10:57Z" level=info msg="Tool required for debug" tool="arduino:avrdude@8.0.0-arduino1"
2026-01-28 18:10:57 2026-01-28T18:10:57.687Z daemon INFO time="2026-01-28T18:10:57Z" level=info msg="Tool required for debug" tool="builtin:serial-discovery@1.4.3"
time="2026-01-28T18:10:57Z" level=info msg="Tool required for debug" tool="builtin:serial-monitor@0.15.0"
time="2026-01-28T18:10:57Z" level=info msg="Tool required for debug" tool="arduino:avr-gcc@7.3.0-atmel3.6.1-arduino7"
time="2026-01-28T18:10:57Z" level=info msg="Tool required for debug" tool="builtin:mdns-discovery@1.0.12"
2026-01-28 18:10:57 2026-01-28T18:10:57.687Z daemon INFO time="2026-01-28T18:10:57Z" level=info msg="Tool required for debug" tool="arduino:arduinoOTA@1.3.0"
2026-01-28 18:10:57 2026-01-28T18:10:57.687Z daemon INFO time="2026-01-28T18:10:57Z" level=info msg="Tool required for debug" tool="builtin:ctags@5.8-arduino11"
time="2026-01-28T18:10:57Z" level=info msg="Tool required for debug" tool="builtin:dfu-discovery@0.1.2"
2026-01-28 18:10:57 2026-01-28T18:10:57.689Z daemon INFO time="2026-01-28T18:10:57Z" level=info msg="Tool required for debug" tool="arduino:dfu-util@0.11.0-arduino5"
time="2026-01-28T18:10:57Z" level=info msg="Tool required for debug" tool="esp32:esp-rv32@2511"
time="2026-01-28T18:10:57Z" level=info msg="Tool required for debug" tool="esp32:esp-x32@2511"
2026-01-28 18:10:57 2026-01-28T18:10:57.689Z daemon INFO time="2026-01-28T18:10:57Z" level=info msg="Tool required for debug" tool="esp32:esp32-libs@3.3.6"
time="2026-01-28T18:10:57Z" level=info msg="Tool required for debug" tool="esp32:esp32c3-libs@3.3.6"
time="2026-01-28T18:10:57Z" level=info msg="Tool required for debug" tool="esp32:esp32c5-libs@3.3.6"
time="2026-01-28T18:10:57Z" level=info msg="Tool required for debug" tool="esp32:esp32c6-libs@3.3.6"
time="2026-01-28T18:10:57Z" level=info msg="Tool required for debug" tool="esp32:esp32h2-libs@3.3.6"
time="2026-01-28T18:10:57Z" level=info msg="Tool required for debug" tool="esp32:esp32p4-libs@3.3.6"
time="2026-01-28T18:10:57Z" level=info msg="Tool required for debug" tool="esp32:esp32p4_es-libs@3.3.6"
time="2026-01-28T18:10:57Z" level=info msg="Tool required for debug" tool="esp32:esp32s2-libs@3.3.6"
2026-01-28 18:10:57 2026-01-28T18:10:57.689Z daemon INFO time="2026-01-28T18:10:57Z" level=info msg="Tool required for debug" tool="esp32:esp32s3-libs@3.3.6"
time="2026-01-28T18:10:57Z" level=info msg="Tool required for debug" tool="esp32:esptool_py@5.1.0"
time="2026-01-28T18:10:57Z" level=info msg="Tool required for debug" tool="esp32:mklittlefs@4.0.2-db0513a"
time="2026-01-28T18:10:57Z" level=info msg="Tool required for debug" tool="esp32:mkspiffs@0.2.3"
time="2026-01-28T18:10:57Z" level=info msg="Tool required for debug" tool="esp32:openocd-esp32@v0.12.0-esp32-20251215"
time="2026-01-28T18:10:57Z" level=info msg="Tool required for debug" tool="esp32:riscv32-esp-elf-gdb@16.3_20250913"
2026-01-28 18:10:57 2026-01-28T18:10:57.689Z daemon INFO time="2026-01-28T18:10:57Z" level=info msg="Tool required for debug" tool="esp32:xtensa-esp-elf-gdb@16.3_20250913"
time="2026-01-28T18:10:57Z" level=info msg="Tool required for debug" tool="builtin:serial-monitor@0.15.0"
time="2026-01-28T18:10:57Z" level=info msg="Tool required for debug" tool="builtin:ctags@5.8-arduino11"
2026-01-28 18:10:57 2026-01-28T18:10:57.689Z daemon INFO time="2026-01-28T18:10:57Z" level=info msg="Tool required for debug" tool="arduino:avrdude@8.0.0-arduino1"
time="2026-01-28T18:10:57Z" level=info msg="Tool required for debug" tool="arduino:avr-gcc@7.3.0-atmel3.6.1-arduino7"
time="2026-01-28T18:10:57Z" level=info msg="Tool required for debug" tool="builtin:mdns-discovery@1.0.12"
time="2026-01-28T18:10:57Z" level=info msg="Tool required for debug" tool="builtin:dfu-discovery@0.1.2"
2026-01-28 18:10:57 2026-01-28T18:10:57.689Z daemon INFO time="2026-01-28T18:10:57Z" level=info msg="Tool required for debug" tool="arduino:arduinoOTA@1.3.0"
time="2026-01-28T18:10:57Z" level=info msg="Tool required for debug" tool="builtin:serial-discovery@1.4.3"
2026-01-28 18:10:57 2026-01-28T18:10:57.690Z daemon INFO time="2026-01-28T18:10:57Z" level=info msg="Tool required for debug" tool="arduino:dfu-util@0.11.0-arduino5"
time="2026-01-28T18:10:57Z" level=info msg="Tool required for debug" tool="esp32:esp-rv32@2511"
time="2026-01-28T18:10:57Z" level=info msg="Tool required for debug" tool="esp32:esp-x32@2511"
time="2026-01-28T18:10:57Z" level=info msg="Tool required for debug" tool="esp32:esp32-libs@3.3.6"
2026-01-28 18:10:57 2026-01-28T18:10:57.690Z daemon INFO time="2026-01-28T18:10:57Z" level=info msg="Tool required for debug" tool="esp32:esp32c3-libs@3.3.6"
time="2026-01-28T18:10:57Z" level=info msg="Tool required for debug" tool="esp32:esp32c5-libs@3.3.6"
time="2026-01-28T18:10:57Z" level=info msg="Tool required for debug" tool="esp32:esp32c6-libs@3.3.6"
time="2026-01-28T18:10:57Z" level=info msg="Tool required for debug" tool="esp32:esp32h2-libs@3.3.6"
time="2026-01-28T18:10:57Z" level=info msg="Tool required for debug" tool="esp32:esp32p4-libs@3.3.6"
time="2026-01-28T18:10:57Z" level=info msg="Tool required for debug" tool="esp32:esp32p4_es-libs@3.3.6"
time="2026-01-28T18:10:57Z" level=info msg="Tool required for debug" tool="esp32:esp32s2-libs@3.3.6"
time="2026-01-28T18:10:57Z" level=info msg="Tool required for debug" tool="esp32:esp32s3-libs@3.3.6"
time="2026-01-28T18:10:57Z" level=info msg="Tool required for debug" tool="esp32:esptool_py@5.1.0"
time="2026-01-28T18:10:57Z" level=info msg="Tool required for debug" tool="esp32:mklittlefs@4.0.2-db0513a"
time="2026-01-28T18:10:57Z" level=info msg="Tool required for debug" tool="esp32:mkspiffs@0.2.3"
time="2026-01-28T18:10:57Z" level=info msg="Tool required for debug" tool="esp32:openocd-esp32@v0.12.0-esp32-20251215"
2026-01-28 18:10:57 2026-01-28T18:10:57.691Z daemon INFO time="2026-01-28T18:10:57Z" level=info msg="Tool required for debug" tool="esp32:riscv32-esp-elf-gdb@16.3_20250913"
time="2026-01-28T18:10:57Z" level=info msg="Tool required for debug" tool="esp32:xtensa-esp-elf-gdb@16.3_20250913"
time="2026-01-28T18:10:57Z" level=info msg="Tool required for debug" tool="builtin:ctags@5.8-arduino11"
time="2026-01-28T18:10:57Z" level=info msg="Tool required for debug" tool="builtin:mdns-discovery@1.0.12"
time="2026-01-28T18:10:57Z" level=info msg="Tool required for debug" tool="builtin:serial-monitor@0.15.0"
2026-01-28 18:10:57 2026-01-28T18:10:57.691Z daemon INFO time="2026-01-28T18:10:57Z" level=info msg="Tool required for debug" tool="arduino:avrdude@8.0.0-arduino1"
time="2026-01-28T18:10:57Z" level=info msg="Tool required for debug" tool="arduino:arduinoOTA@1.3.0"
time="2026-01-28T18:10:57Z" level=info msg="Tool required for debug" tool="builtin:dfu-discovery@0.1.2"
2026-01-28 18:10:57 2026-01-28T18:10:57.691Z daemon INFO time="2026-01-28T18:10:57Z" level=info msg="Tool required for debug" tool="builtin:serial-discovery@1.4.3"
time="2026-01-28T18:10:57Z" level=info msg="Tool required for debug" tool="arduino:avr-gcc@7.3.0-atmel3.6.1-arduino7"
2026-01-28 18:10:58 2026-01-28T18:10:58.632Z daemon INFO time="2026-01-28T18:10:58Z" level=info msg="Adding libraries dir" dir=/home/shrek/.arduino15/libraries isSingleLibrary=false location=ide
time="2026-01-28T18:10:58Z" level=info msg="Adding libraries dir" dir=/home/shrek/.arduino15/packages/esp32/hardware/esp32/3.3.6/libraries isSingleLibrary=false location=platform
2026-01-28 18:10:58 2026-01-28T18:10:58.633Z daemon INFO time="2026-01-28T18:10:58Z" level=info msg="Adding libraries dir" dir=/home/shrek/Arduino/libraries isSingleLibrary=false location=user
2026-01-28 18:11:03 2026-01-28T18:11:03.863Z root INFO Received port after upload [arduino+serial:///dev/ttyACM0, esp32:esp32:esp32s3:UploadSpeed=115200,USBMode=hwcdc,CDCOnBoot=cdc,MSCOnBoot=default,DFUOnBoot=default,UploadMode=default,CPUFreq=240,FlashMode=qio,FlashSize=32M,PartitionScheme=default,DebugLevel=none,PSRAM=disabled,LoopCore=1,EventsCore=1,EraseFlash=none,JTAGAdapter=default,ZigbeeMode=default, practice]. Before port: {"protocol":"serial","address":"/dev/ttyACM0"}, after port: {"address":"/dev/ttyACM0","addressLabel":"/dev/ttyACM0","protocol":"serial","protocolLabel":"Serial Port (USB)","properties":{"pid":"0x1001","serialNumber":"90:E5:B1:D7:D6:84","vid":"0x303a"},"hardwareId":"90:E5:B1:D7:D6:84"}
2026-01-28 18:11:37 2026-01-28T18:11:37.833Z daemon INFO time="2026-01-28T18:11:37Z" level=info msg="Adding libraries dir" dir=/home/shrek/.arduino15/libraries isSingleLibrary=false location=ide
time="2026-01-28T18:11:37Z" level=info msg="Adding libraries dir" dir=/home/shrek/.arduino15/packages/esp32/hardware/esp32/3.3.6/libraries isSingleLibrary=false location=platform
time="2026-01-28T18:11:37Z" level=info msg="Adding libraries dir" dir=/home/shrek/Arduino/libraries isSingleLibrary=false location=user
2026-01-28 18:11:39 2026-01-28T18:11:39.570Z daemon INFO time="2026-01-28T18:11:39Z" level=info msg="Adding libraries dir" dir=/home/shrek/.arduino15/libraries isSingleLibrary=false location=ide
2026-01-28 18:11:39 2026-01-28T18:11:39.570Z daemon INFO time="2026-01-28T18:11:39Z" level=info msg="Adding libraries dir" dir=/home/shrek/.arduino15/packages/esp32/hardware/esp32/3.3.6/libraries isSingleLibrary=false location=platform
time="2026-01-28T18:11:39Z" level=info msg="Adding libraries dir" dir=/home/shrek/Arduino/libraries isSingleLibrary=false location=user
2026-01-28 18:13:13 2026-01-28T18:13:13.538Z daemon INFO time="2026-01-28T18:13:13Z" level=info msg="Adding libraries dir" dir=/home/shrek/.arduino15/libraries isSingleLibrary=false location=ide
2026-01-28 18:13:13 2026-01-28T18:13:13.538Z daemon INFO time="2026-01-28T18:13:13Z" level=info msg="Adding libraries dir" dir=/home/shrek/.arduino15/packages/esp32/hardware/esp32/3.3.6/libraries isSingleLibrary=false location=platform
time="2026-01-28T18:13:13Z" level=info msg="Adding libraries dir" dir=/home/shrek/Arduino/libraries isSingleLibrary=false location=user
2026-01-28 18:13:14 2026-01-28T18:13:14.066Z daemon INFO time="2026-01-28T18:13:14Z" level=info msg="Resolving include MD_MAX72xx.h for arch esp32"
time="2026-01-28T18:13:14Z" level=info msg="  found better lib" lib=MD_MAX72XX prio=6A7
2026-01-28 18:13:14 2026-01-28T18:13:14.409Z daemon INFO time="2026-01-28T18:13:14Z" level=info msg="Resolving include SPI.h for arch esp32"
time="2026-01-28T18:13:14Z" level=info msg="  found better lib" lib=SPI prio=6B0
2026-01-28 18:13:15 2026-01-28T18:13:15.788Z daemon INFO time="2026-01-28T18:13:15Z" level=info msg="Adding libraries dir" dir=/home/shrek/.arduino15/libraries isSingleLibrary=false location=ide
time="2026-01-28T18:13:15Z" level=info msg="Adding libraries dir" dir=/home/shrek/.arduino15/packages/esp32/hardware/esp32/3.3.6/libraries isSingleLibrary=false location=platform
time="2026-01-28T18:13:15Z" level=info msg="Adding libraries dir" dir=/home/shrek/Arduino/libraries isSingleLibrary=false location=user
2026-01-28 18:13:20 2026-01-28T18:13:20.911Z daemon INFO time="2026-01-28T18:13:20Z" level=info msg="Adding libraries dir" dir=/home/shrek/.arduino15/libraries isSingleLibrary=false location=ide
time="2026-01-28T18:13:20Z" level=info msg="Adding libraries dir" dir=/home/shrek/.arduino15/packages/esp32/hardware/esp32/3.3.6/libraries isSingleLibrary=false location=platform
time="2026-01-28T18:13:20Z" level=info msg="Adding libraries dir" dir=/home/shrek/Arduino/libraries isSingleLibrary=false location=user
2026-01-28 18:13:22 2026-01-28T18:13:22.690Z daemon INFO time="2026-01-28T18:13:22Z" level=info msg="Adding libraries dir" dir=/home/shrek/.arduino15/libraries isSingleLibrary=false location=ide
2026-01-28 18:13:22 2026-01-28T18:13:22.690Z daemon INFO time="2026-01-28T18:13:22Z" level=info msg="Adding libraries dir" dir=/home/shrek/.arduino15/packages/esp32/hardware/esp32/3.3.6/libraries isSingleLibrary=false location=platform
time="2026-01-28T18:13:22Z" level=info msg="Adding libraries dir" dir=/home/shrek/Arduino/libraries isSingleLibrary=false location=user
2026-01-28 18:13:23 2026-01-28T18:13:23.740Z daemon INFO time="2026-01-28T18:13:23Z" level=info msg="Adding libraries dir" dir=/home/shrek/.arduino15/libraries isSingleLibrary=false location=ide
2026-01-28 18:13:23 2026-01-28T18:13:23.740Z daemon INFO time="2026-01-28T18:13:23Z" level=info msg="Adding libraries dir" dir=/home/shrek/.arduino15/packages/esp32/hardware/esp32/3.3.6/libraries isSingleLibrary=false location=platform
time="2026-01-28T18:13:23Z" level=info msg="Adding libraries dir" dir=/home/shrek/Arduino/libraries isSingleLibrary=false location=user
2026-01-28 18:13:24 2026-01-28T18:13:24.388Z daemon INFO time="2026-01-28T18:13:24Z" level=info msg="Resolving include MD_MAX72xx.h for arch esp32"
time="2026-01-28T18:13:24Z" level=info msg="  found better lib" lib=MD_MAX72XX prio=6A7
2026-01-28 18:13:24 2026-01-28T18:13:24.400Z daemon INFO time="2026-01-28T18:13:24Z" level=info msg="Resolving include SPI.h for arch esp32"
time="2026-01-28T18:13:24Z" level=info msg="  found better lib" lib=SPI prio=6B0
2026-01-28 18:13:26 2026-01-28T18:13:26.529Z root INFO Executing 'arduino.languageserver.notifyBuildDidComplete' with "file:///home/shrek/.cache/arduino/sketches/06F50BDA0506E2D6953ED82E048FA1AF"
2026-01-28 18:13:26 2026-01-28T18:13:26.564Z daemon INFO time="2026-01-28T18:13:26Z" level=info msg="Tool required for debug" tool="arduino:dfu-util@0.11.0-arduino5"
time="2026-01-28T18:13:26Z" level=info msg="Tool required for debug" tool="esp32:esp-rv32@2511"
time="2026-01-28T18:13:26Z" level=info msg="Tool required for debug" tool="esp32:esp-x32@2511"
time="2026-01-28T18:13:26Z" level=info msg="Tool required for debug" tool="esp32:esp32-libs@3.3.6"
time="2026-01-28T18:13:26Z" level=info msg="Tool required for debug" tool="esp32:esp32c3-libs@3.3.6"
time="2026-01-28T18:13:26Z" level=info msg="Tool required for debug" tool="esp32:esp32c5-libs@3.3.6"
time="2026-01-28T18:13:26Z" level=info msg="Tool required for debug" tool="esp32:esp32c6-libs@3.3.6"
time="2026-01-28T18:13:26Z" level=info msg="Tool required for debug" tool="esp32:esp32h2-libs@3.3.6"
time="2026-01-28T18:13:26Z" level=info msg="Tool required for debug" tool="esp32:esp32p4-libs@3.3.6"
time="2026-01-28T18:13:26Z" level=info msg="Tool required for debug" tool="esp32:esp32p4_es-libs@3.3.6"
time="2026-01-28T18:13:26Z" level=info msg="Tool required for debug" tool="esp32:esp32s2-libs@3.3.6"
time="2026-01-28T18:13:26Z" level=info msg="Tool required for debug" tool="esp32:esp32s3-libs@3.3.6"
time="2026-01-28T18:13:26Z" level=info msg="Tool required for debug" tool="esp32:esptool_py@5.1.0"
time="2026-01-28T18:13:26Z" level=info msg="Tool required for debug" tool="esp32:mklittlefs@4.0.2-db0513a"
time="2026-01-28T18:13:26Z" level=info msg="Tool required for debug" tool="esp32:mkspiffs@0.2.3"
time="2026-01-28T18:13:26Z" level=info msg="Tool required for debug" tool="esp32:openocd-esp32@v0.12.0-esp32-20251215"
time="2026-01-28T18:13:26Z" level=info msg="Tool required for debug" tool="esp32:riscv32-esp-elf-gdb@16.3_20250913"
time="2026-01-28T18:13:26Z" level=info msg="Tool required for debug" tool="esp32:xtensa-esp-elf-gdb@16.3_20250913"
time="2026-01-28T18:13:26Z" level=info msg="Tool required for debug" tool="builtin:ctags@5.8-arduino11"
time="2026-01-28T18:13:26Z" level=info msg="Tool required for debug" tool="arduino:arduinoOTA@1.3.0"
time="2026-01-28T18:13:26Z" level=info msg="Tool required for debug" tool="arduino:avrdude@8.0.0-arduino1"
time="2026-01-28T18:13:26Z" level=info msg="Tool required for debug" tool="builtin:dfu-discovery@0.1.2"
time="2026-01-28T18:13:26Z" level=info msg="Tool required for debug" tool="builtin:mdns-discovery@1.0.12"
time="2026-01-28T18:13:26Z" level=info msg="Tool required for debug" tool="builtin:serial-discovery@1.4.3"
time="2026-01-28T18:13:26Z" level=info msg="Tool required for debug" tool="builtin:serial-monitor@0.15.0"
time="2026-01-28T18:13:26Z" level=info msg="Tool required for debug" tool="arduino:avr-gcc@7.3.0-atmel3.6.1-arduino7"
2026-01-28 18:13:26 2026-01-28T18:13:26.564Z daemon INFO time="2026-01-28T18:13:26Z" level=info msg="Tool required for debug" tool="arduino:dfu-util@0.11.0-arduino5"
time="2026-01-28T18:13:26Z" level=info msg="Tool required for debug" tool="esp32:esp-rv32@2511"
2026-01-28 18:13:26 2026-01-28T18:13:26.564Z daemon INFO time="2026-01-28T18:13:26Z" level=info msg="Tool required for debug" tool="esp32:esp-x32@2511"
time="2026-01-28T18:13:26Z" level=info msg="Tool required for debug" tool="esp32:esp32-libs@3.3.6"
time="2026-01-28T18:13:26Z" level=info msg="Tool required for debug" tool="esp32:esp32c3-libs@3.3.6"
time="2026-01-28T18:13:26Z" level=info msg="Tool required for debug" tool="esp32:esp32c5-libs@3.3.6"
2026-01-28 18:13:26 2026-01-28T18:13:26.564Z daemon INFO time="2026-01-28T18:13:26Z" level=info msg="Tool required for debug" tool="esp32:esp32c6-libs@3.3.6"
time="2026-01-28T18:13:26Z" level=info msg="Tool required for debug" tool="esp32:esp32h2-libs@3.3.6"
time="2026-01-28T18:13:26Z" level=info msg="Tool required for debug" tool="esp32:esp32p4-libs@3.3.6"
2026-01-28 18:13:26 2026-01-28T18:13:26.564Z daemon INFO time="2026-01-28T18:13:26Z" level=info msg="Tool required for debug" tool="esp32:esp32p4_es-libs@3.3.6"
time="2026-01-28T18:13:26Z" level=info msg="Tool required for debug" tool="esp32:esp32s2-libs@3.3.6"
2026-01-28 18:13:26 2026-01-28T18:13:26.564Z daemon INFO time="2026-01-28T18:13:26Z" level=info msg="Tool required for debug" tool="esp32:esp32s3-libs@3.3.6"
time="2026-01-28T18:13:26Z" level=info msg="Tool required for debug" tool="esp32:esptool_py@5.1.0"
2026-01-28 18:13:26 2026-01-28T18:13:26.564Z daemon INFO time="2026-01-28T18:13:26Z" level=info msg="Tool required for debug" tool="esp32:mklittlefs@4.0.2-db0513a"
time="2026-01-28T18:13:26Z" level=info msg="Tool required for debug" tool="esp32:mkspiffs@0.2.3"
2026-01-28 18:13:26 2026-01-28T18:13:26.564Z daemon INFO time="2026-01-28T18:13:26Z" level=info msg="Tool required for debug" tool="esp32:openocd-esp32@v0.12.0-esp32-20251215"
time="2026-01-28T18:13:26Z" level=info msg="Tool required for debug" tool="esp32:riscv32-esp-elf-gdb@16.3_20250913"
2026-01-28 18:13:26 2026-01-28T18:13:26.564Z daemon INFO time="2026-01-28T18:13:26Z" level=info msg="Tool required for debug" tool="esp32:xtensa-esp-elf-gdb@16.3_20250913"
time="2026-01-28T18:13:26Z" level=info msg="Tool required for debug" tool="builtin:mdns-discovery@1.0.12"
2026-01-28 18:13:26 2026-01-28T18:13:26.564Z daemon INFO time="2026-01-28T18:13:26Z" level=info msg="Tool required for debug" tool="arduino:avrdude@8.0.0-arduino1"
time="2026-01-28T18:13:26Z" level=info msg="Tool required for debug" tool="builtin:dfu-discovery@0.1.2"
2026-01-28 18:13:26 2026-01-28T18:13:26.564Z daemon INFO time="2026-01-28T18:13:26Z" level=info msg="Tool required for debug" tool="builtin:serial-monitor@0.15.0"
2026-01-28 18:13:26 2026-01-28T18:13:26.564Z daemon INFO time="2026-01-28T18:13:26Z" level=info msg="Tool required for debug" tool="arduino:avr-gcc@7.3.0-atmel3.6.1-arduino7"
2026-01-28 18:13:26 2026-01-28T18:13:26.564Z daemon INFO time="2026-01-28T18:13:26Z" level=info msg="Tool required for debug" tool="arduino:arduinoOTA@1.3.0"
time="2026-01-28T18:13:26Z" level=info msg="Tool required for debug" tool="builtin:serial-discovery@1.4.3"
2026-01-28 18:13:26 2026-01-28T18:13:26.564Z daemon INFO time="2026-01-28T18:13:26Z" level=info msg="Tool required for debug" tool="builtin:ctags@5.8-arduino11"
2026-01-28 18:13:26 2026-01-28T18:13:26.566Z daemon INFO time="2026-01-28T18:13:26Z" level=info msg="Tool required for debug" tool="arduino:dfu-util@0.11.0-arduino5"
time="2026-01-28T18:13:26Z" level=info msg="Tool required for debug" tool="esp32:esp-rv32@2511"
2026-01-28 18:13:26 2026-01-28T18:13:26.566Z daemon INFO time="2026-01-28T18:13:26Z" level=info msg="Tool required for debug" tool="esp32:esp-x32@2511"
time="2026-01-28T18:13:26Z" level=info msg="Tool required for debug" tool="esp32:esp32-libs@3.3.6"
time="2026-01-28T18:13:26Z" level=info msg="Tool required for debug" tool="esp32:esp32c3-libs@3.3.6"
2026-01-28 18:13:26 2026-01-28T18:13:26.566Z daemon INFO time="2026-01-28T18:13:26Z" level=info msg="Tool required for debug" tool="esp32:esp32c5-libs@3.3.6"
time="2026-01-28T18:13:26Z" level=info msg="Tool required for debug" tool="esp32:esp32c6-libs@3.3.6"
time="2026-01-28T18:13:26Z" level=info msg="Tool required for debug" tool="esp32:esp32h2-libs@3.3.6"
2026-01-28 18:13:26 2026-01-28T18:13:26.566Z daemon INFO time="2026-01-28T18:13:26Z" level=info msg="Tool required for debug" tool="esp32:esp32p4-libs@3.3.6"
time="2026-01-28T18:13:26Z" level=info msg="Tool required for debug" tool="esp32:esp32p4_es-libs@3.3.6"
2026-01-28 18:13:26 2026-01-28T18:13:26.566Z daemon INFO time="2026-01-28T18:13:26Z" level=info msg="Tool required for debug" tool="esp32:esp32s2-libs@3.3.6"
time="2026-01-28T18:13:26Z" level=info msg="Tool required for debug" tool="esp32:esp32s3-libs@3.3.6"
2026-01-28 18:13:26 2026-01-28T18:13:26.566Z daemon INFO time="2026-01-28T18:13:26Z" level=info msg="Tool required for debug" tool="esp32:esptool_py@5.1.0"
2026-01-28 18:13:26 2026-01-28T18:13:26.566Z daemon INFO time="2026-01-28T18:13:26Z" level=info msg="Tool required for debug" tool="esp32:mklittlefs@4.0.2-db0513a"
time="2026-01-28T18:13:26Z" level=info msg="Tool required for debug" tool="esp32:mkspiffs@0.2.3"
time="2026-01-28T18:13:26Z" level=info msg="Tool required for debug" tool="esp32:openocd-esp32@v0.12.0-esp32-20251215"
2026-01-28 18:13:26 2026-01-28T18:13:26.566Z daemon INFO time="2026-01-28T18:13:26Z" level=info msg="Tool required for debug" tool="esp32:riscv32-esp-elf-gdb@16.3_20250913"
time="2026-01-28T18:13:26Z" level=info msg="Tool required for debug" tool="esp32:xtensa-esp-elf-gdb@16.3_20250913"
2026-01-28 18:13:26 2026-01-28T18:13:26.566Z daemon INFO time="2026-01-28T18:13:26Z" level=info msg="Tool required for debug" tool="builtin:serial-discovery@1.4.3"
2026-01-28 18:13:26 2026-01-28T18:13:26.566Z daemon INFO time="2026-01-28T18:13:26Z" level=info msg="Tool required for debug" tool="builtin:serial-monitor@0.15.0"
2026-01-28 18:13:26 2026-01-28T18:13:26.566Z daemon INFO time="2026-01-28T18:13:26Z" level=info msg="Tool required for debug" tool="arduino:arduinoOTA@1.3.0"
time="2026-01-28T18:13:26Z" level=info msg="Tool required for debug" tool="arduino:avrdude@8.0.0-arduino1"
2026-01-28 18:13:26 2026-01-28T18:13:26.566Z daemon INFO time="2026-01-28T18:13:26Z" level=info msg="Tool required for debug" tool="builtin:ctags@5.8-arduino11"
2026-01-28 18:13:26 2026-01-28T18:13:26.566Z daemon INFO time="2026-01-28T18:13:26Z" level=info msg="Tool required for debug" tool="builtin:dfu-discovery@0.1.2"
time="2026-01-28T18:13:26Z" level=info msg="Tool required for debug" tool="builtin:mdns-discovery@1.0.12"
2026-01-28 18:13:26 2026-01-28T18:13:26.566Z daemon INFO time="2026-01-28T18:13:26Z" level=info msg="Tool required for debug" tool="arduino:avr-gcc@7.3.0-atmel3.6.1-arduino7"
2026-01-28 18:13:26 2026-01-28T18:13:26.568Z daemon INFO time="2026-01-28T18:13:26Z" level=info msg="Tool required for debug" tool="arduino:dfu-util@0.11.0-arduino5"
time="2026-01-28T18:13:26Z" level=info msg="Tool required for debug" tool="esp32:esp-rv32@2511"
2026-01-28 18:13:26 2026-01-28T18:13:26.568Z daemon INFO time="2026-01-28T18:13:26Z" level=info msg="Tool required for debug" tool="esp32:esp-x32@2511"
time="2026-01-28T18:13:26Z" level=info msg="Tool required for debug" tool="esp32:esp32-libs@3.3.6"
time="2026-01-28T18:13:26Z" level=info msg="Tool required for debug" tool="esp32:esp32c3-libs@3.3.6"
2026-01-28 18:13:26 2026-01-28T18:13:26.568Z daemon INFO time="2026-01-28T18:13:26Z" level=info msg="Tool required for debug" tool="esp32:esp32c5-libs@3.3.6"
time="2026-01-28T18:13:26Z" level=info msg="Tool required for debug" tool="esp32:esp32c6-libs@3.3.6"
2026-01-28 18:13:26 2026-01-28T18:13:26.568Z daemon INFO time="2026-01-28T18:13:26Z" level=info msg="Tool required for debug" tool="esp32:esp32h2-libs@3.3.6"
time="2026-01-28T18:13:26Z" level=info msg="Tool required for debug" tool="esp32:esp32p4-libs@3.3.6"
time="2026-01-28T18:13:26Z" level=info msg="Tool required for debug" tool="esp32:esp32p4_es-libs@3.3.6"
2026-01-28 18:13:26 2026-01-28T18:13:26.568Z daemon INFO time="2026-01-28T18:13:26Z" level=info msg="Tool required for debug" tool="esp32:esp32s2-libs@3.3.6"
time="2026-01-28T18:13:26Z" level=info msg="Tool required for debug" tool="esp32:esp32s3-libs@3.3.6"
2026-01-28 18:13:26 2026-01-28T18:13:26.568Z daemon INFO time="2026-01-28T18:13:26Z" level=info msg="Tool required for debug" tool="esp32:esptool_py@5.1.0"
time="2026-01-28T18:13:26Z" level=info msg="Tool required for debug" tool="esp32:mklittlefs@4.0.2-db0513a"
2026-01-28 18:13:26 2026-01-28T18:13:26.568Z daemon INFO time="2026-01-28T18:13:26Z" level=info msg="Tool required for debug" tool="esp32:mkspiffs@0.2.3"
time="2026-01-28T18:13:26Z" level=info msg="Tool required for debug" tool="esp32:openocd-esp32@v0.12.0-esp32-20251215"
2026-01-28 18:13:26 2026-01-28T18:13:26.568Z daemon INFO time="2026-01-28T18:13:26Z" level=info msg="Tool required for debug" tool="esp32:riscv32-esp-elf-gdb@16.3_20250913"
time="2026-01-28T18:13:26Z" level=info msg="Tool required for debug" tool="esp32:xtensa-esp-elf-gdb@16.3_20250913"
2026-01-28 18:13:26 2026-01-28T18:13:26.568Z daemon INFO time="2026-01-28T18:13:26Z" level=info msg="Tool required for debug" tool="builtin:serial-monitor@0.15.0"
2026-01-28 18:13:26 2026-01-28T18:13:26.568Z daemon INFO time="2026-01-28T18:13:26Z" level=info msg="Tool required for debug" tool="arduino:avrdude@8.0.0-arduino1"
time="2026-01-28T18:13:26Z" level=info msg="Tool required for debug" tool="builtin:mdns-discovery@1.0.12"
2026-01-28 18:13:26 2026-01-28T18:13:26.568Z daemon INFO time="2026-01-28T18:13:26Z" level=info msg="Tool required for debug" tool="arduino:arduinoOTA@1.3.0"
2026-01-28 18:13:26 2026-01-28T18:13:26.568Z daemon INFO time="2026-01-28T18:13:26Z" level=info msg="Tool required for debug" tool="arduino:avr-gcc@7.3.0-atmel3.6.1-arduino7"
time="2026-01-28T18:13:26Z" level=info msg="Tool required for debug" tool="builtin:ctags@5.8-arduino11"
2026-01-28 18:13:26 2026-01-28T18:13:26.568Z daemon INFO time="2026-01-28T18:13:26Z" level=info msg="Tool required for debug" tool="builtin:serial-discovery@1.4.3"
2026-01-28 18:13:26 2026-01-28T18:13:26.568Z daemon INFO time="2026-01-28T18:13:26Z" level=info msg="Tool required for debug" tool="builtin:dfu-discovery@0.1.2"
2026-01-28 18:13:26 2026-01-28T18:13:26.569Z daemon INFO time="2026-01-28T18:13:26Z" level=info msg="Tool required for debug" tool="arduino:dfu-util@0.11.0-arduino5"
time="2026-01-28T18:13:26Z" level=info msg="Tool required for debug" tool="esp32:esp-rv32@2511"
2026-01-28 18:13:26 2026-01-28T18:13:26.570Z daemon INFO time="2026-01-28T18:13:26Z" level=info msg="Tool required for debug" tool="esp32:esp-x32@2511"
time="2026-01-28T18:13:26Z" level=info msg="Tool required for debug" tool="esp32:esp32-libs@3.3.6"
time="2026-01-28T18:13:26Z" level=info msg="Tool required for debug" tool="esp32:esp32c3-libs@3.3.6"
time="2026-01-28T18:13:26Z" level=info msg="Tool required for debug" tool="esp32:esp32c5-libs@3.3.6"
2026-01-28 18:13:26 2026-01-28T18:13:26.570Z daemon INFO time="2026-01-28T18:13:26Z" level=info msg="Tool required for debug" tool="esp32:esp32c6-libs@3.3.6"
time="2026-01-28T18:13:26Z" level=info msg="Tool required for debug" tool="esp32:esp32h2-libs@3.3.6"
2026-01-28 18:13:26 2026-01-28T18:13:26.570Z daemon INFO time="2026-01-28T18:13:26Z" level=info msg="Tool required for debug" tool="esp32:esp32p4-libs@3.3.6"
time="2026-01-28T18:13:26Z" level=info msg="Tool required for debug" tool="esp32:esp32p4_es-libs@3.3.6"
time="2026-01-28T18:13:26Z" level=info msg="Tool required for debug" tool="esp32:esp32s2-libs@3.3.6"
2026-01-28 18:13:26 2026-01-28T18:13:26.570Z daemon INFO time="2026-01-28T18:13:26Z" level=info msg="Tool required for debug" tool="esp32:esp32s3-libs@3.3.6"
time="2026-01-28T18:13:26Z" level=info msg="Tool required for debug" tool="esp32:esptool_py@5.1.0"
2026-01-28 18:13:26 2026-01-28T18:13:26.570Z daemon INFO time="2026-01-28T18:13:26Z" level=info msg="Tool required for debug" tool="esp32:mklittlefs@4.0.2-db0513a"
time="2026-01-28T18:13:26Z" level=info msg="Tool required for debug" tool="esp32:mkspiffs@0.2.3"
2026-01-28 18:13:26 2026-01-28T18:13:26.570Z daemon INFO time="2026-01-28T18:13:26Z" level=info msg="Tool required for debug" tool="esp32:openocd-esp32@v0.12.0-esp32-20251215"
time="2026-01-28T18:13:26Z" level=info msg="Tool required for debug" tool="esp32:riscv32-esp-elf-gdb@16.3_20250913"
2026-01-28 18:13:26 2026-01-28T18:13:26.570Z daemon INFO time="2026-01-28T18:13:26Z" level=info msg="Tool required for debug" tool="esp32:xtensa-esp-elf-gdb@16.3_20250913"
time="2026-01-28T18:13:26Z" level=info msg="Tool required for debug" tool="builtin:ctags@5.8-arduino11"
2026-01-28 18:13:26 2026-01-28T18:13:26.570Z daemon INFO time="2026-01-28T18:13:26Z" level=info msg="Tool required for debug" tool="builtin:dfu-discovery@0.1.2"
2026-01-28 18:13:26 2026-01-28T18:13:26.570Z daemon INFO time="2026-01-28T18:13:26Z" level=info msg="Tool required for debug" tool="builtin:serial-discovery@1.4.3"
time="2026-01-28T18:13:26Z" level=info msg="Tool required for debug" tool="builtin:serial-monitor@0.15.0"
2026-01-28 18:13:26 2026-01-28T18:13:26.570Z daemon INFO time="2026-01-28T18:13:26Z" level=info msg="Tool required for debug" tool="builtin:mdns-discovery@1.0.12"
2026-01-28 18:13:26 2026-01-28T18:13:26.570Z daemon INFO time="2026-01-28T18:13:26Z" level=info msg="Tool required for debug" tool="arduino:avr-gcc@7.3.0-atmel3.6.1-arduino7"
2026-01-28 18:13:26 2026-01-28T18:13:26.570Z daemon INFO time="2026-01-28T18:13:26Z" level=info msg="Tool required for debug" tool="arduino:arduinoOTA@1.3.0"
time="2026-01-28T18:13:26Z" level=info msg="Tool required for debug" tool="arduino:avrdude@8.0.0-arduino1"
2026-01-28 18:13:26 2026-01-28T18:13:26.571Z daemon INFO time="2026-01-28T18:13:26Z" level=info msg="Tool required for debug" tool="arduino:dfu-util@0.11.0-arduino5"
time="2026-01-28T18:13:26Z" level=info msg="Tool required for debug" tool="esp32:esp-rv32@2511"
2026-01-28 18:13:26 2026-01-28T18:13:26.571Z daemon INFO time="2026-01-28T18:13:26Z" level=info msg="Tool required for debug" tool="esp32:esp-x32@2511"
time="2026-01-28T18:13:26Z" level=info msg="Tool required for debug" tool="esp32:esp32-libs@3.3.6"
time="2026-01-28T18:13:26Z" level=info msg="Tool required for debug" tool="esp32:esp32c3-libs@3.3.6"
2026-01-28 18:13:26 2026-01-28T18:13:26.571Z daemon INFO time="2026-01-28T18:13:26Z" level=info msg="Tool required for debug" tool="esp32:esp32c5-libs@3.3.6"
time="2026-01-28T18:13:26Z" level=info msg="Tool required for debug" tool="esp32:esp32c6-libs@3.3.6"
time="2026-01-28T18:13:26Z" level=info msg="Tool required for debug" tool="esp32:esp32h2-libs@3.3.6"
2026-01-28 18:13:26 2026-01-28T18:13:26.571Z daemon INFO time="2026-01-28T18:13:26Z" level=info msg="Tool required for debug" tool="esp32:esp32p4-libs@3.3.6"
time="2026-01-28T18:13:26Z" level=info msg="Tool required for debug" tool="esp32:esp32p4_es-libs@3.3.6"
2026-01-28 18:13:26 2026-01-28T18:13:26.571Z daemon INFO time="2026-01-28T18:13:26Z" level=info msg="Tool required for debug" tool="esp32:esp32s2-libs@3.3.6"
time="2026-01-28T18:13:26Z" level=info msg="Tool required for debug" tool="esp32:esp32s3-libs@3.3.6"
2026-01-28 18:13:26 2026-01-28T18:13:26.571Z daemon INFO time="2026-01-28T18:13:26Z" level=info msg="Tool required for debug" tool="esp32:esptool_py@5.1.0"
time="2026-01-28T18:13:26Z" level=info msg="Tool required for debug" tool="esp32:mklittlefs@4.0.2-db0513a"
2026-01-28 18:13:26 2026-01-28T18:13:26.571Z daemon INFO time="2026-01-28T18:13:26Z" level=info msg="Tool required for debug" tool="esp32:mkspiffs@0.2.3"
time="2026-01-28T18:13:26Z" level=info msg="Tool required for debug" tool="esp32:openocd-esp32@v0.12.0-esp32-20251215"
2026-01-28 18:13:26 2026-01-28T18:13:26.571Z daemon INFO time="2026-01-28T18:13:26Z" level=info msg="Tool required for debug" tool="esp32:riscv32-esp-elf-gdb@16.3_20250913"
time="2026-01-28T18:13:26Z" level=info msg="Tool required for debug" tool="esp32:xtensa-esp-elf-gdb@16.3_20250913"
2026-01-28 18:13:26 2026-01-28T18:13:26.571Z daemon INFO time="2026-01-28T18:13:26Z" level=info msg="Tool required for debug" tool="builtin:dfu-discovery@0.1.2"
time="2026-01-28T18:13:26Z" level=info msg="Tool required for debug" tool="builtin:mdns-discovery@1.0.12"
2026-01-28 18:13:26 2026-01-28T18:13:26.571Z daemon INFO time="2026-01-28T18:13:26Z" level=info msg="Tool required for debug" tool="arduino:avr-gcc@7.3.0-atmel3.6.1-arduino7"
2026-01-28 18:13:26 2026-01-28T18:13:26.571Z daemon INFO time="2026-01-28T18:13:26Z" level=info msg="Tool required for debug" tool="arduino:arduinoOTA@1.3.0"
time="2026-01-28T18:13:26Z" level=info msg="Tool required for debug" tool="builtin:serial-discovery@1.4.3"
2026-01-28 18:13:26 2026-01-28T18:13:26.571Z daemon INFO time="2026-01-28T18:13:26Z" level=info msg="Tool required for debug" tool="builtin:ctags@5.8-arduino11"
2026-01-28 18:13:26 2026-01-28T18:13:26.571Z daemon INFO time="2026-01-28T18:13:26Z" level=info msg="Tool required for debug" tool="arduino:avrdude@8.0.0-arduino1"
time="2026-01-28T18:13:26Z" level=info msg="Tool required for debug" tool="builtin:serial-monitor@0.15.0"
2026-01-28 18:13:26 2026-01-28T18:13:26.573Z daemon INFO time="2026-01-28T18:13:26Z" level=info msg="Tool required for debug" tool="arduino:dfu-util@0.11.0-arduino5"
time="2026-01-28T18:13:26Z" level=info msg="Tool required for debug" tool="esp32:esp-rv32@2511"
2026-01-28 18:13:26 2026-01-28T18:13:26.573Z daemon INFO time="2026-01-28T18:13:26Z" level=info msg="Tool required for debug" tool="esp32:esp-x32@2511"
time="2026-01-28T18:13:26Z" level=info msg="Tool required for debug" tool="esp32:esp32-libs@3.3.6"
time="2026-01-28T18:13:26Z" level=info msg="Tool required for debug" tool="esp32:esp32c3-libs@3.3.6"
2026-01-28 18:13:26 2026-01-28T18:13:26.573Z daemon INFO time="2026-01-28T18:13:26Z" level=info msg="Tool required for debug" tool="esp32:esp32c5-libs@3.3.6"
time="2026-01-28T18:13:26Z" level=info msg="Tool required for debug" tool="esp32:esp32c6-libs@3.3.6"
2026-01-28 18:13:26 2026-01-28T18:13:26.573Z daemon INFO time="2026-01-28T18:13:26Z" level=info msg="Tool required for debug" tool="esp32:esp32h2-libs@3.3.6"
time="2026-01-28T18:13:26Z" level=info msg="Tool required for debug" tool="esp32:esp32p4-libs@3.3.6"
2026-01-28 18:13:26 2026-01-28T18:13:26.573Z daemon INFO time="2026-01-28T18:13:26Z" level=info msg="Tool required for debug" tool="esp32:esp32p4_es-libs@3.3.6"
time="2026-01-28T18:13:26Z" level=info msg="Tool required for debug" tool="esp32:esp32s2-libs@3.3.6"
2026-01-28 18:13:26 2026-01-28T18:13:26.573Z daemon INFO time="2026-01-28T18:13:26Z" level=info msg="Tool required for debug" tool="esp32:esp32s3-libs@3.3.6"
time="2026-01-28T18:13:26Z" level=info msg="Tool required for debug" tool="esp32:esptool_py@5.1.0"
time="2026-01-28T18:13:26Z" level=info msg="Tool required for debug" tool="esp32:mklittlefs@4.0.2-db0513a"
2026-01-28 18:13:26 2026-01-28T18:13:26.573Z daemon INFO time="2026-01-28T18:13:26Z" level=info msg="Tool required for debug" tool="esp32:mkspiffs@0.2.3"
time="2026-01-28T18:13:26Z" level=info msg="Tool required for debug" tool="esp32:openocd-esp32@v0.12.0-esp32-20251215"
2026-01-28 18:13:26 2026-01-28T18:13:26.573Z daemon INFO time="2026-01-28T18:13:26Z" level=info msg="Tool required for debug" tool="esp32:riscv32-esp-elf-gdb@16.3_20250913"
time="2026-01-28T18:13:26Z" level=info msg="Tool required for debug" tool="esp32:xtensa-esp-elf-gdb@16.3_20250913"
2026-01-28 18:13:26 2026-01-28T18:13:26.573Z daemon INFO time="2026-01-28T18:13:26Z" level=info msg="Tool required for debug" tool="arduino:arduinoOTA@1.3.0"
time="2026-01-28T18:13:26Z" level=info msg="Tool required for debug" tool="builtin:serial-monitor@0.15.0"
2026-01-28 18:13:26 2026-01-28T18:13:26.573Z daemon INFO time="2026-01-28T18:13:26Z" level=info msg="Tool required for debug" tool="arduino:avrdude@8.0.0-arduino1"
2026-01-28 18:13:26 2026-01-28T18:13:26.573Z daemon INFO time="2026-01-28T18:13:26Z" level=info msg="Tool required for debug" tool="builtin:serial-discovery@1.4.3"
time="2026-01-28T18:13:26Z" level=info msg="Tool required for debug" tool="builtin:ctags@5.8-arduino11"
2026-01-28 18:13:26 2026-01-28T18:13:26.573Z daemon INFO time="2026-01-28T18:13:26Z" level=info msg="Tool required for debug" tool="arduino:avr-gcc@7.3.0-atmel3.6.1-arduino7"
2026-01-28 18:13:26 2026-01-28T18:13:26.573Z daemon INFO time="2026-01-28T18:13:26Z" level=info msg="Tool required for debug" tool="builtin:mdns-discovery@1.0.12"
2026-01-28 18:13:26 2026-01-28T18:13:26.573Z daemon INFO time="2026-01-28T18:13:26Z" level=info msg="Tool required for debug" tool="builtin:dfu-discovery@0.1.2"
2026-01-28 18:13:26 2026-01-28T18:13:26.575Z daemon INFO time="2026-01-28T18:13:26Z" level=info msg="Tool required for debug" tool="arduino:dfu-util@0.11.0-arduino5"
time="2026-01-28T18:13:26Z" level=info msg="Tool required for debug" tool="esp32:esp-rv32@2511"
2026-01-28 18:13:26 2026-01-28T18:13:26.575Z daemon INFO time="2026-01-28T18:13:26Z" level=info msg="Tool required for debug" tool="esp32:esp-x32@2511"
time="2026-01-28T18:13:26Z" level=info msg="Tool required for debug" tool="esp32:esp32-libs@3.3.6"
time="2026-01-28T18:13:26Z" level=info msg="Tool required for debug" tool="esp32:esp32c3-libs@3.3.6"
2026-01-28 18:13:26 2026-01-28T18:13:26.575Z daemon INFO time="2026-01-28T18:13:26Z" level=info msg="Tool required for debug" tool="esp32:esp32c5-libs@3.3.6"
time="2026-01-28T18:13:26Z" level=info msg="Tool required for debug" tool="esp32:esp32c6-libs@3.3.6"
time="2026-01-28T18:13:26Z" level=info msg="Tool required for debug" tool="esp32:esp32h2-libs@3.3.6"
2026-01-28 18:13:26 2026-01-28T18:13:26.575Z daemon INFO time="2026-01-28T18:13:26Z" level=info msg="Tool required for debug" tool="esp32:esp32p4-libs@3.3.6"
time="2026-01-28T18:13:26Z" level=info msg="Tool required for debug" tool="esp32:esp32p4_es-libs@3.3.6"
2026-01-28 18:13:26 2026-01-28T18:13:26.575Z daemon INFO time="2026-01-28T18:13:26Z" level=info msg="Tool required for debug" tool="esp32:esp32s2-libs@3.3.6"
time="2026-01-28T18:13:26Z" level=info msg="Tool required for debug" tool="esp32:esp32s3-libs@3.3.6"
2026-01-28 18:13:26 2026-01-28T18:13:26.575Z daemon INFO time="2026-01-28T18:13:26Z" level=info msg="Tool required for debug" tool="esp32:esptool_py@5.1.0"
time="2026-01-28T18:13:26Z" level=info msg="Tool required for debug" tool="esp32:mklittlefs@4.0.2-db0513a"
2026-01-28 18:13:26 2026-01-28T18:13:26.575Z daemon INFO time="2026-01-28T18:13:26Z" level=info msg="Tool required for debug" tool="esp32:mkspiffs@0.2.3"
time="2026-01-28T18:13:26Z" level=info msg="Tool required for debug" tool="esp32:openocd-esp32@v0.12.0-esp32-20251215"
2026-01-28 18:13:26 2026-01-28T18:13:26.575Z daemon INFO time="2026-01-28T18:13:26Z" level=info msg="Tool required for debug" tool="esp32:riscv32-esp-elf-gdb@16.3_20250913"
time="2026-01-28T18:13:26Z" level=info msg="Tool required for debug" tool="esp32:xtensa-esp-elf-gdb@16.3_20250913"
2026-01-28 18:13:26 2026-01-28T18:13:26.575Z daemon INFO time="2026-01-28T18:13:26Z" level=info msg="Tool required for debug" tool="arduino:avr-gcc@7.3.0-atmel3.6.1-arduino7"
time="2026-01-28T18:13:26Z" level=info msg="Tool required for debug" tool="builtin:ctags@5.8-arduino11"
2026-01-28 18:13:26 2026-01-28T18:13:26.575Z daemon INFO time="2026-01-28T18:13:26Z" level=info msg="Tool required for debug" tool="builtin:dfu-discovery@0.1.2"
2026-01-28 18:13:26 2026-01-28T18:13:26.575Z daemon INFO time="2026-01-28T18:13:26Z" level=info msg="Tool required for debug" tool="arduino:avrdude@8.0.0-arduino1"
time="2026-01-28T18:13:26Z" level=info msg="Tool required for debug" tool="builtin:mdns-discovery@1.0.12"
2026-01-28 18:13:26 2026-01-28T18:13:26.575Z daemon INFO time="2026-01-28T18:13:26Z" level=info msg="Tool required for debug" tool="arduino:arduinoOTA@1.3.0"
2026-01-28 18:13:26 2026-01-28T18:13:26.575Z daemon INFO time="2026-01-28T18:13:26Z" level=info msg="Tool required for debug" tool="builtin:serial-monitor@0.15.0"
time="2026-01-28T18:13:26Z" level=info msg="Tool required for debug" tool="builtin:serial-discovery@1.4.3"
2026-01-28 18:13:26 2026-01-28T18:13:26.576Z daemon INFO time="2026-01-28T18:13:26Z" level=info msg="Tool required for debug" tool="arduino:dfu-util@0.11.0-arduino5"
time="2026-01-28T18:13:26Z" level=info msg="Tool required for debug" tool="esp32:esp-rv32@2511"
2026-01-28 18:13:26 2026-01-28T18:13:26.576Z daemon INFO time="2026-01-28T18:13:26Z" level=info msg="Tool required for debug" tool="esp32:esp-x32@2511"
time="2026-01-28T18:13:26Z" level=info msg="Tool required for debug" tool="esp32:esp32-libs@3.3.6"
time="2026-01-28T18:13:26Z" level=info msg="Tool required for debug" tool="esp32:esp32c3-libs@3.3.6"
2026-01-28 18:13:26 2026-01-28T18:13:26.576Z daemon INFO time="2026-01-28T18:13:26Z" level=info msg="Tool required for debug" tool="esp32:esp32c5-libs@3.3.6"
time="2026-01-28T18:13:26Z" level=info msg="Tool required for debug" tool="esp32:esp32c6-libs@3.3.6"
time="2026-01-28T18:13:26Z" level=info msg="Tool required for debug" tool="esp32:esp32h2-libs@3.3.6"
2026-01-28 18:13:26 2026-01-28T18:13:26.576Z daemon INFO time="2026-01-28T18:13:26Z" level=info msg="Tool required for debug" tool="esp32:esp32p4-libs@3.3.6"
time="2026-01-28T18:13:26Z" level=info msg="Tool required for debug" tool="esp32:esp32p4_es-libs@3.3.6"
2026-01-28 18:13:26 2026-01-28T18:13:26.576Z daemon INFO time="2026-01-28T18:13:26Z" level=info msg="Tool required for debug" tool="esp32:esp32s2-libs@3.3.6"
time="2026-01-28T18:13:26Z" level=info msg="Tool required for debug" tool="esp32:esp32s3-libs@3.3.6"
2026-01-28 18:13:26 2026-01-28T18:13:26.577Z daemon INFO time="2026-01-28T18:13:26Z" level=info msg="Tool required for debug" tool="esp32:esptool_py@5.1.0"
time="2026-01-28T18:13:26Z" level=info msg="Tool required for debug" tool="esp32:mklittlefs@4.0.2-db0513a"
2026-01-28 18:13:26 2026-01-28T18:13:26.577Z daemon INFO time="2026-01-28T18:13:26Z" level=info msg="Tool required for debug" tool="esp32:mkspiffs@0.2.3"
time="2026-01-28T18:13:26Z" level=info msg="Tool required for debug" tool="esp32:openocd-esp32@v0.12.0-esp32-20251215"
2026-01-28 18:13:26 2026-01-28T18:13:26.577Z daemon INFO time="2026-01-28T18:13:26Z" level=info msg="Tool required for debug" tool="esp32:riscv32-esp-elf-gdb@16.3_20250913"
time="2026-01-28T18:13:26Z" level=info msg="Tool required for debug" tool="esp32:xtensa-esp-elf-gdb@16.3_20250913"
2026-01-28 18:13:26 2026-01-28T18:13:26.577Z daemon INFO time="2026-01-28T18:13:26Z" level=info msg="Tool required for debug" tool="arduino:avrdude@8.0.0-arduino1"
time="2026-01-28T18:13:26Z" level=info msg="Tool required for debug" tool="builtin:dfu-discovery@0.1.2"
2026-01-28 18:13:26 2026-01-28T18:13:26.577Z daemon INFO time="2026-01-28T18:13:26Z" level=info msg="Tool required for debug" tool="arduino:avr-gcc@7.3.0-atmel3.6.1-arduino7"
time="2026-01-28T18:13:26Z" level=info msg="Tool required for debug" tool="builtin:mdns-discovery@1.0.12"
2026-01-28 18:13:26 2026-01-28T18:13:26.577Z daemon INFO time="2026-01-28T18:13:26Z" level=info msg="Tool required for debug" tool="builtin:serial-discovery@1.4.3"
2026-01-28 18:13:26 2026-01-28T18:13:26.577Z daemon INFO time="2026-01-28T18:13:26Z" level=info msg="Tool required for debug" tool="builtin:serial-monitor@0.15.0"
2026-01-28 18:13:26 2026-01-28T18:13:26.577Z daemon INFO time="2026-01-28T18:13:26Z" level=info msg="Tool required for debug" tool="builtin:ctags@5.8-arduino11"
2026-01-28 18:13:26 2026-01-28T18:13:26.577Z daemon INFO time="2026-01-28T18:13:26Z" level=info msg="Tool required for debug" tool="arduino:arduinoOTA@1.3.0"
2026-01-28 18:13:26 2026-01-28T18:13:26.578Z daemon INFO time="2026-01-28T18:13:26Z" level=info msg="Tool required for debug" tool="arduino:dfu-util@0.11.0-arduino5"
time="2026-01-28T18:13:26Z" level=info msg="Tool required for debug" tool="esp32:esp-rv32@2511"
2026-01-28 18:13:26 2026-01-28T18:13:26.578Z daemon INFO time="2026-01-28T18:13:26Z" level=info msg="Tool required for debug" tool="esp32:esp-x32@2511"
time="2026-01-28T18:13:26Z" level=info msg="Tool required for debug" tool="esp32:esp32-libs@3.3.6"
time="2026-01-28T18:13:26Z" level=info msg="Tool required for debug" tool="esp32:esp32c3-libs@3.3.6"
2026-01-28 18:13:26 2026-01-28T18:13:26.578Z daemon INFO time="2026-01-28T18:13:26Z" level=info msg="Tool required for debug" tool="esp32:esp32c5-libs@3.3.6"
time="2026-01-28T18:13:26Z" level=info msg="Tool required for debug" tool="esp32:esp32c6-libs@3.3.6"
2026-01-28 18:13:26 2026-01-28T18:13:26.578Z daemon INFO time="2026-01-28T18:13:26Z" level=info msg="Tool required for debug" tool="esp32:esp32h2-libs@3.3.6"
time="2026-01-28T18:13:26Z" level=info msg="Tool required for debug" tool="esp32:esp32p4-libs@3.3.6"
time="2026-01-28T18:13:26Z" level=info msg="Tool required for debug" tool="esp32:esp32p4_es-libs@3.3.6"
2026-01-28 18:13:26 2026-01-28T18:13:26.578Z daemon INFO time="2026-01-28T18:13:26Z" level=info msg="Tool required for debug" tool="esp32:esp32s2-libs@3.3.6"
time="2026-01-28T18:13:26Z" level=info msg="Tool required for debug" tool="esp32:esp32s3-libs@3.3.6"
2026-01-28 18:13:26 2026-01-28T18:13:26.578Z daemon INFO time="2026-01-28T18:13:26Z" level=info msg="Tool required for debug" tool="esp32:esptool_py@5.1.0"
time="2026-01-28T18:13:26Z" level=info msg="Tool required for debug" tool="esp32:mklittlefs@4.0.2-db0513a"
2026-01-28 18:13:26 2026-01-28T18:13:26.578Z daemon INFO time="2026-01-28T18:13:26Z" level=info msg="Tool required for debug" tool="esp32:mkspiffs@0.2.3"
time="2026-01-28T18:13:26Z" level=info msg="Tool required for debug" tool="esp32:openocd-esp32@v0.12.0-esp32-20251215"
2026-01-28 18:13:26 2026-01-28T18:13:26.578Z daemon INFO time="2026-01-28T18:13:26Z" level=info msg="Tool required for debug" tool="esp32:riscv32-esp-elf-gdb@16.3_20250913"
time="2026-01-28T18:13:26Z" level=info msg="Tool required for debug" tool="esp32:xtensa-esp-elf-gdb@16.3_20250913"
2026-01-28 18:13:26 2026-01-28T18:13:26.578Z daemon INFO time="2026-01-28T18:13:26Z" level=info msg="Tool required for debug" tool="arduino:arduinoOTA@1.3.0"
time="2026-01-28T18:13:26Z" level=info msg="Tool required for debug" tool="builtin:dfu-discovery@0.1.2"
2026-01-28 18:13:26 2026-01-28T18:13:26.578Z daemon INFO time="2026-01-28T18:13:26Z" level=info msg="Tool required for debug" tool="builtin:serial-discovery@1.4.3"
2026-01-28 18:13:26 2026-01-28T18:13:26.578Z daemon INFO time="2026-01-28T18:13:26Z" level=info msg="Tool required for debug" tool="builtin:serial-monitor@0.15.0"
2026-01-28 18:13:26 2026-01-28T18:13:26.578Z daemon INFO time="2026-01-28T18:13:26Z" level=info msg="Tool required for debug" tool="builtin:mdns-discovery@1.0.12"
2026-01-28 18:13:26 2026-01-28T18:13:26.578Z daemon INFO time="2026-01-28T18:13:26Z" level=info msg="Tool required for debug" tool="arduino:avrdude@8.0.0-arduino1"
time="2026-01-28T18:13:26Z" level=info msg="Tool required for debug" tool="arduino:avr-gcc@7.3.0-atmel3.6.1-arduino7"
2026-01-28 18:13:26 2026-01-28T18:13:26.578Z daemon INFO time="2026-01-28T18:13:26Z" level=info msg="Tool required for debug" tool="builtin:ctags@5.8-arduino11"
2026-01-28 18:13:26 2026-01-28T18:13:26.580Z daemon INFO time="2026-01-28T18:13:26Z" level=info msg="Tool required for debug" tool="arduino:dfu-util@0.11.0-arduino5"
time="2026-01-28T18:13:26Z" level=info msg="Tool required for debug" tool="esp32:esp-rv32@2511"
2026-01-28 18:13:26 2026-01-28T18:13:26.580Z daemon INFO time="2026-01-28T18:13:26Z" level=info msg="Tool required for debug" tool="esp32:esp-x32@2511"
time="2026-01-28T18:13:26Z" level=info msg="Tool required for debug" tool="esp32:esp32-libs@3.3.6"
time="2026-01-28T18:13:26Z" level=info msg="Tool required for debug" tool="esp32:esp32c3-libs@3.3.6"
time="2026-01-28T18:13:26Z" level=info msg="Tool required for debug" tool="esp32:esp32c5-libs@3.3.6"
2026-01-28 18:13:26 2026-01-28T18:13:26.580Z daemon INFO time="2026-01-28T18:13:26Z" level=info msg="Tool required for debug" tool="esp32:esp32c6-libs@3.3.6"
time="2026-01-28T18:13:26Z" level=info msg="Tool required for debug" tool="esp32:esp32h2-libs@3.3.6"
2026-01-28 18:13:26 2026-01-28T18:13:26.580Z daemon INFO time="2026-01-28T18:13:26Z" level=info msg="Tool required for debug" tool="esp32:esp32p4-libs@3.3.6"
time="2026-01-28T18:13:26Z" level=info msg="Tool required for debug" tool="esp32:esp32p4_es-libs@3.3.6"
time="2026-01-28T18:13:26Z" level=info msg="Tool required for debug" tool="esp32:esp32s2-libs@3.3.6"
2026-01-28 18:13:26 2026-01-28T18:13:26.580Z daemon INFO time="2026-01-28T18:13:26Z" level=info msg="Tool required for debug" tool="esp32:esp32s3-libs@3.3.6"
time="2026-01-28T18:13:26Z" level=info msg="Tool required for debug" tool="esp32:esptool_py@5.1.0"
2026-01-28 18:13:26 2026-01-28T18:13:26.580Z daemon INFO time="2026-01-28T18:13:26Z" level=info msg="Tool required for debug" tool="esp32:mklittlefs@4.0.2-db0513a"
time="2026-01-28T18:13:26Z" level=info msg="Tool required for debug" tool="esp32:mkspiffs@0.2.3"
2026-01-28 18:13:26 2026-01-28T18:13:26.580Z daemon INFO time="2026-01-28T18:13:26Z" level=info msg="Tool required for debug" tool="esp32:openocd-esp32@v0.12.0-esp32-20251215"
time="2026-01-28T18:13:26Z" level=info msg="Tool required for debug" tool="esp32:riscv32-esp-elf-gdb@16.3_20250913"
2026-01-28 18:13:26 2026-01-28T18:13:26.580Z daemon INFO time="2026-01-28T18:13:26Z" level=info msg="Tool required for debug" tool="esp32:xtensa-esp-elf-gdb@16.3_20250913"
time="2026-01-28T18:13:26Z" level=info msg="Tool required for debug" tool="builtin:mdns-discovery@1.0.12"
2026-01-28 18:13:26 2026-01-28T18:13:26.580Z daemon INFO time="2026-01-28T18:13:26Z" level=info msg="Tool required for debug" tool="builtin:serial-discovery@1.4.3"
2026-01-28 18:13:26 2026-01-28T18:13:26.580Z daemon INFO time="2026-01-28T18:13:26Z" level=info msg="Tool required for debug" tool="arduino:avrdude@8.0.0-arduino1"
time="2026-01-28T18:13:26Z" level=info msg="Tool required for debug" tool="builtin:dfu-discovery@0.1.2"
2026-01-28 18:13:26 2026-01-28T18:13:26.580Z daemon INFO time="2026-01-28T18:13:26Z" level=info msg="Tool required for debug" tool="builtin:ctags@5.8-arduino11"
2026-01-28 18:13:26 2026-01-28T18:13:26.580Z daemon INFO time="2026-01-28T18:13:26Z" level=info msg="Tool required for debug" tool="builtin:serial-monitor@0.15.0"
2026-01-28 18:13:26 2026-01-28T18:13:26.580Z daemon INFO time="2026-01-28T18:13:26Z" level=info msg="Tool required for debug" tool="arduino:avr-gcc@7.3.0-atmel3.6.1-arduino7"
time="2026-01-28T18:13:26Z" level=info msg="Tool required for debug" tool="arduino:arduinoOTA@1.3.0"
2026-01-28 18:13:26 2026-01-28T18:13:26.582Z daemon INFO time="2026-01-28T18:13:26Z" level=info msg="Tool required for debug" tool="arduino:dfu-util@0.11.0-arduino5"
time="2026-01-28T18:13:26Z" level=info msg="Tool required for debug" tool="esp32:esp-rv32@2511"
2026-01-28 18:13:26 2026-01-28T18:13:26.582Z daemon INFO time="2026-01-28T18:13:26Z" level=info msg="Tool required for debug" tool="esp32:esp-x32@2511"
time="2026-01-28T18:13:26Z" level=info msg="Tool required for debug" tool="esp32:esp32-libs@3.3.6"
time="2026-01-28T18:13:26Z" level=info msg="Tool required for debug" tool="esp32:esp32c3-libs@3.3.6"
2026-01-28 18:13:26 2026-01-28T18:13:26.582Z daemon INFO time="2026-01-28T18:13:26Z" level=info msg="Tool required for debug" tool="esp32:esp32c5-libs@3.3.6"
time="2026-01-28T18:13:26Z" level=info msg="Tool required for debug" tool="esp32:esp32c6-libs@3.3.6"
time="2026-01-28T18:13:26Z" level=info msg="Tool required for debug" tool="esp32:esp32h2-libs@3.3.6"
2026-01-28 18:13:26 2026-01-28T18:13:26.582Z daemon INFO time="2026-01-28T18:13:26Z" level=info msg="Tool required for debug" tool="esp32:esp32p4-libs@3.3.6"
time="2026-01-28T18:13:26Z" level=info msg="Tool required for debug" tool="esp32:esp32p4_es-libs@3.3.6"
2026-01-28 18:13:26 2026-01-28T18:13:26.582Z daemon INFO time="2026-01-28T18:13:26Z" level=info msg="Tool required for debug" tool="esp32:esp32s2-libs@3.3.6"
time="2026-01-28T18:13:26Z" level=info msg="Tool required for debug" tool="esp32:esp32s3-libs@3.3.6"
2026-01-28 18:13:26 2026-01-28T18:13:26.582Z daemon INFO time="2026-01-28T18:13:26Z" level=info msg="Tool required for debug" tool="esp32:esptool_py@5.1.0"
time="2026-01-28T18:13:26Z" level=info msg="Tool required for debug" tool="esp32:mklittlefs@4.0.2-db0513a"
2026-01-28 18:13:26 2026-01-28T18:13:26.582Z daemon INFO time="2026-01-28T18:13:26Z" level=info msg="Tool required for debug" tool="esp32:mkspiffs@0.2.3"
time="2026-01-28T18:13:26Z" level=info msg="Tool required for debug" tool="esp32:openocd-esp32@v0.12.0-esp32-20251215"
2026-01-28 18:13:26 2026-01-28T18:13:26.582Z daemon INFO time="2026-01-28T18:13:26Z" level=info msg="Tool required for debug" tool="esp32:riscv32-esp-elf-gdb@16.3_20250913"
time="2026-01-28T18:13:26Z" level=info msg="Tool required for debug" tool="esp32:xtensa-esp-elf-gdb@16.3_20250913"
2026-01-28 18:13:26 2026-01-28T18:13:26.582Z daemon INFO time="2026-01-28T18:13:26Z" level=info msg="Tool required for debug" tool="builtin:serial-discovery@1.4.3"
2026-01-28 18:13:26 2026-01-28T18:13:26.582Z daemon INFO time="2026-01-28T18:13:26Z" level=info msg="Tool required for debug" tool="builtin:serial-monitor@0.15.0"
2026-01-28 18:13:26 2026-01-28T18:13:26.582Z daemon INFO time="2026-01-28T18:13:26Z" level=info msg="Tool required for debug" tool="builtin:ctags@5.8-arduino11"
2026-01-28 18:13:26 2026-01-28T18:13:26.582Z daemon INFO time="2026-01-28T18:13:26Z" level=info msg="Tool required for debug" tool="arduino:avrdude@8.0.0-arduino1"
time="2026-01-28T18:13:26Z" level=info msg="Tool required for debug" tool="arduino:avr-gcc@7.3.0-atmel3.6.1-arduino7"
2026-01-28 18:13:26 2026-01-28T18:13:26.582Z daemon INFO time="2026-01-28T18:13:26Z" level=info msg="Tool required for debug" tool="arduino:arduinoOTA@1.3.0"
time="2026-01-28T18:13:26Z" level=info msg="Tool required for debug" tool="builtin:dfu-discovery@0.1.2"
2026-01-28 18:13:26 2026-01-28T18:13:26.582Z daemon INFO time="2026-01-28T18:13:26Z" level=info msg="Tool required for debug" tool="builtin:mdns-discovery@1.0.12"
2026-01-28 18:13:26 2026-01-28T18:13:26.583Z daemon INFO time="2026-01-28T18:13:26Z" level=info msg="Tool required for debug" tool="arduino:dfu-util@0.11.0-arduino5"
time="2026-01-28T18:13:26Z" level=info msg="Tool required for debug" tool="esp32:esp-rv32@2511"
2026-01-28 18:13:26 2026-01-28T18:13:26.583Z daemon INFO time="2026-01-28T18:13:26Z" level=info msg="Tool required for debug" tool="esp32:esp-x32@2511"
time="2026-01-28T18:13:26Z" level=info msg="Tool required for debug" tool="esp32:esp32-libs@3.3.6"
time="2026-01-28T18:13:26Z" level=info msg="Tool required for debug" tool="esp32:esp32c3-libs@3.3.6"
2026-01-28 18:13:26 2026-01-28T18:13:26.583Z daemon INFO time="2026-01-28T18:13:26Z" level=info msg="Tool required for debug" tool="esp32:esp32c5-libs@3.3.6"
time="2026-01-28T18:13:26Z" level=info msg="Tool required for debug" tool="esp32:esp32c6-libs@3.3.6"
2026-01-28 18:13:26 2026-01-28T18:13:26.583Z daemon INFO time="2026-01-28T18:13:26Z" level=info msg="Tool required for debug" tool="esp32:esp32h2-libs@3.3.6"
time="2026-01-28T18:13:26Z" level=info msg="Tool required for debug" tool="esp32:esp32p4-libs@3.3.6"
time="2026-01-28T18:13:26Z" level=info msg="Tool required for debug" tool="esp32:esp32p4_es-libs@3.3.6"
2026-01-28 18:13:26 2026-01-28T18:13:26.583Z daemon INFO time="2026-01-28T18:13:26Z" level=info msg="Tool required for debug" tool="esp32:esp32s2-libs@3.3.6"
time="2026-01-28T18:13:26Z" level=info msg="Tool required for debug" tool="esp32:esp32s3-libs@3.3.6"
2026-01-28 18:13:26 2026-01-28T18:13:26.583Z daemon INFO time="2026-01-28T18:13:26Z" level=info msg="Tool required for debug" tool="esp32:esptool_py@5.1.0"
time="2026-01-28T18:13:26Z" level=info msg="Tool required for debug" tool="esp32:mklittlefs@4.0.2-db0513a"
2026-01-28 18:13:26 2026-01-28T18:13:26.583Z daemon INFO time="2026-01-28T18:13:26Z" level=info msg="Tool required for debug" tool="esp32:mkspiffs@0.2.3"
time="2026-01-28T18:13:26Z" level=info msg="Tool required for debug" tool="esp32:openocd-esp32@v0.12.0-esp32-20251215"
2026-01-28 18:13:26 2026-01-28T18:13:26.583Z daemon INFO time="2026-01-28T18:13:26Z" level=info msg="Tool required for debug" tool="esp32:riscv32-esp-elf-gdb@16.3_20250913"
2026-01-28 18:13:26 2026-01-28T18:13:26.583Z daemon INFO time="2026-01-28T18:13:26Z" level=info msg="Tool required for debug" tool="esp32:xtensa-esp-elf-gdb@16.3_20250913"
time="2026-01-28T18:13:26Z" level=info msg="Tool required for debug" tool="builtin:serial-discovery@1.4.3"
2026-01-28 18:13:26 2026-01-28T18:13:26.583Z daemon INFO time="2026-01-28T18:13:26Z" level=info msg="Tool required for debug" tool="builtin:serial-monitor@0.15.0"
2026-01-28 18:13:26 2026-01-28T18:13:26.583Z daemon INFO time="2026-01-28T18:13:26Z" level=info msg="Tool required for debug" tool="builtin:mdns-discovery@1.0.12"
2026-01-28 18:13:26 2026-01-28T18:13:26.583Z daemon INFO time="2026-01-28T18:13:26Z" level=info msg="Tool required for debug" tool="arduino:avrdude@8.0.0-arduino1"
time="2026-01-28T18:13:26Z" level=info msg="Tool required for debug" tool="builtin:ctags@5.8-arduino11"
2026-01-28 18:13:26 2026-01-28T18:13:26.584Z daemon INFO time="2026-01-28T18:13:26Z" level=info msg="Tool required for debug" tool="builtin:dfu-discovery@0.1.2"
time="2026-01-28T18:13:26Z" level=info msg="Tool required for debug" tool="arduino:arduinoOTA@1.3.0"
2026-01-28 18:13:26 2026-01-28T18:13:26.584Z daemon INFO time="2026-01-28T18:13:26Z" level=info msg="Tool required for debug" tool="arduino:avr-gcc@7.3.0-atmel3.6.1-arduino7"
2026-01-28 18:13:26 2026-01-28T18:13:26.585Z daemon INFO time="2026-01-28T18:13:26Z" level=info msg="Tool required for debug" tool="arduino:dfu-util@0.11.0-arduino5"
time="2026-01-28T18:13:26Z" level=info msg="Tool required for debug" tool="esp32:esp-rv32@2511"
2026-01-28 18:13:26 2026-01-28T18:13:26.585Z daemon INFO time="2026-01-28T18:13:26Z" level=info msg="Tool required for debug" tool="esp32:esp-x32@2511"
time="2026-01-28T18:13:26Z" level=info msg="Tool required for debug" tool="esp32:esp32-libs@3.3.6"
time="2026-01-28T18:13:26Z" level=info msg="Tool required for debug" tool="esp32:esp32c3-libs@3.3.6"
2026-01-28 18:13:26 2026-01-28T18:13:26.585Z daemon INFO time="2026-01-28T18:13:26Z" level=info msg="Tool required for debug" tool="esp32:esp32c5-libs@3.3.6"
time="2026-01-28T18:13:26Z" level=info msg="Tool required for debug" tool="esp32:esp32c6-libs@3.3.6"
time="2026-01-28T18:13:26Z" level=info msg="Tool required for debug" tool="esp32:esp32h2-libs@3.3.6"
2026-01-28 18:13:26 2026-01-28T18:13:26.585Z daemon INFO time="2026-01-28T18:13:26Z" level=info msg="Tool required for debug" tool="esp32:esp32p4-libs@3.3.6"
time="2026-01-28T18:13:26Z" level=info msg="Tool required for debug" tool="esp32:esp32p4_es-libs@3.3.6"
2026-01-28 18:13:26 2026-01-28T18:13:26.585Z daemon INFO time="2026-01-28T18:13:26Z" level=info msg="Tool required for debug" tool="esp32:esp32s2-libs@3.3.6"
time="2026-01-28T18:13:26Z" level=info msg="Tool required for debug" tool="esp32:esp32s3-libs@3.3.6"
2026-01-28 18:13:26 2026-01-28T18:13:26.585Z daemon INFO time="2026-01-28T18:13:26Z" level=info msg="Tool required for debug" tool="esp32:esptool_py@5.1.0"
time="2026-01-28T18:13:26Z" level=info msg="Tool required for debug" tool="esp32:mklittlefs@4.0.2-db0513a"
2026-01-28 18:13:26 2026-01-28T18:13:26.585Z daemon INFO time="2026-01-28T18:13:26Z" level=info msg="Tool required for debug" tool="esp32:mkspiffs@0.2.3"
time="2026-01-28T18:13:26Z" level=info msg="Tool required for debug" tool="esp32:openocd-esp32@v0.12.0-esp32-20251215"
2026-01-28 18:13:26 2026-01-28T18:13:26.585Z daemon INFO time="2026-01-28T18:13:26Z" level=info msg="Tool required for debug" tool="esp32:riscv32-esp-elf-gdb@16.3_20250913"
time="2026-01-28T18:13:26Z" level=info msg="Tool required for debug" tool="esp32:xtensa-esp-elf-gdb@16.3_20250913"
2026-01-28 18:13:26 2026-01-28T18:13:26.585Z daemon INFO time="2026-01-28T18:13:26Z" level=info msg="Tool required for debug" tool="builtin:mdns-discovery@1.0.12"
2026-01-28 18:13:26 2026-01-28T18:13:26.585Z daemon INFO time="2026-01-28T18:13:26Z" level=info msg="Tool required for debug" tool="arduino:avr-gcc@7.3.0-atmel3.6.1-arduino7"
time="2026-01-28T18:13:26Z" level=info msg="Tool required for debug" tool="builtin:serial-discovery@1.4.3"
2026-01-28 18:13:26 2026-01-28T18:13:26.585Z daemon INFO time="2026-01-28T18:13:26Z" level=info msg="Tool required for debug" tool="builtin:serial-monitor@0.15.0"
2026-01-28 18:13:26 2026-01-28T18:13:26.585Z daemon INFO time="2026-01-28T18:13:26Z" level=info msg="Tool required for debug" tool="arduino:avrdude@8.0.0-arduino1"
time="2026-01-28T18:13:26Z" level=info msg="Tool required for debug" tool="builtin:ctags@5.8-arduino11"
2026-01-28 18:13:26 2026-01-28T18:13:26.585Z daemon INFO time="2026-01-28T18:13:26Z" level=info msg="Tool required for debug" tool="builtin:dfu-discovery@0.1.2"
2026-01-28 18:13:26 2026-01-28T18:13:26.585Z daemon INFO time="2026-01-28T18:13:26Z" level=info msg="Tool required for debug" tool="arduino:arduinoOTA@1.3.0"
2026-01-28 18:13:26 2026-01-28T18:13:26.587Z daemon INFO time="2026-01-28T18:13:26Z" level=info msg="Tool required for debug" tool="arduino:dfu-util@0.11.0-arduino5"
time="2026-01-28T18:13:26Z" level=info msg="Tool required for debug" tool="esp32:esp-rv32@2511"
2026-01-28 18:13:26 2026-01-28T18:13:26.587Z daemon INFO time="2026-01-28T18:13:26Z" level=info msg="Tool required for debug" tool="esp32:esp-x32@2511"
time="2026-01-28T18:13:26Z" level=info msg="Tool required for debug" tool="esp32:esp32-libs@3.3.6"
time="2026-01-28T18:13:26Z" level=info msg="Tool required for debug" tool="esp32:esp32c3-libs@3.3.6"
time="2026-01-28T18:13:26Z" level=info msg="Tool required for debug" tool="esp32:esp32c5-libs@3.3.6"
time="2026-01-28T18:13:26Z" level=info msg="Tool required for debug" tool="esp32:esp32c6-libs@3.3.6"
2026-01-28 18:13:26 2026-01-28T18:13:26.587Z daemon INFO time="2026-01-28T18:13:26Z" level=info msg="Tool required for debug" tool="esp32:esp32h2-libs@3.3.6"
time="2026-01-28T18:13:26Z" level=info msg="Tool required for debug" tool="esp32:esp32p4-libs@3.3.6"
time="2026-01-28T18:13:26Z" level=info msg="Tool required for debug" tool="esp32:esp32p4_es-libs@3.3.6"
2026-01-28 18:13:26 2026-01-28T18:13:26.587Z daemon INFO time="2026-01-28T18:13:26Z" level=info msg="Tool required for debug" tool="esp32:esp32s2-libs@3.3.6"
time="2026-01-28T18:13:26Z" level=info msg="Tool required for debug" tool="esp32:esp32s3-libs@3.3.6"
2026-01-28 18:13:26 2026-01-28T18:13:26.587Z daemon INFO time="2026-01-28T18:13:26Z" level=info msg="Tool required for debug" tool="esp32:esptool_py@5.1.0"
time="2026-01-28T18:13:26Z" level=info msg="Tool required for debug" tool="esp32:mklittlefs@4.0.2-db0513a"
2026-01-28 18:13:26 2026-01-28T18:13:26.587Z daemon INFO time="2026-01-28T18:13:26Z" level=info msg="Tool required for debug" tool="esp32:mkspiffs@0.2.3"
time="2026-01-28T18:13:26Z" level=info msg="Tool required for debug" tool="esp32:openocd-esp32@v0.12.0-esp32-20251215"
2026-01-28 18:13:26 2026-01-28T18:13:26.587Z daemon INFO time="2026-01-28T18:13:26Z" level=info msg="Tool required for debug" tool="esp32:riscv32-esp-elf-gdb@16.3_20250913"
time="2026-01-28T18:13:26Z" level=info msg="Tool required for debug" tool="esp32:xtensa-esp-elf-gdb@16.3_20250913"
2026-01-28 18:13:26 2026-01-28T18:13:26.587Z daemon INFO time="2026-01-28T18:13:26Z" level=info msg="Tool required for debug" tool="builtin:serial-monitor@0.15.0"
2026-01-28 18:13:26 2026-01-28T18:13:26.587Z daemon INFO time="2026-01-28T18:13:26Z" level=info msg="Tool required for debug" tool="arduino:arduinoOTA@1.3.0"
time="2026-01-28T18:13:26Z" level=info msg="Tool required for debug" tool="arduino:avrdude@8.0.0-arduino1"
2026-01-28 18:13:26 2026-01-28T18:13:26.587Z daemon INFO time="2026-01-28T18:13:26Z" level=info msg="Tool required for debug" tool="arduino:avr-gcc@7.3.0-atmel3.6.1-arduino7"
time="2026-01-28T18:13:26Z" level=info msg="Tool required for debug" tool="builtin:ctags@5.8-arduino11"
2026-01-28 18:13:26 2026-01-28T18:13:26.587Z daemon INFO time="2026-01-28T18:13:26Z" level=info msg="Tool required for debug" tool="builtin:dfu-discovery@0.1.2"
2026-01-28 18:13:26 2026-01-28T18:13:26.587Z daemon INFO time="2026-01-28T18:13:26Z" level=info msg="Tool required for debug" tool="builtin:mdns-discovery@1.0.12"
2026-01-28 18:13:26 2026-01-28T18:13:26.587Z daemon INFO time="2026-01-28T18:13:26Z" level=info msg="Tool required for debug" tool="builtin:serial-discovery@1.4.3"
2026-01-28 18:13:26 2026-01-28T18:13:26.589Z daemon INFO time="2026-01-28T18:13:26Z" level=info msg="Tool required for debug" tool="arduino:dfu-util@0.11.0-arduino5"
time="2026-01-28T18:13:26Z" level=info msg="Tool required for debug" tool="esp32:esp-rv32@2511"
2026-01-28 18:13:26 2026-01-28T18:13:26.589Z daemon INFO time="2026-01-28T18:13:26Z" level=info msg="Tool required for debug" tool="esp32:esp-x32@2511"
time="2026-01-28T18:13:26Z" level=info msg="Tool required for debug" tool="esp32:esp32-libs@3.3.6"
time="2026-01-28T18:13:26Z" level=info msg="Tool required for debug" tool="esp32:esp32c3-libs@3.3.6"
time="2026-01-28T18:13:26Z" level=info msg="Tool required for debug" tool="esp32:esp32c5-libs@3.3.6"
time="2026-01-28T18:13:26Z" level=info msg="Tool required for debug" tool="esp32:esp32c6-libs@3.3.6"
time="2026-01-28T18:13:26Z" level=info msg="Tool required for debug" tool="esp32:esp32h2-libs@3.3.6"
time="2026-01-28T18:13:26Z" level=info msg="Tool required for debug" tool="esp32:esp32p4-libs@3.3.6"
time="2026-01-28T18:13:26Z" level=info msg="Tool required for debug" tool="esp32:esp32p4_es-libs@3.3.6"
time="2026-01-28T18:13:26Z" level=info msg="Tool required for debug" tool="esp32:esp32s2-libs@3.3.6"
time="2026-01-28T18:13:26Z" level=info msg="Tool required for debug" tool="esp32:esp32s3-libs@3.3.6"
time="2026-01-28T18:13:26Z" level=info msg="Tool required for debug" tool="esp32:esptool_py@5.1.0"
time="2026-01-28T18:13:26Z" level=info msg="Tool required for debug" tool="esp32:mklittlefs@4.0.2-db0513a"
time="2026-01-28T18:13:26Z" level=info msg="Tool required for debug" tool="esp32:mkspiffs@0.2.3"
time="2026-01-28T18:13:26Z" level=info msg="Tool required for debug" tool="esp32:openocd-esp32@v0.12.0-esp32-20251215"
time="2026-01-28T18:13:26Z" level=info msg="Tool required for debug" tool="esp32:riscv32-esp-elf-gdb@16.3_20250913"
time="2026-01-28T18:13:26Z" level=info msg="Tool required for debug" tool="esp32:xtensa-esp-elf-gdb@16.3_20250913"
2026-01-28 18:13:26 2026-01-28T18:13:26.589Z daemon INFO time="2026-01-28T18:13:26Z" level=info msg="Tool required for debug" tool="arduino:arduinoOTA@1.3.0"
time="2026-01-28T18:13:26Z" level=info msg="Tool required for debug" tool="arduino:avrdude@8.0.0-arduino1"
time="2026-01-28T18:13:26Z" level=info msg="Tool required for debug" tool="arduino:avr-gcc@7.3.0-atmel3.6.1-arduino7"
2026-01-28 18:13:26 2026-01-28T18:13:26.589Z daemon INFO time="2026-01-28T18:13:26Z" level=info msg="Tool required for debug" tool="builtin:mdns-discovery@1.0.12"
time="2026-01-28T18:13:26Z" level=info msg="Tool required for debug" tool="builtin:dfu-discovery@0.1.2"
2026-01-28 18:13:26 2026-01-28T18:13:26.589Z daemon INFO time="2026-01-28T18:13:26Z" level=info msg="Tool required for debug" tool="builtin:serial-discovery@1.4.3"
2026-01-28 18:13:26 2026-01-28T18:13:26.589Z daemon INFO time="2026-01-28T18:13:26Z" level=info msg="Tool required for debug" tool="builtin:serial-monitor@0.15.0"
2026-01-28 18:13:26 2026-01-28T18:13:26.589Z daemon INFO time="2026-01-28T18:13:26Z" level=info msg="Tool required for debug" tool="builtin:ctags@5.8-arduino11"
2026-01-28 18:13:26 2026-01-28T18:13:26.590Z daemon INFO time="2026-01-28T18:13:26Z" level=info msg="Tool required for debug" tool="arduino:dfu-util@0.11.0-arduino5"
time="2026-01-28T18:13:26Z" level=info msg="Tool required for debug" tool="esp32:esp-rv32@2511"
2026-01-28 18:13:26 2026-01-28T18:13:26.590Z daemon INFO time="2026-01-28T18:13:26Z" level=info msg="Tool required for debug" tool="esp32:esp-x32@2511"
time="2026-01-28T18:13:26Z" level=info msg="Tool required for debug" tool="esp32:esp32-libs@3.3.6"
time="2026-01-28T18:13:26Z" level=info msg="Tool required for debug" tool="esp32:esp32c3-libs@3.3.6"
2026-01-28 18:13:26 2026-01-28T18:13:26.590Z daemon INFO time="2026-01-28T18:13:26Z" level=info msg="Tool required for debug" tool="esp32:esp32c5-libs@3.3.6"
time="2026-01-28T18:13:26Z" level=info msg="Tool required for debug" tool="esp32:esp32c6-libs@3.3.6"
time="2026-01-28T18:13:26Z" level=info msg="Tool required for debug" tool="esp32:esp32h2-libs@3.3.6"
2026-01-28 18:13:26 2026-01-28T18:13:26.590Z daemon INFO time="2026-01-28T18:13:26Z" level=info msg="Tool required for debug" tool="esp32:esp32p4-libs@3.3.6"
time="2026-01-28T18:13:26Z" level=info msg="Tool required for debug" tool="esp32:esp32p4_es-libs@3.3.6"
2026-01-28 18:13:26 2026-01-28T18:13:26.590Z daemon INFO time="2026-01-28T18:13:26Z" level=info msg="Tool required for debug" tool="esp32:esp32s2-libs@3.3.6"
time="2026-01-28T18:13:26Z" level=info msg="Tool required for debug" tool="esp32:esp32s3-libs@3.3.6"
2026-01-28 18:13:26 2026-01-28T18:13:26.590Z daemon INFO time="2026-01-28T18:13:26Z" level=info msg="Tool required for debug" tool="esp32:esptool_py@5.1.0"
time="2026-01-28T18:13:26Z" level=info msg="Tool required for debug" tool="esp32:mklittlefs@4.0.2-db0513a"
2026-01-28 18:13:26 2026-01-28T18:13:26.590Z daemon INFO time="2026-01-28T18:13:26Z" level=info msg="Tool required for debug" tool="esp32:mkspiffs@0.2.3"
time="2026-01-28T18:13:26Z" level=info msg="Tool required for debug" tool="esp32:openocd-esp32@v0.12.0-esp32-20251215"
time="2026-01-28T18:13:26Z" level=info msg="Tool required for debug" tool="esp32:riscv32-esp-elf-gdb@16.3_20250913"
2026-01-28 18:13:26 2026-01-28T18:13:26.590Z daemon INFO time="2026-01-28T18:13:26Z" level=info msg="Tool required for debug" tool="esp32:xtensa-esp-elf-gdb@16.3_20250913"
time="2026-01-28T18:13:26Z" level=info msg="Tool required for debug" tool="arduino:arduinoOTA@1.3.0"
2026-01-28 18:13:26 2026-01-28T18:13:26.590Z daemon INFO time="2026-01-28T18:13:26Z" level=info msg="Tool required for debug" tool="builtin:serial-discovery@1.4.3"
2026-01-28 18:13:26 2026-01-28T18:13:26.590Z daemon INFO time="2026-01-28T18:13:26Z" level=info msg="Tool required for debug" tool="arduino:avrdude@8.0.0-arduino1"
2026-01-28 18:13:26 2026-01-28T18:13:26.590Z daemon INFO time="2026-01-28T18:13:26Z" level=info msg="Tool required for debug" tool="arduino:avr-gcc@7.3.0-atmel3.6.1-arduino7"
time="2026-01-28T18:13:26Z" level=info msg="Tool required for debug" tool="builtin:mdns-discovery@1.0.12"
2026-01-28 18:13:26 2026-01-28T18:13:26.590Z daemon INFO time="2026-01-28T18:13:26Z" level=info msg="Tool required for debug" tool="builtin:serial-monitor@0.15.0"
2026-01-28 18:13:26 2026-01-28T18:13:26.590Z daemon INFO time="2026-01-28T18:13:26Z" level=info msg="Tool required for debug" tool="builtin:ctags@5.8-arduino11"
time="2026-01-28T18:13:26Z" level=info msg="Tool required for debug" tool="builtin:dfu-discovery@0.1.2"
2026-01-28 18:13:26 2026-01-28T18:13:26.592Z daemon INFO time="2026-01-28T18:13:26Z" level=info msg="Tool required for debug" tool="arduino:dfu-util@0.11.0-arduino5"
time="2026-01-28T18:13:26Z" level=info msg="Tool required for debug" tool="esp32:esp-rv32@2511"
2026-01-28 18:13:26 2026-01-28T18:13:26.592Z daemon INFO time="2026-01-28T18:13:26Z" level=info msg="Tool required for debug" tool="esp32:esp-x32@2511"
time="2026-01-28T18:13:26Z" level=info msg="Tool required for debug" tool="esp32:esp32-libs@3.3.6"
time="2026-01-28T18:13:26Z" level=info msg="Tool required for debug" tool="esp32:esp32c3-libs@3.3.6"
2026-01-28 18:13:26 2026-01-28T18:13:26.592Z daemon INFO time="2026-01-28T18:13:26Z" level=info msg="Tool required for debug" tool="esp32:esp32c5-libs@3.3.6"
time="2026-01-28T18:13:26Z" level=info msg="Tool required for debug" tool="esp32:esp32c6-libs@3.3.6"
time="2026-01-28T18:13:26Z" level=info msg="Tool required for debug" tool="esp32:esp32h2-libs@3.3.6"
2026-01-28 18:13:26 2026-01-28T18:13:26.592Z daemon INFO time="2026-01-28T18:13:26Z" level=info msg="Tool required for debug" tool="esp32:esp32p4-libs@3.3.6"
time="2026-01-28T18:13:26Z" level=info msg="Tool required for debug" tool="esp32:esp32p4_es-libs@3.3.6"
2026-01-28 18:13:26 2026-01-28T18:13:26.592Z daemon INFO time="2026-01-28T18:13:26Z" level=info msg="Tool required for debug" tool="esp32:esp32s2-libs@3.3.6"
time="2026-01-28T18:13:26Z" level=info msg="Tool required for debug" tool="esp32:esp32s3-libs@3.3.6"
2026-01-28 18:13:26 2026-01-28T18:13:26.592Z daemon INFO time="2026-01-28T18:13:26Z" level=info msg="Tool required for debug" tool="esp32:esptool_py@5.1.0"
time="2026-01-28T18:13:26Z" level=info msg="Tool required for debug" tool="esp32:mklittlefs@4.0.2-db0513a"
2026-01-28 18:13:26 2026-01-28T18:13:26.592Z daemon INFO time="2026-01-28T18:13:26Z" level=info msg="Tool required for debug" tool="esp32:mkspiffs@0.2.3"
time="2026-01-28T18:13:26Z" level=info msg="Tool required for debug" tool="esp32:openocd-esp32@v0.12.0-esp32-20251215"
2026-01-28 18:13:26 2026-01-28T18:13:26.592Z daemon INFO time="2026-01-28T18:13:26Z" level=info msg="Tool required for debug" tool="esp32:riscv32-esp-elf-gdb@16.3_20250913"
time="2026-01-28T18:13:26Z" level=info msg="Tool required for debug" tool="esp32:xtensa-esp-elf-gdb@16.3_20250913"
2026-01-28 18:13:26 2026-01-28T18:13:26.592Z daemon INFO time="2026-01-28T18:13:26Z" level=info msg="Tool required for debug" tool="arduino:avr-gcc@7.3.0-atmel3.6.1-arduino7"
time="2026-01-28T18:13:26Z" level=info msg="Tool required for debug" tool="arduino:avrdude@8.0.0-arduino1"
time="2026-01-28T18:13:26Z" level=info msg="Tool required for debug" tool="builtin:ctags@5.8-arduino11"
2026-01-28 18:13:26 2026-01-28T18:13:26.592Z daemon INFO time="2026-01-28T18:13:26Z" level=info msg="Tool required for debug" tool="builtin:dfu-discovery@0.1.2"
time="2026-01-28T18:13:26Z" level=info msg="Tool required for debug" tool="builtin:serial-monitor@0.15.0"
2026-01-28 18:13:26 2026-01-28T18:13:26.592Z daemon INFO time="2026-01-28T18:13:26Z" level=info msg="Tool required for debug" tool="arduino:arduinoOTA@1.3.0"
time="2026-01-28T18:13:26Z" level=info msg="Tool required for debug" tool="builtin:mdns-discovery@1.0.12"
2026-01-28 18:13:26 2026-01-28T18:13:26.592Z daemon INFO time="2026-01-28T18:13:26Z" level=info msg="Tool required for debug" tool="builtin:serial-discovery@1.4.3"
2026-01-28 18:13:27 2026-01-28T18:13:27.536Z daemon INFO time="2026-01-28T18:13:27Z" level=info msg="Adding libraries dir" dir=/home/shrek/.arduino15/libraries isSingleLibrary=false location=ide
2026-01-28 18:13:27 2026-01-28T18:13:27.536Z daemon INFO time="2026-01-28T18:13:27Z" level=info msg="Adding libraries dir" dir=/home/shrek/.arduino15/packages/esp32/hardware/esp32/3.3.6/libraries isSingleLibrary=false location=platform
time="2026-01-28T18:13:27Z" level=info msg="Adding libraries dir" dir=/home/shrek/Arduino/libraries isSingleLibrary=false location=user
2026-01-28 18:13:32 2026-01-28T18:13:32.773Z root INFO Received port after upload [arduino+serial:///dev/ttyACM0, esp32:esp32:esp32s3:UploadSpeed=115200,USBMode=hwcdc,CDCOnBoot=cdc,MSCOnBoot=default,DFUOnBoot=default,UploadMode=default,CPUFreq=240,FlashMode=qio,FlashSize=32M,PartitionScheme=default,DebugLevel=none,PSRAM=disabled,LoopCore=1,EventsCore=1,EraseFlash=none,JTAGAdapter=default,ZigbeeMode=default, practice]. Before port: {"protocol":"serial","address":"/dev/ttyACM0"}, after port: {"address":"/dev/ttyACM0","addressLabel":"/dev/ttyACM0","protocol":"serial","protocolLabel":"Serial Port (USB)","properties":{"pid":"0x1001","serialNumber":"90:E5:B1:D7:D6:84","vid":"0x303a"},"hardwareId":"90:E5:B1:D7:D6:84"}
2026-01-28 18:13:48 2026-01-28T18:13:48.846Z daemon INFO time="2026-01-28T18:13:48Z" level=info msg="Adding libraries dir" dir=/home/shrek/.arduino15/libraries isSingleLibrary=false location=ide
2026-01-28 18:13:48 2026-01-28T18:13:48.846Z daemon INFO time="2026-01-28T18:13:48Z" level=info msg="Adding libraries dir" dir=/home/shrek/.arduino15/packages/esp32/hardware/esp32/3.3.6/libraries isSingleLibrary=false location=platform
time="2026-01-28T18:13:48Z" level=info msg="Adding libraries dir" dir=/home/shrek/Arduino/libraries isSingleLibrary=false location=user
2026-01-28 18:13:49 2026-01-28T18:13:49.395Z daemon INFO time="2026-01-28T18:13:49Z" level=info msg="Adding libraries dir" dir=/home/shrek/.arduino15/libraries isSingleLibrary=false location=ide
time="2026-01-28T18:13:49Z" level=info msg="Adding libraries dir" dir=/home/shrek/.arduino15/packages/esp32/hardware/esp32/3.3.6/libraries isSingleLibrary=false location=platform
2026-01-28 18:13:49 2026-01-28T18:13:49.395Z daemon INFO time="2026-01-28T18:13:49Z" level=info msg="Adding libraries dir" dir=/home/shrek/Arduino/libraries isSingleLibrary=false location=user
2026-01-28 18:13:50 2026-01-28T18:13:50.007Z daemon INFO time="2026-01-28T18:13:50Z" level=info msg="Resolving include MD_MAX72xx.h for arch esp32"
time="2026-01-28T18:13:50Z" level=info msg="  found better lib" lib=MD_MAX72XX prio=6A7
2026-01-28 18:13:50 2026-01-28T18:13:50.010Z daemon INFO time="2026-01-28T18:13:50Z" level=info msg="Resolving include SPI.h for arch esp32"
time="2026-01-28T18:13:50Z" level=info msg="  found better lib" lib=SPI prio=6B0
2026-01-28 18:13:50 2026-01-28T18:13:50.616Z daemon INFO time="2026-01-28T18:13:50Z" level=info msg="Adding libraries dir" dir=/home/shrek/.arduino15/libraries isSingleLibrary=false location=ide
2026-01-28 18:13:50 2026-01-28T18:13:50.616Z daemon INFO time="2026-01-28T18:13:50Z" level=info msg="Adding libraries dir" dir=/home/shrek/.arduino15/packages/esp32/hardware/esp32/3.3.6/libraries isSingleLibrary=false location=platform
time="2026-01-28T18:13:50Z" level=info msg="Adding libraries dir" dir=/home/shrek/Arduino/libraries isSingleLibrary=false location=user
2026-01-28 18:13:52 2026-01-28T18:13:52.074Z root INFO Executing 'arduino.languageserver.notifyBuildDidComplete' with "file:///home/shrek/.cache/arduino/sketches/06F50BDA0506E2D6953ED82E048FA1AF"
2026-01-28 18:13:52 2026-01-28T18:13:52.118Z daemon INFO time="2026-01-28T18:13:52Z" level=info msg="Tool required for debug" tool="arduino:dfu-util@0.11.0-arduino5"
time="2026-01-28T18:13:52Z" level=info msg="Tool required for debug" tool="esp32:esp-rv32@2511"
2026-01-28 18:13:52 2026-01-28T18:13:52.118Z daemon INFO time="2026-01-28T18:13:52Z" level=info msg="Tool required for debug" tool="esp32:esp-x32@2511"
time="2026-01-28T18:13:52Z" level=info msg="Tool required for debug" tool="esp32:esp32-libs@3.3.6"
time="2026-01-28T18:13:52Z" level=info msg="Tool required for debug" tool="esp32:esp32c3-libs@3.3.6"
time="2026-01-28T18:13:52Z" level=info msg="Tool required for debug" tool="esp32:esp32c5-libs@3.3.6"
time="2026-01-28T18:13:52Z" level=info msg="Tool required for debug" tool="esp32:esp32c6-libs@3.3.6"
time="2026-01-28T18:13:52Z" level=info msg="Tool required for debug" tool="esp32:esp32h2-libs@3.3.6"
time="2026-01-28T18:13:52Z" level=info msg="Tool required for debug" tool="esp32:esp32p4-libs@3.3.6"
time="2026-01-28T18:13:52Z" level=info msg="Tool required for debug" tool="esp32:esp32p4_es-libs@3.3.6"
2026-01-28 18:13:52 2026-01-28T18:13:52.118Z daemon INFO time="2026-01-28T18:13:52Z" level=info msg="Tool required for debug" tool="esp32:esp32s2-libs@3.3.6"
time="2026-01-28T18:13:52Z" level=info msg="Tool required for debug" tool="esp32:esp32s3-libs@3.3.6"
time="2026-01-28T18:13:52Z" level=info msg="Tool required for debug" tool="esp32:esptool_py@5.1.0"
time="2026-01-28T18:13:52Z" level=info msg="Tool required for debug" tool="esp32:mklittlefs@4.0.2-db0513a"
time="2026-01-28T18:13:52Z" level=info msg="Tool required for debug" tool="esp32:mkspiffs@0.2.3"
time="2026-01-28T18:13:52Z" level=info msg="Tool required for debug" tool="esp32:openocd-esp32@v0.12.0-esp32-20251215"
2026-01-28 18:13:52 2026-01-28T18:13:52.118Z daemon INFO time="2026-01-28T18:13:52Z" level=info msg="Tool required for debug" tool="esp32:riscv32-esp-elf-gdb@16.3_20250913"
time="2026-01-28T18:13:52Z" level=info msg="Tool required for debug" tool="esp32:xtensa-esp-elf-gdb@16.3_20250913"
time="2026-01-28T18:13:52Z" level=info msg="Tool required for debug" tool="arduino:avr-gcc@7.3.0-atmel3.6.1-arduino7"
2026-01-28 18:13:52 2026-01-28T18:13:52.118Z daemon INFO time="2026-01-28T18:13:52Z" level=info msg="Tool required for debug" tool="arduino:arduinoOTA@1.3.0"
time="2026-01-28T18:13:52Z" level=info msg="Tool required for debug" tool="arduino:avrdude@8.0.0-arduino1"
2026-01-28 18:13:52 2026-01-28T18:13:52.118Z daemon INFO time="2026-01-28T18:13:52Z" level=info msg="Tool required for debug" tool="builtin:serial-monitor@0.15.0"
time="2026-01-28T18:13:52Z" level=info msg="Tool required for debug" tool="builtin:serial-discovery@1.4.3"
2026-01-28 18:13:52 2026-01-28T18:13:52.118Z daemon INFO time="2026-01-28T18:13:52Z" level=info msg="Tool required for debug" tool="builtin:ctags@5.8-arduino11"
2026-01-28 18:13:52 2026-01-28T18:13:52.118Z daemon INFO time="2026-01-28T18:13:52Z" level=info msg="Tool required for debug" tool="builtin:dfu-discovery@0.1.2"
2026-01-28 18:13:52 2026-01-28T18:13:52.118Z daemon INFO time="2026-01-28T18:13:52Z" level=info msg="Tool required for debug" tool="builtin:mdns-discovery@1.0.12"
2026-01-28 18:13:52 2026-01-28T18:13:52.120Z daemon INFO time="2026-01-28T18:13:52Z" level=info msg="Tool required for debug" tool="arduino:dfu-util@0.11.0-arduino5"
time="2026-01-28T18:13:52Z" level=info msg="Tool required for debug" tool="esp32:esp-rv32@2511"
2026-01-28 18:13:52 2026-01-28T18:13:52.120Z daemon INFO time="2026-01-28T18:13:52Z" level=info msg="Tool required for debug" tool="esp32:esp-x32@2511"
time="2026-01-28T18:13:52Z" level=info msg="Tool required for debug" tool="esp32:esp32-libs@3.3.6"
time="2026-01-28T18:13:52Z" level=info msg="Tool required for debug" tool="esp32:esp32c3-libs@3.3.6"
time="2026-01-28T18:13:52Z" level=info msg="Tool required for debug" tool="esp32:esp32c5-libs@3.3.6"
2026-01-28 18:13:52 2026-01-28T18:13:52.120Z daemon INFO time="2026-01-28T18:13:52Z" level=info msg="Tool required for debug" tool="esp32:esp32c6-libs@3.3.6"
time="2026-01-28T18:13:52Z" level=info msg="Tool required for debug" tool="esp32:esp32h2-libs@3.3.6"
2026-01-28 18:13:52 2026-01-28T18:13:52.120Z daemon INFO time="2026-01-28T18:13:52Z" level=info msg="Tool required for debug" tool="esp32:esp32p4-libs@3.3.6"
time="2026-01-28T18:13:52Z" level=info msg="Tool required for debug" tool="esp32:esp32p4_es-libs@3.3.6"
2026-01-28 18:13:52 2026-01-28T18:13:52.120Z daemon INFO time="2026-01-28T18:13:52Z" level=info msg="Tool required for debug" tool="esp32:esp32s2-libs@3.3.6"
time="2026-01-28T18:13:52Z" level=info msg="Tool required for debug" tool="esp32:esp32s3-libs@3.3.6"
2026-01-28 18:13:52 2026-01-28T18:13:52.120Z daemon INFO time="2026-01-28T18:13:52Z" level=info msg="Tool required for debug" tool="esp32:esptool_py@5.1.0"
time="2026-01-28T18:13:52Z" level=info msg="Tool required for debug" tool="esp32:mklittlefs@4.0.2-db0513a"
time="2026-01-28T18:13:52Z" level=info msg="Tool required for debug" tool="esp32:mkspiffs@0.2.3"
2026-01-28 18:13:52 2026-01-28T18:13:52.120Z daemon INFO time="2026-01-28T18:13:52Z" level=info msg="Tool required for debug" tool="esp32:openocd-esp32@v0.12.0-esp32-20251215"
time="2026-01-28T18:13:52Z" level=info msg="Tool required for debug" tool="esp32:riscv32-esp-elf-gdb@16.3_20250913"
2026-01-28 18:13:52 2026-01-28T18:13:52.120Z daemon INFO time="2026-01-28T18:13:52Z" level=info msg="Tool required for debug" tool="esp32:xtensa-esp-elf-gdb@16.3_20250913"
time="2026-01-28T18:13:52Z" level=info msg="Tool required for debug" tool="builtin:mdns-discovery@1.0.12"
2026-01-28 18:13:52 2026-01-28T18:13:52.120Z daemon INFO time="2026-01-28T18:13:52Z" level=info msg="Tool required for debug" tool="arduino:avr-gcc@7.3.0-atmel3.6.1-arduino7"
2026-01-28 18:13:52 2026-01-28T18:13:52.120Z daemon INFO time="2026-01-28T18:13:52Z" level=info msg="Tool required for debug" tool="builtin:serial-monitor@0.15.0"
time="2026-01-28T18:13:52Z" level=info msg="Tool required for debug" tool="arduino:arduinoOTA@1.3.0"
2026-01-28 18:13:52 2026-01-28T18:13:52.120Z daemon INFO time="2026-01-28T18:13:52Z" level=info msg="Tool required for debug" tool="arduino:avrdude@8.0.0-arduino1"
time="2026-01-28T18:13:52Z" level=info msg="Tool required for debug" tool="builtin:ctags@5.8-arduino11"
2026-01-28 18:13:52 2026-01-28T18:13:52.120Z daemon INFO time="2026-01-28T18:13:52Z" level=info msg="Tool required for debug" tool="builtin:dfu-discovery@0.1.2"
2026-01-28 18:13:52 2026-01-28T18:13:52.120Z daemon INFO time="2026-01-28T18:13:52Z" level=info msg="Tool required for debug" tool="builtin:serial-discovery@1.4.3"
2026-01-28 18:13:52 2026-01-28T18:13:52.122Z daemon INFO time="2026-01-28T18:13:52Z" level=info msg="Tool required for debug" tool="arduino:dfu-util@0.11.0-arduino5"
time="2026-01-28T18:13:52Z" level=info msg="Tool required for debug" tool="esp32:esp-rv32@2511"
2026-01-28 18:13:52 2026-01-28T18:13:52.122Z daemon INFO time="2026-01-28T18:13:52Z" level=info msg="Tool required for debug" tool="esp32:esp-x32@2511"
time="2026-01-28T18:13:52Z" level=info msg="Tool required for debug" tool="esp32:esp32-libs@3.3.6"
time="2026-01-28T18:13:52Z" level=info msg="Tool required for debug" tool="esp32:esp32c3-libs@3.3.6"
time="2026-01-28T18:13:52Z" level=info msg="Tool required for debug" tool="esp32:esp32c5-libs@3.3.6"
2026-01-28 18:13:52 2026-01-28T18:13:52.122Z daemon INFO time="2026-01-28T18:13:52Z" level=info msg="Tool required for debug" tool="esp32:esp32c6-libs@3.3.6"
time="2026-01-28T18:13:52Z" level=info msg="Tool required for debug" tool="esp32:esp32h2-libs@3.3.6"
time="2026-01-28T18:13:52Z" level=info msg="Tool required for debug" tool="esp32:esp32p4-libs@3.3.6"
2026-01-28 18:13:52 2026-01-28T18:13:52.122Z daemon INFO time="2026-01-28T18:13:52Z" level=info msg="Tool required for debug" tool="esp32:esp32p4_es-libs@3.3.6"
time="2026-01-28T18:13:52Z" level=info msg="Tool required for debug" tool="esp32:esp32s2-libs@3.3.6"
time="2026-01-28T18:13:52Z" level=info msg="Tool required for debug" tool="esp32:esp32s3-libs@3.3.6"
2026-01-28 18:13:52 2026-01-28T18:13:52.122Z daemon INFO time="2026-01-28T18:13:52Z" level=info msg="Tool required for debug" tool="esp32:esptool_py@5.1.0"
time="2026-01-28T18:13:52Z" level=info msg="Tool required for debug" tool="esp32:mklittlefs@4.0.2-db0513a"
time="2026-01-28T18:13:52Z" level=info msg="Tool required for debug" tool="esp32:mkspiffs@0.2.3"
2026-01-28 18:13:52 2026-01-28T18:13:52.122Z daemon INFO time="2026-01-28T18:13:52Z" level=info msg="Tool required for debug" tool="esp32:openocd-esp32@v0.12.0-esp32-20251215"
time="2026-01-28T18:13:52Z" level=info msg="Tool required for debug" tool="esp32:riscv32-esp-elf-gdb@16.3_20250913"
time="2026-01-28T18:13:52Z" level=info msg="Tool required for debug" tool="esp32:xtensa-esp-elf-gdb@16.3_20250913"
time="2026-01-28T18:13:52Z" level=info msg="Tool required for debug" tool="arduino:arduinoOTA@1.3.0"
time="2026-01-28T18:13:52Z" level=info msg="Tool required for debug" tool="arduino:avr-gcc@7.3.0-atmel3.6.1-arduino7"
2026-01-28 18:13:52 2026-01-28T18:13:52.122Z daemon INFO time="2026-01-28T18:13:52Z" level=info msg="Tool required for debug" tool="builtin:ctags@5.8-arduino11"
time="2026-01-28T18:13:52Z" level=info msg="Tool required for debug" tool="builtin:serial-monitor@0.15.0"
2026-01-28 18:13:52 2026-01-28T18:13:52.122Z daemon INFO time="2026-01-28T18:13:52Z" level=info msg="Tool required for debug" tool="arduino:avrdude@8.0.0-arduino1"
time="2026-01-28T18:13:52Z" level=info msg="Tool required for debug" tool="builtin:dfu-discovery@0.1.2"
2026-01-28 18:13:52 2026-01-28T18:13:52.122Z daemon INFO time="2026-01-28T18:13:52Z" level=info msg="Tool required for debug" tool="builtin:mdns-discovery@1.0.12"
time="2026-01-28T18:13:52Z" level=info msg="Tool required for debug" tool="builtin:serial-discovery@1.4.3"
2026-01-28 18:13:52 2026-01-28T18:13:52.124Z daemon INFO time="2026-01-28T18:13:52Z" level=info msg="Tool required for debug" tool="arduino:dfu-util@0.11.0-arduino5"
time="2026-01-28T18:13:52Z" level=info msg="Tool required for debug" tool="esp32:esp-rv32@2511"
2026-01-28 18:13:52 2026-01-28T18:13:52.124Z daemon INFO time="2026-01-28T18:13:52Z" level=info msg="Tool required for debug" tool="esp32:esp-x32@2511"
time="2026-01-28T18:13:52Z" level=info msg="Tool required for debug" tool="esp32:esp32-libs@3.3.6"
time="2026-01-28T18:13:52Z" level=info msg="Tool required for debug" tool="esp32:esp32c3-libs@3.3.6"
2026-01-28 18:13:52 2026-01-28T18:13:52.124Z daemon INFO time="2026-01-28T18:13:52Z" level=info msg="Tool required for debug" tool="esp32:esp32c5-libs@3.3.6"
time="2026-01-28T18:13:52Z" level=info msg="Tool required for debug" tool="esp32:esp32c6-libs@3.3.6"
time="2026-01-28T18:13:52Z" level=info msg="Tool required for debug" tool="esp32:esp32h2-libs@3.3.6"
2026-01-28 18:13:52 2026-01-28T18:13:52.124Z daemon INFO time="2026-01-28T18:13:52Z" level=info msg="Tool required for debug" tool="esp32:esp32p4-libs@3.3.6"
time="2026-01-28T18:13:52Z" level=info msg="Tool required for debug" tool="esp32:esp32p4_es-libs@3.3.6"
time="2026-01-28T18:13:52Z" level=info msg="Tool required for debug" tool="esp32:esp32s2-libs@3.3.6"
2026-01-28 18:13:52 2026-01-28T18:13:52.124Z daemon INFO time="2026-01-28T18:13:52Z" level=info msg="Tool required for debug" tool="esp32:esp32s3-libs@3.3.6"
time="2026-01-28T18:13:52Z" level=info msg="Tool required for debug" tool="esp32:esptool_py@5.1.0"
time="2026-01-28T18:13:52Z" level=info msg="Tool required for debug" tool="esp32:mklittlefs@4.0.2-db0513a"
2026-01-28 18:13:52 2026-01-28T18:13:52.124Z daemon INFO time="2026-01-28T18:13:52Z" level=info msg="Tool required for debug" tool="esp32:mkspiffs@0.2.3"
time="2026-01-28T18:13:52Z" level=info msg="Tool required for debug" tool="esp32:openocd-esp32@v0.12.0-esp32-20251215"
2026-01-28 18:13:52 2026-01-28T18:13:52.124Z daemon INFO time="2026-01-28T18:13:52Z" level=info msg="Tool required for debug" tool="esp32:riscv32-esp-elf-gdb@16.3_20250913"
time="2026-01-28T18:13:52Z" level=info msg="Tool required for debug" tool="esp32:xtensa-esp-elf-gdb@16.3_20250913"
time="2026-01-28T18:13:52Z" level=info msg="Tool required for debug" tool="arduino:avrdude@8.0.0-arduino1"
2026-01-28 18:13:52 2026-01-28T18:13:52.124Z daemon INFO time="2026-01-28T18:13:52Z" level=info msg="Tool required for debug" tool="arduino:avr-gcc@7.3.0-atmel3.6.1-arduino7"
time="2026-01-28T18:13:52Z" level=info msg="Tool required for debug" tool="builtin:dfu-discovery@0.1.2"
2026-01-28 18:13:52 2026-01-28T18:13:52.124Z daemon INFO time="2026-01-28T18:13:52Z" level=info msg="Tool required for debug" tool="builtin:ctags@5.8-arduino11"
time="2026-01-28T18:13:52Z" level=info msg="Tool required for debug" tool="builtin:serial-discovery@1.4.3"
2026-01-28 18:13:52 2026-01-28T18:13:52.124Z daemon INFO time="2026-01-28T18:13:52Z" level=info msg="Tool required for debug" tool="builtin:serial-monitor@0.15.0"
time="2026-01-28T18:13:52Z" level=info msg="Tool required for debug" tool="arduino:arduinoOTA@1.3.0"
2026-01-28 18:13:52 2026-01-28T18:13:52.124Z daemon INFO time="2026-01-28T18:13:52Z" level=info msg="Tool required for debug" tool="builtin:mdns-discovery@1.0.12"
2026-01-28 18:13:52 2026-01-28T18:13:52.126Z daemon INFO time="2026-01-28T18:13:52Z" level=info msg="Tool required for debug" tool="arduino:dfu-util@0.11.0-arduino5"
time="2026-01-28T18:13:52Z" level=info msg="Tool required for debug" tool="esp32:esp-rv32@2511"
2026-01-28 18:13:52 2026-01-28T18:13:52.126Z daemon INFO time="2026-01-28T18:13:52Z" level=info msg="Tool required for debug" tool="esp32:esp-x32@2511"
time="2026-01-28T18:13:52Z" level=info msg="Tool required for debug" tool="esp32:esp32-libs@3.3.6"
time="2026-01-28T18:13:52Z" level=info msg="Tool required for debug" tool="esp32:esp32c3-libs@3.3.6"
time="2026-01-28T18:13:52Z" level=info msg="Tool required for debug" tool="esp32:esp32c5-libs@3.3.6"
time="2026-01-28T18:13:52Z" level=info msg="Tool required for debug" tool="esp32:esp32c6-libs@3.3.6"
time="2026-01-28T18:13:52Z" level=info msg="Tool required for debug" tool="esp32:esp32h2-libs@3.3.6"
time="2026-01-28T18:13:52Z" level=info msg="Tool required for debug" tool="esp32:esp32p4-libs@3.3.6"
time="2026-01-28T18:13:52Z" level=info msg="Tool required for debug" tool="esp32:esp32p4_es-libs@3.3.6"
2026-01-28 18:13:52 2026-01-28T18:13:52.126Z daemon INFO time="2026-01-28T18:13:52Z" level=info msg="Tool required for debug" tool="esp32:esp32s2-libs@3.3.6"
time="2026-01-28T18:13:52Z" level=info msg="Tool required for debug" tool="esp32:esp32s3-libs@3.3.6"
time="2026-01-28T18:13:52Z" level=info msg="Tool required for debug" tool="esp32:esptool_py@5.1.0"
time="2026-01-28T18:13:52Z" level=info msg="Tool required for debug" tool="esp32:mklittlefs@4.0.2-db0513a"
2026-01-28 18:13:52 2026-01-28T18:13:52.126Z daemon INFO time="2026-01-28T18:13:52Z" level=info msg="Tool required for debug" tool="esp32:mkspiffs@0.2.3"
time="2026-01-28T18:13:52Z" level=info msg="Tool required for debug" tool="esp32:openocd-esp32@v0.12.0-esp32-20251215"
time="2026-01-28T18:13:52Z" level=info msg="Tool required for debug" tool="esp32:riscv32-esp-elf-gdb@16.3_20250913"
2026-01-28 18:13:52 2026-01-28T18:13:52.126Z daemon INFO time="2026-01-28T18:13:52Z" level=info msg="Tool required for debug" tool="esp32:xtensa-esp-elf-gdb@16.3_20250913"
time="2026-01-28T18:13:52Z" level=info msg="Tool required for debug" tool="builtin:ctags@5.8-arduino11"
2026-01-28 18:13:52 2026-01-28T18:13:52.126Z daemon INFO time="2026-01-28T18:13:52Z" level=info msg="Tool required for debug" tool="builtin:dfu-discovery@0.1.2"
2026-01-28 18:13:52 2026-01-28T18:13:52.126Z daemon INFO time="2026-01-28T18:13:52Z" level=info msg="Tool required for debug" tool="builtin:serial-discovery@1.4.3"
time="2026-01-28T18:13:52Z" level=info msg="Tool required for debug" tool="builtin:serial-monitor@0.15.0"
2026-01-28 18:13:52 2026-01-28T18:13:52.126Z daemon INFO time="2026-01-28T18:13:52Z" level=info msg="Tool required for debug" tool="arduino:arduinoOTA@1.3.0"
time="2026-01-28T18:13:52Z" level=info msg="Tool required for debug" tool="arduino:avrdude@8.0.0-arduino1"
2026-01-28 18:13:52 2026-01-28T18:13:52.126Z daemon INFO time="2026-01-28T18:13:52Z" level=info msg="Tool required for debug" tool="arduino:avr-gcc@7.3.0-atmel3.6.1-arduino7"
time="2026-01-28T18:13:52Z" level=info msg="Tool required for debug" tool="builtin:mdns-discovery@1.0.12"
2026-01-28 18:13:52 2026-01-28T18:13:52.132Z daemon INFO time="2026-01-28T18:13:52Z" level=info msg="Tool required for debug" tool="arduino:dfu-util@0.11.0-arduino5"
time="2026-01-28T18:13:52Z" level=info msg="Tool required for debug" tool="esp32:esp-rv32@2511"
time="2026-01-28T18:13:52Z" level=info msg="Tool required for debug" tool="esp32:esp-x32@2511"
time="2026-01-28T18:13:52Z" level=info msg="Tool required for debug" tool="esp32:esp32-libs@3.3.6"
time="2026-01-28T18:13:52Z" level=info msg="Tool required for debug" tool="esp32:esp32c3-libs@3.3.6"
2026-01-28 18:13:52 2026-01-28T18:13:52.132Z daemon INFO time="2026-01-28T18:13:52Z" level=info msg="Tool required for debug" tool="esp32:esp32c5-libs@3.3.6"
time="2026-01-28T18:13:52Z" level=info msg="Tool required for debug" tool="esp32:esp32c6-libs@3.3.6"
time="2026-01-28T18:13:52Z" level=info msg="Tool required for debug" tool="esp32:esp32h2-libs@3.3.6"
time="2026-01-28T18:13:52Z" level=info msg="Tool required for debug" tool="esp32:esp32p4-libs@3.3.6"
time="2026-01-28T18:13:52Z" level=info msg="Tool required for debug" tool="esp32:esp32p4_es-libs@3.3.6"
time="2026-01-28T18:13:52Z" level=info msg="Tool required for debug" tool="esp32:esp32s2-libs@3.3.6"
time="2026-01-28T18:13:52Z" level=info msg="Tool required for debug" tool="esp32:esp32s3-libs@3.3.6"
time="2026-01-28T18:13:52Z" level=info msg="Tool required for debug" tool="esp32:esptool_py@5.1.0"
time="2026-01-28T18:13:52Z" level=info msg="Tool required for debug" tool="esp32:mklittlefs@4.0.2-db0513a"
time="2026-01-28T18:13:52Z" level=info msg="Tool required for debug" tool="esp32:mkspiffs@0.2.3"
time="2026-01-28T18:13:52Z" level=info msg="Tool required for debug" tool="esp32:openocd-esp32@v0.12.0-esp32-20251215"
time="2026-01-28T18:13:52Z" level=info msg="Tool required for debug" tool="esp32:riscv32-esp-elf-gdb@16.3_20250913"
time="2026-01-28T18:13:52Z" level=info msg="Tool required for debug" tool="esp32:xtensa-esp-elf-gdb@16.3_20250913"
time="2026-01-28T18:13:52Z" level=info msg="Tool required for debug" tool="arduino:arduinoOTA@1.3.0"
time="2026-01-28T18:13:52Z" level=info msg="Tool required for debug" tool="builtin:serial-discovery@1.4.3"
time="2026-01-28T18:13:52Z" level=info msg="Tool required for debug" tool="builtin:serial-monitor@0.15.0"
2026-01-28 18:13:52 2026-01-28T18:13:52.132Z daemon INFO time="2026-01-28T18:13:52Z" level=info msg="Tool required for debug" tool="arduino:avr-gcc@7.3.0-atmel3.6.1-arduino7"
time="2026-01-28T18:13:52Z" level=info msg="Tool required for debug" tool="builtin:ctags@5.8-arduino11"
time="2026-01-28T18:13:52Z" level=info msg="Tool required for debug" tool="builtin:dfu-discovery@0.1.2"
time="2026-01-28T18:13:52Z" level=info msg="Tool required for debug" tool="arduino:avrdude@8.0.0-arduino1"
2026-01-28 18:13:52 2026-01-28T18:13:52.132Z daemon INFO time="2026-01-28T18:13:52Z" level=info msg="Tool required for debug" tool="builtin:mdns-discovery@1.0.12"
2026-01-28 18:13:52 2026-01-28T18:13:52.133Z daemon INFO time="2026-01-28T18:13:52Z" level=info msg="Tool required for debug" tool="arduino:dfu-util@0.11.0-arduino5"
time="2026-01-28T18:13:52Z" level=info msg="Tool required for debug" tool="esp32:esp-rv32@2511"
2026-01-28 18:13:52 2026-01-28T18:13:52.133Z daemon INFO time="2026-01-28T18:13:52Z" level=info msg="Tool required for debug" tool="esp32:esp-x32@2511"
time="2026-01-28T18:13:52Z" level=info msg="Tool required for debug" tool="esp32:esp32-libs@3.3.6"
time="2026-01-28T18:13:52Z" level=info msg="Tool required for debug" tool="esp32:esp32c3-libs@3.3.6"
2026-01-28 18:13:52 2026-01-28T18:13:52.133Z daemon INFO time="2026-01-28T18:13:52Z" level=info msg="Tool required for debug" tool="esp32:esp32c5-libs@3.3.6"
time="2026-01-28T18:13:52Z" level=info msg="Tool required for debug" tool="esp32:esp32c6-libs@3.3.6"
time="2026-01-28T18:13:52Z" level=info msg="Tool required for debug" tool="esp32:esp32h2-libs@3.3.6"
2026-01-28 18:13:52 2026-01-28T18:13:52.133Z daemon INFO time="2026-01-28T18:13:52Z" level=info msg="Tool required for debug" tool="esp32:esp32p4-libs@3.3.6"
time="2026-01-28T18:13:52Z" level=info msg="Tool required for debug" tool="esp32:esp32p4_es-libs@3.3.6"
time="2026-01-28T18:13:52Z" level=info msg="Tool required for debug" tool="esp32:esp32s2-libs@3.3.6"
2026-01-28 18:13:52 2026-01-28T18:13:52.133Z daemon INFO time="2026-01-28T18:13:52Z" level=info msg="Tool required for debug" tool="esp32:esp32s3-libs@3.3.6"
time="2026-01-28T18:13:52Z" level=info msg="Tool required for debug" tool="esp32:esptool_py@5.1.0"
time="2026-01-28T18:13:52Z" level=info msg="Tool required for debug" tool="esp32:mklittlefs@4.0.2-db0513a"
2026-01-28 18:13:52 2026-01-28T18:13:52.133Z daemon INFO time="2026-01-28T18:13:52Z" level=info msg="Tool required for debug" tool="esp32:mkspiffs@0.2.3"
time="2026-01-28T18:13:52Z" level=info msg="Tool required for debug" tool="esp32:openocd-esp32@v0.12.0-esp32-20251215"
time="2026-01-28T18:13:52Z" level=info msg="Tool required for debug" tool="esp32:riscv32-esp-elf-gdb@16.3_20250913"
2026-01-28 18:13:52 2026-01-28T18:13:52.133Z daemon INFO time="2026-01-28T18:13:52Z" level=info msg="Tool required for debug" tool="esp32:xtensa-esp-elf-gdb@16.3_20250913"
time="2026-01-28T18:13:52Z" level=info msg="Tool required for debug" tool="builtin:mdns-discovery@1.0.12"
time="2026-01-28T18:13:52Z" level=info msg="Tool required for debug" tool="arduino:avrdude@8.0.0-arduino1"
2026-01-28 18:13:52 2026-01-28T18:13:52.133Z daemon INFO time="2026-01-28T18:13:52Z" level=info msg="Tool required for debug" tool="builtin:serial-discovery@1.4.3"
time="2026-01-28T18:13:52Z" level=info msg="Tool required for debug" tool="builtin:serial-monitor@0.15.0"
2026-01-28 18:13:52 2026-01-28T18:13:52.133Z daemon INFO time="2026-01-28T18:13:52Z" level=info msg="Tool required for debug" tool="builtin:ctags@5.8-arduino11"
2026-01-28 18:13:52 2026-01-28T18:13:52.133Z daemon INFO time="2026-01-28T18:13:52Z" level=info msg="Tool required for debug" tool="arduino:arduinoOTA@1.3.0"
time="2026-01-28T18:13:52Z" level=info msg="Tool required for debug" tool="builtin:dfu-discovery@0.1.2"
2026-01-28 18:13:52 2026-01-28T18:13:52.133Z daemon INFO time="2026-01-28T18:13:52Z" level=info msg="Tool required for debug" tool="arduino:avr-gcc@7.3.0-atmel3.6.1-arduino7"
2026-01-28 18:13:52 2026-01-28T18:13:52.135Z daemon INFO time="2026-01-28T18:13:52Z" level=info msg="Tool required for debug" tool="arduino:dfu-util@0.11.0-arduino5"
2026-01-28 18:13:52 2026-01-28T18:13:52.135Z daemon INFO time="2026-01-28T18:13:52Z" level=info msg="Tool required for debug" tool="esp32:esp-rv32@2511"
time="2026-01-28T18:13:52Z" level=info msg="Tool required for debug" tool="esp32:esp-x32@2511"
2026-01-28 18:13:52 2026-01-28T18:13:52.135Z daemon INFO time="2026-01-28T18:13:52Z" level=info msg="Tool required for debug" tool="esp32:esp32-libs@3.3.6"
time="2026-01-28T18:13:52Z" level=info msg="Tool required for debug" tool="esp32:esp32c3-libs@3.3.6"
2026-01-28 18:13:52 2026-01-28T18:13:52.135Z daemon INFO time="2026-01-28T18:13:52Z" level=info msg="Tool required for debug" tool="esp32:esp32c5-libs@3.3.6"
time="2026-01-28T18:13:52Z" level=info msg="Tool required for debug" tool="esp32:esp32c6-libs@3.3.6"
2026-01-28 18:13:52 2026-01-28T18:13:52.135Z daemon INFO time="2026-01-28T18:13:52Z" level=info msg="Tool required for debug" tool="esp32:esp32h2-libs@3.3.6"
time="2026-01-28T18:13:52Z" level=info msg="Tool required for debug" tool="esp32:esp32p4-libs@3.3.6"
2026-01-28 18:13:52 2026-01-28T18:13:52.135Z daemon INFO time="2026-01-28T18:13:52Z" level=info msg="Tool required for debug" tool="esp32:esp32p4_es-libs@3.3.6"
2026-01-28 18:13:52 2026-01-28T18:13:52.135Z daemon INFO time="2026-01-28T18:13:52Z" level=info msg="Tool required for debug" tool="esp32:esp32s2-libs@3.3.6"
time="2026-01-28T18:13:52Z" level=info msg="Tool required for debug" tool="esp32:esp32s3-libs@3.3.6"
2026-01-28 18:13:52 2026-01-28T18:13:52.135Z daemon INFO time="2026-01-28T18:13:52Z" level=info msg="Tool required for debug" tool="esp32:esptool_py@5.1.0"
time="2026-01-28T18:13:52Z" level=info msg="Tool required for debug" tool="esp32:mklittlefs@4.0.2-db0513a"
2026-01-28 18:13:52 2026-01-28T18:13:52.135Z daemon INFO time="2026-01-28T18:13:52Z" level=info msg="Tool required for debug" tool="esp32:mkspiffs@0.2.3"
2026-01-28 18:13:52 2026-01-28T18:13:52.135Z daemon INFO time="2026-01-28T18:13:52Z" level=info msg="Tool required for debug" tool="esp32:openocd-esp32@v0.12.0-esp32-20251215"
time="2026-01-28T18:13:52Z" level=info msg="Tool required for debug" tool="esp32:riscv32-esp-elf-gdb@16.3_20250913"
2026-01-28 18:13:52 2026-01-28T18:13:52.135Z daemon INFO time="2026-01-28T18:13:52Z" level=info msg="Tool required for debug" tool="esp32:xtensa-esp-elf-gdb@16.3_20250913"
time="2026-01-28T18:13:52Z" level=info msg="Tool required for debug" tool="arduino:avr-gcc@7.3.0-atmel3.6.1-arduino7"
2026-01-28 18:13:52 2026-01-28T18:13:52.135Z daemon INFO time="2026-01-28T18:13:52Z" level=info msg="Tool required for debug" tool="builtin:ctags@5.8-arduino11"
2026-01-28 18:13:52 2026-01-28T18:13:52.135Z daemon INFO time="2026-01-28T18:13:52Z" level=info msg="Tool required for debug" tool="builtin:mdns-discovery@1.0.12"
2026-01-28 18:13:52 2026-01-28T18:13:52.135Z daemon INFO time="2026-01-28T18:13:52Z" level=info msg="Tool required for debug" tool="builtin:serial-monitor@0.15.0"
2026-01-28 18:13:52 2026-01-28T18:13:52.135Z daemon INFO time="2026-01-28T18:13:52Z" level=info msg="Tool required for debug" tool="arduino:arduinoOTA@1.3.0"
2026-01-28 18:13:52 2026-01-28T18:13:52.135Z daemon INFO time="2026-01-28T18:13:52Z" level=info msg="Tool required for debug" tool="builtin:dfu-discovery@0.1.2"
2026-01-28 18:13:52 2026-01-28T18:13:52.135Z daemon INFO time="2026-01-28T18:13:52Z" level=info msg="Tool required for debug" tool="builtin:serial-discovery@1.4.3"
2026-01-28 18:13:52 2026-01-28T18:13:52.135Z daemon INFO time="2026-01-28T18:13:52Z" level=info msg="Tool required for debug" tool="arduino:avrdude@8.0.0-arduino1"
2026-01-28 18:13:52 2026-01-28T18:13:52.137Z daemon INFO time="2026-01-28T18:13:52Z" level=info msg="Tool required for debug" tool="arduino:dfu-util@0.11.0-arduino5"
time="2026-01-28T18:13:52Z" level=info msg="Tool required for debug" tool="esp32:esp-rv32@2511"
2026-01-28 18:13:52 2026-01-28T18:13:52.137Z daemon INFO time="2026-01-28T18:13:52Z" level=info msg="Tool required for debug" tool="esp32:esp-x32@2511"
time="2026-01-28T18:13:52Z" level=info msg="Tool required for debug" tool="esp32:esp32-libs@3.3.6"
time="2026-01-28T18:13:52Z" level=info msg="Tool required for debug" tool="esp32:esp32c3-libs@3.3.6"
time="2026-01-28T18:13:52Z" level=info msg="Tool required for debug" tool="esp32:esp32c5-libs@3.3.6"
time="2026-01-28T18:13:52Z" level=info msg="Tool required for debug" tool="esp32:esp32c6-libs@3.3.6"
time="2026-01-28T18:13:52Z" level=info msg="Tool required for debug" tool="esp32:esp32h2-libs@3.3.6"
2026-01-28 18:13:52 2026-01-28T18:13:52.137Z daemon INFO time="2026-01-28T18:13:52Z" level=info msg="Tool required for debug" tool="esp32:esp32p4-libs@3.3.6"
time="2026-01-28T18:13:52Z" level=info msg="Tool required for debug" tool="esp32:esp32p4_es-libs@3.3.6"
time="2026-01-28T18:13:52Z" level=info msg="Tool required for debug" tool="esp32:esp32s2-libs@3.3.6"
time="2026-01-28T18:13:52Z" level=info msg="Tool required for debug" tool="esp32:esp32s3-libs@3.3.6"
time="2026-01-28T18:13:52Z" level=info msg="Tool required for debug" tool="esp32:esptool_py@5.1.0"
2026-01-28 18:13:52 2026-01-28T18:13:52.137Z daemon INFO time="2026-01-28T18:13:52Z" level=info msg="Tool required for debug" tool="esp32:mklittlefs@4.0.2-db0513a"
time="2026-01-28T18:13:52Z" level=info msg="Tool required for debug" tool="esp32:mkspiffs@0.2.3"
time="2026-01-28T18:13:52Z" level=info msg="Tool required for debug" tool="esp32:openocd-esp32@v0.12.0-esp32-20251215"
time="2026-01-28T18:13:52Z" level=info msg="Tool required for debug" tool="esp32:riscv32-esp-elf-gdb@16.3_20250913"
time="2026-01-28T18:13:52Z" level=info msg="Tool required for debug" tool="esp32:xtensa-esp-elf-gdb@16.3_20250913"
time="2026-01-28T18:13:52Z" level=info msg="Tool required for debug" tool="arduino:arduinoOTA@1.3.0"
time="2026-01-28T18:13:52Z" level=info msg="Tool required for debug" tool="arduino:avrdude@8.0.0-arduino1"
time="2026-01-28T18:13:52Z" level=info msg="Tool required for debug" tool="builtin:mdns-discovery@1.0.12"
time="2026-01-28T18:13:52Z" level=info msg="Tool required for debug" tool="builtin:dfu-discovery@0.1.2"
time="2026-01-28T18:13:52Z" level=info msg="Tool required for debug" tool="builtin:serial-discovery@1.4.3"
time="2026-01-28T18:13:52Z" level=info msg="Tool required for debug" tool="builtin:serial-monitor@0.15.0"
time="2026-01-28T18:13:52Z" level=info msg="Tool required for debug" tool="arduino:avr-gcc@7.3.0-atmel3.6.1-arduino7"
time="2026-01-28T18:13:52Z" level=info msg="Tool required for debug" tool="builtin:ctags@5.8-arduino11"
2026-01-28 18:13:52 2026-01-28T18:13:52.138Z daemon INFO time="2026-01-28T18:13:52Z" level=info msg="Tool required for debug" tool="arduino:dfu-util@0.11.0-arduino5"
time="2026-01-28T18:13:52Z" level=info msg="Tool required for debug" tool="esp32:esp-rv32@2511"
2026-01-28 18:13:52 2026-01-28T18:13:52.138Z daemon INFO time="2026-01-28T18:13:52Z" level=info msg="Tool required for debug" tool="esp32:esp-x32@2511"
time="2026-01-28T18:13:52Z" level=info msg="Tool required for debug" tool="esp32:esp32-libs@3.3.6"
time="2026-01-28T18:13:52Z" level=info msg="Tool required for debug" tool="esp32:esp32c3-libs@3.3.6"
time="2026-01-28T18:13:52Z" level=info msg="Tool required for debug" tool="esp32:esp32c5-libs@3.3.6"
time="2026-01-28T18:13:52Z" level=info msg="Tool required for debug" tool="esp32:esp32c6-libs@3.3.6"
time="2026-01-28T18:13:52Z" level=info msg="Tool required for debug" tool="esp32:esp32h2-libs@3.3.6"
2026-01-28 18:13:52 2026-01-28T18:13:52.138Z daemon INFO time="2026-01-28T18:13:52Z" level=info msg="Tool required for debug" tool="esp32:esp32p4-libs@3.3.6"
time="2026-01-28T18:13:52Z" level=info msg="Tool required for debug" tool="esp32:esp32p4_es-libs@3.3.6"
time="2026-01-28T18:13:52Z" level=info msg="Tool required for debug" tool="esp32:esp32s2-libs@3.3.6"
time="2026-01-28T18:13:52Z" level=info msg="Tool required for debug" tool="esp32:esp32s3-libs@3.3.6"
2026-01-28 18:13:52 2026-01-28T18:13:52.138Z daemon INFO time="2026-01-28T18:13:52Z" level=info msg="Tool required for debug" tool="esp32:esptool_py@5.1.0"
time="2026-01-28T18:13:52Z" level=info msg="Tool required for debug" tool="esp32:mklittlefs@4.0.2-db0513a"
2026-01-28 18:13:52 2026-01-28T18:13:52.138Z daemon INFO time="2026-01-28T18:13:52Z" level=info msg="Tool required for debug" tool="esp32:mkspiffs@0.2.3"
time="2026-01-28T18:13:52Z" level=info msg="Tool required for debug" tool="esp32:openocd-esp32@v0.12.0-esp32-20251215"
2026-01-28 18:13:52 2026-01-28T18:13:52.138Z daemon INFO time="2026-01-28T18:13:52Z" level=info msg="Tool required for debug" tool="esp32:riscv32-esp-elf-gdb@16.3_20250913"
2026-01-28 18:13:52 2026-01-28T18:13:52.138Z daemon INFO time="2026-01-28T18:13:52Z" level=info msg="Tool required for debug" tool="esp32:xtensa-esp-elf-gdb@16.3_20250913"
time="2026-01-28T18:13:52Z" level=info msg="Tool required for debug" tool="arduino:arduinoOTA@1.3.0"
2026-01-28 18:13:52 2026-01-28T18:13:52.138Z daemon INFO time="2026-01-28T18:13:52Z" level=info msg="Tool required for debug" tool="builtin:mdns-discovery@1.0.12"
2026-01-28 18:13:52 2026-01-28T18:13:52.138Z daemon INFO time="2026-01-28T18:13:52Z" level=info msg="Tool required for debug" tool="arduino:avr-gcc@7.3.0-atmel3.6.1-arduino7"
time="2026-01-28T18:13:52Z" level=info msg="Tool required for debug" tool="builtin:dfu-discovery@0.1.2"
2026-01-28 18:13:52 2026-01-28T18:13:52.138Z daemon INFO time="2026-01-28T18:13:52Z" level=info msg="Tool required for debug" tool="arduino:avrdude@8.0.0-arduino1"
time="2026-01-28T18:13:52Z" level=info msg="Tool required for debug" tool="builtin:serial-monitor@0.15.0"
2026-01-28 18:13:52 2026-01-28T18:13:52.138Z daemon INFO time="2026-01-28T18:13:52Z" level=info msg="Tool required for debug" tool="builtin:ctags@5.8-arduino11"
time="2026-01-28T18:13:52Z" level=info msg="Tool required for debug" tool="builtin:serial-discovery@1.4.3"
2026-01-28 18:13:52 2026-01-28T18:13:52.140Z daemon INFO time="2026-01-28T18:13:52Z" level=info msg="Tool required for debug" tool="arduino:dfu-util@0.11.0-arduino5"
time="2026-01-28T18:13:52Z" level=info msg="Tool required for debug" tool="esp32:esp-rv32@2511"
2026-01-28 18:13:52 2026-01-28T18:13:52.140Z daemon INFO time="2026-01-28T18:13:52Z" level=info msg="Tool required for debug" tool="esp32:esp-x32@2511"
time="2026-01-28T18:13:52Z" level=info msg="Tool required for debug" tool="esp32:esp32-libs@3.3.6"
time="2026-01-28T18:13:52Z" level=info msg="Tool required for debug" tool="esp32:esp32c3-libs@3.3.6"
time="2026-01-28T18:13:52Z" level=info msg="Tool required for debug" tool="esp32:esp32c5-libs@3.3.6"
2026-01-28 18:13:52 2026-01-28T18:13:52.140Z daemon INFO time="2026-01-28T18:13:52Z" level=info msg="Tool required for debug" tool="esp32:esp32c6-libs@3.3.6"
time="2026-01-28T18:13:52Z" level=info msg="Tool required for debug" tool="esp32:esp32h2-libs@3.3.6"
time="2026-01-28T18:13:52Z" level=info msg="Tool required for debug" tool="esp32:esp32p4-libs@3.3.6"
time="2026-01-28T18:13:52Z" level=info msg="Tool required for debug" tool="esp32:esp32p4_es-libs@3.3.6"
2026-01-28 18:13:52 2026-01-28T18:13:52.140Z daemon INFO time="2026-01-28T18:13:52Z" level=info msg="Tool required for debug" tool="esp32:esp32s2-libs@3.3.6"
time="2026-01-28T18:13:52Z" level=info msg="Tool required for debug" tool="esp32:esp32s3-libs@3.3.6"
2026-01-28 18:13:52 2026-01-28T18:13:52.140Z daemon INFO time="2026-01-28T18:13:52Z" level=info msg="Tool required for debug" tool="esp32:esptool_py@5.1.0"
time="2026-01-28T18:13:52Z" level=info msg="Tool required for debug" tool="esp32:mklittlefs@4.0.2-db0513a"
time="2026-01-28T18:13:52Z" level=info msg="Tool required for debug" tool="esp32:mkspiffs@0.2.3"
2026-01-28 18:13:52 2026-01-28T18:13:52.140Z daemon INFO time="2026-01-28T18:13:52Z" level=info msg="Tool required for debug" tool="esp32:openocd-esp32@v0.12.0-esp32-20251215"
time="2026-01-28T18:13:52Z" level=info msg="Tool required for debug" tool="esp32:riscv32-esp-elf-gdb@16.3_20250913"
2026-01-28 18:13:52 2026-01-28T18:13:52.140Z daemon INFO time="2026-01-28T18:13:52Z" level=info msg="Tool required for debug" tool="esp32:xtensa-esp-elf-gdb@16.3_20250913"
time="2026-01-28T18:13:52Z" level=info msg="Tool required for debug" tool="builtin:dfu-discovery@0.1.2"
2026-01-28 18:13:52 2026-01-28T18:13:52.140Z daemon INFO time="2026-01-28T18:13:52Z" level=info msg="Tool required for debug" tool="arduino:avrdude@8.0.0-arduino1"
time="2026-01-28T18:13:52Z" level=info msg="Tool required for debug" tool="builtin:ctags@5.8-arduino11"
2026-01-28 18:13:52 2026-01-28T18:13:52.140Z daemon INFO time="2026-01-28T18:13:52Z" level=info msg="Tool required for debug" tool="builtin:serial-monitor@0.15.0"
2026-01-28 18:13:52 2026-01-28T18:13:52.140Z daemon INFO time="2026-01-28T18:13:52Z" level=info msg="Tool required for debug" tool="builtin:mdns-discovery@1.0.12"
time="2026-01-28T18:13:52Z" level=info msg="Tool required for debug" tool="arduino:arduinoOTA@1.3.0"
2026-01-28 18:13:52 2026-01-28T18:13:52.140Z daemon INFO time="2026-01-28T18:13:52Z" level=info msg="Tool required for debug" tool="arduino:avr-gcc@7.3.0-atmel3.6.1-arduino7"
time="2026-01-28T18:13:52Z" level=info msg="Tool required for debug" tool="builtin:serial-discovery@1.4.3"
2026-01-28 18:13:52 2026-01-28T18:13:52.141Z daemon INFO time="2026-01-28T18:13:52Z" level=info msg="Tool required for debug" tool="arduino:dfu-util@0.11.0-arduino5"
time="2026-01-28T18:13:52Z" level=info msg="Tool required for debug" tool="esp32:esp-rv32@2511"
2026-01-28 18:13:52 2026-01-28T18:13:52.141Z daemon INFO time="2026-01-28T18:13:52Z" level=info msg="Tool required for debug" tool="esp32:esp-x32@2511"
time="2026-01-28T18:13:52Z" level=info msg="Tool required for debug" tool="esp32:esp32-libs@3.3.6"
time="2026-01-28T18:13:52Z" level=info msg="Tool required for debug" tool="esp32:esp32c3-libs@3.3.6"
time="2026-01-28T18:13:52Z" level=info msg="Tool required for debug" tool="esp32:esp32c5-libs@3.3.6"
2026-01-28 18:13:52 2026-01-28T18:13:52.141Z daemon INFO time="2026-01-28T18:13:52Z" level=info msg="Tool required for debug" tool="esp32:esp32c6-libs@3.3.6"
time="2026-01-28T18:13:52Z" level=info msg="Tool required for debug" tool="esp32:esp32h2-libs@3.3.6"
time="2026-01-28T18:13:52Z" level=info msg="Tool required for debug" tool="esp32:esp32p4-libs@3.3.6"
2026-01-28 18:13:52 2026-01-28T18:13:52.141Z daemon INFO time="2026-01-28T18:13:52Z" level=info msg="Tool required for debug" tool="esp32:esp32p4_es-libs@3.3.6"
time="2026-01-28T18:13:52Z" level=info msg="Tool required for debug" tool="esp32:esp32s2-libs@3.3.6"
time="2026-01-28T18:13:52Z" level=info msg="Tool required for debug" tool="esp32:esp32s3-libs@3.3.6"
time="2026-01-28T18:13:52Z" level=info msg="Tool required for debug" tool="esp32:esptool_py@5.1.0"
2026-01-28 18:13:52 2026-01-28T18:13:52.141Z daemon INFO time="2026-01-28T18:13:52Z" level=info msg="Tool required for debug" tool="esp32:mklittlefs@4.0.2-db0513a"
time="2026-01-28T18:13:52Z" level=info msg="Tool required for debug" tool="esp32:mkspiffs@0.2.3"
time="2026-01-28T18:13:52Z" level=info msg="Tool required for debug" tool="esp32:openocd-esp32@v0.12.0-esp32-20251215"
2026-01-28 18:13:52 2026-01-28T18:13:52.141Z daemon INFO time="2026-01-28T18:13:52Z" level=info msg="Tool required for debug" tool="esp32:riscv32-esp-elf-gdb@16.3_20250913"
time="2026-01-28T18:13:52Z" level=info msg="Tool required for debug" tool="esp32:xtensa-esp-elf-gdb@16.3_20250913"
time="2026-01-28T18:13:52Z" level=info msg="Tool required for debug" tool="builtin:dfu-discovery@0.1.2"
2026-01-28 18:13:52 2026-01-28T18:13:52.141Z daemon INFO time="2026-01-28T18:13:52Z" level=info msg="Tool required for debug" tool="builtin:mdns-discovery@1.0.12"
2026-01-28 18:13:52 2026-01-28T18:13:52.141Z daemon INFO time="2026-01-28T18:13:52Z" level=info msg="Tool required for debug" tool="arduino:arduinoOTA@1.3.0"
time="2026-01-28T18:13:52Z" level=info msg="Tool required for debug" tool="arduino:avr-gcc@7.3.0-atmel3.6.1-arduino7"
time="2026-01-28T18:13:52Z" level=info msg="Tool required for debug" tool="arduino:avrdude@8.0.0-arduino1"
2026-01-28 18:13:52 2026-01-28T18:13:52.141Z daemon INFO time="2026-01-28T18:13:52Z" level=info msg="Tool required for debug" tool="builtin:ctags@5.8-arduino11"
time="2026-01-28T18:13:52Z" level=info msg="Tool required for debug" tool="builtin:serial-discovery@1.4.3"
2026-01-28 18:13:52 2026-01-28T18:13:52.141Z daemon INFO time="2026-01-28T18:13:52Z" level=info msg="Tool required for debug" tool="builtin:serial-monitor@0.15.0"
2026-01-28 18:13:52 2026-01-28T18:13:52.143Z daemon INFO time="2026-01-28T18:13:52Z" level=info msg="Tool required for debug" tool="arduino:dfu-util@0.11.0-arduino5"
time="2026-01-28T18:13:52Z" level=info msg="Tool required for debug" tool="esp32:esp-rv32@2511"
2026-01-28 18:13:52 2026-01-28T18:13:52.143Z daemon INFO time="2026-01-28T18:13:52Z" level=info msg="Tool required for debug" tool="esp32:esp-x32@2511"
time="2026-01-28T18:13:52Z" level=info msg="Tool required for debug" tool="esp32:esp32-libs@3.3.6"
time="2026-01-28T18:13:52Z" level=info msg="Tool required for debug" tool="esp32:esp32c3-libs@3.3.6"
2026-01-28 18:13:52 2026-01-28T18:13:52.143Z daemon INFO time="2026-01-28T18:13:52Z" level=info msg="Tool required for debug" tool="esp32:esp32c5-libs@3.3.6"
time="2026-01-28T18:13:52Z" level=info msg="Tool required for debug" tool="esp32:esp32c6-libs@3.3.6"
time="2026-01-28T18:13:52Z" level=info msg="Tool required for debug" tool="esp32:esp32h2-libs@3.3.6"
2026-01-28 18:13:52 2026-01-28T18:13:52.143Z daemon INFO time="2026-01-28T18:13:52Z" level=info msg="Tool required for debug" tool="esp32:esp32p4-libs@3.3.6"
time="2026-01-28T18:13:52Z" level=info msg="Tool required for debug" tool="esp32:esp32p4_es-libs@3.3.6"
2026-01-28 18:13:52 2026-01-28T18:13:52.143Z daemon INFO time="2026-01-28T18:13:52Z" level=info msg="Tool required for debug" tool="esp32:esp32s2-libs@3.3.6"
time="2026-01-28T18:13:52Z" level=info msg="Tool required for debug" tool="esp32:esp32s3-libs@3.3.6"
time="2026-01-28T18:13:52Z" level=info msg="Tool required for debug" tool="esp32:esptool_py@5.1.0"
2026-01-28 18:13:52 2026-01-28T18:13:52.143Z daemon INFO time="2026-01-28T18:13:52Z" level=info msg="Tool required for debug" tool="esp32:mklittlefs@4.0.2-db0513a"
time="2026-01-28T18:13:52Z" level=info msg="Tool required for debug" tool="esp32:mkspiffs@0.2.3"
2026-01-28 18:13:52 2026-01-28T18:13:52.143Z daemon INFO time="2026-01-28T18:13:52Z" level=info msg="Tool required for debug" tool="esp32:openocd-esp32@v0.12.0-esp32-20251215"
time="2026-01-28T18:13:52Z" level=info msg="Tool required for debug" tool="esp32:riscv32-esp-elf-gdb@16.3_20250913"
time="2026-01-28T18:13:52Z" level=info msg="Tool required for debug" tool="esp32:xtensa-esp-elf-gdb@16.3_20250913"
2026-01-28 18:13:52 2026-01-28T18:13:52.143Z daemon INFO time="2026-01-28T18:13:52Z" level=info msg="Tool required for debug" tool="builtin:ctags@5.8-arduino11"
2026-01-28 18:13:52 2026-01-28T18:13:52.143Z daemon INFO time="2026-01-28T18:13:52Z" level=info msg="Tool required for debug" tool="builtin:dfu-discovery@0.1.2"
time="2026-01-28T18:13:52Z" level=info msg="Tool required for debug" tool="builtin:serial-discovery@1.4.3"
2026-01-28 18:13:52 2026-01-28T18:13:52.143Z daemon INFO time="2026-01-28T18:13:52Z" level=info msg="Tool required for debug" tool="arduino:avr-gcc@7.3.0-atmel3.6.1-arduino7"
2026-01-28 18:13:52 2026-01-28T18:13:52.143Z daemon INFO time="2026-01-28T18:13:52Z" level=info msg="Tool required for debug" tool="arduino:arduinoOTA@1.3.0"
time="2026-01-28T18:13:52Z" level=info msg="Tool required for debug" tool="builtin:mdns-discovery@1.0.12"
2026-01-28 18:13:52 2026-01-28T18:13:52.143Z daemon INFO time="2026-01-28T18:13:52Z" level=info msg="Tool required for debug" tool="builtin:serial-monitor@0.15.0"
2026-01-28 18:13:52 2026-01-28T18:13:52.143Z daemon INFO time="2026-01-28T18:13:52Z" level=info msg="Tool required for debug" tool="arduino:avrdude@8.0.0-arduino1"
2026-01-28 18:13:52 2026-01-28T18:13:52.144Z daemon INFO time="2026-01-28T18:13:52Z" level=info msg="Tool required for debug" tool="arduino:dfu-util@0.11.0-arduino5"
time="2026-01-28T18:13:52Z" level=info msg="Tool required for debug" tool="esp32:esp-rv32@2511"
2026-01-28 18:13:52 2026-01-28T18:13:52.144Z daemon INFO time="2026-01-28T18:13:52Z" level=info msg="Tool required for debug" tool="esp32:esp-x32@2511"
time="2026-01-28T18:13:52Z" level=info msg="Tool required for debug" tool="esp32:esp32-libs@3.3.6"
time="2026-01-28T18:13:52Z" level=info msg="Tool required for debug" tool="esp32:esp32c3-libs@3.3.6"
time="2026-01-28T18:13:52Z" level=info msg="Tool required for debug" tool="esp32:esp32c5-libs@3.3.6"
2026-01-28 18:13:52 2026-01-28T18:13:52.144Z daemon INFO time="2026-01-28T18:13:52Z" level=info msg="Tool required for debug" tool="esp32:esp32c6-libs@3.3.6"
time="2026-01-28T18:13:52Z" level=info msg="Tool required for debug" tool="esp32:esp32h2-libs@3.3.6"
time="2026-01-28T18:13:52Z" level=info msg="Tool required for debug" tool="esp32:esp32p4-libs@3.3.6"
2026-01-28 18:13:52 2026-01-28T18:13:52.144Z daemon INFO time="2026-01-28T18:13:52Z" level=info msg="Tool required for debug" tool="esp32:esp32p4_es-libs@3.3.6"
time="2026-01-28T18:13:52Z" level=info msg="Tool required for debug" tool="esp32:esp32s2-libs@3.3.6"
time="2026-01-28T18:13:52Z" level=info msg="Tool required for debug" tool="esp32:esp32s3-libs@3.3.6"
2026-01-28 18:13:52 2026-01-28T18:13:52.144Z daemon INFO time="2026-01-28T18:13:52Z" level=info msg="Tool required for debug" tool="esp32:esptool_py@5.1.0"
time="2026-01-28T18:13:52Z" level=info msg="Tool required for debug" tool="esp32:mklittlefs@4.0.2-db0513a"
time="2026-01-28T18:13:52Z" level=info msg="Tool required for debug" tool="esp32:mkspiffs@0.2.3"
2026-01-28 18:13:52 2026-01-28T18:13:52.144Z daemon INFO time="2026-01-28T18:13:52Z" level=info msg="Tool required for debug" tool="esp32:openocd-esp32@v0.12.0-esp32-20251215"
time="2026-01-28T18:13:52Z" level=info msg="Tool required for debug" tool="esp32:riscv32-esp-elf-gdb@16.3_20250913"
time="2026-01-28T18:13:52Z" level=info msg="Tool required for debug" tool="esp32:xtensa-esp-elf-gdb@16.3_20250913"
2026-01-28 18:13:52 2026-01-28T18:13:52.144Z daemon INFO time="2026-01-28T18:13:52Z" level=info msg="Tool required for debug" tool="builtin:serial-monitor@0.15.0"
time="2026-01-28T18:13:52Z" level=info msg="Tool required for debug" tool="arduino:avr-gcc@7.3.0-atmel3.6.1-arduino7"
2026-01-28 18:13:52 2026-01-28T18:13:52.144Z daemon INFO time="2026-01-28T18:13:52Z" level=info msg="Tool required for debug" tool="arduino:avrdude@8.0.0-arduino1"
time="2026-01-28T18:13:52Z" level=info msg="Tool required for debug" tool="builtin:serial-discovery@1.4.3"
time="2026-01-28T18:13:52Z" level=info msg="Tool required for debug" tool="builtin:dfu-discovery@0.1.2"
2026-01-28 18:13:52 2026-01-28T18:13:52.144Z daemon INFO time="2026-01-28T18:13:52Z" level=info msg="Tool required for debug" tool="builtin:mdns-discovery@1.0.12"
2026-01-28 18:13:52 2026-01-28T18:13:52.145Z daemon INFO time="2026-01-28T18:13:52Z" level=info msg="Tool required for debug" tool="arduino:arduinoOTA@1.3.0"
time="2026-01-28T18:13:52Z" level=info msg="Tool required for debug" tool="builtin:ctags@5.8-arduino11"
2026-01-28 18:13:52 2026-01-28T18:13:52.146Z daemon INFO time="2026-01-28T18:13:52Z" level=info msg="Tool required for debug" tool="arduino:dfu-util@0.11.0-arduino5"
time="2026-01-28T18:13:52Z" level=info msg="Tool required for debug" tool="esp32:esp-rv32@2511"
2026-01-28 18:13:52 2026-01-28T18:13:52.146Z daemon INFO time="2026-01-28T18:13:52Z" level=info msg="Tool required for debug" tool="esp32:esp-x32@2511"
time="2026-01-28T18:13:52Z" level=info msg="Tool required for debug" tool="esp32:esp32-libs@3.3.6"
time="2026-01-28T18:13:52Z" level=info msg="Tool required for debug" tool="esp32:esp32c3-libs@3.3.6"
2026-01-28 18:13:52 2026-01-28T18:13:52.146Z daemon INFO time="2026-01-28T18:13:52Z" level=info msg="Tool required for debug" tool="esp32:esp32c5-libs@3.3.6"
time="2026-01-28T18:13:52Z" level=info msg="Tool required for debug" tool="esp32:esp32c6-libs@3.3.6"
time="2026-01-28T18:13:52Z" level=info msg="Tool required for debug" tool="esp32:esp32h2-libs@3.3.6"
2026-01-28 18:13:52 2026-01-28T18:13:52.146Z daemon INFO time="2026-01-28T18:13:52Z" level=info msg="Tool required for debug" tool="esp32:esp32p4-libs@3.3.6"
time="2026-01-28T18:13:52Z" level=info msg="Tool required for debug" tool="esp32:esp32p4_es-libs@3.3.6"
time="2026-01-28T18:13:52Z" level=info msg="Tool required for debug" tool="esp32:esp32s2-libs@3.3.6"
2026-01-28 18:13:52 2026-01-28T18:13:52.146Z daemon INFO time="2026-01-28T18:13:52Z" level=info msg="Tool required for debug" tool="esp32:esp32s3-libs@3.3.6"
time="2026-01-28T18:13:52Z" level=info msg="Tool required for debug" tool="esp32:esptool_py@5.1.0"
2026-01-28 18:13:52 2026-01-28T18:13:52.146Z daemon INFO time="2026-01-28T18:13:52Z" level=info msg="Tool required for debug" tool="esp32:mklittlefs@4.0.2-db0513a"
time="2026-01-28T18:13:52Z" level=info msg="Tool required for debug" tool="esp32:mkspiffs@0.2.3"
2026-01-28 18:13:52 2026-01-28T18:13:52.146Z daemon INFO time="2026-01-28T18:13:52Z" level=info msg="Tool required for debug" tool="esp32:openocd-esp32@v0.12.0-esp32-20251215"
time="2026-01-28T18:13:52Z" level=info msg="Tool required for debug" tool="esp32:riscv32-esp-elf-gdb@16.3_20250913"
time="2026-01-28T18:13:52Z" level=info msg="Tool required for debug" tool="esp32:xtensa-esp-elf-gdb@16.3_20250913"
2026-01-28 18:13:52 2026-01-28T18:13:52.146Z daemon INFO time="2026-01-28T18:13:52Z" level=info msg="Tool required for debug" tool="arduino:avrdude@8.0.0-arduino1"
time="2026-01-28T18:13:52Z" level=info msg="Tool required for debug" tool="builtin:ctags@5.8-arduino11"
2026-01-28 18:13:52 2026-01-28T18:13:52.146Z daemon INFO time="2026-01-28T18:13:52Z" level=info msg="Tool required for debug" tool="arduino:arduinoOTA@1.3.0"
2026-01-28 18:13:52 2026-01-28T18:13:52.146Z daemon INFO time="2026-01-28T18:13:52Z" level=info msg="Tool required for debug" tool="arduino:avr-gcc@7.3.0-atmel3.6.1-arduino7"
time="2026-01-28T18:13:52Z" level=info msg="Tool required for debug" tool="builtin:serial-discovery@1.4.3"
2026-01-28 18:13:52 2026-01-28T18:13:52.146Z daemon INFO time="2026-01-28T18:13:52Z" level=info msg="Tool required for debug" tool="builtin:serial-monitor@0.15.0"
time="2026-01-28T18:13:52Z" level=info msg="Tool required for debug" tool="builtin:mdns-discovery@1.0.12"
2026-01-28 18:13:52 2026-01-28T18:13:52.146Z daemon INFO time="2026-01-28T18:13:52Z" level=info msg="Tool required for debug" tool="builtin:dfu-discovery@0.1.2"
2026-01-28 18:13:52 2026-01-28T18:13:52.148Z daemon INFO time="2026-01-28T18:13:52Z" level=info msg="Tool required for debug" tool="arduino:dfu-util@0.11.0-arduino5"
time="2026-01-28T18:13:52Z" level=info msg="Tool required for debug" tool="esp32:esp-rv32@2511"
2026-01-28 18:13:52 2026-01-28T18:13:52.148Z daemon INFO time="2026-01-28T18:13:52Z" level=info msg="Tool required for debug" tool="esp32:esp-x32@2511"
time="2026-01-28T18:13:52Z" level=info msg="Tool required for debug" tool="esp32:esp32-libs@3.3.6"
time="2026-01-28T18:13:52Z" level=info msg="Tool required for debug" tool="esp32:esp32c3-libs@3.3.6"
time="2026-01-28T18:13:52Z" level=info msg="Tool required for debug" tool="esp32:esp32c5-libs@3.3.6"
time="2026-01-28T18:13:52Z" level=info msg="Tool required for debug" tool="esp32:esp32c6-libs@3.3.6"
2026-01-28 18:13:52 2026-01-28T18:13:52.148Z daemon INFO time="2026-01-28T18:13:52Z" level=info msg="Tool required for debug" tool="esp32:esp32h2-libs@3.3.6"
time="2026-01-28T18:13:52Z" level=info msg="Tool required for debug" tool="esp32:esp32p4-libs@3.3.6"
time="2026-01-28T18:13:52Z" level=info msg="Tool required for debug" tool="esp32:esp32p4_es-libs@3.3.6"
time="2026-01-28T18:13:52Z" level=info msg="Tool required for debug" tool="esp32:esp32s2-libs@3.3.6"
2026-01-28 18:13:52 2026-01-28T18:13:52.148Z daemon INFO time="2026-01-28T18:13:52Z" level=info msg="Tool required for debug" tool="esp32:esp32s3-libs@3.3.6"
time="2026-01-28T18:13:52Z" level=info msg="Tool required for debug" tool="esp32:esptool_py@5.1.0"
time="2026-01-28T18:13:52Z" level=info msg="Tool required for debug" tool="esp32:mklittlefs@4.0.2-db0513a"
2026-01-28 18:13:52 2026-01-28T18:13:52.148Z daemon INFO time="2026-01-28T18:13:52Z" level=info msg="Tool required for debug" tool="esp32:mkspiffs@0.2.3"
time="2026-01-28T18:13:52Z" level=info msg="Tool required for debug" tool="esp32:openocd-esp32@v0.12.0-esp32-20251215"
time="2026-01-28T18:13:52Z" level=info msg="Tool required for debug" tool="esp32:riscv32-esp-elf-gdb@16.3_20250913"
2026-01-28 18:13:52 2026-01-28T18:13:52.148Z daemon INFO time="2026-01-28T18:13:52Z" level=info msg="Tool required for debug" tool="esp32:xtensa-esp-elf-gdb@16.3_20250913"
time="2026-01-28T18:13:52Z" level=info msg="Tool required for debug" tool="builtin:ctags@5.8-arduino11"
2026-01-28 18:13:52 2026-01-28T18:13:52.148Z daemon INFO time="2026-01-28T18:13:52Z" level=info msg="Tool required for debug" tool="builtin:serial-monitor@0.15.0"
time="2026-01-28T18:13:52Z" level=info msg="Tool required for debug" tool="builtin:dfu-discovery@0.1.2"
2026-01-28 18:13:52 2026-01-28T18:13:52.148Z daemon INFO time="2026-01-28T18:13:52Z" level=info msg="Tool required for debug" tool="builtin:serial-discovery@1.4.3"
time="2026-01-28T18:13:52Z" level=info msg="Tool required for debug" tool="builtin:mdns-discovery@1.0.12"
2026-01-28 18:13:52 2026-01-28T18:13:52.148Z daemon INFO time="2026-01-28T18:13:52Z" level=info msg="Tool required for debug" tool="arduino:avr-gcc@7.3.0-atmel3.6.1-arduino7"
time="2026-01-28T18:13:52Z" level=info msg="Tool required for debug" tool="arduino:arduinoOTA@1.3.0"
2026-01-28 18:13:52 2026-01-28T18:13:52.148Z daemon INFO time="2026-01-28T18:13:52Z" level=info msg="Tool required for debug" tool="arduino:avrdude@8.0.0-arduino1"
2026-01-28 18:13:52 2026-01-28T18:13:52.149Z daemon INFO time="2026-01-28T18:13:52Z" level=info msg="Tool required for debug" tool="arduino:dfu-util@0.11.0-arduino5"
time="2026-01-28T18:13:52Z" level=info msg="Tool required for debug" tool="esp32:esp-rv32@2511"
2026-01-28 18:13:52 2026-01-28T18:13:52.149Z daemon INFO time="2026-01-28T18:13:52Z" level=info msg="Tool required for debug" tool="esp32:esp-x32@2511"
time="2026-01-28T18:13:52Z" level=info msg="Tool required for debug" tool="esp32:esp32-libs@3.3.6"
time="2026-01-28T18:13:52Z" level=info msg="Tool required for debug" tool="esp32:esp32c3-libs@3.3.6"
time="2026-01-28T18:13:52Z" level=info msg="Tool required for debug" tool="esp32:esp32c5-libs@3.3.6"
2026-01-28 18:13:52 2026-01-28T18:13:52.149Z daemon INFO time="2026-01-28T18:13:52Z" level=info msg="Tool required for debug" tool="esp32:esp32c6-libs@3.3.6"
time="2026-01-28T18:13:52Z" level=info msg="Tool required for debug" tool="esp32:esp32h2-libs@3.3.6"
time="2026-01-28T18:13:52Z" level=info msg="Tool required for debug" tool="esp32:esp32p4-libs@3.3.6"
2026-01-28 18:13:52 2026-01-28T18:13:52.149Z daemon INFO time="2026-01-28T18:13:52Z" level=info msg="Tool required for debug" tool="esp32:esp32p4_es-libs@3.3.6"
time="2026-01-28T18:13:52Z" level=info msg="Tool required for debug" tool="esp32:esp32s2-libs@3.3.6"
time="2026-01-28T18:13:52Z" level=info msg="Tool required for debug" tool="esp32:esp32s3-libs@3.3.6"
2026-01-28 18:13:52 2026-01-28T18:13:52.149Z daemon INFO time="2026-01-28T18:13:52Z" level=info msg="Tool required for debug" tool="esp32:esptool_py@5.1.0"
time="2026-01-28T18:13:52Z" level=info msg="Tool required for debug" tool="esp32:mklittlefs@4.0.2-db0513a"
time="2026-01-28T18:13:52Z" level=info msg="Tool required for debug" tool="esp32:mkspiffs@0.2.3"
2026-01-28 18:13:52 2026-01-28T18:13:52.149Z daemon INFO time="2026-01-28T18:13:52Z" level=info msg="Tool required for debug" tool="esp32:openocd-esp32@v0.12.0-esp32-20251215"
time="2026-01-28T18:13:52Z" level=info msg="Tool required for debug" tool="esp32:riscv32-esp-elf-gdb@16.3_20250913"
time="2026-01-28T18:13:52Z" level=info msg="Tool required for debug" tool="esp32:xtensa-esp-elf-gdb@16.3_20250913"
2026-01-28 18:13:52 2026-01-28T18:13:52.149Z daemon INFO time="2026-01-28T18:13:52Z" level=info msg="Tool required for debug" tool="builtin:serial-monitor@0.15.0"
time="2026-01-28T18:13:52Z" level=info msg="Tool required for debug" tool="builtin:dfu-discovery@0.1.2"
2026-01-28 18:13:52 2026-01-28T18:13:52.149Z daemon INFO time="2026-01-28T18:13:52Z" level=info msg="Tool required for debug" tool="arduino:avrdude@8.0.0-arduino1"
time="2026-01-28T18:13:52Z" level=info msg="Tool required for debug" tool="arduino:avr-gcc@7.3.0-atmel3.6.1-arduino7"
2026-01-28 18:13:52 2026-01-28T18:13:52.149Z daemon INFO time="2026-01-28T18:13:52Z" level=info msg="Tool required for debug" tool="arduino:arduinoOTA@1.3.0"
2026-01-28 18:13:52 2026-01-28T18:13:52.149Z daemon INFO time="2026-01-28T18:13:52Z" level=info msg="Tool required for debug" tool="builtin:ctags@5.8-arduino11"
time="2026-01-28T18:13:52Z" level=info msg="Tool required for debug" tool="builtin:mdns-discovery@1.0.12"
2026-01-28 18:13:52 2026-01-28T18:13:52.149Z daemon INFO time="2026-01-28T18:13:52Z" level=info msg="Tool required for debug" tool="builtin:serial-discovery@1.4.3"
2026-01-28 18:13:52 2026-01-28T18:13:52.151Z daemon INFO time="2026-01-28T18:13:52Z" level=info msg="Tool required for debug" tool="arduino:dfu-util@0.11.0-arduino5"
time="2026-01-28T18:13:52Z" level=info msg="Tool required for debug" tool="esp32:esp-rv32@2511"
2026-01-28 18:13:52 2026-01-28T18:13:52.151Z daemon INFO time="2026-01-28T18:13:52Z" level=info msg="Tool required for debug" tool="esp32:esp-x32@2511"
time="2026-01-28T18:13:52Z" level=info msg="Tool required for debug" tool="esp32:esp32-libs@3.3.6"
2026-01-28 18:13:52 2026-01-28T18:13:52.151Z daemon INFO time="2026-01-28T18:13:52Z" level=info msg="Tool required for debug" tool="esp32:esp32c3-libs@3.3.6"
time="2026-01-28T18:13:52Z" level=info msg="Tool required for debug" tool="esp32:esp32c5-libs@3.3.6"
time="2026-01-28T18:13:52Z" level=info msg="Tool required for debug" tool="esp32:esp32c6-libs@3.3.6"
2026-01-28 18:13:52 2026-01-28T18:13:52.151Z daemon INFO time="2026-01-28T18:13:52Z" level=info msg="Tool required for debug" tool="esp32:esp32h2-libs@3.3.6"
time="2026-01-28T18:13:52Z" level=info msg="Tool required for debug" tool="esp32:esp32p4-libs@3.3.6"
2026-01-28 18:13:52 2026-01-28T18:13:52.151Z daemon INFO time="2026-01-28T18:13:52Z" level=info msg="Tool required for debug" tool="esp32:esp32p4_es-libs@3.3.6"
time="2026-01-28T18:13:52Z" level=info msg="Tool required for debug" tool="esp32:esp32s2-libs@3.3.6"
time="2026-01-28T18:13:52Z" level=info msg="Tool required for debug" tool="esp32:esp32s3-libs@3.3.6"
2026-01-28 18:13:52 2026-01-28T18:13:52.151Z daemon INFO time="2026-01-28T18:13:52Z" level=info msg="Tool required for debug" tool="esp32:esptool_py@5.1.0"
time="2026-01-28T18:13:52Z" level=info msg="Tool required for debug" tool="esp32:mklittlefs@4.0.2-db0513a"
2026-01-28 18:13:52 2026-01-28T18:13:52.151Z daemon INFO time="2026-01-28T18:13:52Z" level=info msg="Tool required for debug" tool="esp32:mkspiffs@0.2.3"
time="2026-01-28T18:13:52Z" level=info msg="Tool required for debug" tool="esp32:openocd-esp32@v0.12.0-esp32-20251215"
time="2026-01-28T18:13:52Z" level=info msg="Tool required for debug" tool="esp32:riscv32-esp-elf-gdb@16.3_20250913"
2026-01-28 18:13:52 2026-01-28T18:13:52.151Z daemon INFO time="2026-01-28T18:13:52Z" level=info msg="Tool required for debug" tool="esp32:xtensa-esp-elf-gdb@16.3_20250913"
time="2026-01-28T18:13:52Z" level=info msg="Tool required for debug" tool="arduino:arduinoOTA@1.3.0"
2026-01-28 18:13:52 2026-01-28T18:13:52.151Z daemon INFO time="2026-01-28T18:13:52Z" level=info msg="Tool required for debug" tool="arduino:avrdude@8.0.0-arduino1"
time="2026-01-28T18:13:52Z" level=info msg="Tool required for debug" tool="arduino:avr-gcc@7.3.0-atmel3.6.1-arduino7"
2026-01-28 18:13:52 2026-01-28T18:13:52.151Z daemon INFO time="2026-01-28T18:13:52Z" level=info msg="Tool required for debug" tool="builtin:ctags@5.8-arduino11"
time="2026-01-28T18:13:52Z" level=info msg="Tool required for debug" tool="builtin:dfu-discovery@0.1.2"
2026-01-28 18:13:52 2026-01-28T18:13:52.151Z daemon INFO time="2026-01-28T18:13:52Z" level=info msg="Tool required for debug" tool="builtin:serial-discovery@1.4.3"
2026-01-28 18:13:52 2026-01-28T18:13:52.151Z daemon INFO time="2026-01-28T18:13:52Z" level=info msg="Tool required for debug" tool="builtin:serial-monitor@0.15.0"
2026-01-28 18:13:52 2026-01-28T18:13:52.151Z daemon INFO time="2026-01-28T18:13:52Z" level=info msg="Tool required for debug" tool="builtin:mdns-discovery@1.0.12"
2026-01-28 18:13:53 2026-01-28T18:13:53.084Z daemon INFO time="2026-01-28T18:13:53Z" level=info msg="Adding libraries dir" dir=/home/shrek/.arduino15/libraries isSingleLibrary=false location=ide
2026-01-28 18:13:53 2026-01-28T18:13:53.084Z daemon INFO time="2026-01-28T18:13:53Z" level=info msg="Adding libraries dir" dir=/home/shrek/.arduino15/packages/esp32/hardware/esp32/3.3.6/libraries isSingleLibrary=false location=platform
time="2026-01-28T18:13:53Z" level=info msg="Adding libraries dir" dir=/home/shrek/Arduino/libraries isSingleLibrary=false location=user
2026-01-28 18:13:58 2026-01-28T18:13:58.330Z root INFO Received port after upload [arduino+serial:///dev/ttyACM0, esp32:esp32:esp32s3:UploadSpeed=115200,USBMode=hwcdc,CDCOnBoot=cdc,MSCOnBoot=default,DFUOnBoot=default,UploadMode=default,CPUFreq=240,FlashMode=qio,FlashSize=32M,PartitionScheme=default,DebugLevel=none,PSRAM=disabled,LoopCore=1,EventsCore=1,EraseFlash=none,JTAGAdapter=default,ZigbeeMode=default, practice]. Before port: {"protocol":"serial","address":"/dev/ttyACM0"}, after port: {"address":"/dev/ttyACM0","addressLabel":"/dev/ttyACM0","protocol":"serial","protocolLabel":"Serial Port (USB)","properties":{"pid":"0x1001","serialNumber":"90:E5:B1:D7:D6:84","vid":"0x303a"},"hardwareId":"90:E5:B1:D7:D6:84"}
2026-01-28 18:14:29 2026-01-28T18:14:29.936Z daemon INFO time="2026-01-28T18:14:29Z" level=info msg="Adding libraries dir" dir=/home/shrek/.arduino15/libraries isSingleLibrary=false location=ide
time="2026-01-28T18:14:29Z" level=info msg="Adding libraries dir" dir=/home/shrek/.arduino15/packages/esp32/hardware/esp32/3.3.6/libraries isSingleLibrary=false location=platform
2026-01-28 18:14:29 2026-01-28T18:14:29.936Z daemon INFO time="2026-01-28T18:14:29Z" level=info msg="Adding libraries dir" dir=/home/shrek/Arduino/libraries isSingleLibrary=false location=user
2026-01-28 18:14:30 2026-01-28T18:14:30.934Z daemon INFO time="2026-01-28T18:14:30Z" level=info msg="Adding libraries dir" dir=/home/shrek/.arduino15/libraries isSingleLibrary=false location=ide
2026-01-28 18:14:30 2026-01-28T18:14:30.934Z daemon INFO time="2026-01-28T18:14:30Z" level=info msg="Adding libraries dir" dir=/home/shrek/.arduino15/packages/esp32/hardware/esp32/3.3.6/libraries isSingleLibrary=false location=platform
time="2026-01-28T18:14:30Z" level=info msg="Adding libraries dir" dir=/home/shrek/Arduino/libraries isSingleLibrary=false location=user
2026-01-28 18:14:31 2026-01-28T18:14:31.533Z daemon INFO time="2026-01-28T18:14:31Z" level=info msg="Resolving include MD_MAX72xx.h for arch esp32"
time="2026-01-28T18:14:31Z" level=info msg="  found better lib" lib=MD_MAX72XX prio=6A7
2026-01-28 18:14:31 2026-01-28T18:14:31.534Z daemon INFO time="2026-01-28T18:14:31Z" level=info msg="Resolving include SPI.h for arch esp32"
time="2026-01-28T18:14:31Z" level=info msg="  found better lib" lib=SPI prio=6B0
2026-01-28 18:14:31 2026-01-28T18:14:31.683Z daemon INFO time="2026-01-28T18:14:31Z" level=info msg="Adding libraries dir" dir=/home/shrek/.arduino15/libraries isSingleLibrary=false location=ide
2026-01-28 18:14:31 2026-01-28T18:14:31.683Z daemon INFO time="2026-01-28T18:14:31Z" level=info msg="Adding libraries dir" dir=/home/shrek/.arduino15/packages/esp32/hardware/esp32/3.3.6/libraries isSingleLibrary=false location=platform
time="2026-01-28T18:14:31Z" level=info msg="Adding libraries dir" dir=/home/shrek/Arduino/libraries isSingleLibrary=false location=user
2026-01-28 18:14:33 2026-01-28T18:14:33.636Z root INFO Executing 'arduino.languageserver.notifyBuildDidComplete' with "file:///home/shrek/.cache/arduino/sketches/06F50BDA0506E2D6953ED82E048FA1AF"
2026-01-28 18:14:33 2026-01-28T18:14:33.667Z daemon INFO time="2026-01-28T18:14:33Z" level=info msg="Tool required for debug" tool="arduino:dfu-util@0.11.0-arduino5"
time="2026-01-28T18:14:33Z" level=info msg="Tool required for debug" tool="esp32:esp-rv32@2511"
2026-01-28 18:14:33 2026-01-28T18:14:33.667Z daemon INFO time="2026-01-28T18:14:33Z" level=info msg="Tool required for debug" tool="esp32:esp-x32@2511"
time="2026-01-28T18:14:33Z" level=info msg="Tool required for debug" tool="esp32:esp32-libs@3.3.6"
time="2026-01-28T18:14:33Z" level=info msg="Tool required for debug" tool="esp32:esp32c3-libs@3.3.6"
time="2026-01-28T18:14:33Z" level=info msg="Tool required for debug" tool="esp32:esp32c5-libs@3.3.6"
time="2026-01-28T18:14:33Z" level=info msg="Tool required for debug" tool="esp32:esp32c6-libs@3.3.6"
time="2026-01-28T18:14:33Z" level=info msg="Tool required for debug" tool="esp32:esp32h2-libs@3.3.6"
time="2026-01-28T18:14:33Z" level=info msg="Tool required for debug" tool="esp32:esp32p4-libs@3.3.6"
time="2026-01-28T18:14:33Z" level=info msg="Tool required for debug" tool="esp32:esp32p4_es-libs@3.3.6"
time="2026-01-28T18:14:33Z" level=info msg="Tool required for debug" tool="esp32:esp32s2-libs@3.3.6"
2026-01-28 18:14:33 2026-01-28T18:14:33.667Z daemon INFO time="2026-01-28T18:14:33Z" level=info msg="Tool required for debug" tool="esp32:esp32s3-libs@3.3.6"
time="2026-01-28T18:14:33Z" level=info msg="Tool required for debug" tool="esp32:esptool_py@5.1.0"
time="2026-01-28T18:14:33Z" level=info msg="Tool required for debug" tool="esp32:mklittlefs@4.0.2-db0513a"
time="2026-01-28T18:14:33Z" level=info msg="Tool required for debug" tool="esp32:mkspiffs@0.2.3"
2026-01-28 18:14:33 2026-01-28T18:14:33.667Z daemon INFO time="2026-01-28T18:14:33Z" level=info msg="Tool required for debug" tool="esp32:openocd-esp32@v0.12.0-esp32-20251215"
time="2026-01-28T18:14:33Z" level=info msg="Tool required for debug" tool="esp32:riscv32-esp-elf-gdb@16.3_20250913"
time="2026-01-28T18:14:33Z" level=info msg="Tool required for debug" tool="esp32:xtensa-esp-elf-gdb@16.3_20250913"
2026-01-28 18:14:33 2026-01-28T18:14:33.667Z daemon INFO time="2026-01-28T18:14:33Z" level=info msg="Tool required for debug" tool="builtin:serial-monitor@0.15.0"
time="2026-01-28T18:14:33Z" level=info msg="Tool required for debug" tool="arduino:avr-gcc@7.3.0-atmel3.6.1-arduino7"
2026-01-28 18:14:33 2026-01-28T18:14:33.667Z daemon INFO time="2026-01-28T18:14:33Z" level=info msg="Tool required for debug" tool="builtin:serial-discovery@1.4.3"
2026-01-28 18:14:33 2026-01-28T18:14:33.667Z daemon INFO time="2026-01-28T18:14:33Z" level=info msg="Tool required for debug" tool="builtin:ctags@5.8-arduino11"
time="2026-01-28T18:14:33Z" level=info msg="Tool required for debug" tool="builtin:dfu-discovery@0.1.2"
2026-01-28 18:14:33 2026-01-28T18:14:33.667Z daemon INFO time="2026-01-28T18:14:33Z" level=info msg="Tool required for debug" tool="builtin:mdns-discovery@1.0.12"
2026-01-28 18:14:33 2026-01-28T18:14:33.667Z daemon INFO time="2026-01-28T18:14:33Z" level=info msg="Tool required for debug" tool="arduino:arduinoOTA@1.3.0"
time="2026-01-28T18:14:33Z" level=info msg="Tool required for debug" tool="arduino:avrdude@8.0.0-arduino1"
2026-01-28 18:14:33 2026-01-28T18:14:33.674Z daemon INFO time="2026-01-28T18:14:33Z" level=info msg="Tool required for debug" tool="arduino:dfu-util@0.11.0-arduino5"
time="2026-01-28T18:14:33Z" level=info msg="Tool required for debug" tool="esp32:esp-rv32@2511"
time="2026-01-28T18:14:33Z" level=info msg="Tool required for debug" tool="esp32:esp-x32@2511"
time="2026-01-28T18:14:33Z" level=info msg="Tool required for debug" tool="esp32:esp32-libs@3.3.6"
time="2026-01-28T18:14:33Z" level=info msg="Tool required for debug" tool="esp32:esp32c3-libs@3.3.6"
time="2026-01-28T18:14:33Z" level=info msg="Tool required for debug" tool="esp32:esp32c5-libs@3.3.6"
time="2026-01-28T18:14:33Z" level=info msg="Tool required for debug" tool="esp32:esp32c6-libs@3.3.6"
time="2026-01-28T18:14:33Z" level=info msg="Tool required for debug" tool="esp32:esp32h2-libs@3.3.6"
time="2026-01-28T18:14:33Z" level=info msg="Tool required for debug" tool="esp32:esp32p4-libs@3.3.6"
time="2026-01-28T18:14:33Z" level=info msg="Tool required for debug" tool="esp32:esp32p4_es-libs@3.3.6"
time="2026-01-28T18:14:33Z" level=info msg="Tool required for debug" tool="esp32:esp32s2-libs@3.3.6"
time="2026-01-28T18:14:33Z" level=info msg="Tool required for debug" tool="esp32:esp32s3-libs@3.3.6"
time="2026-01-28T18:14:33Z" level=info msg="Tool required for debug" tool="esp32:esptool_py@5.1.0"
time="2026-01-28T18:14:33Z" level=info msg="Tool required for debug" tool="esp32:mklittlefs@4.0.2-db0513a"
time="2026-01-28T18:14:33Z" level=info msg="Tool required for debug" tool="esp32:mkspiffs@0.2.3"
time="2026-01-28T18:14:33Z" level=info msg="Tool required for debug" tool="esp32:openocd-esp32@v0.12.0-esp32-20251215"
time="2026-01-28T18:14:33Z" level=info msg="Tool required for debug" tool="esp32:riscv32-esp-elf-gdb@16.3_20250913"
time="2026-01-28T18:14:33Z" level=info msg="Tool required for debug" tool="esp32:xtensa-esp-elf-gdb@16.3_20250913"
time="2026-01-28T18:14:33Z" level=info msg="Tool required for debug" tool="builtin:mdns-discovery@1.0.12"
time="2026-01-28T18:14:33Z" level=info msg="Tool required for debug" tool="builtin:serial-monitor@0.15.0"
time="2026-01-28T18:14:33Z" level=info msg="Tool required for debug" tool="arduino:arduinoOTA@1.3.0"
time="2026-01-28T18:14:33Z" level=info msg="Tool required for debug" tool="builtin:ctags@5.8-arduino11"
time="2026-01-28T18:14:33Z" level=info msg="Tool required for debug" tool="builtin:serial-discovery@1.4.3"
time="2026-01-28T18:14:33Z" level=info msg="Tool required for debug" tool="arduino:avr-gcc@7.3.0-atmel3.6.1-arduino7"
time="2026-01-28T18:14:33Z" level=info msg="Tool required for debug" tool="arduino:avrdude@8.0.0-arduino1"
time="2026-01-28T18:14:33Z" level=info msg="Tool required for debug" tool="builtin:dfu-discovery@0.1.2"
2026-01-28 18:14:33 2026-01-28T18:14:33.675Z daemon INFO time="2026-01-28T18:14:33Z" level=info msg="Tool required for debug" tool="arduino:dfu-util@0.11.0-arduino5"
time="2026-01-28T18:14:33Z" level=info msg="Tool required for debug" tool="esp32:esp-rv32@2511"
2026-01-28 18:14:33 2026-01-28T18:14:33.675Z daemon INFO time="2026-01-28T18:14:33Z" level=info msg="Tool required for debug" tool="esp32:esp-x32@2511"
time="2026-01-28T18:14:33Z" level=info msg="Tool required for debug" tool="esp32:esp32-libs@3.3.6"
time="2026-01-28T18:14:33Z" level=info msg="Tool required for debug" tool="esp32:esp32c3-libs@3.3.6"
time="2026-01-28T18:14:33Z" level=info msg="Tool required for debug" tool="esp32:esp32c5-libs@3.3.6"
time="2026-01-28T18:14:33Z" level=info msg="Tool required for debug" tool="esp32:esp32c6-libs@3.3.6"
time="2026-01-28T18:14:33Z" level=info msg="Tool required for debug" tool="esp32:esp32h2-libs@3.3.6"
time="2026-01-28T18:14:33Z" level=info msg="Tool required for debug" tool="esp32:esp32p4-libs@3.3.6"
2026-01-28 18:14:33 2026-01-28T18:14:33.675Z daemon INFO time="2026-01-28T18:14:33Z" level=info msg="Tool required for debug" tool="esp32:esp32p4_es-libs@3.3.6"
time="2026-01-28T18:14:33Z" level=info msg="Tool required for debug" tool="esp32:esp32s2-libs@3.3.6"
time="2026-01-28T18:14:33Z" level=info msg="Tool required for debug" tool="esp32:esp32s3-libs@3.3.6"
2026-01-28 18:14:33 2026-01-28T18:14:33.675Z daemon INFO time="2026-01-28T18:14:33Z" level=info msg="Tool required for debug" tool="esp32:esptool_py@5.1.0"
time="2026-01-28T18:14:33Z" level=info msg="Tool required for debug" tool="esp32:mklittlefs@4.0.2-db0513a"
time="2026-01-28T18:14:33Z" level=info msg="Tool required for debug" tool="esp32:mkspiffs@0.2.3"
2026-01-28 18:14:33 2026-01-28T18:14:33.675Z daemon INFO time="2026-01-28T18:14:33Z" level=info msg="Tool required for debug" tool="esp32:openocd-esp32@v0.12.0-esp32-20251215"
time="2026-01-28T18:14:33Z" level=info msg="Tool required for debug" tool="esp32:riscv32-esp-elf-gdb@16.3_20250913"
2026-01-28 18:14:33 2026-01-28T18:14:33.675Z daemon INFO time="2026-01-28T18:14:33Z" level=info msg="Tool required for debug" tool="esp32:xtensa-esp-elf-gdb@16.3_20250913"
time="2026-01-28T18:14:33Z" level=info msg="Tool required for debug" tool="builtin:dfu-discovery@0.1.2"
2026-01-28 18:14:33 2026-01-28T18:14:33.675Z daemon INFO time="2026-01-28T18:14:33Z" level=info msg="Tool required for debug" tool="builtin:mdns-discovery@1.0.12"
2026-01-28 18:14:33 2026-01-28T18:14:33.675Z daemon INFO time="2026-01-28T18:14:33Z" level=info msg="Tool required for debug" tool="builtin:serial-monitor@0.15.0"
2026-01-28 18:14:33 2026-01-28T18:14:33.675Z daemon INFO time="2026-01-28T18:14:33Z" level=info msg="Tool required for debug" tool="builtin:ctags@5.8-arduino11"
time="2026-01-28T18:14:33Z" level=info msg="Tool required for debug" tool="arduino:arduinoOTA@1.3.0"
2026-01-28 18:14:33 2026-01-28T18:14:33.675Z daemon INFO time="2026-01-28T18:14:33Z" level=info msg="Tool required for debug" tool="arduino:avrdude@8.0.0-arduino1"
time="2026-01-28T18:14:33Z" level=info msg="Tool required for debug" tool="arduino:avr-gcc@7.3.0-atmel3.6.1-arduino7"
2026-01-28 18:14:33 2026-01-28T18:14:33.675Z daemon INFO time="2026-01-28T18:14:33Z" level=info msg="Tool required for debug" tool="builtin:serial-discovery@1.4.3"
2026-01-28 18:14:33 2026-01-28T18:14:33.677Z daemon INFO time="2026-01-28T18:14:33Z" level=info msg="Tool required for debug" tool="arduino:dfu-util@0.11.0-arduino5"
time="2026-01-28T18:14:33Z" level=info msg="Tool required for debug" tool="esp32:esp-rv32@2511"
2026-01-28 18:14:33 2026-01-28T18:14:33.677Z daemon INFO time="2026-01-28T18:14:33Z" level=info msg="Tool required for debug" tool="esp32:esp-x32@2511"
time="2026-01-28T18:14:33Z" level=info msg="Tool required for debug" tool="esp32:esp32-libs@3.3.6"
time="2026-01-28T18:14:33Z" level=info msg="Tool required for debug" tool="esp32:esp32c3-libs@3.3.6"
time="2026-01-28T18:14:33Z" level=info msg="Tool required for debug" tool="esp32:esp32c5-libs@3.3.6"
2026-01-28 18:14:33 2026-01-28T18:14:33.677Z daemon INFO time="2026-01-28T18:14:33Z" level=info msg="Tool required for debug" tool="esp32:esp32c6-libs@3.3.6"
time="2026-01-28T18:14:33Z" level=info msg="Tool required for debug" tool="esp32:esp32h2-libs@3.3.6"
time="2026-01-28T18:14:33Z" level=info msg="Tool required for debug" tool="esp32:esp32p4-libs@3.3.6"
2026-01-28 18:14:33 2026-01-28T18:14:33.677Z daemon INFO time="2026-01-28T18:14:33Z" level=info msg="Tool required for debug" tool="esp32:esp32p4_es-libs@3.3.6"
time="2026-01-28T18:14:33Z" level=info msg="Tool required for debug" tool="esp32:esp32s2-libs@3.3.6"
2026-01-28 18:14:33 2026-01-28T18:14:33.677Z daemon INFO time="2026-01-28T18:14:33Z" level=info msg="Tool required for debug" tool="esp32:esp32s3-libs@3.3.6"
time="2026-01-28T18:14:33Z" level=info msg="Tool required for debug" tool="esp32:esptool_py@5.1.0"
2026-01-28 18:14:33 2026-01-28T18:14:33.677Z daemon INFO time="2026-01-28T18:14:33Z" level=info msg="Tool required for debug" tool="esp32:mklittlefs@4.0.2-db0513a"
time="2026-01-28T18:14:33Z" level=info msg="Tool required for debug" tool="esp32:mkspiffs@0.2.3"
time="2026-01-28T18:14:33Z" level=info msg="Tool required for debug" tool="esp32:openocd-esp32@v0.12.0-esp32-20251215"
2026-01-28 18:14:33 2026-01-28T18:14:33.677Z daemon INFO time="2026-01-28T18:14:33Z" level=info msg="Tool required for debug" tool="esp32:riscv32-esp-elf-gdb@16.3_20250913"
time="2026-01-28T18:14:33Z" level=info msg="Tool required for debug" tool="esp32:xtensa-esp-elf-gdb@16.3_20250913"
2026-01-28 18:14:33 2026-01-28T18:14:33.677Z daemon INFO time="2026-01-28T18:14:33Z" level=info msg="Tool required for debug" tool="arduino:arduinoOTA@1.3.0"
time="2026-01-28T18:14:33Z" level=info msg="Tool required for debug" tool="arduino:avrdude@8.0.0-arduino1"
2026-01-28 18:14:33 2026-01-28T18:14:33.677Z daemon INFO time="2026-01-28T18:14:33Z" level=info msg="Tool required for debug" tool="builtin:dfu-discovery@0.1.2"
time="2026-01-28T18:14:33Z" level=info msg="Tool required for debug" tool="builtin:serial-discovery@1.4.3"
2026-01-28 18:14:33 2026-01-28T18:14:33.677Z daemon INFO time="2026-01-28T18:14:33Z" level=info msg="Tool required for debug" tool="arduino:avr-gcc@7.3.0-atmel3.6.1-arduino7"
2026-01-28 18:14:33 2026-01-28T18:14:33.677Z daemon INFO time="2026-01-28T18:14:33Z" level=info msg="Tool required for debug" tool="builtin:serial-monitor@0.15.0"
time="2026-01-28T18:14:33Z" level=info msg="Tool required for debug" tool="builtin:ctags@5.8-arduino11"
2026-01-28 18:14:33 2026-01-28T18:14:33.677Z daemon INFO time="2026-01-28T18:14:33Z" level=info msg="Tool required for debug" tool="builtin:mdns-discovery@1.0.12"
2026-01-28 18:14:33 2026-01-28T18:14:33.678Z daemon INFO time="2026-01-28T18:14:33Z" level=info msg="Tool required for debug" tool="arduino:dfu-util@0.11.0-arduino5"
time="2026-01-28T18:14:33Z" level=info msg="Tool required for debug" tool="esp32:esp-rv32@2511"
2026-01-28 18:14:33 2026-01-28T18:14:33.678Z daemon INFO time="2026-01-28T18:14:33Z" level=info msg="Tool required for debug" tool="esp32:esp-x32@2511"
time="2026-01-28T18:14:33Z" level=info msg="Tool required for debug" tool="esp32:esp32-libs@3.3.6"
time="2026-01-28T18:14:33Z" level=info msg="Tool required for debug" tool="esp32:esp32c3-libs@3.3.6"
time="2026-01-28T18:14:33Z" level=info msg="Tool required for debug" tool="esp32:esp32c5-libs@3.3.6"
2026-01-28 18:14:33 2026-01-28T18:14:33.678Z daemon INFO time="2026-01-28T18:14:33Z" level=info msg="Tool required for debug" tool="esp32:esp32c6-libs@3.3.6"
time="2026-01-28T18:14:33Z" level=info msg="Tool required for debug" tool="esp32:esp32h2-libs@3.3.6"
time="2026-01-28T18:14:33Z" level=info msg="Tool required for debug" tool="esp32:esp32p4-libs@3.3.6"
2026-01-28 18:14:33 2026-01-28T18:14:33.678Z daemon INFO time="2026-01-28T18:14:33Z" level=info msg="Tool required for debug" tool="esp32:esp32p4_es-libs@3.3.6"
time="2026-01-28T18:14:33Z" level=info msg="Tool required for debug" tool="esp32:esp32s2-libs@3.3.6"
time="2026-01-28T18:14:33Z" level=info msg="Tool required for debug" tool="esp32:esp32s3-libs@3.3.6"
2026-01-28 18:14:33 2026-01-28T18:14:33.678Z daemon INFO time="2026-01-28T18:14:33Z" level=info msg="Tool required for debug" tool="esp32:esptool_py@5.1.0"
time="2026-01-28T18:14:33Z" level=info msg="Tool required for debug" tool="esp32:mklittlefs@4.0.2-db0513a"
time="2026-01-28T18:14:33Z" level=info msg="Tool required for debug" tool="esp32:mkspiffs@0.2.3"
2026-01-28 18:14:33 2026-01-28T18:14:33.678Z daemon INFO time="2026-01-28T18:14:33Z" level=info msg="Tool required for debug" tool="esp32:openocd-esp32@v0.12.0-esp32-20251215"
time="2026-01-28T18:14:33Z" level=info msg="Tool required for debug" tool="esp32:riscv32-esp-elf-gdb@16.3_20250913"
time="2026-01-28T18:14:33Z" level=info msg="Tool required for debug" tool="esp32:xtensa-esp-elf-gdb@16.3_20250913"
time="2026-01-28T18:14:33Z" level=info msg="Tool required for debug" tool="builtin:ctags@5.8-arduino11"
time="2026-01-28T18:14:33Z" level=info msg="Tool required for debug" tool="builtin:serial-monitor@0.15.0"
2026-01-28 18:14:33 2026-01-28T18:14:33.678Z daemon INFO time="2026-01-28T18:14:33Z" level=info msg="Tool required for debug" tool="arduino:arduinoOTA@1.3.0"
time="2026-01-28T18:14:33Z" level=info msg="Tool required for debug" tool="builtin:serial-discovery@1.4.3"
time="2026-01-28T18:14:33Z" level=info msg="Tool required for debug" tool="arduino:avrdude@8.0.0-arduino1"
time="2026-01-28T18:14:33Z" level=info msg="Tool required for debug" tool="builtin:dfu-discovery@0.1.2"
2026-01-28 18:14:33 2026-01-28T18:14:33.678Z daemon INFO time="2026-01-28T18:14:33Z" level=info msg="Tool required for debug" tool="builtin:mdns-discovery@1.0.12"
2026-01-28 18:14:33 2026-01-28T18:14:33.678Z daemon INFO time="2026-01-28T18:14:33Z" level=info msg="Tool required for debug" tool="arduino:avr-gcc@7.3.0-atmel3.6.1-arduino7"
2026-01-28 18:14:33 2026-01-28T18:14:33.680Z daemon INFO time="2026-01-28T18:14:33Z" level=info msg="Tool required for debug" tool="arduino:dfu-util@0.11.0-arduino5"
time="2026-01-28T18:14:33Z" level=info msg="Tool required for debug" tool="esp32:esp-rv32@2511"
2026-01-28 18:14:33 2026-01-28T18:14:33.680Z daemon INFO time="2026-01-28T18:14:33Z" level=info msg="Tool required for debug" tool="esp32:esp-x32@2511"
time="2026-01-28T18:14:33Z" level=info msg="Tool required for debug" tool="esp32:esp32-libs@3.3.6"
time="2026-01-28T18:14:33Z" level=info msg="Tool required for debug" tool="esp32:esp32c3-libs@3.3.6"
2026-01-28 18:14:33 2026-01-28T18:14:33.680Z daemon INFO time="2026-01-28T18:14:33Z" level=info msg="Tool required for debug" tool="esp32:esp32c5-libs@3.3.6"
time="2026-01-28T18:14:33Z" level=info msg="Tool required for debug" tool="esp32:esp32c6-libs@3.3.6"
2026-01-28 18:14:33 2026-01-28T18:14:33.680Z daemon INFO time="2026-01-28T18:14:33Z" level=info msg="Tool required for debug" tool="esp32:esp32h2-libs@3.3.6"
time="2026-01-28T18:14:33Z" level=info msg="Tool required for debug" tool="esp32:esp32p4-libs@3.3.6"
time="2026-01-28T18:14:33Z" level=info msg="Tool required for debug" tool="esp32:esp32p4_es-libs@3.3.6"
2026-01-28 18:14:33 2026-01-28T18:14:33.680Z daemon INFO time="2026-01-28T18:14:33Z" level=info msg="Tool required for debug" tool="esp32:esp32s2-libs@3.3.6"
time="2026-01-28T18:14:33Z" level=info msg="Tool required for debug" tool="esp32:esp32s3-libs@3.3.6"
2026-01-28 18:14:33 2026-01-28T18:14:33.680Z daemon INFO time="2026-01-28T18:14:33Z" level=info msg="Tool required for debug" tool="esp32:esptool_py@5.1.0"
time="2026-01-28T18:14:33Z" level=info msg="Tool required for debug" tool="esp32:mklittlefs@4.0.2-db0513a"
time="2026-01-28T18:14:33Z" level=info msg="Tool required for debug" tool="esp32:mkspiffs@0.2.3"
2026-01-28 18:14:33 2026-01-28T18:14:33.680Z daemon INFO time="2026-01-28T18:14:33Z" level=info msg="Tool required for debug" tool="esp32:openocd-esp32@v0.12.0-esp32-20251215"
time="2026-01-28T18:14:33Z" level=info msg="Tool required for debug" tool="esp32:riscv32-esp-elf-gdb@16.3_20250913"
2026-01-28 18:14:33 2026-01-28T18:14:33.680Z daemon INFO time="2026-01-28T18:14:33Z" level=info msg="Tool required for debug" tool="esp32:xtensa-esp-elf-gdb@16.3_20250913"
time="2026-01-28T18:14:33Z" level=info msg="Tool required for debug" tool="arduino:avrdude@8.0.0-arduino1"
time="2026-01-28T18:14:33Z" level=info msg="Tool required for debug" tool="builtin:serial-discovery@1.4.3"
2026-01-28 18:14:33 2026-01-28T18:14:33.680Z daemon INFO time="2026-01-28T18:14:33Z" level=info msg="Tool required for debug" tool="builtin:serial-monitor@0.15.0"
2026-01-28 18:14:33 2026-01-28T18:14:33.680Z daemon INFO time="2026-01-28T18:14:33Z" level=info msg="Tool required for debug" tool="builtin:ctags@5.8-arduino11"
time="2026-01-28T18:14:33Z" level=info msg="Tool required for debug" tool="builtin:dfu-discovery@0.1.2"
2026-01-28 18:14:33 2026-01-28T18:14:33.680Z daemon INFO time="2026-01-28T18:14:33Z" level=info msg="Tool required for debug" tool="arduino:arduinoOTA@1.3.0"
time="2026-01-28T18:14:33Z" level=info msg="Tool required for debug" tool="builtin:mdns-discovery@1.0.12"
2026-01-28 18:14:33 2026-01-28T18:14:33.680Z daemon INFO time="2026-01-28T18:14:33Z" level=info msg="Tool required for debug" tool="arduino:avr-gcc@7.3.0-atmel3.6.1-arduino7"
2026-01-28 18:14:33 2026-01-28T18:14:33.681Z daemon INFO time="2026-01-28T18:14:33Z" level=info msg="Tool required for debug" tool="arduino:dfu-util@0.11.0-arduino5"
2026-01-28 18:14:33 2026-01-28T18:14:33.681Z daemon INFO time="2026-01-28T18:14:33Z" level=info msg="Tool required for debug" tool="esp32:esp-rv32@2511"
time="2026-01-28T18:14:33Z" level=info msg="Tool required for debug" tool="esp32:esp-x32@2511"
time="2026-01-28T18:14:33Z" level=info msg="Tool required for debug" tool="esp32:esp32-libs@3.3.6"
time="2026-01-28T18:14:33Z" level=info msg="Tool required for debug" tool="esp32:esp32c3-libs@3.3.6"
time="2026-01-28T18:14:33Z" level=info msg="Tool required for debug" tool="esp32:esp32c5-libs@3.3.6"
2026-01-28 18:14:33 2026-01-28T18:14:33.681Z daemon INFO time="2026-01-28T18:14:33Z" level=info msg="Tool required for debug" tool="esp32:esp32c6-libs@3.3.6"
time="2026-01-28T18:14:33Z" level=info msg="Tool required for debug" tool="esp32:esp32h2-libs@3.3.6"
time="2026-01-28T18:14:33Z" level=info msg="Tool required for debug" tool="esp32:esp32p4-libs@3.3.6"
time="2026-01-28T18:14:33Z" level=info msg="Tool required for debug" tool="esp32:esp32p4_es-libs@3.3.6"
2026-01-28 18:14:33 2026-01-28T18:14:33.681Z daemon INFO time="2026-01-28T18:14:33Z" level=info msg="Tool required for debug" tool="esp32:esp32s2-libs@3.3.6"
time="2026-01-28T18:14:33Z" level=info msg="Tool required for debug" tool="esp32:esp32s3-libs@3.3.6"
2026-01-28 18:14:33 2026-01-28T18:14:33.681Z daemon INFO time="2026-01-28T18:14:33Z" level=info msg="Tool required for debug" tool="esp32:esptool_py@5.1.0"
time="2026-01-28T18:14:33Z" level=info msg="Tool required for debug" tool="esp32:mklittlefs@4.0.2-db0513a"
2026-01-28 18:14:33 2026-01-28T18:14:33.681Z daemon INFO time="2026-01-28T18:14:33Z" level=info msg="Tool required for debug" tool="esp32:mkspiffs@0.2.3"
time="2026-01-28T18:14:33Z" level=info msg="Tool required for debug" tool="esp32:openocd-esp32@v0.12.0-esp32-20251215"
time="2026-01-28T18:14:33Z" level=info msg="Tool required for debug" tool="esp32:riscv32-esp-elf-gdb@16.3_20250913"
2026-01-28 18:14:33 2026-01-28T18:14:33.681Z daemon INFO time="2026-01-28T18:14:33Z" level=info msg="Tool required for debug" tool="esp32:xtensa-esp-elf-gdb@16.3_20250913"
time="2026-01-28T18:14:33Z" level=info msg="Tool required for debug" tool="builtin:dfu-discovery@0.1.2"
2026-01-28 18:14:33 2026-01-28T18:14:33.681Z daemon INFO time="2026-01-28T18:14:33Z" level=info msg="Tool required for debug" tool="arduino:arduinoOTA@1.3.0"
2026-01-28 18:14:33 2026-01-28T18:14:33.681Z daemon INFO time="2026-01-28T18:14:33Z" level=info msg="Tool required for debug" tool="builtin:mdns-discovery@1.0.12"
2026-01-28 18:14:33 2026-01-28T18:14:33.681Z daemon INFO time="2026-01-28T18:14:33Z" level=info msg="Tool required for debug" tool="builtin:serial-discovery@1.4.3"
2026-01-28 18:14:33 2026-01-28T18:14:33.681Z daemon INFO time="2026-01-28T18:14:33Z" level=info msg="Tool required for debug" tool="arduino:avr-gcc@7.3.0-atmel3.6.1-arduino7"
time="2026-01-28T18:14:33Z" level=info msg="Tool required for debug" tool="builtin:serial-monitor@0.15.0"
2026-01-28 18:14:33 2026-01-28T18:14:33.681Z daemon INFO time="2026-01-28T18:14:33Z" level=info msg="Tool required for debug" tool="arduino:avrdude@8.0.0-arduino1"
time="2026-01-28T18:14:33Z" level=info msg="Tool required for debug" tool="builtin:ctags@5.8-arduino11"
2026-01-28 18:14:33 2026-01-28T18:14:33.683Z daemon INFO time="2026-01-28T18:14:33Z" level=info msg="Tool required for debug" tool="arduino:dfu-util@0.11.0-arduino5"
time="2026-01-28T18:14:33Z" level=info msg="Tool required for debug" tool="esp32:esp-rv32@2511"
2026-01-28 18:14:33 2026-01-28T18:14:33.683Z daemon INFO time="2026-01-28T18:14:33Z" level=info msg="Tool required for debug" tool="esp32:esp-x32@2511"
time="2026-01-28T18:14:33Z" level=info msg="Tool required for debug" tool="esp32:esp32-libs@3.3.6"
time="2026-01-28T18:14:33Z" level=info msg="Tool required for debug" tool="esp32:esp32c3-libs@3.3.6"
time="2026-01-28T18:14:33Z" level=info msg="Tool required for debug" tool="esp32:esp32c5-libs@3.3.6"
time="2026-01-28T18:14:33Z" level=info msg="Tool required for debug" tool="esp32:esp32c6-libs@3.3.6"
2026-01-28 18:14:33 2026-01-28T18:14:33.683Z daemon INFO time="2026-01-28T18:14:33Z" level=info msg="Tool required for debug" tool="esp32:esp32h2-libs@3.3.6"
time="2026-01-28T18:14:33Z" level=info msg="Tool required for debug" tool="esp32:esp32p4-libs@3.3.6"
time="2026-01-28T18:14:33Z" level=info msg="Tool required for debug" tool="esp32:esp32p4_es-libs@3.3.6"
2026-01-28 18:14:33 2026-01-28T18:14:33.683Z daemon INFO time="2026-01-28T18:14:33Z" level=info msg="Tool required for debug" tool="esp32:esp32s2-libs@3.3.6"
time="2026-01-28T18:14:33Z" level=info msg="Tool required for debug" tool="esp32:esp32s3-libs@3.3.6"
time="2026-01-28T18:14:33Z" level=info msg="Tool required for debug" tool="esp32:esptool_py@5.1.0"
time="2026-01-28T18:14:33Z" level=info msg="Tool required for debug" tool="esp32:mklittlefs@4.0.2-db0513a"
2026-01-28 18:14:33 2026-01-28T18:14:33.683Z daemon INFO time="2026-01-28T18:14:33Z" level=info msg="Tool required for debug" tool="esp32:mkspiffs@0.2.3"
time="2026-01-28T18:14:33Z" level=info msg="Tool required for debug" tool="esp32:openocd-esp32@v0.12.0-esp32-20251215"
time="2026-01-28T18:14:33Z" level=info msg="Tool required for debug" tool="esp32:riscv32-esp-elf-gdb@16.3_20250913"
2026-01-28 18:14:33 2026-01-28T18:14:33.683Z daemon INFO time="2026-01-28T18:14:33Z" level=info msg="Tool required for debug" tool="esp32:xtensa-esp-elf-gdb@16.3_20250913"
time="2026-01-28T18:14:33Z" level=info msg="Tool required for debug" tool="arduino:avr-gcc@7.3.0-atmel3.6.1-arduino7"
time="2026-01-28T18:14:33Z" level=info msg="Tool required for debug" tool="builtin:ctags@5.8-arduino11"
2026-01-28 18:14:33 2026-01-28T18:14:33.683Z daemon INFO time="2026-01-28T18:14:33Z" level=info msg="Tool required for debug" tool="builtin:dfu-discovery@0.1.2"
2026-01-28 18:14:33 2026-01-28T18:14:33.683Z daemon INFO time="2026-01-28T18:14:33Z" level=info msg="Tool required for debug" tool="arduino:avrdude@8.0.0-arduino1"
time="2026-01-28T18:14:33Z" level=info msg="Tool required for debug" tool="arduino:arduinoOTA@1.3.0"
time="2026-01-28T18:14:33Z" level=info msg="Tool required for debug" tool="builtin:mdns-discovery@1.0.12"
2026-01-28 18:14:33 2026-01-28T18:14:33.683Z daemon INFO time="2026-01-28T18:14:33Z" level=info msg="Tool required for debug" tool="builtin:serial-discovery@1.4.3"
time="2026-01-28T18:14:33Z" level=info msg="Tool required for debug" tool="builtin:serial-monitor@0.15.0"
2026-01-28 18:14:33 2026-01-28T18:14:33.685Z daemon INFO time="2026-01-28T18:14:33Z" level=info msg="Tool required for debug" tool="arduino:dfu-util@0.11.0-arduino5"
time="2026-01-28T18:14:33Z" level=info msg="Tool required for debug" tool="esp32:esp-rv32@2511"
2026-01-28 18:14:33 2026-01-28T18:14:33.685Z daemon INFO time="2026-01-28T18:14:33Z" level=info msg="Tool required for debug" tool="esp32:esp-x32@2511"
time="2026-01-28T18:14:33Z" level=info msg="Tool required for debug" tool="esp32:esp32-libs@3.3.6"
time="2026-01-28T18:14:33Z" level=info msg="Tool required for debug" tool="esp32:esp32c3-libs@3.3.6"
time="2026-01-28T18:14:33Z" level=info msg="Tool required for debug" tool="esp32:esp32c5-libs@3.3.6"
2026-01-28 18:14:33 2026-01-28T18:14:33.685Z daemon INFO time="2026-01-28T18:14:33Z" level=info msg="Tool required for debug" tool="esp32:esp32c6-libs@3.3.6"
time="2026-01-28T18:14:33Z" level=info msg="Tool required for debug" tool="esp32:esp32h2-libs@3.3.6"
time="2026-01-28T18:14:33Z" level=info msg="Tool required for debug" tool="esp32:esp32p4-libs@3.3.6"
2026-01-28 18:14:33 2026-01-28T18:14:33.685Z daemon INFO time="2026-01-28T18:14:33Z" level=info msg="Tool required for debug" tool="esp32:esp32p4_es-libs@3.3.6"
time="2026-01-28T18:14:33Z" level=info msg="Tool required for debug" tool="esp32:esp32s2-libs@3.3.6"
time="2026-01-28T18:14:33Z" level=info msg="Tool required for debug" tool="esp32:esp32s3-libs@3.3.6"
2026-01-28 18:14:33 2026-01-28T18:14:33.685Z daemon INFO time="2026-01-28T18:14:33Z" level=info msg="Tool required for debug" tool="esp32:esptool_py@5.1.0"
time="2026-01-28T18:14:33Z" level=info msg="Tool required for debug" tool="esp32:mklittlefs@4.0.2-db0513a"
time="2026-01-28T18:14:33Z" level=info msg="Tool required for debug" tool="esp32:mkspiffs@0.2.3"
2026-01-28 18:14:33 2026-01-28T18:14:33.685Z daemon INFO time="2026-01-28T18:14:33Z" level=info msg="Tool required for debug" tool="esp32:openocd-esp32@v0.12.0-esp32-20251215"
time="2026-01-28T18:14:33Z" level=info msg="Tool required for debug" tool="esp32:riscv32-esp-elf-gdb@16.3_20250913"
time="2026-01-28T18:14:33Z" level=info msg="Tool required for debug" tool="esp32:xtensa-esp-elf-gdb@16.3_20250913"
time="2026-01-28T18:14:33Z" level=info msg="Tool required for debug" tool="builtin:dfu-discovery@0.1.2"
2026-01-28 18:14:33 2026-01-28T18:14:33.685Z daemon INFO time="2026-01-28T18:14:33Z" level=info msg="Tool required for debug" tool="arduino:avr-gcc@7.3.0-atmel3.6.1-arduino7"
time="2026-01-28T18:14:33Z" level=info msg="Tool required for debug" tool="arduino:arduinoOTA@1.3.0"
time="2026-01-28T18:14:33Z" level=info msg="Tool required for debug" tool="builtin:mdns-discovery@1.0.12"
time="2026-01-28T18:14:33Z" level=info msg="Tool required for debug" tool="builtin:serial-discovery@1.4.3"
2026-01-28 18:14:33 2026-01-28T18:14:33.685Z daemon INFO time="2026-01-28T18:14:33Z" level=info msg="Tool required for debug" tool="arduino:avrdude@8.0.0-arduino1"
time="2026-01-28T18:14:33Z" level=info msg="Tool required for debug" tool="builtin:ctags@5.8-arduino11"
2026-01-28 18:14:33 2026-01-28T18:14:33.685Z daemon INFO time="2026-01-28T18:14:33Z" level=info msg="Tool required for debug" tool="builtin:serial-monitor@0.15.0"
2026-01-28 18:14:33 2026-01-28T18:14:33.686Z daemon INFO time="2026-01-28T18:14:33Z" level=info msg="Tool required for debug" tool="arduino:dfu-util@0.11.0-arduino5"
time="2026-01-28T18:14:33Z" level=info msg="Tool required for debug" tool="esp32:esp-rv32@2511"
2026-01-28 18:14:33 2026-01-28T18:14:33.686Z daemon INFO time="2026-01-28T18:14:33Z" level=info msg="Tool required for debug" tool="esp32:esp-x32@2511"
time="2026-01-28T18:14:33Z" level=info msg="Tool required for debug" tool="esp32:esp32-libs@3.3.6"
time="2026-01-28T18:14:33Z" level=info msg="Tool required for debug" tool="esp32:esp32c3-libs@3.3.6"
time="2026-01-28T18:14:33Z" level=info msg="Tool required for debug" tool="esp32:esp32c5-libs@3.3.6"
2026-01-28 18:14:33 2026-01-28T18:14:33.686Z daemon INFO time="2026-01-28T18:14:33Z" level=info msg="Tool required for debug" tool="esp32:esp32c6-libs@3.3.6"
time="2026-01-28T18:14:33Z" level=info msg="Tool required for debug" tool="esp32:esp32h2-libs@3.3.6"
time="2026-01-28T18:14:33Z" level=info msg="Tool required for debug" tool="esp32:esp32p4-libs@3.3.6"
2026-01-28 18:14:33 2026-01-28T18:14:33.686Z daemon INFO time="2026-01-28T18:14:33Z" level=info msg="Tool required for debug" tool="esp32:esp32p4_es-libs@3.3.6"
time="2026-01-28T18:14:33Z" level=info msg="Tool required for debug" tool="esp32:esp32s2-libs@3.3.6"
2026-01-28 18:14:33 2026-01-28T18:14:33.686Z daemon INFO time="2026-01-28T18:14:33Z" level=info msg="Tool required for debug" tool="esp32:esp32s3-libs@3.3.6"
time="2026-01-28T18:14:33Z" level=info msg="Tool required for debug" tool="esp32:esptool_py@5.1.0"
2026-01-28 18:14:33 2026-01-28T18:14:33.686Z daemon INFO time="2026-01-28T18:14:33Z" level=info msg="Tool required for debug" tool="esp32:mklittlefs@4.0.2-db0513a"
time="2026-01-28T18:14:33Z" level=info msg="Tool required for debug" tool="esp32:mkspiffs@0.2.3"
time="2026-01-28T18:14:33Z" level=info msg="Tool required for debug" tool="esp32:openocd-esp32@v0.12.0-esp32-20251215"
2026-01-28 18:14:33 2026-01-28T18:14:33.686Z daemon INFO time="2026-01-28T18:14:33Z" level=info msg="Tool required for debug" tool="esp32:riscv32-esp-elf-gdb@16.3_20250913"
time="2026-01-28T18:14:33Z" level=info msg="Tool required for debug" tool="esp32:xtensa-esp-elf-gdb@16.3_20250913"
2026-01-28 18:14:33 2026-01-28T18:14:33.686Z daemon INFO time="2026-01-28T18:14:33Z" level=info msg="Tool required for debug" tool="arduino:avr-gcc@7.3.0-atmel3.6.1-arduino7"
time="2026-01-28T18:14:33Z" level=info msg="Tool required for debug" tool="builtin:serial-discovery@1.4.3"
2026-01-28 18:14:33 2026-01-28T18:14:33.686Z daemon INFO time="2026-01-28T18:14:33Z" level=info msg="Tool required for debug" tool="arduino:avrdude@8.0.0-arduino1"
time="2026-01-28T18:14:33Z" level=info msg="Tool required for debug" tool="builtin:ctags@5.8-arduino11"
2026-01-28 18:14:33 2026-01-28T18:14:33.686Z daemon INFO time="2026-01-28T18:14:33Z" level=info msg="Tool required for debug" tool="builtin:serial-monitor@0.15.0"
2026-01-28 18:14:33 2026-01-28T18:14:33.686Z daemon INFO time="2026-01-28T18:14:33Z" level=info msg="Tool required for debug" tool="arduino:arduinoOTA@1.3.0"
time="2026-01-28T18:14:33Z" level=info msg="Tool required for debug" tool="builtin:mdns-discovery@1.0.12"
2026-01-28 18:14:33 2026-01-28T18:14:33.686Z daemon INFO time="2026-01-28T18:14:33Z" level=info msg="Tool required for debug" tool="builtin:dfu-discovery@0.1.2"
2026-01-28 18:14:33 2026-01-28T18:14:33.688Z daemon INFO time="2026-01-28T18:14:33Z" level=info msg="Tool required for debug" tool="arduino:dfu-util@0.11.0-arduino5"
time="2026-01-28T18:14:33Z" level=info msg="Tool required for debug" tool="esp32:esp-rv32@2511"
time="2026-01-28T18:14:33Z" level=info msg="Tool required for debug" tool="esp32:esp-x32@2511"
2026-01-28 18:14:33 2026-01-28T18:14:33.688Z daemon INFO time="2026-01-28T18:14:33Z" level=info msg="Tool required for debug" tool="esp32:esp32-libs@3.3.6"
time="2026-01-28T18:14:33Z" level=info msg="Tool required for debug" tool="esp32:esp32c3-libs@3.3.6"
time="2026-01-28T18:14:33Z" level=info msg="Tool required for debug" tool="esp32:esp32c5-libs@3.3.6"
time="2026-01-28T18:14:33Z" level=info msg="Tool required for debug" tool="esp32:esp32c6-libs@3.3.6"
time="2026-01-28T18:14:33Z" level=info msg="Tool required for debug" tool="esp32:esp32h2-libs@3.3.6"
time="2026-01-28T18:14:33Z" level=info msg="Tool required for debug" tool="esp32:esp32p4-libs@3.3.6"
time="2026-01-28T18:14:33Z" level=info msg="Tool required for debug" tool="esp32:esp32p4_es-libs@3.3.6"
2026-01-28 18:14:33 2026-01-28T18:14:33.688Z daemon INFO time="2026-01-28T18:14:33Z" level=info msg="Tool required for debug" tool="esp32:esp32s2-libs@3.3.6"
time="2026-01-28T18:14:33Z" level=info msg="Tool required for debug" tool="esp32:esp32s3-libs@3.3.6"
time="2026-01-28T18:14:33Z" level=info msg="Tool required for debug" tool="esp32:esptool_py@5.1.0"
time="2026-01-28T18:14:33Z" level=info msg="Tool required for debug" tool="esp32:mklittlefs@4.0.2-db0513a"
2026-01-28 18:14:33 2026-01-28T18:14:33.688Z daemon INFO time="2026-01-28T18:14:33Z" level=info msg="Tool required for debug" tool="esp32:mkspiffs@0.2.3"
time="2026-01-28T18:14:33Z" level=info msg="Tool required for debug" tool="esp32:openocd-esp32@v0.12.0-esp32-20251215"
time="2026-01-28T18:14:33Z" level=info msg="Tool required for debug" tool="esp32:riscv32-esp-elf-gdb@16.3_20250913"
2026-01-28 18:14:33 2026-01-28T18:14:33.688Z daemon INFO time="2026-01-28T18:14:33Z" level=info msg="Tool required for debug" tool="esp32:xtensa-esp-elf-gdb@16.3_20250913"
time="2026-01-28T18:14:33Z" level=info msg="Tool required for debug" tool="arduino:avrdude@8.0.0-arduino1"
time="2026-01-28T18:14:33Z" level=info msg="Tool required for debug" tool="arduino:arduinoOTA@1.3.0"
2026-01-28 18:14:33 2026-01-28T18:14:33.688Z daemon INFO time="2026-01-28T18:14:33Z" level=info msg="Tool required for debug" tool="builtin:ctags@5.8-arduino11"
time="2026-01-28T18:14:33Z" level=info msg="Tool required for debug" tool="arduino:avr-gcc@7.3.0-atmel3.6.1-arduino7"
2026-01-28 18:14:33 2026-01-28T18:14:33.688Z daemon INFO time="2026-01-28T18:14:33Z" level=info msg="Tool required for debug" tool="builtin:mdns-discovery@1.0.12"
time="2026-01-28T18:14:33Z" level=info msg="Tool required for debug" tool="builtin:serial-monitor@0.15.0"
2026-01-28 18:14:33 2026-01-28T18:14:33.688Z daemon INFO time="2026-01-28T18:14:33Z" level=info msg="Tool required for debug" tool="builtin:serial-discovery@1.4.3"
time="2026-01-28T18:14:33Z" level=info msg="Tool required for debug" tool="builtin:dfu-discovery@0.1.2"
2026-01-28 18:14:33 2026-01-28T18:14:33.689Z daemon INFO time="2026-01-28T18:14:33Z" level=info msg="Tool required for debug" tool="arduino:dfu-util@0.11.0-arduino5"
time="2026-01-28T18:14:33Z" level=info msg="Tool required for debug" tool="esp32:esp-rv32@2511"
2026-01-28 18:14:33 2026-01-28T18:14:33.689Z daemon INFO time="2026-01-28T18:14:33Z" level=info msg="Tool required for debug" tool="esp32:esp-x32@2511"
time="2026-01-28T18:14:33Z" level=info msg="Tool required for debug" tool="esp32:esp32-libs@3.3.6"
time="2026-01-28T18:14:33Z" level=info msg="Tool required for debug" tool="esp32:esp32c3-libs@3.3.6"
time="2026-01-28T18:14:33Z" level=info msg="Tool required for debug" tool="esp32:esp32c5-libs@3.3.6"
2026-01-28 18:14:33 2026-01-28T18:14:33.689Z daemon INFO time="2026-01-28T18:14:33Z" level=info msg="Tool required for debug" tool="esp32:esp32c6-libs@3.3.6"
time="2026-01-28T18:14:33Z" level=info msg="Tool required for debug" tool="esp32:esp32h2-libs@3.3.6"
2026-01-28 18:14:33 2026-01-28T18:14:33.689Z daemon INFO time="2026-01-28T18:14:33Z" level=info msg="Tool required for debug" tool="esp32:esp32p4-libs@3.3.6"
time="2026-01-28T18:14:33Z" level=info msg="Tool required for debug" tool="esp32:esp32p4_es-libs@3.3.6"
time="2026-01-28T18:14:33Z" level=info msg="Tool required for debug" tool="esp32:esp32s2-libs@3.3.6"
2026-01-28 18:14:33 2026-01-28T18:14:33.689Z daemon INFO time="2026-01-28T18:14:33Z" level=info msg="Tool required for debug" tool="esp32:esp32s3-libs@3.3.6"
time="2026-01-28T18:14:33Z" level=info msg="Tool required for debug" tool="esp32:esptool_py@5.1.0"
2026-01-28 18:14:33 2026-01-28T18:14:33.689Z daemon INFO time="2026-01-28T18:14:33Z" level=info msg="Tool required for debug" tool="esp32:mklittlefs@4.0.2-db0513a"
time="2026-01-28T18:14:33Z" level=info msg="Tool required for debug" tool="esp32:mkspiffs@0.2.3"
2026-01-28 18:14:33 2026-01-28T18:14:33.689Z daemon INFO time="2026-01-28T18:14:33Z" level=info msg="Tool required for debug" tool="esp32:openocd-esp32@v0.12.0-esp32-20251215"
time="2026-01-28T18:14:33Z" level=info msg="Tool required for debug" tool="esp32:riscv32-esp-elf-gdb@16.3_20250913"
time="2026-01-28T18:14:33Z" level=info msg="Tool required for debug" tool="esp32:xtensa-esp-elf-gdb@16.3_20250913"
2026-01-28 18:14:33 2026-01-28T18:14:33.689Z daemon INFO time="2026-01-28T18:14:33Z" level=info msg="Tool required for debug" tool="arduino:arduinoOTA@1.3.0"
time="2026-01-28T18:14:33Z" level=info msg="Tool required for debug" tool="arduino:avr-gcc@7.3.0-atmel3.6.1-arduino7"
2026-01-28 18:14:33 2026-01-28T18:14:33.689Z daemon INFO time="2026-01-28T18:14:33Z" level=info msg="Tool required for debug" tool="builtin:serial-monitor@0.15.0"
2026-01-28 18:14:33 2026-01-28T18:14:33.689Z daemon INFO time="2026-01-28T18:14:33Z" level=info msg="Tool required for debug" tool="arduino:avrdude@8.0.0-arduino1"
time="2026-01-28T18:14:33Z" level=info msg="Tool required for debug" tool="builtin:ctags@5.8-arduino11"
2026-01-28 18:14:33 2026-01-28T18:14:33.689Z daemon INFO time="2026-01-28T18:14:33Z" level=info msg="Tool required for debug" tool="builtin:serial-discovery@1.4.3"
2026-01-28 18:14:33 2026-01-28T18:14:33.689Z daemon INFO time="2026-01-28T18:14:33Z" level=info msg="Tool required for debug" tool="builtin:dfu-discovery@0.1.2"
time="2026-01-28T18:14:33Z" level=info msg="Tool required for debug" tool="builtin:mdns-discovery@1.0.12"
2026-01-28 18:14:33 2026-01-28T18:14:33.691Z daemon INFO time="2026-01-28T18:14:33Z" level=info msg="Tool required for debug" tool="arduino:dfu-util@0.11.0-arduino5"
time="2026-01-28T18:14:33Z" level=info msg="Tool required for debug" tool="esp32:esp-rv32@2511"
2026-01-28 18:14:33 2026-01-28T18:14:33.691Z daemon INFO time="2026-01-28T18:14:33Z" level=info msg="Tool required for debug" tool="esp32:esp-x32@2511"
time="2026-01-28T18:14:33Z" level=info msg="Tool required for debug" tool="esp32:esp32-libs@3.3.6"
time="2026-01-28T18:14:33Z" level=info msg="Tool required for debug" tool="esp32:esp32c3-libs@3.3.6"
time="2026-01-28T18:14:33Z" level=info msg="Tool required for debug" tool="esp32:esp32c5-libs@3.3.6"
2026-01-28 18:14:33 2026-01-28T18:14:33.691Z daemon INFO time="2026-01-28T18:14:33Z" level=info msg="Tool required for debug" tool="esp32:esp32c6-libs@3.3.6"
time="2026-01-28T18:14:33Z" level=info msg="Tool required for debug" tool="esp32:esp32h2-libs@3.3.6"
time="2026-01-28T18:14:33Z" level=info msg="Tool required for debug" tool="esp32:esp32p4-libs@3.3.6"
2026-01-28 18:14:33 2026-01-28T18:14:33.691Z daemon INFO time="2026-01-28T18:14:33Z" level=info msg="Tool required for debug" tool="esp32:esp32p4_es-libs@3.3.6"
time="2026-01-28T18:14:33Z" level=info msg="Tool required for debug" tool="esp32:esp32s2-libs@3.3.6"
time="2026-01-28T18:14:33Z" level=info msg="Tool required for debug" tool="esp32:esp32s3-libs@3.3.6"
2026-01-28 18:14:33 2026-01-28T18:14:33.691Z daemon INFO time="2026-01-28T18:14:33Z" level=info msg="Tool required for debug" tool="esp32:esptool_py@5.1.0"
time="2026-01-28T18:14:33Z" level=info msg="Tool required for debug" tool="esp32:mklittlefs@4.0.2-db0513a"
time="2026-01-28T18:14:33Z" level=info msg="Tool required for debug" tool="esp32:mkspiffs@0.2.3"
2026-01-28 18:14:33 2026-01-28T18:14:33.691Z daemon INFO time="2026-01-28T18:14:33Z" level=info msg="Tool required for debug" tool="esp32:openocd-esp32@v0.12.0-esp32-20251215"
time="2026-01-28T18:14:33Z" level=info msg="Tool required for debug" tool="esp32:riscv32-esp-elf-gdb@16.3_20250913"
time="2026-01-28T18:14:33Z" level=info msg="Tool required for debug" tool="esp32:xtensa-esp-elf-gdb@16.3_20250913"
2026-01-28 18:14:33 2026-01-28T18:14:33.691Z daemon INFO time="2026-01-28T18:14:33Z" level=info msg="Tool required for debug" tool="arduino:arduinoOTA@1.3.0"
time="2026-01-28T18:14:33Z" level=info msg="Tool required for debug" tool="builtin:serial-discovery@1.4.3"
time="2026-01-28T18:14:33Z" level=info msg="Tool required for debug" tool="arduino:avr-gcc@7.3.0-atmel3.6.1-arduino7"
2026-01-28 18:14:33 2026-01-28T18:14:33.691Z daemon INFO time="2026-01-28T18:14:33Z" level=info msg="Tool required for debug" tool="builtin:serial-monitor@0.15.0"
time="2026-01-28T18:14:33Z" level=info msg="Tool required for debug" tool="builtin:mdns-discovery@1.0.12"
time="2026-01-28T18:14:33Z" level=info msg="Tool required for debug" tool="arduino:avrdude@8.0.0-arduino1"
2026-01-28 18:14:33 2026-01-28T18:14:33.691Z daemon INFO time="2026-01-28T18:14:33Z" level=info msg="Tool required for debug" tool="builtin:ctags@5.8-arduino11"
time="2026-01-28T18:14:33Z" level=info msg="Tool required for debug" tool="builtin:dfu-discovery@0.1.2"
2026-01-28 18:14:33 2026-01-28T18:14:33.692Z daemon INFO time="2026-01-28T18:14:33Z" level=info msg="Tool required for debug" tool="arduino:dfu-util@0.11.0-arduino5"
time="2026-01-28T18:14:33Z" level=info msg="Tool required for debug" tool="esp32:esp-rv32@2511"
2026-01-28 18:14:33 2026-01-28T18:14:33.692Z daemon INFO time="2026-01-28T18:14:33Z" level=info msg="Tool required for debug" tool="esp32:esp-x32@2511"
time="2026-01-28T18:14:33Z" level=info msg="Tool required for debug" tool="esp32:esp32-libs@3.3.6"
time="2026-01-28T18:14:33Z" level=info msg="Tool required for debug" tool="esp32:esp32c3-libs@3.3.6"
time="2026-01-28T18:14:33Z" level=info msg="Tool required for debug" tool="esp32:esp32c5-libs@3.3.6"
2026-01-28 18:14:33 2026-01-28T18:14:33.692Z daemon INFO time="2026-01-28T18:14:33Z" level=info msg="Tool required for debug" tool="esp32:esp32c6-libs@3.3.6"
time="2026-01-28T18:14:33Z" level=info msg="Tool required for debug" tool="esp32:esp32h2-libs@3.3.6"
time="2026-01-28T18:14:33Z" level=info msg="Tool required for debug" tool="esp32:esp32p4-libs@3.3.6"
2026-01-28 18:14:33 2026-01-28T18:14:33.692Z daemon INFO time="2026-01-28T18:14:33Z" level=info msg="Tool required for debug" tool="esp32:esp32p4_es-libs@3.3.6"
time="2026-01-28T18:14:33Z" level=info msg="Tool required for debug" tool="esp32:esp32s2-libs@3.3.6"
2026-01-28 18:14:33 2026-01-28T18:14:33.692Z daemon INFO time="2026-01-28T18:14:33Z" level=info msg="Tool required for debug" tool="esp32:esp32s3-libs@3.3.6"
time="2026-01-28T18:14:33Z" level=info msg="Tool required for debug" tool="esp32:esptool_py@5.1.0"
time="2026-01-28T18:14:33Z" level=info msg="Tool required for debug" tool="esp32:mklittlefs@4.0.2-db0513a"
2026-01-28 18:14:33 2026-01-28T18:14:33.692Z daemon INFO time="2026-01-28T18:14:33Z" level=info msg="Tool required for debug" tool="esp32:mkspiffs@0.2.3"
time="2026-01-28T18:14:33Z" level=info msg="Tool required for debug" tool="esp32:openocd-esp32@v0.12.0-esp32-20251215"
2026-01-28 18:14:33 2026-01-28T18:14:33.692Z daemon INFO time="2026-01-28T18:14:33Z" level=info msg="Tool required for debug" tool="esp32:riscv32-esp-elf-gdb@16.3_20250913"
time="2026-01-28T18:14:33Z" level=info msg="Tool required for debug" tool="esp32:xtensa-esp-elf-gdb@16.3_20250913"
2026-01-28 18:14:33 2026-01-28T18:14:33.692Z daemon INFO time="2026-01-28T18:14:33Z" level=info msg="Tool required for debug" tool="arduino:arduinoOTA@1.3.0"
time="2026-01-28T18:14:33Z" level=info msg="Tool required for debug" tool="arduino:avrdude@8.0.0-arduino1"
2026-01-28 18:14:33 2026-01-28T18:14:33.692Z daemon INFO time="2026-01-28T18:14:33Z" level=info msg="Tool required for debug" tool="builtin:dfu-discovery@0.1.2"
time="2026-01-28T18:14:33Z" level=info msg="Tool required for debug" tool="builtin:serial-monitor@0.15.0"
2026-01-28 18:14:33 2026-01-28T18:14:33.693Z daemon INFO time="2026-01-28T18:14:33Z" level=info msg="Tool required for debug" tool="builtin:serial-discovery@1.4.3"
2026-01-28 18:14:33 2026-01-28T18:14:33.693Z daemon INFO time="2026-01-28T18:14:33Z" level=info msg="Tool required for debug" tool="arduino:avr-gcc@7.3.0-atmel3.6.1-arduino7"
time="2026-01-28T18:14:33Z" level=info msg="Tool required for debug" tool="builtin:mdns-discovery@1.0.12"
2026-01-28 18:14:33 2026-01-28T18:14:33.693Z daemon INFO time="2026-01-28T18:14:33Z" level=info msg="Tool required for debug" tool="builtin:ctags@5.8-arduino11"
2026-01-28 18:14:33 2026-01-28T18:14:33.694Z daemon INFO time="2026-01-28T18:14:33Z" level=info msg="Tool required for debug" tool="arduino:dfu-util@0.11.0-arduino5"
time="2026-01-28T18:14:33Z" level=info msg="Tool required for debug" tool="esp32:esp-rv32@2511"
time="2026-01-28T18:14:33Z" level=info msg="Tool required for debug" tool="esp32:esp-x32@2511"
2026-01-28 18:14:33 2026-01-28T18:14:33.694Z daemon INFO time="2026-01-28T18:14:33Z" level=info msg="Tool required for debug" tool="esp32:esp32-libs@3.3.6"
time="2026-01-28T18:14:33Z" level=info msg="Tool required for debug" tool="esp32:esp32c3-libs@3.3.6"
time="2026-01-28T18:14:33Z" level=info msg="Tool required for debug" tool="esp32:esp32c5-libs@3.3.6"
time="2026-01-28T18:14:33Z" level=info msg="Tool required for debug" tool="esp32:esp32c6-libs@3.3.6"
time="2026-01-28T18:14:33Z" level=info msg="Tool required for debug" tool="esp32:esp32h2-libs@3.3.6"
time="2026-01-28T18:14:33Z" level=info msg="Tool required for debug" tool="esp32:esp32p4-libs@3.3.6"
time="2026-01-28T18:14:33Z" level=info msg="Tool required for debug" tool="esp32:esp32p4_es-libs@3.3.6"
time="2026-01-28T18:14:33Z" level=info msg="Tool required for debug" tool="esp32:esp32s2-libs@3.3.6"
2026-01-28 18:14:33 2026-01-28T18:14:33.694Z daemon INFO time="2026-01-28T18:14:33Z" level=info msg="Tool required for debug" tool="esp32:esp32s3-libs@3.3.6"
time="2026-01-28T18:14:33Z" level=info msg="Tool required for debug" tool="esp32:esptool_py@5.1.0"
time="2026-01-28T18:14:33Z" level=info msg="Tool required for debug" tool="esp32:mklittlefs@4.0.2-db0513a"
time="2026-01-28T18:14:33Z" level=info msg="Tool required for debug" tool="esp32:mkspiffs@0.2.3"
time="2026-01-28T18:14:33Z" level=info msg="Tool required for debug" tool="esp32:openocd-esp32@v0.12.0-esp32-20251215"
time="2026-01-28T18:14:33Z" level=info msg="Tool required for debug" tool="esp32:riscv32-esp-elf-gdb@16.3_20250913"
time="2026-01-28T18:14:33Z" level=info msg="Tool required for debug" tool="esp32:xtensa-esp-elf-gdb@16.3_20250913"
2026-01-28 18:14:33 2026-01-28T18:14:33.694Z daemon INFO time="2026-01-28T18:14:33Z" level=info msg="Tool required for debug" tool="arduino:avr-gcc@7.3.0-atmel3.6.1-arduino7"
time="2026-01-28T18:14:33Z" level=info msg="Tool required for debug" tool="builtin:serial-discovery@1.4.3"
2026-01-28 18:14:33 2026-01-28T18:14:33.694Z daemon INFO time="2026-01-28T18:14:33Z" level=info msg="Tool required for debug" tool="builtin:ctags@5.8-arduino11"
2026-01-28 18:14:33 2026-01-28T18:14:33.694Z daemon INFO time="2026-01-28T18:14:33Z" level=info msg="Tool required for debug" tool="arduino:arduinoOTA@1.3.0"
time="2026-01-28T18:14:33Z" level=info msg="Tool required for debug" tool="arduino:avrdude@8.0.0-arduino1"
2026-01-28 18:14:33 2026-01-28T18:14:33.694Z daemon INFO time="2026-01-28T18:14:33Z" level=info msg="Tool required for debug" tool="builtin:serial-monitor@0.15.0"
2026-01-28 18:14:33 2026-01-28T18:14:33.694Z daemon INFO time="2026-01-28T18:14:33Z" level=info msg="Tool required for debug" tool="builtin:mdns-discovery@1.0.12"
2026-01-28 18:14:33 2026-01-28T18:14:33.694Z daemon INFO time="2026-01-28T18:14:33Z" level=info msg="Tool required for debug" tool="builtin:dfu-discovery@0.1.2"
2026-01-28 18:14:33 2026-01-28T18:14:33.696Z daemon INFO time="2026-01-28T18:14:33Z" level=info msg="Tool required for debug" tool="arduino:dfu-util@0.11.0-arduino5"
time="2026-01-28T18:14:33Z" level=info msg="Tool required for debug" tool="esp32:esp-rv32@2511"
time="2026-01-28T18:14:33Z" level=info msg="Tool required for debug" tool="esp32:esp-x32@2511"
2026-01-28 18:14:33 2026-01-28T18:14:33.696Z daemon INFO time="2026-01-28T18:14:33Z" level=info msg="Tool required for debug" tool="esp32:esp32-libs@3.3.6"
time="2026-01-28T18:14:33Z" level=info msg="Tool required for debug" tool="esp32:esp32c3-libs@3.3.6"
time="2026-01-28T18:14:33Z" level=info msg="Tool required for debug" tool="esp32:esp32c5-libs@3.3.6"
time="2026-01-28T18:14:33Z" level=info msg="Tool required for debug" tool="esp32:esp32c6-libs@3.3.6"
time="2026-01-28T18:14:33Z" level=info msg="Tool required for debug" tool="esp32:esp32h2-libs@3.3.6"
time="2026-01-28T18:14:33Z" level=info msg="Tool required for debug" tool="esp32:esp32p4-libs@3.3.6"
time="2026-01-28T18:14:33Z" level=info msg="Tool required for debug" tool="esp32:esp32p4_es-libs@3.3.6"
2026-01-28 18:14:33 2026-01-28T18:14:33.696Z daemon INFO time="2026-01-28T18:14:33Z" level=info msg="Tool required for debug" tool="esp32:esp32s2-libs@3.3.6"
time="2026-01-28T18:14:33Z" level=info msg="Tool required for debug" tool="esp32:esp32s3-libs@3.3.6"
time="2026-01-28T18:14:33Z" level=info msg="Tool required for debug" tool="esp32:esptool_py@5.1.0"
time="2026-01-28T18:14:33Z" level=info msg="Tool required for debug" tool="esp32:mklittlefs@4.0.2-db0513a"
2026-01-28 18:14:33 2026-01-28T18:14:33.696Z daemon INFO time="2026-01-28T18:14:33Z" level=info msg="Tool required for debug" tool="esp32:mkspiffs@0.2.3"
time="2026-01-28T18:14:33Z" level=info msg="Tool required for debug" tool="esp32:openocd-esp32@v0.12.0-esp32-20251215"
time="2026-01-28T18:14:33Z" level=info msg="Tool required for debug" tool="esp32:riscv32-esp-elf-gdb@16.3_20250913"
2026-01-28 18:14:33 2026-01-28T18:14:33.696Z daemon INFO time="2026-01-28T18:14:33Z" level=info msg="Tool required for debug" tool="esp32:xtensa-esp-elf-gdb@16.3_20250913"
time="2026-01-28T18:14:33Z" level=info msg="Tool required for debug" tool="arduino:avr-gcc@7.3.0-atmel3.6.1-arduino7"
time="2026-01-28T18:14:33Z" level=info msg="Tool required for debug" tool="arduino:arduinoOTA@1.3.0"
2026-01-28 18:14:33 2026-01-28T18:14:33.696Z daemon INFO time="2026-01-28T18:14:33Z" level=info msg="Tool required for debug" tool="arduino:avrdude@8.0.0-arduino1"
time="2026-01-28T18:14:33Z" level=info msg="Tool required for debug" tool="builtin:dfu-discovery@0.1.2"
2026-01-28 18:14:33 2026-01-28T18:14:33.696Z daemon INFO time="2026-01-28T18:14:33Z" level=info msg="Tool required for debug" tool="builtin:serial-discovery@1.4.3"
2026-01-28 18:14:33 2026-01-28T18:14:33.696Z daemon INFO time="2026-01-28T18:14:33Z" level=info msg="Tool required for debug" tool="builtin:mdns-discovery@1.0.12"
2026-01-28 18:14:33 2026-01-28T18:14:33.696Z daemon INFO time="2026-01-28T18:14:33Z" level=info msg="Tool required for debug" tool="builtin:serial-monitor@0.15.0"
time="2026-01-28T18:14:33Z" level=info msg="Tool required for debug" tool="builtin:ctags@5.8-arduino11"
2026-01-28 18:14:33 2026-01-28T18:14:33.697Z daemon INFO time="2026-01-28T18:14:33Z" level=info msg="Tool required for debug" tool="arduino:dfu-util@0.11.0-arduino5"
time="2026-01-28T18:14:33Z" level=info msg="Tool required for debug" tool="esp32:esp-rv32@2511"
time="2026-01-28T18:14:33Z" level=info msg="Tool required for debug" tool="esp32:esp-x32@2511"
2026-01-28 18:14:33 2026-01-28T18:14:33.697Z daemon INFO time="2026-01-28T18:14:33Z" level=info msg="Tool required for debug" tool="esp32:esp32-libs@3.3.6"
time="2026-01-28T18:14:33Z" level=info msg="Tool required for debug" tool="esp32:esp32c3-libs@3.3.6"
time="2026-01-28T18:14:33Z" level=info msg="Tool required for debug" tool="esp32:esp32c5-libs@3.3.6"
time="2026-01-28T18:14:33Z" level=info msg="Tool required for debug" tool="esp32:esp32c6-libs@3.3.6"
time="2026-01-28T18:14:33Z" level=info msg="Tool required for debug" tool="esp32:esp32h2-libs@3.3.6"
time="2026-01-28T18:14:33Z" level=info msg="Tool required for debug" tool="esp32:esp32p4-libs@3.3.6"
time="2026-01-28T18:14:33Z" level=info msg="Tool required for debug" tool="esp32:esp32p4_es-libs@3.3.6"
2026-01-28 18:14:33 2026-01-28T18:14:33.697Z daemon INFO time="2026-01-28T18:14:33Z" level=info msg="Tool required for debug" tool="esp32:esp32s2-libs@3.3.6"
time="2026-01-28T18:14:33Z" level=info msg="Tool required for debug" tool="esp32:esp32s3-libs@3.3.6"
time="2026-01-28T18:14:33Z" level=info msg="Tool required for debug" tool="esp32:esptool_py@5.1.0"
time="2026-01-28T18:14:33Z" level=info msg="Tool required for debug" tool="esp32:mklittlefs@4.0.2-db0513a"
2026-01-28 18:14:33 2026-01-28T18:14:33.697Z daemon INFO time="2026-01-28T18:14:33Z" level=info msg="Tool required for debug" tool="esp32:mkspiffs@0.2.3"
time="2026-01-28T18:14:33Z" level=info msg="Tool required for debug" tool="esp32:openocd-esp32@v0.12.0-esp32-20251215"
2026-01-28 18:14:33 2026-01-28T18:14:33.697Z daemon INFO time="2026-01-28T18:14:33Z" level=info msg="Tool required for debug" tool="esp32:riscv32-esp-elf-gdb@16.3_20250913"
time="2026-01-28T18:14:33Z" level=info msg="Tool required for debug" tool="esp32:xtensa-esp-elf-gdb@16.3_20250913"
time="2026-01-28T18:14:33Z" level=info msg="Tool required for debug" tool="builtin:dfu-discovery@0.1.2"
2026-01-28 18:14:33 2026-01-28T18:14:33.697Z daemon INFO time="2026-01-28T18:14:33Z" level=info msg="Tool required for debug" tool="builtin:mdns-discovery@1.0.12"
2026-01-28 18:14:33 2026-01-28T18:14:33.697Z daemon INFO time="2026-01-28T18:14:33Z" level=info msg="Tool required for debug" tool="builtin:serial-discovery@1.4.3"
2026-01-28 18:14:33 2026-01-28T18:14:33.697Z daemon INFO time="2026-01-28T18:14:33Z" level=info msg="Tool required for debug" tool="builtin:ctags@5.8-arduino11"
time="2026-01-28T18:14:33Z" level=info msg="Tool required for debug" tool="arduino:arduinoOTA@1.3.0"
2026-01-28 18:14:33 2026-01-28T18:14:33.697Z daemon INFO time="2026-01-28T18:14:33Z" level=info msg="Tool required for debug" tool="arduino:avrdude@8.0.0-arduino1"
time="2026-01-28T18:14:33Z" level=info msg="Tool required for debug" tool="builtin:serial-monitor@0.15.0"
2026-01-28 18:14:33 2026-01-28T18:14:33.697Z daemon INFO time="2026-01-28T18:14:33Z" level=info msg="Tool required for debug" tool="arduino:avr-gcc@7.3.0-atmel3.6.1-arduino7"
2026-01-28 18:14:33 2026-01-28T18:14:33.699Z daemon INFO time="2026-01-28T18:14:33Z" level=info msg="Tool required for debug" tool="arduino:dfu-util@0.11.0-arduino5"
time="2026-01-28T18:14:33Z" level=info msg="Tool required for debug" tool="esp32:esp-rv32@2511"
2026-01-28 18:14:33 2026-01-28T18:14:33.699Z daemon INFO time="2026-01-28T18:14:33Z" level=info msg="Tool required for debug" tool="esp32:esp-x32@2511"
time="2026-01-28T18:14:33Z" level=info msg="Tool required for debug" tool="esp32:esp32-libs@3.3.6"
time="2026-01-28T18:14:33Z" level=info msg="Tool required for debug" tool="esp32:esp32c3-libs@3.3.6"
time="2026-01-28T18:14:33Z" level=info msg="Tool required for debug" tool="esp32:esp32c5-libs@3.3.6"
time="2026-01-28T18:14:33Z" level=info msg="Tool required for debug" tool="esp32:esp32c6-libs@3.3.6"
2026-01-28 18:14:33 2026-01-28T18:14:33.699Z daemon INFO time="2026-01-28T18:14:33Z" level=info msg="Tool required for debug" tool="esp32:esp32h2-libs@3.3.6"
time="2026-01-28T18:14:33Z" level=info msg="Tool required for debug" tool="esp32:esp32p4-libs@3.3.6"
time="2026-01-28T18:14:33Z" level=info msg="Tool required for debug" tool="esp32:esp32p4_es-libs@3.3.6"
time="2026-01-28T18:14:33Z" level=info msg="Tool required for debug" tool="esp32:esp32s2-libs@3.3.6"
2026-01-28 18:14:33 2026-01-28T18:14:33.699Z daemon INFO time="2026-01-28T18:14:33Z" level=info msg="Tool required for debug" tool="esp32:esp32s3-libs@3.3.6"
time="2026-01-28T18:14:33Z" level=info msg="Tool required for debug" tool="esp32:esptool_py@5.1.0"
time="2026-01-28T18:14:33Z" level=info msg="Tool required for debug" tool="esp32:mklittlefs@4.0.2-db0513a"
2026-01-28 18:14:33 2026-01-28T18:14:33.699Z daemon INFO time="2026-01-28T18:14:33Z" level=info msg="Tool required for debug" tool="esp32:mkspiffs@0.2.3"
time="2026-01-28T18:14:33Z" level=info msg="Tool required for debug" tool="esp32:openocd-esp32@v0.12.0-esp32-20251215"
time="2026-01-28T18:14:33Z" level=info msg="Tool required for debug" tool="esp32:riscv32-esp-elf-gdb@16.3_20250913"
2026-01-28 18:14:33 2026-01-28T18:14:33.699Z daemon INFO time="2026-01-28T18:14:33Z" level=info msg="Tool required for debug" tool="esp32:xtensa-esp-elf-gdb@16.3_20250913"
time="2026-01-28T18:14:33Z" level=info msg="Tool required for debug" tool="arduino:avrdude@8.0.0-arduino1"
time="2026-01-28T18:14:33Z" level=info msg="Tool required for debug" tool="builtin:serial-discovery@1.4.3"
2026-01-28 18:14:33 2026-01-28T18:14:33.699Z daemon INFO time="2026-01-28T18:14:33Z" level=info msg="Tool required for debug" tool="builtin:serial-monitor@0.15.0"
2026-01-28 18:14:33 2026-01-28T18:14:33.699Z daemon INFO time="2026-01-28T18:14:33Z" level=info msg="Tool required for debug" tool="builtin:ctags@5.8-arduino11"
time="2026-01-28T18:14:33Z" level=info msg="Tool required for debug" tool="arduino:arduinoOTA@1.3.0"
2026-01-28 18:14:33 2026-01-28T18:14:33.699Z daemon INFO time="2026-01-28T18:14:33Z" level=info msg="Tool required for debug" tool="arduino:avr-gcc@7.3.0-atmel3.6.1-arduino7"
time="2026-01-28T18:14:33Z" level=info msg="Tool required for debug" tool="builtin:mdns-discovery@1.0.12"
2026-01-28 18:14:33 2026-01-28T18:14:33.699Z daemon INFO time="2026-01-28T18:14:33Z" level=info msg="Tool required for debug" tool="builtin:dfu-discovery@0.1.2"
2026-01-28 18:14:34 2026-01-28T18:14:34.642Z daemon INFO time="2026-01-28T18:14:34Z" level=info msg="Adding libraries dir" dir=/home/shrek/.arduino15/libraries isSingleLibrary=false location=ide
2026-01-28 18:14:34 2026-01-28T18:14:34.642Z daemon INFO time="2026-01-28T18:14:34Z" level=info msg="Adding libraries dir" dir=/home/shrek/.arduino15/packages/esp32/hardware/esp32/3.3.6/libraries isSingleLibrary=false location=platform
time="2026-01-28T18:14:34Z" level=info msg="Adding libraries dir" dir=/home/shrek/Arduino/libraries isSingleLibrary=false location=user
2026-01-28 18:14:39 2026-01-28T18:14:39.881Z root INFO Received port after upload [arduino+serial:///dev/ttyACM0, esp32:esp32:esp32s3:UploadSpeed=115200,USBMode=hwcdc,CDCOnBoot=cdc,MSCOnBoot=default,DFUOnBoot=default,UploadMode=default,CPUFreq=240,FlashMode=qio,FlashSize=32M,PartitionScheme=default,DebugLevel=none,PSRAM=disabled,LoopCore=1,EventsCore=1,EraseFlash=none,JTAGAdapter=default,ZigbeeMode=default, practice]. Before port: {"protocol":"serial","address":"/dev/ttyACM0"}, after port: {"address":"/dev/ttyACM0","addressLabel":"/dev/ttyACM0","protocol":"serial","protocolLabel":"Serial Port (USB)","properties":{"pid":"0x1001","serialNumber":"90:E5:B1:D7:D6:84","vid":"0x303a"},"hardwareId":"90:E5:B1:D7:D6:84"}
2026-01-28 18:16:00 2026-01-28T18:16:00.180Z daemon INFO time="2026-01-28T18:16:00Z" level=info msg="Adding libraries dir" dir=/home/shrek/.arduino15/libraries isSingleLibrary=false location=ide
2026-01-28 18:16:00 2026-01-28T18:16:00.180Z daemon INFO time="2026-01-28T18:16:00Z" level=info msg="Adding libraries dir" dir=/home/shrek/.arduino15/packages/esp32/hardware/esp32/3.3.6/libraries isSingleLibrary=false location=platform
time="2026-01-28T18:16:00Z" level=info msg="Adding libraries dir" dir=/home/shrek/Arduino/libraries isSingleLibrary=false location=user
2026-01-28 18:16:00 2026-01-28T18:16:00.726Z daemon INFO time="2026-01-28T18:16:00Z" level=info msg="Resolving include MD_MAX72xx.h for arch esp32"
time="2026-01-28T18:16:00Z" level=info msg="  found better lib" lib=MD_MAX72XX prio=6A7
2026-01-28 18:16:01 2026-01-28T18:16:01.077Z daemon INFO time="2026-01-28T18:16:01Z" level=info msg="Resolving include SPI.h for arch esp32"
time="2026-01-28T18:16:01Z" level=info msg="  found better lib" lib=SPI prio=6B0
2026-01-28 18:16:01 2026-01-28T18:16:01.803Z daemon INFO time="2026-01-28T18:16:01Z" level=info msg="Adding libraries dir" dir=/home/shrek/.arduino15/libraries isSingleLibrary=false location=ide
2026-01-28 18:16:01 2026-01-28T18:16:01.803Z daemon INFO time="2026-01-28T18:16:01Z" level=info msg="Adding libraries dir" dir=/home/shrek/.arduino15/packages/esp32/hardware/esp32/3.3.6/libraries isSingleLibrary=false location=platform
time="2026-01-28T18:16:01Z" level=info msg="Adding libraries dir" dir=/home/shrek/Arduino/libraries isSingleLibrary=false location=user
2026-01-28 18:16:02 2026-01-28T18:16:02.468Z daemon INFO time="2026-01-28T18:16:02Z" level=info msg="Resolving include MD_MAX72xx.h for arch esp32"
time="2026-01-28T18:16:02Z" level=info msg="  found better lib" lib=MD_MAX72XX prio=6A7
2026-01-28 18:16:02 2026-01-28T18:16:02.485Z daemon INFO time="2026-01-28T18:16:02Z" level=info msg="Resolving include SPI.h for arch esp32"
time="2026-01-28T18:16:02Z" level=info msg="  found better lib" lib=SPI prio=6B0
2026-01-28 18:16:02 2026-01-28T18:16:02.569Z daemon INFO time="2026-01-28T18:16:02Z" level=info msg="Adding libraries dir" dir=/home/shrek/.arduino15/libraries isSingleLibrary=false location=ide
time="2026-01-28T18:16:02Z" level=info msg="Adding libraries dir" dir=/home/shrek/.arduino15/packages/esp32/hardware/esp32/3.3.6/libraries isSingleLibrary=false location=platform
2026-01-28 18:16:02 2026-01-28T18:16:02.569Z daemon INFO time="2026-01-28T18:16:02Z" level=info msg="Adding libraries dir" dir=/home/shrek/Arduino/libraries isSingleLibrary=false location=user
2026-01-28 18:16:04 2026-01-28T18:16:04.616Z root INFO Executing 'arduino.languageserver.notifyBuildDidComplete' with "file:///home/shrek/.cache/arduino/sketches/06F50BDA0506E2D6953ED82E048FA1AF"
2026-01-28 18:16:04 2026-01-28T18:16:04.658Z daemon INFO time="2026-01-28T18:16:04Z" level=info msg="Tool required for debug" tool="arduino:dfu-util@0.11.0-arduino5"
time="2026-01-28T18:16:04Z" level=info msg="Tool required for debug" tool="esp32:esp-rv32@2511"
2026-01-28 18:16:04 2026-01-28T18:16:04.658Z daemon INFO time="2026-01-28T18:16:04Z" level=info msg="Tool required for debug" tool="esp32:esp-x32@2511"
time="2026-01-28T18:16:04Z" level=info msg="Tool required for debug" tool="esp32:esp32-libs@3.3.6"
time="2026-01-28T18:16:04Z" level=info msg="Tool required for debug" tool="esp32:esp32c3-libs@3.3.6"
time="2026-01-28T18:16:04Z" level=info msg="Tool required for debug" tool="esp32:esp32c5-libs@3.3.6"
time="2026-01-28T18:16:04Z" level=info msg="Tool required for debug" tool="esp32:esp32c6-libs@3.3.6"
time="2026-01-28T18:16:04Z" level=info msg="Tool required for debug" tool="esp32:esp32h2-libs@3.3.6"
2026-01-28 18:16:04 2026-01-28T18:16:04.658Z daemon INFO time="2026-01-28T18:16:04Z" level=info msg="Tool required for debug" tool="esp32:esp32p4-libs@3.3.6"
time="2026-01-28T18:16:04Z" level=info msg="Tool required for debug" tool="esp32:esp32p4_es-libs@3.3.6"
time="2026-01-28T18:16:04Z" level=info msg="Tool required for debug" tool="esp32:esp32s2-libs@3.3.6"
2026-01-28 18:16:04 2026-01-28T18:16:04.658Z daemon INFO time="2026-01-28T18:16:04Z" level=info msg="Tool required for debug" tool="esp32:esp32s3-libs@3.3.6"
time="2026-01-28T18:16:04Z" level=info msg="Tool required for debug" tool="esp32:esptool_py@5.1.0"
time="2026-01-28T18:16:04Z" level=info msg="Tool required for debug" tool="esp32:mklittlefs@4.0.2-db0513a"
2026-01-28 18:16:04 2026-01-28T18:16:04.659Z daemon INFO time="2026-01-28T18:16:04Z" level=info msg="Tool required for debug" tool="esp32:mkspiffs@0.2.3"
time="2026-01-28T18:16:04Z" level=info msg="Tool required for debug" tool="esp32:openocd-esp32@v0.12.0-esp32-20251215"
2026-01-28 18:16:04 2026-01-28T18:16:04.659Z daemon INFO time="2026-01-28T18:16:04Z" level=info msg="Tool required for debug" tool="esp32:riscv32-esp-elf-gdb@16.3_20250913"
time="2026-01-28T18:16:04Z" level=info msg="Tool required for debug" tool="esp32:xtensa-esp-elf-gdb@16.3_20250913"
time="2026-01-28T18:16:04Z" level=info msg="Tool required for debug" tool="arduino:arduinoOTA@1.3.0"
2026-01-28 18:16:04 2026-01-28T18:16:04.659Z daemon INFO time="2026-01-28T18:16:04Z" level=info msg="Tool required for debug" tool="arduino:avrdude@8.0.0-arduino1"
time="2026-01-28T18:16:04Z" level=info msg="Tool required for debug" tool="builtin:ctags@5.8-arduino11"
2026-01-28 18:16:04 2026-01-28T18:16:04.659Z daemon INFO time="2026-01-28T18:16:04Z" level=info msg="Tool required for debug" tool="builtin:serial-discovery@1.4.3"
2026-01-28 18:16:04 2026-01-28T18:16:04.659Z daemon INFO time="2026-01-28T18:16:04Z" level=info msg="Tool required for debug" tool="builtin:dfu-discovery@0.1.2"
2026-01-28 18:16:04 2026-01-28T18:16:04.659Z daemon INFO time="2026-01-28T18:16:04Z" level=info msg="Tool required for debug" tool="arduino:avr-gcc@7.3.0-atmel3.6.1-arduino7"
time="2026-01-28T18:16:04Z" level=info msg="Tool required for debug" tool="builtin:mdns-discovery@1.0.12"
time="2026-01-28T18:16:04Z" level=info msg="Tool required for debug" tool="builtin:serial-monitor@0.15.0"
2026-01-28 18:16:04 2026-01-28T18:16:04.660Z daemon INFO time="2026-01-28T18:16:04Z" level=info msg="Tool required for debug" tool="arduino:dfu-util@0.11.0-arduino5"
time="2026-01-28T18:16:04Z" level=info msg="Tool required for debug" tool="esp32:esp-rv32@2511"
time="2026-01-28T18:16:04Z" level=info msg="Tool required for debug" tool="esp32:esp-x32@2511"
2026-01-28 18:16:04 2026-01-28T18:16:04.660Z daemon INFO time="2026-01-28T18:16:04Z" level=info msg="Tool required for debug" tool="esp32:esp32-libs@3.3.6"
time="2026-01-28T18:16:04Z" level=info msg="Tool required for debug" tool="esp32:esp32c3-libs@3.3.6"
time="2026-01-28T18:16:04Z" level=info msg="Tool required for debug" tool="esp32:esp32c5-libs@3.3.6"
time="2026-01-28T18:16:04Z" level=info msg="Tool required for debug" tool="esp32:esp32c6-libs@3.3.6"
time="2026-01-28T18:16:04Z" level=info msg="Tool required for debug" tool="esp32:esp32h2-libs@3.3.6"
time="2026-01-28T18:16:04Z" level=info msg="Tool required for debug" tool="esp32:esp32p4-libs@3.3.6"
time="2026-01-28T18:16:04Z" level=info msg="Tool required for debug" tool="esp32:esp32p4_es-libs@3.3.6"
2026-01-28 18:16:04 2026-01-28T18:16:04.660Z daemon INFO time="2026-01-28T18:16:04Z" level=info msg="Tool required for debug" tool="esp32:esp32s2-libs@3.3.6"
time="2026-01-28T18:16:04Z" level=info msg="Tool required for debug" tool="esp32:esp32s3-libs@3.3.6"
time="2026-01-28T18:16:04Z" level=info msg="Tool required for debug" tool="esp32:esptool_py@5.1.0"
time="2026-01-28T18:16:04Z" level=info msg="Tool required for debug" tool="esp32:mklittlefs@4.0.2-db0513a"
time="2026-01-28T18:16:04Z" level=info msg="Tool required for debug" tool="esp32:mkspiffs@0.2.3"
2026-01-28 18:16:04 2026-01-28T18:16:04.660Z daemon INFO time="2026-01-28T18:16:04Z" level=info msg="Tool required for debug" tool="esp32:openocd-esp32@v0.12.0-esp32-20251215"
time="2026-01-28T18:16:04Z" level=info msg="Tool required for debug" tool="esp32:riscv32-esp-elf-gdb@16.3_20250913"
time="2026-01-28T18:16:04Z" level=info msg="Tool required for debug" tool="esp32:xtensa-esp-elf-gdb@16.3_20250913"
time="2026-01-28T18:16:04Z" level=info msg="Tool required for debug" tool="builtin:dfu-discovery@0.1.2"
2026-01-28 18:16:04 2026-01-28T18:16:04.661Z daemon INFO time="2026-01-28T18:16:04Z" level=info msg="Tool required for debug" tool="builtin:serial-monitor@0.15.0"
2026-01-28 18:16:04 2026-01-28T18:16:04.661Z daemon INFO time="2026-01-28T18:16:04Z" level=info msg="Tool required for debug" tool="arduino:avr-gcc@7.3.0-atmel3.6.1-arduino7"
time="2026-01-28T18:16:04Z" level=info msg="Tool required for debug" tool="builtin:ctags@5.8-arduino11"
2026-01-28 18:16:04 2026-01-28T18:16:04.661Z daemon INFO time="2026-01-28T18:16:04Z" level=info msg="Tool required for debug" tool="builtin:mdns-discovery@1.0.12"
2026-01-28 18:16:04 2026-01-28T18:16:04.661Z daemon INFO time="2026-01-28T18:16:04Z" level=info msg="Tool required for debug" tool="arduino:avrdude@8.0.0-arduino1"
time="2026-01-28T18:16:04Z" level=info msg="Tool required for debug" tool="builtin:serial-discovery@1.4.3"
2026-01-28 18:16:04 2026-01-28T18:16:04.661Z daemon INFO time="2026-01-28T18:16:04Z" level=info msg="Tool required for debug" tool="arduino:arduinoOTA@1.3.0"
2026-01-28 18:16:04 2026-01-28T18:16:04.662Z daemon INFO time="2026-01-28T18:16:04Z" level=info msg="Tool required for debug" tool="arduino:dfu-util@0.11.0-arduino5"
time="2026-01-28T18:16:04Z" level=info msg="Tool required for debug" tool="esp32:esp-rv32@2511"
2026-01-28 18:16:04 2026-01-28T18:16:04.662Z daemon INFO time="2026-01-28T18:16:04Z" level=info msg="Tool required for debug" tool="esp32:esp-x32@2511"
time="2026-01-28T18:16:04Z" level=info msg="Tool required for debug" tool="esp32:esp32-libs@3.3.6"
time="2026-01-28T18:16:04Z" level=info msg="Tool required for debug" tool="esp32:esp32c3-libs@3.3.6"
time="2026-01-28T18:16:04Z" level=info msg="Tool required for debug" tool="esp32:esp32c5-libs@3.3.6"
time="2026-01-28T18:16:04Z" level=info msg="Tool required for debug" tool="esp32:esp32c6-libs@3.3.6"
2026-01-28 18:16:04 2026-01-28T18:16:04.662Z daemon INFO time="2026-01-28T18:16:04Z" level=info msg="Tool required for debug" tool="esp32:esp32h2-libs@3.3.6"
time="2026-01-28T18:16:04Z" level=info msg="Tool required for debug" tool="esp32:esp32p4-libs@3.3.6"
time="2026-01-28T18:16:04Z" level=info msg="Tool required for debug" tool="esp32:esp32p4_es-libs@3.3.6"
time="2026-01-28T18:16:04Z" level=info msg="Tool required for debug" tool="esp32:esp32s2-libs@3.3.6"
2026-01-28 18:16:04 2026-01-28T18:16:04.662Z daemon INFO time="2026-01-28T18:16:04Z" level=info msg="Tool required for debug" tool="esp32:esp32s3-libs@3.3.6"
time="2026-01-28T18:16:04Z" level=info msg="Tool required for debug" tool="esp32:esptool_py@5.1.0"
time="2026-01-28T18:16:04Z" level=info msg="Tool required for debug" tool="esp32:mklittlefs@4.0.2-db0513a"
time="2026-01-28T18:16:04Z" level=info msg="Tool required for debug" tool="esp32:mkspiffs@0.2.3"
2026-01-28 18:16:04 2026-01-28T18:16:04.662Z daemon INFO time="2026-01-28T18:16:04Z" level=info msg="Tool required for debug" tool="esp32:openocd-esp32@v0.12.0-esp32-20251215"
time="2026-01-28T18:16:04Z" level=info msg="Tool required for debug" tool="esp32:riscv32-esp-elf-gdb@16.3_20250913"
time="2026-01-28T18:16:04Z" level=info msg="Tool required for debug" tool="esp32:xtensa-esp-elf-gdb@16.3_20250913"
2026-01-28 18:16:04 2026-01-28T18:16:04.662Z daemon INFO time="2026-01-28T18:16:04Z" level=info msg="Tool required for debug" tool="arduino:avr-gcc@7.3.0-atmel3.6.1-arduino7"
time="2026-01-28T18:16:04Z" level=info msg="Tool required for debug" tool="arduino:arduinoOTA@1.3.0"
2026-01-28 18:16:04 2026-01-28T18:16:04.662Z daemon INFO time="2026-01-28T18:16:04Z" level=info msg="Tool required for debug" tool="builtin:ctags@5.8-arduino11"
time="2026-01-28T18:16:04Z" level=info msg="Tool required for debug" tool="builtin:mdns-discovery@1.0.12"
2026-01-28 18:16:04 2026-01-28T18:16:04.662Z daemon INFO time="2026-01-28T18:16:04Z" level=info msg="Tool required for debug" tool="builtin:serial-monitor@0.15.0"
2026-01-28 18:16:04 2026-01-28T18:16:04.662Z daemon INFO time="2026-01-28T18:16:04Z" level=info msg="Tool required for debug" tool="builtin:serial-discovery@1.4.3"
time="2026-01-28T18:16:04Z" level=info msg="Tool required for debug" tool="arduino:avrdude@8.0.0-arduino1"
2026-01-28 18:16:04 2026-01-28T18:16:04.662Z daemon INFO time="2026-01-28T18:16:04Z" level=info msg="Tool required for debug" tool="builtin:dfu-discovery@0.1.2"
2026-01-28 18:16:04 2026-01-28T18:16:04.664Z daemon INFO time="2026-01-28T18:16:04Z" level=info msg="Tool required for debug" tool="arduino:dfu-util@0.11.0-arduino5"
time="2026-01-28T18:16:04Z" level=info msg="Tool required for debug" tool="esp32:esp-rv32@2511"
2026-01-28 18:16:04 2026-01-28T18:16:04.664Z daemon INFO time="2026-01-28T18:16:04Z" level=info msg="Tool required for debug" tool="esp32:esp-x32@2511"
time="2026-01-28T18:16:04Z" level=info msg="Tool required for debug" tool="esp32:esp32-libs@3.3.6"
time="2026-01-28T18:16:04Z" level=info msg="Tool required for debug" tool="esp32:esp32c3-libs@3.3.6"
time="2026-01-28T18:16:04Z" level=info msg="Tool required for debug" tool="esp32:esp32c5-libs@3.3.6"
time="2026-01-28T18:16:04Z" level=info msg="Tool required for debug" tool="esp32:esp32c6-libs@3.3.6"
time="2026-01-28T18:16:04Z" level=info msg="Tool required for debug" tool="esp32:esp32h2-libs@3.3.6"
time="2026-01-28T18:16:04Z" level=info msg="Tool required for debug" tool="esp32:esp32p4-libs@3.3.6"
2026-01-28 18:16:04 2026-01-28T18:16:04.664Z daemon INFO time="2026-01-28T18:16:04Z" level=info msg="Tool required for debug" tool="esp32:esp32p4_es-libs@3.3.6"
time="2026-01-28T18:16:04Z" level=info msg="Tool required for debug" tool="esp32:esp32s2-libs@3.3.6"
time="2026-01-28T18:16:04Z" level=info msg="Tool required for debug" tool="esp32:esp32s3-libs@3.3.6"
time="2026-01-28T18:16:04Z" level=info msg="Tool required for debug" tool="esp32:esptool_py@5.1.0"
time="2026-01-28T18:16:04Z" level=info msg="Tool required for debug" tool="esp32:mklittlefs@4.0.2-db0513a"
2026-01-28 18:16:04 2026-01-28T18:16:04.664Z daemon INFO time="2026-01-28T18:16:04Z" level=info msg="Tool required for debug" tool="esp32:mkspiffs@0.2.3"
time="2026-01-28T18:16:04Z" level=info msg="Tool required for debug" tool="esp32:openocd-esp32@v0.12.0-esp32-20251215"
time="2026-01-28T18:16:04Z" level=info msg="Tool required for debug" tool="esp32:riscv32-esp-elf-gdb@16.3_20250913"
2026-01-28 18:16:04 2026-01-28T18:16:04.664Z daemon INFO time="2026-01-28T18:16:04Z" level=info msg="Tool required for debug" tool="esp32:xtensa-esp-elf-gdb@16.3_20250913"
time="2026-01-28T18:16:04Z" level=info msg="Tool required for debug" tool="arduino:arduinoOTA@1.3.0"
time="2026-01-28T18:16:04Z" level=info msg="Tool required for debug" tool="builtin:ctags@5.8-arduino11"
2026-01-28 18:16:04 2026-01-28T18:16:04.664Z daemon INFO time="2026-01-28T18:16:04Z" level=info msg="Tool required for debug" tool="builtin:serial-monitor@0.15.0"
time="2026-01-28T18:16:04Z" level=info msg="Tool required for debug" tool="arduino:avrdude@8.0.0-arduino1"
2026-01-28 18:16:04 2026-01-28T18:16:04.664Z daemon INFO time="2026-01-28T18:16:04Z" level=info msg="Tool required for debug" tool="builtin:dfu-discovery@0.1.2"
time="2026-01-28T18:16:04Z" level=info msg="Tool required for debug" tool="builtin:serial-discovery@1.4.3"
2026-01-28 18:16:04 2026-01-28T18:16:04.664Z daemon INFO time="2026-01-28T18:16:04Z" level=info msg="Tool required for debug" tool="arduino:avr-gcc@7.3.0-atmel3.6.1-arduino7"
2026-01-28 18:16:04 2026-01-28T18:16:04.664Z daemon INFO time="2026-01-28T18:16:04Z" level=info msg="Tool required for debug" tool="builtin:mdns-discovery@1.0.12"
2026-01-28 18:16:04 2026-01-28T18:16:04.666Z daemon INFO time="2026-01-28T18:16:04Z" level=info msg="Tool required for debug" tool="arduino:dfu-util@0.11.0-arduino5"
time="2026-01-28T18:16:04Z" level=info msg="Tool required for debug" tool="esp32:esp-rv32@2511"
time="2026-01-28T18:16:04Z" level=info msg="Tool required for debug" tool="esp32:esp-x32@2511"
2026-01-28 18:16:04 2026-01-28T18:16:04.666Z daemon INFO time="2026-01-28T18:16:04Z" level=info msg="Tool required for debug" tool="esp32:esp32-libs@3.3.6"
time="2026-01-28T18:16:04Z" level=info msg="Tool required for debug" tool="esp32:esp32c3-libs@3.3.6"
time="2026-01-28T18:16:04Z" level=info msg="Tool required for debug" tool="esp32:esp32c5-libs@3.3.6"
time="2026-01-28T18:16:04Z" level=info msg="Tool required for debug" tool="esp32:esp32c6-libs@3.3.6"
time="2026-01-28T18:16:04Z" level=info msg="Tool required for debug" tool="esp32:esp32h2-libs@3.3.6"
2026-01-28 18:16:04 2026-01-28T18:16:04.666Z daemon INFO time="2026-01-28T18:16:04Z" level=info msg="Tool required for debug" tool="esp32:esp32p4-libs@3.3.6"
time="2026-01-28T18:16:04Z" level=info msg="Tool required for debug" tool="esp32:esp32p4_es-libs@3.3.6"
time="2026-01-28T18:16:04Z" level=info msg="Tool required for debug" tool="esp32:esp32s2-libs@3.3.6"
2026-01-28 18:16:04 2026-01-28T18:16:04.666Z daemon INFO time="2026-01-28T18:16:04Z" level=info msg="Tool required for debug" tool="esp32:esp32s3-libs@3.3.6"
time="2026-01-28T18:16:04Z" level=info msg="Tool required for debug" tool="esp32:esptool_py@5.1.0"
time="2026-01-28T18:16:04Z" level=info msg="Tool required for debug" tool="esp32:mklittlefs@4.0.2-db0513a"
2026-01-28 18:16:04 2026-01-28T18:16:04.666Z daemon INFO time="2026-01-28T18:16:04Z" level=info msg="Tool required for debug" tool="esp32:mkspiffs@0.2.3"
time="2026-01-28T18:16:04Z" level=info msg="Tool required for debug" tool="esp32:openocd-esp32@v0.12.0-esp32-20251215"
time="2026-01-28T18:16:04Z" level=info msg="Tool required for debug" tool="esp32:riscv32-esp-elf-gdb@16.3_20250913"
2026-01-28 18:16:04 2026-01-28T18:16:04.666Z daemon INFO time="2026-01-28T18:16:04Z" level=info msg="Tool required for debug" tool="esp32:xtensa-esp-elf-gdb@16.3_20250913"
time="2026-01-28T18:16:04Z" level=info msg="Tool required for debug" tool="arduino:avrdude@8.0.0-arduino1"
time="2026-01-28T18:16:04Z" level=info msg="Tool required for debug" tool="builtin:dfu-discovery@0.1.2"
2026-01-28 18:16:04 2026-01-28T18:16:04.666Z daemon INFO time="2026-01-28T18:16:04Z" level=info msg="Tool required for debug" tool="builtin:ctags@5.8-arduino11"
2026-01-28 18:16:04 2026-01-28T18:16:04.666Z daemon INFO time="2026-01-28T18:16:04Z" level=info msg="Tool required for debug" tool="builtin:serial-discovery@1.4.3"
2026-01-28 18:16:04 2026-01-28T18:16:04.666Z daemon INFO time="2026-01-28T18:16:04Z" level=info msg="Tool required for debug" tool="arduino:avr-gcc@7.3.0-atmel3.6.1-arduino7"
time="2026-01-28T18:16:04Z" level=info msg="Tool required for debug" tool="arduino:arduinoOTA@1.3.0"
2026-01-28 18:16:04 2026-01-28T18:16:04.666Z daemon INFO time="2026-01-28T18:16:04Z" level=info msg="Tool required for debug" tool="builtin:serial-monitor@0.15.0"
2026-01-28 18:16:04 2026-01-28T18:16:04.666Z daemon INFO time="2026-01-28T18:16:04Z" level=info msg="Tool required for debug" tool="builtin:mdns-discovery@1.0.12"
2026-01-28 18:16:04 2026-01-28T18:16:04.668Z daemon INFO time="2026-01-28T18:16:04Z" level=info msg="Tool required for debug" tool="arduino:dfu-util@0.11.0-arduino5"
time="2026-01-28T18:16:04Z" level=info msg="Tool required for debug" tool="esp32:esp-rv32@2511"
2026-01-28 18:16:04 2026-01-28T18:16:04.668Z daemon INFO time="2026-01-28T18:16:04Z" level=info msg="Tool required for debug" tool="esp32:esp-x32@2511"
time="2026-01-28T18:16:04Z" level=info msg="Tool required for debug" tool="esp32:esp32-libs@3.3.6"
time="2026-01-28T18:16:04Z" level=info msg="Tool required for debug" tool="esp32:esp32c3-libs@3.3.6"
time="2026-01-28T18:16:04Z" level=info msg="Tool required for debug" tool="esp32:esp32c5-libs@3.3.6"
2026-01-28 18:16:04 2026-01-28T18:16:04.668Z daemon INFO time="2026-01-28T18:16:04Z" level=info msg="Tool required for debug" tool="esp32:esp32c6-libs@3.3.6"
time="2026-01-28T18:16:04Z" level=info msg="Tool required for debug" tool="esp32:esp32h2-libs@3.3.6"
time="2026-01-28T18:16:04Z" level=info msg="Tool required for debug" tool="esp32:esp32p4-libs@3.3.6"
time="2026-01-28T18:16:04Z" level=info msg="Tool required for debug" tool="esp32:esp32p4_es-libs@3.3.6"
time="2026-01-28T18:16:04Z" level=info msg="Tool required for debug" tool="esp32:esp32s2-libs@3.3.6"
time="2026-01-28T18:16:04Z" level=info msg="Tool required for debug" tool="esp32:esp32s3-libs@3.3.6"
2026-01-28 18:16:04 2026-01-28T18:16:04.668Z daemon INFO time="2026-01-28T18:16:04Z" level=info msg="Tool required for debug" tool="esp32:esptool_py@5.1.0"
time="2026-01-28T18:16:04Z" level=info msg="Tool required for debug" tool="esp32:mklittlefs@4.0.2-db0513a"
time="2026-01-28T18:16:04Z" level=info msg="Tool required for debug" tool="esp32:mkspiffs@0.2.3"
time="2026-01-28T18:16:04Z" level=info msg="Tool required for debug" tool="esp32:openocd-esp32@v0.12.0-esp32-20251215"
time="2026-01-28T18:16:04Z" level=info msg="Tool required for debug" tool="esp32:riscv32-esp-elf-gdb@16.3_20250913"
time="2026-01-28T18:16:04Z" level=info msg="Tool required for debug" tool="esp32:xtensa-esp-elf-gdb@16.3_20250913"
time="2026-01-28T18:16:04Z" level=info msg="Tool required for debug" tool="arduino:arduinoOTA@1.3.0"
2026-01-28 18:16:04 2026-01-28T18:16:04.668Z daemon INFO time="2026-01-28T18:16:04Z" level=info msg="Tool required for debug" tool="builtin:dfu-discovery@0.1.2"
time="2026-01-28T18:16:04Z" level=info msg="Tool required for debug" tool="builtin:mdns-discovery@1.0.12"
2026-01-28 18:16:04 2026-01-28T18:16:04.668Z daemon INFO time="2026-01-28T18:16:04Z" level=info msg="Tool required for debug" tool="builtin:serial-monitor@0.15.0"
time="2026-01-28T18:16:04Z" level=info msg="Tool required for debug" tool="builtin:ctags@5.8-arduino11"
2026-01-28 18:16:04 2026-01-28T18:16:04.668Z daemon INFO time="2026-01-28T18:16:04Z" level=info msg="Tool required for debug" tool="arduino:avr-gcc@7.3.0-atmel3.6.1-arduino7"
time="2026-01-28T18:16:04Z" level=info msg="Tool required for debug" tool="arduino:avrdude@8.0.0-arduino1"
time="2026-01-28T18:16:04Z" level=info msg="Tool required for debug" tool="builtin:serial-discovery@1.4.3"
2026-01-28 18:16:04 2026-01-28T18:16:04.670Z daemon INFO time="2026-01-28T18:16:04Z" level=info msg="Tool required for debug" tool="arduino:dfu-util@0.11.0-arduino5"
time="2026-01-28T18:16:04Z" level=info msg="Tool required for debug" tool="esp32:esp-rv32@2511"
2026-01-28 18:16:04 2026-01-28T18:16:04.670Z daemon INFO time="2026-01-28T18:16:04Z" level=info msg="Tool required for debug" tool="esp32:esp-x32@2511"
time="2026-01-28T18:16:04Z" level=info msg="Tool required for debug" tool="esp32:esp32-libs@3.3.6"
time="2026-01-28T18:16:04Z" level=info msg="Tool required for debug" tool="esp32:esp32c3-libs@3.3.6"
time="2026-01-28T18:16:04Z" level=info msg="Tool required for debug" tool="esp32:esp32c5-libs@3.3.6"
time="2026-01-28T18:16:04Z" level=info msg="Tool required for debug" tool="esp32:esp32c6-libs@3.3.6"
time="2026-01-28T18:16:04Z" level=info msg="Tool required for debug" tool="esp32:esp32h2-libs@3.3.6"
time="2026-01-28T18:16:04Z" level=info msg="Tool required for debug" tool="esp32:esp32p4-libs@3.3.6"
2026-01-28 18:16:04 2026-01-28T18:16:04.670Z daemon INFO time="2026-01-28T18:16:04Z" level=info msg="Tool required for debug" tool="esp32:esp32p4_es-libs@3.3.6"
time="2026-01-28T18:16:04Z" level=info msg="Tool required for debug" tool="esp32:esp32s2-libs@3.3.6"
time="2026-01-28T18:16:04Z" level=info msg="Tool required for debug" tool="esp32:esp32s3-libs@3.3.6"
time="2026-01-28T18:16:04Z" level=info msg="Tool required for debug" tool="esp32:esptool_py@5.1.0"
2026-01-28 18:16:04 2026-01-28T18:16:04.670Z daemon INFO time="2026-01-28T18:16:04Z" level=info msg="Tool required for debug" tool="esp32:mklittlefs@4.0.2-db0513a"
time="2026-01-28T18:16:04Z" level=info msg="Tool required for debug" tool="esp32:mkspiffs@0.2.3"
time="2026-01-28T18:16:04Z" level=info msg="Tool required for debug" tool="esp32:openocd-esp32@v0.12.0-esp32-20251215"
2026-01-28 18:16:04 2026-01-28T18:16:04.670Z daemon INFO time="2026-01-28T18:16:04Z" level=info msg="Tool required for debug" tool="esp32:riscv32-esp-elf-gdb@16.3_20250913"
time="2026-01-28T18:16:04Z" level=info msg="Tool required for debug" tool="esp32:xtensa-esp-elf-gdb@16.3_20250913"
time="2026-01-28T18:16:04Z" level=info msg="Tool required for debug" tool="arduino:avrdude@8.0.0-arduino1"
2026-01-28 18:16:04 2026-01-28T18:16:04.670Z daemon INFO time="2026-01-28T18:16:04Z" level=info msg="Tool required for debug" tool="builtin:mdns-discovery@1.0.12"
time="2026-01-28T18:16:04Z" level=info msg="Tool required for debug" tool="arduino:arduinoOTA@1.3.0"
2026-01-28 18:16:04 2026-01-28T18:16:04.670Z daemon INFO time="2026-01-28T18:16:04Z" level=info msg="Tool required for debug" tool="arduino:avr-gcc@7.3.0-atmel3.6.1-arduino7"
time="2026-01-28T18:16:04Z" level=info msg="Tool required for debug" tool="builtin:dfu-discovery@0.1.2"
2026-01-28 18:16:04 2026-01-28T18:16:04.670Z daemon INFO time="2026-01-28T18:16:04Z" level=info msg="Tool required for debug" tool="builtin:serial-monitor@0.15.0"
2026-01-28 18:16:04 2026-01-28T18:16:04.670Z daemon INFO time="2026-01-28T18:16:04Z" level=info msg="Tool required for debug" tool="builtin:ctags@5.8-arduino11"
time="2026-01-28T18:16:04Z" level=info msg="Tool required for debug" tool="builtin:serial-discovery@1.4.3"
2026-01-28 18:16:04 2026-01-28T18:16:04.672Z daemon INFO time="2026-01-28T18:16:04Z" level=info msg="Tool required for debug" tool="arduino:dfu-util@0.11.0-arduino5"
time="2026-01-28T18:16:04Z" level=info msg="Tool required for debug" tool="esp32:esp-rv32@2511"
2026-01-28 18:16:04 2026-01-28T18:16:04.672Z daemon INFO time="2026-01-28T18:16:04Z" level=info msg="Tool required for debug" tool="esp32:esp-x32@2511"
time="2026-01-28T18:16:04Z" level=info msg="Tool required for debug" tool="esp32:esp32-libs@3.3.6"
time="2026-01-28T18:16:04Z" level=info msg="Tool required for debug" tool="esp32:esp32c3-libs@3.3.6"
time="2026-01-28T18:16:04Z" level=info msg="Tool required for debug" tool="esp32:esp32c5-libs@3.3.6"
2026-01-28 18:16:04 2026-01-28T18:16:04.672Z daemon INFO time="2026-01-28T18:16:04Z" level=info msg="Tool required for debug" tool="esp32:esp32c6-libs@3.3.6"
time="2026-01-28T18:16:04Z" level=info msg="Tool required for debug" tool="esp32:esp32h2-libs@3.3.6"
time="2026-01-28T18:16:04Z" level=info msg="Tool required for debug" tool="esp32:esp32p4-libs@3.3.6"
2026-01-28 18:16:04 2026-01-28T18:16:04.672Z daemon INFO time="2026-01-28T18:16:04Z" level=info msg="Tool required for debug" tool="esp32:esp32p4_es-libs@3.3.6"
time="2026-01-28T18:16:04Z" level=info msg="Tool required for debug" tool="esp32:esp32s2-libs@3.3.6"
time="2026-01-28T18:16:04Z" level=info msg="Tool required for debug" tool="esp32:esp32s3-libs@3.3.6"
2026-01-28 18:16:04 2026-01-28T18:16:04.672Z daemon INFO time="2026-01-28T18:16:04Z" level=info msg="Tool required for debug" tool="esp32:esptool_py@5.1.0"
time="2026-01-28T18:16:04Z" level=info msg="Tool required for debug" tool="esp32:mklittlefs@4.0.2-db0513a"
2026-01-28 18:16:04 2026-01-28T18:16:04.672Z daemon INFO time="2026-01-28T18:16:04Z" level=info msg="Tool required for debug" tool="esp32:mkspiffs@0.2.3"
time="2026-01-28T18:16:04Z" level=info msg="Tool required for debug" tool="esp32:openocd-esp32@v0.12.0-esp32-20251215"
2026-01-28 18:16:04 2026-01-28T18:16:04.672Z daemon INFO time="2026-01-28T18:16:04Z" level=info msg="Tool required for debug" tool="esp32:riscv32-esp-elf-gdb@16.3_20250913"
time="2026-01-28T18:16:04Z" level=info msg="Tool required for debug" tool="esp32:xtensa-esp-elf-gdb@16.3_20250913"
time="2026-01-28T18:16:04Z" level=info msg="Tool required for debug" tool="builtin:dfu-discovery@0.1.2"
2026-01-28 18:16:04 2026-01-28T18:16:04.672Z daemon INFO time="2026-01-28T18:16:04Z" level=info msg="Tool required for debug" tool="builtin:serial-discovery@1.4.3"
time="2026-01-28T18:16:04Z" level=info msg="Tool required for debug" tool="builtin:serial-monitor@0.15.0"
2026-01-28 18:16:04 2026-01-28T18:16:04.672Z daemon INFO time="2026-01-28T18:16:04Z" level=info msg="Tool required for debug" tool="arduino:arduinoOTA@1.3.0"
time="2026-01-28T18:16:04Z" level=info msg="Tool required for debug" tool="arduino:avrdude@8.0.0-arduino1"
2026-01-28 18:16:04 2026-01-28T18:16:04.672Z daemon INFO time="2026-01-28T18:16:04Z" level=info msg="Tool required for debug" tool="arduino:avr-gcc@7.3.0-atmel3.6.1-arduino7"
time="2026-01-28T18:16:04Z" level=info msg="Tool required for debug" tool="builtin:ctags@5.8-arduino11"
2026-01-28 18:16:04 2026-01-28T18:16:04.672Z daemon INFO time="2026-01-28T18:16:04Z" level=info msg="Tool required for debug" tool="builtin:mdns-discovery@1.0.12"
2026-01-28 18:16:04 2026-01-28T18:16:04.673Z daemon INFO time="2026-01-28T18:16:04Z" level=info msg="Tool required for debug" tool="arduino:dfu-util@0.11.0-arduino5"
time="2026-01-28T18:16:04Z" level=info msg="Tool required for debug" tool="esp32:esp-rv32@2511"
2026-01-28 18:16:04 2026-01-28T18:16:04.673Z daemon INFO time="2026-01-28T18:16:04Z" level=info msg="Tool required for debug" tool="esp32:esp-x32@2511"
time="2026-01-28T18:16:04Z" level=info msg="Tool required for debug" tool="esp32:esp32-libs@3.3.6"
time="2026-01-28T18:16:04Z" level=info msg="Tool required for debug" tool="esp32:esp32c3-libs@3.3.6"
2026-01-28 18:16:04 2026-01-28T18:16:04.673Z daemon INFO time="2026-01-28T18:16:04Z" level=info msg="Tool required for debug" tool="esp32:esp32c5-libs@3.3.6"
time="2026-01-28T18:16:04Z" level=info msg="Tool required for debug" tool="esp32:esp32c6-libs@3.3.6"
time="2026-01-28T18:16:04Z" level=info msg="Tool required for debug" tool="esp32:esp32h2-libs@3.3.6"
2026-01-28 18:16:04 2026-01-28T18:16:04.673Z daemon INFO time="2026-01-28T18:16:04Z" level=info msg="Tool required for debug" tool="esp32:esp32p4-libs@3.3.6"
time="2026-01-28T18:16:04Z" level=info msg="Tool required for debug" tool="esp32:esp32p4_es-libs@3.3.6"
time="2026-01-28T18:16:04Z" level=info msg="Tool required for debug" tool="esp32:esp32s2-libs@3.3.6"
2026-01-28 18:16:04 2026-01-28T18:16:04.673Z daemon INFO time="2026-01-28T18:16:04Z" level=info msg="Tool required for debug" tool="esp32:esp32s3-libs@3.3.6"
time="2026-01-28T18:16:04Z" level=info msg="Tool required for debug" tool="esp32:esptool_py@5.1.0"
2026-01-28 18:16:04 2026-01-28T18:16:04.673Z daemon INFO time="2026-01-28T18:16:04Z" level=info msg="Tool required for debug" tool="esp32:mklittlefs@4.0.2-db0513a"
time="2026-01-28T18:16:04Z" level=info msg="Tool required for debug" tool="esp32:mkspiffs@0.2.3"
time="2026-01-28T18:16:04Z" level=info msg="Tool required for debug" tool="esp32:openocd-esp32@v0.12.0-esp32-20251215"
2026-01-28 18:16:04 2026-01-28T18:16:04.673Z daemon INFO time="2026-01-28T18:16:04Z" level=info msg="Tool required for debug" tool="esp32:riscv32-esp-elf-gdb@16.3_20250913"
time="2026-01-28T18:16:04Z" level=info msg="Tool required for debug" tool="esp32:xtensa-esp-elf-gdb@16.3_20250913"
2026-01-28 18:16:04 2026-01-28T18:16:04.673Z daemon INFO time="2026-01-28T18:16:04Z" level=info msg="Tool required for debug" tool="arduino:avrdude@8.0.0-arduino1"
time="2026-01-28T18:16:04Z" level=info msg="Tool required for debug" tool="builtin:dfu-discovery@0.1.2"
2026-01-28 18:16:04 2026-01-28T18:16:04.673Z daemon INFO time="2026-01-28T18:16:04Z" level=info msg="Tool required for debug" tool="builtin:serial-discovery@1.4.3"
2026-01-28 18:16:04 2026-01-28T18:16:04.673Z daemon INFO time="2026-01-28T18:16:04Z" level=info msg="Tool required for debug" tool="arduino:arduinoOTA@1.3.0"
time="2026-01-28T18:16:04Z" level=info msg="Tool required for debug" tool="arduino:avr-gcc@7.3.0-atmel3.6.1-arduino7"
time="2026-01-28T18:16:04Z" level=info msg="Tool required for debug" tool="builtin:ctags@5.8-arduino11"
2026-01-28 18:16:04 2026-01-28T18:16:04.673Z daemon INFO time="2026-01-28T18:16:04Z" level=info msg="Tool required for debug" tool="builtin:mdns-discovery@1.0.12"
2026-01-28 18:16:04 2026-01-28T18:16:04.673Z daemon INFO time="2026-01-28T18:16:04Z" level=info msg="Tool required for debug" tool="builtin:serial-monitor@0.15.0"
2026-01-28 18:16:04 2026-01-28T18:16:04.675Z daemon INFO time="2026-01-28T18:16:04Z" level=info msg="Tool required for debug" tool="arduino:dfu-util@0.11.0-arduino5"
time="2026-01-28T18:16:04Z" level=info msg="Tool required for debug" tool="esp32:esp-rv32@2511"
time="2026-01-28T18:16:04Z" level=info msg="Tool required for debug" tool="esp32:esp-x32@2511"
2026-01-28 18:16:04 2026-01-28T18:16:04.675Z daemon INFO time="2026-01-28T18:16:04Z" level=info msg="Tool required for debug" tool="esp32:esp32-libs@3.3.6"
time="2026-01-28T18:16:04Z" level=info msg="Tool required for debug" tool="esp32:esp32c3-libs@3.3.6"
time="2026-01-28T18:16:04Z" level=info msg="Tool required for debug" tool="esp32:esp32c5-libs@3.3.6"
time="2026-01-28T18:16:04Z" level=info msg="Tool required for debug" tool="esp32:esp32c6-libs@3.3.6"
time="2026-01-28T18:16:04Z" level=info msg="Tool required for debug" tool="esp32:esp32h2-libs@3.3.6"
time="2026-01-28T18:16:04Z" level=info msg="Tool required for debug" tool="esp32:esp32p4-libs@3.3.6"
time="2026-01-28T18:16:04Z" level=info msg="Tool required for debug" tool="esp32:esp32p4_es-libs@3.3.6"
time="2026-01-28T18:16:04Z" level=info msg="Tool required for debug" tool="esp32:esp32s2-libs@3.3.6"
2026-01-28 18:16:04 2026-01-28T18:16:04.675Z daemon INFO time="2026-01-28T18:16:04Z" level=info msg="Tool required for debug" tool="esp32:esp32s3-libs@3.3.6"
time="2026-01-28T18:16:04Z" level=info msg="Tool required for debug" tool="esp32:esptool_py@5.1.0"
time="2026-01-28T18:16:04Z" level=info msg="Tool required for debug" tool="esp32:mklittlefs@4.0.2-db0513a"
time="2026-01-28T18:16:04Z" level=info msg="Tool required for debug" tool="esp32:mkspiffs@0.2.3"
time="2026-01-28T18:16:04Z" level=info msg="Tool required for debug" tool="esp32:openocd-esp32@v0.12.0-esp32-20251215"
time="2026-01-28T18:16:04Z" level=info msg="Tool required for debug" tool="esp32:riscv32-esp-elf-gdb@16.3_20250913"
time="2026-01-28T18:16:04Z" level=info msg="Tool required for debug" tool="esp32:xtensa-esp-elf-gdb@16.3_20250913"
time="2026-01-28T18:16:04Z" level=info msg="Tool required for debug" tool="builtin:serial-monitor@0.15.0"
2026-01-28 18:16:04 2026-01-28T18:16:04.675Z daemon INFO time="2026-01-28T18:16:04Z" level=info msg="Tool required for debug" tool="arduino:arduinoOTA@1.3.0"
time="2026-01-28T18:16:04Z" level=info msg="Tool required for debug" tool="arduino:avrdude@8.0.0-arduino1"
time="2026-01-28T18:16:04Z" level=info msg="Tool required for debug" tool="builtin:mdns-discovery@1.0.12"
time="2026-01-28T18:16:04Z" level=info msg="Tool required for debug" tool="builtin:ctags@5.8-arduino11"
2026-01-28 18:16:04 2026-01-28T18:16:04.675Z daemon INFO time="2026-01-28T18:16:04Z" level=info msg="Tool required for debug" tool="arduino:avr-gcc@7.3.0-atmel3.6.1-arduino7"
time="2026-01-28T18:16:04Z" level=info msg="Tool required for debug" tool="builtin:dfu-discovery@0.1.2"
2026-01-28 18:16:04 2026-01-28T18:16:04.675Z daemon INFO time="2026-01-28T18:16:04Z" level=info msg="Tool required for debug" tool="builtin:serial-discovery@1.4.3"
2026-01-28 18:16:04 2026-01-28T18:16:04.677Z daemon INFO time="2026-01-28T18:16:04Z" level=info msg="Tool required for debug" tool="arduino:dfu-util@0.11.0-arduino5"
2026-01-28 18:16:04 2026-01-28T18:16:04.677Z daemon INFO time="2026-01-28T18:16:04Z" level=info msg="Tool required for debug" tool="esp32:esp-rv32@2511"
time="2026-01-28T18:16:04Z" level=info msg="Tool required for debug" tool="esp32:esp-x32@2511"
time="2026-01-28T18:16:04Z" level=info msg="Tool required for debug" tool="esp32:esp32-libs@3.3.6"
time="2026-01-28T18:16:04Z" level=info msg="Tool required for debug" tool="esp32:esp32c3-libs@3.3.6"
time="2026-01-28T18:16:04Z" level=info msg="Tool required for debug" tool="esp32:esp32c5-libs@3.3.6"
time="2026-01-28T18:16:04Z" level=info msg="Tool required for debug" tool="esp32:esp32c6-libs@3.3.6"
2026-01-28 18:16:04 2026-01-28T18:16:04.677Z daemon INFO time="2026-01-28T18:16:04Z" level=info msg="Tool required for debug" tool="esp32:esp32h2-libs@3.3.6"
time="2026-01-28T18:16:04Z" level=info msg="Tool required for debug" tool="esp32:esp32p4-libs@3.3.6"
time="2026-01-28T18:16:04Z" level=info msg="Tool required for debug" tool="esp32:esp32p4_es-libs@3.3.6"
time="2026-01-28T18:16:04Z" level=info msg="Tool required for debug" tool="esp32:esp32s2-libs@3.3.6"
2026-01-28 18:16:04 2026-01-28T18:16:04.677Z daemon INFO time="2026-01-28T18:16:04Z" level=info msg="Tool required for debug" tool="esp32:esp32s3-libs@3.3.6"
time="2026-01-28T18:16:04Z" level=info msg="Tool required for debug" tool="esp32:esptool_py@5.1.0"
2026-01-28 18:16:04 2026-01-28T18:16:04.677Z daemon INFO time="2026-01-28T18:16:04Z" level=info msg="Tool required for debug" tool="esp32:mklittlefs@4.0.2-db0513a"
time="2026-01-28T18:16:04Z" level=info msg="Tool required for debug" tool="esp32:mkspiffs@0.2.3"
time="2026-01-28T18:16:04Z" level=info msg="Tool required for debug" tool="esp32:openocd-esp32@v0.12.0-esp32-20251215"
2026-01-28 18:16:04 2026-01-28T18:16:04.677Z daemon INFO time="2026-01-28T18:16:04Z" level=info msg="Tool required for debug" tool="esp32:riscv32-esp-elf-gdb@16.3_20250913"
time="2026-01-28T18:16:04Z" level=info msg="Tool required for debug" tool="esp32:xtensa-esp-elf-gdb@16.3_20250913"
2026-01-28 18:16:04 2026-01-28T18:16:04.677Z daemon INFO time="2026-01-28T18:16:04Z" level=info msg="Tool required for debug" tool="builtin:ctags@5.8-arduino11"
2026-01-28 18:16:04 2026-01-28T18:16:04.677Z daemon INFO time="2026-01-28T18:16:04Z" level=info msg="Tool required for debug" tool="arduino:avrdude@8.0.0-arduino1"
time="2026-01-28T18:16:04Z" level=info msg="Tool required for debug" tool="arduino:arduinoOTA@1.3.0"
2026-01-28 18:16:04 2026-01-28T18:16:04.677Z daemon INFO time="2026-01-28T18:16:04Z" level=info msg="Tool required for debug" tool="arduino:avr-gcc@7.3.0-atmel3.6.1-arduino7"
time="2026-01-28T18:16:04Z" level=info msg="Tool required for debug" tool="builtin:dfu-discovery@0.1.2"
2026-01-28 18:16:04 2026-01-28T18:16:04.677Z daemon INFO time="2026-01-28T18:16:04Z" level=info msg="Tool required for debug" tool="builtin:serial-discovery@1.4.3"
2026-01-28 18:16:04 2026-01-28T18:16:04.677Z daemon INFO time="2026-01-28T18:16:04Z" level=info msg="Tool required for debug" tool="builtin:serial-monitor@0.15.0"
time="2026-01-28T18:16:04Z" level=info msg="Tool required for debug" tool="builtin:mdns-discovery@1.0.12"
2026-01-28 18:16:04 2026-01-28T18:16:04.678Z daemon INFO time="2026-01-28T18:16:04Z" level=info msg="Tool required for debug" tool="arduino:dfu-util@0.11.0-arduino5"
time="2026-01-28T18:16:04Z" level=info msg="Tool required for debug" tool="esp32:esp-rv32@2511"
2026-01-28 18:16:04 2026-01-28T18:16:04.678Z daemon INFO time="2026-01-28T18:16:04Z" level=info msg="Tool required for debug" tool="esp32:esp-x32@2511"
time="2026-01-28T18:16:04Z" level=info msg="Tool required for debug" tool="esp32:esp32-libs@3.3.6"
time="2026-01-28T18:16:04Z" level=info msg="Tool required for debug" tool="esp32:esp32c3-libs@3.3.6"
time="2026-01-28T18:16:04Z" level=info msg="Tool required for debug" tool="esp32:esp32c5-libs@3.3.6"
time="2026-01-28T18:16:04Z" level=info msg="Tool required for debug" tool="esp32:esp32c6-libs@3.3.6"
time="2026-01-28T18:16:04Z" level=info msg="Tool required for debug" tool="esp32:esp32h2-libs@3.3.6"
2026-01-28 18:16:04 2026-01-28T18:16:04.678Z daemon INFO time="2026-01-28T18:16:04Z" level=info msg="Tool required for debug" tool="esp32:esp32p4-libs@3.3.6"
time="2026-01-28T18:16:04Z" level=info msg="Tool required for debug" tool="esp32:esp32p4_es-libs@3.3.6"
time="2026-01-28T18:16:04Z" level=info msg="Tool required for debug" tool="esp32:esp32s2-libs@3.3.6"
2026-01-28 18:16:04 2026-01-28T18:16:04.678Z daemon INFO time="2026-01-28T18:16:04Z" level=info msg="Tool required for debug" tool="esp32:esp32s3-libs@3.3.6"
time="2026-01-28T18:16:04Z" level=info msg="Tool required for debug" tool="esp32:esptool_py@5.1.0"
2026-01-28 18:16:04 2026-01-28T18:16:04.678Z daemon INFO time="2026-01-28T18:16:04Z" level=info msg="Tool required for debug" tool="esp32:mklittlefs@4.0.2-db0513a"
time="2026-01-28T18:16:04Z" level=info msg="Tool required for debug" tool="esp32:mkspiffs@0.2.3"
2026-01-28 18:16:04 2026-01-28T18:16:04.678Z daemon INFO time="2026-01-28T18:16:04Z" level=info msg="Tool required for debug" tool="esp32:openocd-esp32@v0.12.0-esp32-20251215"
time="2026-01-28T18:16:04Z" level=info msg="Tool required for debug" tool="esp32:riscv32-esp-elf-gdb@16.3_20250913"
2026-01-28 18:16:04 2026-01-28T18:16:04.678Z daemon INFO time="2026-01-28T18:16:04Z" level=info msg="Tool required for debug" tool="esp32:xtensa-esp-elf-gdb@16.3_20250913"
time="2026-01-28T18:16:04Z" level=info msg="Tool required for debug" tool="arduino:avrdude@8.0.0-arduino1"
2026-01-28 18:16:04 2026-01-28T18:16:04.678Z daemon INFO time="2026-01-28T18:16:04Z" level=info msg="Tool required for debug" tool="builtin:dfu-discovery@0.1.2"
time="2026-01-28T18:16:04Z" level=info msg="Tool required for debug" tool="arduino:avr-gcc@7.3.0-atmel3.6.1-arduino7"
2026-01-28 18:16:04 2026-01-28T18:16:04.678Z daemon INFO time="2026-01-28T18:16:04Z" level=info msg="Tool required for debug" tool="builtin:ctags@5.8-arduino11"
2026-01-28 18:16:04 2026-01-28T18:16:04.678Z daemon INFO time="2026-01-28T18:16:04Z" level=info msg="Tool required for debug" tool="builtin:mdns-discovery@1.0.12"
time="2026-01-28T18:16:04Z" level=info msg="Tool required for debug" tool="builtin:serial-discovery@1.4.3"
2026-01-28 18:16:04 2026-01-28T18:16:04.678Z daemon INFO time="2026-01-28T18:16:04Z" level=info msg="Tool required for debug" tool="builtin:serial-monitor@0.15.0"
2026-01-28 18:16:04 2026-01-28T18:16:04.678Z daemon INFO time="2026-01-28T18:16:04Z" level=info msg="Tool required for debug" tool="arduino:arduinoOTA@1.3.0"
2026-01-28 18:16:04 2026-01-28T18:16:04.680Z daemon INFO time="2026-01-28T18:16:04Z" level=info msg="Tool required for debug" tool="arduino:dfu-util@0.11.0-arduino5"
time="2026-01-28T18:16:04Z" level=info msg="Tool required for debug" tool="esp32:esp-rv32@2511"
time="2026-01-28T18:16:04Z" level=info msg="Tool required for debug" tool="esp32:esp-x32@2511"
2026-01-28 18:16:04 2026-01-28T18:16:04.680Z daemon INFO time="2026-01-28T18:16:04Z" level=info msg="Tool required for debug" tool="esp32:esp32-libs@3.3.6"
time="2026-01-28T18:16:04Z" level=info msg="Tool required for debug" tool="esp32:esp32c3-libs@3.3.6"
time="2026-01-28T18:16:04Z" level=info msg="Tool required for debug" tool="esp32:esp32c5-libs@3.3.6"
time="2026-01-28T18:16:04Z" level=info msg="Tool required for debug" tool="esp32:esp32c6-libs@3.3.6"
time="2026-01-28T18:16:04Z" level=info msg="Tool required for debug" tool="esp32:esp32h2-libs@3.3.6"
time="2026-01-28T18:16:04Z" level=info msg="Tool required for debug" tool="esp32:esp32p4-libs@3.3.6"
time="2026-01-28T18:16:04Z" level=info msg="Tool required for debug" tool="esp32:esp32p4_es-libs@3.3.6"
time="2026-01-28T18:16:04Z" level=info msg="Tool required for debug" tool="esp32:esp32s2-libs@3.3.6"
2026-01-28 18:16:04 2026-01-28T18:16:04.680Z daemon INFO time="2026-01-28T18:16:04Z" level=info msg="Tool required for debug" tool="esp32:esp32s3-libs@3.3.6"
time="2026-01-28T18:16:04Z" level=info msg="Tool required for debug" tool="esp32:esptool_py@5.1.0"
time="2026-01-28T18:16:04Z" level=info msg="Tool required for debug" tool="esp32:mklittlefs@4.0.2-db0513a"
time="2026-01-28T18:16:04Z" level=info msg="Tool required for debug" tool="esp32:mkspiffs@0.2.3"
2026-01-28 18:16:04 2026-01-28T18:16:04.680Z daemon INFO time="2026-01-28T18:16:04Z" level=info msg="Tool required for debug" tool="esp32:openocd-esp32@v0.12.0-esp32-20251215"
time="2026-01-28T18:16:04Z" level=info msg="Tool required for debug" tool="esp32:riscv32-esp-elf-gdb@16.3_20250913"
time="2026-01-28T18:16:04Z" level=info msg="Tool required for debug" tool="esp32:xtensa-esp-elf-gdb@16.3_20250913"
2026-01-28 18:16:04 2026-01-28T18:16:04.680Z daemon INFO time="2026-01-28T18:16:04Z" level=info msg="Tool required for debug" tool="arduino:avr-gcc@7.3.0-atmel3.6.1-arduino7"
time="2026-01-28T18:16:04Z" level=info msg="Tool required for debug" tool="arduino:avrdude@8.0.0-arduino1"
time="2026-01-28T18:16:04Z" level=info msg="Tool required for debug" tool="builtin:serial-discovery@1.4.3"
2026-01-28 18:16:04 2026-01-28T18:16:04.680Z daemon INFO time="2026-01-28T18:16:04Z" level=info msg="Tool required for debug" tool="builtin:serial-monitor@0.15.0"
time="2026-01-28T18:16:04Z" level=info msg="Tool required for debug" tool="builtin:mdns-discovery@1.0.12"
2026-01-28 18:16:04 2026-01-28T18:16:04.680Z daemon INFO time="2026-01-28T18:16:04Z" level=info msg="Tool required for debug" tool="arduino:arduinoOTA@1.3.0"
time="2026-01-28T18:16:04Z" level=info msg="Tool required for debug" tool="builtin:ctags@5.8-arduino11"
2026-01-28 18:16:04 2026-01-28T18:16:04.680Z daemon INFO time="2026-01-28T18:16:04Z" level=info msg="Tool required for debug" tool="builtin:dfu-discovery@0.1.2"
2026-01-28 18:16:04 2026-01-28T18:16:04.682Z daemon INFO time="2026-01-28T18:16:04Z" level=info msg="Tool required for debug" tool="arduino:dfu-util@0.11.0-arduino5"
time="2026-01-28T18:16:04Z" level=info msg="Tool required for debug" tool="esp32:esp-rv32@2511"
time="2026-01-28T18:16:04Z" level=info msg="Tool required for debug" tool="esp32:esp-x32@2511"
2026-01-28 18:16:04 2026-01-28T18:16:04.682Z daemon INFO time="2026-01-28T18:16:04Z" level=info msg="Tool required for debug" tool="esp32:esp32-libs@3.3.6"
time="2026-01-28T18:16:04Z" level=info msg="Tool required for debug" tool="esp32:esp32c3-libs@3.3.6"
time="2026-01-28T18:16:04Z" level=info msg="Tool required for debug" tool="esp32:esp32c5-libs@3.3.6"
time="2026-01-28T18:16:04Z" level=info msg="Tool required for debug" tool="esp32:esp32c6-libs@3.3.6"
time="2026-01-28T18:16:04Z" level=info msg="Tool required for debug" tool="esp32:esp32h2-libs@3.3.6"
time="2026-01-28T18:16:04Z" level=info msg="Tool required for debug" tool="esp32:esp32p4-libs@3.3.6"
time="2026-01-28T18:16:04Z" level=info msg="Tool required for debug" tool="esp32:esp32p4_es-libs@3.3.6"
time="2026-01-28T18:16:04Z" level=info msg="Tool required for debug" tool="esp32:esp32s2-libs@3.3.6"
time="2026-01-28T18:16:04Z" level=info msg="Tool required for debug" tool="esp32:esp32s3-libs@3.3.6"
time="2026-01-28T18:16:04Z" level=info msg="Tool required for debug" tool="esp32:esptool_py@5.1.0"
2026-01-28 18:16:04 2026-01-28T18:16:04.682Z daemon INFO time="2026-01-28T18:16:04Z" level=info msg="Tool required for debug" tool="esp32:mklittlefs@4.0.2-db0513a"
time="2026-01-28T18:16:04Z" level=info msg="Tool required for debug" tool="esp32:mkspiffs@0.2.3"
time="2026-01-28T18:16:04Z" level=info msg="Tool required for debug" tool="esp32:openocd-esp32@v0.12.0-esp32-20251215"
time="2026-01-28T18:16:04Z" level=info msg="Tool required for debug" tool="esp32:riscv32-esp-elf-gdb@16.3_20250913"
time="2026-01-28T18:16:04Z" level=info msg="Tool required for debug" tool="esp32:xtensa-esp-elf-gdb@16.3_20250913"
time="2026-01-28T18:16:04Z" level=info msg="Tool required for debug" tool="arduino:arduinoOTA@1.3.0"
2026-01-28 18:16:04 2026-01-28T18:16:04.682Z daemon INFO time="2026-01-28T18:16:04Z" level=info msg="Tool required for debug" tool="arduino:avrdude@8.0.0-arduino1"
time="2026-01-28T18:16:04Z" level=info msg="Tool required for debug" tool="builtin:dfu-discovery@0.1.2"
time="2026-01-28T18:16:04Z" level=info msg="Tool required for debug" tool="builtin:ctags@5.8-arduino11"
2026-01-28 18:16:04 2026-01-28T18:16:04.682Z daemon INFO time="2026-01-28T18:16:04Z" level=info msg="Tool required for debug" tool="builtin:serial-discovery@1.4.3"
time="2026-01-28T18:16:04Z" level=info msg="Tool required for debug" tool="arduino:avr-gcc@7.3.0-atmel3.6.1-arduino7"
2026-01-28 18:16:04 2026-01-28T18:16:04.682Z daemon INFO time="2026-01-28T18:16:04Z" level=info msg="Tool required for debug" tool="builtin:mdns-discovery@1.0.12"
time="2026-01-28T18:16:04Z" level=info msg="Tool required for debug" tool="builtin:serial-monitor@0.15.0"
2026-01-28 18:16:04 2026-01-28T18:16:04.683Z daemon INFO time="2026-01-28T18:16:04Z" level=info msg="Tool required for debug" tool="arduino:dfu-util@0.11.0-arduino5"
time="2026-01-28T18:16:04Z" level=info msg="Tool required for debug" tool="esp32:esp-rv32@2511"
2026-01-28 18:16:04 2026-01-28T18:16:04.683Z daemon INFO time="2026-01-28T18:16:04Z" level=info msg="Tool required for debug" tool="esp32:esp-x32@2511"
time="2026-01-28T18:16:04Z" level=info msg="Tool required for debug" tool="esp32:esp32-libs@3.3.6"
time="2026-01-28T18:16:04Z" level=info msg="Tool required for debug" tool="esp32:esp32c3-libs@3.3.6"
time="2026-01-28T18:16:04Z" level=info msg="Tool required for debug" tool="esp32:esp32c5-libs@3.3.6"
time="2026-01-28T18:16:04Z" level=info msg="Tool required for debug" tool="esp32:esp32c6-libs@3.3.6"
2026-01-28 18:16:04 2026-01-28T18:16:04.683Z daemon INFO time="2026-01-28T18:16:04Z" level=info msg="Tool required for debug" tool="esp32:esp32h2-libs@3.3.6"
time="2026-01-28T18:16:04Z" level=info msg="Tool required for debug" tool="esp32:esp32p4-libs@3.3.6"
time="2026-01-28T18:16:04Z" level=info msg="Tool required for debug" tool="esp32:esp32p4_es-libs@3.3.6"
2026-01-28 18:16:04 2026-01-28T18:16:04.683Z daemon INFO time="2026-01-28T18:16:04Z" level=info msg="Tool required for debug" tool="esp32:esp32s2-libs@3.3.6"
time="2026-01-28T18:16:04Z" level=info msg="Tool required for debug" tool="esp32:esp32s3-libs@3.3.6"
time="2026-01-28T18:16:04Z" level=info msg="Tool required for debug" tool="esp32:esptool_py@5.1.0"
2026-01-28 18:16:04 2026-01-28T18:16:04.683Z daemon INFO time="2026-01-28T18:16:04Z" level=info msg="Tool required for debug" tool="esp32:mklittlefs@4.0.2-db0513a"
time="2026-01-28T18:16:04Z" level=info msg="Tool required for debug" tool="esp32:mkspiffs@0.2.3"
2026-01-28 18:16:04 2026-01-28T18:16:04.683Z daemon INFO time="2026-01-28T18:16:04Z" level=info msg="Tool required for debug" tool="esp32:openocd-esp32@v0.12.0-esp32-20251215"
time="2026-01-28T18:16:04Z" level=info msg="Tool required for debug" tool="esp32:riscv32-esp-elf-gdb@16.3_20250913"
2026-01-28 18:16:04 2026-01-28T18:16:04.683Z daemon INFO time="2026-01-28T18:16:04Z" level=info msg="Tool required for debug" tool="esp32:xtensa-esp-elf-gdb@16.3_20250913"
time="2026-01-28T18:16:04Z" level=info msg="Tool required for debug" tool="arduino:arduinoOTA@1.3.0"
time="2026-01-28T18:16:04Z" level=info msg="Tool required for debug" tool="arduino:avr-gcc@7.3.0-atmel3.6.1-arduino7"
2026-01-28 18:16:04 2026-01-28T18:16:04.683Z daemon INFO time="2026-01-28T18:16:04Z" level=info msg="Tool required for debug" tool="builtin:serial-discovery@1.4.3"
2026-01-28 18:16:04 2026-01-28T18:16:04.683Z daemon INFO time="2026-01-28T18:16:04Z" level=info msg="Tool required for debug" tool="builtin:ctags@5.8-arduino11"
time="2026-01-28T18:16:04Z" level=info msg="Tool required for debug" tool="builtin:mdns-discovery@1.0.12"
2026-01-28 18:16:04 2026-01-28T18:16:04.683Z daemon INFO time="2026-01-28T18:16:04Z" level=info msg="Tool required for debug" tool="builtin:serial-monitor@0.15.0"
2026-01-28 18:16:04 2026-01-28T18:16:04.683Z daemon INFO time="2026-01-28T18:16:04Z" level=info msg="Tool required for debug" tool="builtin:dfu-discovery@0.1.2"
2026-01-28 18:16:04 2026-01-28T18:16:04.683Z daemon INFO time="2026-01-28T18:16:04Z" level=info msg="Tool required for debug" tool="arduino:avrdude@8.0.0-arduino1"
2026-01-28 18:16:04 2026-01-28T18:16:04.685Z daemon INFO time="2026-01-28T18:16:04Z" level=info msg="Tool required for debug" tool="arduino:dfu-util@0.11.0-arduino5"
time="2026-01-28T18:16:04Z" level=info msg="Tool required for debug" tool="esp32:esp-rv32@2511"
2026-01-28 18:16:04 2026-01-28T18:16:04.685Z daemon INFO time="2026-01-28T18:16:04Z" level=info msg="Tool required for debug" tool="esp32:esp-x32@2511"
time="2026-01-28T18:16:04Z" level=info msg="Tool required for debug" tool="esp32:esp32-libs@3.3.6"
time="2026-01-28T18:16:04Z" level=info msg="Tool required for debug" tool="esp32:esp32c3-libs@3.3.6"
time="2026-01-28T18:16:04Z" level=info msg="Tool required for debug" tool="esp32:esp32c5-libs@3.3.6"
time="2026-01-28T18:16:04Z" level=info msg="Tool required for debug" tool="esp32:esp32c6-libs@3.3.6"
2026-01-28 18:16:04 2026-01-28T18:16:04.685Z daemon INFO time="2026-01-28T18:16:04Z" level=info msg="Tool required for debug" tool="esp32:esp32h2-libs@3.3.6"
time="2026-01-28T18:16:04Z" level=info msg="Tool required for debug" tool="esp32:esp32p4-libs@3.3.6"
time="2026-01-28T18:16:04Z" level=info msg="Tool required for debug" tool="esp32:esp32p4_es-libs@3.3.6"
time="2026-01-28T18:16:04Z" level=info msg="Tool required for debug" tool="esp32:esp32s2-libs@3.3.6"
2026-01-28 18:16:04 2026-01-28T18:16:04.685Z daemon INFO time="2026-01-28T18:16:04Z" level=info msg="Tool required for debug" tool="esp32:esp32s3-libs@3.3.6"
time="2026-01-28T18:16:04Z" level=info msg="Tool required for debug" tool="esp32:esptool_py@5.1.0"
time="2026-01-28T18:16:04Z" level=info msg="Tool required for debug" tool="esp32:mklittlefs@4.0.2-db0513a"
2026-01-28 18:16:04 2026-01-28T18:16:04.685Z daemon INFO time="2026-01-28T18:16:04Z" level=info msg="Tool required for debug" tool="esp32:mkspiffs@0.2.3"
time="2026-01-28T18:16:04Z" level=info msg="Tool required for debug" tool="esp32:openocd-esp32@v0.12.0-esp32-20251215"
time="2026-01-28T18:16:04Z" level=info msg="Tool required for debug" tool="esp32:riscv32-esp-elf-gdb@16.3_20250913"
2026-01-28 18:16:04 2026-01-28T18:16:04.685Z daemon INFO time="2026-01-28T18:16:04Z" level=info msg="Tool required for debug" tool="esp32:xtensa-esp-elf-gdb@16.3_20250913"
time="2026-01-28T18:16:04Z" level=info msg="Tool required for debug" tool="arduino:avrdude@8.0.0-arduino1"
time="2026-01-28T18:16:04Z" level=info msg="Tool required for debug" tool="builtin:dfu-discovery@0.1.2"
2026-01-28 18:16:04 2026-01-28T18:16:04.685Z daemon INFO time="2026-01-28T18:16:04Z" level=info msg="Tool required for debug" tool="builtin:mdns-discovery@1.0.12"
2026-01-28 18:16:04 2026-01-28T18:16:04.685Z daemon INFO time="2026-01-28T18:16:04Z" level=info msg="Tool required for debug" tool="builtin:serial-monitor@0.15.0"
time="2026-01-28T18:16:04Z" level=info msg="Tool required for debug" tool="arduino:arduinoOTA@1.3.0"
2026-01-28 18:16:04 2026-01-28T18:16:04.685Z daemon INFO time="2026-01-28T18:16:04Z" level=info msg="Tool required for debug" tool="arduino:avr-gcc@7.3.0-atmel3.6.1-arduino7"
time="2026-01-28T18:16:04Z" level=info msg="Tool required for debug" tool="builtin:ctags@5.8-arduino11"
2026-01-28 18:16:04 2026-01-28T18:16:04.685Z daemon INFO time="2026-01-28T18:16:04Z" level=info msg="Tool required for debug" tool="builtin:serial-discovery@1.4.3"
2026-01-28 18:16:04 2026-01-28T18:16:04.686Z daemon INFO time="2026-01-28T18:16:04Z" level=info msg="Tool required for debug" tool="arduino:dfu-util@0.11.0-arduino5"
time="2026-01-28T18:16:04Z" level=info msg="Tool required for debug" tool="esp32:esp-rv32@2511"
2026-01-28 18:16:04 2026-01-28T18:16:04.686Z daemon INFO time="2026-01-28T18:16:04Z" level=info msg="Tool required for debug" tool="esp32:esp-x32@2511"
time="2026-01-28T18:16:04Z" level=info msg="Tool required for debug" tool="esp32:esp32-libs@3.3.6"
time="2026-01-28T18:16:04Z" level=info msg="Tool required for debug" tool="esp32:esp32c3-libs@3.3.6"
time="2026-01-28T18:16:04Z" level=info msg="Tool required for debug" tool="esp32:esp32c5-libs@3.3.6"
time="2026-01-28T18:16:04Z" level=info msg="Tool required for debug" tool="esp32:esp32c6-libs@3.3.6"
time="2026-01-28T18:16:04Z" level=info msg="Tool required for debug" tool="esp32:esp32h2-libs@3.3.6"
2026-01-28 18:16:04 2026-01-28T18:16:04.686Z daemon INFO time="2026-01-28T18:16:04Z" level=info msg="Tool required for debug" tool="esp32:esp32p4-libs@3.3.6"
time="2026-01-28T18:16:04Z" level=info msg="Tool required for debug" tool="esp32:esp32p4_es-libs@3.3.6"
2026-01-28 18:16:04 2026-01-28T18:16:04.686Z daemon INFO time="2026-01-28T18:16:04Z" level=info msg="Tool required for debug" tool="esp32:esp32s2-libs@3.3.6"
time="2026-01-28T18:16:04Z" level=info msg="Tool required for debug" tool="esp32:esp32s3-libs@3.3.6"
2026-01-28 18:16:04 2026-01-28T18:16:04.686Z daemon INFO time="2026-01-28T18:16:04Z" level=info msg="Tool required for debug" tool="esp32:esptool_py@5.1.0"
time="2026-01-28T18:16:04Z" level=info msg="Tool required for debug" tool="esp32:mklittlefs@4.0.2-db0513a"
time="2026-01-28T18:16:04Z" level=info msg="Tool required for debug" tool="esp32:mkspiffs@0.2.3"
2026-01-28 18:16:04 2026-01-28T18:16:04.686Z daemon INFO time="2026-01-28T18:16:04Z" level=info msg="Tool required for debug" tool="esp32:openocd-esp32@v0.12.0-esp32-20251215"
time="2026-01-28T18:16:04Z" level=info msg="Tool required for debug" tool="esp32:riscv32-esp-elf-gdb@16.3_20250913"
2026-01-28 18:16:04 2026-01-28T18:16:04.686Z daemon INFO time="2026-01-28T18:16:04Z" level=info msg="Tool required for debug" tool="esp32:xtensa-esp-elf-gdb@16.3_20250913"
time="2026-01-28T18:16:04Z" level=info msg="Tool required for debug" tool="arduino:avrdude@8.0.0-arduino1"
2026-01-28 18:16:04 2026-01-28T18:16:04.686Z daemon INFO time="2026-01-28T18:16:04Z" level=info msg="Tool required for debug" tool="builtin:mdns-discovery@1.0.12"
time="2026-01-28T18:16:04Z" level=info msg="Tool required for debug" tool="builtin:ctags@5.8-arduino11"
2026-01-28 18:16:04 2026-01-28T18:16:04.686Z daemon INFO time="2026-01-28T18:16:04Z" level=info msg="Tool required for debug" tool="builtin:serial-discovery@1.4.3"
2026-01-28 18:16:04 2026-01-28T18:16:04.686Z daemon INFO time="2026-01-28T18:16:04Z" level=info msg="Tool required for debug" tool="builtin:serial-monitor@0.15.0"
2026-01-28 18:16:04 2026-01-28T18:16:04.686Z daemon INFO time="2026-01-28T18:16:04Z" level=info msg="Tool required for debug" tool="arduino:arduinoOTA@1.3.0"
time="2026-01-28T18:16:04Z" level=info msg="Tool required for debug" tool="arduino:avr-gcc@7.3.0-atmel3.6.1-arduino7"
2026-01-28 18:16:04 2026-01-28T18:16:04.686Z daemon INFO time="2026-01-28T18:16:04Z" level=info msg="Tool required for debug" tool="builtin:dfu-discovery@0.1.2"
2026-01-28 18:16:04 2026-01-28T18:16:04.688Z daemon INFO time="2026-01-28T18:16:04Z" level=info msg="Tool required for debug" tool="arduino:dfu-util@0.11.0-arduino5"
time="2026-01-28T18:16:04Z" level=info msg="Tool required for debug" tool="esp32:esp-rv32@2511"
2026-01-28 18:16:04 2026-01-28T18:16:04.688Z daemon INFO time="2026-01-28T18:16:04Z" level=info msg="Tool required for debug" tool="esp32:esp-x32@2511"
time="2026-01-28T18:16:04Z" level=info msg="Tool required for debug" tool="esp32:esp32-libs@3.3.6"
time="2026-01-28T18:16:04Z" level=info msg="Tool required for debug" tool="esp32:esp32c3-libs@3.3.6"
time="2026-01-28T18:16:04Z" level=info msg="Tool required for debug" tool="esp32:esp32c5-libs@3.3.6"
time="2026-01-28T18:16:04Z" level=info msg="Tool required for debug" tool="esp32:esp32c6-libs@3.3.6"
2026-01-28 18:16:04 2026-01-28T18:16:04.688Z daemon INFO time="2026-01-28T18:16:04Z" level=info msg="Tool required for debug" tool="esp32:esp32h2-libs@3.3.6"
time="2026-01-28T18:16:04Z" level=info msg="Tool required for debug" tool="esp32:esp32p4-libs@3.3.6"
2026-01-28 18:16:04 2026-01-28T18:16:04.688Z daemon INFO time="2026-01-28T18:16:04Z" level=info msg="Tool required for debug" tool="esp32:esp32p4_es-libs@3.3.6"
time="2026-01-28T18:16:04Z" level=info msg="Tool required for debug" tool="esp32:esp32s2-libs@3.3.6"
time="2026-01-28T18:16:04Z" level=info msg="Tool required for debug" tool="esp32:esp32s3-libs@3.3.6"
2026-01-28 18:16:04 2026-01-28T18:16:04.688Z daemon INFO time="2026-01-28T18:16:04Z" level=info msg="Tool required for debug" tool="esp32:esptool_py@5.1.0"
time="2026-01-28T18:16:04Z" level=info msg="Tool required for debug" tool="esp32:mklittlefs@4.0.2-db0513a"
time="2026-01-28T18:16:04Z" level=info msg="Tool required for debug" tool="esp32:mkspiffs@0.2.3"
2026-01-28 18:16:04 2026-01-28T18:16:04.688Z daemon INFO time="2026-01-28T18:16:04Z" level=info msg="Tool required for debug" tool="esp32:openocd-esp32@v0.12.0-esp32-20251215"
time="2026-01-28T18:16:04Z" level=info msg="Tool required for debug" tool="esp32:riscv32-esp-elf-gdb@16.3_20250913"
time="2026-01-28T18:16:04Z" level=info msg="Tool required for debug" tool="esp32:xtensa-esp-elf-gdb@16.3_20250913"
2026-01-28 18:16:04 2026-01-28T18:16:04.688Z daemon INFO time="2026-01-28T18:16:04Z" level=info msg="Tool required for debug" tool="arduino:arduinoOTA@1.3.0"
time="2026-01-28T18:16:04Z" level=info msg="Tool required for debug" tool="arduino:avrdude@8.0.0-arduino1"
time="2026-01-28T18:16:04Z" level=info msg="Tool required for debug" tool="builtin:serial-monitor@0.15.0"
2026-01-28 18:16:04 2026-01-28T18:16:04.688Z daemon INFO time="2026-01-28T18:16:04Z" level=info msg="Tool required for debug" tool="arduino:avr-gcc@7.3.0-atmel3.6.1-arduino7"
time="2026-01-28T18:16:04Z" level=info msg="Tool required for debug" tool="builtin:mdns-discovery@1.0.12"
2026-01-28 18:16:04 2026-01-28T18:16:04.688Z daemon INFO time="2026-01-28T18:16:04Z" level=info msg="Tool required for debug" tool="builtin:serial-discovery@1.4.3"
time="2026-01-28T18:16:04Z" level=info msg="Tool required for debug" tool="builtin:ctags@5.8-arduino11"
2026-01-28 18:16:04 2026-01-28T18:16:04.688Z daemon INFO time="2026-01-28T18:16:04Z" level=info msg="Tool required for debug" tool="builtin:dfu-discovery@0.1.2"
2026-01-28 18:16:05 2026-01-28T18:16:05.624Z daemon INFO time="2026-01-28T18:16:05Z" level=info msg="Adding libraries dir" dir=/home/shrek/.arduino15/libraries isSingleLibrary=false location=ide
2026-01-28 18:16:05 2026-01-28T18:16:05.624Z daemon INFO time="2026-01-28T18:16:05Z" level=info msg="Adding libraries dir" dir=/home/shrek/.arduino15/packages/esp32/hardware/esp32/3.3.6/libraries isSingleLibrary=false location=platform
time="2026-01-28T18:16:05Z" level=info msg="Adding libraries dir" dir=/home/shrek/Arduino/libraries isSingleLibrary=false location=user
2026-01-28 18:16:10 2026-01-28T18:16:10.856Z root INFO Received port after upload [arduino+serial:///dev/ttyACM0, esp32:esp32:esp32s3:UploadSpeed=115200,USBMode=hwcdc,CDCOnBoot=cdc,MSCOnBoot=default,DFUOnBoot=default,UploadMode=default,CPUFreq=240,FlashMode=qio,FlashSize=32M,PartitionScheme=default,DebugLevel=none,PSRAM=disabled,LoopCore=1,EventsCore=1,EraseFlash=none,JTAGAdapter=default,ZigbeeMode=default, practice]. Before port: {"protocol":"serial","address":"/dev/ttyACM0"}, after port: {"address":"/dev/ttyACM0","addressLabel":"/dev/ttyACM0","protocol":"serial","protocolLabel":"Serial Port (USB)","properties":{"pid":"0x1001","serialNumber":"90:E5:B1:D7:D6:84","vid":"0x303a"},"hardwareId":"90:E5:B1:D7:D6:84"}
2026-01-28 18:17:16 2026-01-28T18:17:16.690Z daemon INFO time="2026-01-28T18:17:16Z" level=info msg="Adding libraries dir" dir=/home/shrek/.arduino15/libraries isSingleLibrary=false location=ide
2026-01-28 18:17:16 2026-01-28T18:17:16.690Z daemon INFO time="2026-01-28T18:17:16Z" level=info msg="Adding libraries dir" dir=/home/shrek/.arduino15/packages/esp32/hardware/esp32/3.3.6/libraries isSingleLibrary=false location=platform
time="2026-01-28T18:17:16Z" level=info msg="Adding libraries dir" dir=/home/shrek/Arduino/libraries isSingleLibrary=false location=user
2026-01-28 18:17:17 2026-01-28T18:17:17.317Z daemon INFO time="2026-01-28T18:17:17Z" level=info msg="Resolving include MD_MAX72xx.h for arch esp32"
time="2026-01-28T18:17:17Z" level=info msg="  found better lib" lib=MD_MAX72XX prio=6A7
2026-01-28 18:17:17 2026-01-28T18:17:17.317Z daemon INFO time="2026-01-28T18:17:17Z" level=info msg="Resolving include SPI.h for arch esp32"
2026-01-28 18:17:17 2026-01-28T18:17:17.317Z daemon INFO time="2026-01-28T18:17:17Z" level=info msg="  found better lib" lib=SPI prio=6B0
2026-01-28 18:17:19 2026-01-28T18:17:19.438Z root INFO Executing 'arduino.languageserver.notifyBuildDidComplete' with "file:///home/shrek/.cache/arduino/sketches/06F50BDA0506E2D6953ED82E048FA1AF"
2026-01-28 18:17:19 2026-01-28T18:17:19.443Z root ERROR Unexpected error when firing event on build did complete. "file:///home/shrek/.cache/arduino/sketches/06F50BDA0506E2D6953ED82E048FA1AF" Error: Language client is not ready yet
    at D.sendNotification (/opt/arduino-ide/resources/app/plugins/vscode-arduino-tools/extension/dist/extension.js:2:139187)
    at /opt/arduino-ide/resources/app/plugins/vscode-arduino-tools/extension/dist/extension.js:2:10112
    at /opt/arduino-ide/resources/app/lib/backend/plugin-host.js:2:1564317
    at t.CommandRegistryImpl.executeLocalCommand (/opt/arduino-ide/resources/app/lib/backend/plugin-host.js:2:1564961)
    at t.CommandRegistryImpl.$executeCommand (/opt/arduino-ide/resources/app/lib/backend/plugin-host.js:2:1564473)
    at t.RPCProtocolImpl.handleRequest (/opt/arduino-ide/resources/app/lib/backend/plugin-host.js:2:1026128)
    at c.requestHandler (/opt/arduino-ide/resources/app/lib/backend/plugin-host.js:2:1025699)
    at c.handleRequest (/opt/arduino-ide/resources/app/lib/backend/plugin-host.js:2:223918)
    at c.handleMessage (/opt/arduino-ide/resources/app/lib/backend/plugin-host.js:2:221820)
    at /opt/arduino-ide/resources/app/lib/backend/plugin-host.js:2:221454
2026-01-28 18:17:25 2026-01-28T18:17:25.662Z root INFO Received port after upload [arduino+serial:///dev/ttyACM0, esp32:esp32:esp32s3:UploadSpeed=115200,USBMode=hwcdc,CDCOnBoot=cdc,MSCOnBoot=default,DFUOnBoot=default,UploadMode=default,CPUFreq=240,FlashMode=qio,FlashSize=32M,PartitionScheme=default,DebugLevel=none,PSRAM=disabled,LoopCore=1,EventsCore=1,EraseFlash=none,JTAGAdapter=default,ZigbeeMode=default, practice]. Before port: {"protocol":"serial","address":"/dev/ttyACM0"}, after port: {"address":"/dev/ttyACM0","addressLabel":"/dev/ttyACM0","protocol":"serial","protocolLabel":"Serial Port (USB)","properties":{"pid":"0x1001","serialNumber":"90:E5:B1:D7:D6:84","vid":"0x303a"},"hardwareId":"90:E5:B1:D7:D6:84"}
2026-01-28 18:18:30 2026-01-28T18:18:30.917Z daemon INFO time="2026-01-28T18:18:30Z" level=info msg="Adding libraries dir" dir=/home/shrek/.arduino15/libraries isSingleLibrary=false location=ide
2026-01-28 18:18:30 2026-01-28T18:18:30.917Z daemon INFO time="2026-01-28T18:18:30Z" level=info msg="Adding libraries dir" dir=/home/shrek/.arduino15/packages/esp32/hardware/esp32/3.3.6/libraries isSingleLibrary=false location=platform
time="2026-01-28T18:18:30Z" level=info msg="Adding libraries dir" dir=/home/shrek/Arduino/libraries isSingleLibrary=false location=user
2026-01-28 18:18:31 2026-01-28T18:18:31.540Z daemon INFO time="2026-01-28T18:18:31Z" level=info msg="Resolving include MD_MAX72xx.h for arch esp32"
time="2026-01-28T18:18:31Z" level=info msg="  found better lib" lib=MD_MAX72XX prio=6A7
2026-01-28 18:18:31 2026-01-28T18:18:31.541Z daemon INFO time="2026-01-28T18:18:31Z" level=info msg="Resolving include SPI.h for arch esp32"
time="2026-01-28T18:18:31Z" level=info msg="  found better lib" lib=SPI prio=6B0
2026-01-28 18:18:33 2026-01-28T18:18:33.639Z root INFO Executing 'arduino.languageserver.notifyBuildDidComplete' with "file:///home/shrek/.cache/arduino/sketches/06F50BDA0506E2D6953ED82E048FA1AF"
2026-01-28 18:18:33 2026-01-28T18:18:33.648Z root ERROR Unexpected error when firing event on build did complete. "file:///home/shrek/.cache/arduino/sketches/06F50BDA0506E2D6953ED82E048FA1AF" Error: Language client is not ready yet
    at D.sendNotification (/opt/arduino-ide/resources/app/plugins/vscode-arduino-tools/extension/dist/extension.js:2:139187)
    at /opt/arduino-ide/resources/app/plugins/vscode-arduino-tools/extension/dist/extension.js:2:10112
    at /opt/arduino-ide/resources/app/lib/backend/plugin-host.js:2:1564317
    at t.CommandRegistryImpl.executeLocalCommand (/opt/arduino-ide/resources/app/lib/backend/plugin-host.js:2:1564961)
    at t.CommandRegistryImpl.$executeCommand (/opt/arduino-ide/resources/app/lib/backend/plugin-host.js:2:1564473)
    at t.RPCProtocolImpl.handleRequest (/opt/arduino-ide/resources/app/lib/backend/plugin-host.js:2:1026128)
    at c.requestHandler (/opt/arduino-ide/resources/app/lib/backend/plugin-host.js:2:1025699)
    at c.handleRequest (/opt/arduino-ide/resources/app/lib/backend/plugin-host.js:2:223918)
    at c.handleMessage (/opt/arduino-ide/resources/app/lib/backend/plugin-host.js:2:221820)
    at /opt/arduino-ide/resources/app/lib/backend/plugin-host.js:2:221454
2026-01-28 18:18:39 2026-01-28T18:18:39.895Z root INFO Received port after upload [arduino+serial:///dev/ttyACM0, esp32:esp32:esp32s3:UploadSpeed=115200,USBMode=hwcdc,CDCOnBoot=cdc,MSCOnBoot=default,DFUOnBoot=default,UploadMode=default,CPUFreq=240,FlashMode=qio,FlashSize=32M,PartitionScheme=default,DebugLevel=none,PSRAM=disabled,LoopCore=1,EventsCore=1,EraseFlash=none,JTAGAdapter=default,ZigbeeMode=default, practice]. Before port: {"protocol":"serial","address":"/dev/ttyACM0"}, after port: {"address":"/dev/ttyACM0","addressLabel":"/dev/ttyACM0","protocol":"serial","protocolLabel":"Serial Port (USB)","properties":{"pid":"0x1001","serialNumber":"90:E5:B1:D7:D6:84","vid":"0x303a"},"hardwareId":"90:E5:B1:D7:D6:84"}
2026-01-28 18:18:55 2026-01-28T18:18:55.421Z daemon INFO time="2026-01-28T18:18:55Z" level=info msg="Adding libraries dir" dir=/home/shrek/.arduino15/libraries isSingleLibrary=false location=ide
2026-01-28 18:18:55 2026-01-28T18:18:55.421Z daemon INFO time="2026-01-28T18:18:55Z" level=info msg="Adding libraries dir" dir=/home/shrek/.arduino15/packages/esp32/hardware/esp32/3.3.6/libraries isSingleLibrary=false location=platform
time="2026-01-28T18:18:55Z" level=info msg="Adding libraries dir" dir=/home/shrek/Arduino/libraries isSingleLibrary=false location=user
2026-01-28 18:18:56 2026-01-28T18:18:56.148Z root INFO compiler-errors Current error changed to d;181
2026-01-28 18:18:56 2026-01-28T18:18:56.158Z root INFO compiler-errors Handling selection change in editor file:///home/shrek/Arduino/practice/practice.ino. New (monaco) selection: [1,1 -> 1,1]
2026-01-28 18:18:58 2026-01-28T18:18:58.699Z root INFO compiler-errors Handling selection change in editor file:///home/shrek/Arduino/practice/practice.ino. New (monaco) selection: [1,21 -> 1,21]
2026-01-28 18:18:59 2026-01-28T18:18:59.549Z root INFO compiler-errors decoration range: [1,1 -> 1,1], change range: [1,20 -> 1,21], affects: true
2026-01-28 18:18:59 2026-01-28T18:18:59.549Z root INFO compiler-errors Handling selection change in editor file:///home/shrek/Arduino/practice/practice.ino. New (monaco) selection: [1,20 -> 1,20]
2026-01-28 18:18:59 2026-01-28T18:18:59.549Z root INFO compiler-errors New (monaco) selection [1,20 -> 1,20] does not intersect any error locations. Skipping.
2026-01-28 18:18:59 2026-01-28T18:18:59.741Z root INFO compiler-errors Handling selection change in editor file:///home/shrek/Arduino/practice/practice.ino. New (monaco) selection: [1,19 -> 1,19]
2026-01-28 18:18:59 2026-01-28T18:18:59.741Z root INFO compiler-errors New (monaco) selection [1,19 -> 1,19] does not intersect any error locations. Skipping.
2026-01-28 18:19:01 2026-01-28T18:19:01.053Z root INFO compiler-errors Handling selection change in editor file:///home/shrek/Arduino/practice/practice.ino. New (monaco) selection: [1,20 -> 1,20]
2026-01-28 18:19:01 2026-01-28T18:19:01.054Z root INFO compiler-errors New (monaco) selection [1,20 -> 1,20] does not intersect any error locations. Skipping.
2026-01-28 18:19:01 2026-01-28T18:19:01.227Z root INFO compiler-errors Handling selection change in editor file:///home/shrek/Arduino/practice/practice.ino. New (monaco) selection: [1,21 -> 1,21]
2026-01-28 18:19:01 2026-01-28T18:19:01.227Z root INFO compiler-errors New (monaco) selection [1,21 -> 1,21] does not intersect any error locations. Skipping.
2026-01-28 18:19:02 2026-01-28T18:19:02.313Z daemon INFO time="2026-01-28T18:19:02Z" level=info msg="Adding libraries dir" dir=/home/shrek/.arduino15/libraries isSingleLibrary=false location=ide
time="2026-01-28T18:19:02Z" level=info msg="Adding libraries dir" dir=/home/shrek/.arduino15/packages/esp32/hardware/esp32/3.3.6/libraries isSingleLibrary=false location=platform
2026-01-28 18:19:02 2026-01-28T18:19:02.313Z daemon INFO time="2026-01-28T18:19:02Z" level=info msg="Adding libraries dir" dir=/home/shrek/Arduino/libraries isSingleLibrary=false location=user
2026-01-28 18:19:02 2026-01-28T18:19:02.882Z daemon INFO time="2026-01-28T18:19:02Z" level=info msg="Resolving include MD_MAX72xx.h for arch esp32"
time="2026-01-28T18:19:02Z" level=info msg="  found better lib" lib=MD_MAX72XX prio=6A7
2026-01-28 18:19:03 2026-01-28T18:19:03.225Z daemon INFO time="2026-01-28T18:19:03Z" level=info msg="Resolving include SPI.h for arch esp32"
time="2026-01-28T18:19:03Z" level=info msg="  found better lib" lib=SPI prio=6B0
2026-01-28 18:19:06 2026-01-28T18:19:06.120Z root INFO Executing 'arduino.languageserver.notifyBuildDidComplete' with "file:///home/shrek/.cache/arduino/sketches/06F50BDA0506E2D6953ED82E048FA1AF"
2026-01-28 18:19:06 2026-01-28T18:19:06.128Z root ERROR Unexpected error when firing event on build did complete. "file:///home/shrek/.cache/arduino/sketches/06F50BDA0506E2D6953ED82E048FA1AF" Error: Language client is not ready yet
    at D.sendNotification (/opt/arduino-ide/resources/app/plugins/vscode-arduino-tools/extension/dist/extension.js:2:139187)
    at /opt/arduino-ide/resources/app/plugins/vscode-arduino-tools/extension/dist/extension.js:2:10112
    at /opt/arduino-ide/resources/app/lib/backend/plugin-host.js:2:1564317
    at t.CommandRegistryImpl.executeLocalCommand (/opt/arduino-ide/resources/app/lib/backend/plugin-host.js:2:1564961)
    at t.CommandRegistryImpl.$executeCommand (/opt/arduino-ide/resources/app/lib/backend/plugin-host.js:2:1564473)
    at t.RPCProtocolImpl.handleRequest (/opt/arduino-ide/resources/app/lib/backend/plugin-host.js:2:1026128)
    at c.requestHandler (/opt/arduino-ide/resources/app/lib/backend/plugin-host.js:2:1025699)
    at c.handleRequest (/opt/arduino-ide/resources/app/lib/backend/plugin-host.js:2:223918)
    at c.handleMessage (/opt/arduino-ide/resources/app/lib/backend/plugin-host.js:2:221820)
    at /opt/arduino-ide/resources/app/lib/backend/plugin-host.js:2:221454
2026-01-28 18:19:12 2026-01-28T18:19:12.348Z root INFO Received port after upload [arduino+serial:///dev/ttyACM0, esp32:esp32:esp32s3:UploadSpeed=115200,USBMode=hwcdc,CDCOnBoot=cdc,MSCOnBoot=default,DFUOnBoot=default,UploadMode=default,CPUFreq=240,FlashMode=qio,FlashSize=32M,PartitionScheme=default,DebugLevel=none,PSRAM=disabled,LoopCore=1,EventsCore=1,EraseFlash=none,JTAGAdapter=default,ZigbeeMode=default, practice]. Before port: {"protocol":"serial","address":"/dev/ttyACM0"}, after port: {"address":"/dev/ttyACM0","addressLabel":"/dev/ttyACM0","protocol":"serial","protocolLabel":"Serial Port (USB)","properties":{"pid":"0x1001","serialNumber":"90:E5:B1:D7:D6:84","vid":"0x303a"},"hardwareId":"90:E5:B1:D7:D6:84"}
2026-01-28 18:20:54 2026-01-28T18:20:54.962Z daemon INFO time="2026-01-28T18:20:54Z" level=info msg="Adding libraries dir" dir=/home/shrek/.arduino15/libraries isSingleLibrary=false location=ide
2026-01-28 18:20:54 2026-01-28T18:20:54.962Z daemon INFO time="2026-01-28T18:20:54Z" level=info msg="Adding libraries dir" dir=/home/shrek/.arduino15/packages/esp32/hardware/esp32/3.3.6/libraries isSingleLibrary=false location=platform
time="2026-01-28T18:20:54Z" level=info msg="Adding libraries dir" dir=/home/shrek/Arduino/libraries isSingleLibrary=false location=user
2026-01-28 18:20:55 2026-01-28T18:20:55.593Z daemon INFO time="2026-01-28T18:20:55Z" level=info msg="Resolving include MD_MAX72xx.h for arch esp32"
time="2026-01-28T18:20:55Z" level=info msg="  found better lib" lib=MD_MAX72XX prio=6A7
2026-01-28 18:20:55 2026-01-28T18:20:55.593Z daemon INFO time="2026-01-28T18:20:55Z" level=info msg="Resolving include SPI.h for arch esp32"
time="2026-01-28T18:20:55Z" level=info msg="  found better lib" lib=SPI prio=6B0
2026-01-28 18:20:56 2026-01-28T18:20:56.642Z root INFO compiler-errors Current error changed to d;202
2026-01-28 18:20:56 2026-01-28T18:20:56.653Z root INFO compiler-errors Handling selection change in editor file:///home/shrek/Arduino/practice/practice.ino. New (monaco) selection: [28,5 -> 28,5]
2026-01-28 18:21:44 2026-01-28T18:21:44.755Z root INFO compiler-errors Handling selection change in editor file:///home/shrek/Arduino/practice/practice.ino. New (monaco) selection: [59,2 -> 59,2]
2026-01-28 18:21:44 2026-01-28T18:21:44.755Z root INFO compiler-errors New (monaco) selection [59,2 -> 59,2] does not intersect any error locations. Skipping.
2026-01-28 18:21:47 2026-01-28T18:21:47.125Z root INFO compiler-errors Handling selection change in editor file:///home/shrek/Arduino/practice/practice.ino. New (monaco) selection: [1,1 -> 60,1]
2026-01-28 18:21:47 2026-01-28T18:21:47.560Z root INFO compiler-errors decoration range: [1,1 -> 1,1], change range: [1,1 -> 60,1], affects: true
2026-01-28 18:21:47 2026-01-28T18:21:47.560Z root INFO compiler-errors decoration range: [1,1 -> 1,1], change range: [1,1 -> 60,1], affects: true
2026-01-28 18:21:47 2026-01-28T18:21:47.560Z root INFO compiler-errors Handling selection change in editor file:///home/shrek/Arduino/practice/practice.ino. New (monaco) selection: [1,1 -> 1,1]
2026-01-28 18:21:47 2026-01-28T18:21:47.560Z root INFO compiler-errors New (monaco) selection [1,1 -> 1,1] does not intersect any error locations. Skipping.
2026-01-28 18:21:47 2026-01-28T18:21:47.744Z root INFO compiler-errors Handling selection change in editor file:///home/shrek/Arduino/practice/practice.ino. New (monaco) selection: [61,1 -> 61,1]
2026-01-28 18:21:47 2026-01-28T18:21:47.744Z root INFO compiler-errors New (monaco) selection [61,1 -> 61,1] does not intersect any error locations. Skipping.
2026-01-28 18:21:49 2026-01-28T18:21:49.666Z daemon INFO time="2026-01-28T18:21:49Z" level=info msg="Adding libraries dir" dir=/home/shrek/.arduino15/libraries isSingleLibrary=false location=ide
time="2026-01-28T18:21:49Z" level=info msg="Adding libraries dir" dir=/home/shrek/.arduino15/packages/esp32/hardware/esp32/3.3.6/libraries isSingleLibrary=false location=platform
2026-01-28 18:21:49 2026-01-28T18:21:49.666Z daemon INFO time="2026-01-28T18:21:49Z" level=info msg="Adding libraries dir" dir=/home/shrek/Arduino/libraries isSingleLibrary=false location=user
2026-01-28 18:21:50 2026-01-28T18:21:50.298Z daemon INFO time="2026-01-28T18:21:50Z" level=info msg="Resolving include MD_MAX72xx.h for arch esp32"
time="2026-01-28T18:21:50Z" level=info msg="  found better lib" lib=MD_MAX72XX prio=6A7
2026-01-28 18:21:50 2026-01-28T18:21:50.299Z daemon INFO time="2026-01-28T18:21:50Z" level=info msg="Resolving include SPI.h for arch esp32"
time="2026-01-28T18:21:50Z" level=info msg="  found better lib" lib=SPI prio=6B0
2026-01-28 18:21:51 2026-01-28T18:21:51.338Z root INFO compiler-errors Current error changed to d;216
2026-01-28 18:21:51 2026-01-28T18:21:51.350Z root INFO compiler-errors Handling selection change in editor file:///home/shrek/Arduino/practice/practice.ino. New (monaco) selection: [20,1 -> 20,1]
2026-01-28 18:21:58 2026-01-28T18:21:58.032Z root INFO compiler-errors Handling selection change in editor file:///home/shrek/Arduino/practice/practice.ino. New (monaco) selection: [1,21 -> 1,21]
2026-01-28 18:21:58 2026-01-28T18:21:58.032Z root INFO compiler-errors New (monaco) selection [1,21 -> 1,21] does not intersect any error locations. Skipping.
2026-01-28 18:22:05 2026-01-28T18:22:05.046Z root INFO compiler-errors Handling selection change in editor file:///home/shrek/Arduino/practice/practice.ino. New (monaco) selection: [2,17 -> 2,17]
2026-01-28 18:22:05 2026-01-28T18:22:05.046Z root INFO compiler-errors New (monaco) selection [2,17 -> 2,17] does not intersect any error locations. Skipping.
2026-01-28 18:22:05 2026-01-28T18:22:05.397Z root INFO compiler-errors Handling selection change in editor file:///home/shrek/Arduino/practice/practice.ino. New (monaco) selection: [3,1 -> 3,1]
2026-01-28 18:22:05 2026-01-28T18:22:05.397Z root INFO compiler-errors New (monaco) selection [3,1 -> 3,1] does not intersect any error locations. Skipping.
2026-01-28 18:22:05 2026-01-28T18:22:05.611Z root INFO compiler-errors Handling selection change in editor file:///home/shrek/Arduino/practice/practice.ino. New (monaco) selection: [4,21 -> 4,21]
2026-01-28 18:22:05 2026-01-28T18:22:05.611Z root INFO compiler-errors New (monaco) selection [4,21 -> 4,21] does not intersect any error locations. Skipping.
2026-01-28 18:22:06 2026-01-28T18:22:06.404Z root INFO compiler-errors Handling selection change in editor file:///home/shrek/Arduino/practice/practice.ino. New (monaco) selection: [3,1 -> 3,1]
2026-01-28 18:22:06 2026-01-28T18:22:06.404Z root INFO compiler-errors New (monaco) selection [3,1 -> 3,1] does not intersect any error locations. Skipping.
2026-01-28 18:22:06 2026-01-28T18:22:06.793Z root INFO compiler-errors Handling selection change in editor file:///home/shrek/Arduino/practice/practice.ino. New (monaco) selection: [4,21 -> 4,21]
2026-01-28 18:22:06 2026-01-28T18:22:06.793Z root INFO compiler-errors New (monaco) selection [4,21 -> 4,21] does not intersect any error locations. Skipping.
2026-01-28 18:22:07 2026-01-28T18:22:07.036Z root INFO compiler-errors Handling selection change in editor file:///home/shrek/Arduino/practice/practice.ino. New (monaco) selection: [5,17 -> 5,17]
2026-01-28 18:22:07 2026-01-28T18:22:07.036Z root INFO compiler-errors New (monaco) selection [5,17 -> 5,17] does not intersect any error locations. Skipping.
2026-01-28 18:22:08 2026-01-28T18:22:08.532Z root INFO compiler-errors Handling selection change in editor file:///home/shrek/Arduino/practice/practice.ino. New (monaco) selection: [9,33 -> 9,33]
2026-01-28 18:22:08 2026-01-28T18:22:08.532Z root INFO compiler-errors New (monaco) selection [9,33 -> 9,33] does not intersect any error locations. Skipping.
2026-01-28 18:22:09 2026-01-28T18:22:09.224Z root INFO compiler-errors decoration range: [20,1 -> 20,1], change range: [9,32 -> 9,33], affects: false
2026-01-28 18:22:09 2026-01-28T18:22:09.224Z root INFO compiler-errors decoration range: [27,3 -> 27,3], change range: [9,32 -> 9,33], affects: false
2026-01-28 18:22:09 2026-01-28T18:22:09.224Z root INFO compiler-errors decoration range: [30,4 -> 30,4], change range: [9,32 -> 9,33], affects: false
2026-01-28 18:22:09 2026-01-28T18:22:09.224Z root INFO compiler-errors decoration range: [39,5 -> 39,5], change range: [9,32 -> 9,33], affects: false
2026-01-28 18:22:09 2026-01-28T18:22:09.224Z root INFO compiler-errors Handling selection change in editor file:///home/shrek/Arduino/practice/practice.ino. New (monaco) selection: [9,32 -> 9,32]
2026-01-28 18:22:09 2026-01-28T18:22:09.224Z root INFO compiler-errors New (monaco) selection [9,32 -> 9,32] does not intersect any error locations. Skipping.
2026-01-28 18:22:09 2026-01-28T18:22:09.397Z root INFO compiler-errors decoration range: [20,1 -> 20,1], change range: [9,31 -> 9,32], affects: false
2026-01-28 18:22:09 2026-01-28T18:22:09.397Z root INFO compiler-errors decoration range: [27,3 -> 27,3], change range: [9,31 -> 9,32], affects: false
2026-01-28 18:22:09 2026-01-28T18:22:09.397Z root INFO compiler-errors decoration range: [30,4 -> 30,4], change range: [9,31 -> 9,32], affects: false
2026-01-28 18:22:09 2026-01-28T18:22:09.397Z root INFO compiler-errors decoration range: [39,5 -> 39,5], change range: [9,31 -> 9,32], affects: false
2026-01-28 18:22:09 2026-01-28T18:22:09.397Z root INFO compiler-errors Handling selection change in editor file:///home/shrek/Arduino/practice/practice.ino. New (monaco) selection: [9,31 -> 9,31]
2026-01-28 18:22:09 2026-01-28T18:22:09.397Z root INFO compiler-errors New (monaco) selection [9,31 -> 9,31] does not intersect any error locations. Skipping.
2026-01-28 18:22:09 2026-01-28T18:22:09.753Z root INFO compiler-errors decoration range: [20,1 -> 20,1], change range: [9,31 -> 9,31], affects: false
2026-01-28 18:22:09 2026-01-28T18:22:09.754Z root INFO compiler-errors decoration range: [27,3 -> 27,3], change range: [9,31 -> 9,31], affects: false
2026-01-28 18:22:09 2026-01-28T18:22:09.754Z root INFO compiler-errors decoration range: [30,4 -> 30,4], change range: [9,31 -> 9,31], affects: false
2026-01-28 18:22:09 2026-01-28T18:22:09.754Z root INFO compiler-errors decoration range: [39,5 -> 39,5], change range: [9,31 -> 9,31], affects: false
2026-01-28 18:22:09 2026-01-28T18:22:09.754Z root INFO compiler-errors Handling selection change in editor file:///home/shrek/Arduino/practice/practice.ino. New (monaco) selection: [9,32 -> 9,32]
2026-01-28 18:22:09 2026-01-28T18:22:09.754Z root INFO compiler-errors New (monaco) selection [9,32 -> 9,32] does not intersect any error locations. Skipping.
2026-01-28 18:22:09 2026-01-28T18:22:09.918Z root INFO compiler-errors decoration range: [20,1 -> 20,1], change range: [9,32 -> 9,32], affects: false
2026-01-28 18:22:09 2026-01-28T18:22:09.918Z root INFO compiler-errors decoration range: [27,3 -> 27,3], change range: [9,32 -> 9,32], affects: false
2026-01-28 18:22:09 2026-01-28T18:22:09.918Z root INFO compiler-errors decoration range: [30,4 -> 30,4], change range: [9,32 -> 9,32], affects: false
2026-01-28 18:22:09 2026-01-28T18:22:09.918Z root INFO compiler-errors decoration range: [39,5 -> 39,5], change range: [9,32 -> 9,32], affects: false
2026-01-28 18:22:09 2026-01-28T18:22:09.918Z root INFO compiler-errors Handling selection change in editor file:///home/shrek/Arduino/practice/practice.ino. New (monaco) selection: [9,33 -> 9,33]
2026-01-28 18:22:09 2026-01-28T18:22:09.918Z root INFO compiler-errors New (monaco) selection [9,33 -> 9,33] does not intersect any error locations. Skipping.
2026-01-28 18:22:11 2026-01-28T18:22:11.693Z root INFO compiler-errors Handling selection change in editor file:///home/shrek/Arduino/practice/practice.ino. New (monaco) selection: [20,12 -> 20,12]
2026-01-28 18:22:12 2026-01-28T18:22:12.847Z root INFO compiler-errors Handling selection change in editor file:///home/shrek/Arduino/practice/practice.ino. New (monaco) selection: [20,11 -> 20,11]
2026-01-28 18:22:13 2026-01-28T18:22:13.041Z root INFO compiler-errors Handling selection change in editor file:///home/shrek/Arduino/practice/practice.ino. New (monaco) selection: [20,10 -> 20,10]
2026-01-28 18:22:13 2026-01-28T18:22:13.433Z root INFO compiler-errors Handling selection change in editor file:///home/shrek/Arduino/practice/practice.ino. New (monaco) selection: [20,11 -> 20,11]
2026-01-28 18:22:13 2026-01-28T18:22:13.691Z root INFO compiler-errors decoration range: [20,1 -> 20,1], change range: [20,10 -> 20,11], affects: true
2026-01-28 18:22:13 2026-01-28T18:22:13.691Z root INFO compiler-errors decoration range: [27,3 -> 27,3], change range: [20,10 -> 20,11], affects: false
2026-01-28 18:22:13 2026-01-28T18:22:13.691Z root INFO compiler-errors decoration range: [30,4 -> 30,4], change range: [20,10 -> 20,11], affects: false
2026-01-28 18:22:13 2026-01-28T18:22:13.691Z root INFO compiler-errors decoration range: [39,5 -> 39,5], change range: [20,10 -> 20,11], affects: false
2026-01-28 18:22:13 2026-01-28T18:22:13.691Z root INFO compiler-errors Handling selection change in editor file:///home/shrek/Arduino/practice/practice.ino. New (monaco) selection: [20,10 -> 20,10]
2026-01-28 18:22:13 2026-01-28T18:22:13.691Z root INFO compiler-errors New (monaco) selection [20,10 -> 20,10] does not intersect any error locations. Skipping.
2026-01-28 18:22:13 2026-01-28T18:22:13.879Z root INFO compiler-errors decoration range: [27,3 -> 27,3], change range: [20,9 -> 20,10], affects: false
2026-01-28 18:22:13 2026-01-28T18:22:13.879Z root INFO compiler-errors decoration range: [30,4 -> 30,4], change range: [20,9 -> 20,10], affects: false
2026-01-28 18:22:13 2026-01-28T18:22:13.879Z root INFO compiler-errors decoration range: [39,5 -> 39,5], change range: [20,9 -> 20,10], affects: false
2026-01-28 18:22:13 2026-01-28T18:22:13.879Z root INFO compiler-errors Handling selection change in editor file:///home/shrek/Arduino/practice/practice.ino. New (monaco) selection: [20,9 -> 20,9]
2026-01-28 18:22:13 2026-01-28T18:22:13.879Z root INFO compiler-errors New (monaco) selection [20,9 -> 20,9] does not intersect any error locations. Skipping.
2026-01-28 18:22:14 2026-01-28T18:22:14.195Z root INFO compiler-errors decoration range: [27,3 -> 27,3], change range: [20,9 -> 20,9], affects: false
2026-01-28 18:22:14 2026-01-28T18:22:14.195Z root INFO compiler-errors decoration range: [30,4 -> 30,4], change range: [20,9 -> 20,9], affects: false
2026-01-28 18:22:14 2026-01-28T18:22:14.196Z root INFO compiler-errors decoration range: [39,5 -> 39,5], change range: [20,9 -> 20,9], affects: false
2026-01-28 18:22:14 2026-01-28T18:22:14.196Z root INFO compiler-errors Handling selection change in editor file:///home/shrek/Arduino/practice/practice.ino. New (monaco) selection: [20,10 -> 20,10]
2026-01-28 18:22:14 2026-01-28T18:22:14.196Z root INFO compiler-errors New (monaco) selection [20,10 -> 20,10] does not intersect any error locations. Skipping.
2026-01-28 18:22:14 2026-01-28T18:22:14.360Z root INFO compiler-errors decoration range: [27,3 -> 27,3], change range: [20,10 -> 20,10], affects: false
2026-01-28 18:22:14 2026-01-28T18:22:14.360Z root INFO compiler-errors decoration range: [30,4 -> 30,4], change range: [20,10 -> 20,10], affects: false
2026-01-28 18:22:14 2026-01-28T18:22:14.360Z root INFO compiler-errors decoration range: [39,5 -> 39,5], change range: [20,10 -> 20,10], affects: false
2026-01-28 18:22:14 2026-01-28T18:22:14.360Z root INFO compiler-errors Handling selection change in editor file:///home/shrek/Arduino/practice/practice.ino. New (monaco) selection: [20,11 -> 20,11]
2026-01-28 18:22:14 2026-01-28T18:22:14.360Z root INFO compiler-errors New (monaco) selection [20,11 -> 20,11] does not intersect any error locations. Skipping.
2026-01-28 18:22:14 2026-01-28T18:22:14.754Z root INFO compiler-errors Handling selection change in editor file:///home/shrek/Arduino/practice/practice.ino. New (monaco) selection: [20,12 -> 20,12]
2026-01-28 18:22:14 2026-01-28T18:22:14.754Z root INFO compiler-errors New (monaco) selection [20,12 -> 20,12] does not intersect any error locations. Skipping.
2026-01-28 18:22:15 2026-01-28T18:22:15.354Z root INFO compiler-errors Handling selection change in editor file:///home/shrek/Arduino/practice/practice.ino. New (monaco) selection: [20,13 -> 20,13]
2026-01-28 18:22:15 2026-01-28T18:22:15.354Z root INFO compiler-errors New (monaco) selection [20,13 -> 20,13] does not intersect any error locations. Skipping.
2026-01-28 18:22:15 2026-01-28T18:22:15.394Z root INFO compiler-errors Handling selection change in editor file:///home/shrek/Arduino/practice/practice.ino. New (monaco) selection: [20,14 -> 20,14]
2026-01-28 18:22:15 2026-01-28T18:22:15.394Z root INFO compiler-errors New (monaco) selection [20,14 -> 20,14] does not intersect any error locations. Skipping.
2026-01-28 18:22:15 2026-01-28T18:22:15.434Z root INFO compiler-errors Handling selection change in editor file:///home/shrek/Arduino/practice/practice.ino. New (monaco) selection: [20,15 -> 20,15]
2026-01-28 18:22:15 2026-01-28T18:22:15.434Z root INFO compiler-errors New (monaco) selection [20,15 -> 20,15] does not intersect any error locations. Skipping.
2026-01-28 18:22:15 2026-01-28T18:22:15.474Z root INFO compiler-errors Handling selection change in editor file:///home/shrek/Arduino/practice/practice.ino. New (monaco) selection: [20,16 -> 20,16]
2026-01-28 18:22:15 2026-01-28T18:22:15.475Z root INFO compiler-errors New (monaco) selection [20,16 -> 20,16] does not intersect any error locations. Skipping.
2026-01-28 18:22:15 2026-01-28T18:22:15.514Z root INFO compiler-errors Handling selection change in editor file:///home/shrek/Arduino/practice/practice.ino. New (monaco) selection: [20,17 -> 20,17]
2026-01-28 18:22:15 2026-01-28T18:22:15.514Z root INFO compiler-errors New (monaco) selection [20,17 -> 20,17] does not intersect any error locations. Skipping.
2026-01-28 18:22:15 2026-01-28T18:22:15.555Z root INFO compiler-errors Handling selection change in editor file:///home/shrek/Arduino/practice/practice.ino. New (monaco) selection: [20,18 -> 20,18]
2026-01-28 18:22:15 2026-01-28T18:22:15.555Z root INFO compiler-errors New (monaco) selection [20,18 -> 20,18] does not intersect any error locations. Skipping.
2026-01-28 18:22:15 2026-01-28T18:22:15.595Z root INFO compiler-errors Handling selection change in editor file:///home/shrek/Arduino/practice/practice.ino. New (monaco) selection: [20,19 -> 20,19]
2026-01-28 18:22:15 2026-01-28T18:22:15.595Z root INFO compiler-errors New (monaco) selection [20,19 -> 20,19] does not intersect any error locations. Skipping.
2026-01-28 18:22:15 2026-01-28T18:22:15.635Z root INFO compiler-errors Handling selection change in editor file:///home/shrek/Arduino/practice/practice.ino. New (monaco) selection: [20,20 -> 20,20]
2026-01-28 18:22:15 2026-01-28T18:22:15.635Z root INFO compiler-errors New (monaco) selection [20,20 -> 20,20] does not intersect any error locations. Skipping.
2026-01-28 18:22:15 2026-01-28T18:22:15.675Z root INFO compiler-errors Handling selection change in editor file:///home/shrek/Arduino/practice/practice.ino. New (monaco) selection: [20,21 -> 20,21]
2026-01-28 18:22:15 2026-01-28T18:22:15.675Z root INFO compiler-errors New (monaco) selection [20,21 -> 20,21] does not intersect any error locations. Skipping.
2026-01-28 18:22:15 2026-01-28T18:22:15.714Z root INFO compiler-errors Handling selection change in editor file:///home/shrek/Arduino/practice/practice.ino. New (monaco) selection: [20,22 -> 20,22]
2026-01-28 18:22:15 2026-01-28T18:22:15.714Z root INFO compiler-errors New (monaco) selection [20,22 -> 20,22] does not intersect any error locations. Skipping.
2026-01-28 18:22:15 2026-01-28T18:22:15.754Z root INFO compiler-errors Handling selection change in editor file:///home/shrek/Arduino/practice/practice.ino. New (monaco) selection: [20,23 -> 20,23]
2026-01-28 18:22:15 2026-01-28T18:22:15.754Z root INFO compiler-errors New (monaco) selection [20,23 -> 20,23] does not intersect any error locations. Skipping.
2026-01-28 18:22:15 2026-01-28T18:22:15.795Z root INFO compiler-errors Handling selection change in editor file:///home/shrek/Arduino/practice/practice.ino. New (monaco) selection: [20,24 -> 20,24]
2026-01-28 18:22:15 2026-01-28T18:22:15.795Z root INFO compiler-errors New (monaco) selection [20,24 -> 20,24] does not intersect any error locations. Skipping.
2026-01-28 18:22:15 2026-01-28T18:22:15.835Z root INFO compiler-errors Handling selection change in editor file:///home/shrek/Arduino/practice/practice.ino. New (monaco) selection: [20,25 -> 20,25]
2026-01-28 18:22:15 2026-01-28T18:22:15.835Z root INFO compiler-errors New (monaco) selection [20,25 -> 20,25] does not intersect any error locations. Skipping.
2026-01-28 18:22:15 2026-01-28T18:22:15.874Z root INFO compiler-errors Handling selection change in editor file:///home/shrek/Arduino/practice/practice.ino. New (monaco) selection: [20,26 -> 20,26]
2026-01-28 18:22:15 2026-01-28T18:22:15.875Z root INFO compiler-errors New (monaco) selection [20,26 -> 20,26] does not intersect any error locations. Skipping.
2026-01-28 18:22:15 2026-01-28T18:22:15.914Z root INFO compiler-errors Handling selection change in editor file:///home/shrek/Arduino/practice/practice.ino. New (monaco) selection: [20,27 -> 20,27]
2026-01-28 18:22:15 2026-01-28T18:22:15.915Z root INFO compiler-errors New (monaco) selection [20,27 -> 20,27] does not intersect any error locations. Skipping.
2026-01-28 18:22:16 2026-01-28T18:22:16.413Z root INFO compiler-errors decoration range: [27,3 -> 27,3], change range: [20,26 -> 20,27], affects: false
2026-01-28 18:22:16 2026-01-28T18:22:16.413Z root INFO compiler-errors decoration range: [30,4 -> 30,4], change range: [20,26 -> 20,27], affects: false
2026-01-28 18:22:16 2026-01-28T18:22:16.413Z root INFO compiler-errors decoration range: [39,5 -> 39,5], change range: [20,26 -> 20,27], affects: false
2026-01-28 18:22:16 2026-01-28T18:22:16.413Z root INFO compiler-errors Handling selection change in editor file:///home/shrek/Arduino/practice/practice.ino. New (monaco) selection: [20,26 -> 20,26]
2026-01-28 18:22:16 2026-01-28T18:22:16.413Z root INFO compiler-errors New (monaco) selection [20,26 -> 20,26] does not intersect any error locations. Skipping.
2026-01-28 18:22:16 2026-01-28T18:22:16.639Z root INFO compiler-errors decoration range: [27,3 -> 27,3], change range: [20,25 -> 20,26], affects: false
2026-01-28 18:22:16 2026-01-28T18:22:16.640Z root INFO compiler-errors decoration range: [30,4 -> 30,4], change range: [20,25 -> 20,26], affects: false
2026-01-28 18:22:16 2026-01-28T18:22:16.640Z root INFO compiler-errors decoration range: [39,5 -> 39,5], change range: [20,25 -> 20,26], affects: false
2026-01-28 18:22:16 2026-01-28T18:22:16.640Z root INFO compiler-errors Handling selection change in editor file:///home/shrek/Arduino/practice/practice.ino. New (monaco) selection: [20,25 -> 20,25]
2026-01-28 18:22:16 2026-01-28T18:22:16.640Z root INFO compiler-errors New (monaco) selection [20,25 -> 20,25] does not intersect any error locations. Skipping.
2026-01-28 18:22:16 2026-01-28T18:22:16.996Z root INFO compiler-errors decoration range: [27,3 -> 27,3], change range: [20,25 -> 20,25], affects: false
2026-01-28 18:22:16 2026-01-28T18:22:16.997Z root INFO compiler-errors decoration range: [30,4 -> 30,4], change range: [20,25 -> 20,25], affects: false
2026-01-28 18:22:16 2026-01-28T18:22:16.997Z root INFO compiler-errors decoration range: [39,5 -> 39,5], change range: [20,25 -> 20,25], affects: false
2026-01-28 18:22:16 2026-01-28T18:22:16.997Z root INFO compiler-errors Handling selection change in editor file:///home/shrek/Arduino/practice/practice.ino. New (monaco) selection: [20,26 -> 20,26]
2026-01-28 18:22:16 2026-01-28T18:22:16.997Z root INFO compiler-errors New (monaco) selection [20,26 -> 20,26] does not intersect any error locations. Skipping.
2026-01-28 18:22:17 2026-01-28T18:22:17.171Z root INFO compiler-errors decoration range: [27,3 -> 27,3], change range: [20,26 -> 20,26], affects: false
2026-01-28 18:22:17 2026-01-28T18:22:17.171Z root INFO compiler-errors decoration range: [30,4 -> 30,4], change range: [20,26 -> 20,26], affects: false
2026-01-28 18:22:17 2026-01-28T18:22:17.171Z root INFO compiler-errors decoration range: [39,5 -> 39,5], change range: [20,26 -> 20,26], affects: false
2026-01-28 18:22:17 2026-01-28T18:22:17.171Z root INFO compiler-errors Handling selection change in editor file:///home/shrek/Arduino/practice/practice.ino. New (monaco) selection: [20,27 -> 20,27]
2026-01-28 18:22:17 2026-01-28T18:22:17.171Z root INFO compiler-errors New (monaco) selection [20,27 -> 20,27] does not intersect any error locations. Skipping.
2026-01-28 18:22:17 2026-01-28T18:22:17.654Z root INFO compiler-errors Handling selection change in editor file:///home/shrek/Arduino/practice/practice.ino. New (monaco) selection: [21,1 -> 21,1]
2026-01-28 18:22:17 2026-01-28T18:22:17.654Z root INFO compiler-errors New (monaco) selection [21,1 -> 21,1] does not intersect any error locations. Skipping.
2026-01-28 18:22:17 2026-01-28T18:22:17.880Z root INFO compiler-errors Handling selection change in editor file:///home/shrek/Arduino/practice/practice.ino. New (monaco) selection: [22,19 -> 22,19]
2026-01-28 18:22:17 2026-01-28T18:22:17.880Z root INFO compiler-errors New (monaco) selection [22,19 -> 22,19] does not intersect any error locations. Skipping.
2026-01-28 18:22:18 2026-01-28T18:22:18.071Z root INFO compiler-errors Handling selection change in editor file:///home/shrek/Arduino/practice/practice.ino. New (monaco) selection: [23,27 -> 23,27]
2026-01-28 18:22:18 2026-01-28T18:22:18.071Z root INFO compiler-errors New (monaco) selection [23,27 -> 23,27] does not intersect any error locations. Skipping.
2026-01-28 18:22:18 2026-01-28T18:22:18.250Z root INFO compiler-errors Handling selection change in editor file:///home/shrek/Arduino/practice/practice.ino. New (monaco) selection: [24,1 -> 24,1]
2026-01-28 18:22:18 2026-01-28T18:22:18.250Z root INFO compiler-errors New (monaco) selection [24,1 -> 24,1] does not intersect any error locations. Skipping.
2026-01-28 18:22:18 2026-01-28T18:22:18.427Z root INFO compiler-errors Handling selection change in editor file:///home/shrek/Arduino/practice/practice.ino. New (monaco) selection: [25,15 -> 25,15]
2026-01-28 18:22:18 2026-01-28T18:22:18.427Z root INFO compiler-errors New (monaco) selection [25,15 -> 25,15] does not intersect any error locations. Skipping.
2026-01-28 18:22:18 2026-01-28T18:22:18.606Z root INFO compiler-errors Handling selection change in editor file:///home/shrek/Arduino/practice/practice.ino. New (monaco) selection: [26,27 -> 26,27]
2026-01-28 18:22:18 2026-01-28T18:22:18.606Z root INFO compiler-errors New (monaco) selection [26,27 -> 26,27] does not intersect any error locations. Skipping.
2026-01-28 18:22:18 2026-01-28T18:22:18.770Z root INFO compiler-errors Handling selection change in editor file:///home/shrek/Arduino/practice/practice.ino. New (monaco) selection: [27,14 -> 27,14]
2026-01-28 18:22:18 2026-01-28T18:22:18.770Z root INFO compiler-errors Current error changed to d;217
2026-01-28 18:22:18 2026-01-28T18:22:18.948Z root INFO compiler-errors Handling selection change in editor file:///home/shrek/Arduino/practice/practice.ino. New (monaco) selection: [28,1 -> 28,1]
2026-01-28 18:22:18 2026-01-28T18:22:18.948Z root INFO compiler-errors New (monaco) selection [28,1 -> 28,1] does not intersect any error locations. Skipping.
2026-01-28 18:22:19 2026-01-28T18:22:19.133Z root INFO compiler-errors Handling selection change in editor file:///home/shrek/Arduino/practice/practice.ino. New (monaco) selection: [29,27 -> 29,27]
2026-01-28 18:22:19 2026-01-28T18:22:19.133Z root INFO compiler-errors New (monaco) selection [29,27 -> 29,27] does not intersect any error locations. Skipping.
2026-01-28 18:22:19 2026-01-28T18:22:19.488Z root INFO compiler-errors Handling selection change in editor file:///home/shrek/Arduino/practice/practice.ino. New (monaco) selection: [30,27 -> 30,27]
2026-01-28 18:22:19 2026-01-28T18:22:19.488Z root INFO compiler-errors Current error changed to d;218
2026-01-28 18:22:19 2026-01-28T18:22:19.877Z root INFO compiler-errors Handling selection change in editor file:///home/shrek/Arduino/practice/practice.ino. New (monaco) selection: [30,26 -> 30,26]
2026-01-28 18:22:20 2026-01-28T18:22:20.064Z root INFO compiler-errors Handling selection change in editor file:///home/shrek/Arduino/practice/practice.ino. New (monaco) selection: [30,25 -> 30,25]
2026-01-28 18:22:20 2026-01-28T18:22:20.247Z root INFO compiler-errors Handling selection change in editor file:///home/shrek/Arduino/practice/practice.ino. New (monaco) selection: [30,24 -> 30,24]
2026-01-28 18:22:20 2026-01-28T18:22:20.838Z root INFO compiler-errors decoration range: [27,3 -> 27,3], change range: [30,23 -> 30,24], affects: false
2026-01-28 18:22:20 2026-01-28T18:22:20.838Z root INFO compiler-errors decoration range: [30,4 -> 30,4], change range: [30,23 -> 30,24], affects: true
2026-01-28 18:22:20 2026-01-28T18:22:20.838Z root INFO compiler-errors decoration range: [39,5 -> 39,5], change range: [30,23 -> 30,24], affects: false
2026-01-28 18:22:20 2026-01-28T18:22:20.838Z root INFO compiler-errors Handling selection change in editor file:///home/shrek/Arduino/practice/practice.ino. New (monaco) selection: [30,23 -> 30,23]
2026-01-28 18:22:20 2026-01-28T18:22:20.838Z root INFO compiler-errors New (monaco) selection [30,23 -> 30,23] does not intersect any error locations. Skipping.
2026-01-28 18:22:21 2026-01-28T18:22:21.028Z root INFO compiler-errors decoration range: [27,3 -> 27,3], change range: [30,22 -> 30,23], affects: false
2026-01-28 18:22:21 2026-01-28T18:22:21.029Z root INFO compiler-errors decoration range: [39,5 -> 39,5], change range: [30,22 -> 30,23], affects: false
2026-01-28 18:22:21 2026-01-28T18:22:21.029Z root INFO compiler-errors Handling selection change in editor file:///home/shrek/Arduino/practice/practice.ino. New (monaco) selection: [30,22 -> 30,22]
2026-01-28 18:22:21 2026-01-28T18:22:21.029Z root INFO compiler-errors New (monaco) selection [30,22 -> 30,22] does not intersect any error locations. Skipping.
2026-01-28 18:22:21 2026-01-28T18:22:21.410Z root INFO compiler-errors decoration range: [27,3 -> 27,3], change range: [30,22 -> 30,22], affects: false
2026-01-28 18:22:21 2026-01-28T18:22:21.410Z root INFO compiler-errors decoration range: [39,5 -> 39,5], change range: [30,22 -> 30,22], affects: false
2026-01-28 18:22:21 2026-01-28T18:22:21.410Z root INFO compiler-errors Handling selection change in editor file:///home/shrek/Arduino/practice/practice.ino. New (monaco) selection: [30,23 -> 30,23]
2026-01-28 18:22:21 2026-01-28T18:22:21.410Z root INFO compiler-errors New (monaco) selection [30,23 -> 30,23] does not intersect any error locations. Skipping.
2026-01-28 18:22:21 2026-01-28T18:22:21.575Z root INFO compiler-errors decoration range: [27,3 -> 27,3], change range: [30,23 -> 30,23], affects: false
2026-01-28 18:22:21 2026-01-28T18:22:21.575Z root INFO compiler-errors decoration range: [39,5 -> 39,5], change range: [30,23 -> 30,23], affects: false
2026-01-28 18:22:21 2026-01-28T18:22:21.575Z root INFO compiler-errors Handling selection change in editor file:///home/shrek/Arduino/practice/practice.ino. New (monaco) selection: [30,24 -> 30,24]
2026-01-28 18:22:21 2026-01-28T18:22:21.575Z root INFO compiler-errors New (monaco) selection [30,24 -> 30,24] does not intersect any error locations. Skipping.
2026-01-28 18:22:24 2026-01-28T18:22:24.545Z daemon INFO time="2026-01-28T18:22:24Z" level=info msg="Adding libraries dir" dir=/home/shrek/.arduino15/libraries isSingleLibrary=false location=ide
2026-01-28 18:22:24 2026-01-28T18:22:24.545Z daemon INFO time="2026-01-28T18:22:24Z" level=info msg="Adding libraries dir" dir=/home/shrek/.arduino15/packages/esp32/hardware/esp32/3.3.6/libraries isSingleLibrary=false location=platform
time="2026-01-28T18:22:24Z" level=info msg="Adding libraries dir" dir=/home/shrek/Arduino/libraries isSingleLibrary=false location=user
2026-01-28 18:22:25 2026-01-28T18:22:25.175Z daemon INFO time="2026-01-28T18:22:25Z" level=info msg="Resolving include MD_MAX72xx.h for arch esp32"
time="2026-01-28T18:22:25Z" level=info msg="  found better lib" lib=MD_MAX72XX prio=6A7
2026-01-28 18:22:25 2026-01-28T18:22:25.183Z daemon INFO time="2026-01-28T18:22:25Z" level=info msg="Resolving include SPI.h for arch esp32"
time="2026-01-28T18:22:25Z" level=info msg="  found better lib" lib=SPI prio=6B0
2026-01-28 18:22:26 2026-01-28T18:22:26.228Z root INFO compiler-errors Current error changed to d;286
2026-01-28 18:22:26 2026-01-28T18:22:26.239Z root INFO compiler-errors Handling selection change in editor file:///home/shrek/Arduino/practice/practice.ino. New (monaco) selection: [44,5 -> 44,5]
2026-01-28 18:22:32 2026-01-28T18:22:32.420Z daemon INFO time="2026-01-28T18:22:32Z" level=info msg="Adding libraries dir" dir=/home/shrek/.arduino15/libraries isSingleLibrary=false location=ide
2026-01-28 18:22:32 2026-01-28T18:22:32.420Z daemon INFO time="2026-01-28T18:22:32Z" level=info msg="Adding libraries dir" dir=/home/shrek/.arduino15/packages/esp32/hardware/esp32/3.3.6/libraries isSingleLibrary=false location=platform
time="2026-01-28T18:22:32Z" level=info msg="Adding libraries dir" dir=/home/shrek/Arduino/libraries isSingleLibrary=false location=user
2026-01-28 18:22:33 2026-01-28T18:22:33.045Z daemon INFO time="2026-01-28T18:22:33Z" level=info msg="Resolving include MD_MAX72xx.h for arch esp32"
time="2026-01-28T18:22:33Z" level=info msg="  found better lib" lib=MD_MAX72XX prio=6A7
2026-01-28 18:22:33 2026-01-28T18:22:33.047Z daemon INFO time="2026-01-28T18:22:33Z" level=info msg="Resolving include SPI.h for arch esp32"
time="2026-01-28T18:22:33Z" level=info msg="  found better lib" lib=SPI prio=6B0
2026-01-28 18:22:34 2026-01-28T18:22:34.103Z root INFO compiler-errors Current error changed to d;290
2026-01-28 18:22:42 2026-01-28T18:22:42.904Z root INFO compiler-errors Handling selection change in editor file:///home/shrek/Arduino/practice/practice.ino. New (monaco) selection: [20,11 -> 20,11]
2026-01-28 18:22:42 2026-01-28T18:22:42.904Z root INFO compiler-errors New (monaco) selection [20,11 -> 20,11] does not intersect any error locations. Skipping.
2026-01-28 18:22:45 2026-01-28T18:22:45.843Z root INFO compiler-errors Handling selection change in editor file:///home/shrek/Arduino/practice/practice.ino. New (monaco) selection: [1,20 -> 1,20]
2026-01-28 18:22:45 2026-01-28T18:22:45.843Z root INFO compiler-errors New (monaco) selection [1,20 -> 1,20] does not intersect any error locations. Skipping.
2026-01-28 18:22:50 2026-01-28T18:22:50.469Z root INFO compiler-errors decoration range: [44,5 -> 44,5], change range: [1,20 -> 1,20], affects: false
2026-01-28 18:22:50 2026-01-28T18:22:50.469Z root INFO compiler-errors Handling selection change in editor file:///home/shrek/Arduino/practice/practice.ino. New (monaco) selection: [1,21 -> 1,21]
2026-01-28 18:22:50 2026-01-28T18:22:50.469Z root INFO compiler-errors New (monaco) selection [1,21 -> 1,21] does not intersect any error locations. Skipping.
2026-01-28 18:22:51 2026-01-28T18:22:51.381Z root INFO compiler-errors decoration range: [44,5 -> 44,5], change range: [1,20 -> 1,21], affects: false
2026-01-28 18:22:51 2026-01-28T18:22:51.381Z root INFO compiler-errors Handling selection change in editor file:///home/shrek/Arduino/practice/practice.ino. New (monaco) selection: [1,20 -> 1,20]
2026-01-28 18:22:51 2026-01-28T18:22:51.382Z root INFO compiler-errors New (monaco) selection [1,20 -> 1,20] does not intersect any error locations. Skipping.
2026-01-28 18:22:52 2026-01-28T18:22:52.015Z root INFO compiler-errors Handling selection change in editor file:///home/shrek/Arduino/practice/practice.ino. New (monaco) selection: [1,21 -> 1,21]
2026-01-28 18:22:52 2026-01-28T18:22:52.015Z root INFO compiler-errors New (monaco) selection [1,21 -> 1,21] does not intersect any error locations. Skipping.
2026-01-28 18:22:52 2026-01-28T18:22:52.309Z root INFO compiler-errors decoration range: [44,5 -> 44,5], change range: [1,20 -> 1,21], affects: false
2026-01-28 18:22:52 2026-01-28T18:22:52.309Z root INFO compiler-errors Handling selection change in editor file:///home/shrek/Arduino/practice/practice.ino. New (monaco) selection: [1,20 -> 1,20]
2026-01-28 18:22:52 2026-01-28T18:22:52.309Z root INFO compiler-errors New (monaco) selection [1,20 -> 1,20] does not intersect any error locations. Skipping.
2026-01-28 18:22:52 2026-01-28T18:22:52.481Z root INFO compiler-errors decoration range: [44,5 -> 44,5], change range: [1,19 -> 1,20], affects: false
2026-01-28 18:22:52 2026-01-28T18:22:52.481Z root INFO compiler-errors Handling selection change in editor file:///home/shrek/Arduino/practice/practice.ino. New (monaco) selection: [1,19 -> 1,19]
2026-01-28 18:22:52 2026-01-28T18:22:52.481Z root INFO compiler-errors New (monaco) selection [1,19 -> 1,19] does not intersect any error locations. Skipping.
2026-01-28 18:22:52 2026-01-28T18:22:52.780Z root INFO compiler-errors decoration range: [44,5 -> 44,5], change range: [1,19 -> 1,19], affects: false
2026-01-28 18:22:52 2026-01-28T18:22:52.780Z root INFO compiler-errors Handling selection change in editor file:///home/shrek/Arduino/practice/practice.ino. New (monaco) selection: [1,20 -> 1,20]
2026-01-28 18:22:52 2026-01-28T18:22:52.781Z root INFO compiler-errors New (monaco) selection [1,20 -> 1,20] does not intersect any error locations. Skipping.
2026-01-28 18:22:52 2026-01-28T18:22:52.958Z root INFO compiler-errors decoration range: [44,5 -> 44,5], change range: [1,20 -> 1,20], affects: false
2026-01-28 18:22:52 2026-01-28T18:22:52.958Z root INFO compiler-errors Handling selection change in editor file:///home/shrek/Arduino/practice/practice.ino. New (monaco) selection: [1,21 -> 1,21]
2026-01-28 18:22:52 2026-01-28T18:22:52.959Z root INFO compiler-errors New (monaco) selection [1,21 -> 1,21] does not intersect any error locations. Skipping.
2026-01-28 18:22:54 2026-01-28T18:22:54.627Z daemon INFO time="2026-01-28T18:22:54Z" level=info msg="Adding libraries dir" dir=/home/shrek/.arduino15/libraries isSingleLibrary=false location=ide
2026-01-28 18:22:54 2026-01-28T18:22:54.627Z daemon INFO time="2026-01-28T18:22:54Z" level=info msg="Adding libraries dir" dir=/home/shrek/.arduino15/packages/esp32/hardware/esp32/3.3.6/libraries isSingleLibrary=false location=platform
time="2026-01-28T18:22:54Z" level=info msg="Adding libraries dir" dir=/home/shrek/Arduino/libraries isSingleLibrary=false location=user
2026-01-28 18:22:55 2026-01-28T18:22:55.350Z root INFO compiler-errors Current error changed to d;308
2026-01-28 18:22:55 2026-01-28T18:22:55.360Z root INFO compiler-errors Handling selection change in editor file:///home/shrek/Arduino/practice/practice.ino. New (monaco) selection: [1,1 -> 1,1]
2026-01-28 18:22:57 2026-01-28T18:22:57.461Z root INFO compiler-errors Handling selection change in editor file:///home/shrek/Arduino/practice/practice.ino. New (monaco) selection: [1,20 -> 1,20]
2026-01-28 18:22:59 2026-01-28T18:22:59.687Z root INFO compiler-errors Handling selection change in editor file:///home/shrek/Arduino/practice/practice.ino. New (monaco) selection: [1,21 -> 1,21]
2026-01-28 18:23:00 2026-01-28T18:23:00.610Z root INFO compiler-errors decoration range: [1,1 -> 1,1], change range: [1,20 -> 1,21], affects: true
2026-01-28 18:23:00 2026-01-28T18:23:00.610Z root INFO compiler-errors Handling selection change in editor file:///home/shrek/Arduino/practice/practice.ino. New (monaco) selection: [1,20 -> 1,20]
2026-01-28 18:23:00 2026-01-28T18:23:00.610Z root INFO compiler-errors New (monaco) selection [1,20 -> 1,20] does not intersect any error locations. Skipping.
2026-01-28 18:23:00 2026-01-28T18:23:00.794Z root INFO compiler-errors Handling selection change in editor file:///home/shrek/Arduino/practice/practice.ino. New (monaco) selection: [1,19 -> 1,19]
2026-01-28 18:23:00 2026-01-28T18:23:00.794Z root INFO compiler-errors New (monaco) selection [1,19 -> 1,19] does not intersect any error locations. Skipping.
2026-01-28 18:23:00 2026-01-28T18:23:00.889Z root INFO compiler-errors Handling selection change in editor file:///home/shrek/Arduino/practice/practice.ino. New (monaco) selection: [1,20 -> 1,20]
2026-01-28 18:23:00 2026-01-28T18:23:00.889Z root INFO compiler-errors New (monaco) selection [1,20 -> 1,20] does not intersect any error locations. Skipping.
2026-01-28 18:23:01 2026-01-28T18:23:01.145Z root INFO compiler-errors Handling selection change in editor file:///home/shrek/Arduino/practice/practice.ino. New (monaco) selection: [1,21 -> 1,21]
2026-01-28 18:23:01 2026-01-28T18:23:01.145Z root INFO compiler-errors New (monaco) selection [1,21 -> 1,21] does not intersect any error locations. Skipping.
2026-01-28 18:23:02 2026-01-28T18:23:02.961Z daemon INFO time="2026-01-28T18:23:02Z" level=info msg="Adding libraries dir" dir=/home/shrek/.arduino15/libraries isSingleLibrary=false location=ide
2026-01-28 18:23:02 2026-01-28T18:23:02.961Z daemon INFO time="2026-01-28T18:23:02Z" level=info msg="Adding libraries dir" dir=/home/shrek/.arduino15/packages/esp32/hardware/esp32/3.3.6/libraries isSingleLibrary=false location=platform
time="2026-01-28T18:23:02Z" level=info msg="Adding libraries dir" dir=/home/shrek/Arduino/libraries isSingleLibrary=false location=user
2026-01-28 18:23:03 2026-01-28T18:23:03.542Z daemon INFO time="2026-01-28T18:23:03Z" level=info msg="Resolving include MD_MAX72xx.h for arch esp32"
time="2026-01-28T18:23:03Z" level=info msg="  found better lib" lib=MD_MAX72XX prio=6A7
2026-01-28 18:23:03 2026-01-28T18:23:03.895Z daemon INFO time="2026-01-28T18:23:03Z" level=info msg="Resolving include SPI.h for arch esp32"
time="2026-01-28T18:23:03Z" level=info msg="  found better lib" lib=SPI prio=6B0
2026-01-28 18:23:05 2026-01-28T18:23:05.715Z root INFO compiler-errors Current error changed to d;320
2026-01-28 18:23:05 2026-01-28T18:23:05.726Z root INFO compiler-errors Handling selection change in editor file:///home/shrek/Arduino/practice/practice.ino. New (monaco) selection: [44,5 -> 44,5]
2026-01-28 18:24:20 2026-01-28T18:24:20.166Z root INFO compiler-errors Handling selection change in editor file:///home/shrek/Arduino/practice/practice.ino. New (monaco) selection: [40,1 -> 40,1]
2026-01-28 18:24:20 2026-01-28T18:24:20.166Z root INFO compiler-errors New (monaco) selection [40,1 -> 40,1] does not intersect any error locations. Skipping.
2026-01-28 18:24:21 2026-01-28T18:24:21.335Z root INFO compiler-errors Handling selection change in editor file:///home/shrek/Arduino/practice/practice.ino. New (monaco) selection: [1,1 -> 61,1]
2026-01-28 18:24:22 2026-01-28T18:24:22.032Z root INFO compiler-errors decoration range: [1,1 -> 1,1], change range: [1,1 -> 61,1], affects: true
2026-01-28 18:24:22 2026-01-28T18:24:22.032Z root INFO compiler-errors Handling selection change in editor file:///home/shrek/Arduino/practice/practice.ino. New (monaco) selection: [1,1 -> 1,1]
2026-01-28 18:24:22 2026-01-28T18:24:22.032Z root INFO compiler-errors New (monaco) selection [1,1 -> 1,1] does not intersect any error locations. Skipping.
2026-01-28 18:24:22 2026-01-28T18:24:22.533Z root INFO compiler-errors Handling selection change in editor file:///home/shrek/Arduino/practice/practice.ino. New (monaco) selection: [32,1 -> 32,1]
2026-01-28 18:24:22 2026-01-28T18:24:22.533Z root INFO compiler-errors New (monaco) selection [32,1 -> 32,1] does not intersect any error locations. Skipping.
2026-01-28 18:24:24 2026-01-28T18:24:24.736Z daemon INFO time="2026-01-28T18:24:24Z" level=info msg="Adding libraries dir" dir=/home/shrek/.arduino15/libraries isSingleLibrary=false location=ide
2026-01-28 18:24:24 2026-01-28T18:24:24.736Z daemon INFO time="2026-01-28T18:24:24Z" level=info msg="Adding libraries dir" dir=/home/shrek/.arduino15/packages/esp32/hardware/esp32/3.3.6/libraries isSingleLibrary=false location=platform
time="2026-01-28T18:24:24Z" level=info msg="Adding libraries dir" dir=/home/shrek/Arduino/libraries isSingleLibrary=false location=user
2026-01-28 18:24:25 2026-01-28T18:24:25.489Z root INFO compiler-errors Current error changed to d;331
2026-01-28 18:24:25 2026-01-28T18:24:25.498Z root INFO compiler-errors Handling selection change in editor file:///home/shrek/Arduino/practice/practice.ino. New (monaco) selection: [1,1 -> 1,1]
2026-01-28 18:24:27 2026-01-28T18:24:27.269Z root INFO compiler-errors Handling selection change in editor file:///home/shrek/Arduino/practice/practice.ino. New (monaco) selection: [1,21 -> 1,21]
2026-01-28 18:24:28 2026-01-28T18:24:28.008Z root INFO compiler-errors decoration range: [1,1 -> 1,1], change range: [1,20 -> 1,21], affects: true
2026-01-28 18:24:28 2026-01-28T18:24:28.008Z root INFO compiler-errors Handling selection change in editor file:///home/shrek/Arduino/practice/practice.ino. New (monaco) selection: [1,20 -> 1,20]
2026-01-28 18:24:28 2026-01-28T18:24:28.008Z root INFO compiler-errors New (monaco) selection [1,20 -> 1,20] does not intersect any error locations. Skipping.
2026-01-28 18:24:28 2026-01-28T18:24:28.219Z root INFO compiler-errors Handling selection change in editor file:///home/shrek/Arduino/practice/practice.ino. New (monaco) selection: [1,19 -> 1,19]
2026-01-28 18:24:28 2026-01-28T18:24:28.219Z root INFO compiler-errors New (monaco) selection [1,19 -> 1,19] does not intersect any error locations. Skipping.
2026-01-28 18:24:28 2026-01-28T18:24:28.316Z root INFO compiler-errors Handling selection change in editor file:///home/shrek/Arduino/practice/practice.ino. New (monaco) selection: [1,20 -> 1,20]
2026-01-28 18:24:28 2026-01-28T18:24:28.316Z root INFO compiler-errors New (monaco) selection [1,20 -> 1,20] does not intersect any error locations. Skipping.
2026-01-28 18:24:28 2026-01-28T18:24:28.518Z root INFO compiler-errors Handling selection change in editor file:///home/shrek/Arduino/practice/practice.ino. New (monaco) selection: [1,21 -> 1,21]
2026-01-28 18:24:28 2026-01-28T18:24:28.518Z root INFO compiler-errors New (monaco) selection [1,21 -> 1,21] does not intersect any error locations. Skipping.
2026-01-28 18:24:29 2026-01-28T18:24:29.782Z daemon INFO time="2026-01-28T18:24:29Z" level=info msg="Adding libraries dir" dir=/home/shrek/.arduino15/libraries isSingleLibrary=false location=ide
2026-01-28 18:24:29 2026-01-28T18:24:29.782Z daemon INFO time="2026-01-28T18:24:29Z" level=info msg="Adding libraries dir" dir=/home/shrek/.arduino15/packages/esp32/hardware/esp32/3.3.6/libraries isSingleLibrary=false location=platform
time="2026-01-28T18:24:29Z" level=info msg="Adding libraries dir" dir=/home/shrek/Arduino/libraries isSingleLibrary=false location=user
2026-01-28 18:24:30 2026-01-28T18:24:30.361Z daemon INFO time="2026-01-28T18:24:30Z" level=info msg="Resolving include MD_MAX72xx.h for arch esp32"
time="2026-01-28T18:24:30Z" level=info msg="  found better lib" lib=MD_MAX72XX prio=6A7
2026-01-28 18:24:30 2026-01-28T18:24:30.707Z daemon INFO time="2026-01-28T18:24:30Z" level=info msg="Resolving include SPI.h for arch esp32"
time="2026-01-28T18:24:30Z" level=info msg="  found better lib" lib=SPI prio=6B0
2026-01-28 18:24:32 2026-01-28T18:24:32.596Z root INFO compiler-errors Current error changed to d;342
2026-01-28 18:24:32 2026-01-28T18:24:32.605Z root INFO compiler-errors Handling selection change in editor file:///home/shrek/Arduino/practice/practice.ino. New (monaco) selection: [28,6 -> 28,6]
2026-01-28 18:25:49 2026-01-28T18:25:49.723Z root INFO compiler-errors Handling selection change in editor file:///home/shrek/Arduino/practice/practice.ino. New (monaco) selection: [15,48 -> 15,48]
2026-01-28 18:25:49 2026-01-28T18:25:49.723Z root INFO compiler-errors New (monaco) selection [15,48 -> 15,48] does not intersect any error locations. Skipping.
2026-01-28 18:25:49 2026-01-28T18:25:49.726Z root INFO compiler-errors Handling selection change in editor file:///home/shrek/Arduino/practice/practice.ino. New (monaco) selection: [15,48 -> 16,1]
2026-01-28 18:25:49 2026-01-28T18:25:49.726Z root INFO compiler-errors New (monaco) selection [15,48 -> 16,1] does not intersect any error locations. Skipping.
2026-01-28 18:25:49 2026-01-28T18:25:49.952Z root INFO compiler-errors Handling selection change in editor file:///home/shrek/Arduino/practice/practice.ino. New (monaco) selection: [1,1 -> 32,1]
2026-01-28 18:25:50 2026-01-28T18:25:50.407Z root INFO compiler-errors decoration range: [1,1 -> 1,1], change range: [1,1 -> 32,1], affects: true
2026-01-28 18:25:50 2026-01-28T18:25:50.407Z root INFO compiler-errors decoration range: [1,1 -> 1,1], change range: [1,1 -> 32,1], affects: true
2026-01-28 18:25:50 2026-01-28T18:25:50.407Z root INFO compiler-errors Handling selection change in editor file:///home/shrek/Arduino/practice/practice.ino. New (monaco) selection: [1,1 -> 1,1]
2026-01-28 18:25:50 2026-01-28T18:25:50.407Z root INFO compiler-errors New (monaco) selection [1,1 -> 1,1] does not intersect any error locations. Skipping.
2026-01-28 18:25:51 2026-01-28T18:25:51.079Z root INFO compiler-errors Handling selection change in editor file:///home/shrek/Arduino/practice/practice.ino. New (monaco) selection: [56,1 -> 56,1]
2026-01-28 18:25:51 2026-01-28T18:25:51.079Z root INFO compiler-errors New (monaco) selection [56,1 -> 56,1] does not intersect any error locations. Skipping.
2026-01-28 18:25:52 2026-01-28T18:25:52.589Z root INFO compiler-errors Handling selection change in editor file:///home/shrek/Arduino/practice/practice.ino. New (monaco) selection: [1,20 -> 1,20]
2026-01-28 18:25:52 2026-01-28T18:25:52.589Z root INFO compiler-errors New (monaco) selection [1,20 -> 1,20] does not intersect any error locations. Skipping.
2026-01-28 18:25:53 2026-01-28T18:25:53.967Z root INFO compiler-errors Handling selection change in editor file:///home/shrek/Arduino/practice/practice.ino. New (monaco) selection: [1,21 -> 1,21]
2026-01-28 18:25:53 2026-01-28T18:25:53.967Z root INFO compiler-errors New (monaco) selection [1,21 -> 1,21] does not intersect any error locations. Skipping.
2026-01-28 18:25:54 2026-01-28T18:25:54.282Z root INFO compiler-errors Handling selection change in editor file:///home/shrek/Arduino/practice/practice.ino. New (monaco) selection: [1,20 -> 1,20]
2026-01-28 18:25:54 2026-01-28T18:25:54.282Z root INFO compiler-errors New (monaco) selection [1,20 -> 1,20] does not intersect any error locations. Skipping.
2026-01-28 18:25:54 2026-01-28T18:25:54.447Z root INFO compiler-errors Handling selection change in editor file:///home/shrek/Arduino/practice/practice.ino. New (monaco) selection: [1,19 -> 1,19]
2026-01-28 18:25:54 2026-01-28T18:25:54.447Z root INFO compiler-errors New (monaco) selection [1,19 -> 1,19] does not intersect any error locations. Skipping.
2026-01-28 18:25:54 2026-01-28T18:25:54.540Z root INFO compiler-errors Handling selection change in editor file:///home/shrek/Arduino/practice/practice.ino. New (monaco) selection: [1,20 -> 1,20]
2026-01-28 18:25:54 2026-01-28T18:25:54.540Z root INFO compiler-errors New (monaco) selection [1,20 -> 1,20] does not intersect any error locations. Skipping.
2026-01-28 18:25:54 2026-01-28T18:25:54.836Z root INFO compiler-errors Handling selection change in editor file:///home/shrek/Arduino/practice/practice.ino. New (monaco) selection: [1,21 -> 1,21]
2026-01-28 18:25:54 2026-01-28T18:25:54.836Z root INFO compiler-errors New (monaco) selection [1,21 -> 1,21] does not intersect any error locations. Skipping.
2026-01-28 18:25:55 2026-01-28T18:25:55.302Z root INFO compiler-errors Handling selection change in editor file:///home/shrek/Arduino/practice/practice.ino. New (monaco) selection: [2,17 -> 2,17]
2026-01-28 18:25:55 2026-01-28T18:25:55.302Z root INFO compiler-errors New (monaco) selection [2,17 -> 2,17] does not intersect any error locations. Skipping.
2026-01-28 18:26:42 2026-01-28T18:26:42.046Z root INFO compiler-errors Handling selection change in editor file:///home/shrek/Arduino/practice/practice.ino. New (monaco) selection: [30,35 -> 30,35]
2026-01-28 18:26:42 2026-01-28T18:26:42.046Z root INFO compiler-errors New (monaco) selection [30,35 -> 30,35] does not intersect any error locations. Skipping.
2026-01-28 18:26:42 2026-01-28T18:26:42.368Z root INFO compiler-errors Handling selection change in editor file:///home/shrek/Arduino/practice/practice.ino. New (monaco) selection: [1,1 -> 56,1]
2026-01-28 18:26:42 2026-01-28T18:26:42.368Z root INFO compiler-errors New (monaco) selection [1,1 -> 56,1] does not intersect any error locations. Skipping.
2026-01-28 18:26:42 2026-01-28T18:26:42.397Z daemon INFO time="2026-01-28T18:26:42Z" level=info msg="Adding libraries dir" dir=/home/shrek/.arduino15/libraries isSingleLibrary=false location=ide
2026-01-28 18:26:42 2026-01-28T18:26:42.397Z daemon INFO time="2026-01-28T18:26:42Z" level=info msg="Adding libraries dir" dir=/home/shrek/.arduino15/packages/esp32/hardware/esp32/3.3.6/libraries isSingleLibrary=false location=platform
time="2026-01-28T18:26:42Z" level=info msg="Adding libraries dir" dir=/home/shrek/Arduino/libraries isSingleLibrary=false location=user
2026-01-28 18:26:43 2026-01-28T18:26:43.052Z daemon INFO time="2026-01-28T18:26:43Z" level=info msg="Resolving include MD_MAX72xx.h for arch esp32"
time="2026-01-28T18:26:43Z" level=info msg="  found better lib" lib=MD_MAX72XX prio=6A7
2026-01-28 18:26:43 2026-01-28T18:26:43.053Z daemon INFO time="2026-01-28T18:26:43Z" level=info msg="Resolving include SPI.h for arch esp32"
time="2026-01-28T18:26:43Z" level=info msg="  found better lib" lib=SPI prio=6B0
2026-01-28 18:26:45 2026-01-28T18:26:45.270Z root INFO Executing 'arduino.languageserver.notifyBuildDidComplete' with "file:///home/shrek/.cache/arduino/sketches/06F50BDA0506E2D6953ED82E048FA1AF"
2026-01-28 18:26:45 2026-01-28T18:26:45.279Z root ERROR Unexpected error when firing event on build did complete. "file:///home/shrek/.cache/arduino/sketches/06F50BDA0506E2D6953ED82E048FA1AF" Error: Language client is not ready yet
    at D.sendNotification (/opt/arduino-ide/resources/app/plugins/vscode-arduino-tools/extension/dist/extension.js:2:139187)
    at /opt/arduino-ide/resources/app/plugins/vscode-arduino-tools/extension/dist/extension.js:2:10112
    at /opt/arduino-ide/resources/app/lib/backend/plugin-host.js:2:1564317
    at t.CommandRegistryImpl.executeLocalCommand (/opt/arduino-ide/resources/app/lib/backend/plugin-host.js:2:1564961)
    at t.CommandRegistryImpl.$executeCommand (/opt/arduino-ide/resources/app/lib/backend/plugin-host.js:2:1564473)
    at t.RPCProtocolImpl.handleRequest (/opt/arduino-ide/resources/app/lib/backend/plugin-host.js:2:1026128)
    at c.requestHandler (/opt/arduino-ide/resources/app/lib/backend/plugin-host.js:2:1025699)
    at c.handleRequest (/opt/arduino-ide/resources/app/lib/backend/plugin-host.js:2:223918)
    at c.handleMessage (/opt/arduino-ide/resources/app/lib/backend/plugin-host.js:2:221820)
    at /opt/arduino-ide/resources/app/lib/backend/plugin-host.js:2:221454
2026-01-28 18:26:48 2026-01-28T18:26:48.940Z daemon INFO time="2026-01-28T18:26:48Z" level=info msg="Adding libraries dir" dir=/home/shrek/.arduino15/libraries isSingleLibrary=false location=ide
time="2026-01-28T18:26:48Z" level=info msg="Adding libraries dir" dir=/home/shrek/.arduino15/packages/esp32/hardware/esp32/3.3.6/libraries isSingleLibrary=false location=platform
2026-01-28 18:26:48 2026-01-28T18:26:48.940Z daemon INFO time="2026-01-28T18:26:48Z" level=info msg="Adding libraries dir" dir=/home/shrek/Arduino/libraries isSingleLibrary=false location=user
2026-01-28 18:26:49 2026-01-28T18:26:49.667Z root INFO compiler-errors Current error changed to d;387
2026-01-28 18:26:51 2026-01-28T18:26:51.434Z root INFO compiler-errors Handling selection change in editor file:///home/shrek/Arduino/practice/practice.ino. New (monaco) selection: [1,1 -> 1,1]
2026-01-28 18:26:52 2026-01-28T18:26:52.501Z root INFO compiler-errors Handling selection change in editor file:///home/shrek/Arduino/practice/practice.ino. New (monaco) selection: [1,21 -> 1,21]
2026-01-28 18:26:53 2026-01-28T18:26:53.129Z root INFO compiler-errors decoration range: [1,1 -> 1,1], change range: [1,20 -> 1,21], affects: true
2026-01-28 18:26:53 2026-01-28T18:26:53.129Z root INFO compiler-errors Handling selection change in editor file:///home/shrek/Arduino/practice/practice.ino. New (monaco) selection: [1,20 -> 1,20]
2026-01-28 18:26:53 2026-01-28T18:26:53.129Z root INFO compiler-errors New (monaco) selection [1,20 -> 1,20] does not intersect any error locations. Skipping.
2026-01-28 18:26:53 2026-01-28T18:26:53.307Z root INFO compiler-errors Handling selection change in editor file:///home/shrek/Arduino/practice/practice.ino. New (monaco) selection: [1,19 -> 1,19]
2026-01-28 18:26:53 2026-01-28T18:26:53.307Z root INFO compiler-errors New (monaco) selection [1,19 -> 1,19] does not intersect any error locations. Skipping.
2026-01-28 18:26:53 2026-01-28T18:26:53.383Z root INFO compiler-errors Handling selection change in editor file:///home/shrek/Arduino/practice/practice.ino. New (monaco) selection: [1,20 -> 1,20]
2026-01-28 18:26:53 2026-01-28T18:26:53.383Z root INFO compiler-errors New (monaco) selection [1,20 -> 1,20] does not intersect any error locations. Skipping.
2026-01-28 18:26:53 2026-01-28T18:26:53.590Z root INFO compiler-errors Handling selection change in editor file:///home/shrek/Arduino/practice/practice.ino. New (monaco) selection: [1,21 -> 1,21]
2026-01-28 18:26:53 2026-01-28T18:26:53.590Z root INFO compiler-errors New (monaco) selection [1,21 -> 1,21] does not intersect any error locations. Skipping.
2026-01-28 18:26:55 2026-01-28T18:26:55.306Z daemon INFO time="2026-01-28T18:26:55Z" level=info msg="Adding libraries dir" dir=/home/shrek/.arduino15/libraries isSingleLibrary=false location=ide
time="2026-01-28T18:26:55Z" level=info msg="Adding libraries dir" dir=/home/shrek/.arduino15/packages/esp32/hardware/esp32/3.3.6/libraries isSingleLibrary=false location=platform
2026-01-28 18:26:55 2026-01-28T18:26:55.306Z daemon INFO time="2026-01-28T18:26:55Z" level=info msg="Adding libraries dir" dir=/home/shrek/Arduino/libraries isSingleLibrary=false location=user
2026-01-28 18:26:55 2026-01-28T18:26:55.875Z daemon INFO time="2026-01-28T18:26:55Z" level=info msg="Resolving include MD_MAX72xx.h for arch esp32"
time="2026-01-28T18:26:55Z" level=info msg="  found better lib" lib=MD_MAX72XX prio=6A7
2026-01-28 18:26:56 2026-01-28T18:26:56.216Z daemon INFO time="2026-01-28T18:26:56Z" level=info msg="Resolving include SPI.h for arch esp32"
time="2026-01-28T18:26:56Z" level=info msg="  found better lib" lib=SPI prio=6B0
2026-01-28 18:26:59 2026-01-28T18:26:59.095Z root INFO Executing 'arduino.languageserver.notifyBuildDidComplete' with "file:///home/shrek/.cache/arduino/sketches/06F50BDA0506E2D6953ED82E048FA1AF"
2026-01-28 18:26:59 2026-01-28T18:26:59.105Z root ERROR Unexpected error when firing event on build did complete. "file:///home/shrek/.cache/arduino/sketches/06F50BDA0506E2D6953ED82E048FA1AF" Error: Language client is not ready yet
    at D.sendNotification (/opt/arduino-ide/resources/app/plugins/vscode-arduino-tools/extension/dist/extension.js:2:139187)
    at /opt/arduino-ide/resources/app/plugins/vscode-arduino-tools/extension/dist/extension.js:2:10112
    at /opt/arduino-ide/resources/app/lib/backend/plugin-host.js:2:1564317
    at t.CommandRegistryImpl.executeLocalCommand (/opt/arduino-ide/resources/app/lib/backend/plugin-host.js:2:1564961)
    at t.CommandRegistryImpl.$executeCommand (/opt/arduino-ide/resources/app/lib/backend/plugin-host.js:2:1564473)
    at t.RPCProtocolImpl.handleRequest (/opt/arduino-ide/resources/app/lib/backend/plugin-host.js:2:1026128)
    at c.requestHandler (/opt/arduino-ide/resources/app/lib/backend/plugin-host.js:2:1025699)
    at c.handleRequest (/opt/arduino-ide/resources/app/lib/backend/plugin-host.js:2:223918)
    at c.handleMessage (/opt/arduino-ide/resources/app/lib/backend/plugin-host.js:2:221820)
    at /opt/arduino-ide/resources/app/lib/backend/plugin-host.js:2:221454
2026-01-28 18:27:05 2026-01-28T18:27:05.332Z root INFO Received port after upload [arduino+serial:///dev/ttyACM0, esp32:esp32:esp32s3:UploadSpeed=115200,USBMode=hwcdc,CDCOnBoot=cdc,MSCOnBoot=default,DFUOnBoot=default,UploadMode=default,CPUFreq=240,FlashMode=qio,FlashSize=32M,PartitionScheme=default,DebugLevel=none,PSRAM=disabled,LoopCore=1,EventsCore=1,EraseFlash=none,JTAGAdapter=default,ZigbeeMode=default, practice]. Before port: {"protocol":"serial","address":"/dev/ttyACM0"}, after port: {"address":"/dev/ttyACM0","addressLabel":"/dev/ttyACM0","protocol":"serial","protocolLabel":"Serial Port (USB)","properties":{"pid":"0x1001","serialNumber":"90:E5:B1:D7:D6:84","vid":"0x303a"},"hardwareId":"90:E5:B1:D7:D6:84"}
2026-01-28 18:32:37 isTempSketch: false. Input was /home/shrek/Arduino/practice
2026-01-28 18:32:37 Marking workspace as a closed sketch. Workspace URI: file:///home/shrek/Arduino/practice. Date: 1769625157242.
2026-01-28 18:32:37 isTempSketch: false. Input was /home/shrek/Arduino/practice
2026-01-28 18:32:37 Marking workspace as a closed sketch. Workspace URI: file:///home/shrek/Arduino/practice. Date: 1769625157244.
2026-01-28 18:32:37 2026-01-28T18:32:37.247Z root INFO socked closed
2026-01-28 18:32:37 2026-01-28T18:32:37.247Z root INFO closing connection for 2
2026-01-28 18:32:37 2026-01-28T18:32:37.247Z root INFO Closing channel on service path '/localization-server'.
2026-01-28 18:32:37 2026-01-28T18:32:37.247Z root INFO Closing channel on service path '/os'.
2026-01-28 18:32:37 2026-01-28T18:32:37.247Z root INFO Closing channel on service path '/services/commands'.
2026-01-28 18:32:37 2026-01-28T18:32:37.247Z root INFO Closing channel on service path '/services/keyboard'.
2026-01-28 18:32:37 2026-01-28T18:32:37.247Z root INFO Closing channel on service path '/services/logger'.
2026-01-28 18:32:37 2026-01-28T18:32:37.247Z root INFO Closing channel on service path '/services/messageService'.
2026-01-28 18:32:37 2026-01-28T18:32:37.247Z root INFO Closing channel on service path '/services/ChannelCloseService'.
2026-01-28 18:32:37 2026-01-28T18:32:37.247Z root INFO Closing channel on service path '/services/remote-filesystem'.
2026-01-28 18:32:37 2026-01-28T18:32:37.247Z root INFO Closing channel on service path '/services/envs'.
2026-01-28 18:32:37 2026-01-28T18:32:37.247Z root INFO Closing channel on service path '/services/authentication-service'.
2026-01-28 18:32:37 2026-01-28T18:32:37.247Z root INFO Closing channel on service path '/services/sketches-service'.
2026-01-28 18:32:37 2026-01-28T18:32:37.247Z root INFO Closing channel on service path '/services/config-service'.
2026-01-28 18:32:37 2026-01-28T18:32:37.247Z root INFO Closing channel on service path '/services/workspace'.
2026-01-28 18:32:37 2026-01-28T18:32:37.247Z root INFO Closing channel on service path '/services/notification-service'.
2026-01-28 18:32:37 2026-01-28T18:32:37.247Z root INFO Closing channel on service path '/services/arduino-daemon'.
2026-01-28 18:32:37 2026-01-28T18:32:37.247Z root INFO Closing channel on service path '/services/stopwatch'.
2026-01-28 18:32:37 2026-01-28T18:32:37.247Z root INFO Closing channel on service path '/services/application'.
2026-01-28 18:32:37 2026-01-28T18:32:37.247Z root INFO Closing channel on service path '/services/i18n'.
2026-01-28 18:32:37 2026-01-28T18:32:37.247Z root INFO Closing channel on service path '/services/quickInput'.
2026-01-28 18:32:37 2026-01-28T18:32:37.247Z root INFO Closing channel on service path '/services/debug'.
2026-01-28 18:32:37 2026-01-28T18:32:37.247Z root INFO Closing channel on service path '/services/shell-terminal'.
2026-01-28 18:32:37 2026-01-28T18:32:37.247Z root INFO Closing channel on service path '/services/quickPick'.
2026-01-28 18:32:37 2026-01-28T18:32:37.247Z root INFO Closing channel on service path '/services/task'.
2026-01-28 18:32:37 2026-01-28T18:32:37.247Z root INFO Closing channel on service path '/services/search'.
2026-01-28 18:32:37 2026-01-28T18:32:37.247Z root INFO Closing channel on service path '/services/hostedPlugin'.
2026-01-28 18:32:37 2026-01-28T18:32:37.247Z root INFO Closing channel on service path '/services/plugin-ext'.
2026-01-28 18:32:37 2026-01-28T18:32:37.247Z root INFO Closing channel on service path '/services/plugin-paths'.
2026-01-28 18:32:37 2026-01-28T18:32:37.247Z root INFO Closing channel on service path '/services/cli-preferences'.
2026-01-28 18:32:37 2026-01-28T18:32:37.247Z root INFO Closing channel on service path '/services/boards-service'.
2026-01-28 18:32:37 2026-01-28T18:32:37.247Z root INFO Closing channel on service path '/services/response-service'.
2026-01-28 18:32:37 2026-01-28T18:32:37.247Z root INFO Closing channel on service path '/services/file-system-ext'.
2026-01-28 18:32:37 2026-01-28T18:32:37.247Z root INFO Closing channel on service path '/services/core-service'.
2026-01-28 18:32:37 2026-01-28T18:32:37.247Z root INFO Closing channel on service path '/services/example-service'.
2026-01-28 18:32:37 2026-01-28T18:32:37.247Z root INFO Closing channel on service path '/services/library-service'.
2026-01-28 18:32:37 2026-01-28T18:32:37.247Z root INFO Closing channel on service path '/services/executable-service'.
2026-01-28 18:32:37 2026-01-28T18:32:37.247Z root INFO Closing channel on service path '/services/arduino-firmware-uploader'.
2026-01-28 18:32:37 2026-01-28T18:32:37.247Z root INFO Closing channel on service path '/services/formatter'.
2026-01-28 18:32:37 2026-01-28T18:32:37.247Z root INFO Closing channel on service path '/services/search-in-workspace'.
2026-01-28 18:32:37 2026-01-28T18:32:37.247Z root INFO Closing channel on service path '/services/request-service'.
2026-01-28 18:32:37 2026-01-28T18:32:37.247Z root INFO Closing channel on service path '/services/keyStore'.
2026-01-28 18:32:37 2026-01-28T18:32:37.247Z root INFO Closing channel on service path '/services/languagePackService'.
2026-01-28 18:32:37 Closing channel on service path '/services/electron-window'.
2026-01-28 18:32:37 Closing channel on service path '/services/ide-updater'.
2026-01-28 18:32:37 Skipped storing sketch as workspace root. Expected minimum threshold: <1769625156265>. Was: <1769623418631>.
2026-01-28 18:32:37 Skipped storing sketch as workspace root. Expected minimum threshold: <1769625156265>. Was: <1769623418633>.
2026-01-28 18:32:37 Storing the sketch as a workspace root: </home/shrek/Arduino/practice>.
2026-01-28 18:32:37 Skipped storing sketch as workspace root. Already visited: </home/shrek/Arduino/practice>.
2026-01-28 18:32:37 Stored workspaces roots: /home/shrek/Arduino/practice
2026-01-28 18:32:37 No sketches were scheduled for deletion.
