2026-03-06 19:33:33 Arduino IDE 2.3.7
2026-03-06 19:33:33 Checking for frontend application configuration customizations. Module path: /opt/arduino-ide/resources/app/lib/backend/electron-main.js, destination 'package.json': /opt/arduino-ide/resources/app/package.json
2026-03-06 19:33:33 Setting 'theia.frontend.config.appVersion' application configuration value to: "2.3.7" (type of string)
2026-03-06 19:33:33 Setting 'theia.frontend.config.cliVersion' application configuration value to: "1.3.1" (type of string)
2026-03-06 19:33:33 Setting 'theia.frontend.config.buildDate' application configuration value to: "2025-12-17T16:01:58.874Z" (type of string)
2026-03-06 19:33:33 Frontend application configuration after modifications: {"applicationName":"Arduino IDE","defaultTheme":{"light":"arduino-theme","dark":"arduino-theme-dark"},"defaultIconTheme":"none","electron":{"windowOptions":{},"showWindowEarly":true,"splashScreenOptions":{},"uriScheme":"arduino-ide"},"defaultLocale":"","validatePreferencesSchema":false,"reloadOnReconnect":true,"uriScheme":"theia","preferences":{"window.title":"${rootName}${activeEditorShort}${appName}","files.autoSave":"afterDelay","editor.minimap.enabled":false,"editor.tabSize":2,"editor.scrollBeyondLastLine":false,"editor.quickSuggestions":{"other":false,"comments":false,"strings":false},"editor.maxTokenizationLineLength":500,"editor.bracketPairColorization.enabled":false,"breadcrumbs.enabled":false,"workbench.tree.renderIndentGuides":"none","explorer.compactFolders":false},"appVersion":"2.3.7","cliVersion":"1.3.1","buildDate":"2025-12-17T16:01:58.874Z"}
2026-03-06 19:33:33 Starting backend process. PID: 16349
2026-03-06 19:33:33 Showing main window early
2026-03-06 19:33:33 Using browser-only version of superagent in non-browser environment
2026-03-06 19:33:33 Configuration directory URI: 'file:///home/shrek/.arduinoIDE'
2026-03-06 19:33:33 Configuring to accept webviews on '^.+\.webview\..+$' hostname.
2026-03-06 19:33:33 2026-03-06T19:33:33.799Z root INFO Backend u.initialize: 17.0 ms [Finished 0.368 s after backend start]
2026-03-06 19:33:33 2026-03-06T19:33:33.801Z root INFO Backend Object.initialize: 16.0 ms [Finished 0.368 s after backend start]
2026-03-06 19:33:33 2026-03-06T19:33:33.801Z root INFO Backend a.initialize: 0.6 ms [Finished 0.368 s after backend start]
2026-03-06 19:33:33 2026-03-06T19:33:33.801Z root INFO Backend a.initialize: 0.5 ms [Finished 0.368 s after backend start]
2026-03-06 19:33:33 2026-03-06T19:33:33.801Z root INFO Backend u.initialize: 0.7 ms [Finished 0.368 s after backend start]
2026-03-06 19:33:33 2026-03-06T19:33:33.802Z root INFO Backend l.initialize: 16.8 ms [Finished 0.368 s after backend start]
2026-03-06 19:33:33 2026-03-06T19:33:33.806Z root INFO configured all backend app contributions
2026-03-06 19:33:33 2026-03-06T19:33:33.807Z root INFO Backend l.onStart: 0.7 ms [Finished 0.376 s after backend start]
2026-03-06 19:33:33 2026-03-06T19:33:33.807Z root INFO Backend d.onStart: 0.0 ms [Finished 0.376 s after backend start]
2026-03-06 19:33:33 2026-03-06T19:33:33.807Z root INFO Backend a.onStart: 0.2 ms [Finished 0.376 s after backend start]
2026-03-06 19:33:33 2026-03-06T19:33:33.807Z config INFO >>> Initializing CLI configuration...
2026-03-06 19:33:33 2026-03-06T19:33:33.807Z root INFO Backend x.onStart: 0.2 ms [Finished 0.376 s after backend start]
2026-03-06 19:33:33 2026-03-06T19:33:33.807Z config INFO Loading CLI configuration from /home/shrek/.arduinoIDE/arduino-cli.yaml...
2026-03-06 19:33:33 2026-03-06T19:33:33.807Z daemon INFO Starting daemon from /opt/arduino-ide/resources/app/lib/backend/resources/arduino-cli...
2026-03-06 19:33:33 2026-03-06T19:33:33.807Z root INFO Backend w.onStart: 0.2 ms [Finished 0.377 s after backend start]
2026-03-06 19:33:33 2026-03-06T19:33:33.807Z discovery-log INFO start
2026-03-06 19:33:33 2026-03-06T19:33:33.807Z discovery-log INFO start new deferred
2026-03-06 19:33:33 2026-03-06T19:33:33.807Z root INFO Backend v.onStart: 0.1 ms [Finished 0.377 s after backend start]
2026-03-06 19:33:33 2026-03-06T19:33:33.807Z root INFO Backend a.onStart: 0.0 ms [Finished 0.377 s after backend start]
2026-03-06 19:33:33 2026-03-06T19:33:33.809Z root INFO Theia app listening on http://127.0.0.1:40653.
2026-03-06 19:33:33 2026-03-06T19:33:33.810Z root INFO Finished starting backend application: 2.2 ms [Finished 0.379 s after backend start]
2026-03-06 19:33:33 2026-03-06T19:33:33.810Z root WARN The local plugin referenced by local-dir:/home/shrek/.arduinoIDE/plugins does not exist.
2026-03-06 19:33:33 2026-03-06T19:33:33.810Z root WARN The local plugin referenced by local-dir:/home/shrek/.arduinoIDE/deployedPlugins does not exist.
2026-03-06 19:33:33 2026-03-06T19:33:33.817Z config INFO Loaded CLI configuration: {"board_manager":{"additional_urls":["http://arduino.esp8266.com/stable/package_esp8266com_index.json"]},"directories":{"builtin":{"libraries":"/home/shrek/.arduino15/libraries"},"data":"/home/shrek/.arduino15","user":"/home/shrek/Arduino"},"locale":"en"}
2026-03-06 19:33:33 2026-03-06T19:33:33.817Z config INFO 'directories.data' and 'directories.user' are set in the CLI configuration model.
2026-03-06 19:33:33 2026-03-06T19:33:33.817Z config INFO Loaded the CLI configuration.
2026-03-06 19:33:33 2026-03-06T19:33:33.818Z config INFO Mapped the CLI configuration: {"dataDirUri":"file:///home/shrek/.arduino15","sketchDirUri":"file:///home/shrek/Arduino","additionalUrls":["http://arduino.esp8266.com/stable/package_esp8266com_index.json"],"network":"none","locale":"en"}
2026-03-06 19:33:33 2026-03-06T19:33:33.818Z config INFO Validating the CLI configuration...
2026-03-06 19:33:33 2026-03-06T19:33:33.820Z config INFO The CLI config is valid.
2026-03-06 19:33:33 2026-03-06T19:33:33.820Z config INFO <<< Initialized the CLI configuration.
2026-03-06 19:33:33 2026-03-06T19:33:33.843Z root INFO Resolve plugins list: 34.5 ms [Finished 0.412 s after backend start]
2026-03-06 19:33:33 2026-03-06T19:33:33.889Z daemon INFO time="2026-03-06T19:33:33Z" level=info msg="arduino-cli version 1.3.1"
2026-03-06 19:33:33 2026-03-06T19:33:33.890Z daemon INFO time="2026-03-06T19:33:33Z" level=info msg="Using config file: /home/shrek/.arduinoIDE/arduino-cli.yaml"
2026-03-06 19:33:33 2026-03-06T19:33:33.891Z daemon INFO time="2026-03-06T19:33:33Z" level=info msg="Executing `arduino-cli daemon`"
2026-03-06 19:33:33 2026-03-06T19:33:33.898Z daemon INFO Daemon is now listening on 127.0.0.1:40645
{"IP":"127.0.0.1","Port":"40645"}
2026-03-06 19:33:33 2026-03-06T19:33:33.898Z daemon INFO Daemon is running.
2026-03-06 19:33:33 2026-03-06T19:33:33.941Z daemon INFO time="2026-03-06T19:33:33Z" level=info msg="Checking signature" index=/home/shrek/.arduino15/package_index.json signatureFile=/home/shrek/.arduino15/package_index.json.sig trusted=true
time="2026-03-06T19:33:33Z" level=info msg="Missing signature file" index=/home/shrek/.arduino15/package_esp8266com_index.json
time="2026-03-06T19:33:33Z" level=info msg="Loading hardware from: /home/shrek/.arduino15/packages"
time="2026-03-06T19:33:33Z" level=info msg="Loading package arduino from: /home/shrek/.arduino15/packages/arduino/hardware"
2026-03-06 19:33:33 2026-03-06T19:33:33.945Z daemon INFO time="2026-03-06T19:33:33Z" level=info msg="Missing signature file" index=/home/shrek/.arduino15/packages/arduino/hardware/avr/1.8.7/installed.json
2026-03-06 19:33:33 2026-03-06T19:33:33.948Z daemon INFO time="2026-03-06T19:33:33Z" level=info msg="Adding monitor tool" protocol=serial tool="builtin:serial-monitor"
2026-03-06 19:33:33 2026-03-06T19:33:33.948Z daemon INFO time="2026-03-06T19:33:33Z" level=info msg="Loaded platform" platform="arduino:avr@1.8.7"
time="2026-03-06T19:33:33Z" level=info msg="Checking existence of 'tools' path: /home/shrek/.arduino15/packages/arduino/tools"
time="2026-03-06T19:33:33Z" level=info msg="Loading tools from dir: /home/shrek/.arduino15/packages/arduino/tools"
2026-03-06 19:33:33 2026-03-06T19:33:33.950Z daemon INFO time="2026-03-06T19:33:33Z" level=info msg="Loaded tool" tool="arduino:arduinoOTA@1.3.0"
2026-03-06 19:33:33 2026-03-06T19:33:33.950Z daemon INFO time="2026-03-06T19:33:33Z" level=info msg="Loaded tool" tool="arduino:avr-gcc@7.3.0-atmel3.6.1-arduino7"
2026-03-06 19:33:33 2026-03-06T19:33:33.951Z daemon INFO time="2026-03-06T19:33:33Z" level=info msg="Loaded tool" tool="arduino:avrdude@8.0.0-arduino1"
2026-03-06 19:33:33 2026-03-06T19:33:33.951Z daemon INFO time="2026-03-06T19:33:33Z" level=info msg="Loaded tool" tool="arduino:dfu-util@0.11.0-arduino5"
2026-03-06 19:33:33 2026-03-06T19:33:33.952Z daemon INFO time="2026-03-06T19:33:33Z" level=info msg="Loading package builtin from: /home/shrek/.arduino15/packages/builtin"
2026-03-06 19:33:33 2026-03-06T19:33:33.952Z daemon INFO time="2026-03-06T19:33:33Z" level=info msg="Checking existence of 'tools' path: /home/shrek/.arduino15/packages/builtin/tools"
time="2026-03-06T19:33:33Z" level=info msg="Loading tools from dir: /home/shrek/.arduino15/packages/builtin/tools"
2026-03-06 19:33:33 2026-03-06T19:33:33.953Z daemon INFO time="2026-03-06T19:33:33Z" level=info msg="Loaded tool" tool="builtin:ctags@5.8-arduino11"
2026-03-06 19:33:33 2026-03-06T19:33:33.958Z daemon INFO time="2026-03-06T19:33:33Z" level=info msg="Loaded tool" tool="builtin:dfu-discovery@0.1.2"
time="2026-03-06T19:33:33Z" level=info msg="Loaded tool" tool="builtin:mdns-discovery@1.0.12"
time="2026-03-06T19:33:33Z" level=info msg="Loaded tool" tool="builtin:serial-discovery@1.4.3"
time="2026-03-06T19:33:33Z" level=info msg="Loaded tool" tool="builtin:serial-monitor@0.15.0"
time="2026-03-06T19:33:33Z" level=info msg="Loading package esp32 from: /home/shrek/.arduino15/packages/esp32/hardware"
2026-03-06 19:33:33 2026-03-06T19:33:33.965Z daemon INFO time="2026-03-06T19:33:33Z" level=info msg="Missing signature file" index=/home/shrek/.arduino15/packages/esp32/hardware/esp32/3.3.7/installed.json
2026-03-06 19:33:34 2026-03-06T19:33:34.048Z daemon INFO time="2026-03-06T19:33:34Z" level=info msg="Adding monitor tool" protocol=serial tool="builtin:serial-monitor"
2026-03-06 19:33:34 2026-03-06T19:33:34.048Z daemon INFO time="2026-03-06T19:33:34Z" level=info msg="Loaded platform" platform="esp32:esp32@3.3.7"
time="2026-03-06T19:33:34Z" level=info msg="Checking existence of 'tools' path: /home/shrek/.arduino15/packages/esp32/tools"
time="2026-03-06T19:33:34Z" level=info msg="Loading tools from dir: /home/shrek/.arduino15/packages/esp32/tools"
2026-03-06 19:33:34 2026-03-06T19:33:34.053Z daemon INFO time="2026-03-06T19:33:34Z" level=info msg="Loaded tool" tool="esp32:esp-rv32@2511"
2026-03-06 19:33:34 2026-03-06T19:33:34.053Z daemon INFO time="2026-03-06T19:33:34Z" level=info msg="Loaded tool" tool="esp32:esp-x32@2511"
2026-03-06 19:33:34 2026-03-06T19:33:34.054Z daemon INFO time="2026-03-06T19:33:34Z" level=info msg="Loaded tool" tool="esp32:esp32-libs@3.3.7"
2026-03-06 19:33:34 2026-03-06T19:33:34.056Z daemon INFO time="2026-03-06T19:33:34Z" level=info msg="Loaded tool" tool="esp32:esp32c3-libs@3.3.7"
2026-03-06 19:33:34 2026-03-06T19:33:34.060Z daemon INFO time="2026-03-06T19:33:34Z" level=info msg="Loaded tool" tool="esp32:esp32c5-libs@3.3.7"
time="2026-03-06T19:33:34Z" level=info msg="Loaded tool" tool="esp32:esp32c6-libs@3.3.7"
time="2026-03-06T19:33:34Z" level=info msg="Loaded tool" tool="esp32:esp32h2-libs@3.3.7"
time="2026-03-06T19:33:34Z" level=info msg="Loaded tool" tool="esp32:esp32p4-libs@3.3.7"
2026-03-06 19:33:34 2026-03-06T19:33:34.060Z daemon INFO time="2026-03-06T19:33:34Z" level=info msg="Loaded tool" tool="esp32:esp32p4_es-libs@3.3.7"
2026-03-06 19:33:34 2026-03-06T19:33:34.060Z daemon INFO time="2026-03-06T19:33:34Z" level=info msg="Loaded tool" tool="esp32:esp32s2-libs@3.3.7"
2026-03-06 19:33:34 2026-03-06T19:33:34.061Z daemon INFO time="2026-03-06T19:33:34Z" level=info msg="Loaded tool" tool="esp32:esp32s3-libs@3.3.7"
2026-03-06 19:33:34 2026-03-06T19:33:34.068Z daemon INFO time="2026-03-06T19:33:34Z" level=info msg="Loaded tool" tool="esp32:esptool_py@5.1.0"
time="2026-03-06T19:33:34Z" level=info msg="Loaded tool" tool="esp32:mklittlefs@4.0.2-db0513a"
time="2026-03-06T19:33:34Z" level=info msg="Loaded tool" tool="esp32:mkspiffs@0.2.3"
time="2026-03-06T19:33:34Z" level=info msg="Loaded tool" tool="esp32:openocd-esp32@v0.12.0-esp32-20251215"
time="2026-03-06T19:33:34Z" level=info msg="Loaded tool" tool="esp32:riscv32-esp-elf-gdb@16.3_20250913"
time="2026-03-06T19:33:34Z" level=info msg="Loaded tool" tool="esp32:xtensa-esp-elf-gdb@16.3_20250913"
time="2026-03-06T19:33:34Z" level=info msg="Loading package esp8266 from: /home/shrek/.arduino15/packages/esp8266/hardware"
time="2026-03-06T19:33:34Z" level=info msg="Missing signature file" index=/home/shrek/.arduino15/packages/esp8266/hardware/esp8266/3.1.2/installed.json
2026-03-06 19:33:34 2026-03-06T19:33:34.075Z daemon INFO time="2026-03-06T19:33:34Z" level=info msg="Adding monitor tool" protocol=serial tool="builtin:serial-monitor"
time="2026-03-06T19:33:34Z" level=info msg="Loaded platform" platform="esp8266:esp8266@3.1.2"
time="2026-03-06T19:33:34Z" level=info msg="Checking existence of 'tools' path: /home/shrek/.arduino15/packages/esp8266/tools"
time="2026-03-06T19:33:34Z" level=info msg="Loading tools from dir: /home/shrek/.arduino15/packages/esp8266/tools"
time="2026-03-06T19:33:34Z" level=info msg="Loaded tool" tool="esp8266:mklittlefs@3.1.0-gcc10.3-e5f9fec"
time="2026-03-06T19:33:34Z" level=info msg="Loaded tool" tool="esp8266:mkspiffs@3.1.0-gcc10.3-e5f9fec"
time="2026-03-06T19:33:34Z" level=info msg="Loaded tool" tool="esp8266:python3@3.7.2-post1"
time="2026-03-06T19:33:34Z" level=info msg="Loaded tool" tool="esp8266:xtensa-lx106-elf-gcc@3.1.0-gcc10.3-e5f9fec"
2026-03-06 19:33:34 2026-03-06T19:33:34.077Z daemon INFO time="2026-03-06T19:33:34Z" level=info msg="Adding libraries dir" dir=/home/shrek/.arduino15/packages/esp32/hardware/esp32/3.3.7/libraries isSingleLibrary=false location=platform
2026-03-06 19:33:34 2026-03-06T19:33:34.078Z daemon INFO time="2026-03-06T19:33:34Z" level=info msg="Adding libraries dir" dir=/home/shrek/.arduino15/packages/esp8266/hardware/esp8266/3.1.2/libraries isSingleLibrary=false location=platform
2026-03-06 19:33:34 2026-03-06T19:33:34.078Z daemon INFO time="2026-03-06T19:33:34Z" level=info msg="Adding libraries dir" dir=/home/shrek/.arduino15/packages/arduino/hardware/avr/1.8.7/libraries isSingleLibrary=false location=platform
2026-03-06 19:33:34 2026-03-06T19:33:34.078Z daemon INFO time="2026-03-06T19:33:34Z" level=info msg="Loading libraries index file" index=/home/shrek/.arduino15/library_index.json
2026-03-06 19:33:34 2026-03-06T19:33:34.209Z root INFO Deploy plugins list: 401.2 ms [Finished 0.779 s after backend start]
2026-03-06 19:33:34 2026-03-06T19:33:34.250Z daemon INFO time="2026-03-06T19:33:34Z" level=info msg="Adding libraries dir" dir=/home/shrek/.arduino15/libraries isSingleLibrary=false location=ide
time="2026-03-06T19:33:34Z" level=info msg="Adding libraries dir" dir=/home/shrek/Arduino/libraries isSingleLibrary=false location=user
2026-03-06 19:33:34 2026-03-06T19:33:34.316Z root INFO creating connection for 1
2026-03-06 19:33:34 2026-03-06T19:33:34.414Z discovery-log INFO start resolved watching
2026-03-06 19:33:34 2026-03-06T19:33:34.779Z discovery-log INFO {"eventType":"add","port":{"matchingBoardsList":[],"port":{"address":"/dev/ttyACM0","label":"/dev/ttyACM0","protocol":"serial","protocolLabel":"Serial Port (USB)","propertiesMap":[["pid","0x4001"],["serialNumber","123456"],["vid","0x303a"]],"hardwareId":"123456"}},"error":""}
2026-03-06 19:33:34 2026-03-06T19:33:34.779Z discovery-log INFO {"eventType":"add","port":{"matchingBoardsList":[],"port":{"address":"/dev/ttyS0","label":"/dev/ttyS0","protocol":"serial","protocolLabel":"Serial Port","propertiesMap":[],"hardwareId":""}},"error":""}
2026-03-06 19:33:34 2026-03-06T19:33:34.833Z root WARN A command editor.action.toggleStickyScroll is already registered.
2026-03-06 19:33:34 Opening channel for service path '/services/electron-window'.
2026-03-06 19:33:34 Opening channel for service path '/services/ide-updater'.
2026-03-06 19:33:34 2026-03-06T19:33:34.891Z root INFO Start frontend contributions: 149.0 ms [Finished 1.069 s after frontend start]
2026-03-06 19:33:34 2026-03-06T19:33:34.891Z root INFO Changed application state from 'init' to 'started_contributions'.
2026-03-06 19:33:34 2026-03-06T19:33:34.902Z root INFO Changed application state from 'started_contributions' to 'attached_shell'.
2026-03-06 19:33:34 2026-03-06T19:33:34.902Z root INFO >>> Restoring the layout state...
2026-03-06 19:33:34 2026-03-06T19:33:34.921Z root INFO [c9bd4690-1cd5-4d52-bac7-d9345363abad] Waiting for backend deployment: 35.2 ms [Finished 1.101 s after frontend start]
2026-03-06 19:33:35 2026-03-06T19:33:35.219Z root INFO [hosted-plugin: 16471] PLUGIN_HOST(16471) starting instance
[Object: null prototype] {}
2026-03-06 19:33:35 2026-03-06T19:33:35.559Z root INFO [c9bd4690-1cd5-4d52-bac7-d9345363abad] Sync of 23 plugins: 643.0 ms [Finished 1.744 s after frontend start]
2026-03-06 19:33:35 2026-03-06T19:33:35.571Z root INFO ------- SERIALIZED LAYOUT DATA -------
2026-03-06 19:33:35 2026-03-06T19:33:35.571Z root INFO {"version":5,"mainPanel":{"main":{"type":"tab-area","widgets":[{"constructionOptions":{"factoryId":"code-editor-opener","options":{"counter":0,"kind":"navigatable","uri":"file:///home/shrek/Arduino/AndroidCnct/test1/test1.ino"}},"innerWidgetState":"{\"cursorState\":[{\"inSelectionMode\":false,\"selectionStart\":{\"lineNumber\":27,\"column\":30},\"position\":{\"lineNumber\":27,\"column\":30}}],\"viewState\":{\"scrollLeft\":0,\"firstPosition\":{\"lineNumber\":1,\"column\":1},\"firstPositionDeltaTop\":0},\"contributionsState\":{\"editor.contrib.folding\":{\"lineCount\":44,\"provider\":\"indent\",\"foldedImports\":false},\"editor.contrib.wordHighlighter\":false}}"}],"currentIndex":0}},"mainPanelPinned":[false],"bottomPanel":{"config":{"main":{"type":"tab-area","widgets":[{"constructionOptions":{"factoryId":"outputView"},"innerWidgetState":"{\"locked\":false}"}],"currentIndex":0}},"pinned":[false],"size":514,"expanded":true},"leftPanel":{"type":"sidepanel","items":[{"widget":{"constructionOptions":{"factoryId":"arduino-sketchbook-widget"}},"rank":1,"expanded":false,"pinned":false},{"widget":{"constructionOptions":{"factoryId":"boards-list-widget"}},"rank":2,"expanded":false,"pinned":false},{"widget":{"constructionOptions":{"factoryId":"library-list-widget"}},"rank":3,"expanded":true,"pinned":false},{"widget":{"constructionOptions":{"factoryId":"debug"},"innerWidgetState":"{\"parts\":[{\"partId\":\"debug:threads:-1\",\"collapsed\":false,\"hidden\":false,\"relativeSize\":1.384,\"originalContainerId\":\"debug:view-container:-1\",\"originalContainerTitle\":{\"label\":\"debug\",\"iconClass\":\"codicon codicon-debug-alt\",\"closeable\":true},\"widget\":{\"constructionOptions\":{\"factoryId\":\"debug:threads\"},\"innerWidgetState\":\"{}\"}},{\"partId\":\"debug:frames:-1\",\"collapsed\":false,\"hidden\":false,\"relativeSize\":1.384,\"originalContainerId\":\"debug:view-container:-1\",\"originalContainerTitle\":{\"label\":\"debug\",\"iconClass\":\"codicon codicon-debug-alt\",\"closeable\":true},\"widget\":{\"constructionOptions\":{\"factoryId\":\"debug:frames\"},\"innerWidgetState\":\"{}\"}},{\"partId\":\"debug:variables:-1\",\"collapsed\":false,\"hidden\":false,\"relativeSize\":1.384,\"originalContainerId\":\"debug:view-container:-1\",\"originalContainerTitle\":{\"label\":\"debug\",\"iconClass\":\"codicon codicon-debug-alt\",\"closeable\":true},\"widget\":{\"constructionOptions\":{\"factoryId\":\"debug:variables\"},\"innerWidgetState\":\"{}\"}},{\"partId\":\"debug:watch:-1\",\"collapsed\":false,\"hidden\":false,\"relativeSize\":1.384,\"originalContainerId\":\"debug:view-container:-1\",\"originalContainerTitle\":{\"label\":\"debug\",\"iconClass\":\"codicon codicon-debug-alt\",\"closeable\":true},\"widget\":{\"constructionOptions\":{\"factoryId\":\"debug:watch\"},\"innerWidgetState\":\"{}\"}},{\"partId\":\"debug:breakpoints:-1\",\"collapsed\":false,\"hidden\":false,\"relativeSize\":1.384,\"originalContainerId\":\"debug:view-container:-1\",\"originalContainerTitle\":{\"label\":\"debug\",\"iconClass\":\"codicon codicon-debug-alt\",\"closeable\":true},\"widget\":{\"constructionOptions\":{\"factoryId\":\"debug:breakpoints\"},\"innerWidgetState\":\"{}\"}},{\"partId\":\"plugin-view:cortex-debug.peripherals\",\"collapsed\":true,\"hidden\":true,\"originalContainerId\":\"debug:view-container:-1\",\"originalContainerTitle\":{\"label\":\"debug\",\"iconClass\":\"codicon codicon-debug-alt\",\"closeable\":true},\"widget\":{\"constructionOptions\":{\"factoryId\":\"plugin-view\",\"options\":{\"id\":\"plugin-view:cortex-debug.peripherals\",\"viewId\":\"cortex-debug.peripherals\"}},\"innerWidgetState\":\"{\\\"label\\\":\\\"Cortex Peripherals\\\",\\\"widgets\\\":[],\\\"suppressUpdateViewVisibility\\\":false,\\\"currentViewContainerId\\\":\\\"debug\\\"}\"}},{\"partId\":\"plugin-view:cortex-debug.registers\",\"collapsed\":true,\"hidden\":true,\"originalContainerId\":\"debug:view-container:-1\",\"originalContainerTitle\":{\"label\":\"debug\",\"iconClass\":\"codicon codicon-debug-alt\",\"closeable\":true},\"widget\":{\"constructionOptions\":{\"factoryId\":\"plugin-view\",\"options\":{\"id\":\"plugin-view:cortex-debug.registers\",\"viewId\":\"cortex-debug.registers\"}},\"innerWidgetState\":\"{\\\"label\\\":\\\"Cortex Registers\\\",\\\"widgets\\\":[],\\\"suppressUpdateViewVisibility\\\":false,\\\"currentViewContainerId\\\":\\\"debug\\\"}\"}}],\"title\":{\"label\":\"debug\",\"iconClass\":\"codicon codicon-debug-alt\",\"closeable\":true}}"},"rank":4,"expanded":false,"pinned":false},{"widget":{"constructionOptions":{"factoryId":"search-view-container"},"innerWidgetState":"{\"parts\":[{\"partId\":\"search-in-workspace\",\"collapsed\":false,\"hidden\":false,\"originalContainerId\":\"search-view-container\",\"originalContainerTitle\":{\"label\":\"Search\",\"iconClass\":\"codicon codicon-search\",\"closeable\":true},\"widget\":{\"constructionOptions\":{\"factoryId\":\"search-in-workspace\"},\"innerWidgetState\":\"{\\\"matchCaseState\\\":{\\\"className\\\":\\\"codicon codicon-case-sensitive\\\",\\\"enabled\\\":false,\\\"title\\\":\\\"Match Case\\\"},\\\"wholeWordState\\\":{\\\"className\\\":\\\"codicon codicon-whole-word\\\",\\\"enabled\\\":false,\\\"title\\\":\\\"Match Whole Word\\\"},\\\"regExpState\\\":{\\\"className\\\":\\\"codicon codicon-regex\\\",\\\"enabled\\\":false,\\\"title\\\":\\\"Use Regular Expression\\\"},\\\"includeIgnoredState\\\":{\\\"className\\\":\\\"codicon codicon-eye\\\",\\\"enabled\\\":false,\\\"title\\\":\\\"Include Ignored Files\\\"},\\\"showSearchDetails\\\":false,\\\"searchInWorkspaceOptions\\\":{\\\"matchCase\\\":false,\\\"matchWholeWord\\\":false,\\\"useRegExp\\\":false,\\\"multiline\\\":false,\\\"includeIgnored\\\":false,\\\"include\\\":[],\\\"exclude\\\":[],\\\"maxResults\\\":2000},\\\"searchTerm\\\":\\\"\\\",\\\"replaceTerm\\\":\\\"\\\",\\\"showReplaceField\\\":false,\\\"searchHistoryState\\\":{\\\"history\\\":[],\\\"index\\\":0},\\\"replaceHistoryState\\\":{\\\"history\\\":[],\\\"index\\\":0},\\\"includeHistoryState\\\":{\\\"history\\\":[],\\\"index\\\":0},\\\"excludeHistoryState\\\":{\\\"history\\\":[],\\\"index\\\":0}}\"}}],\"title\":{\"label\":\"Search\",\"iconClass\":\"fa fa-arduino-search\",\"closeable\":true}}"},"rank":5,"expanded":false,"pinned":false}],"size":268},"rightPanel":{"type":"sidepanel","items":[]},"activeWidgetId":"code-editor-opener:file:///home/shrek/Arduino/AndroidCnct/test1/test1.ino:0"}
2026-03-06 19:33:35 2026-03-06T19:33:35.571Z root INFO ------- END SERIALIZED LAYOUT DATA -------
2026-03-06 19:33:35 2026-03-06T19:33:35.767Z root INFO <<< The layout has been successfully restored.
2026-03-06 19:33:35 2026-03-06T19:33:35.808Z root INFO Initialize the workbench layout: 865.3 ms [Finished 1.953 s after frontend start]
2026-03-06 19:33:35 2026-03-06T19:33:35.809Z root INFO Changed application state from 'attached_shell' to 'initialized_layout'.
2026-03-06 19:33:35 2026-03-06T19:33:35.809Z root INFO [c9bd4690-1cd5-4d52-bac7-d9345363abad] Loading plugin contributions
2026-03-06 19:33:35 2026-03-06T19:33:35.809Z root INFO [c9bd4690-1cd5-4d52-bac7-d9345363abad] Load contributions of 23 plugins: 39.2 ms [Finished 1.993 s after frontend start]
2026-03-06 19:33:35 2026-03-06T19:33:35.846Z root WARN 'cpp' language is remapped from 'source.cpp.embedded.macro' to 'source.cpp' scope
2026-03-06 19:33:35 2026-03-06T19:33:35.846Z root WARN a registered grammar configuration for 'cpp' language is overridden
2026-03-06 19:33:35 2026-03-06T19:33:35.941Z root ERROR [hosted-plugin: 16471] Conflict in settings file Default: Ignoring cortex-debug.armToolchainPath.linux as cortex-debug.armToolchainPath is null
2026-03-06 19:33:35 2026-03-06T19:33:35.941Z root ERROR [hosted-plugin: 16471] Conflict in settings file Default: Ignoring cortex-debug.armToolchainPath.osx as cortex-debug.armToolchainPath is null
Conflict in settings file Default: Ignoring cortex-debug.armToolchainPath.windows as cortex-debug.armToolchainPath is null
2026-03-06 19:33:35 2026-03-06T19:33:35.941Z root ERROR [hosted-plugin: 16471] Conflict in settings file Default: Ignoring cortex-debug.JLinkGDBServerPath.linux as cortex-debug.JLinkGDBServerPath is null
Conflict in settings file Default: Ignoring cortex-debug.JLinkGDBServerPath.osx as cortex-debug.JLinkGDBServerPath is null
2026-03-06 19:33:35 2026-03-06T19:33:35.941Z root ERROR [hosted-plugin: 16471] Conflict in settings file Default: Ignoring cortex-debug.JLinkGDBServerPath.windows as cortex-debug.JLinkGDBServerPath is null
Conflict in settings file Default: Ignoring cortex-debug.openocdPath.linux as cortex-debug.openocdPath is null
2026-03-06 19:33:35 2026-03-06T19:33:35.941Z root ERROR [hosted-plugin: 16471] Conflict in settings file Default: Ignoring cortex-debug.openocdPath.osx as cortex-debug.openocdPath is null
Conflict in settings file Default: Ignoring cortex-debug.openocdPath.windows as cortex-debug.openocdPath is null
2026-03-06 19:33:35 2026-03-06T19:33:35.941Z root ERROR [hosted-plugin: 16471] Conflict in settings file Default: Ignoring cortex-debug.pyocdPath.linux as cortex-debug.pyocdPath is null
Conflict in settings file Default: Ignoring cortex-debug.pyocdPath.osx as cortex-debug.pyocdPath is null
Conflict in settings file Default: Ignoring cortex-debug.pyocdPath.windows as cortex-debug.pyocdPath is null
Conflict in settings file Default: Ignoring cortex-debug.PEGDBServerPath.linux as cortex-debug.PEGDBServerPath is null
2026-03-06 19:33:35 2026-03-06T19:33:35.941Z root ERROR [hosted-plugin: 16471] Conflict in settings file Default: Ignoring cortex-debug.PEGDBServerPath.osx as cortex-debug.PEGDBServerPath is null
Conflict in settings file Default: Ignoring cortex-debug.PEGDBServerPath.windows as cortex-debug.PEGDBServerPath is null
Conflict in settings file Default: Ignoring cortex-debug.stutilPath.linux as cortex-debug.stutilPath is null
Conflict in settings file Default: Ignoring cortex-debug.stutilPath.osx as cortex-debug.stutilPath is null
2026-03-06 19:33:35 2026-03-06T19:33:35.941Z root ERROR [hosted-plugin: 16471] Conflict in settings file Default: Ignoring cortex-debug.stutilPath.windows as cortex-debug.stutilPath is null
Conflict in settings file Default: Ignoring cortex-debug.stlinkPath.linux as cortex-debug.stlinkPath is null
Conflict in settings file Default: Ignoring cortex-debug.stlinkPath.osx as cortex-debug.stlinkPath is null
Conflict in settings file Default: Ignoring cortex-debug.stlinkPath.windows as cortex-debug.stlinkPath is null
2026-03-06 19:33:35 2026-03-06T19:33:35.941Z root ERROR [hosted-plugin: 16471] Conflict in settings file Default: Ignoring cortex-debug.stm32cubeprogrammer.linux as cortex-debug.stm32cubeprogrammer is null
Conflict in settings file Default: Ignoring cortex-debug.stm32cubeprogrammer.osx as cortex-debug.stm32cubeprogrammer is null
Conflict in settings file Default: Ignoring cortex-debug.stm32cubeprogrammer.windows as cortex-debug.stm32cubeprogrammer is null
2026-03-06 19:33:35 2026-03-06T19:33:35.945Z root INFO [hosted-plugin: 16471] PLUGIN_HOST(16471): PluginManagerExtImpl/init()
2026-03-06 19:33:35 2026-03-06T19:33:35.946Z root INFO [hosted-plugin: 16471] PLUGIN_HOST(16471): initializing(vscode-arduino-api@0.1.2 with /opt/arduino-ide/resources/app/lib/backend/plugin-vscode-init)
2026-03-06 19:33:35 2026-03-06T19:33:35.989Z root INFO [hosted-plugin: 16471] PLUGIN_HOST(16471): initializing(json-language-features@1.88.1 with /opt/arduino-ide/resources/app/lib/backend/plugin-vscode-init)
2026-03-06 19:33:35 2026-03-06T19:33:35.992Z root INFO [hosted-plugin: 16471] PLUGIN_HOST(16471): initializing(cortex-debug@1.5.1 with /opt/arduino-ide/resources/app/lib/backend/plugin-vscode-init)
2026-03-06 19:33:35 2026-03-06T19:33:35.992Z root INFO [hosted-plugin: 16471] Debugger contribution has been registered: cortex-debug
2026-03-06 19:33:35 2026-03-06T19:33:35.993Z root INFO [hosted-plugin: 16471] PLUGIN_HOST(16471): initializing(vscode-arduino-tools@0.1.3 with /opt/arduino-ide/resources/app/lib/backend/plugin-vscode-init)
2026-03-06 19:33:35 2026-03-06T19:33:35.993Z root INFO [hosted-plugin: 16471] PLUGIN_HOST(16471): initializing(cpp@1.88.1 with /opt/arduino-ide/resources/app/lib/backend/plugin-vscode-init)
2026-03-06 19:33:35 2026-03-06T19:33:35.994Z root INFO [hosted-plugin: 16471] PLUGIN_HOST(16471): initializing(json@1.88.1 with /opt/arduino-ide/resources/app/lib/backend/plugin-vscode-init)
2026-03-06 19:33:35 2026-03-06T19:33:35.995Z root INFO [hosted-plugin: 16471] PLUGIN_HOST(16471): initializing(vscode-language-pack-bg@1.48.3 with /opt/arduino-ide/resources/app/lib/backend/plugin-vscode-init)
2026-03-06 19:33:35 2026-03-06T19:33:35.997Z root INFO [hosted-plugin: 16471] PLUGIN_HOST(16471): initializing(vscode-language-pack-cs@1.96.0 with /opt/arduino-ide/resources/app/lib/backend/plugin-vscode-init)
2026-03-06 19:33:35 2026-03-06T19:33:35.997Z root INFO [hosted-plugin: 16471] PLUGIN_HOST(16471): initializing(vscode-language-pack-de@1.96.0 with /opt/arduino-ide/resources/app/lib/backend/plugin-vscode-init)
2026-03-06 19:33:35 2026-03-06T19:33:35.997Z root INFO [hosted-plugin: 16471] PLUGIN_HOST(16471): initializing(vscode-language-pack-es@1.96.0 with /opt/arduino-ide/resources/app/lib/backend/plugin-vscode-init)
2026-03-06 19:33:35 2026-03-06T19:33:35.998Z root INFO [hosted-plugin: 16471] PLUGIN_HOST(16471): initializing(vscode-language-pack-fr@1.96.0 with /opt/arduino-ide/resources/app/lib/backend/plugin-vscode-init)
2026-03-06 19:33:35 2026-03-06T19:33:35.998Z root INFO [hosted-plugin: 16471] PLUGIN_HOST(16471): initializing(vscode-language-pack-hu@1.48.3 with /opt/arduino-ide/resources/app/lib/backend/plugin-vscode-init)
2026-03-06 19:33:35 2026-03-06T19:33:35.998Z root INFO [hosted-plugin: 16471] PLUGIN_HOST(16471): initializing(vscode-language-pack-it@1.96.0 with /opt/arduino-ide/resources/app/lib/backend/plugin-vscode-init)
2026-03-06 19:33:35 2026-03-06T19:33:35.998Z root INFO [hosted-plugin: 16471] PLUGIN_HOST(16471): initializing(vscode-language-pack-ja@1.96.0 with /opt/arduino-ide/resources/app/lib/backend/plugin-vscode-init)
2026-03-06 19:33:35 2026-03-06T19:33:35.999Z root INFO [hosted-plugin: 16471] PLUGIN_HOST(16471): initializing(vscode-language-pack-ko@1.96.0 with /opt/arduino-ide/resources/app/lib/backend/plugin-vscode-init)
2026-03-06 19:33:35 2026-03-06T19:33:35.999Z root INFO [hosted-plugin: 16471] PLUGIN_HOST(16471): initializing(vscode-language-pack-nl@1.48.3 with /opt/arduino-ide/resources/app/lib/backend/plugin-vscode-init)
2026-03-06 19:33:35 2026-03-06T19:33:35.999Z root INFO [hosted-plugin: 16471] PLUGIN_HOST(16471): initializing(vscode-language-pack-pl@1.96.0 with /opt/arduino-ide/resources/app/lib/backend/plugin-vscode-init)
2026-03-06 19:33:35 2026-03-06T19:33:35.999Z root INFO [hosted-plugin: 16471] PLUGIN_HOST(16471): initializing(vscode-language-pack-pt-BR@1.96.0 with /opt/arduino-ide/resources/app/lib/backend/plugin-vscode-init)
2026-03-06 19:33:36 2026-03-06T19:33:35.999Z root INFO [hosted-plugin: 16471] PLUGIN_HOST(16471): initializing(vscode-language-pack-ru@1.96.0 with /opt/arduino-ide/resources/app/lib/backend/plugin-vscode-init)
2026-03-06 19:33:36 2026-03-06T19:33:36.000Z root INFO [hosted-plugin: 16471] PLUGIN_HOST(16471): initializing(vscode-language-pack-tr@1.96.0 with /opt/arduino-ide/resources/app/lib/backend/plugin-vscode-init)
2026-03-06 19:33:36 2026-03-06T19:33:36.000Z root INFO [hosted-plugin: 16471] PLUGIN_HOST(16471): initializing(vscode-language-pack-uk@1.48.3 with /opt/arduino-ide/resources/app/lib/backend/plugin-vscode-init)
2026-03-06 19:33:36 2026-03-06T19:33:36.000Z root INFO [hosted-plugin: 16471] PLUGIN_HOST(16471): initializing(vscode-language-pack-zh-hans@1.96.0 with /opt/arduino-ide/resources/app/lib/backend/plugin-vscode-init)
2026-03-06 19:33:36 2026-03-06T19:33:36.000Z root INFO [hosted-plugin: 16471] PLUGIN_HOST(16471): initializing(vscode-language-pack-zh-hant@1.96.0 with /opt/arduino-ide/resources/app/lib/backend/plugin-vscode-init)
2026-03-06 19:33:36 2026-03-06T19:33:36.007Z root INFO [hosted-plugin: 16471] PLUGIN_HOST(16471): PluginManagerExtImpl/loadPlugin(/opt/arduino-ide/resources/app/plugins/vscode-builtin-json-language-features/extension/client/dist/node/jsonClientMain)
2026-03-06 19:33:36 2026-03-06T19:33:36.039Z root INFO [hosted-plugin: 16471] PLUGIN_HOST(16471): PluginManagerExtImpl/loadPlugin(/opt/arduino-ide/resources/app/plugins/vscode-arduino-tools/extension/dist/extension.js)
2026-03-06 19:33:36 2026-03-06T19:33:36.055Z root INFO [hosted-plugin: 16471] PLUGIN_HOST(16471): PluginManagerExtImpl/loadPlugin(/opt/arduino-ide/resources/app/plugins/vscode-arduino-api/extension/dist/extension.js)
2026-03-06 19:33:36 2026-03-06T19:33:36.057Z root INFO [hosted-plugin: 16471] calling activation function on VS Code Arduino Tools
2026-03-06 19:33:36 2026-03-06T19:33:36.057Z root INFO [hosted-plugin: 16471] calling activation function on Arduino IDE API for VS Code extensions
2026-03-06 19:33:36 2026-03-06T19:33:36.089Z root INFO [c9bd4690-1cd5-4d52-bac7-d9345363abad] Starting plugins.
2026-03-06 19:33:36 2026-03-06T19:33:36.104Z root INFO [hosted-plugin: 16471] PLUGIN_HOST(16471): PluginManagerExtImpl/loadPlugin(/opt/arduino-ide/resources/app/plugins/cortex-debug/extension/dist/extension.js)
2026-03-06 19:33:36 2026-03-06T19:33:36.123Z root INFO [hosted-plugin: 16471] Debug configuration provider has been registered: cortex-debug, trigger: 1
2026-03-06 19:33:36 2026-03-06T19:33:36.123Z root INFO [hosted-plugin: 16471] calling activation function on Cortex-Debug
2026-03-06 19:33:36 2026-03-06T19:33:36.124Z root INFO [hosted-plugin: 16471] GDB server console created
2026-03-06 19:33:36 2026-03-06T19:33:36.133Z root INFO [c9bd4690-1cd5-4d52-bac7-d9345363abad] Start of 23 plugins: 323.1 ms [Finished 2.319 s after frontend start]
2026-03-06 19:33:36 2026-03-06T19:33:36.196Z root INFO [hosted-plugin: 16471] calling activation function on JSON Language Features (built-in)
2026-03-06 19:33:36 2026-03-06T19:33:36.445Z root ERROR ---- !!!SLOW!!! DURATION: search took 197.581 ms. Args: [{"query":"","type":"All","topic":"All"}] ----
2026-03-06 19:33:36 2026-03-06T19:33:36.768Z root INFO Frontend application start: 1968.9 ms [Finished 3.337 s after backend start]
2026-03-06 19:33:36 2026-03-06T19:33:36.784Z root INFO Replace loading indicator with ready workbench UI (animation): 828.1 ms [Finished 2.824 s after frontend start]
2026-03-06 19:33:36 Checking for update
2026-03-06 19:33:36 2026-03-06T19:33:36.785Z root INFO Changed application state from 'initialized_layout' to 'ready'.
2026-03-06 19:33:36 2026-03-06T19:33:36.785Z root WARN Linked preference "workbench.colorCustomizations" not found.
2026-03-06 19:33:36 2026-03-06T19:33:36.793Z sketches-service WARN Mismatching sketch file <led.ino> and sketch folder name <practice>. Skipping
2026-03-06 19:33:36 2026-03-06T19:33:36.956Z daemon INFO time="2026-03-06T19:33:36Z" level=info msg="Updating index" url="https://downloads.arduino.cc/packages/package_index.tar.bz2"
time="2026-03-06T19:33:36Z" level=info msg="Starting download" url="https://downloads.arduino.cc/packages/package_index.tar.bz2"
time="2026-03-06T19:33:36Z" level=info msg="Starting download" url="https://downloads.arduino.cc/libraries/library_index.tar.bz2"
2026-03-06 19:33:36 2026-03-06T19:33:36.958Z root INFO core-client-provider [platform-index] Downloading index: package_index.tar.bz2

2026-03-06 19:33:36 2026-03-06T19:33:36.958Z root INFO core-client-provider [library-index] Downloading index: library_index.tar.bz2

2026-03-06 19:33:36 2026-03-06T19:33:36.959Z sketches-service WARN Mismatching sketch file <led.ino> and sketch folder name <practice>. Skipping
2026-03-06 19:33:36 2026-03-06T19:33:36.960Z sketches-service WARN Mismatching sketch file <led.ino> and sketch folder name <practice>. Skipping
2026-03-06 19:33:37 2026-03-06T19:33:37.122Z root ERROR ---- !!!SLOW!!! DURATION: search took 336.510 ms. Args: [{"type":"Updatable"}] ----
2026-03-06 19:33:37 2026-03-06T19:33:37.124Z daemon INFO time="2026-03-06T19:33:37Z" level=info msg="Updating index" url="http://arduino.esp8266.com/stable/package_esp8266com_index.json"
time="2026-03-06T19:33:37Z" level=info msg="Starting download" url="http://arduino.esp8266.com/stable/package_esp8266com_index.json"
2026-03-06 19:33:37 2026-03-06T19:33:37.127Z root INFO core-client-provider [platform-index] Downloading index: package_esp8266com_index.json

2026-03-06 19:33:37 2026-03-06T19:33:37.127Z daemon INFO time="2026-03-06T19:33:37Z" level=info msg="Tool required for debug" tool="esp8266:mklittlefs@3.1.0-gcc10.3-e5f9fec"
time="2026-03-06T19:33:37Z" level=info msg="Tool required for debug" tool="esp8266:mkspiffs@3.1.0-gcc10.3-e5f9fec"
time="2026-03-06T19:33:37Z" level=info msg="Tool required for debug" tool="esp8266:python3@3.7.2-post1"
time="2026-03-06T19:33:37Z" level=info msg="Tool required for debug" tool="esp8266:xtensa-lx106-elf-gcc@3.1.0-gcc10.3-e5f9fec"
time="2026-03-06T19:33:37Z" level=info msg="Tool required for debug" tool="esp32:esp32c6-libs@3.3.7"
time="2026-03-06T19:33:37Z" level=info msg="Tool required for debug" tool="arduino:arduinoOTA@1.3.0"
time="2026-03-06T19:33:37Z" level=info msg="Tool required for debug" tool="builtin:dfu-discovery@0.1.2"
time="2026-03-06T19:33:37Z" level=info msg="Tool required for debug" tool="esp32:esp-x32@2511"
time="2026-03-06T19:33:37Z" level=info msg="Tool required for debug" tool="esp32:esp32p4-libs@3.3.7"
time="2026-03-06T19:33:37Z" level=info msg="Tool required for debug" tool="esp32:esp32p4_es-libs@3.3.7"
time="2026-03-06T19:33:37Z" level=info msg="Tool required for debug" tool="builtin:mdns-discovery@1.0.12"
time="2026-03-06T19:33:37Z" level=info msg="Tool required for debug" tool="builtin:serial-discovery@1.4.3"
time="2026-03-06T19:33:37Z" level=info msg="Tool required for debug" tool="esp32:xtensa-esp-elf-gdb@16.3_20250913"
time="2026-03-06T19:33:37Z" level=info msg="Tool required for debug" tool="esp32:esp32-libs@3.3.7"
time="2026-03-06T19:33:37Z" level=info msg="Tool required for debug" tool="esp32:esp32s2-libs@3.3.7"
time="2026-03-06T19:33:37Z" level=info msg="Tool required for debug" tool="esp32:esp32s3-libs@3.3.7"
time="2026-03-06T19:33:37Z" level=info msg="Tool required for debug" tool="esp32:esptool_py@5.1.0"
time="2026-03-06T19:33:37Z" level=info msg="Tool required for debug" tool="arduino:avr-gcc@7.3.0-atmel3.6.1-arduino7"
time="2026-03-06T19:33:37Z" level=info msg="Tool required for debug" tool="arduino:dfu-util@0.11.0-arduino5"
time="2026-03-06T19:33:37Z" level=info msg="Tool required for debug" tool="builtin:serial-monitor@0.15.0"
time="2026-03-06T19:33:37Z" level=info msg="Tool required for debug" tool="builtin:ctags@5.8-arduino11"
time="2026-03-06T19:33:37Z" level=info msg="Tool required for debug" tool="esp32:esp32h2-libs@3.3.7"
time="2026-03-06T19:33:37Z" level=info msg="Tool required for debug" tool="arduino:avrdude@8.0.0-arduino1"
time="2026-03-06T19:33:37Z" level=info msg="Tool required for debug" tool="esp32:esp32c3-libs@3.3.7"
time="2026-03-06T19:33:37Z" level=info msg="Tool required for debug" tool="esp32:openocd-esp32@v0.12.0-esp32-20251215"
time="2026-03-06T19:33:37Z" level=info msg="Tool required for debug" tool="esp32:esp-rv32@2511"
time="2026-03-06T19:33:37Z" level=info msg="Tool required for debug" tool="esp32:esp32c5-libs@3.3.7"
time="2026-03-06T19:33:37Z" level=info msg="Tool required for debug" tool="esp32:riscv32-esp-elf-gdb@16.3_20250913"
2026-03-06 19:33:37 2026-03-06T19:33:37.129Z root ERROR Failed to get debug config: esp8266:esp8266:generic:led=2,baud=115200,xtal=80,CrystalFreq=26,eesz=1M64,FlashMode=dout,FlashFreq=40,ResetMethod=nodemcu,dbg=Disabled,lvl=None____,ip=lm2f,vt=flash,exception=disabled,stacksmash=disabled,wipe=none,sdk=nonosdk_190703,ssl=all,mmu=3232,non32xfer=fast, undefined Error: Debugging is not supported.
    at Object.callback (/opt/arduino-ide/resources/app/lib/backend/main.js:2:4742300)
    at Object.onReceiveStatus (/opt/arduino-ide/resources/app/lib/backend/main.js:2:3778020)
    at Object.onReceiveStatus (/opt/arduino-ide/resources/app/lib/backend/main.js:2:2211941)
    at Object.onReceiveStatus (/opt/arduino-ide/resources/app/lib/backend/main.js:2:2211386)
    at /opt/arduino-ide/resources/app/lib/backend/main.js:2:4348117
    at process.processTicksAndRejections (node:internal/process/task_queues:77:11)
2026-03-06 19:33:37 2026-03-06T19:33:37.131Z root INFO Starting language server: esp8266:esp8266:generic:led=2,baud=115200,xtal=80,CrystalFreq=26,eesz=1M64,FlashMode=dout,FlashFreq=40,ResetMethod=nodemcu,dbg=Disabled,lvl=None____,ip=lm2f,vt=flash,exception=disabled,stacksmash=disabled,wipe=none,sdk=nonosdk_190703,ssl=all,mmu=3232,non32xfer=fast
2026-03-06 19:33:37 2026-03-06T19:33:37.187Z daemon INFO time="2026-03-06T19:33:37Z" level=info msg="Adding libraries dir" dir=/home/shrek/.arduino15/libraries isSingleLibrary=false location=ide
2026-03-06 19:33:37 2026-03-06T19:33:37.187Z daemon INFO time="2026-03-06T19:33:37Z" level=info msg="Adding libraries dir" dir=/home/shrek/.arduino15/packages/esp8266/hardware/esp8266/3.1.2/libraries isSingleLibrary=false location=platform
time="2026-03-06T19:33:37Z" level=info msg="Adding libraries dir" dir=/home/shrek/Arduino/libraries isSingleLibrary=false location=user
2026-03-06 19:33:37 Found version 2.3.8 (url: arduino-ide_2.3.8_Linux_64bit.AppImage)
2026-03-06 19:33:37 2026-03-06T19:33:37.433Z daemon INFO time="2026-03-06T19:33:37Z" level=info msg="Resolving include Adafruit_SSD1306.h for arch esp8266"
time="2026-03-06T19:33:37Z" level=info msg="  found better lib" lib="Adafruit SSD1306" prio=6A7
2026-03-06 19:33:37 2026-03-06T19:33:37.522Z daemon INFO time="2026-03-06T19:33:37Z" level=info msg="Resolving include Adafruit_GFX.h for arch esp8266"
time="2026-03-06T19:33:37Z" level=info msg="  found better lib" lib="Adafruit GFX Library" prio=517
2026-03-06 19:33:37 2026-03-06T19:33:37.607Z daemon INFO time="2026-03-06T19:33:37Z" level=info msg="Resolving include Adafruit_I2CDevice.h for arch esp8266"
time="2026-03-06T19:33:37Z" level=info msg="  found better lib" lib="Adafruit BusIO" prio=3EB
2026-03-06 19:33:37 2026-03-06T19:33:37.700Z daemon INFO time="2026-03-06T19:33:37Z" level=info msg="Resolving include Wire.h for arch esp8266"
time="2026-03-06T19:33:37Z" level=info msg="  found better lib" lib=Wire prio=6B0
2026-03-06 19:33:37 2026-03-06T19:33:37.790Z daemon INFO time="2026-03-06T19:33:37Z" level=info msg="Resolving include SPI.h for arch esp8266"
time="2026-03-06T19:33:37Z" level=info msg="  found better lib" lib=SPI prio=6B0
2026-03-06 19:33:38 2026-03-06T19:33:38.089Z daemon INFO time="2026-03-06T19:33:38Z" level=info msg="Checking signature" index=/home/shrek/.arduino15/package_index.json signatureFile=/home/shrek/.arduino15/package_index.json.sig trusted=true
2026-03-06 19:33:38 2026-03-06T19:33:38.090Z daemon INFO time="2026-03-06T19:33:38Z" level=info msg="Missing signature file" index=/home/shrek/.arduino15/package_esp8266com_index.json
2026-03-06 19:33:38 2026-03-06T19:33:38.090Z daemon INFO time="2026-03-06T19:33:38Z" level=info msg="Loading hardware from: /home/shrek/.arduino15/packages"
2026-03-06 19:33:38 2026-03-06T19:33:38.090Z daemon INFO time="2026-03-06T19:33:38Z" level=info msg="Loading package arduino from: /home/shrek/.arduino15/packages/arduino/hardware"
2026-03-06 19:33:38 2026-03-06T19:33:38.091Z daemon INFO time="2026-03-06T19:33:38Z" level=info msg="Missing signature file" index=/home/shrek/.arduino15/packages/arduino/hardware/avr/1.8.7/installed.json
2026-03-06 19:33:38 2026-03-06T19:33:38.091Z daemon INFO time="2026-03-06T19:33:38Z" level=info msg="Adding monitor tool" protocol=serial tool="builtin:serial-monitor"
time="2026-03-06T19:33:38Z" level=info msg="Loaded platform" platform="arduino:avr@1.8.7"
2026-03-06 19:33:38 2026-03-06T19:33:38.091Z daemon INFO time="2026-03-06T19:33:38Z" level=info msg="Checking existence of 'tools' path: /home/shrek/.arduino15/packages/arduino/tools"
time="2026-03-06T19:33:38Z" level=info msg="Loading tools from dir: /home/shrek/.arduino15/packages/arduino/tools"
2026-03-06 19:33:38 2026-03-06T19:33:38.091Z daemon INFO time="2026-03-06T19:33:38Z" level=info msg="Loaded tool" tool="arduino:arduinoOTA@1.3.0"
2026-03-06 19:33:38 2026-03-06T19:33:38.091Z daemon INFO time="2026-03-06T19:33:38Z" level=info msg="Loaded tool" tool="arduino:avr-gcc@7.3.0-atmel3.6.1-arduino7"
time="2026-03-06T19:33:38Z" level=info msg="Loaded tool" tool="arduino:avrdude@8.0.0-arduino1"
2026-03-06 19:33:38 2026-03-06T19:33:38.091Z daemon INFO time="2026-03-06T19:33:38Z" level=info msg="Loaded tool" tool="arduino:dfu-util@0.11.0-arduino5"
2026-03-06 19:33:38 2026-03-06T19:33:38.091Z daemon INFO time="2026-03-06T19:33:38Z" level=info msg="Loading package builtin from: /home/shrek/.arduino15/packages/builtin"
time="2026-03-06T19:33:38Z" level=info msg="Checking existence of 'tools' path: /home/shrek/.arduino15/packages/builtin/tools"
2026-03-06 19:33:38 2026-03-06T19:33:38.091Z daemon INFO time="2026-03-06T19:33:38Z" level=info msg="Loading tools from dir: /home/shrek/.arduino15/packages/builtin/tools"
2026-03-06 19:33:38 2026-03-06T19:33:38.091Z daemon INFO time="2026-03-06T19:33:38Z" level=info msg="Loaded tool" tool="builtin:ctags@5.8-arduino11"
2026-03-06 19:33:38 2026-03-06T19:33:38.091Z daemon INFO time="2026-03-06T19:33:38Z" level=info msg="Loaded tool" tool="builtin:dfu-discovery@0.1.2"
time="2026-03-06T19:33:38Z" level=info msg="Loaded tool" tool="builtin:mdns-discovery@1.0.12"
2026-03-06 19:33:38 2026-03-06T19:33:38.091Z daemon INFO time="2026-03-06T19:33:38Z" level=info msg="Loaded tool" tool="builtin:serial-discovery@1.4.3"
2026-03-06 19:33:38 2026-03-06T19:33:38.091Z daemon INFO time="2026-03-06T19:33:38Z" level=info msg="Loaded tool" tool="builtin:serial-monitor@0.15.0"
2026-03-06 19:33:38 2026-03-06T19:33:38.092Z daemon INFO time="2026-03-06T19:33:38Z" level=info msg="Loading package esp32 from: /home/shrek/.arduino15/packages/esp32/hardware"
2026-03-06 19:33:38 2026-03-06T19:33:38.092Z daemon INFO time="2026-03-06T19:33:38Z" level=info msg="Missing signature file" index=/home/shrek/.arduino15/packages/esp32/hardware/esp32/3.3.7/installed.json
2026-03-06 19:33:38 2026-03-06T19:33:38.168Z daemon INFO time="2026-03-06T19:33:38Z" level=info msg="Adding monitor tool" protocol=serial tool="builtin:serial-monitor"
time="2026-03-06T19:33:38Z" level=info msg="Loaded platform" platform="esp32:esp32@3.3.7"
time="2026-03-06T19:33:38Z" level=info msg="Checking existence of 'tools' path: /home/shrek/.arduino15/packages/esp32/tools"
2026-03-06 19:33:38 2026-03-06T19:33:38.168Z daemon INFO time="2026-03-06T19:33:38Z" level=info msg="Loading tools from dir: /home/shrek/.arduino15/packages/esp32/tools"
time="2026-03-06T19:33:38Z" level=info msg="Loaded tool" tool="esp32:esp-rv32@2511"
time="2026-03-06T19:33:38Z" level=info msg="Loaded tool" tool="esp32:esp-x32@2511"
time="2026-03-06T19:33:38Z" level=info msg="Loaded tool" tool="esp32:esp32-libs@3.3.7"
2026-03-06 19:33:38 2026-03-06T19:33:38.168Z daemon INFO time="2026-03-06T19:33:38Z" level=info msg="Loaded tool" tool="esp32:esp32c3-libs@3.3.7"
time="2026-03-06T19:33:38Z" level=info msg="Loaded tool" tool="esp32:esp32c5-libs@3.3.7"
2026-03-06 19:33:38 2026-03-06T19:33:38.168Z daemon INFO time="2026-03-06T19:33:38Z" level=info msg="Loaded tool" tool="esp32:esp32c6-libs@3.3.7"
time="2026-03-06T19:33:38Z" level=info msg="Loaded tool" tool="esp32:esp32h2-libs@3.3.7"
2026-03-06 19:33:38 2026-03-06T19:33:38.168Z daemon INFO time="2026-03-06T19:33:38Z" level=info msg="Loaded tool" tool="esp32:esp32p4-libs@3.3.7"
2026-03-06 19:33:38 2026-03-06T19:33:38.168Z daemon INFO time="2026-03-06T19:33:38Z" level=info msg="Loaded tool" tool="esp32:esp32p4_es-libs@3.3.7"
2026-03-06 19:33:38 2026-03-06T19:33:38.168Z daemon INFO time="2026-03-06T19:33:38Z" level=info msg="Loaded tool" tool="esp32:esp32s2-libs@3.3.7"
2026-03-06 19:33:38 2026-03-06T19:33:38.168Z daemon INFO time="2026-03-06T19:33:38Z" level=info msg="Loaded tool" tool="esp32:esp32s3-libs@3.3.7"
2026-03-06 19:33:38 2026-03-06T19:33:38.168Z daemon INFO time="2026-03-06T19:33:38Z" level=info msg="Loaded tool" tool="esp32:esptool_py@5.1.0"
2026-03-06 19:33:38 2026-03-06T19:33:38.168Z daemon INFO time="2026-03-06T19:33:38Z" level=info msg="Loaded tool" tool="esp32:mklittlefs@4.0.2-db0513a"
2026-03-06 19:33:38 2026-03-06T19:33:38.168Z daemon INFO time="2026-03-06T19:33:38Z" level=info msg="Loaded tool" tool="esp32:mkspiffs@0.2.3"
2026-03-06 19:33:38 2026-03-06T19:33:38.168Z daemon INFO time="2026-03-06T19:33:38Z" level=info msg="Loaded tool" tool="esp32:openocd-esp32@v0.12.0-esp32-20251215"
2026-03-06 19:33:38 2026-03-06T19:33:38.168Z daemon INFO time="2026-03-06T19:33:38Z" level=info msg="Loaded tool" tool="esp32:riscv32-esp-elf-gdb@16.3_20250913"
time="2026-03-06T19:33:38Z" level=info msg="Loaded tool" tool="esp32:xtensa-esp-elf-gdb@16.3_20250913"
2026-03-06 19:33:38 2026-03-06T19:33:38.168Z daemon INFO time="2026-03-06T19:33:38Z" level=info msg="Loading package esp8266 from: /home/shrek/.arduino15/packages/esp8266/hardware"
2026-03-06 19:33:38 2026-03-06T19:33:38.168Z daemon INFO time="2026-03-06T19:33:38Z" level=info msg="Missing signature file" index=/home/shrek/.arduino15/packages/esp8266/hardware/esp8266/3.1.2/installed.json
2026-03-06 19:33:38 2026-03-06T19:33:38.175Z daemon INFO time="2026-03-06T19:33:38Z" level=info msg="Adding monitor tool" protocol=serial tool="builtin:serial-monitor"
time="2026-03-06T19:33:38Z" level=info msg="Loaded platform" platform="esp8266:esp8266@3.1.2"
time="2026-03-06T19:33:38Z" level=info msg="Checking existence of 'tools' path: /home/shrek/.arduino15/packages/esp8266/tools"
2026-03-06 19:33:38 2026-03-06T19:33:38.175Z daemon INFO time="2026-03-06T19:33:38Z" level=info msg="Loading tools from dir: /home/shrek/.arduino15/packages/esp8266/tools"
time="2026-03-06T19:33:38Z" level=info msg="Loaded tool" tool="esp8266:mklittlefs@3.1.0-gcc10.3-e5f9fec"
time="2026-03-06T19:33:38Z" level=info msg="Loaded tool" tool="esp8266:mkspiffs@3.1.0-gcc10.3-e5f9fec"
2026-03-06 19:33:38 2026-03-06T19:33:38.175Z daemon INFO time="2026-03-06T19:33:38Z" level=info msg="Loaded tool" tool="esp8266:python3@3.7.2-post1"
time="2026-03-06T19:33:38Z" level=info msg="Loaded tool" tool="esp8266:xtensa-lx106-elf-gcc@3.1.0-gcc10.3-e5f9fec"
2026-03-06 19:33:38 2026-03-06T19:33:38.177Z daemon INFO time="2026-03-06T19:33:38Z" level=info msg="Discovery event channel closed builtin:serial-discovery. Exiting goroutine."
2026-03-06 19:33:38 2026-03-06T19:33:38.178Z discovery-log INFO {"eventType":"remove","port":{"matchingBoardsList":[],"port":{"address":"/dev/ttyACM0","label":"/dev/ttyACM0","protocol":"serial","protocolLabel":"Serial Port (USB)","propertiesMap":[],"hardwareId":""}},"error":""}
2026-03-06 19:33:38 2026-03-06T19:33:38.178Z discovery-log INFO {"eventType":"remove","port":{"matchingBoardsList":[],"port":{"address":"/dev/ttyS0","label":"/dev/ttyS0","protocol":"serial","protocolLabel":"Serial Port","propertiesMap":[],"hardwareId":""}},"error":""}
2026-03-06 19:33:38 2026-03-06T19:33:38.178Z daemon INFO time="2026-03-06T19:33:38Z" level=info msg="Closed and removed discovery builtin:serial-discovery"
time="2026-03-06T19:33:38Z" level=error msg="Stopped decode loop: EOF" discovery="builtin:serial-discovery"
time="2026-03-06T19:33:38Z" level=info msg="Discovery event channel closed builtin:mdns-discovery. Exiting goroutine."
2026-03-06 19:33:38 2026-03-06T19:33:38.178Z daemon INFO time="2026-03-06T19:33:38Z" level=info msg="Closed and removed discovery builtin:mdns-discovery"
2026-03-06 19:33:38 2026-03-06T19:33:38.178Z daemon INFO time="2026-03-06T19:33:38Z" level=error msg="Stopped decode loop: EOF" discovery="builtin:mdns-discovery"
2026-03-06 19:33:38 2026-03-06T19:33:38.181Z discovery-log INFO {"eventType":"add","port":{"matchingBoardsList":[],"port":{"address":"/dev/ttyACM0","label":"/dev/ttyACM0","protocol":"serial","protocolLabel":"Serial Port (USB)","propertiesMap":[["pid","0x4001"],["serialNumber","123456"],["vid","0x303a"]],"hardwareId":"123456"}},"error":""}
2026-03-06 19:33:38 2026-03-06T19:33:38.181Z discovery-log INFO {"eventType":"add","port":{"matchingBoardsList":[],"port":{"address":"/dev/ttyS0","label":"/dev/ttyS0","protocol":"serial","protocolLabel":"Serial Port","propertiesMap":[],"hardwareId":""}},"error":""}
2026-03-06 19:33:38 2026-03-06T19:33:38.181Z daemon INFO time="2026-03-06T19:33:38Z" level=info msg="Adding libraries dir" dir=/home/shrek/.arduino15/packages/esp32/hardware/esp32/3.3.7/libraries isSingleLibrary=false location=platform
2026-03-06 19:33:38 2026-03-06T19:33:38.181Z daemon INFO time="2026-03-06T19:33:38Z" level=info msg="Adding libraries dir" dir=/home/shrek/.arduino15/packages/esp8266/hardware/esp8266/3.1.2/libraries isSingleLibrary=false location=platform
2026-03-06 19:33:38 2026-03-06T19:33:38.181Z daemon INFO time="2026-03-06T19:33:38Z" level=info msg="Adding libraries dir" dir=/home/shrek/.arduino15/packages/arduino/hardware/avr/1.8.7/libraries isSingleLibrary=false location=platform
2026-03-06 19:33:38 2026-03-06T19:33:38.181Z daemon INFO time="2026-03-06T19:33:38Z" level=info msg="Loading libraries index file" index=/home/shrek/.arduino15/library_index.json
2026-03-06 19:33:38 2026-03-06T19:33:38.307Z daemon INFO time="2026-03-06T19:33:38Z" level=info msg="Adding libraries dir" dir=/home/shrek/.arduino15/libraries isSingleLibrary=false location=ide
2026-03-06 19:33:38 2026-03-06T19:33:38.307Z daemon INFO time="2026-03-06T19:33:38Z" level=info msg="Adding libraries dir" dir=/home/shrek/Arduino/libraries isSingleLibrary=false location=user
2026-03-06 19:33:38 2026-03-06T19:33:38.566Z daemon INFO time="2026-03-06T19:33:38Z" level=info msg="Adding libraries dir" dir=/home/shrek/.arduino15/libraries isSingleLibrary=false location=ide
time="2026-03-06T19:33:38Z" level=info msg="Adding libraries dir" dir=/home/shrek/.arduino15/packages/esp8266/hardware/esp8266/3.1.2/libraries isSingleLibrary=false location=platform
2026-03-06 19:33:38 2026-03-06T19:33:38.566Z daemon INFO time="2026-03-06T19:33:38Z" level=info msg="Adding libraries dir" dir=/home/shrek/Arduino/libraries isSingleLibrary=false location=user
2026-03-06 19:33:39 2026-03-06T19:33:39.045Z root ERROR ---- !!!SLOW!!! DURATION: search took 166.181 ms. Args: [{"query":"","type":"All","topic":"All"}] ----
2026-03-06 19:34:08 isTempSketch: false. Input was /home/shrek/Arduino/AndroidCnct/test1
2026-03-06 19:34:08 Marking workspace as a closed sketch. Workspace URI: file:///home/shrek/Arduino/AndroidCnct/test1. Date: 1772825648435.
2026-03-06 19:34:08 isTempSketch: false. Input was /home/shrek/Arduino/AndroidCnct/test1
2026-03-06 19:34:08 Marking workspace as a closed sketch. Workspace URI: file:///home/shrek/Arduino/AndroidCnct/test1. Date: 1772825648437.
2026-03-06 19:34:08 Closing channel on service path '/services/electron-window'.
2026-03-06 19:34:08 Closing channel on service path '/services/ide-updater'.
2026-03-06 19:34:08 Storing the sketch as a workspace root: </home/shrek/Arduino/AndroidCnct/test1>.
2026-03-06 19:34:08 Skipped storing sketch as workspace root. Already visited: </home/shrek/Arduino/AndroidCnct/test1>.
2026-03-06 19:34:08 Stored workspaces roots: /home/shrek/Arduino/AndroidCnct/test1
2026-03-06 19:34:08 No sketches were scheduled for deletion.
2026-03-06 19:34:08 2026-03-06T19:34:08.440Z root INFO socked closed
2026-03-06 19:34:08 2026-03-06T19:34:08.440Z root INFO closing connection for 1
2026-03-06 19:34:08 2026-03-06T19:34:08.440Z root INFO Closing channel on service path '/localization-server'.
2026-03-06 19:34:08 2026-03-06T19:34:08.440Z root INFO Closing channel on service path '/os'.
2026-03-06 19:34:08 2026-03-06T19:34:08.440Z root INFO Closing channel on service path '/services/commands'.
2026-03-06 19:34:08 2026-03-06T19:34:08.440Z root INFO Closing channel on service path '/services/keyboard'.
2026-03-06 19:34:08 2026-03-06T19:34:08.440Z root INFO Closing channel on service path '/services/logger'.
2026-03-06 19:34:08 2026-03-06T19:34:08.440Z root INFO Closing channel on service path '/services/messageService'.
2026-03-06 19:34:08 2026-03-06T19:34:08.440Z root INFO Closing channel on service path '/services/ChannelCloseService'.
2026-03-06 19:34:08 2026-03-06T19:34:08.440Z root INFO Closing channel on service path '/services/remote-filesystem'.
2026-03-06 19:34:08 2026-03-06T19:34:08.440Z root INFO Closing channel on service path '/services/envs'.
2026-03-06 19:34:08 2026-03-06T19:34:08.440Z root INFO Closing channel on service path '/services/authentication-service'.
2026-03-06 19:34:08 2026-03-06T19:34:08.440Z root INFO Closing channel on service path '/services/sketches-service'.
2026-03-06 19:34:08 2026-03-06T19:34:08.440Z root INFO Closing channel on service path '/services/config-service'.
2026-03-06 19:34:08 2026-03-06T19:34:08.440Z root INFO Closing channel on service path '/services/workspace'.
2026-03-06 19:34:08 2026-03-06T19:34:08.440Z root INFO Closing channel on service path '/services/notification-service'.
2026-03-06 19:34:08 2026-03-06T19:34:08.440Z root INFO Closing channel on service path '/services/arduino-daemon'.
2026-03-06 19:34:08 2026-03-06T19:34:08.440Z root INFO Closing channel on service path '/services/stopwatch'.
2026-03-06 19:34:08 2026-03-06T19:34:08.440Z root INFO Closing channel on service path '/services/application'.
2026-03-06 19:34:08 2026-03-06T19:34:08.440Z root INFO Closing channel on service path '/services/i18n'.
2026-03-06 19:34:08 2026-03-06T19:34:08.440Z root INFO Closing channel on service path '/services/quickInput'.
2026-03-06 19:34:08 2026-03-06T19:34:08.440Z root INFO Closing channel on service path '/services/debug'.
2026-03-06 19:34:08 2026-03-06T19:34:08.440Z root INFO Closing channel on service path '/services/shell-terminal'.
2026-03-06 19:34:08 2026-03-06T19:34:08.440Z root INFO Closing channel on service path '/services/quickPick'.
2026-03-06 19:34:08 2026-03-06T19:34:08.440Z root INFO Closing channel on service path '/services/task'.
2026-03-06 19:34:08 2026-03-06T19:34:08.440Z root INFO Closing channel on service path '/services/search'.
2026-03-06 19:34:08 2026-03-06T19:34:08.441Z root INFO Closing channel on service path '/services/hostedPlugin'.
2026-03-06 19:34:08 2026-03-06T19:34:08.441Z root INFO Closing channel on service path '/services/plugin-ext'.
2026-03-06 19:34:08 2026-03-06T19:34:08.441Z root INFO Closing channel on service path '/services/plugin-paths'.
2026-03-06 19:34:08 2026-03-06T19:34:08.441Z root INFO Closing channel on service path '/services/cli-preferences'.
2026-03-06 19:34:08 2026-03-06T19:34:08.441Z root INFO Closing channel on service path '/services/boards-service'.
2026-03-06 19:34:08 2026-03-06T19:34:08.441Z root INFO Closing channel on service path '/services/response-service'.
2026-03-06 19:34:08 2026-03-06T19:34:08.441Z root INFO Closing channel on service path '/services/file-system-ext'.
2026-03-06 19:34:08 2026-03-06T19:34:08.441Z root INFO Closing channel on service path '/services/core-service'.
2026-03-06 19:34:08 2026-03-06T19:34:08.441Z root INFO Closing channel on service path '/services/example-service'.
2026-03-06 19:34:08 2026-03-06T19:34:08.441Z root INFO Closing channel on service path '/services/library-service'.
2026-03-06 19:34:08 2026-03-06T19:34:08.441Z root INFO Closing channel on service path '/services/executable-service'.
2026-03-06 19:34:08 2026-03-06T19:34:08.441Z root INFO Closing channel on service path '/services/arduino-firmware-uploader'.
2026-03-06 19:34:08 2026-03-06T19:34:08.441Z root INFO Closing channel on service path '/services/formatter'.
2026-03-06 19:34:08 2026-03-06T19:34:08.441Z root INFO Closing channel on service path '/services/search-in-workspace'.
2026-03-06 19:34:08 2026-03-06T19:34:08.441Z root INFO Closing channel on service path '/services/request-service'.
2026-03-06 19:34:08 2026-03-06T19:34:08.441Z root INFO Closing channel on service path '/services/keyStore'.
2026-03-06 19:34:08 2026-03-06T19:34:08.441Z root INFO Closing channel on service path '/services/languagePackService'.
2026-03-06 19:35:17 Arduino IDE 2.3.7
2026-03-06 19:35:17 Checking for frontend application configuration customizations. Module path: /opt/arduino-ide/resources/app/lib/backend/electron-main.js, destination 'package.json': /opt/arduino-ide/resources/app/package.json
2026-03-06 19:35:17 Setting 'theia.frontend.config.appVersion' application configuration value to: "2.3.7" (type of string)
2026-03-06 19:35:17 Setting 'theia.frontend.config.cliVersion' application configuration value to: "1.3.1" (type of string)
2026-03-06 19:35:17 Setting 'theia.frontend.config.buildDate' application configuration value to: "2025-12-17T16:01:58.874Z" (type of string)
2026-03-06 19:35:17 Frontend application configuration after modifications: {"applicationName":"Arduino IDE","defaultTheme":{"light":"arduino-theme","dark":"arduino-theme-dark"},"defaultIconTheme":"none","electron":{"windowOptions":{},"showWindowEarly":true,"splashScreenOptions":{},"uriScheme":"arduino-ide"},"defaultLocale":"","validatePreferencesSchema":false,"reloadOnReconnect":true,"uriScheme":"theia","preferences":{"window.title":"${rootName}${activeEditorShort}${appName}","files.autoSave":"afterDelay","editor.minimap.enabled":false,"editor.tabSize":2,"editor.scrollBeyondLastLine":false,"editor.quickSuggestions":{"other":false,"comments":false,"strings":false},"editor.maxTokenizationLineLength":500,"editor.bracketPairColorization.enabled":false,"breadcrumbs.enabled":false,"workbench.tree.renderIndentGuides":"none","explorer.compactFolders":false},"appVersion":"2.3.7","cliVersion":"1.3.1","buildDate":"2025-12-17T16:01:58.874Z"}
2026-03-06 19:35:17 Starting backend process. PID: 17278
2026-03-06 19:35:17 Showing main window early
2026-03-06 19:35:17 Using browser-only version of superagent in non-browser environment
2026-03-06 19:35:17 Configuration directory URI: 'file:///home/shrek/.arduinoIDE'
2026-03-06 19:35:17 Configuring to accept webviews on '^.+\.webview\..+$' hostname.
2026-03-06 19:35:17 2026-03-06T19:35:17.876Z root INFO Backend u.initialize: 16.7 ms [Finished 0.355 s after backend start]
2026-03-06 19:35:17 2026-03-06T19:35:17.876Z root INFO Backend Object.initialize: 15.7 ms [Finished 0.355 s after backend start]
2026-03-06 19:35:17 2026-03-06T19:35:17.876Z root INFO Backend a.initialize: 0.6 ms [Finished 0.355 s after backend start]
2026-03-06 19:35:17 2026-03-06T19:35:17.876Z root INFO Backend a.initialize: 0.5 ms [Finished 0.355 s after backend start]
2026-03-06 19:35:17 2026-03-06T19:35:17.876Z root INFO Backend u.initialize: 0.7 ms [Finished 0.355 s after backend start]
2026-03-06 19:35:17 2026-03-06T19:35:17.877Z root INFO Backend l.initialize: 16.5 ms [Finished 0.356 s after backend start]
2026-03-06 19:35:17 2026-03-06T19:35:17.881Z root INFO configured all backend app contributions
2026-03-06 19:35:17 2026-03-06T19:35:17.882Z root INFO Backend l.onStart: 0.7 ms [Finished 0.361 s after backend start]
2026-03-06 19:35:17 2026-03-06T19:35:17.882Z root INFO Backend d.onStart: 0.0 ms [Finished 0.361 s after backend start]
2026-03-06 19:35:17 2026-03-06T19:35:17.882Z root INFO Backend a.onStart: 0.2 ms [Finished 0.361 s after backend start]
2026-03-06 19:35:17 2026-03-06T19:35:17.882Z config INFO >>> Initializing CLI configuration...
2026-03-06 19:35:17 2026-03-06T19:35:17.882Z root INFO Backend x.onStart: 0.2 ms [Finished 0.361 s after backend start]
2026-03-06 19:35:17 2026-03-06T19:35:17.882Z config INFO Loading CLI configuration from /home/shrek/.arduinoIDE/arduino-cli.yaml...
2026-03-06 19:35:17 2026-03-06T19:35:17.882Z daemon INFO Starting daemon from /opt/arduino-ide/resources/app/lib/backend/resources/arduino-cli...
2026-03-06 19:35:17 2026-03-06T19:35:17.882Z root INFO Backend w.onStart: 0.2 ms [Finished 0.362 s after backend start]
2026-03-06 19:35:17 2026-03-06T19:35:17.882Z discovery-log INFO start
2026-03-06 19:35:17 2026-03-06T19:35:17.882Z discovery-log INFO start new deferred
2026-03-06 19:35:17 2026-03-06T19:35:17.882Z root INFO Backend v.onStart: 0.1 ms [Finished 0.362 s after backend start]
2026-03-06 19:35:17 2026-03-06T19:35:17.882Z root INFO Backend a.onStart: 0.1 ms [Finished 0.362 s after backend start]
2026-03-06 19:35:17 2026-03-06T19:35:17.884Z root INFO Theia app listening on http://127.0.0.1:33225.
2026-03-06 19:35:17 2026-03-06T19:35:17.884Z root INFO Finished starting backend application: 2.1 ms [Finished 0.364 s after backend start]
2026-03-06 19:35:17 Restoring workspace roots: /home/shrek/Arduino/AndroidCnct/test1
2026-03-06 19:35:17 2026-03-06T19:35:17.885Z root WARN The local plugin referenced by local-dir:/home/shrek/.arduinoIDE/plugins does not exist.
2026-03-06 19:35:17 2026-03-06T19:35:17.885Z root WARN The local plugin referenced by local-dir:/home/shrek/.arduinoIDE/deployedPlugins does not exist.
2026-03-06 19:35:17 2026-03-06T19:35:17.887Z config INFO Loaded CLI configuration: {"board_manager":{"additional_urls":["http://arduino.esp8266.com/stable/package_esp8266com_index.json"]},"directories":{"builtin":{"libraries":"/home/shrek/.arduino15/libraries"},"data":"/home/shrek/.arduino15","user":"/home/shrek/Arduino"},"locale":"en"}
2026-03-06 19:35:17 2026-03-06T19:35:17.887Z config INFO 'directories.data' and 'directories.user' are set in the CLI configuration model.
2026-03-06 19:35:17 2026-03-06T19:35:17.887Z config INFO Loaded the CLI configuration.
2026-03-06 19:35:17 isTempSketch: false. Input was /home/shrek/Arduino/AndroidCnct/test1/test1.ino
2026-03-06 19:35:17 2026-03-06T19:35:17.891Z config INFO Mapped the CLI configuration: {"dataDirUri":"file:///home/shrek/.arduino15","sketchDirUri":"file:///home/shrek/Arduino","additionalUrls":["http://arduino.esp8266.com/stable/package_esp8266com_index.json"],"network":"none","locale":"en"}
2026-03-06 19:35:17 2026-03-06T19:35:17.892Z config INFO Validating the CLI configuration...
2026-03-06 19:35:17 2026-03-06T19:35:17.892Z config INFO The CLI config is valid.
2026-03-06 19:35:17 2026-03-06T19:35:17.892Z config INFO <<< Initialized the CLI configuration.
2026-03-06 19:35:17 2026-03-06T19:35:17.899Z daemon INFO time="2026-03-06T19:35:17Z" level=info msg="arduino-cli version 1.3.1"
time="2026-03-06T19:35:17Z" level=info msg="Using config file: /home/shrek/.arduinoIDE/arduino-cli.yaml"
time="2026-03-06T19:35:17Z" level=info msg="Executing `arduino-cli daemon`"
Daemon is now listening on 127.0.0.1:35209
{"IP":"127.0.0.1","Port":"35209"}
2026-03-06 19:35:17 2026-03-06T19:35:17.899Z daemon INFO Daemon is running.
2026-03-06 19:35:17 2026-03-06T19:35:17.917Z root INFO Resolve plugins list: 33.6 ms [Finished 0.396 s after backend start]
2026-03-06 19:35:17 2026-03-06T19:35:17.921Z daemon INFO time="2026-03-06T19:35:17Z" level=info msg="Checking signature" index=/home/shrek/.arduino15/package_index.json signatureFile=/home/shrek/.arduino15/package_index.json.sig trusted=true
2026-03-06 19:35:17 2026-03-06T19:35:17.922Z daemon INFO time="2026-03-06T19:35:17Z" level=info msg="Missing signature file" index=/home/shrek/.arduino15/package_esp8266com_index.json
time="2026-03-06T19:35:17Z" level=info msg="Loading hardware from: /home/shrek/.arduino15/packages"
time="2026-03-06T19:35:17Z" level=info msg="Loading package arduino from: /home/shrek/.arduino15/packages/arduino/hardware"
time="2026-03-06T19:35:17Z" level=info msg="Missing signature file" index=/home/shrek/.arduino15/packages/arduino/hardware/avr/1.8.7/installed.json
2026-03-06 19:35:17 2026-03-06T19:35:17.925Z daemon INFO time="2026-03-06T19:35:17Z" level=info msg="Adding monitor tool" protocol=serial tool="builtin:serial-monitor"
time="2026-03-06T19:35:17Z" level=info msg="Loaded platform" platform="arduino:avr@1.8.7"
time="2026-03-06T19:35:17Z" level=info msg="Checking existence of 'tools' path: /home/shrek/.arduino15/packages/arduino/tools"
time="2026-03-06T19:35:17Z" level=info msg="Loading tools from dir: /home/shrek/.arduino15/packages/arduino/tools"
time="2026-03-06T19:35:17Z" level=info msg="Loaded tool" tool="arduino:arduinoOTA@1.3.0"
time="2026-03-06T19:35:17Z" level=info msg="Loaded tool" tool="arduino:avr-gcc@7.3.0-atmel3.6.1-arduino7"
time="2026-03-06T19:35:17Z" level=info msg="Loaded tool" tool="arduino:avrdude@8.0.0-arduino1"
time="2026-03-06T19:35:17Z" level=info msg="Loaded tool" tool="arduino:dfu-util@0.11.0-arduino5"
time="2026-03-06T19:35:17Z" level=info msg="Loading package builtin from: /home/shrek/.arduino15/packages/builtin"
time="2026-03-06T19:35:17Z" level=info msg="Checking existence of 'tools' path: /home/shrek/.arduino15/packages/builtin/tools"
time="2026-03-06T19:35:17Z" level=info msg="Loading tools from dir: /home/shrek/.arduino15/packages/builtin/tools"
time="2026-03-06T19:35:17Z" level=info msg="Loaded tool" tool="builtin:ctags@5.8-arduino11"
time="2026-03-06T19:35:17Z" level=info msg="Loaded tool" tool="builtin:dfu-discovery@0.1.2"
time="2026-03-06T19:35:17Z" level=info msg="Loaded tool" tool="builtin:mdns-discovery@1.0.12"
time="2026-03-06T19:35:17Z" level=info msg="Loaded tool" tool="builtin:serial-discovery@1.4.3"
time="2026-03-06T19:35:17Z" level=info msg="Loaded tool" tool="builtin:serial-monitor@0.15.0"
time="2026-03-06T19:35:17Z" level=info msg="Loading package esp32 from: /home/shrek/.arduino15/packages/esp32/hardware"
time="2026-03-06T19:35:17Z" level=info msg="Missing signature file" index=/home/shrek/.arduino15/packages/esp32/hardware/esp32/3.3.7/installed.json
2026-03-06 19:35:18 2026-03-06T19:35:18.005Z daemon INFO time="2026-03-06T19:35:18Z" level=info msg="Adding monitor tool" protocol=serial tool="builtin:serial-monitor"
time="2026-03-06T19:35:18Z" level=info msg="Loaded platform" platform="esp32:esp32@3.3.7"
time="2026-03-06T19:35:18Z" level=info msg="Checking existence of 'tools' path: /home/shrek/.arduino15/packages/esp32/tools"
time="2026-03-06T19:35:18Z" level=info msg="Loading tools from dir: /home/shrek/.arduino15/packages/esp32/tools"
time="2026-03-06T19:35:18Z" level=info msg="Loaded tool" tool="esp32:esp-rv32@2511"
time="2026-03-06T19:35:18Z" level=info msg="Loaded tool" tool="esp32:esp-x32@2511"
time="2026-03-06T19:35:18Z" level=info msg="Loaded tool" tool="esp32:esp32-libs@3.3.7"
time="2026-03-06T19:35:18Z" level=info msg="Loaded tool" tool="esp32:esp32c3-libs@3.3.7"
time="2026-03-06T19:35:18Z" level=info msg="Loaded tool" tool="esp32:esp32c5-libs@3.3.7"
time="2026-03-06T19:35:18Z" level=info msg="Loaded tool" tool="esp32:esp32c6-libs@3.3.7"
time="2026-03-06T19:35:18Z" level=info msg="Loaded tool" tool="esp32:esp32h2-libs@3.3.7"
time="2026-03-06T19:35:18Z" level=info msg="Loaded tool" tool="esp32:esp32p4-libs@3.3.7"
time="2026-03-06T19:35:18Z" level=info msg="Loaded tool" tool="esp32:esp32p4_es-libs@3.3.7"
time="2026-03-06T19:35:18Z" level=info msg="Loaded tool" tool="esp32:esp32s2-libs@3.3.7"
time="2026-03-06T19:35:18Z" level=info msg="Loaded tool" tool="esp32:esp32s3-libs@3.3.7"
time="2026-03-06T19:35:18Z" level=info msg="Loaded tool" tool="esp32:esptool_py@5.1.0"
time="2026-03-06T19:35:18Z" level=info msg="Loaded tool" tool="esp32:mklittlefs@4.0.2-db0513a"
time="2026-03-06T19:35:18Z" level=info msg="Loaded tool" tool="esp32:mkspiffs@0.2.3"
time="2026-03-06T19:35:18Z" level=info msg="Loaded tool" tool="esp32:openocd-esp32@v0.12.0-esp32-20251215"
time="2026-03-06T19:35:18Z" level=info msg="Loaded tool" tool="esp32:riscv32-esp-elf-gdb@16.3_20250913"
time="2026-03-06T19:35:18Z" level=info msg="Loaded tool" tool="esp32:xtensa-esp-elf-gdb@16.3_20250913"
time="2026-03-06T19:35:18Z" level=info msg="Loading package esp8266 from: /home/shrek/.arduino15/packages/esp8266/hardware"
2026-03-06 19:35:18 2026-03-06T19:35:18.011Z daemon INFO time="2026-03-06T19:35:18Z" level=info msg="Missing signature file" index=/home/shrek/.arduino15/packages/esp8266/hardware/esp8266/3.1.2/installed.json
2026-03-06 19:35:18 2026-03-06T19:35:18.016Z daemon INFO time="2026-03-06T19:35:18Z" level=info msg="Adding monitor tool" protocol=serial tool="builtin:serial-monitor"
time="2026-03-06T19:35:18Z" level=info msg="Loaded platform" platform="esp8266:esp8266@3.1.2"
time="2026-03-06T19:35:18Z" level=info msg="Checking existence of 'tools' path: /home/shrek/.arduino15/packages/esp8266/tools"
time="2026-03-06T19:35:18Z" level=info msg="Loading tools from dir: /home/shrek/.arduino15/packages/esp8266/tools"
time="2026-03-06T19:35:18Z" level=info msg="Loaded tool" tool="esp8266:mklittlefs@3.1.0-gcc10.3-e5f9fec"
time="2026-03-06T19:35:18Z" level=info msg="Loaded tool" tool="esp8266:mkspiffs@3.1.0-gcc10.3-e5f9fec"
time="2026-03-06T19:35:18Z" level=info msg="Loaded tool" tool="esp8266:python3@3.7.2-post1"
time="2026-03-06T19:35:18Z" level=info msg="Loaded tool" tool="esp8266:xtensa-lx106-elf-gcc@3.1.0-gcc10.3-e5f9fec"
2026-03-06 19:35:18 2026-03-06T19:35:18.023Z daemon INFO time="2026-03-06T19:35:18Z" level=info msg="Adding libraries dir" dir=/home/shrek/.arduino15/packages/esp8266/hardware/esp8266/3.1.2/libraries isSingleLibrary=false location=platform
time="2026-03-06T19:35:18Z" level=info msg="Adding libraries dir" dir=/home/shrek/.arduino15/packages/arduino/hardware/avr/1.8.7/libraries isSingleLibrary=false location=platform
time="2026-03-06T19:35:18Z" level=info msg="Adding libraries dir" dir=/home/shrek/.arduino15/packages/esp32/hardware/esp32/3.3.7/libraries isSingleLibrary=false location=platform
time="2026-03-06T19:35:18Z" level=info msg="Loading libraries index file" index=/home/shrek/.arduino15/library_index.json
2026-03-06 19:35:18 2026-03-06T19:35:18.136Z daemon INFO time="2026-03-06T19:35:18Z" level=info msg="Adding libraries dir" dir=/home/shrek/.arduino15/libraries isSingleLibrary=false location=ide
time="2026-03-06T19:35:18Z" level=info msg="Adding libraries dir" dir=/home/shrek/Arduino/libraries isSingleLibrary=false location=user
2026-03-06 19:35:18 2026-03-06T19:35:18.147Z root INFO Deploy plugins list: 263.9 ms [Finished 0.626 s after backend start]
2026-03-06 19:35:18 2026-03-06T19:35:18.182Z discovery-log INFO start resolved watching
2026-03-06 19:35:18 2026-03-06T19:35:18.186Z discovery-log INFO {"eventType":"add","port":{"matchingBoardsList":[],"port":{"address":"/dev/ttyACM0","label":"/dev/ttyACM0","protocol":"serial","protocolLabel":"Serial Port (USB)","propertiesMap":[["pid","0x4001"],["serialNumber","123456"],["vid","0x303a"]],"hardwareId":"123456"}},"error":""}
2026-03-06 19:35:18 2026-03-06T19:35:18.186Z discovery-log INFO {"eventType":"add","port":{"matchingBoardsList":[],"port":{"address":"/dev/ttyS0","label":"/dev/ttyS0","protocol":"serial","protocolLabel":"Serial Port","propertiesMap":[],"hardwareId":""}},"error":""}
2026-03-06 19:35:18 2026-03-06T19:35:18.271Z root INFO creating connection for 1
2026-03-06 19:35:18 2026-03-06T19:35:18.785Z root WARN A command editor.action.toggleStickyScroll is already registered.
2026-03-06 19:35:18 2026-03-06T19:35:18.792Z sketches-service WARN Warning! The request sketch path was different than the response sketch path from the CLI. This could be a potential bug. Request: </home/shrek/Arduino/AndroidCnct/test1/test1.ino>, response: </home/shrek/Arduino/AndroidCnct/test1>.
2026-03-06 19:35:18 Opening channel for service path '/services/electron-window'.
2026-03-06 19:35:18 Opening channel for service path '/services/ide-updater'.
2026-03-06 19:35:18 2026-03-06T19:35:18.836Z root INFO Start frontend contributions: 142.9 ms [Finished 0.939 s after frontend start]
2026-03-06 19:35:18 2026-03-06T19:35:18.836Z root INFO Changed application state from 'init' to 'started_contributions'.
2026-03-06 19:35:18 2026-03-06T19:35:18.856Z root INFO Changed application state from 'started_contributions' to 'attached_shell'.
2026-03-06 19:35:18 2026-03-06T19:35:18.856Z root INFO >>> Restoring the layout state...
2026-03-06 19:35:18 2026-03-06T19:35:18.876Z root INFO [07b45510-80c6-4091-8d01-0664d3164485] Waiting for backend deployment: 49.3 ms [Finished 0.984 s after frontend start]
2026-03-06 19:35:19 2026-03-06T19:35:19.157Z root INFO [hosted-plugin: 17398] PLUGIN_HOST(17398) starting instance
[Object: null prototype] {}
2026-03-06 19:35:19 2026-03-06T19:35:19.479Z root INFO [07b45510-80c6-4091-8d01-0664d3164485] Sync of 23 plugins: 605.8 ms [Finished 1.589 s after frontend start]
2026-03-06 19:35:19 2026-03-06T19:35:19.492Z root INFO ------- SERIALIZED LAYOUT DATA -------
2026-03-06 19:35:19 2026-03-06T19:35:19.492Z root INFO {"version":5,"mainPanel":{"main":{"type":"tab-area","widgets":[{"constructionOptions":{"factoryId":"code-editor-opener","options":{"counter":0,"kind":"navigatable","uri":"file:///home/shrek/Arduino/AndroidCnct/test1/test1.ino"}},"innerWidgetState":"{\"cursorState\":[{\"inSelectionMode\":false,\"selectionStart\":{\"lineNumber\":27,\"column\":30},\"position\":{\"lineNumber\":27,\"column\":30}}],\"viewState\":{\"scrollLeft\":0,\"firstPosition\":{\"lineNumber\":1,\"column\":1},\"firstPositionDeltaTop\":0},\"contributionsState\":{\"editor.contrib.folding\":{\"lineCount\":44,\"provider\":\"indent\",\"foldedImports\":false},\"editor.contrib.wordHighlighter\":false}}"}],"currentIndex":0}},"mainPanelPinned":[false],"bottomPanel":{"config":{"main":{"type":"tab-area","widgets":[{"constructionOptions":{"factoryId":"outputView"},"innerWidgetState":"{\"locked\":false}"}],"currentIndex":0}},"pinned":[false],"size":514,"expanded":true},"leftPanel":{"type":"sidepanel","items":[{"widget":{"constructionOptions":{"factoryId":"arduino-sketchbook-widget"}},"rank":1,"expanded":false,"pinned":false},{"widget":{"constructionOptions":{"factoryId":"boards-list-widget"}},"rank":2,"expanded":false,"pinned":false},{"widget":{"constructionOptions":{"factoryId":"library-list-widget"}},"rank":3,"expanded":true,"pinned":false},{"widget":{"constructionOptions":{"factoryId":"debug"},"innerWidgetState":"{\"parts\":[{\"partId\":\"debug:threads:-1\",\"collapsed\":false,\"hidden\":false,\"relativeSize\":1.384,\"originalContainerId\":\"debug:view-container:-1\",\"originalContainerTitle\":{\"label\":\"debug\",\"iconClass\":\"codicon codicon-debug-alt\",\"closeable\":true},\"widget\":{\"constructionOptions\":{\"factoryId\":\"debug:threads\"},\"innerWidgetState\":\"{}\"}},{\"partId\":\"debug:frames:-1\",\"collapsed\":false,\"hidden\":false,\"relativeSize\":1.384,\"originalContainerId\":\"debug:view-container:-1\",\"originalContainerTitle\":{\"label\":\"debug\",\"iconClass\":\"codicon codicon-debug-alt\",\"closeable\":true},\"widget\":{\"constructionOptions\":{\"factoryId\":\"debug:frames\"},\"innerWidgetState\":\"{}\"}},{\"partId\":\"debug:variables:-1\",\"collapsed\":false,\"hidden\":false,\"relativeSize\":1.384,\"originalContainerId\":\"debug:view-container:-1\",\"originalContainerTitle\":{\"label\":\"debug\",\"iconClass\":\"codicon codicon-debug-alt\",\"closeable\":true},\"widget\":{\"constructionOptions\":{\"factoryId\":\"debug:variables\"},\"innerWidgetState\":\"{}\"}},{\"partId\":\"debug:watch:-1\",\"collapsed\":false,\"hidden\":false,\"relativeSize\":1.384,\"originalContainerId\":\"debug:view-container:-1\",\"originalContainerTitle\":{\"label\":\"debug\",\"iconClass\":\"codicon codicon-debug-alt\",\"closeable\":true},\"widget\":{\"constructionOptions\":{\"factoryId\":\"debug:watch\"},\"innerWidgetState\":\"{}\"}},{\"partId\":\"debug:breakpoints:-1\",\"collapsed\":false,\"hidden\":false,\"relativeSize\":1.384,\"originalContainerId\":\"debug:view-container:-1\",\"originalContainerTitle\":{\"label\":\"debug\",\"iconClass\":\"codicon codicon-debug-alt\",\"closeable\":true},\"widget\":{\"constructionOptions\":{\"factoryId\":\"debug:breakpoints\"},\"innerWidgetState\":\"{}\"}},{\"partId\":\"plugin-view:cortex-debug.peripherals\",\"collapsed\":true,\"hidden\":true,\"originalContainerId\":\"debug:view-container:-1\",\"originalContainerTitle\":{\"label\":\"debug\",\"iconClass\":\"codicon codicon-debug-alt\",\"closeable\":true},\"widget\":{\"constructionOptions\":{\"factoryId\":\"plugin-view\",\"options\":{\"id\":\"plugin-view:cortex-debug.peripherals\",\"viewId\":\"cortex-debug.peripherals\"}},\"innerWidgetState\":\"{\\\"label\\\":\\\"Cortex Peripherals\\\",\\\"widgets\\\":[],\\\"suppressUpdateViewVisibility\\\":false,\\\"currentViewContainerId\\\":\\\"debug\\\"}\"}},{\"partId\":\"plugin-view:cortex-debug.registers\",\"collapsed\":true,\"hidden\":true,\"originalContainerId\":\"debug:view-container:-1\",\"originalContainerTitle\":{\"label\":\"debug\",\"iconClass\":\"codicon codicon-debug-alt\",\"closeable\":true},\"widget\":{\"constructionOptions\":{\"factoryId\":\"plugin-view\",\"options\":{\"id\":\"plugin-view:cortex-debug.registers\",\"viewId\":\"cortex-debug.registers\"}},\"innerWidgetState\":\"{\\\"label\\\":\\\"Cortex Registers\\\",\\\"widgets\\\":[],\\\"suppressUpdateViewVisibility\\\":false,\\\"currentViewContainerId\\\":\\\"debug\\\"}\"}}],\"title\":{\"label\":\"debug\",\"iconClass\":\"codicon codicon-debug-alt\",\"closeable\":true}}"},"rank":4,"expanded":false,"pinned":false},{"widget":{"constructionOptions":{"factoryId":"search-view-container"},"innerWidgetState":"{\"parts\":[{\"partId\":\"search-in-workspace\",\"collapsed\":false,\"hidden\":false,\"originalContainerId\":\"search-view-container\",\"originalContainerTitle\":{\"label\":\"Search\",\"iconClass\":\"codicon codicon-search\",\"closeable\":true},\"widget\":{\"constructionOptions\":{\"factoryId\":\"search-in-workspace\"},\"innerWidgetState\":\"{\\\"matchCaseState\\\":{\\\"className\\\":\\\"codicon codicon-case-sensitive\\\",\\\"enabled\\\":false,\\\"title\\\":\\\"Match Case\\\"},\\\"wholeWordState\\\":{\\\"className\\\":\\\"codicon codicon-whole-word\\\",\\\"enabled\\\":false,\\\"title\\\":\\\"Match Whole Word\\\"},\\\"regExpState\\\":{\\\"className\\\":\\\"codicon codicon-regex\\\",\\\"enabled\\\":false,\\\"title\\\":\\\"Use Regular Expression\\\"},\\\"includeIgnoredState\\\":{\\\"className\\\":\\\"codicon codicon-eye\\\",\\\"enabled\\\":false,\\\"title\\\":\\\"Include Ignored Files\\\"},\\\"showSearchDetails\\\":false,\\\"searchInWorkspaceOptions\\\":{\\\"matchCase\\\":false,\\\"matchWholeWord\\\":false,\\\"useRegExp\\\":false,\\\"multiline\\\":false,\\\"includeIgnored\\\":false,\\\"include\\\":[],\\\"exclude\\\":[],\\\"maxResults\\\":2000},\\\"searchTerm\\\":\\\"\\\",\\\"replaceTerm\\\":\\\"\\\",\\\"showReplaceField\\\":false,\\\"searchHistoryState\\\":{\\\"history\\\":[],\\\"index\\\":0},\\\"replaceHistoryState\\\":{\\\"history\\\":[],\\\"index\\\":0},\\\"includeHistoryState\\\":{\\\"history\\\":[],\\\"index\\\":0},\\\"excludeHistoryState\\\":{\\\"history\\\":[],\\\"index\\\":0}}\"}}],\"title\":{\"label\":\"Search\",\"iconClass\":\"fa fa-arduino-search\",\"closeable\":true}}"},"rank":5,"expanded":false,"pinned":false}],"size":268},"rightPanel":{"type":"sidepanel","items":[]}}
2026-03-06 19:35:19 2026-03-06T19:35:19.492Z root INFO ------- END SERIALIZED LAYOUT DATA -------
2026-03-06 19:35:19 2026-03-06T19:35:19.642Z root INFO <<< The layout has been successfully restored.
2026-03-06 19:35:19 2026-03-06T19:35:19.683Z root INFO Initialize the workbench layout: 786.0 ms [Finished 1.752 s after frontend start]
2026-03-06 19:35:19 2026-03-06T19:35:19.683Z root INFO Changed application state from 'attached_shell' to 'initialized_layout'.
2026-03-06 19:35:19 2026-03-06T19:35:19.684Z root INFO [07b45510-80c6-4091-8d01-0664d3164485] Loading plugin contributions
2026-03-06 19:35:19 2026-03-06T19:35:19.684Z root INFO [07b45510-80c6-4091-8d01-0664d3164485] Load contributions of 23 plugins: 39.3 ms [Finished 1.793 s after frontend start]
2026-03-06 19:35:19 2026-03-06T19:35:19.728Z root WARN 'cpp' language is remapped from 'source.cpp.embedded.macro' to 'source.cpp' scope
2026-03-06 19:35:19 2026-03-06T19:35:19.728Z root WARN a registered grammar configuration for 'cpp' language is overridden
2026-03-06 19:35:19 2026-03-06T19:35:19.794Z root ERROR [hosted-plugin: 17398] Conflict in settings file Default: Ignoring cortex-debug.armToolchainPath.linux as cortex-debug.armToolchainPath is null
2026-03-06 19:35:19 2026-03-06T19:35:19.794Z root ERROR [hosted-plugin: 17398] Conflict in settings file Default: Ignoring cortex-debug.armToolchainPath.osx as cortex-debug.armToolchainPath is null
Conflict in settings file Default: Ignoring cortex-debug.armToolchainPath.windows as cortex-debug.armToolchainPath is null
2026-03-06 19:35:19 2026-03-06T19:35:19.794Z root ERROR [hosted-plugin: 17398] Conflict in settings file Default: Ignoring cortex-debug.JLinkGDBServerPath.linux as cortex-debug.JLinkGDBServerPath is null
2026-03-06 19:35:19 2026-03-06T19:35:19.794Z root ERROR [hosted-plugin: 17398] Conflict in settings file Default: Ignoring cortex-debug.JLinkGDBServerPath.osx as cortex-debug.JLinkGDBServerPath is null
2026-03-06 19:35:19 2026-03-06T19:35:19.794Z root ERROR [hosted-plugin: 17398] Conflict in settings file Default: Ignoring cortex-debug.JLinkGDBServerPath.windows as cortex-debug.JLinkGDBServerPath is null
2026-03-06 19:35:19 2026-03-06T19:35:19.794Z root ERROR [hosted-plugin: 17398] Conflict in settings file Default: Ignoring cortex-debug.openocdPath.linux as cortex-debug.openocdPath is null
2026-03-06 19:35:19 2026-03-06T19:35:19.794Z root ERROR [hosted-plugin: 17398] Conflict in settings file Default: Ignoring cortex-debug.openocdPath.osx as cortex-debug.openocdPath is null
2026-03-06 19:35:19 2026-03-06T19:35:19.794Z root ERROR [hosted-plugin: 17398] Conflict in settings file Default: Ignoring cortex-debug.openocdPath.windows as cortex-debug.openocdPath is null
2026-03-06 19:35:19 2026-03-06T19:35:19.794Z root ERROR [hosted-plugin: 17398] Conflict in settings file Default: Ignoring cortex-debug.pyocdPath.linux as cortex-debug.pyocdPath is null
2026-03-06 19:35:19 2026-03-06T19:35:19.794Z root ERROR [hosted-plugin: 17398] Conflict in settings file Default: Ignoring cortex-debug.pyocdPath.osx as cortex-debug.pyocdPath is null
2026-03-06 19:35:19 2026-03-06T19:35:19.795Z root ERROR [hosted-plugin: 17398] Conflict in settings file Default: Ignoring cortex-debug.pyocdPath.windows as cortex-debug.pyocdPath is null
Conflict in settings file Default: Ignoring cortex-debug.PEGDBServerPath.linux as cortex-debug.PEGDBServerPath is null
2026-03-06 19:35:19 2026-03-06T19:35:19.795Z root ERROR [hosted-plugin: 17398] Conflict in settings file Default: Ignoring cortex-debug.PEGDBServerPath.osx as cortex-debug.PEGDBServerPath is null
Conflict in settings file Default: Ignoring cortex-debug.PEGDBServerPath.windows as cortex-debug.PEGDBServerPath is null
2026-03-06 19:35:19 2026-03-06T19:35:19.795Z root ERROR [hosted-plugin: 17398] Conflict in settings file Default: Ignoring cortex-debug.stutilPath.linux as cortex-debug.stutilPath is null
Conflict in settings file Default: Ignoring cortex-debug.stutilPath.osx as cortex-debug.stutilPath is null
2026-03-06 19:35:19 2026-03-06T19:35:19.795Z root ERROR [hosted-plugin: 17398] Conflict in settings file Default: Ignoring cortex-debug.stutilPath.windows as cortex-debug.stutilPath is null
Conflict in settings file Default: Ignoring cortex-debug.stlinkPath.linux as cortex-debug.stlinkPath is null
2026-03-06 19:35:19 2026-03-06T19:35:19.795Z root ERROR [hosted-plugin: 17398] Conflict in settings file Default: Ignoring cortex-debug.stlinkPath.osx as cortex-debug.stlinkPath is null
Conflict in settings file Default: Ignoring cortex-debug.stlinkPath.windows as cortex-debug.stlinkPath is null
2026-03-06 19:35:19 2026-03-06T19:35:19.795Z root ERROR [hosted-plugin: 17398] Conflict in settings file Default: Ignoring cortex-debug.stm32cubeprogrammer.linux as cortex-debug.stm32cubeprogrammer is null
2026-03-06 19:35:19 2026-03-06T19:35:19.795Z root ERROR [hosted-plugin: 17398] Conflict in settings file Default: Ignoring cortex-debug.stm32cubeprogrammer.osx as cortex-debug.stm32cubeprogrammer is null
Conflict in settings file Default: Ignoring cortex-debug.stm32cubeprogrammer.windows as cortex-debug.stm32cubeprogrammer is null
2026-03-06 19:35:19 2026-03-06T19:35:19.806Z root INFO [hosted-plugin: 17398] PLUGIN_HOST(17398): PluginManagerExtImpl/init()
2026-03-06 19:35:19 2026-03-06T19:35:19.807Z root INFO [hosted-plugin: 17398] PLUGIN_HOST(17398): initializing(vscode-arduino-api@0.1.2 with /opt/arduino-ide/resources/app/lib/backend/plugin-vscode-init)
2026-03-06 19:35:19 2026-03-06T19:35:19.850Z root INFO [hosted-plugin: 17398] PLUGIN_HOST(17398): initializing(json-language-features@1.88.1 with /opt/arduino-ide/resources/app/lib/backend/plugin-vscode-init)
2026-03-06 19:35:19 2026-03-06T19:35:19.853Z root INFO [hosted-plugin: 17398] PLUGIN_HOST(17398): initializing(cortex-debug@1.5.1 with /opt/arduino-ide/resources/app/lib/backend/plugin-vscode-init)
2026-03-06 19:35:19 2026-03-06T19:35:19.854Z root INFO [hosted-plugin: 17398] Debugger contribution has been registered: cortex-debug
2026-03-06 19:35:19 2026-03-06T19:35:19.855Z root INFO [hosted-plugin: 17398] PLUGIN_HOST(17398): initializing(vscode-arduino-tools@0.1.3 with /opt/arduino-ide/resources/app/lib/backend/plugin-vscode-init)
2026-03-06 19:35:19 2026-03-06T19:35:19.855Z root INFO [hosted-plugin: 17398] PLUGIN_HOST(17398): initializing(cpp@1.88.1 with /opt/arduino-ide/resources/app/lib/backend/plugin-vscode-init)
2026-03-06 19:35:19 2026-03-06T19:35:19.856Z root INFO [hosted-plugin: 17398] PLUGIN_HOST(17398): initializing(json@1.88.1 with /opt/arduino-ide/resources/app/lib/backend/plugin-vscode-init)
2026-03-06 19:35:19 2026-03-06T19:35:19.857Z root INFO [hosted-plugin: 17398] PLUGIN_HOST(17398): initializing(vscode-language-pack-bg@1.48.3 with /opt/arduino-ide/resources/app/lib/backend/plugin-vscode-init)
2026-03-06 19:35:19 2026-03-06T19:35:19.858Z root INFO [hosted-plugin: 17398] PLUGIN_HOST(17398): initializing(vscode-language-pack-cs@1.96.0 with /opt/arduino-ide/resources/app/lib/backend/plugin-vscode-init)
2026-03-06 19:35:19 2026-03-06T19:35:19.859Z root INFO [hosted-plugin: 17398] PLUGIN_HOST(17398): initializing(vscode-language-pack-de@1.96.0 with /opt/arduino-ide/resources/app/lib/backend/plugin-vscode-init)
2026-03-06 19:35:19 2026-03-06T19:35:19.859Z root INFO [hosted-plugin: 17398] PLUGIN_HOST(17398): initializing(vscode-language-pack-es@1.96.0 with /opt/arduino-ide/resources/app/lib/backend/plugin-vscode-init)
2026-03-06 19:35:19 2026-03-06T19:35:19.860Z root INFO [hosted-plugin: 17398] PLUGIN_HOST(17398): initializing(vscode-language-pack-fr@1.96.0 with /opt/arduino-ide/resources/app/lib/backend/plugin-vscode-init)
2026-03-06 19:35:19 2026-03-06T19:35:19.860Z root INFO [hosted-plugin: 17398] PLUGIN_HOST(17398): initializing(vscode-language-pack-hu@1.48.3 with /opt/arduino-ide/resources/app/lib/backend/plugin-vscode-init)
2026-03-06 19:35:19 2026-03-06T19:35:19.860Z root INFO [hosted-plugin: 17398] PLUGIN_HOST(17398): initializing(vscode-language-pack-it@1.96.0 with /opt/arduino-ide/resources/app/lib/backend/plugin-vscode-init)
2026-03-06 19:35:19 2026-03-06T19:35:19.861Z root INFO [hosted-plugin: 17398] PLUGIN_HOST(17398): initializing(vscode-language-pack-ja@1.96.0 with /opt/arduino-ide/resources/app/lib/backend/plugin-vscode-init)
2026-03-06 19:35:19 2026-03-06T19:35:19.861Z root INFO [hosted-plugin: 17398] PLUGIN_HOST(17398): initializing(vscode-language-pack-ko@1.96.0 with /opt/arduino-ide/resources/app/lib/backend/plugin-vscode-init)
2026-03-06 19:35:19 2026-03-06T19:35:19.861Z root INFO [hosted-plugin: 17398] PLUGIN_HOST(17398): initializing(vscode-language-pack-nl@1.48.3 with /opt/arduino-ide/resources/app/lib/backend/plugin-vscode-init)
2026-03-06 19:35:19 2026-03-06T19:35:19.861Z root INFO [hosted-plugin: 17398] PLUGIN_HOST(17398): initializing(vscode-language-pack-pl@1.96.0 with /opt/arduino-ide/resources/app/lib/backend/plugin-vscode-init)
2026-03-06 19:35:19 2026-03-06T19:35:19.861Z root INFO [hosted-plugin: 17398] PLUGIN_HOST(17398): initializing(vscode-language-pack-pt-BR@1.96.0 with /opt/arduino-ide/resources/app/lib/backend/plugin-vscode-init)
2026-03-06 19:35:19 2026-03-06T19:35:19.861Z root INFO [hosted-plugin: 17398] PLUGIN_HOST(17398): initializing(vscode-language-pack-ru@1.96.0 with /opt/arduino-ide/resources/app/lib/backend/plugin-vscode-init)
2026-03-06 19:35:19 2026-03-06T19:35:19.862Z root INFO [hosted-plugin: 17398] PLUGIN_HOST(17398): initializing(vscode-language-pack-tr@1.96.0 with /opt/arduino-ide/resources/app/lib/backend/plugin-vscode-init)
2026-03-06 19:35:19 2026-03-06T19:35:19.862Z root INFO [hosted-plugin: 17398] PLUGIN_HOST(17398): initializing(vscode-language-pack-uk@1.48.3 with /opt/arduino-ide/resources/app/lib/backend/plugin-vscode-init)
2026-03-06 19:35:19 2026-03-06T19:35:19.862Z root INFO [hosted-plugin: 17398] PLUGIN_HOST(17398): initializing(vscode-language-pack-zh-hans@1.96.0 with /opt/arduino-ide/resources/app/lib/backend/plugin-vscode-init)
2026-03-06 19:35:19 2026-03-06T19:35:19.862Z root INFO [hosted-plugin: 17398] PLUGIN_HOST(17398): initializing(vscode-language-pack-zh-hant@1.96.0 with /opt/arduino-ide/resources/app/lib/backend/plugin-vscode-init)
2026-03-06 19:35:19 2026-03-06T19:35:19.870Z root INFO [hosted-plugin: 17398] PLUGIN_HOST(17398): PluginManagerExtImpl/loadPlugin(/opt/arduino-ide/resources/app/plugins/vscode-builtin-json-language-features/extension/client/dist/node/jsonClientMain)
2026-03-06 19:35:19 2026-03-06T19:35:19.905Z root INFO [hosted-plugin: 17398] PLUGIN_HOST(17398): PluginManagerExtImpl/loadPlugin(/opt/arduino-ide/resources/app/plugins/vscode-arduino-tools/extension/dist/extension.js)
2026-03-06 19:35:19 2026-03-06T19:35:19.920Z root INFO [hosted-plugin: 17398] PLUGIN_HOST(17398): PluginManagerExtImpl/loadPlugin(/opt/arduino-ide/resources/app/plugins/vscode-arduino-api/extension/dist/extension.js)
2026-03-06 19:35:19 2026-03-06T19:35:19.922Z root INFO [hosted-plugin: 17398] calling activation function on VS Code Arduino Tools
2026-03-06 19:35:19 2026-03-06T19:35:19.922Z root INFO [hosted-plugin: 17398] calling activation function on Arduino IDE API for VS Code extensions
2026-03-06 19:35:19 2026-03-06T19:35:19.947Z root INFO [07b45510-80c6-4091-8d01-0664d3164485] Starting plugins.
2026-03-06 19:35:19 2026-03-06T19:35:19.949Z root INFO [hosted-plugin: 17398] PLUGIN_HOST(17398): PluginManagerExtImpl/loadPlugin(/opt/arduino-ide/resources/app/plugins/cortex-debug/extension/dist/extension.js)
2026-03-06 19:35:19 2026-03-06T19:35:19.970Z root INFO [hosted-plugin: 17398] Debug configuration provider has been registered: cortex-debug, trigger: 1
2026-03-06 19:35:19 2026-03-06T19:35:19.970Z root INFO [hosted-plugin: 17398] calling activation function on Cortex-Debug
2026-03-06 19:35:19 2026-03-06T19:35:19.971Z root INFO [hosted-plugin: 17398] GDB server console created
2026-03-06 19:35:19 2026-03-06T19:35:19.986Z root INFO [07b45510-80c6-4091-8d01-0664d3164485] Start of 23 plugins: 301.1 ms [Finished 2.096 s after frontend start]
2026-03-06 19:35:20 2026-03-06T19:35:20.058Z root INFO [hosted-plugin: 17398] calling activation function on JSON Language Features (built-in)
2026-03-06 19:35:20 2026-03-06T19:35:20.367Z root ERROR ---- !!!SLOW!!! DURATION: search took 219.638 ms. Args: [{"query":"","type":"All","topic":"All"}] ----
2026-03-06 19:35:20 2026-03-06T19:35:20.599Z root INFO Frontend application start: 1840.5 ms [Finished 3.078 s after backend start]
2026-03-06 19:35:20 Checking for update
2026-03-06 19:35:20 2026-03-06T19:35:20.614Z root INFO Replace loading indicator with ready workbench UI (animation): 818.2 ms [Finished 2.613 s after frontend start]
2026-03-06 19:35:20 2026-03-06T19:35:20.616Z root INFO Changed application state from 'initialized_layout' to 'ready'.
2026-03-06 19:35:20 2026-03-06T19:35:20.616Z root WARN Linked preference "workbench.colorCustomizations" not found.
2026-03-06 19:35:20 2026-03-06T19:35:20.629Z sketches-service WARN Mismatching sketch file <led.ino> and sketch folder name <practice>. Skipping
2026-03-06 19:35:20 2026-03-06T19:35:20.630Z sketches-service WARN Mismatching sketch file <led.ino> and sketch folder name <practice>. Skipping
2026-03-06 19:35:20 2026-03-06T19:35:20.630Z sketches-service WARN Mismatching sketch file <led.ino> and sketch folder name <practice>. Skipping
2026-03-06 19:35:20 2026-03-06T19:35:20.832Z daemon INFO time="2026-03-06T19:35:20Z" level=info msg="Tool required for debug" tool="esp8266:mklittlefs@3.1.0-gcc10.3-e5f9fec"
time="2026-03-06T19:35:20Z" level=info msg="Tool required for debug" tool="esp8266:mkspiffs@3.1.0-gcc10.3-e5f9fec"
time="2026-03-06T19:35:20Z" level=info msg="Tool required for debug" tool="esp8266:python3@3.7.2-post1"
time="2026-03-06T19:35:20Z" level=info msg="Tool required for debug" tool="esp8266:xtensa-lx106-elf-gcc@3.1.0-gcc10.3-e5f9fec"
time="2026-03-06T19:35:20Z" level=info msg="Tool required for debug" tool="builtin:serial-monitor@0.15.0"
time="2026-03-06T19:35:20Z" level=info msg="Tool required for debug" tool="esp32:xtensa-esp-elf-gdb@16.3_20250913"
time="2026-03-06T19:35:20Z" level=info msg="Tool required for debug" tool="esp32:esp-rv32@2511"
time="2026-03-06T19:35:20Z" level=info msg="Tool required for debug" tool="esp32:esp32c6-libs@3.3.7"
2026-03-06 19:35:20 2026-03-06T19:35:20.832Z daemon INFO time="2026-03-06T19:35:20Z" level=info msg="Tool required for debug" tool="esp32:esp32p4_es-libs@3.3.7"
time="2026-03-06T19:35:20Z" level=info msg="Tool required for debug" tool="builtin:serial-discovery@1.4.3"
time="2026-03-06T19:35:20Z" level=info msg="Tool required for debug" tool="arduino:avr-gcc@7.3.0-atmel3.6.1-arduino7"
time="2026-03-06T19:35:20Z" level=info msg="Tool required for debug" tool="arduino:arduinoOTA@1.3.0"
time="2026-03-06T19:35:20Z" level=info msg="Tool required for debug" tool="arduino:avrdude@8.0.0-arduino1"
time="2026-03-06T19:35:20Z" level=info msg="Tool required for debug" tool="esp32:esp32p4-libs@3.3.7"
2026-03-06 19:35:20 2026-03-06T19:35:20.832Z daemon INFO time="2026-03-06T19:35:20Z" level=info msg="Tool required for debug" tool="esp32:esp32s2-libs@3.3.7"
time="2026-03-06T19:35:20Z" level=info msg="Tool required for debug" tool="builtin:mdns-discovery@1.0.12"
time="2026-03-06T19:35:20Z" level=info msg="Tool required for debug" tool="builtin:ctags@5.8-arduino11"
time="2026-03-06T19:35:20Z" level=info msg="Tool required for debug" tool="arduino:dfu-util@0.11.0-arduino5"
time="2026-03-06T19:35:20Z" level=info msg="Tool required for debug" tool="esp32:esp32h2-libs@3.3.7"
time="2026-03-06T19:35:20Z" level=info msg="Tool required for debug" tool="esp32:openocd-esp32@v0.12.0-esp32-20251215"
time="2026-03-06T19:35:20Z" level=info msg="Tool required for debug" tool="esp32:esp32-libs@3.3.7"
time="2026-03-06T19:35:20Z" level=info msg="Tool required for debug" tool="esp32:esp32c3-libs@3.3.7"
time="2026-03-06T19:35:20Z" level=info msg="Tool required for debug" tool="esp32:esp32c5-libs@3.3.7"
time="2026-03-06T19:35:20Z" level=info msg="Tool required for debug" tool="builtin:dfu-discovery@0.1.2"
2026-03-06 19:35:20 2026-03-06T19:35:20.832Z daemon INFO time="2026-03-06T19:35:20Z" level=info msg="Tool required for debug" tool="esp32:esp-x32@2511"
time="2026-03-06T19:35:20Z" level=info msg="Tool required for debug" tool="esp32:esptool_py@5.1.0"
time="2026-03-06T19:35:20Z" level=info msg="Tool required for debug" tool="esp32:esp32s3-libs@3.3.7"
time="2026-03-06T19:35:20Z" level=info msg="Tool required for debug" tool="esp32:riscv32-esp-elf-gdb@16.3_20250913"
2026-03-06 19:35:20 2026-03-06T19:35:20.833Z root ERROR Failed to get debug config: esp8266:esp8266:generic:led=2,baud=115200,xtal=80,CrystalFreq=26,eesz=1M64,FlashMode=dout,FlashFreq=40,ResetMethod=nodemcu,dbg=Disabled,lvl=None____,ip=lm2f,vt=flash,exception=disabled,stacksmash=disabled,wipe=none,sdk=nonosdk_190703,ssl=all,mmu=3232,non32xfer=fast, undefined Error: Debugging is not supported.
    at Object.callback (/opt/arduino-ide/resources/app/lib/backend/main.js:2:4742300)
    at Object.onReceiveStatus (/opt/arduino-ide/resources/app/lib/backend/main.js:2:3778020)
    at Object.onReceiveStatus (/opt/arduino-ide/resources/app/lib/backend/main.js:2:2211941)
    at Object.onReceiveStatus (/opt/arduino-ide/resources/app/lib/backend/main.js:2:2211386)
    at /opt/arduino-ide/resources/app/lib/backend/main.js:2:4348117
    at process.processTicksAndRejections (node:internal/process/task_queues:77:11)
2026-03-06 19:35:20 2026-03-06T19:35:20.935Z root INFO Starting language server: esp8266:esp8266:generic:led=2,baud=115200,xtal=80,CrystalFreq=26,eesz=1M64,FlashMode=dout,FlashFreq=40,ResetMethod=nodemcu,dbg=Disabled,lvl=None____,ip=lm2f,vt=flash,exception=disabled,stacksmash=disabled,wipe=none,sdk=nonosdk_190703,ssl=all,mmu=3232,non32xfer=fast
2026-03-06 19:35:21 2026-03-06T19:35:21.055Z root ERROR ---- !!!SLOW!!! DURATION: search took 439.295 ms. Args: [{"type":"Updatable"}] ----
2026-03-06 19:35:21 2026-03-06T19:35:21.074Z daemon INFO time="2026-03-06T19:35:21Z" level=info msg="Adding libraries dir" dir=/home/shrek/.arduino15/libraries isSingleLibrary=false location=ide
2026-03-06 19:35:21 2026-03-06T19:35:21.075Z daemon INFO time="2026-03-06T19:35:21Z" level=info msg="Adding libraries dir" dir=/home/shrek/.arduino15/packages/esp8266/hardware/esp8266/3.1.2/libraries isSingleLibrary=false location=platform
time="2026-03-06T19:35:21Z" level=info msg="Adding libraries dir" dir=/home/shrek/Arduino/libraries isSingleLibrary=false location=user
2026-03-06 19:35:21 Found version 2.3.8 (url: arduino-ide_2.3.8_Linux_64bit.AppImage)
2026-03-06 19:35:21 2026-03-06T19:35:21.233Z daemon INFO time="2026-03-06T19:35:21Z" level=info msg="Resolving include Adafruit_SSD1306.h for arch esp8266"
time="2026-03-06T19:35:21Z" level=info msg="  found better lib" lib="Adafruit SSD1306" prio=6A7
2026-03-06 19:35:21 2026-03-06T19:35:21.319Z daemon INFO time="2026-03-06T19:35:21Z" level=info msg="Resolving include Adafruit_GFX.h for arch esp8266"
time="2026-03-06T19:35:21Z" level=info msg="  found better lib" lib="Adafruit GFX Library" prio=517
2026-03-06 19:35:21 2026-03-06T19:35:21.404Z daemon INFO time="2026-03-06T19:35:21Z" level=info msg="Resolving include Adafruit_I2CDevice.h for arch esp8266"
time="2026-03-06T19:35:21Z" level=info msg="  found better lib" lib="Adafruit BusIO" prio=3EB
2026-03-06 19:35:21 2026-03-06T19:35:21.491Z daemon INFO time="2026-03-06T19:35:21Z" level=info msg="Resolving include Wire.h for arch esp8266"
time="2026-03-06T19:35:21Z" level=info msg="  found better lib" lib=Wire prio=6B0
2026-03-06 19:35:21 2026-03-06T19:35:21.577Z daemon INFO time="2026-03-06T19:35:21Z" level=info msg="Resolving include SPI.h for arch esp8266"
time="2026-03-06T19:35:21Z" level=info msg="  found better lib" lib=SPI prio=6B0
2026-03-06 19:35:22 2026-03-06T19:35:22.274Z daemon INFO time="2026-03-06T19:35:22Z" level=info msg="Adding libraries dir" dir=/home/shrek/.arduino15/libraries isSingleLibrary=false location=ide
time="2026-03-06T19:35:22Z" level=info msg="Adding libraries dir" dir=/home/shrek/.arduino15/packages/esp8266/hardware/esp8266/3.1.2/libraries isSingleLibrary=false location=platform
2026-03-06 19:35:22 2026-03-06T19:35:22.274Z daemon INFO time="2026-03-06T19:35:22Z" level=info msg="Adding libraries dir" dir=/home/shrek/Arduino/libraries isSingleLibrary=false location=user
2026-03-06 19:35:24 Downloading update from arduino-ide_2.3.8_Linux_64bit.AppImage
2026-03-06 19:35:24 updater cache dir: /home/shrek/.cache/arduino-ide-updater
2026-03-06 19:35:24 Error: Error: APPIMAGE env is not defined
    at t.newError (/opt/arduino-ide/resources/app/lib/backend/electron-main.js:2:91672)
    at Object.task (/opt/arduino-ide/resources/app/lib/backend/electron-main.js:5:867080)
    at p.executeDownload (/opt/arduino-ide/resources/app/lib/backend/electron-main.js:2:877859)
    at async u.downloadUpdate (/opt/arduino-ide/resources/app/lib/backend/electron-main.js:2:655897)
    at async u.onRequest (/opt/arduino-ide/resources/app/lib/backend/electron-main.js:8:136499)
    at async c.handleRequest (/opt/arduino-ide/resources/app/lib/backend/electron-main.js:2:286473)
2026-03-06 19:36:17 isTempSketch: false. Input was /home/shrek/Arduino/AndroidCnct/test1
2026-03-06 19:36:17 Marking workspace as a closed sketch. Workspace URI: file:///home/shrek/Arduino/AndroidCnct/test1. Date: 1772825777534.
2026-03-06 19:36:17 isTempSketch: false. Input was /home/shrek/Arduino/AndroidCnct/test1
2026-03-06 19:36:17 Marking workspace as a closed sketch. Workspace URI: file:///home/shrek/Arduino/AndroidCnct/test1. Date: 1772825777536.
2026-03-06 19:36:17 Closing channel on service path '/services/electron-window'.
2026-03-06 19:36:17 Closing channel on service path '/services/ide-updater'.
2026-03-06 19:36:17 Storing the sketch as a workspace root: </home/shrek/Arduino/AndroidCnct/test1>.
2026-03-06 19:36:17 Skipped storing sketch as workspace root. Already visited: </home/shrek/Arduino/AndroidCnct/test1>.
2026-03-06 19:36:17 Stored workspaces roots: /home/shrek/Arduino/AndroidCnct/test1
2026-03-06 19:36:17 No sketches were scheduled for deletion.
2026-03-06 19:36:17 2026-03-06T19:36:17.539Z root INFO socked closed
2026-03-06 19:36:17 2026-03-06T19:36:17.539Z root INFO closing connection for 1
2026-03-06 19:36:17 2026-03-06T19:36:17.539Z root INFO Closing channel on service path '/localization-server'.
2026-03-06 19:36:17 2026-03-06T19:36:17.539Z root INFO Closing channel on service path '/os'.
2026-03-06 19:36:17 2026-03-06T19:36:17.539Z root INFO Closing channel on service path '/services/commands'.
2026-03-06 19:36:17 2026-03-06T19:36:17.539Z root INFO Closing channel on service path '/services/keyboard'.
2026-03-06 19:36:17 2026-03-06T19:36:17.539Z root INFO Closing channel on service path '/services/logger'.
2026-03-06 19:36:17 2026-03-06T19:36:17.539Z root INFO Closing channel on service path '/services/messageService'.
2026-03-06 19:36:17 2026-03-06T19:36:17.539Z root INFO Closing channel on service path '/services/ChannelCloseService'.
2026-03-06 19:36:17 2026-03-06T19:36:17.539Z root INFO Closing channel on service path '/services/remote-filesystem'.
2026-03-06 19:36:17 2026-03-06T19:36:17.539Z root INFO Closing channel on service path '/services/envs'.
2026-03-06 19:36:17 2026-03-06T19:36:17.539Z root INFO Closing channel on service path '/services/authentication-service'.
2026-03-06 19:36:17 2026-03-06T19:36:17.539Z root INFO Closing channel on service path '/services/sketches-service'.
2026-03-06 19:36:17 2026-03-06T19:36:17.539Z root INFO Closing channel on service path '/services/config-service'.
2026-03-06 19:36:17 2026-03-06T19:36:17.540Z root INFO Closing channel on service path '/services/workspace'.
2026-03-06 19:36:17 2026-03-06T19:36:17.540Z root INFO Closing channel on service path '/services/notification-service'.
2026-03-06 19:36:17 2026-03-06T19:36:17.540Z root INFO Closing channel on service path '/services/arduino-daemon'.
2026-03-06 19:36:17 2026-03-06T19:36:17.540Z root INFO Closing channel on service path '/services/stopwatch'.
2026-03-06 19:36:17 2026-03-06T19:36:17.540Z root INFO Closing channel on service path '/services/application'.
2026-03-06 19:36:17 2026-03-06T19:36:17.540Z root INFO Closing channel on service path '/services/i18n'.
2026-03-06 19:36:17 2026-03-06T19:36:17.540Z root INFO Closing channel on service path '/services/quickInput'.
2026-03-06 19:36:17 2026-03-06T19:36:17.540Z root INFO Closing channel on service path '/services/debug'.
2026-03-06 19:36:17 2026-03-06T19:36:17.540Z root INFO Closing channel on service path '/services/shell-terminal'.
2026-03-06 19:36:17 2026-03-06T19:36:17.540Z root INFO Closing channel on service path '/services/quickPick'.
2026-03-06 19:36:17 2026-03-06T19:36:17.540Z root INFO Closing channel on service path '/services/task'.
2026-03-06 19:36:17 2026-03-06T19:36:17.540Z root INFO Closing channel on service path '/services/search'.
2026-03-06 19:36:17 2026-03-06T19:36:17.540Z root INFO Closing channel on service path '/services/hostedPlugin'.
2026-03-06 19:36:17 2026-03-06T19:36:17.540Z root INFO Closing channel on service path '/services/plugin-ext'.
2026-03-06 19:36:17 2026-03-06T19:36:17.540Z root INFO Closing channel on service path '/services/plugin-paths'.
2026-03-06 19:36:17 2026-03-06T19:36:17.540Z root INFO Closing channel on service path '/services/cli-preferences'.
2026-03-06 19:36:17 2026-03-06T19:36:17.540Z root INFO Closing channel on service path '/services/boards-service'.
2026-03-06 19:36:17 2026-03-06T19:36:17.540Z root INFO Closing channel on service path '/services/response-service'.
2026-03-06 19:36:17 2026-03-06T19:36:17.540Z root INFO Closing channel on service path '/services/file-system-ext'.
2026-03-06 19:36:17 2026-03-06T19:36:17.540Z root INFO Closing channel on service path '/services/core-service'.
2026-03-06 19:36:17 2026-03-06T19:36:17.540Z root INFO Closing channel on service path '/services/example-service'.
2026-03-06 19:36:17 2026-03-06T19:36:17.540Z root INFO Closing channel on service path '/services/library-service'.
2026-03-06 19:36:17 2026-03-06T19:36:17.540Z root INFO Closing channel on service path '/services/executable-service'.
2026-03-06 19:36:17 2026-03-06T19:36:17.540Z root INFO Closing channel on service path '/services/arduino-firmware-uploader'.
2026-03-06 19:36:17 2026-03-06T19:36:17.540Z root INFO Closing channel on service path '/services/formatter'.
2026-03-06 19:36:17 2026-03-06T19:36:17.540Z root INFO Closing channel on service path '/services/search-in-workspace'.
2026-03-06 19:36:17 2026-03-06T19:36:17.540Z root INFO Closing channel on service path '/services/request-service'.
2026-03-06 19:36:17 2026-03-06T19:36:17.540Z root INFO Closing channel on service path '/services/keyStore'.
2026-03-06 19:36:17 2026-03-06T19:36:17.540Z root INFO Closing channel on service path '/services/languagePackService'.
2026-03-06 19:37:32 Arduino IDE 2.3.7
2026-03-06 19:37:32 Checking for frontend application configuration customizations. Module path: /opt/arduino-ide/resources/app/lib/backend/electron-main.js, destination 'package.json': /opt/arduino-ide/resources/app/package.json
2026-03-06 19:37:32 Setting 'theia.frontend.config.appVersion' application configuration value to: "2.3.7" (type of string)
2026-03-06 19:37:32 Setting 'theia.frontend.config.cliVersion' application configuration value to: "1.3.1" (type of string)
2026-03-06 19:37:32 Setting 'theia.frontend.config.buildDate' application configuration value to: "2025-12-17T16:01:58.874Z" (type of string)
2026-03-06 19:37:32 Frontend application configuration after modifications: {"applicationName":"Arduino IDE","defaultTheme":{"light":"arduino-theme","dark":"arduino-theme-dark"},"defaultIconTheme":"none","electron":{"windowOptions":{},"showWindowEarly":true,"splashScreenOptions":{},"uriScheme":"arduino-ide"},"defaultLocale":"","validatePreferencesSchema":false,"reloadOnReconnect":true,"uriScheme":"theia","preferences":{"window.title":"${rootName}${activeEditorShort}${appName}","files.autoSave":"afterDelay","editor.minimap.enabled":false,"editor.tabSize":2,"editor.scrollBeyondLastLine":false,"editor.quickSuggestions":{"other":false,"comments":false,"strings":false},"editor.maxTokenizationLineLength":500,"editor.bracketPairColorization.enabled":false,"breadcrumbs.enabled":false,"workbench.tree.renderIndentGuides":"none","explorer.compactFolders":false},"appVersion":"2.3.7","cliVersion":"1.3.1","buildDate":"2025-12-17T16:01:58.874Z"}
2026-03-06 19:37:32 Starting backend process. PID: 32845
2026-03-06 19:37:32 Showing main window early
2026-03-06 19:37:32 Using browser-only version of superagent in non-browser environment
2026-03-06 19:37:32 Configuration directory URI: 'file:///home/shrek/.arduinoIDE'
2026-03-06 19:37:32 Configuring to accept webviews on '^.+\.webview\..+$' hostname.
2026-03-06 19:37:33 2026-03-06T19:37:33.010Z root INFO Backend u.initialize: 17.1 ms [Finished 0.358 s after backend start]
2026-03-06 19:37:33 2026-03-06T19:37:33.010Z root INFO Backend Object.initialize: 16.1 ms [Finished 0.358 s after backend start]
2026-03-06 19:37:33 2026-03-06T19:37:33.010Z root INFO Backend a.initialize: 0.7 ms [Finished 0.358 s after backend start]
2026-03-06 19:37:33 2026-03-06T19:37:33.010Z root INFO Backend a.initialize: 0.5 ms [Finished 0.358 s after backend start]
2026-03-06 19:37:33 2026-03-06T19:37:33.010Z root INFO Backend u.initialize: 0.7 ms [Finished 0.358 s after backend start]
2026-03-06 19:37:33 2026-03-06T19:37:33.011Z root INFO Backend l.initialize: 16.9 ms [Finished 0.359 s after backend start]
2026-03-06 19:37:33 2026-03-06T19:37:33.015Z root INFO configured all backend app contributions
2026-03-06 19:37:33 2026-03-06T19:37:33.015Z root INFO Backend l.onStart: 0.7 ms [Finished 0.364 s after backend start]
2026-03-06 19:37:33 2026-03-06T19:37:33.016Z root INFO Backend d.onStart: 0.1 ms [Finished 0.364 s after backend start]
2026-03-06 19:37:33 2026-03-06T19:37:33.016Z root INFO Backend a.onStart: 0.2 ms [Finished 0.365 s after backend start]
2026-03-06 19:37:33 2026-03-06T19:37:33.016Z config INFO >>> Initializing CLI configuration...
2026-03-06 19:37:33 2026-03-06T19:37:33.016Z root INFO Backend x.onStart: 0.2 ms [Finished 0.365 s after backend start]
2026-03-06 19:37:33 2026-03-06T19:37:33.016Z config INFO Loading CLI configuration from /home/shrek/.arduinoIDE/arduino-cli.yaml...
2026-03-06 19:37:33 2026-03-06T19:37:33.016Z daemon INFO Starting daemon from /opt/arduino-ide/resources/app/lib/backend/resources/arduino-cli...
2026-03-06 19:37:33 2026-03-06T19:37:33.016Z root INFO Backend w.onStart: 0.2 ms [Finished 0.365 s after backend start]
2026-03-06 19:37:33 2026-03-06T19:37:33.016Z discovery-log INFO start
2026-03-06 19:37:33 2026-03-06T19:37:33.016Z discovery-log INFO start new deferred
2026-03-06 19:37:33 2026-03-06T19:37:33.016Z root INFO Backend v.onStart: 0.1 ms [Finished 0.365 s after backend start]
2026-03-06 19:37:33 2026-03-06T19:37:33.016Z root INFO Backend a.onStart: 0.1 ms [Finished 0.365 s after backend start]
2026-03-06 19:37:33 2026-03-06T19:37:33.018Z root INFO Theia app listening on http://127.0.0.1:36895.
2026-03-06 19:37:33 Restoring workspace roots: /home/shrek/Arduino/AndroidCnct/test1
2026-03-06 19:37:33 2026-03-06T19:37:33.018Z root INFO Finished starting backend application: 2.1 ms [Finished 0.368 s after backend start]
2026-03-06 19:37:33 2026-03-06T19:37:33.019Z root WARN The local plugin referenced by local-dir:/home/shrek/.arduinoIDE/plugins does not exist.
2026-03-06 19:37:33 2026-03-06T19:37:33.019Z root WARN The local plugin referenced by local-dir:/home/shrek/.arduinoIDE/deployedPlugins does not exist.
2026-03-06 19:37:33 2026-03-06T19:37:33.021Z config INFO Loaded CLI configuration: {"board_manager":{"additional_urls":["http://arduino.esp8266.com/stable/package_esp8266com_index.json"]},"directories":{"builtin":{"libraries":"/home/shrek/.arduino15/libraries"},"data":"/home/shrek/.arduino15","user":"/home/shrek/Arduino"},"locale":"en"}
2026-03-06 19:37:33 2026-03-06T19:37:33.021Z config INFO 'directories.data' and 'directories.user' are set in the CLI configuration model.
2026-03-06 19:37:33 2026-03-06T19:37:33.021Z config INFO Loaded the CLI configuration.
2026-03-06 19:37:33 isTempSketch: false. Input was /home/shrek/Arduino/AndroidCnct/test1/test1.ino
2026-03-06 19:37:33 2026-03-06T19:37:33.025Z config INFO Mapped the CLI configuration: {"dataDirUri":"file:///home/shrek/.arduino15","sketchDirUri":"file:///home/shrek/Arduino","additionalUrls":["http://arduino.esp8266.com/stable/package_esp8266com_index.json"],"network":"none","locale":"en"}
2026-03-06 19:37:33 2026-03-06T19:37:33.025Z config INFO Validating the CLI configuration...
2026-03-06 19:37:33 2026-03-06T19:37:33.025Z config INFO The CLI config is valid.
2026-03-06 19:37:33 2026-03-06T19:37:33.025Z config INFO <<< Initialized the CLI configuration.
2026-03-06 19:37:33 2026-03-06T19:37:33.034Z daemon INFO time="2026-03-06T19:37:33Z" level=info msg="arduino-cli version 1.3.1"
time="2026-03-06T19:37:33Z" level=info msg="Using config file: /home/shrek/.arduinoIDE/arduino-cli.yaml"
time="2026-03-06T19:37:33Z" level=info msg="Executing `arduino-cli daemon`"
Daemon is now listening on 127.0.0.1:36881
{"IP":"127.0.0.1","Port":"36881"}
2026-03-06 19:37:33 2026-03-06T19:37:33.034Z daemon INFO Daemon is running.
2026-03-06 19:37:33 2026-03-06T19:37:33.052Z root INFO Resolve plugins list: 35.1 ms [Finished 0.401 s after backend start]
2026-03-06 19:37:33 2026-03-06T19:37:33.055Z daemon INFO time="2026-03-06T19:37:33Z" level=info msg="Checking signature" index=/home/shrek/.arduino15/package_index.json signatureFile=/home/shrek/.arduino15/package_index.json.sig trusted=true
2026-03-06 19:37:33 2026-03-06T19:37:33.056Z daemon INFO time="2026-03-06T19:37:33Z" level=info msg="Missing signature file" index=/home/shrek/.arduino15/package_esp8266com_index.json
2026-03-06 19:37:33 2026-03-06T19:37:33.056Z daemon INFO time="2026-03-06T19:37:33Z" level=info msg="Loading hardware from: /home/shrek/.arduino15/packages"
2026-03-06 19:37:33 2026-03-06T19:37:33.056Z daemon INFO time="2026-03-06T19:37:33Z" level=info msg="Loading package arduino from: /home/shrek/.arduino15/packages/arduino/hardware"
2026-03-06 19:37:33 2026-03-06T19:37:33.057Z daemon INFO time="2026-03-06T19:37:33Z" level=info msg="Missing signature file" index=/home/shrek/.arduino15/packages/arduino/hardware/avr/1.8.7/installed.json
2026-03-06 19:37:33 2026-03-06T19:37:33.057Z daemon INFO time="2026-03-06T19:37:33Z" level=info msg="Adding monitor tool" protocol=serial tool="builtin:serial-monitor"
2026-03-06 19:37:33 2026-03-06T19:37:33.057Z daemon INFO time="2026-03-06T19:37:33Z" level=info msg="Loaded platform" platform="arduino:avr@1.8.7"
time="2026-03-06T19:37:33Z" level=info msg="Checking existence of 'tools' path: /home/shrek/.arduino15/packages/arduino/tools"
time="2026-03-06T19:37:33Z" level=info msg="Loading tools from dir: /home/shrek/.arduino15/packages/arduino/tools"
time="2026-03-06T19:37:33Z" level=info msg="Loaded tool" tool="arduino:arduinoOTA@1.3.0"
2026-03-06 19:37:33 2026-03-06T19:37:33.057Z daemon INFO time="2026-03-06T19:37:33Z" level=info msg="Loaded tool" tool="arduino:avr-gcc@7.3.0-atmel3.6.1-arduino7"
time="2026-03-06T19:37:33Z" level=info msg="Loaded tool" tool="arduino:avrdude@8.0.0-arduino1"
2026-03-06 19:37:33 2026-03-06T19:37:33.057Z daemon INFO time="2026-03-06T19:37:33Z" level=info msg="Loaded tool" tool="arduino:dfu-util@0.11.0-arduino5"
time="2026-03-06T19:37:33Z" level=info msg="Loading package builtin from: /home/shrek/.arduino15/packages/builtin"
2026-03-06 19:37:33 2026-03-06T19:37:33.057Z daemon INFO time="2026-03-06T19:37:33Z" level=info msg="Checking existence of 'tools' path: /home/shrek/.arduino15/packages/builtin/tools"
time="2026-03-06T19:37:33Z" level=info msg="Loading tools from dir: /home/shrek/.arduino15/packages/builtin/tools"
2026-03-06 19:37:33 2026-03-06T19:37:33.057Z daemon INFO time="2026-03-06T19:37:33Z" level=info msg="Loaded tool" tool="builtin:ctags@5.8-arduino11"
2026-03-06 19:37:33 2026-03-06T19:37:33.057Z daemon INFO time="2026-03-06T19:37:33Z" level=info msg="Loaded tool" tool="builtin:dfu-discovery@0.1.2"
time="2026-03-06T19:37:33Z" level=info msg="Loaded tool" tool="builtin:mdns-discovery@1.0.12"
2026-03-06 19:37:33 2026-03-06T19:37:33.058Z daemon INFO time="2026-03-06T19:37:33Z" level=info msg="Loaded tool" tool="builtin:serial-discovery@1.4.3"
time="2026-03-06T19:37:33Z" level=info msg="Loaded tool" tool="builtin:serial-monitor@0.15.0"
time="2026-03-06T19:37:33Z" level=info msg="Loading package esp32 from: /home/shrek/.arduino15/packages/esp32/hardware"
2026-03-06 19:37:33 2026-03-06T19:37:33.058Z daemon INFO time="2026-03-06T19:37:33Z" level=info msg="Missing signature file" index=/home/shrek/.arduino15/packages/esp32/hardware/esp32/3.3.7/installed.json
2026-03-06 19:37:33 2026-03-06T19:37:33.149Z daemon INFO time="2026-03-06T19:37:33Z" level=info msg="Adding monitor tool" protocol=serial tool="builtin:serial-monitor"
time="2026-03-06T19:37:33Z" level=info msg="Loaded platform" platform="esp32:esp32@3.3.7"
time="2026-03-06T19:37:33Z" level=info msg="Checking existence of 'tools' path: /home/shrek/.arduino15/packages/esp32/tools"
time="2026-03-06T19:37:33Z" level=info msg="Loading tools from dir: /home/shrek/.arduino15/packages/esp32/tools"
time="2026-03-06T19:37:33Z" level=info msg="Loaded tool" tool="esp32:esp-rv32@2511"
time="2026-03-06T19:37:33Z" level=info msg="Loaded tool" tool="esp32:esp-x32@2511"
time="2026-03-06T19:37:33Z" level=info msg="Loaded tool" tool="esp32:esp32-libs@3.3.7"
time="2026-03-06T19:37:33Z" level=info msg="Loaded tool" tool="esp32:esp32c3-libs@3.3.7"
time="2026-03-06T19:37:33Z" level=info msg="Loaded tool" tool="esp32:esp32c5-libs@3.3.7"
time="2026-03-06T19:37:33Z" level=info msg="Loaded tool" tool="esp32:esp32c6-libs@3.3.7"
time="2026-03-06T19:37:33Z" level=info msg="Loaded tool" tool="esp32:esp32h2-libs@3.3.7"
time="2026-03-06T19:37:33Z" level=info msg="Loaded tool" tool="esp32:esp32p4-libs@3.3.7"
time="2026-03-06T19:37:33Z" level=info msg="Loaded tool" tool="esp32:esp32p4_es-libs@3.3.7"
time="2026-03-06T19:37:33Z" level=info msg="Loaded tool" tool="esp32:esp32s2-libs@3.3.7"
time="2026-03-06T19:37:33Z" level=info msg="Loaded tool" tool="esp32:esp32s3-libs@3.3.7"
time="2026-03-06T19:37:33Z" level=info msg="Loaded tool" tool="esp32:esptool_py@5.1.0"
time="2026-03-06T19:37:33Z" level=info msg="Loaded tool" tool="esp32:mklittlefs@4.0.2-db0513a"
time="2026-03-06T19:37:33Z" level=info msg="Loaded tool" tool="esp32:mkspiffs@0.2.3"
time="2026-03-06T19:37:33Z" level=info msg="Loaded tool" tool="esp32:openocd-esp32@v0.12.0-esp32-20251215"
time="2026-03-06T19:37:33Z" level=info msg="Loaded tool" tool="esp32:riscv32-esp-elf-gdb@16.3_20250913"
time="2026-03-06T19:37:33Z" level=info msg="Loaded tool" tool="esp32:xtensa-esp-elf-gdb@16.3_20250913"
time="2026-03-06T19:37:33Z" level=info msg="Loading package esp8266 from: /home/shrek/.arduino15/packages/esp8266/hardware"
time="2026-03-06T19:37:33Z" level=info msg="Missing signature file" index=/home/shrek/.arduino15/packages/esp8266/hardware/esp8266/3.1.2/installed.json
2026-03-06 19:37:33 2026-03-06T19:37:33.159Z daemon INFO time="2026-03-06T19:37:33Z" level=info msg="Adding monitor tool" protocol=serial tool="builtin:serial-monitor"
time="2026-03-06T19:37:33Z" level=info msg="Loaded platform" platform="esp8266:esp8266@3.1.2"
time="2026-03-06T19:37:33Z" level=info msg="Checking existence of 'tools' path: /home/shrek/.arduino15/packages/esp8266/tools"
time="2026-03-06T19:37:33Z" level=info msg="Loading tools from dir: /home/shrek/.arduino15/packages/esp8266/tools"
time="2026-03-06T19:37:33Z" level=info msg="Loaded tool" tool="esp8266:mklittlefs@3.1.0-gcc10.3-e5f9fec"
time="2026-03-06T19:37:33Z" level=info msg="Loaded tool" tool="esp8266:mkspiffs@3.1.0-gcc10.3-e5f9fec"
time="2026-03-06T19:37:33Z" level=info msg="Loaded tool" tool="esp8266:python3@3.7.2-post1"
time="2026-03-06T19:37:33Z" level=info msg="Loaded tool" tool="esp8266:xtensa-lx106-elf-gcc@3.1.0-gcc10.3-e5f9fec"
2026-03-06 19:37:33 2026-03-06T19:37:33.164Z daemon INFO time="2026-03-06T19:37:33Z" level=info msg="Adding libraries dir" dir=/home/shrek/.arduino15/packages/esp32/hardware/esp32/3.3.7/libraries isSingleLibrary=false location=platform
time="2026-03-06T19:37:33Z" level=info msg="Adding libraries dir" dir=/home/shrek/.arduino15/packages/arduino/hardware/avr/1.8.7/libraries isSingleLibrary=false location=platform
time="2026-03-06T19:37:33Z" level=info msg="Adding libraries dir" dir=/home/shrek/.arduino15/packages/esp8266/hardware/esp8266/3.1.2/libraries isSingleLibrary=false location=platform
time="2026-03-06T19:37:33Z" level=info msg="Loading libraries index file" index=/home/shrek/.arduino15/library_index.json
2026-03-06 19:37:33 2026-03-06T19:37:33.282Z daemon INFO time="2026-03-06T19:37:33Z" level=info msg="Adding libraries dir" dir=/home/shrek/.arduino15/libraries isSingleLibrary=false location=ide
time="2026-03-06T19:37:33Z" level=info msg="Adding libraries dir" dir=/home/shrek/Arduino/libraries isSingleLibrary=false location=user
2026-03-06 19:37:33 2026-03-06T19:37:33.308Z root INFO Deploy plugins list: 291.2 ms [Finished 0.657 s after backend start]
2026-03-06 19:37:33 2026-03-06T19:37:33.330Z discovery-log INFO start resolved watching
2026-03-06 19:37:33 2026-03-06T19:37:33.335Z discovery-log INFO {"eventType":"add","port":{"matchingBoardsList":[],"port":{"address":"/dev/ttyACM0","label":"/dev/ttyACM0","protocol":"serial","protocolLabel":"Serial Port (USB)","propertiesMap":[["pid","0x4001"],["serialNumber","123456"],["vid","0x303a"]],"hardwareId":"123456"}},"error":""}
2026-03-06 19:37:33 2026-03-06T19:37:33.335Z discovery-log INFO {"eventType":"add","port":{"matchingBoardsList":[],"port":{"address":"/dev/ttyS0","label":"/dev/ttyS0","protocol":"serial","protocolLabel":"Serial Port","propertiesMap":[],"hardwareId":""}},"error":""}
2026-03-06 19:37:33 2026-03-06T19:37:33.409Z root INFO creating connection for 1
2026-03-06 19:37:33 2026-03-06T19:37:33.931Z root WARN A command editor.action.toggleStickyScroll is already registered.
2026-03-06 19:37:33 2026-03-06T19:37:33.942Z sketches-service WARN Warning! The request sketch path was different than the response sketch path from the CLI. This could be a potential bug. Request: </home/shrek/Arduino/AndroidCnct/test1/test1.ino>, response: </home/shrek/Arduino/AndroidCnct/test1>.
2026-03-06 19:37:33 Opening channel for service path '/services/electron-window'.
2026-03-06 19:37:33 Opening channel for service path '/services/ide-updater'.
2026-03-06 19:37:33 2026-03-06T19:37:33.991Z root INFO Start frontend contributions: 152.4 ms [Finished 0.960 s after frontend start]
2026-03-06 19:37:33 2026-03-06T19:37:33.991Z root INFO Changed application state from 'init' to 'started_contributions'.
2026-03-06 19:37:33 2026-03-06T19:37:33.996Z root INFO Changed application state from 'started_contributions' to 'attached_shell'.
2026-03-06 19:37:33 2026-03-06T19:37:33.996Z root INFO >>> Restoring the layout state...
2026-03-06 19:37:34 2026-03-06T19:37:34.022Z root INFO [12bb6653-211a-4bb9-8916-9bc2af45211a] Waiting for backend deployment: 38.6 ms [Finished 0.994 s after frontend start]
2026-03-06 19:37:34 2026-03-06T19:37:34.333Z root INFO [hosted-plugin: 32966] PLUGIN_HOST(32966) starting instance
[Object: null prototype] {}
2026-03-06 19:37:34 2026-03-06T19:37:34.665Z root INFO [12bb6653-211a-4bb9-8916-9bc2af45211a] Sync of 23 plugins: 647.8 ms [Finished 1.642 s after frontend start]
2026-03-06 19:37:34 2026-03-06T19:37:34.678Z root INFO ------- SERIALIZED LAYOUT DATA -------
2026-03-06 19:37:34 2026-03-06T19:37:34.678Z root INFO {"version":5,"mainPanel":{"main":{"type":"tab-area","widgets":[{"constructionOptions":{"factoryId":"code-editor-opener","options":{"counter":0,"kind":"navigatable","uri":"file:///home/shrek/Arduino/AndroidCnct/test1/test1.ino"}},"innerWidgetState":"{\"cursorState\":[{\"inSelectionMode\":false,\"selectionStart\":{\"lineNumber\":27,\"column\":30},\"position\":{\"lineNumber\":27,\"column\":30}}],\"viewState\":{\"scrollLeft\":0,\"firstPosition\":{\"lineNumber\":1,\"column\":1},\"firstPositionDeltaTop\":0},\"contributionsState\":{\"editor.contrib.folding\":{\"lineCount\":44,\"provider\":\"indent\",\"foldedImports\":false},\"editor.contrib.wordHighlighter\":false}}"}],"currentIndex":0}},"mainPanelPinned":[false],"bottomPanel":{"config":{"main":{"type":"tab-area","widgets":[{"constructionOptions":{"factoryId":"outputView"},"innerWidgetState":"{\"locked\":false}"}],"currentIndex":0}},"pinned":[false],"size":514,"expanded":true},"leftPanel":{"type":"sidepanel","items":[{"widget":{"constructionOptions":{"factoryId":"arduino-sketchbook-widget"}},"rank":1,"expanded":false,"pinned":false},{"widget":{"constructionOptions":{"factoryId":"boards-list-widget"}},"rank":2,"expanded":false,"pinned":false},{"widget":{"constructionOptions":{"factoryId":"library-list-widget"}},"rank":3,"expanded":true,"pinned":false},{"widget":{"constructionOptions":{"factoryId":"debug"},"innerWidgetState":"{\"parts\":[{\"partId\":\"debug:threads:-1\",\"collapsed\":false,\"hidden\":false,\"relativeSize\":1.384,\"originalContainerId\":\"debug:view-container:-1\",\"originalContainerTitle\":{\"label\":\"debug\",\"iconClass\":\"codicon codicon-debug-alt\",\"closeable\":true},\"widget\":{\"constructionOptions\":{\"factoryId\":\"debug:threads\"},\"innerWidgetState\":\"{}\"}},{\"partId\":\"debug:frames:-1\",\"collapsed\":false,\"hidden\":false,\"relativeSize\":1.384,\"originalContainerId\":\"debug:view-container:-1\",\"originalContainerTitle\":{\"label\":\"debug\",\"iconClass\":\"codicon codicon-debug-alt\",\"closeable\":true},\"widget\":{\"constructionOptions\":{\"factoryId\":\"debug:frames\"},\"innerWidgetState\":\"{}\"}},{\"partId\":\"debug:variables:-1\",\"collapsed\":false,\"hidden\":false,\"relativeSize\":1.384,\"originalContainerId\":\"debug:view-container:-1\",\"originalContainerTitle\":{\"label\":\"debug\",\"iconClass\":\"codicon codicon-debug-alt\",\"closeable\":true},\"widget\":{\"constructionOptions\":{\"factoryId\":\"debug:variables\"},\"innerWidgetState\":\"{}\"}},{\"partId\":\"debug:watch:-1\",\"collapsed\":false,\"hidden\":false,\"relativeSize\":1.384,\"originalContainerId\":\"debug:view-container:-1\",\"originalContainerTitle\":{\"label\":\"debug\",\"iconClass\":\"codicon codicon-debug-alt\",\"closeable\":true},\"widget\":{\"constructionOptions\":{\"factoryId\":\"debug:watch\"},\"innerWidgetState\":\"{}\"}},{\"partId\":\"debug:breakpoints:-1\",\"collapsed\":false,\"hidden\":false,\"relativeSize\":1.384,\"originalContainerId\":\"debug:view-container:-1\",\"originalContainerTitle\":{\"label\":\"debug\",\"iconClass\":\"codicon codicon-debug-alt\",\"closeable\":true},\"widget\":{\"constructionOptions\":{\"factoryId\":\"debug:breakpoints\"},\"innerWidgetState\":\"{}\"}},{\"partId\":\"plugin-view:cortex-debug.peripherals\",\"collapsed\":true,\"hidden\":true,\"originalContainerId\":\"debug:view-container:-1\",\"originalContainerTitle\":{\"label\":\"debug\",\"iconClass\":\"codicon codicon-debug-alt\",\"closeable\":true},\"widget\":{\"constructionOptions\":{\"factoryId\":\"plugin-view\",\"options\":{\"id\":\"plugin-view:cortex-debug.peripherals\",\"viewId\":\"cortex-debug.peripherals\"}},\"innerWidgetState\":\"{\\\"label\\\":\\\"Cortex Peripherals\\\",\\\"widgets\\\":[],\\\"suppressUpdateViewVisibility\\\":false,\\\"currentViewContainerId\\\":\\\"debug\\\"}\"}},{\"partId\":\"plugin-view:cortex-debug.registers\",\"collapsed\":true,\"hidden\":true,\"originalContainerId\":\"debug:view-container:-1\",\"originalContainerTitle\":{\"label\":\"debug\",\"iconClass\":\"codicon codicon-debug-alt\",\"closeable\":true},\"widget\":{\"constructionOptions\":{\"factoryId\":\"plugin-view\",\"options\":{\"id\":\"plugin-view:cortex-debug.registers\",\"viewId\":\"cortex-debug.registers\"}},\"innerWidgetState\":\"{\\\"label\\\":\\\"Cortex Registers\\\",\\\"widgets\\\":[],\\\"suppressUpdateViewVisibility\\\":false,\\\"currentViewContainerId\\\":\\\"debug\\\"}\"}}],\"title\":{\"label\":\"debug\",\"iconClass\":\"codicon codicon-debug-alt\",\"closeable\":true}}"},"rank":4,"expanded":false,"pinned":false},{"widget":{"constructionOptions":{"factoryId":"search-view-container"},"innerWidgetState":"{\"parts\":[{\"partId\":\"search-in-workspace\",\"collapsed\":false,\"hidden\":false,\"originalContainerId\":\"search-view-container\",\"originalContainerTitle\":{\"label\":\"Search\",\"iconClass\":\"codicon codicon-search\",\"closeable\":true},\"widget\":{\"constructionOptions\":{\"factoryId\":\"search-in-workspace\"},\"innerWidgetState\":\"{\\\"matchCaseState\\\":{\\\"className\\\":\\\"codicon codicon-case-sensitive\\\",\\\"enabled\\\":false,\\\"title\\\":\\\"Match Case\\\"},\\\"wholeWordState\\\":{\\\"className\\\":\\\"codicon codicon-whole-word\\\",\\\"enabled\\\":false,\\\"title\\\":\\\"Match Whole Word\\\"},\\\"regExpState\\\":{\\\"className\\\":\\\"codicon codicon-regex\\\",\\\"enabled\\\":false,\\\"title\\\":\\\"Use Regular Expression\\\"},\\\"includeIgnoredState\\\":{\\\"className\\\":\\\"codicon codicon-eye\\\",\\\"enabled\\\":false,\\\"title\\\":\\\"Include Ignored Files\\\"},\\\"showSearchDetails\\\":false,\\\"searchInWorkspaceOptions\\\":{\\\"matchCase\\\":false,\\\"matchWholeWord\\\":false,\\\"useRegExp\\\":false,\\\"multiline\\\":false,\\\"includeIgnored\\\":false,\\\"include\\\":[],\\\"exclude\\\":[],\\\"maxResults\\\":2000},\\\"searchTerm\\\":\\\"\\\",\\\"replaceTerm\\\":\\\"\\\",\\\"showReplaceField\\\":false,\\\"searchHistoryState\\\":{\\\"history\\\":[],\\\"index\\\":0},\\\"replaceHistoryState\\\":{\\\"history\\\":[],\\\"index\\\":0},\\\"includeHistoryState\\\":{\\\"history\\\":[],\\\"index\\\":0},\\\"excludeHistoryState\\\":{\\\"history\\\":[],\\\"index\\\":0}}\"}}],\"title\":{\"label\":\"Search\",\"iconClass\":\"fa fa-arduino-search\",\"closeable\":true}}"},"rank":5,"expanded":false,"pinned":false}],"size":268},"rightPanel":{"type":"sidepanel","items":[]},"activeWidgetId":"library-list-widget"}
2026-03-06 19:37:34 2026-03-06T19:37:34.678Z root INFO ------- END SERIALIZED LAYOUT DATA -------
2026-03-06 19:37:34 2026-03-06T19:37:34.862Z root INFO <<< The layout has been successfully restored.
2026-03-06 19:37:34 2026-03-06T19:37:34.904Z root INFO Initialize the workbench layout: 865.9 ms [Finished 1.839 s after frontend start]
2026-03-06 19:37:34 2026-03-06T19:37:34.905Z root INFO Changed application state from 'attached_shell' to 'initialized_layout'.
2026-03-06 19:37:34 2026-03-06T19:37:34.905Z root INFO [12bb6653-211a-4bb9-8916-9bc2af45211a] Loading plugin contributions
2026-03-06 19:37:34 2026-03-06T19:37:34.906Z root INFO [12bb6653-211a-4bb9-8916-9bc2af45211a] Load contributions of 23 plugins: 40.5 ms [Finished 1.880 s after frontend start]
2026-03-06 19:37:34 2026-03-06T19:37:34.934Z root WARN 'cpp' language is remapped from 'source.cpp.embedded.macro' to 'source.cpp' scope
2026-03-06 19:37:34 2026-03-06T19:37:34.934Z root WARN a registered grammar configuration for 'cpp' language is overridden
2026-03-06 19:37:34 2026-03-06T19:37:34.997Z root ERROR [hosted-plugin: 32966] Conflict in settings file Default: Ignoring cortex-debug.armToolchainPath.linux as cortex-debug.armToolchainPath is null
2026-03-06 19:37:34 2026-03-06T19:37:34.997Z root ERROR [hosted-plugin: 32966] Conflict in settings file Default: Ignoring cortex-debug.armToolchainPath.osx as cortex-debug.armToolchainPath is null
Conflict in settings file Default: Ignoring cortex-debug.armToolchainPath.windows as cortex-debug.armToolchainPath is null
2026-03-06 19:37:34 2026-03-06T19:37:34.997Z root ERROR [hosted-plugin: 32966] Conflict in settings file Default: Ignoring cortex-debug.JLinkGDBServerPath.linux as cortex-debug.JLinkGDBServerPath is null
2026-03-06 19:37:34 2026-03-06T19:37:34.997Z root ERROR [hosted-plugin: 32966] Conflict in settings file Default: Ignoring cortex-debug.JLinkGDBServerPath.osx as cortex-debug.JLinkGDBServerPath is null
2026-03-06 19:37:34 2026-03-06T19:37:34.997Z root ERROR [hosted-plugin: 32966] Conflict in settings file Default: Ignoring cortex-debug.JLinkGDBServerPath.windows as cortex-debug.JLinkGDBServerPath is null
2026-03-06 19:37:34 2026-03-06T19:37:34.997Z root ERROR [hosted-plugin: 32966] Conflict in settings file Default: Ignoring cortex-debug.openocdPath.linux as cortex-debug.openocdPath is null
2026-03-06 19:37:34 2026-03-06T19:37:34.997Z root ERROR [hosted-plugin: 32966] Conflict in settings file Default: Ignoring cortex-debug.openocdPath.osx as cortex-debug.openocdPath is null
2026-03-06 19:37:34 2026-03-06T19:37:34.997Z root ERROR [hosted-plugin: 32966] Conflict in settings file Default: Ignoring cortex-debug.openocdPath.windows as cortex-debug.openocdPath is null
2026-03-06 19:37:34 2026-03-06T19:37:34.997Z root ERROR [hosted-plugin: 32966] Conflict in settings file Default: Ignoring cortex-debug.pyocdPath.linux as cortex-debug.pyocdPath is null
2026-03-06 19:37:34 2026-03-06T19:37:34.997Z root ERROR [hosted-plugin: 32966] Conflict in settings file Default: Ignoring cortex-debug.pyocdPath.osx as cortex-debug.pyocdPath is null
Conflict in settings file Default: Ignoring cortex-debug.pyocdPath.windows as cortex-debug.pyocdPath is null
2026-03-06 19:37:34 2026-03-06T19:37:34.997Z root ERROR [hosted-plugin: 32966] Conflict in settings file Default: Ignoring cortex-debug.PEGDBServerPath.linux as cortex-debug.PEGDBServerPath is null
Conflict in settings file Default: Ignoring cortex-debug.PEGDBServerPath.osx as cortex-debug.PEGDBServerPath is null
Conflict in settings file Default: Ignoring cortex-debug.PEGDBServerPath.windows as cortex-debug.PEGDBServerPath is null
2026-03-06 19:37:34 2026-03-06T19:37:34.997Z root ERROR [hosted-plugin: 32966] Conflict in settings file Default: Ignoring cortex-debug.stutilPath.linux as cortex-debug.stutilPath is null
Conflict in settings file Default: Ignoring cortex-debug.stutilPath.osx as cortex-debug.stutilPath is null
Conflict in settings file Default: Ignoring cortex-debug.stutilPath.windows as cortex-debug.stutilPath is null
Conflict in settings file Default: Ignoring cortex-debug.stlinkPath.linux as cortex-debug.stlinkPath is null
2026-03-06 19:37:34 2026-03-06T19:37:34.997Z root ERROR [hosted-plugin: 32966] Conflict in settings file Default: Ignoring cortex-debug.stlinkPath.osx as cortex-debug.stlinkPath is null
Conflict in settings file Default: Ignoring cortex-debug.stlinkPath.windows as cortex-debug.stlinkPath is null
Conflict in settings file Default: Ignoring cortex-debug.stm32cubeprogrammer.linux as cortex-debug.stm32cubeprogrammer is null
Conflict in settings file Default: Ignoring cortex-debug.stm32cubeprogrammer.osx as cortex-debug.stm32cubeprogrammer is null
Conflict in settings file Default: Ignoring cortex-debug.stm32cubeprogrammer.windows as cortex-debug.stm32cubeprogrammer is null
2026-03-06 19:37:35 2026-03-06T19:37:35.003Z root INFO [hosted-plugin: 32966] PLUGIN_HOST(32966): PluginManagerExtImpl/init()
2026-03-06 19:37:35 2026-03-06T19:37:35.004Z root INFO [hosted-plugin: 32966] PLUGIN_HOST(32966): initializing(vscode-arduino-api@0.1.2 with /opt/arduino-ide/resources/app/lib/backend/plugin-vscode-init)
2026-03-06 19:37:35 2026-03-06T19:37:35.050Z root INFO [hosted-plugin: 32966] PLUGIN_HOST(32966): initializing(json-language-features@1.88.1 with /opt/arduino-ide/resources/app/lib/backend/plugin-vscode-init)
2026-03-06 19:37:35 2026-03-06T19:37:35.053Z root INFO [hosted-plugin: 32966] PLUGIN_HOST(32966): initializing(cortex-debug@1.5.1 with /opt/arduino-ide/resources/app/lib/backend/plugin-vscode-init)
2026-03-06 19:37:35 2026-03-06T19:37:35.055Z root INFO [hosted-plugin: 32966] Debugger contribution has been registered: cortex-debug
PLUGIN_HOST(32966): initializing(vscode-arduino-tools@0.1.3 with /opt/arduino-ide/resources/app/lib/backend/plugin-vscode-init)
2026-03-06 19:37:35 2026-03-06T19:37:35.056Z root INFO [hosted-plugin: 32966] PLUGIN_HOST(32966): initializing(cpp@1.88.1 with /opt/arduino-ide/resources/app/lib/backend/plugin-vscode-init)
2026-03-06 19:37:35 2026-03-06T19:37:35.057Z root INFO [hosted-plugin: 32966] PLUGIN_HOST(32966): initializing(json@1.88.1 with /opt/arduino-ide/resources/app/lib/backend/plugin-vscode-init)
2026-03-06 19:37:35 2026-03-06T19:37:35.057Z root INFO [hosted-plugin: 32966] PLUGIN_HOST(32966): initializing(vscode-language-pack-bg@1.48.3 with /opt/arduino-ide/resources/app/lib/backend/plugin-vscode-init)
2026-03-06 19:37:35 2026-03-06T19:37:35.059Z root INFO [hosted-plugin: 32966] PLUGIN_HOST(32966): initializing(vscode-language-pack-cs@1.96.0 with /opt/arduino-ide/resources/app/lib/backend/plugin-vscode-init)
2026-03-06 19:37:35 2026-03-06T19:37:35.060Z root INFO [hosted-plugin: 32966] PLUGIN_HOST(32966): initializing(vscode-language-pack-de@1.96.0 with /opt/arduino-ide/resources/app/lib/backend/plugin-vscode-init)
2026-03-06 19:37:35 2026-03-06T19:37:35.060Z root INFO [hosted-plugin: 32966] PLUGIN_HOST(32966): initializing(vscode-language-pack-es@1.96.0 with /opt/arduino-ide/resources/app/lib/backend/plugin-vscode-init)
2026-03-06 19:37:35 2026-03-06T19:37:35.060Z root INFO [hosted-plugin: 32966] PLUGIN_HOST(32966): initializing(vscode-language-pack-fr@1.96.0 with /opt/arduino-ide/resources/app/lib/backend/plugin-vscode-init)
2026-03-06 19:37:35 2026-03-06T19:37:35.061Z root INFO [hosted-plugin: 32966] PLUGIN_HOST(32966): initializing(vscode-language-pack-hu@1.48.3 with /opt/arduino-ide/resources/app/lib/backend/plugin-vscode-init)
2026-03-06 19:37:35 2026-03-06T19:37:35.061Z root INFO [hosted-plugin: 32966] PLUGIN_HOST(32966): initializing(vscode-language-pack-it@1.96.0 with /opt/arduino-ide/resources/app/lib/backend/plugin-vscode-init)
2026-03-06 19:37:35 2026-03-06T19:37:35.061Z root INFO [hosted-plugin: 32966] PLUGIN_HOST(32966): initializing(vscode-language-pack-ja@1.96.0 with /opt/arduino-ide/resources/app/lib/backend/plugin-vscode-init)
2026-03-06 19:37:35 2026-03-06T19:37:35.061Z root INFO [hosted-plugin: 32966] PLUGIN_HOST(32966): initializing(vscode-language-pack-ko@1.96.0 with /opt/arduino-ide/resources/app/lib/backend/plugin-vscode-init)
2026-03-06 19:37:35 2026-03-06T19:37:35.064Z root INFO [hosted-plugin: 32966] PLUGIN_HOST(32966): initializing(vscode-language-pack-nl@1.48.3 with /opt/arduino-ide/resources/app/lib/backend/plugin-vscode-init)
2026-03-06 19:37:35 2026-03-06T19:37:35.064Z root INFO [hosted-plugin: 32966] PLUGIN_HOST(32966): initializing(vscode-language-pack-pl@1.96.0 with /opt/arduino-ide/resources/app/lib/backend/plugin-vscode-init)
2026-03-06 19:37:35 2026-03-06T19:37:35.064Z root INFO [hosted-plugin: 32966] PLUGIN_HOST(32966): initializing(vscode-language-pack-pt-BR@1.96.0 with /opt/arduino-ide/resources/app/lib/backend/plugin-vscode-init)
2026-03-06 19:37:35 2026-03-06T19:37:35.065Z root INFO [hosted-plugin: 32966] PLUGIN_HOST(32966): initializing(vscode-language-pack-ru@1.96.0 with /opt/arduino-ide/resources/app/lib/backend/plugin-vscode-init)
2026-03-06 19:37:35 2026-03-06T19:37:35.065Z root INFO [hosted-plugin: 32966] PLUGIN_HOST(32966): initializing(vscode-language-pack-tr@1.96.0 with /opt/arduino-ide/resources/app/lib/backend/plugin-vscode-init)
2026-03-06 19:37:35 2026-03-06T19:37:35.065Z root INFO [hosted-plugin: 32966] PLUGIN_HOST(32966): initializing(vscode-language-pack-uk@1.48.3 with /opt/arduino-ide/resources/app/lib/backend/plugin-vscode-init)
2026-03-06 19:37:35 2026-03-06T19:37:35.065Z root INFO [hosted-plugin: 32966] PLUGIN_HOST(32966): initializing(vscode-language-pack-zh-hans@1.96.0 with /opt/arduino-ide/resources/app/lib/backend/plugin-vscode-init)
2026-03-06 19:37:35 2026-03-06T19:37:35.065Z root INFO [hosted-plugin: 32966] PLUGIN_HOST(32966): initializing(vscode-language-pack-zh-hant@1.96.0 with /opt/arduino-ide/resources/app/lib/backend/plugin-vscode-init)
2026-03-06 19:37:35 2026-03-06T19:37:35.074Z root INFO [hosted-plugin: 32966] PLUGIN_HOST(32966): PluginManagerExtImpl/loadPlugin(/opt/arduino-ide/resources/app/plugins/vscode-builtin-json-language-features/extension/client/dist/node/jsonClientMain)
2026-03-06 19:37:35 2026-03-06T19:37:35.105Z root INFO [hosted-plugin: 32966] PLUGIN_HOST(32966): PluginManagerExtImpl/loadPlugin(/opt/arduino-ide/resources/app/plugins/vscode-arduino-tools/extension/dist/extension.js)
2026-03-06 19:37:35 2026-03-06T19:37:35.121Z root INFO [hosted-plugin: 32966] PLUGIN_HOST(32966): PluginManagerExtImpl/loadPlugin(/opt/arduino-ide/resources/app/plugins/vscode-arduino-api/extension/dist/extension.js)
2026-03-06 19:37:35 2026-03-06T19:37:35.123Z root INFO [hosted-plugin: 32966] calling activation function on VS Code Arduino Tools
2026-03-06 19:37:35 2026-03-06T19:37:35.123Z root INFO [hosted-plugin: 32966] calling activation function on Arduino IDE API for VS Code extensions
2026-03-06 19:37:35 2026-03-06T19:37:35.154Z root INFO [12bb6653-211a-4bb9-8916-9bc2af45211a] Starting plugins.
2026-03-06 19:37:35 2026-03-06T19:37:35.170Z root INFO [hosted-plugin: 32966] PLUGIN_HOST(32966): PluginManagerExtImpl/loadPlugin(/opt/arduino-ide/resources/app/plugins/cortex-debug/extension/dist/extension.js)
2026-03-06 19:37:35 2026-03-06T19:37:35.190Z root INFO [hosted-plugin: 32966] Debug configuration provider has been registered: cortex-debug, trigger: 1
2026-03-06 19:37:35 2026-03-06T19:37:35.190Z root INFO [hosted-plugin: 32966] calling activation function on Cortex-Debug
2026-03-06 19:37:35 2026-03-06T19:37:35.191Z root INFO [hosted-plugin: 32966] GDB server console created
2026-03-06 19:37:35 2026-03-06T19:37:35.194Z root INFO [12bb6653-211a-4bb9-8916-9bc2af45211a] Start of 23 plugins: 287.8 ms [Finished 2.171 s after frontend start]
2026-03-06 19:37:35 2026-03-06T19:37:35.264Z root INFO [hosted-plugin: 32966] calling activation function on JSON Language Features (built-in)
2026-03-06 19:37:35 2026-03-06T19:37:35.557Z root ERROR ---- !!!SLOW!!! DURATION: search took 218.286 ms. Args: [{"query":"","type":"All","topic":"All"}] ----
2026-03-06 19:37:35 2026-03-06T19:37:35.827Z root INFO Frontend application start: 1931.0 ms [Finished 3.176 s after backend start]
2026-03-06 19:37:35 Checking for update
2026-03-06 19:37:35 2026-03-06T19:37:35.846Z root INFO Replace loading indicator with ready workbench UI (animation): 822.6 ms [Finished 2.705 s after frontend start]
2026-03-06 19:37:35 2026-03-06T19:37:35.846Z root INFO Changed application state from 'initialized_layout' to 'ready'.
2026-03-06 19:37:35 2026-03-06T19:37:35.846Z root WARN Linked preference "workbench.colorCustomizations" not found.
2026-03-06 19:37:35 2026-03-06T19:37:35.861Z sketches-service WARN Mismatching sketch file <led.ino> and sketch folder name <practice>. Skipping
2026-03-06 19:37:35 2026-03-06T19:37:35.901Z sketches-service WARN Mismatching sketch file <led.ino> and sketch folder name <practice>. Skipping
2026-03-06 19:37:35 2026-03-06T19:37:35.901Z sketches-service WARN Mismatching sketch file <led.ino> and sketch folder name <practice>. Skipping
2026-03-06 19:37:36 2026-03-06T19:37:36.065Z root ERROR Failed to get debug config: esp8266:esp8266:generic:led=2,baud=115200,xtal=80,CrystalFreq=26,eesz=1M64,FlashMode=dout,FlashFreq=40,ResetMethod=nodemcu,dbg=Disabled,lvl=None____,ip=lm2f,vt=flash,exception=disabled,stacksmash=disabled,wipe=none,sdk=nonosdk_190703,ssl=all,mmu=3232,non32xfer=fast, undefined Error: Debugging is not supported.
    at Object.callback (/opt/arduino-ide/resources/app/lib/backend/main.js:2:4742300)
    at Object.onReceiveStatus (/opt/arduino-ide/resources/app/lib/backend/main.js:2:3778020)
    at Object.onReceiveStatus (/opt/arduino-ide/resources/app/lib/backend/main.js:2:2211941)
    at Object.onReceiveStatus (/opt/arduino-ide/resources/app/lib/backend/main.js:2:2211386)
    at /opt/arduino-ide/resources/app/lib/backend/main.js:2:4348117
    at process.processTicksAndRejections (node:internal/process/task_queues:77:11)
2026-03-06 19:37:36 2026-03-06T19:37:36.065Z daemon INFO time="2026-03-06T19:37:36Z" level=info msg="Tool required for debug" tool="esp8266:mklittlefs@3.1.0-gcc10.3-e5f9fec"
time="2026-03-06T19:37:36Z" level=info msg="Tool required for debug" tool="esp8266:mkspiffs@3.1.0-gcc10.3-e5f9fec"
time="2026-03-06T19:37:36Z" level=info msg="Tool required for debug" tool="esp8266:python3@3.7.2-post1"
time="2026-03-06T19:37:36Z" level=info msg="Tool required for debug" tool="esp8266:xtensa-lx106-elf-gcc@3.1.0-gcc10.3-e5f9fec"
time="2026-03-06T19:37:36Z" level=info msg="Tool required for debug" tool="arduino:dfu-util@0.11.0-arduino5"
time="2026-03-06T19:37:36Z" level=info msg="Tool required for debug" tool="builtin:dfu-discovery@0.1.2"
time="2026-03-06T19:37:36Z" level=info msg="Tool required for debug" tool="esp32:esp32p4_es-libs@3.3.7"
time="2026-03-06T19:37:36Z" level=info msg="Tool required for debug" tool="esp32:esp32p4-libs@3.3.7"
time="2026-03-06T19:37:36Z" level=info msg="Tool required for debug" tool="arduino:avr-gcc@7.3.0-atmel3.6.1-arduino7"
time="2026-03-06T19:37:36Z" level=info msg="Tool required for debug" tool="builtin:serial-monitor@0.15.0"
time="2026-03-06T19:37:36Z" level=info msg="Tool required for debug" tool="builtin:ctags@5.8-arduino11"
time="2026-03-06T19:37:36Z" level=info msg="Tool required for debug" tool="esp32:riscv32-esp-elf-gdb@16.3_20250913"
time="2026-03-06T19:37:36Z" level=info msg="Tool required for debug" tool="esp32:esp-rv32@2511"
time="2026-03-06T19:37:36Z" level=info msg="Tool required for debug" tool="esp32:esp32s2-libs@3.3.7"
time="2026-03-06T19:37:36Z" level=info msg="Tool required for debug" tool="arduino:arduinoOTA@1.3.0"
time="2026-03-06T19:37:36Z" level=info msg="Tool required for debug" tool="builtin:mdns-discovery@1.0.12"
time="2026-03-06T19:37:36Z" level=info msg="Tool required for debug" tool="esp32:esp32c3-libs@3.3.7"
time="2026-03-06T19:37:36Z" level=info msg="Tool required for debug" tool="esp32:esptool_py@5.1.0"
time="2026-03-06T19:37:36Z" level=info msg="Tool required for debug" tool="esp32:openocd-esp32@v0.12.0-esp32-20251215"
time="2026-03-06T19:37:36Z" level=info msg="Tool required for debug" tool="esp32:esp-x32@2511"
time="2026-03-06T19:37:36Z" level=info msg="Tool required for debug" tool="esp32:esp32s3-libs@3.3.7"
time="2026-03-06T19:37:36Z" level=info msg="Tool required for debug" tool="arduino:avrdude@8.0.0-arduino1"
time="2026-03-06T19:37:36Z" level=info msg="Tool required for debug" tool="builtin:serial-discovery@1.4.3"
time="2026-03-06T19:37:36Z" level=info msg="Tool required for debug" tool="esp32:esp32-libs@3.3.7"
time="2026-03-06T19:37:36Z" level=info msg="Tool required for debug" tool="esp32:esp32c5-libs@3.3.7"
time="2026-03-06T19:37:36Z" level=info msg="Tool required for debug" tool="esp32:esp32h2-libs@3.3.7"
time="2026-03-06T19:37:36Z" level=info msg="Tool required for debug" tool="esp32:xtensa-esp-elf-gdb@16.3_20250913"
time="2026-03-06T19:37:36Z" level=info msg="Tool required for debug" tool="esp32:esp32c6-libs@3.3.7"
2026-03-06 19:37:36 2026-03-06T19:37:36.201Z root INFO Starting language server: esp8266:esp8266:generic:led=2,baud=115200,xtal=80,CrystalFreq=26,eesz=1M64,FlashMode=dout,FlashFreq=40,ResetMethod=nodemcu,dbg=Disabled,lvl=None____,ip=lm2f,vt=flash,exception=disabled,stacksmash=disabled,wipe=none,sdk=nonosdk_190703,ssl=all,mmu=3232,non32xfer=fast
2026-03-06 19:37:36 2026-03-06T19:37:36.302Z root ERROR ---- !!!SLOW!!! DURATION: search took 455.890 ms. Args: [{"type":"Updatable"}] ----
2026-03-06 19:37:36 2026-03-06T19:37:36.316Z daemon INFO time="2026-03-06T19:37:36Z" level=info msg="Adding libraries dir" dir=/home/shrek/.arduino15/libraries isSingleLibrary=false location=ide
time="2026-03-06T19:37:36Z" level=info msg="Adding libraries dir" dir=/home/shrek/.arduino15/packages/esp8266/hardware/esp8266/3.1.2/libraries isSingleLibrary=false location=platform
2026-03-06 19:37:36 2026-03-06T19:37:36.316Z daemon INFO time="2026-03-06T19:37:36Z" level=info msg="Adding libraries dir" dir=/home/shrek/Arduino/libraries isSingleLibrary=false location=user
2026-03-06 19:37:36 Found version 2.3.8 (url: arduino-ide_2.3.8_Linux_64bit.AppImage)
2026-03-06 19:37:36 2026-03-06T19:37:36.473Z daemon INFO time="2026-03-06T19:37:36Z" level=info msg="Resolving include Adafruit_SSD1306.h for arch esp8266"
time="2026-03-06T19:37:36Z" level=info msg="  found better lib" lib="Adafruit SSD1306" prio=6A7
2026-03-06 19:37:36 2026-03-06T19:37:36.564Z daemon INFO time="2026-03-06T19:37:36Z" level=info msg="Resolving include Adafruit_GFX.h for arch esp8266"
time="2026-03-06T19:37:36Z" level=info msg="  found better lib" lib="Adafruit GFX Library" prio=517
2026-03-06 19:37:36 2026-03-06T19:37:36.649Z daemon INFO time="2026-03-06T19:37:36Z" level=info msg="Resolving include Adafruit_I2CDevice.h for arch esp8266"
time="2026-03-06T19:37:36Z" level=info msg="  found better lib" lib="Adafruit BusIO" prio=3EB
2026-03-06 19:37:36 2026-03-06T19:37:36.733Z daemon INFO time="2026-03-06T19:37:36Z" level=info msg="Resolving include Wire.h for arch esp8266"
time="2026-03-06T19:37:36Z" level=info msg="  found better lib" lib=Wire prio=6B0
2026-03-06 19:37:36 2026-03-06T19:37:36.847Z daemon INFO time="2026-03-06T19:37:36Z" level=info msg="Resolving include SPI.h for arch esp8266"
time="2026-03-06T19:37:36Z" level=info msg="  found better lib" lib=SPI prio=6B0
2026-03-06 19:37:37 2026-03-06T19:37:37.575Z daemon INFO time="2026-03-06T19:37:37Z" level=info msg="Adding libraries dir" dir=/home/shrek/.arduino15/libraries isSingleLibrary=false location=ide
time="2026-03-06T19:37:37Z" level=info msg="Adding libraries dir" dir=/home/shrek/.arduino15/packages/esp8266/hardware/esp8266/3.1.2/libraries isSingleLibrary=false location=platform
2026-03-06 19:37:37 2026-03-06T19:37:37.575Z daemon INFO time="2026-03-06T19:37:37Z" level=info msg="Adding libraries dir" dir=/home/shrek/Arduino/libraries isSingleLibrary=false location=user
2026-03-06 19:37:53 isTempSketch: false. Input was /home/shrek/Arduino/AndroidCnct/test1
2026-03-06 19:37:53 Marking workspace as a closed sketch. Workspace URI: file:///home/shrek/Arduino/AndroidCnct/test1. Date: 1772825873318.
2026-03-06 19:37:53 isTempSketch: false. Input was /home/shrek/Arduino/AndroidCnct/test1
2026-03-06 19:37:53 Marking workspace as a closed sketch. Workspace URI: file:///home/shrek/Arduino/AndroidCnct/test1. Date: 1772825873320.
2026-03-06 19:37:53 2026-03-06T19:37:53.323Z root INFO socked closed
2026-03-06 19:37:53 2026-03-06T19:37:53.323Z root INFO closing connection for 1
2026-03-06 19:37:53 2026-03-06T19:37:53.323Z root INFO Closing channel on service path '/localization-server'.
2026-03-06 19:37:53 2026-03-06T19:37:53.323Z root INFO Closing channel on service path '/os'.
2026-03-06 19:37:53 2026-03-06T19:37:53.323Z root INFO Closing channel on service path '/services/commands'.
2026-03-06 19:37:53 2026-03-06T19:37:53.323Z root INFO Closing channel on service path '/services/keyboard'.
2026-03-06 19:37:53 2026-03-06T19:37:53.323Z root INFO Closing channel on service path '/services/logger'.
2026-03-06 19:37:53 2026-03-06T19:37:53.323Z root INFO Closing channel on service path '/services/messageService'.
2026-03-06 19:37:53 2026-03-06T19:37:53.323Z root INFO Closing channel on service path '/services/ChannelCloseService'.
2026-03-06 19:37:53 2026-03-06T19:37:53.323Z root INFO Closing channel on service path '/services/remote-filesystem'.
2026-03-06 19:37:53 2026-03-06T19:37:53.323Z root INFO Closing channel on service path '/services/envs'.
2026-03-06 19:37:53 2026-03-06T19:37:53.323Z root INFO Closing channel on service path '/services/authentication-service'.
2026-03-06 19:37:53 2026-03-06T19:37:53.323Z root INFO Closing channel on service path '/services/sketches-service'.
2026-03-06 19:37:53 2026-03-06T19:37:53.323Z root INFO Closing channel on service path '/services/config-service'.
2026-03-06 19:37:53 2026-03-06T19:37:53.323Z root INFO Closing channel on service path '/services/workspace'.
2026-03-06 19:37:53 2026-03-06T19:37:53.323Z root INFO Closing channel on service path '/services/notification-service'.
2026-03-06 19:37:53 2026-03-06T19:37:53.323Z root INFO Closing channel on service path '/services/arduino-daemon'.
2026-03-06 19:37:53 2026-03-06T19:37:53.323Z root INFO Closing channel on service path '/services/stopwatch'.
2026-03-06 19:37:53 2026-03-06T19:37:53.323Z root INFO Closing channel on service path '/services/application'.
2026-03-06 19:37:53 2026-03-06T19:37:53.323Z root INFO Closing channel on service path '/services/i18n'.
2026-03-06 19:37:53 2026-03-06T19:37:53.323Z root INFO Closing channel on service path '/services/quickInput'.
2026-03-06 19:37:53 2026-03-06T19:37:53.323Z root INFO Closing channel on service path '/services/debug'.
2026-03-06 19:37:53 2026-03-06T19:37:53.323Z root INFO Closing channel on service path '/services/shell-terminal'.
2026-03-06 19:37:53 2026-03-06T19:37:53.323Z root INFO Closing channel on service path '/services/quickPick'.
2026-03-06 19:37:53 2026-03-06T19:37:53.323Z root INFO Closing channel on service path '/services/task'.
2026-03-06 19:37:53 2026-03-06T19:37:53.323Z root INFO Closing channel on service path '/services/search'.
2026-03-06 19:37:53 2026-03-06T19:37:53.323Z root INFO Closing channel on service path '/services/hostedPlugin'.
2026-03-06 19:37:53 2026-03-06T19:37:53.323Z root INFO Closing channel on service path '/services/plugin-ext'.
2026-03-06 19:37:53 2026-03-06T19:37:53.323Z root INFO Closing channel on service path '/services/plugin-paths'.
2026-03-06 19:37:53 2026-03-06T19:37:53.323Z root INFO Closing channel on service path '/services/cli-preferences'.
2026-03-06 19:37:53 2026-03-06T19:37:53.323Z root INFO Closing channel on service path '/services/boards-service'.
2026-03-06 19:37:53 2026-03-06T19:37:53.323Z root INFO Closing channel on service path '/services/response-service'.
2026-03-06 19:37:53 2026-03-06T19:37:53.323Z root INFO Closing channel on service path '/services/file-system-ext'.
2026-03-06 19:37:53 2026-03-06T19:37:53.323Z root INFO Closing channel on service path '/services/core-service'.
2026-03-06 19:37:53 2026-03-06T19:37:53.323Z root INFO Closing channel on service path '/services/example-service'.
2026-03-06 19:37:53 2026-03-06T19:37:53.323Z root INFO Closing channel on service path '/services/library-service'.
2026-03-06 19:37:53 2026-03-06T19:37:53.323Z root INFO Closing channel on service path '/services/executable-service'.
2026-03-06 19:37:53 2026-03-06T19:37:53.323Z root INFO Closing channel on service path '/services/arduino-firmware-uploader'.
2026-03-06 19:37:53 2026-03-06T19:37:53.323Z root INFO Closing channel on service path '/services/formatter'.
2026-03-06 19:37:53 2026-03-06T19:37:53.323Z root INFO Closing channel on service path '/services/search-in-workspace'.
2026-03-06 19:37:53 2026-03-06T19:37:53.323Z root INFO Closing channel on service path '/services/request-service'.
2026-03-06 19:37:53 2026-03-06T19:37:53.323Z root INFO Closing channel on service path '/services/keyStore'.
2026-03-06 19:37:53 2026-03-06T19:37:53.323Z root INFO Closing channel on service path '/services/languagePackService'.
2026-03-06 19:37:53 Closing channel on service path '/services/electron-window'.
2026-03-06 19:37:53 Closing channel on service path '/services/ide-updater'.
2026-03-06 19:37:53 Storing the sketch as a workspace root: </home/shrek/Arduino/AndroidCnct/test1>.
2026-03-06 19:37:53 Skipped storing sketch as workspace root. Already visited: </home/shrek/Arduino/AndroidCnct/test1>.
2026-03-06 19:37:53 Stored workspaces roots: /home/shrek/Arduino/AndroidCnct/test1
2026-03-06 19:37:53 No sketches were scheduled for deletion.
2026-03-06 21:06:53 Arduino IDE 2.3.8
2026-03-06 21:06:53 Checking for frontend application configuration customizations. Module path: /opt/arduino-ide/resources/app/lib/backend/electron-main.js, destination 'package.json': /opt/arduino-ide/resources/app/package.json
2026-03-06 21:06:53 Setting 'theia.frontend.config.appVersion' application configuration value to: "2.3.8" (type of string)
2026-03-06 21:06:53 Setting 'theia.frontend.config.cliVersion' application configuration value to: "1.4.1" (type of string)
2026-03-06 21:06:53 Setting 'theia.frontend.config.buildDate' application configuration value to: "2026-02-25T15:15:50.003Z" (type of string)
2026-03-06 21:06:53 Frontend application configuration after modifications: {"applicationName":"Arduino IDE","defaultTheme":{"light":"arduino-theme","dark":"arduino-theme-dark"},"defaultIconTheme":"none","electron":{"windowOptions":{},"showWindowEarly":true,"splashScreenOptions":{},"uriScheme":"arduino-ide"},"defaultLocale":"","validatePreferencesSchema":false,"reloadOnReconnect":true,"uriScheme":"theia","preferences":{"window.title":"${rootName}${activeEditorShort}${appName}","files.autoSave":"afterDelay","editor.minimap.enabled":false,"editor.tabSize":2,"editor.scrollBeyondLastLine":false,"editor.quickSuggestions":{"other":false,"comments":false,"strings":false},"editor.maxTokenizationLineLength":500,"editor.bracketPairColorization.enabled":false,"breadcrumbs.enabled":false,"workbench.tree.renderIndentGuides":"none","explorer.compactFolders":false},"appVersion":"2.3.8","cliVersion":"1.4.1","buildDate":"2026-02-25T15:15:50.003Z"}
2026-03-06 21:06:53 Starting backend process. PID: 125429
2026-03-06 21:06:53 Showing main window early
2026-03-06 21:06:53 Using browser-only version of superagent in non-browser environment
2026-03-06 21:06:53 Configuration directory URI: 'file:///home/shrek/.arduinoIDE'
2026-03-06 21:06:53 Configuring to accept webviews on '^.+\.webview\..+$' hostname.
2026-03-06 21:06:53 2026-03-06T21:06:53.676Z root INFO Backend u.initialize: 16.5 ms [Finished 0.360 s after backend start]
2026-03-06 21:06:53 2026-03-06T21:06:53.676Z root INFO Backend Object.initialize: 15.5 ms [Finished 0.360 s after backend start]
2026-03-06 21:06:53 2026-03-06T21:06:53.677Z root INFO Backend a.initialize: 0.7 ms [Finished 0.361 s after backend start]
2026-03-06 21:06:53 2026-03-06T21:06:53.677Z root INFO Backend a.initialize: 0.5 ms [Finished 0.361 s after backend start]
2026-03-06 21:06:53 2026-03-06T21:06:53.677Z root INFO Backend u.initialize: 0.7 ms [Finished 0.361 s after backend start]
2026-03-06 21:06:53 2026-03-06T21:06:53.678Z root INFO Backend l.initialize: 16.3 ms [Finished 0.361 s after backend start]
2026-03-06 21:06:53 2026-03-06T21:06:53.682Z root INFO configured all backend app contributions
2026-03-06 21:06:53 2026-03-06T21:06:53.682Z root INFO Backend l.onStart: 0.7 ms [Finished 0.367 s after backend start]
2026-03-06 21:06:53 2026-03-06T21:06:53.682Z root INFO Backend d.onStart: 0.0 ms [Finished 0.367 s after backend start]
2026-03-06 21:06:53 2026-03-06T21:06:53.682Z root INFO Backend a.onStart: 0.2 ms [Finished 0.367 s after backend start]
2026-03-06 21:06:53 2026-03-06T21:06:53.683Z config INFO >>> Initializing CLI configuration...
2026-03-06 21:06:53 2026-03-06T21:06:53.683Z root INFO Backend x.onStart: 0.2 ms [Finished 0.367 s after backend start]
2026-03-06 21:06:53 2026-03-06T21:06:53.683Z config INFO Loading CLI configuration from /home/shrek/.arduinoIDE/arduino-cli.yaml...
2026-03-06 21:06:53 2026-03-06T21:06:53.683Z daemon INFO Starting daemon from /opt/arduino-ide/resources/app/lib/backend/resources/arduino-cli...
2026-03-06 21:06:53 2026-03-06T21:06:53.683Z root INFO Backend w.onStart: 0.2 ms [Finished 0.368 s after backend start]
2026-03-06 21:06:53 2026-03-06T21:06:53.683Z discovery-log INFO start
2026-03-06 21:06:53 2026-03-06T21:06:53.683Z discovery-log INFO start new deferred
2026-03-06 21:06:53 2026-03-06T21:06:53.683Z root INFO Backend v.onStart: 0.1 ms [Finished 0.368 s after backend start]
2026-03-06 21:06:53 2026-03-06T21:06:53.683Z root INFO Backend a.onStart: 0.1 ms [Finished 0.368 s after backend start]
2026-03-06 21:06:53 2026-03-06T21:06:53.685Z root INFO Theia app listening on http://127.0.0.1:36379.
2026-03-06 21:06:53 2026-03-06T21:06:53.685Z root INFO Finished starting backend application: 2.1 ms [Finished 0.370 s after backend start]
2026-03-06 21:06:53 Restoring workspace roots: /home/shrek/Arduino/AndroidCnct/test1
2026-03-06 21:06:53 2026-03-06T21:06:53.685Z root WARN The local plugin referenced by local-dir:/home/shrek/.arduinoIDE/plugins does not exist.
2026-03-06 21:06:53 2026-03-06T21:06:53.685Z root WARN The local plugin referenced by local-dir:/home/shrek/.arduinoIDE/deployedPlugins does not exist.
2026-03-06 21:06:53 2026-03-06T21:06:53.687Z config INFO Loaded CLI configuration: {"board_manager":{"additional_urls":["http://arduino.esp8266.com/stable/package_esp8266com_index.json"]},"directories":{"builtin":{"libraries":"/home/shrek/.arduino15/libraries"},"data":"/home/shrek/.arduino15","user":"/home/shrek/Arduino"},"locale":"en"}
2026-03-06 21:06:53 2026-03-06T21:06:53.687Z config INFO 'directories.data' and 'directories.user' are set in the CLI configuration model.
2026-03-06 21:06:53 2026-03-06T21:06:53.687Z config INFO Loaded the CLI configuration.
2026-03-06 21:06:53 isTempSketch: false. Input was /home/shrek/Arduino/AndroidCnct/test1/test1.ino
2026-03-06 21:06:53 2026-03-06T21:06:53.692Z config INFO Mapped the CLI configuration: {"dataDirUri":"file:///home/shrek/.arduino15","sketchDirUri":"file:///home/shrek/Arduino","additionalUrls":["http://arduino.esp8266.com/stable/package_esp8266com_index.json"],"network":"none","locale":"en"}
2026-03-06 21:06:53 2026-03-06T21:06:53.692Z config INFO Validating the CLI configuration...
2026-03-06 21:06:53 2026-03-06T21:06:53.692Z config INFO The CLI config is valid.
2026-03-06 21:06:53 2026-03-06T21:06:53.692Z config INFO <<< Initialized the CLI configuration.
2026-03-06 21:06:53 2026-03-06T21:06:53.700Z daemon INFO time="2026-03-06T21:06:53Z" level=info msg="arduino-cli version 1.4.1"
time="2026-03-06T21:06:53Z" level=info msg="Using config file: /home/shrek/.arduinoIDE/arduino-cli.yaml"
time="2026-03-06T21:06:53Z" level=info msg="Executing `arduino-cli daemon`"
Daemon is now listening on 127.0.0.1:44071
{"IP":"127.0.0.1","Port":"44071"}
2026-03-06 21:06:53 2026-03-06T21:06:53.700Z daemon INFO Daemon is running.
2026-03-06 21:06:53 2026-03-06T21:06:53.717Z root INFO Resolve plugins list: 33.4 ms [Finished 0.402 s after backend start]
2026-03-06 21:06:53 2026-03-06T21:06:53.720Z daemon INFO time="2026-03-06T21:06:53Z" level=info msg="Checking signature" index=/home/shrek/.arduino15/package_index.json signatureFile=/home/shrek/.arduino15/package_index.json.sig trusted=true
2026-03-06 21:06:53 2026-03-06T21:06:53.721Z daemon INFO time="2026-03-06T21:06:53Z" level=info msg="Missing signature file" index=/home/shrek/.arduino15/package_esp8266com_index.json
time="2026-03-06T21:06:53Z" level=info msg="Loading hardware from: /home/shrek/.arduino15/packages"
time="2026-03-06T21:06:53Z" level=info msg="Loading package arduino from: /home/shrek/.arduino15/packages/arduino/hardware"
2026-03-06 21:06:53 2026-03-06T21:06:53.722Z daemon INFO time="2026-03-06T21:06:53Z" level=info msg="Missing signature file" index=/home/shrek/.arduino15/packages/arduino/hardware/avr/1.8.7/installed.json
time="2026-03-06T21:06:53Z" level=info msg="Adding monitor tool" protocol=serial tool="builtin:serial-monitor"
time="2026-03-06T21:06:53Z" level=info msg="Loaded platform" platform="arduino:avr@1.8.7"
time="2026-03-06T21:06:53Z" level=info msg="Checking existence of 'tools' path: /home/shrek/.arduino15/packages/arduino/tools"
time="2026-03-06T21:06:53Z" level=info msg="Loading tools from dir: /home/shrek/.arduino15/packages/arduino/tools"
time="2026-03-06T21:06:53Z" level=info msg="Loaded tool" tool="arduino:arduinoOTA@1.3.0"
2026-03-06 21:06:53 2026-03-06T21:06:53.722Z daemon INFO time="2026-03-06T21:06:53Z" level=info msg="Loaded tool" tool="arduino:avr-gcc@7.3.0-atmel3.6.1-arduino7"
time="2026-03-06T21:06:53Z" level=info msg="Loaded tool" tool="arduino:avrdude@8.0.0-arduino1"
time="2026-03-06T21:06:53Z" level=info msg="Loaded tool" tool="arduino:dfu-util@0.11.0-arduino5"
time="2026-03-06T21:06:53Z" level=info msg="Loading package builtin from: /home/shrek/.arduino15/packages/builtin"
2026-03-06 21:06:53 2026-03-06T21:06:53.722Z daemon INFO time="2026-03-06T21:06:53Z" level=info msg="Checking existence of 'tools' path: /home/shrek/.arduino15/packages/builtin/tools"
time="2026-03-06T21:06:53Z" level=info msg="Loading tools from dir: /home/shrek/.arduino15/packages/builtin/tools"
time="2026-03-06T21:06:53Z" level=info msg="Loaded tool" tool="builtin:ctags@5.8-arduino11"
time="2026-03-06T21:06:53Z" level=info msg="Loaded tool" tool="builtin:dfu-discovery@0.1.2"
time="2026-03-06T21:06:53Z" level=info msg="Loaded tool" tool="builtin:mdns-discovery@1.0.12"
2026-03-06 21:06:53 2026-03-06T21:06:53.722Z daemon INFO time="2026-03-06T21:06:53Z" level=info msg="Loaded tool" tool="builtin:serial-discovery@1.4.3"
time="2026-03-06T21:06:53Z" level=info msg="Loaded tool" tool="builtin:serial-monitor@0.15.0"
time="2026-03-06T21:06:53Z" level=info msg="Loading package esp32 from: /home/shrek/.arduino15/packages/esp32/hardware"
2026-03-06 21:06:53 2026-03-06T21:06:53.724Z daemon INFO time="2026-03-06T21:06:53Z" level=info msg="Missing signature file" index=/home/shrek/.arduino15/packages/esp32/hardware/esp32/3.3.7/installed.json
2026-03-06 21:06:53 2026-03-06T21:06:53.805Z daemon INFO time="2026-03-06T21:06:53Z" level=info msg="Adding monitor tool" protocol=serial tool="builtin:serial-monitor"
time="2026-03-06T21:06:53Z" level=info msg="Loaded platform" platform="esp32:esp32@3.3.7"
time="2026-03-06T21:06:53Z" level=info msg="Checking existence of 'tools' path: /home/shrek/.arduino15/packages/esp32/tools"
time="2026-03-06T21:06:53Z" level=info msg="Loading tools from dir: /home/shrek/.arduino15/packages/esp32/tools"
time="2026-03-06T21:06:53Z" level=info msg="Loaded tool" tool="esp32:esp-rv32@2511"
time="2026-03-06T21:06:53Z" level=info msg="Loaded tool" tool="esp32:esp-x32@2511"
time="2026-03-06T21:06:53Z" level=info msg="Loaded tool" tool="esp32:esp32-libs@3.3.7"
time="2026-03-06T21:06:53Z" level=info msg="Loaded tool" tool="esp32:esp32c3-libs@3.3.7"
time="2026-03-06T21:06:53Z" level=info msg="Loaded tool" tool="esp32:esp32c5-libs@3.3.7"
time="2026-03-06T21:06:53Z" level=info msg="Loaded tool" tool="esp32:esp32c6-libs@3.3.7"
time="2026-03-06T21:06:53Z" level=info msg="Loaded tool" tool="esp32:esp32h2-libs@3.3.7"
time="2026-03-06T21:06:53Z" level=info msg="Loaded tool" tool="esp32:esp32p4-libs@3.3.7"
time="2026-03-06T21:06:53Z" level=info msg="Loaded tool" tool="esp32:esp32p4_es-libs@3.3.7"
time="2026-03-06T21:06:53Z" level=info msg="Loaded tool" tool="esp32:esp32s2-libs@3.3.7"
time="2026-03-06T21:06:53Z" level=info msg="Loaded tool" tool="esp32:esp32s3-libs@3.3.7"
time="2026-03-06T21:06:53Z" level=info msg="Loaded tool" tool="esp32:esptool_py@5.1.0"
time="2026-03-06T21:06:53Z" level=info msg="Loaded tool" tool="esp32:mklittlefs@4.0.2-db0513a"
time="2026-03-06T21:06:53Z" level=info msg="Loaded tool" tool="esp32:mkspiffs@0.2.3"
time="2026-03-06T21:06:53Z" level=info msg="Loaded tool" tool="esp32:openocd-esp32@v0.12.0-esp32-20251215"
time="2026-03-06T21:06:53Z" level=info msg="Loaded tool" tool="esp32:riscv32-esp-elf-gdb@16.3_20250913"
time="2026-03-06T21:06:53Z" level=info msg="Loaded tool" tool="esp32:xtensa-esp-elf-gdb@16.3_20250913"
time="2026-03-06T21:06:53Z" level=info msg="Loading package esp8266 from: /home/shrek/.arduino15/packages/esp8266/hardware"
2026-03-06 21:06:53 2026-03-06T21:06:53.807Z daemon INFO time="2026-03-06T21:06:53Z" level=info msg="Missing signature file" index=/home/shrek/.arduino15/packages/esp8266/hardware/esp8266/3.1.2/installed.json
2026-03-06 21:06:53 2026-03-06T21:06:53.815Z daemon INFO time="2026-03-06T21:06:53Z" level=info msg="Adding monitor tool" protocol=serial tool="builtin:serial-monitor"
time="2026-03-06T21:06:53Z" level=info msg="Loaded platform" platform="esp8266:esp8266@3.1.2"
time="2026-03-06T21:06:53Z" level=info msg="Checking existence of 'tools' path: /home/shrek/.arduino15/packages/esp8266/tools"
time="2026-03-06T21:06:53Z" level=info msg="Loading tools from dir: /home/shrek/.arduino15/packages/esp8266/tools"
time="2026-03-06T21:06:53Z" level=info msg="Loaded tool" tool="esp8266:mklittlefs@3.1.0-gcc10.3-e5f9fec"
time="2026-03-06T21:06:53Z" level=info msg="Loaded tool" tool="esp8266:mkspiffs@3.1.0-gcc10.3-e5f9fec"
time="2026-03-06T21:06:53Z" level=info msg="Loaded tool" tool="esp8266:python3@3.7.2-post1"
time="2026-03-06T21:06:53Z" level=info msg="Loaded tool" tool="esp8266:xtensa-lx106-elf-gcc@3.1.0-gcc10.3-e5f9fec"
2026-03-06 21:06:53 2026-03-06T21:06:53.821Z daemon INFO time="2026-03-06T21:06:53Z" level=info msg="Adding libraries dir" dir=/home/shrek/.arduino15/packages/esp32/hardware/esp32/3.3.7/libraries isSingleLibrary=false location=platform
time="2026-03-06T21:06:53Z" level=info msg="Adding libraries dir" dir=/home/shrek/.arduino15/packages/esp8266/hardware/esp8266/3.1.2/libraries isSingleLibrary=false location=platform
time="2026-03-06T21:06:53Z" level=info msg="Adding libraries dir" dir=/home/shrek/.arduino15/packages/arduino/hardware/avr/1.8.7/libraries isSingleLibrary=false location=platform
time="2026-03-06T21:06:53Z" level=info msg="Loading libraries index file" index=/home/shrek/.arduino15/library_index.json
2026-03-06 21:06:53 2026-03-06T21:06:53.939Z daemon INFO time="2026-03-06T21:06:53Z" level=info msg="Adding libraries dir" dir=/home/shrek/.arduino15/libraries isSingleLibrary=false location=ide
time="2026-03-06T21:06:53Z" level=info msg="Adding libraries dir" dir=/home/shrek/Arduino/libraries isSingleLibrary=false location=user
2026-03-06 21:06:53 2026-03-06T21:06:53.953Z root INFO Deploy plugins list: 270.1 ms [Finished 0.639 s after backend start]
2026-03-06 21:06:53 2026-03-06T21:06:53.985Z discovery-log INFO start resolved watching
2026-03-06 21:06:53 2026-03-06T21:06:53.989Z discovery-log INFO {"eventType":"add","port":{"matchingBoardsList":[],"port":{"address":"/dev/ttyACM0","label":"/dev/ttyACM0","protocol":"serial","protocolLabel":"Serial Port (USB)","propertiesMap":[["pid","0x4001"],["serialNumber","123456"],["vid","0x303a"]],"hardwareId":"123456"}},"error":""}
2026-03-06 21:06:53 2026-03-06T21:06:53.989Z discovery-log INFO {"eventType":"add","port":{"matchingBoardsList":[],"port":{"address":"/dev/ttyS0","label":"/dev/ttyS0","protocol":"serial","protocolLabel":"Serial Port","propertiesMap":[],"hardwareId":""}},"error":""}
2026-03-06 21:06:54 2026-03-06T21:06:54.070Z root INFO creating connection for 1
2026-03-06 21:06:54 2026-03-06T21:06:54.589Z root WARN A command editor.action.toggleStickyScroll is already registered.
2026-03-06 21:06:54 2026-03-06T21:06:54.595Z sketches-service WARN Warning! The request sketch path was different than the response sketch path from the CLI. This could be a potential bug. Request: </home/shrek/Arduino/AndroidCnct/test1/test1.ino>, response: </home/shrek/Arduino/AndroidCnct/test1>.
2026-03-06 21:06:54 Opening channel for service path '/services/electron-window'.
2026-03-06 21:06:54 Opening channel for service path '/services/ide-updater'.
2026-03-06 21:06:54 2026-03-06T21:06:54.641Z root INFO Start frontend contributions: 146.6 ms [Finished 0.944 s after frontend start]
2026-03-06 21:06:54 2026-03-06T21:06:54.641Z root INFO Changed application state from 'init' to 'started_contributions'.
2026-03-06 21:06:54 2026-03-06T21:06:54.664Z root INFO Changed application state from 'started_contributions' to 'attached_shell'.
2026-03-06 21:06:54 2026-03-06T21:06:54.664Z root INFO >>> Restoring the layout state...
2026-03-06 21:06:54 2026-03-06T21:06:54.684Z root INFO [55e64351-b44d-4da2-83fb-08aee4498a7c] Waiting for backend deployment: 50.3 ms [Finished 0.991 s after frontend start]
2026-03-06 21:06:54 2026-03-06T21:06:54.970Z root INFO [hosted-plugin: 125551] PLUGIN_HOST(125551) starting instance
[Object: null prototype] {}
2026-03-06 21:06:55 2026-03-06T21:06:55.292Z root INFO [55e64351-b44d-4da2-83fb-08aee4498a7c] Sync of 23 plugins: 611.4 ms [Finished 1.602 s after frontend start]
2026-03-06 21:06:55 2026-03-06T21:06:55.307Z root INFO ------- SERIALIZED LAYOUT DATA -------
2026-03-06 21:06:55 2026-03-06T21:06:55.307Z root INFO {"version":5,"mainPanel":{"main":{"type":"tab-area","widgets":[{"constructionOptions":{"factoryId":"code-editor-opener","options":{"counter":0,"kind":"navigatable","uri":"file:///home/shrek/Arduino/AndroidCnct/test1/test1.ino"}},"innerWidgetState":"{\"cursorState\":[{\"inSelectionMode\":false,\"selectionStart\":{\"lineNumber\":27,\"column\":30},\"position\":{\"lineNumber\":27,\"column\":30}}],\"viewState\":{\"scrollLeft\":0,\"firstPosition\":{\"lineNumber\":1,\"column\":1},\"firstPositionDeltaTop\":0},\"contributionsState\":{\"editor.contrib.folding\":{\"lineCount\":44,\"provider\":\"indent\",\"foldedImports\":false},\"editor.contrib.wordHighlighter\":false}}"}],"currentIndex":0}},"mainPanelPinned":[false],"bottomPanel":{"config":{"main":{"type":"tab-area","widgets":[{"constructionOptions":{"factoryId":"outputView"},"innerWidgetState":"{\"locked\":false}"}],"currentIndex":0}},"pinned":[false],"size":514,"expanded":true},"leftPanel":{"type":"sidepanel","items":[{"widget":{"constructionOptions":{"factoryId":"arduino-sketchbook-widget"}},"rank":1,"expanded":false,"pinned":false},{"widget":{"constructionOptions":{"factoryId":"boards-list-widget"}},"rank":2,"expanded":false,"pinned":false},{"widget":{"constructionOptions":{"factoryId":"library-list-widget"}},"rank":3,"expanded":true,"pinned":false},{"widget":{"constructionOptions":{"factoryId":"debug"},"innerWidgetState":"{\"parts\":[{\"partId\":\"debug:threads:-1\",\"collapsed\":false,\"hidden\":false,\"relativeSize\":1.384,\"originalContainerId\":\"debug:view-container:-1\",\"originalContainerTitle\":{\"label\":\"debug\",\"iconClass\":\"codicon codicon-debug-alt\",\"closeable\":true},\"widget\":{\"constructionOptions\":{\"factoryId\":\"debug:threads\"},\"innerWidgetState\":\"{}\"}},{\"partId\":\"debug:frames:-1\",\"collapsed\":false,\"hidden\":false,\"relativeSize\":1.384,\"originalContainerId\":\"debug:view-container:-1\",\"originalContainerTitle\":{\"label\":\"debug\",\"iconClass\":\"codicon codicon-debug-alt\",\"closeable\":true},\"widget\":{\"constructionOptions\":{\"factoryId\":\"debug:frames\"},\"innerWidgetState\":\"{}\"}},{\"partId\":\"debug:variables:-1\",\"collapsed\":false,\"hidden\":false,\"relativeSize\":1.384,\"originalContainerId\":\"debug:view-container:-1\",\"originalContainerTitle\":{\"label\":\"debug\",\"iconClass\":\"codicon codicon-debug-alt\",\"closeable\":true},\"widget\":{\"constructionOptions\":{\"factoryId\":\"debug:variables\"},\"innerWidgetState\":\"{}\"}},{\"partId\":\"debug:watch:-1\",\"collapsed\":false,\"hidden\":false,\"relativeSize\":1.384,\"originalContainerId\":\"debug:view-container:-1\",\"originalContainerTitle\":{\"label\":\"debug\",\"iconClass\":\"codicon codicon-debug-alt\",\"closeable\":true},\"widget\":{\"constructionOptions\":{\"factoryId\":\"debug:watch\"},\"innerWidgetState\":\"{}\"}},{\"partId\":\"debug:breakpoints:-1\",\"collapsed\":false,\"hidden\":false,\"relativeSize\":1.384,\"originalContainerId\":\"debug:view-container:-1\",\"originalContainerTitle\":{\"label\":\"debug\",\"iconClass\":\"codicon codicon-debug-alt\",\"closeable\":true},\"widget\":{\"constructionOptions\":{\"factoryId\":\"debug:breakpoints\"},\"innerWidgetState\":\"{}\"}},{\"partId\":\"plugin-view:cortex-debug.peripherals\",\"collapsed\":true,\"hidden\":true,\"originalContainerId\":\"debug:view-container:-1\",\"originalContainerTitle\":{\"label\":\"debug\",\"iconClass\":\"codicon codicon-debug-alt\",\"closeable\":true},\"widget\":{\"constructionOptions\":{\"factoryId\":\"plugin-view\",\"options\":{\"id\":\"plugin-view:cortex-debug.peripherals\",\"viewId\":\"cortex-debug.peripherals\"}},\"innerWidgetState\":\"{\\\"label\\\":\\\"Cortex Peripherals\\\",\\\"widgets\\\":[],\\\"suppressUpdateViewVisibility\\\":false,\\\"currentViewContainerId\\\":\\\"debug\\\"}\"}},{\"partId\":\"plugin-view:cortex-debug.registers\",\"collapsed\":true,\"hidden\":true,\"originalContainerId\":\"debug:view-container:-1\",\"originalContainerTitle\":{\"label\":\"debug\",\"iconClass\":\"codicon codicon-debug-alt\",\"closeable\":true},\"widget\":{\"constructionOptions\":{\"factoryId\":\"plugin-view\",\"options\":{\"id\":\"plugin-view:cortex-debug.registers\",\"viewId\":\"cortex-debug.registers\"}},\"innerWidgetState\":\"{\\\"label\\\":\\\"Cortex Registers\\\",\\\"widgets\\\":[],\\\"suppressUpdateViewVisibility\\\":false,\\\"currentViewContainerId\\\":\\\"debug\\\"}\"}}],\"title\":{\"label\":\"debug\",\"iconClass\":\"codicon codicon-debug-alt\",\"closeable\":true}}"},"rank":4,"expanded":false,"pinned":false},{"widget":{"constructionOptions":{"factoryId":"search-view-container"},"innerWidgetState":"{\"parts\":[{\"partId\":\"search-in-workspace\",\"collapsed\":false,\"hidden\":false,\"originalContainerId\":\"search-view-container\",\"originalContainerTitle\":{\"label\":\"Search\",\"iconClass\":\"codicon codicon-search\",\"closeable\":true},\"widget\":{\"constructionOptions\":{\"factoryId\":\"search-in-workspace\"},\"innerWidgetState\":\"{\\\"matchCaseState\\\":{\\\"className\\\":\\\"codicon codicon-case-sensitive\\\",\\\"enabled\\\":false,\\\"title\\\":\\\"Match Case\\\"},\\\"wholeWordState\\\":{\\\"className\\\":\\\"codicon codicon-whole-word\\\",\\\"enabled\\\":false,\\\"title\\\":\\\"Match Whole Word\\\"},\\\"regExpState\\\":{\\\"className\\\":\\\"codicon codicon-regex\\\",\\\"enabled\\\":false,\\\"title\\\":\\\"Use Regular Expression\\\"},\\\"includeIgnoredState\\\":{\\\"className\\\":\\\"codicon codicon-eye\\\",\\\"enabled\\\":false,\\\"title\\\":\\\"Include Ignored Files\\\"},\\\"showSearchDetails\\\":false,\\\"searchInWorkspaceOptions\\\":{\\\"matchCase\\\":false,\\\"matchWholeWord\\\":false,\\\"useRegExp\\\":false,\\\"multiline\\\":false,\\\"includeIgnored\\\":false,\\\"include\\\":[],\\\"exclude\\\":[],\\\"maxResults\\\":2000},\\\"searchTerm\\\":\\\"\\\",\\\"replaceTerm\\\":\\\"\\\",\\\"showReplaceField\\\":false,\\\"searchHistoryState\\\":{\\\"history\\\":[],\\\"index\\\":0},\\\"replaceHistoryState\\\":{\\\"history\\\":[],\\\"index\\\":0},\\\"includeHistoryState\\\":{\\\"history\\\":[],\\\"index\\\":0},\\\"excludeHistoryState\\\":{\\\"history\\\":[],\\\"index\\\":0}}\"}}],\"title\":{\"label\":\"Search\",\"iconClass\":\"fa fa-arduino-search\",\"closeable\":true}}"},"rank":5,"expanded":false,"pinned":false}],"size":268},"rightPanel":{"type":"sidepanel","items":[]}}
2026-03-06 21:06:55 2026-03-06T21:06:55.307Z root INFO ------- END SERIALIZED LAYOUT DATA -------
2026-03-06 21:06:55 2026-03-06T21:06:55.497Z root INFO <<< The layout has been successfully restored.
2026-03-06 21:06:55 2026-03-06T21:06:55.542Z root INFO Initialize the workbench layout: 833.3 ms [Finished 1.807 s after frontend start]
2026-03-06 21:06:55 2026-03-06T21:06:55.543Z root INFO Changed application state from 'attached_shell' to 'initialized_layout'.
2026-03-06 21:06:55 2026-03-06T21:06:55.544Z root INFO [55e64351-b44d-4da2-83fb-08aee4498a7c] Loading plugin contributions
2026-03-06 21:06:55 2026-03-06T21:06:55.544Z root INFO [55e64351-b44d-4da2-83fb-08aee4498a7c] Load contributions of 23 plugins: 43.6 ms [Finished 1.852 s after frontend start]
2026-03-06 21:06:55 2026-03-06T21:06:55.577Z root WARN 'cpp' language is remapped from 'source.cpp.embedded.macro' to 'source.cpp' scope
2026-03-06 21:06:55 2026-03-06T21:06:55.577Z root WARN a registered grammar configuration for 'cpp' language is overridden
2026-03-06 21:06:55 2026-03-06T21:06:55.622Z root ERROR [hosted-plugin: 125551] Conflict in settings file Default: Ignoring cortex-debug.armToolchainPath.linux as cortex-debug.armToolchainPath is null
2026-03-06 21:06:55 2026-03-06T21:06:55.622Z root ERROR [hosted-plugin: 125551] Conflict in settings file Default: Ignoring cortex-debug.armToolchainPath.osx as cortex-debug.armToolchainPath is null
Conflict in settings file Default: Ignoring cortex-debug.armToolchainPath.windows as cortex-debug.armToolchainPath is null
Conflict in settings file Default: Ignoring cortex-debug.JLinkGDBServerPath.linux as cortex-debug.JLinkGDBServerPath is null
2026-03-06 21:06:55 2026-03-06T21:06:55.622Z root ERROR [hosted-plugin: 125551] Conflict in settings file Default: Ignoring cortex-debug.JLinkGDBServerPath.osx as cortex-debug.JLinkGDBServerPath is null
2026-03-06 21:06:55 2026-03-06T21:06:55.622Z root ERROR [hosted-plugin: 125551] Conflict in settings file Default: Ignoring cortex-debug.JLinkGDBServerPath.windows as cortex-debug.JLinkGDBServerPath is null
2026-03-06 21:06:55 2026-03-06T21:06:55.622Z root ERROR [hosted-plugin: 125551] Conflict in settings file Default: Ignoring cortex-debug.openocdPath.linux as cortex-debug.openocdPath is null
2026-03-06 21:06:55 2026-03-06T21:06:55.622Z root ERROR [hosted-plugin: 125551] Conflict in settings file Default: Ignoring cortex-debug.openocdPath.osx as cortex-debug.openocdPath is null
2026-03-06 21:06:55 2026-03-06T21:06:55.622Z root ERROR [hosted-plugin: 125551] Conflict in settings file Default: Ignoring cortex-debug.openocdPath.windows as cortex-debug.openocdPath is null
2026-03-06 21:06:55 2026-03-06T21:06:55.622Z root ERROR [hosted-plugin: 125551] Conflict in settings file Default: Ignoring cortex-debug.pyocdPath.linux as cortex-debug.pyocdPath is null
2026-03-06 21:06:55 2026-03-06T21:06:55.622Z root ERROR [hosted-plugin: 125551] Conflict in settings file Default: Ignoring cortex-debug.pyocdPath.osx as cortex-debug.pyocdPath is null
Conflict in settings file Default: Ignoring cortex-debug.pyocdPath.windows as cortex-debug.pyocdPath is null
2026-03-06 21:06:55 2026-03-06T21:06:55.622Z root ERROR [hosted-plugin: 125551] Conflict in settings file Default: Ignoring cortex-debug.PEGDBServerPath.linux as cortex-debug.PEGDBServerPath is null
Conflict in settings file Default: Ignoring cortex-debug.PEGDBServerPath.osx as cortex-debug.PEGDBServerPath is null
2026-03-06 21:06:55 2026-03-06T21:06:55.622Z root ERROR [hosted-plugin: 125551] Conflict in settings file Default: Ignoring cortex-debug.PEGDBServerPath.windows as cortex-debug.PEGDBServerPath is null
Conflict in settings file Default: Ignoring cortex-debug.stutilPath.linux as cortex-debug.stutilPath is null
Conflict in settings file Default: Ignoring cortex-debug.stutilPath.osx as cortex-debug.stutilPath is null
2026-03-06 21:06:55 2026-03-06T21:06:55.622Z root ERROR [hosted-plugin: 125551] Conflict in settings file Default: Ignoring cortex-debug.stutilPath.windows as cortex-debug.stutilPath is null
Conflict in settings file Default: Ignoring cortex-debug.stlinkPath.linux as cortex-debug.stlinkPath is null
Conflict in settings file Default: Ignoring cortex-debug.stlinkPath.osx as cortex-debug.stlinkPath is null
Conflict in settings file Default: Ignoring cortex-debug.stlinkPath.windows as cortex-debug.stlinkPath is null
2026-03-06 21:06:55 2026-03-06T21:06:55.622Z root ERROR [hosted-plugin: 125551] Conflict in settings file Default: Ignoring cortex-debug.stm32cubeprogrammer.linux as cortex-debug.stm32cubeprogrammer is null
Conflict in settings file Default: Ignoring cortex-debug.stm32cubeprogrammer.osx as cortex-debug.stm32cubeprogrammer is null
Conflict in settings file Default: Ignoring cortex-debug.stm32cubeprogrammer.windows as cortex-debug.stm32cubeprogrammer is null
2026-03-06 21:06:55 2026-03-06T21:06:55.627Z root INFO [hosted-plugin: 125551] PLUGIN_HOST(125551): PluginManagerExtImpl/init()
2026-03-06 21:06:55 2026-03-06T21:06:55.628Z root INFO [hosted-plugin: 125551] PLUGIN_HOST(125551): initializing(vscode-arduino-api@0.1.2 with /opt/arduino-ide/resources/app/lib/backend/plugin-vscode-init)
2026-03-06 21:06:55 2026-03-06T21:06:55.673Z root INFO [hosted-plugin: 125551] PLUGIN_HOST(125551): initializing(json-language-features@1.88.1 with /opt/arduino-ide/resources/app/lib/backend/plugin-vscode-init)
2026-03-06 21:06:55 2026-03-06T21:06:55.676Z root INFO [hosted-plugin: 125551] PLUGIN_HOST(125551): initializing(cortex-debug@1.5.1 with /opt/arduino-ide/resources/app/lib/backend/plugin-vscode-init)
2026-03-06 21:06:55 2026-03-06T21:06:55.676Z root INFO [hosted-plugin: 125551] Debugger contribution has been registered: cortex-debug
2026-03-06 21:06:55 2026-03-06T21:06:55.677Z root INFO [hosted-plugin: 125551] PLUGIN_HOST(125551): initializing(vscode-arduino-tools@0.1.3 with /opt/arduino-ide/resources/app/lib/backend/plugin-vscode-init)
2026-03-06 21:06:55 2026-03-06T21:06:55.678Z root INFO [hosted-plugin: 125551] PLUGIN_HOST(125551): initializing(cpp@1.88.1 with /opt/arduino-ide/resources/app/lib/backend/plugin-vscode-init)
2026-03-06 21:06:55 2026-03-06T21:06:55.680Z root INFO [hosted-plugin: 125551] PLUGIN_HOST(125551): initializing(json@1.88.1 with /opt/arduino-ide/resources/app/lib/backend/plugin-vscode-init)
2026-03-06 21:06:55 2026-03-06T21:06:55.681Z root INFO [hosted-plugin: 125551] PLUGIN_HOST(125551): initializing(vscode-language-pack-bg@1.48.3 with /opt/arduino-ide/resources/app/lib/backend/plugin-vscode-init)
2026-03-06 21:06:55 2026-03-06T21:06:55.681Z root INFO [hosted-plugin: 125551] PLUGIN_HOST(125551): initializing(vscode-language-pack-cs@1.96.0 with /opt/arduino-ide/resources/app/lib/backend/plugin-vscode-init)
2026-03-06 21:06:55 2026-03-06T21:06:55.682Z root INFO [hosted-plugin: 125551] PLUGIN_HOST(125551): initializing(vscode-language-pack-de@1.96.0 with /opt/arduino-ide/resources/app/lib/backend/plugin-vscode-init)
2026-03-06 21:06:55 2026-03-06T21:06:55.682Z root INFO [hosted-plugin: 125551] PLUGIN_HOST(125551): initializing(vscode-language-pack-es@1.96.0 with /opt/arduino-ide/resources/app/lib/backend/plugin-vscode-init)
2026-03-06 21:06:55 2026-03-06T21:06:55.682Z root INFO [hosted-plugin: 125551] PLUGIN_HOST(125551): initializing(vscode-language-pack-fr@1.96.0 with /opt/arduino-ide/resources/app/lib/backend/plugin-vscode-init)
2026-03-06 21:06:55 2026-03-06T21:06:55.683Z root INFO [hosted-plugin: 125551] PLUGIN_HOST(125551): initializing(vscode-language-pack-hu@1.48.3 with /opt/arduino-ide/resources/app/lib/backend/plugin-vscode-init)
2026-03-06 21:06:55 2026-03-06T21:06:55.683Z root INFO [hosted-plugin: 125551] PLUGIN_HOST(125551): initializing(vscode-language-pack-it@1.96.0 with /opt/arduino-ide/resources/app/lib/backend/plugin-vscode-init)
2026-03-06 21:06:55 2026-03-06T21:06:55.683Z root INFO [hosted-plugin: 125551] PLUGIN_HOST(125551): initializing(vscode-language-pack-ja@1.96.0 with /opt/arduino-ide/resources/app/lib/backend/plugin-vscode-init)
2026-03-06 21:06:55 2026-03-06T21:06:55.683Z root INFO [hosted-plugin: 125551] PLUGIN_HOST(125551): initializing(vscode-language-pack-ko@1.96.0 with /opt/arduino-ide/resources/app/lib/backend/plugin-vscode-init)
2026-03-06 21:06:55 2026-03-06T21:06:55.683Z root INFO [hosted-plugin: 125551] PLUGIN_HOST(125551): initializing(vscode-language-pack-nl@1.48.3 with /opt/arduino-ide/resources/app/lib/backend/plugin-vscode-init)
2026-03-06 21:06:55 2026-03-06T21:06:55.683Z root INFO [hosted-plugin: 125551] PLUGIN_HOST(125551): initializing(vscode-language-pack-pl@1.96.0 with /opt/arduino-ide/resources/app/lib/backend/plugin-vscode-init)
2026-03-06 21:06:55 2026-03-06T21:06:55.683Z root INFO [hosted-plugin: 125551] PLUGIN_HOST(125551): initializing(vscode-language-pack-pt-BR@1.96.0 with /opt/arduino-ide/resources/app/lib/backend/plugin-vscode-init)
2026-03-06 21:06:55 2026-03-06T21:06:55.684Z root INFO [hosted-plugin: 125551] PLUGIN_HOST(125551): initializing(vscode-language-pack-ru@1.96.0 with /opt/arduino-ide/resources/app/lib/backend/plugin-vscode-init)
2026-03-06 21:06:55 2026-03-06T21:06:55.684Z root INFO [hosted-plugin: 125551] PLUGIN_HOST(125551): initializing(vscode-language-pack-tr@1.96.0 with /opt/arduino-ide/resources/app/lib/backend/plugin-vscode-init)
2026-03-06 21:06:55 2026-03-06T21:06:55.684Z root INFO [hosted-plugin: 125551] PLUGIN_HOST(125551): initializing(vscode-language-pack-uk@1.48.3 with /opt/arduino-ide/resources/app/lib/backend/plugin-vscode-init)
2026-03-06 21:06:55 2026-03-06T21:06:55.684Z root INFO [hosted-plugin: 125551] PLUGIN_HOST(125551): initializing(vscode-language-pack-zh-hans@1.96.0 with /opt/arduino-ide/resources/app/lib/backend/plugin-vscode-init)
2026-03-06 21:06:55 2026-03-06T21:06:55.684Z root INFO [hosted-plugin: 125551] PLUGIN_HOST(125551): initializing(vscode-language-pack-zh-hant@1.96.0 with /opt/arduino-ide/resources/app/lib/backend/plugin-vscode-init)
2026-03-06 21:06:55 2026-03-06T21:06:55.692Z root INFO [hosted-plugin: 125551] PLUGIN_HOST(125551): PluginManagerExtImpl/loadPlugin(/opt/arduino-ide/resources/app/plugins/vscode-builtin-json-language-features/extension/client/dist/node/jsonClientMain)
2026-03-06 21:06:55 2026-03-06T21:06:55.724Z root INFO [hosted-plugin: 125551] PLUGIN_HOST(125551): PluginManagerExtImpl/loadPlugin(/opt/arduino-ide/resources/app/plugins/vscode-arduino-tools/extension/dist/extension.js)
2026-03-06 21:06:55 2026-03-06T21:06:55.739Z root INFO [hosted-plugin: 125551] PLUGIN_HOST(125551): PluginManagerExtImpl/loadPlugin(/opt/arduino-ide/resources/app/plugins/vscode-arduino-api/extension/dist/extension.js)
2026-03-06 21:06:55 2026-03-06T21:06:55.741Z root INFO [hosted-plugin: 125551] calling activation function on VS Code Arduino Tools
2026-03-06 21:06:55 2026-03-06T21:06:55.741Z root INFO [hosted-plugin: 125551] calling activation function on Arduino IDE API for VS Code extensions
2026-03-06 21:06:55 2026-03-06T21:06:55.780Z root INFO [55e64351-b44d-4da2-83fb-08aee4498a7c] Starting plugins.
2026-03-06 21:06:55 2026-03-06T21:06:55.795Z root INFO [hosted-plugin: 125551] PLUGIN_HOST(125551): PluginManagerExtImpl/loadPlugin(/opt/arduino-ide/resources/app/plugins/cortex-debug/extension/dist/extension.js)
2026-03-06 21:06:55 2026-03-06T21:06:55.814Z root INFO [hosted-plugin: 125551] Debug configuration provider has been registered: cortex-debug, trigger: 1
2026-03-06 21:06:55 2026-03-06T21:06:55.814Z root INFO [hosted-plugin: 125551] calling activation function on Cortex-Debug
2026-03-06 21:06:55 2026-03-06T21:06:55.815Z root INFO [hosted-plugin: 125551] GDB server console created
2026-03-06 21:06:55 2026-03-06T21:06:55.819Z root INFO [55e64351-b44d-4da2-83fb-08aee4498a7c] Start of 23 plugins: 274.3 ms [Finished 2.129 s after frontend start]
2026-03-06 21:06:55 2026-03-06T21:06:55.877Z root INFO [hosted-plugin: 125551] calling activation function on JSON Language Features (built-in)
2026-03-06 21:06:56 2026-03-06T21:06:56.179Z root ERROR ---- !!!SLOW!!! DURATION: search took 207.286 ms. Args: [{"query":"","type":"All","topic":"All"}] ----
2026-03-06 21:06:56 2026-03-06T21:06:56.469Z root INFO Frontend application start: 1909.4 ms [Finished 3.154 s after backend start]
2026-03-06 21:06:56 Checking for update
2026-03-06 21:06:56 2026-03-06T21:06:56.484Z root INFO Replace loading indicator with ready workbench UI (animation): 826.5 ms [Finished 2.680 s after frontend start]
2026-03-06 21:06:56 2026-03-06T21:06:56.484Z root INFO Changed application state from 'initialized_layout' to 'ready'.
2026-03-06 21:06:56 2026-03-06T21:06:56.484Z root WARN Linked preference "workbench.colorCustomizations" not found.
2026-03-06 21:06:56 2026-03-06T21:06:56.495Z sketches-service WARN Mismatching sketch file <led.ino> and sketch folder name <practice>. Skipping
2026-03-06 21:06:56 2026-03-06T21:06:56.554Z sketches-service WARN Mismatching sketch file <led.ino> and sketch folder name <practice>. Skipping
2026-03-06 21:06:56 2026-03-06T21:06:56.555Z sketches-service WARN Mismatching sketch file <led.ino> and sketch folder name <practice>. Skipping
2026-03-06 21:06:56 2026-03-06T21:06:56.678Z daemon INFO time="2026-03-06T21:06:56Z" level=info msg="Tool required for debug" tool="esp8266:mklittlefs@3.1.0-gcc10.3-e5f9fec"
time="2026-03-06T21:06:56Z" level=info msg="Tool required for debug" tool="esp8266:mkspiffs@3.1.0-gcc10.3-e5f9fec"
time="2026-03-06T21:06:56Z" level=info msg="Tool required for debug" tool="esp8266:python3@3.7.2-post1"
time="2026-03-06T21:06:56Z" level=info msg="Tool required for debug" tool="esp8266:xtensa-lx106-elf-gcc@3.1.0-gcc10.3-e5f9fec"
time="2026-03-06T21:06:56Z" level=info msg="Tool required for debug" tool="builtin:mdns-discovery@1.0.12"
time="2026-03-06T21:06:56Z" level=info msg="Tool required for debug" tool="builtin:serial-discovery@1.4.3"
time="2026-03-06T21:06:56Z" level=info msg="Tool required for debug" tool="esp32:esp32s3-libs@3.3.7"
time="2026-03-06T21:06:56Z" level=info msg="Tool required for debug" tool="esp32:esptool_py@5.1.0"
time="2026-03-06T21:06:56Z" level=info msg="Tool required for debug" tool="esp32:xtensa-esp-elf-gdb@16.3_20250913"
time="2026-03-06T21:06:56Z" level=info msg="Tool required for debug" tool="esp32:esp32-libs@3.3.7"
time="2026-03-06T21:06:56Z" level=info msg="Tool required for debug" tool="esp32:esp32h2-libs@3.3.7"
time="2026-03-06T21:06:56Z" level=info msg="Tool required for debug" tool="esp32:esp32c3-libs@3.3.7"
time="2026-03-06T21:06:56Z" level=info msg="Tool required for debug" tool="esp32:esp32c5-libs@3.3.7"
time="2026-03-06T21:06:56Z" level=info msg="Tool required for debug" tool="builtin:dfu-discovery@0.1.2"
time="2026-03-06T21:06:56Z" level=info msg="Tool required for debug" tool="arduino:avrdude@8.0.0-arduino1"
time="2026-03-06T21:06:56Z" level=info msg="Tool required for debug" tool="esp32:openocd-esp32@v0.12.0-esp32-20251215"
time="2026-03-06T21:06:56Z" level=info msg="Tool required for debug" tool="esp32:esp32p4-libs@3.3.7"
time="2026-03-06T21:06:56Z" level=info msg="Tool required for debug" tool="esp32:esp32s2-libs@3.3.7"
time="2026-03-06T21:06:56Z" level=info msg="Tool required for debug" tool="esp32:esp32p4_es-libs@3.3.7"
time="2026-03-06T21:06:56Z" level=info msg="Tool required for debug" tool="esp32:riscv32-esp-elf-gdb@16.3_20250913"
time="2026-03-06T21:06:56Z" level=info msg="Tool required for debug" tool="esp32:esp32c6-libs@3.3.7"
time="2026-03-06T21:06:56Z" level=info msg="Tool required for debug" tool="builtin:serial-monitor@0.15.0"
time="2026-03-06T21:06:56Z" level=info msg="Tool required for debug" tool="builtin:ctags@5.8-arduino11"
time="2026-03-06T21:06:56Z" level=info msg="Tool required for debug" tool="arduino:dfu-util@0.11.0-arduino5"
time="2026-03-06T21:06:56Z" level=info msg="Tool required for debug" tool="arduino:arduinoOTA@1.3.0"
time="2026-03-06T21:06:56Z" level=info msg="Tool required for debug" tool="arduino:avr-gcc@7.3.0-atmel3.6.1-arduino7"
time="2026-03-06T21:06:56Z" level=info msg="Tool required for debug" tool="esp32:esp-rv32@2511"
time="2026-03-06T21:06:56Z" level=info msg="Tool required for debug" tool="esp32:esp-x32@2511"
2026-03-06 21:06:56 2026-03-06T21:06:56.679Z root ERROR Failed to get debug config: esp8266:esp8266:generic:led=2,baud=115200,xtal=80,CrystalFreq=26,eesz=1M64,FlashMode=dout,FlashFreq=40,ResetMethod=nodemcu,dbg=Disabled,lvl=None____,ip=lm2f,vt=flash,exception=disabled,stacksmash=disabled,wipe=none,sdk=nonosdk_190703,ssl=all,mmu=3232,non32xfer=fast, undefined Error: Debugging is not supported.
    at Object.callback (/opt/arduino-ide/resources/app/lib/backend/main.js:2:4756202)
    at Object.onReceiveStatus (/opt/arduino-ide/resources/app/lib/backend/main.js:2:3791917)
    at Object.onReceiveStatus (/opt/arduino-ide/resources/app/lib/backend/main.js:2:2225840)
    at Object.onReceiveStatus (/opt/arduino-ide/resources/app/lib/backend/main.js:2:2225285)
    at /opt/arduino-ide/resources/app/lib/backend/main.js:2:4362019
    at process.processTicksAndRejections (node:internal/process/task_queues:77:11)
2026-03-06 21:06:56 2026-03-06T21:06:56.824Z root INFO Starting language server: esp8266:esp8266:generic:led=2,baud=115200,xtal=80,CrystalFreq=26,eesz=1M64,FlashMode=dout,FlashFreq=40,ResetMethod=nodemcu,dbg=Disabled,lvl=None____,ip=lm2f,vt=flash,exception=disabled,stacksmash=disabled,wipe=none,sdk=nonosdk_190703,ssl=all,mmu=3232,non32xfer=fast
2026-03-06 21:06:56 2026-03-06T21:06:56.921Z root ERROR ---- !!!SLOW!!! DURATION: search took 436.301 ms. Args: [{"type":"Updatable"}] ----
2026-03-06 21:06:56 2026-03-06T21:06:56.938Z daemon INFO time="2026-03-06T21:06:56Z" level=info msg="Adding libraries dir" dir=/home/shrek/.arduino15/libraries isSingleLibrary=false location=ide
time="2026-03-06T21:06:56Z" level=info msg="Adding libraries dir" dir=/home/shrek/.arduino15/packages/esp8266/hardware/esp8266/3.1.2/libraries isSingleLibrary=false location=platform
2026-03-06 21:06:56 2026-03-06T21:06:56.938Z daemon INFO time="2026-03-06T21:06:56Z" level=info msg="Adding libraries dir" dir=/home/shrek/Arduino/libraries isSingleLibrary=false location=user
2026-03-06 21:06:57 2026-03-06T21:06:57.091Z daemon INFO time="2026-03-06T21:06:57Z" level=info msg="Resolving include Adafruit_SSD1306.h for arch esp8266"
time="2026-03-06T21:06:57Z" level=info msg="  found better lib" lib="Adafruit SSD1306" prio=6A7
2026-03-06 21:06:57 Update for version 2.3.8 is not available (latest version: 2.3.8, downgrade is allowed).
2026-03-06 21:06:57 2026-03-06T21:06:57.175Z daemon INFO time="2026-03-06T21:06:57Z" level=info msg="Resolving include Adafruit_GFX.h for arch esp8266"
time="2026-03-06T21:06:57Z" level=info msg="  found better lib" lib="Adafruit GFX Library" prio=517
2026-03-06 21:06:57 2026-03-06T21:06:57.258Z daemon INFO time="2026-03-06T21:06:57Z" level=info msg="Resolving include Adafruit_I2CDevice.h for arch esp8266"
time="2026-03-06T21:06:57Z" level=info msg="  found better lib" lib="Adafruit BusIO" prio=3EB
2026-03-06 21:06:57 2026-03-06T21:06:57.342Z daemon INFO time="2026-03-06T21:06:57Z" level=info msg="Resolving include Wire.h for arch esp8266"
time="2026-03-06T21:06:57Z" level=info msg="  found better lib" lib=Wire prio=6B0
2026-03-06 21:06:57 2026-03-06T21:06:57.427Z daemon INFO time="2026-03-06T21:06:57Z" level=info msg="Resolving include SPI.h for arch esp8266"
time="2026-03-06T21:06:57Z" level=info msg="  found better lib" lib=SPI prio=6B0
2026-03-06 21:06:58 2026-03-06T21:06:58.121Z daemon INFO time="2026-03-06T21:06:58Z" level=info msg="Adding libraries dir" dir=/home/shrek/.arduino15/libraries isSingleLibrary=false location=ide
time="2026-03-06T21:06:58Z" level=info msg="Adding libraries dir" dir=/home/shrek/.arduino15/packages/esp8266/hardware/esp8266/3.1.2/libraries isSingleLibrary=false location=platform
2026-03-06 21:06:58 2026-03-06T21:06:58.121Z daemon INFO time="2026-03-06T21:06:58Z" level=info msg="Adding libraries dir" dir=/home/shrek/Arduino/libraries isSingleLibrary=false location=user
2026-03-06 21:08:05 isTempSketch: false. Input was /home/shrek/Arduino/AndroidCnct/test1
2026-03-06 21:08:05 Marking workspace as a closed sketch. Workspace URI: file:///home/shrek/Arduino/AndroidCnct/test1. Date: 1772831285573.
2026-03-06 21:08:05 isTempSketch: false. Input was /home/shrek/Arduino/AndroidCnct/test1
2026-03-06 21:08:05 Marking workspace as a closed sketch. Workspace URI: file:///home/shrek/Arduino/AndroidCnct/test1. Date: 1772831285575.
2026-03-06 21:08:05 Closing channel on service path '/services/electron-window'.
2026-03-06 21:08:05 Closing channel on service path '/services/ide-updater'.
2026-03-06 21:08:05 Storing the sketch as a workspace root: </home/shrek/Arduino/AndroidCnct/test1>.
2026-03-06 21:08:05 Skipped storing sketch as workspace root. Already visited: </home/shrek/Arduino/AndroidCnct/test1>.
2026-03-06 21:08:05 Stored workspaces roots: /home/shrek/Arduino/AndroidCnct/test1
2026-03-06 21:08:05 No sketches were scheduled for deletion.
2026-03-06 21:08:05 2026-03-06T21:08:05.578Z root INFO socked closed
2026-03-06 21:08:05 2026-03-06T21:08:05.578Z root INFO closing connection for 1
2026-03-06 21:08:05 2026-03-06T21:08:05.578Z root INFO Closing channel on service path '/localization-server'.
2026-03-06 21:08:05 2026-03-06T21:08:05.578Z root INFO Closing channel on service path '/os'.
2026-03-06 21:08:05 2026-03-06T21:08:05.578Z root INFO Closing channel on service path '/services/commands'.
2026-03-06 21:08:05 2026-03-06T21:08:05.578Z root INFO Closing channel on service path '/services/keyboard'.
2026-03-06 21:08:05 2026-03-06T21:08:05.578Z root INFO Closing channel on service path '/services/logger'.
2026-03-06 21:08:05 2026-03-06T21:08:05.578Z root INFO Closing channel on service path '/services/messageService'.
2026-03-06 21:08:05 2026-03-06T21:08:05.578Z root INFO Closing channel on service path '/services/ChannelCloseService'.
2026-03-06 21:08:05 2026-03-06T21:08:05.578Z root INFO Closing channel on service path '/services/remote-filesystem'.
2026-03-06 21:08:05 2026-03-06T21:08:05.578Z root INFO Closing channel on service path '/services/envs'.
2026-03-06 21:08:05 2026-03-06T21:08:05.578Z root INFO Closing channel on service path '/services/authentication-service'.
2026-03-06 21:08:05 2026-03-06T21:08:05.578Z root INFO Closing channel on service path '/services/sketches-service'.
2026-03-06 21:08:05 2026-03-06T21:08:05.578Z root INFO Closing channel on service path '/services/config-service'.
2026-03-06 21:08:05 2026-03-06T21:08:05.578Z root INFO Closing channel on service path '/services/workspace'.
2026-03-06 21:08:05 2026-03-06T21:08:05.578Z root INFO Closing channel on service path '/services/notification-service'.
2026-03-06 21:08:05 2026-03-06T21:08:05.578Z root INFO Closing channel on service path '/services/arduino-daemon'.
2026-03-06 21:08:05 2026-03-06T21:08:05.578Z root INFO Closing channel on service path '/services/stopwatch'.
2026-03-06 21:08:05 2026-03-06T21:08:05.578Z root INFO Closing channel on service path '/services/application'.
2026-03-06 21:08:05 2026-03-06T21:08:05.578Z root INFO Closing channel on service path '/services/i18n'.
2026-03-06 21:08:05 2026-03-06T21:08:05.578Z root INFO Closing channel on service path '/services/quickInput'.
2026-03-06 21:08:05 2026-03-06T21:08:05.578Z root INFO Closing channel on service path '/services/debug'.
2026-03-06 21:08:05 2026-03-06T21:08:05.578Z root INFO Closing channel on service path '/services/shell-terminal'.
2026-03-06 21:08:05 2026-03-06T21:08:05.578Z root INFO Closing channel on service path '/services/quickPick'.
2026-03-06 21:08:05 2026-03-06T21:08:05.578Z root INFO Closing channel on service path '/services/task'.
2026-03-06 21:08:05 2026-03-06T21:08:05.578Z root INFO Closing channel on service path '/services/search'.
2026-03-06 21:08:05 2026-03-06T21:08:05.578Z root INFO Closing channel on service path '/services/hostedPlugin'.
2026-03-06 21:08:05 2026-03-06T21:08:05.578Z root INFO Closing channel on service path '/services/plugin-ext'.
2026-03-06 21:08:05 2026-03-06T21:08:05.578Z root INFO Closing channel on service path '/services/plugin-paths'.
2026-03-06 21:08:05 2026-03-06T21:08:05.579Z root INFO Closing channel on service path '/services/cli-preferences'.
2026-03-06 21:08:05 2026-03-06T21:08:05.579Z root INFO Closing channel on service path '/services/boards-service'.
2026-03-06 21:08:05 2026-03-06T21:08:05.579Z root INFO Closing channel on service path '/services/response-service'.
2026-03-06 21:08:05 2026-03-06T21:08:05.579Z root INFO Closing channel on service path '/services/file-system-ext'.
2026-03-06 21:08:05 2026-03-06T21:08:05.579Z root INFO Closing channel on service path '/services/core-service'.
2026-03-06 21:08:05 2026-03-06T21:08:05.579Z root INFO Closing channel on service path '/services/example-service'.
2026-03-06 21:08:05 2026-03-06T21:08:05.579Z root INFO Closing channel on service path '/services/library-service'.
2026-03-06 21:08:05 2026-03-06T21:08:05.579Z root INFO Closing channel on service path '/services/executable-service'.
2026-03-06 21:08:05 2026-03-06T21:08:05.579Z root INFO Closing channel on service path '/services/arduino-firmware-uploader'.
2026-03-06 21:08:05 2026-03-06T21:08:05.579Z root INFO Closing channel on service path '/services/formatter'.
2026-03-06 21:08:05 2026-03-06T21:08:05.579Z root INFO Closing channel on service path '/services/search-in-workspace'.
2026-03-06 21:08:05 2026-03-06T21:08:05.579Z root INFO Closing channel on service path '/services/request-service'.
2026-03-06 21:08:05 2026-03-06T21:08:05.579Z root INFO Closing channel on service path '/services/keyStore'.
2026-03-06 21:08:05 2026-03-06T21:08:05.579Z root INFO Closing channel on service path '/services/languagePackService'.
2026-03-06 21:08:10 Arduino IDE 2.3.8
2026-03-06 21:08:10 Checking for frontend application configuration customizations. Module path: /opt/arduino-ide/resources/app/lib/backend/electron-main.js, destination 'package.json': /opt/arduino-ide/resources/app/package.json
2026-03-06 21:08:10 Setting 'theia.frontend.config.appVersion' application configuration value to: "2.3.8" (type of string)
2026-03-06 21:08:10 Setting 'theia.frontend.config.cliVersion' application configuration value to: "1.4.1" (type of string)
2026-03-06 21:08:10 Setting 'theia.frontend.config.buildDate' application configuration value to: "2026-02-25T15:15:50.003Z" (type of string)
2026-03-06 21:08:10 Frontend application configuration after modifications: {"applicationName":"Arduino IDE","defaultTheme":{"light":"arduino-theme","dark":"arduino-theme-dark"},"defaultIconTheme":"none","electron":{"windowOptions":{},"showWindowEarly":true,"splashScreenOptions":{},"uriScheme":"arduino-ide"},"defaultLocale":"","validatePreferencesSchema":false,"reloadOnReconnect":true,"uriScheme":"theia","preferences":{"window.title":"${rootName}${activeEditorShort}${appName}","files.autoSave":"afterDelay","editor.minimap.enabled":false,"editor.tabSize":2,"editor.scrollBeyondLastLine":false,"editor.quickSuggestions":{"other":false,"comments":false,"strings":false},"editor.maxTokenizationLineLength":500,"editor.bracketPairColorization.enabled":false,"breadcrumbs.enabled":false,"workbench.tree.renderIndentGuides":"none","explorer.compactFolders":false},"appVersion":"2.3.8","cliVersion":"1.4.1","buildDate":"2026-02-25T15:15:50.003Z"}
2026-03-06 21:08:10 Starting backend process. PID: 126400
2026-03-06 21:08:10 Showing main window early
2026-03-06 21:08:10 Using browser-only version of superagent in non-browser environment
2026-03-06 21:08:10 Configuration directory URI: 'file:///home/shrek/.arduinoIDE'
2026-03-06 21:08:10 Configuring to accept webviews on '^.+\.webview\..+$' hostname.
2026-03-06 21:08:10 2026-03-06T21:08:10.700Z root INFO Backend u.initialize: 16.7 ms [Finished 0.358 s after backend start]
2026-03-06 21:08:10 2026-03-06T21:08:10.701Z root INFO Backend Object.initialize: 15.7 ms [Finished 0.358 s after backend start]
2026-03-06 21:08:10 2026-03-06T21:08:10.701Z root INFO Backend a.initialize: 0.6 ms [Finished 0.358 s after backend start]
2026-03-06 21:08:10 2026-03-06T21:08:10.701Z root INFO Backend a.initialize: 0.5 ms [Finished 0.358 s after backend start]
2026-03-06 21:08:10 2026-03-06T21:08:10.701Z root INFO Backend u.initialize: 0.7 ms [Finished 0.358 s after backend start]
2026-03-06 21:08:10 2026-03-06T21:08:10.702Z root INFO Backend l.initialize: 16.5 ms [Finished 0.358 s after backend start]
2026-03-06 21:08:10 2026-03-06T21:08:10.706Z root INFO configured all backend app contributions
2026-03-06 21:08:10 2026-03-06T21:08:10.706Z root INFO Backend l.onStart: 0.7 ms [Finished 0.364 s after backend start]
2026-03-06 21:08:10 2026-03-06T21:08:10.706Z root INFO Backend d.onStart: 0.0 ms [Finished 0.364 s after backend start]
2026-03-06 21:08:10 2026-03-06T21:08:10.707Z root INFO Backend a.onStart: 0.2 ms [Finished 0.364 s after backend start]
2026-03-06 21:08:10 2026-03-06T21:08:10.707Z config INFO >>> Initializing CLI configuration...
2026-03-06 21:08:10 2026-03-06T21:08:10.707Z root INFO Backend x.onStart: 0.2 ms [Finished 0.364 s after backend start]
2026-03-06 21:08:10 2026-03-06T21:08:10.707Z config INFO Loading CLI configuration from /home/shrek/.arduinoIDE/arduino-cli.yaml...
2026-03-06 21:08:10 2026-03-06T21:08:10.707Z daemon INFO Starting daemon from /opt/arduino-ide/resources/app/lib/backend/resources/arduino-cli...
2026-03-06 21:08:10 2026-03-06T21:08:10.707Z root INFO Backend w.onStart: 0.2 ms [Finished 0.365 s after backend start]
2026-03-06 21:08:10 2026-03-06T21:08:10.707Z discovery-log INFO start
2026-03-06 21:08:10 2026-03-06T21:08:10.707Z discovery-log INFO start new deferred
2026-03-06 21:08:10 2026-03-06T21:08:10.707Z root INFO Backend v.onStart: 0.1 ms [Finished 0.365 s after backend start]
2026-03-06 21:08:10 2026-03-06T21:08:10.707Z root INFO Backend a.onStart: 0.1 ms [Finished 0.365 s after backend start]
2026-03-06 21:08:10 2026-03-06T21:08:10.709Z root INFO Theia app listening on http://127.0.0.1:44571.
2026-03-06 21:08:10 2026-03-06T21:08:10.709Z root INFO Finished starting backend application: 2.1 ms [Finished 0.367 s after backend start]
2026-03-06 21:08:10 Restoring workspace roots: /home/shrek/Arduino/AndroidCnct/test1
2026-03-06 21:08:10 2026-03-06T21:08:10.709Z root WARN The local plugin referenced by local-dir:/home/shrek/.arduinoIDE/plugins does not exist.
2026-03-06 21:08:10 2026-03-06T21:08:10.710Z root WARN The local plugin referenced by local-dir:/home/shrek/.arduinoIDE/deployedPlugins does not exist.
2026-03-06 21:08:10 2026-03-06T21:08:10.712Z config INFO Loaded CLI configuration: {"board_manager":{"additional_urls":["http://arduino.esp8266.com/stable/package_esp8266com_index.json"]},"directories":{"builtin":{"libraries":"/home/shrek/.arduino15/libraries"},"data":"/home/shrek/.arduino15","user":"/home/shrek/Arduino"},"locale":"en"}
2026-03-06 21:08:10 2026-03-06T21:08:10.712Z config INFO 'directories.data' and 'directories.user' are set in the CLI configuration model.
2026-03-06 21:08:10 2026-03-06T21:08:10.712Z config INFO Loaded the CLI configuration.
2026-03-06 21:08:10 isTempSketch: false. Input was /home/shrek/Arduino/AndroidCnct/test1/test1.ino
2026-03-06 21:08:10 2026-03-06T21:08:10.716Z config INFO Mapped the CLI configuration: {"dataDirUri":"file:///home/shrek/.arduino15","sketchDirUri":"file:///home/shrek/Arduino","additionalUrls":["http://arduino.esp8266.com/stable/package_esp8266com_index.json"],"network":"none","locale":"en"}
2026-03-06 21:08:10 2026-03-06T21:08:10.716Z config INFO Validating the CLI configuration...
2026-03-06 21:08:10 2026-03-06T21:08:10.716Z config INFO The CLI config is valid.
2026-03-06 21:08:10 2026-03-06T21:08:10.716Z config INFO <<< Initialized the CLI configuration.
2026-03-06 21:08:10 2026-03-06T21:08:10.725Z daemon INFO time="2026-03-06T21:08:10Z" level=info msg="arduino-cli version 1.4.1"
time="2026-03-06T21:08:10Z" level=info msg="Using config file: /home/shrek/.arduinoIDE/arduino-cli.yaml"
time="2026-03-06T21:08:10Z" level=info msg="Executing `arduino-cli daemon`"
Daemon is now listening on 127.0.0.1:38199
{"IP":"127.0.0.1","Port":"38199"}
2026-03-06 21:08:10 2026-03-06T21:08:10.725Z daemon INFO Daemon is running.
2026-03-06 21:08:10 2026-03-06T21:08:10.743Z root INFO Resolve plugins list: 35.6 ms [Finished 0.401 s after backend start]
2026-03-06 21:08:10 2026-03-06T21:08:10.748Z daemon INFO time="2026-03-06T21:08:10Z" level=info msg="Checking signature" index=/home/shrek/.arduino15/package_index.json signatureFile=/home/shrek/.arduino15/package_index.json.sig trusted=true
2026-03-06 21:08:10 2026-03-06T21:08:10.748Z daemon INFO time="2026-03-06T21:08:10Z" level=info msg="Missing signature file" index=/home/shrek/.arduino15/package_esp8266com_index.json
2026-03-06 21:08:10 2026-03-06T21:08:10.748Z daemon INFO time="2026-03-06T21:08:10Z" level=info msg="Loading hardware from: /home/shrek/.arduino15/packages"
time="2026-03-06T21:08:10Z" level=info msg="Loading package arduino from: /home/shrek/.arduino15/packages/arduino/hardware"
2026-03-06 21:08:10 2026-03-06T21:08:10.749Z daemon INFO time="2026-03-06T21:08:10Z" level=info msg="Missing signature file" index=/home/shrek/.arduino15/packages/arduino/hardware/avr/1.8.7/installed.json
2026-03-06 21:08:10 2026-03-06T21:08:10.750Z daemon INFO time="2026-03-06T21:08:10Z" level=info msg="Adding monitor tool" protocol=serial tool="builtin:serial-monitor"
time="2026-03-06T21:08:10Z" level=info msg="Loaded platform" platform="arduino:avr@1.8.7"
time="2026-03-06T21:08:10Z" level=info msg="Checking existence of 'tools' path: /home/shrek/.arduino15/packages/arduino/tools"
time="2026-03-06T21:08:10Z" level=info msg="Loading tools from dir: /home/shrek/.arduino15/packages/arduino/tools"
time="2026-03-06T21:08:10Z" level=info msg="Loaded tool" tool="arduino:arduinoOTA@1.3.0"
time="2026-03-06T21:08:10Z" level=info msg="Loaded tool" tool="arduino:avr-gcc@7.3.0-atmel3.6.1-arduino7"
time="2026-03-06T21:08:10Z" level=info msg="Loaded tool" tool="arduino:avrdude@8.0.0-arduino1"
time="2026-03-06T21:08:10Z" level=info msg="Loaded tool" tool="arduino:dfu-util@0.11.0-arduino5"
time="2026-03-06T21:08:10Z" level=info msg="Loading package builtin from: /home/shrek/.arduino15/packages/builtin"
time="2026-03-06T21:08:10Z" level=info msg="Checking existence of 'tools' path: /home/shrek/.arduino15/packages/builtin/tools"
time="2026-03-06T21:08:10Z" level=info msg="Loading tools from dir: /home/shrek/.arduino15/packages/builtin/tools"
time="2026-03-06T21:08:10Z" level=info msg="Loaded tool" tool="builtin:ctags@5.8-arduino11"
2026-03-06 21:08:10 2026-03-06T21:08:10.750Z daemon INFO time="2026-03-06T21:08:10Z" level=info msg="Loaded tool" tool="builtin:dfu-discovery@0.1.2"
time="2026-03-06T21:08:10Z" level=info msg="Loaded tool" tool="builtin:mdns-discovery@1.0.12"
time="2026-03-06T21:08:10Z" level=info msg="Loaded tool" tool="builtin:serial-discovery@1.4.3"
time="2026-03-06T21:08:10Z" level=info msg="Loaded tool" tool="builtin:serial-monitor@0.15.0"
time="2026-03-06T21:08:10Z" level=info msg="Loading package esp32 from: /home/shrek/.arduino15/packages/esp32/hardware"
2026-03-06 21:08:10 2026-03-06T21:08:10.752Z daemon INFO time="2026-03-06T21:08:10Z" level=info msg="Missing signature file" index=/home/shrek/.arduino15/packages/esp32/hardware/esp32/3.3.7/installed.json
2026-03-06 21:08:10 2026-03-06T21:08:10.841Z daemon INFO time="2026-03-06T21:08:10Z" level=info msg="Adding monitor tool" protocol=serial tool="builtin:serial-monitor"
time="2026-03-06T21:08:10Z" level=info msg="Loaded platform" platform="esp32:esp32@3.3.7"
time="2026-03-06T21:08:10Z" level=info msg="Checking existence of 'tools' path: /home/shrek/.arduino15/packages/esp32/tools"
time="2026-03-06T21:08:10Z" level=info msg="Loading tools from dir: /home/shrek/.arduino15/packages/esp32/tools"
time="2026-03-06T21:08:10Z" level=info msg="Loaded tool" tool="esp32:esp-rv32@2511"
time="2026-03-06T21:08:10Z" level=info msg="Loaded tool" tool="esp32:esp-x32@2511"
time="2026-03-06T21:08:10Z" level=info msg="Loaded tool" tool="esp32:esp32-libs@3.3.7"
time="2026-03-06T21:08:10Z" level=info msg="Loaded tool" tool="esp32:esp32c3-libs@3.3.7"
time="2026-03-06T21:08:10Z" level=info msg="Loaded tool" tool="esp32:esp32c5-libs@3.3.7"
time="2026-03-06T21:08:10Z" level=info msg="Loaded tool" tool="esp32:esp32c6-libs@3.3.7"
time="2026-03-06T21:08:10Z" level=info msg="Loaded tool" tool="esp32:esp32h2-libs@3.3.7"
time="2026-03-06T21:08:10Z" level=info msg="Loaded tool" tool="esp32:esp32p4-libs@3.3.7"
time="2026-03-06T21:08:10Z" level=info msg="Loaded tool" tool="esp32:esp32p4_es-libs@3.3.7"
time="2026-03-06T21:08:10Z" level=info msg="Loaded tool" tool="esp32:esp32s2-libs@3.3.7"
time="2026-03-06T21:08:10Z" level=info msg="Loaded tool" tool="esp32:esp32s3-libs@3.3.7"
time="2026-03-06T21:08:10Z" level=info msg="Loaded tool" tool="esp32:esptool_py@5.1.0"
time="2026-03-06T21:08:10Z" level=info msg="Loaded tool" tool="esp32:mklittlefs@4.0.2-db0513a"
time="2026-03-06T21:08:10Z" level=info msg="Loaded tool" tool="esp32:mkspiffs@0.2.3"
time="2026-03-06T21:08:10Z" level=info msg="Loaded tool" tool="esp32:openocd-esp32@v0.12.0-esp32-20251215"
time="2026-03-06T21:08:10Z" level=info msg="Loaded tool" tool="esp32:riscv32-esp-elf-gdb@16.3_20250913"
time="2026-03-06T21:08:10Z" level=info msg="Loaded tool" tool="esp32:xtensa-esp-elf-gdb@16.3_20250913"
time="2026-03-06T21:08:10Z" level=info msg="Loading package esp8266 from: /home/shrek/.arduino15/packages/esp8266/hardware"
time="2026-03-06T21:08:10Z" level=info msg="Missing signature file" index=/home/shrek/.arduino15/packages/esp8266/hardware/esp8266/3.1.2/installed.json
2026-03-06 21:08:10 2026-03-06T21:08:10.846Z daemon INFO time="2026-03-06T21:08:10Z" level=info msg="Adding monitor tool" protocol=serial tool="builtin:serial-monitor"
time="2026-03-06T21:08:10Z" level=info msg="Loaded platform" platform="esp8266:esp8266@3.1.2"
time="2026-03-06T21:08:10Z" level=info msg="Checking existence of 'tools' path: /home/shrek/.arduino15/packages/esp8266/tools"
time="2026-03-06T21:08:10Z" level=info msg="Loading tools from dir: /home/shrek/.arduino15/packages/esp8266/tools"
time="2026-03-06T21:08:10Z" level=info msg="Loaded tool" tool="esp8266:mklittlefs@3.1.0-gcc10.3-e5f9fec"
time="2026-03-06T21:08:10Z" level=info msg="Loaded tool" tool="esp8266:mkspiffs@3.1.0-gcc10.3-e5f9fec"
time="2026-03-06T21:08:10Z" level=info msg="Loaded tool" tool="esp8266:python3@3.7.2-post1"
time="2026-03-06T21:08:10Z" level=info msg="Loaded tool" tool="esp8266:xtensa-lx106-elf-gcc@3.1.0-gcc10.3-e5f9fec"
2026-03-06 21:08:10 2026-03-06T21:08:10.851Z daemon INFO time="2026-03-06T21:08:10Z" level=info msg="Adding libraries dir" dir=/home/shrek/.arduino15/packages/arduino/hardware/avr/1.8.7/libraries isSingleLibrary=false location=platform
time="2026-03-06T21:08:10Z" level=info msg="Adding libraries dir" dir=/home/shrek/.arduino15/packages/esp32/hardware/esp32/3.3.7/libraries isSingleLibrary=false location=platform
time="2026-03-06T21:08:10Z" level=info msg="Adding libraries dir" dir=/home/shrek/.arduino15/packages/esp8266/hardware/esp8266/3.1.2/libraries isSingleLibrary=false location=platform
time="2026-03-06T21:08:10Z" level=info msg="Loading libraries index file" index=/home/shrek/.arduino15/library_index.json
2026-03-06 21:08:10 2026-03-06T21:08:10.968Z daemon INFO time="2026-03-06T21:08:10Z" level=info msg="Adding libraries dir" dir=/home/shrek/.arduino15/libraries isSingleLibrary=false location=ide
time="2026-03-06T21:08:10Z" level=info msg="Adding libraries dir" dir=/home/shrek/Arduino/libraries isSingleLibrary=false location=user
2026-03-06 21:08:10 2026-03-06T21:08:10.992Z root INFO Deploy plugins list: 284.7 ms [Finished 0.650 s after backend start]
2026-03-06 21:08:11 2026-03-06T21:08:11.015Z discovery-log INFO start resolved watching
2026-03-06 21:08:11 2026-03-06T21:08:11.019Z discovery-log INFO {"eventType":"add","port":{"matchingBoardsList":[],"port":{"address":"/dev/ttyACM0","label":"/dev/ttyACM0","protocol":"serial","protocolLabel":"Serial Port (USB)","propertiesMap":[["pid","0x4001"],["serialNumber","123456"],["vid","0x303a"]],"hardwareId":"123456"}},"error":""}
2026-03-06 21:08:11 2026-03-06T21:08:11.019Z discovery-log INFO {"eventType":"add","port":{"matchingBoardsList":[],"port":{"address":"/dev/ttyS0","label":"/dev/ttyS0","protocol":"serial","protocolLabel":"Serial Port","propertiesMap":[],"hardwareId":""}},"error":""}
2026-03-06 21:08:11 2026-03-06T21:08:11.099Z root INFO creating connection for 1
2026-03-06 21:08:11 2026-03-06T21:08:11.619Z root WARN A command editor.action.toggleStickyScroll is already registered.
2026-03-06 21:08:11 2026-03-06T21:08:11.626Z sketches-service WARN Warning! The request sketch path was different than the response sketch path from the CLI. This could be a potential bug. Request: </home/shrek/Arduino/AndroidCnct/test1/test1.ino>, response: </home/shrek/Arduino/AndroidCnct/test1>.
2026-03-06 21:08:11 Opening channel for service path '/services/electron-window'.
2026-03-06 21:08:11 Opening channel for service path '/services/ide-updater'.
2026-03-06 21:08:11 2026-03-06T21:08:11.673Z root INFO Start frontend contributions: 154.2 ms [Finished 0.951 s after frontend start]
2026-03-06 21:08:11 2026-03-06T21:08:11.673Z root INFO Changed application state from 'init' to 'started_contributions'.
2026-03-06 21:08:11 2026-03-06T21:08:11.698Z root INFO Changed application state from 'started_contributions' to 'attached_shell'.
2026-03-06 21:08:11 2026-03-06T21:08:11.698Z root INFO >>> Restoring the layout state...
2026-03-06 21:08:11 2026-03-06T21:08:11.716Z root INFO [69bab914-c058-4480-999e-167495d107f8] Waiting for backend deployment: 51.7 ms [Finished 0.999 s after frontend start]
2026-03-06 21:08:12 2026-03-06T21:08:12.018Z root INFO [hosted-plugin: 126518] PLUGIN_HOST(126518) starting instance
[Object: null prototype] {}
2026-03-06 21:08:12 2026-03-06T21:08:12.340Z root INFO [69bab914-c058-4480-999e-167495d107f8] Sync of 23 plugins: 627.1 ms [Finished 1.626 s after frontend start]
2026-03-06 21:08:12 2026-03-06T21:08:12.353Z root INFO ------- SERIALIZED LAYOUT DATA -------
2026-03-06 21:08:12 2026-03-06T21:08:12.353Z root INFO {"version":5,"mainPanel":{"main":{"type":"tab-area","widgets":[{"constructionOptions":{"factoryId":"code-editor-opener","options":{"counter":0,"kind":"navigatable","uri":"file:///home/shrek/Arduino/AndroidCnct/test1/test1.ino"}},"innerWidgetState":"{\"cursorState\":[{\"inSelectionMode\":false,\"selectionStart\":{\"lineNumber\":27,\"column\":30},\"position\":{\"lineNumber\":27,\"column\":30}}],\"viewState\":{\"scrollLeft\":0,\"firstPosition\":{\"lineNumber\":1,\"column\":1},\"firstPositionDeltaTop\":0},\"contributionsState\":{\"editor.contrib.folding\":{\"lineCount\":44,\"provider\":\"indent\",\"foldedImports\":false},\"editor.contrib.wordHighlighter\":false}}"}],"currentIndex":0}},"mainPanelPinned":[false],"bottomPanel":{"config":{"main":{"type":"tab-area","widgets":[{"constructionOptions":{"factoryId":"outputView"},"innerWidgetState":"{\"locked\":false}"}],"currentIndex":0}},"pinned":[false],"size":514,"expanded":true},"leftPanel":{"type":"sidepanel","items":[{"widget":{"constructionOptions":{"factoryId":"arduino-sketchbook-widget"}},"rank":1,"expanded":false,"pinned":false},{"widget":{"constructionOptions":{"factoryId":"boards-list-widget"}},"rank":2,"expanded":false,"pinned":false},{"widget":{"constructionOptions":{"factoryId":"library-list-widget"}},"rank":3,"expanded":true,"pinned":false},{"widget":{"constructionOptions":{"factoryId":"debug"},"innerWidgetState":"{\"parts\":[{\"partId\":\"debug:threads:-1\",\"collapsed\":false,\"hidden\":false,\"relativeSize\":1.384,\"originalContainerId\":\"debug:view-container:-1\",\"originalContainerTitle\":{\"label\":\"debug\",\"iconClass\":\"codicon codicon-debug-alt\",\"closeable\":true},\"widget\":{\"constructionOptions\":{\"factoryId\":\"debug:threads\"},\"innerWidgetState\":\"{}\"}},{\"partId\":\"debug:frames:-1\",\"collapsed\":false,\"hidden\":false,\"relativeSize\":1.384,\"originalContainerId\":\"debug:view-container:-1\",\"originalContainerTitle\":{\"label\":\"debug\",\"iconClass\":\"codicon codicon-debug-alt\",\"closeable\":true},\"widget\":{\"constructionOptions\":{\"factoryId\":\"debug:frames\"},\"innerWidgetState\":\"{}\"}},{\"partId\":\"debug:variables:-1\",\"collapsed\":false,\"hidden\":false,\"relativeSize\":1.384,\"originalContainerId\":\"debug:view-container:-1\",\"originalContainerTitle\":{\"label\":\"debug\",\"iconClass\":\"codicon codicon-debug-alt\",\"closeable\":true},\"widget\":{\"constructionOptions\":{\"factoryId\":\"debug:variables\"},\"innerWidgetState\":\"{}\"}},{\"partId\":\"debug:watch:-1\",\"collapsed\":false,\"hidden\":false,\"relativeSize\":1.384,\"originalContainerId\":\"debug:view-container:-1\",\"originalContainerTitle\":{\"label\":\"debug\",\"iconClass\":\"codicon codicon-debug-alt\",\"closeable\":true},\"widget\":{\"constructionOptions\":{\"factoryId\":\"debug:watch\"},\"innerWidgetState\":\"{}\"}},{\"partId\":\"debug:breakpoints:-1\",\"collapsed\":false,\"hidden\":false,\"relativeSize\":1.384,\"originalContainerId\":\"debug:view-container:-1\",\"originalContainerTitle\":{\"label\":\"debug\",\"iconClass\":\"codicon codicon-debug-alt\",\"closeable\":true},\"widget\":{\"constructionOptions\":{\"factoryId\":\"debug:breakpoints\"},\"innerWidgetState\":\"{}\"}},{\"partId\":\"plugin-view:cortex-debug.peripherals\",\"collapsed\":true,\"hidden\":true,\"originalContainerId\":\"debug:view-container:-1\",\"originalContainerTitle\":{\"label\":\"debug\",\"iconClass\":\"codicon codicon-debug-alt\",\"closeable\":true},\"widget\":{\"constructionOptions\":{\"factoryId\":\"plugin-view\",\"options\":{\"id\":\"plugin-view:cortex-debug.peripherals\",\"viewId\":\"cortex-debug.peripherals\"}},\"innerWidgetState\":\"{\\\"label\\\":\\\"Cortex Peripherals\\\",\\\"widgets\\\":[],\\\"suppressUpdateViewVisibility\\\":false,\\\"currentViewContainerId\\\":\\\"debug\\\"}\"}},{\"partId\":\"plugin-view:cortex-debug.registers\",\"collapsed\":true,\"hidden\":true,\"originalContainerId\":\"debug:view-container:-1\",\"originalContainerTitle\":{\"label\":\"debug\",\"iconClass\":\"codicon codicon-debug-alt\",\"closeable\":true},\"widget\":{\"constructionOptions\":{\"factoryId\":\"plugin-view\",\"options\":{\"id\":\"plugin-view:cortex-debug.registers\",\"viewId\":\"cortex-debug.registers\"}},\"innerWidgetState\":\"{\\\"label\\\":\\\"Cortex Registers\\\",\\\"widgets\\\":[],\\\"suppressUpdateViewVisibility\\\":false,\\\"currentViewContainerId\\\":\\\"debug\\\"}\"}}],\"title\":{\"label\":\"debug\",\"iconClass\":\"codicon codicon-debug-alt\",\"closeable\":true}}"},"rank":4,"expanded":false,"pinned":false},{"widget":{"constructionOptions":{"factoryId":"search-view-container"},"innerWidgetState":"{\"parts\":[{\"partId\":\"search-in-workspace\",\"collapsed\":false,\"hidden\":false,\"originalContainerId\":\"search-view-container\",\"originalContainerTitle\":{\"label\":\"Search\",\"iconClass\":\"codicon codicon-search\",\"closeable\":true},\"widget\":{\"constructionOptions\":{\"factoryId\":\"search-in-workspace\"},\"innerWidgetState\":\"{\\\"matchCaseState\\\":{\\\"className\\\":\\\"codicon codicon-case-sensitive\\\",\\\"enabled\\\":false,\\\"title\\\":\\\"Match Case\\\"},\\\"wholeWordState\\\":{\\\"className\\\":\\\"codicon codicon-whole-word\\\",\\\"enabled\\\":false,\\\"title\\\":\\\"Match Whole Word\\\"},\\\"regExpState\\\":{\\\"className\\\":\\\"codicon codicon-regex\\\",\\\"enabled\\\":false,\\\"title\\\":\\\"Use Regular Expression\\\"},\\\"includeIgnoredState\\\":{\\\"className\\\":\\\"codicon codicon-eye\\\",\\\"enabled\\\":false,\\\"title\\\":\\\"Include Ignored Files\\\"},\\\"showSearchDetails\\\":false,\\\"searchInWorkspaceOptions\\\":{\\\"matchCase\\\":false,\\\"matchWholeWord\\\":false,\\\"useRegExp\\\":false,\\\"multiline\\\":false,\\\"includeIgnored\\\":false,\\\"include\\\":[],\\\"exclude\\\":[],\\\"maxResults\\\":2000},\\\"searchTerm\\\":\\\"\\\",\\\"replaceTerm\\\":\\\"\\\",\\\"showReplaceField\\\":false,\\\"searchHistoryState\\\":{\\\"history\\\":[],\\\"index\\\":0},\\\"replaceHistoryState\\\":{\\\"history\\\":[],\\\"index\\\":0},\\\"includeHistoryState\\\":{\\\"history\\\":[],\\\"index\\\":0},\\\"excludeHistoryState\\\":{\\\"history\\\":[],\\\"index\\\":0}}\"}}],\"title\":{\"label\":\"Search\",\"iconClass\":\"fa fa-arduino-search\",\"closeable\":true}}"},"rank":5,"expanded":false,"pinned":false}],"size":268},"rightPanel":{"type":"sidepanel","items":[]},"activeWidgetId":"library-list-widget"}
2026-03-06 21:08:12 2026-03-06T21:08:12.353Z root INFO ------- END SERIALIZED LAYOUT DATA -------
2026-03-06 21:08:12 2026-03-06T21:08:12.512Z root INFO <<< The layout has been successfully restored.
2026-03-06 21:08:12 2026-03-06T21:08:12.555Z root INFO Initialize the workbench layout: 814.6 ms [Finished 1.799 s after frontend start]
2026-03-06 21:08:12 2026-03-06T21:08:12.555Z root INFO Changed application state from 'attached_shell' to 'initialized_layout'.
2026-03-06 21:08:12 2026-03-06T21:08:12.555Z root INFO [69bab914-c058-4480-999e-167495d107f8] Loading plugin contributions
2026-03-06 21:08:12 2026-03-06T21:08:12.556Z root INFO [69bab914-c058-4480-999e-167495d107f8] Load contributions of 23 plugins: 40.6 ms [Finished 1.840 s after frontend start]
2026-03-06 21:08:12 2026-03-06T21:08:12.602Z root WARN 'cpp' language is remapped from 'source.cpp.embedded.macro' to 'source.cpp' scope
2026-03-06 21:08:12 2026-03-06T21:08:12.602Z root WARN a registered grammar configuration for 'cpp' language is overridden
2026-03-06 21:08:12 2026-03-06T21:08:12.674Z root ERROR [hosted-plugin: 126518] Conflict in settings file Default: Ignoring cortex-debug.armToolchainPath.linux as cortex-debug.armToolchainPath is null
2026-03-06 21:08:12 2026-03-06T21:08:12.674Z root ERROR [hosted-plugin: 126518] Conflict in settings file Default: Ignoring cortex-debug.armToolchainPath.osx as cortex-debug.armToolchainPath is null
Conflict in settings file Default: Ignoring cortex-debug.armToolchainPath.windows as cortex-debug.armToolchainPath is null
2026-03-06 21:08:12 2026-03-06T21:08:12.674Z root ERROR [hosted-plugin: 126518] Conflict in settings file Default: Ignoring cortex-debug.JLinkGDBServerPath.linux as cortex-debug.JLinkGDBServerPath is null
2026-03-06 21:08:12 2026-03-06T21:08:12.674Z root ERROR [hosted-plugin: 126518] Conflict in settings file Default: Ignoring cortex-debug.JLinkGDBServerPath.osx as cortex-debug.JLinkGDBServerPath is null
2026-03-06 21:08:12 2026-03-06T21:08:12.674Z root ERROR [hosted-plugin: 126518] Conflict in settings file Default: Ignoring cortex-debug.JLinkGDBServerPath.windows as cortex-debug.JLinkGDBServerPath is null
2026-03-06 21:08:12 2026-03-06T21:08:12.674Z root ERROR [hosted-plugin: 126518] Conflict in settings file Default: Ignoring cortex-debug.openocdPath.linux as cortex-debug.openocdPath is null
2026-03-06 21:08:12 2026-03-06T21:08:12.674Z root ERROR [hosted-plugin: 126518] Conflict in settings file Default: Ignoring cortex-debug.openocdPath.osx as cortex-debug.openocdPath is null
2026-03-06 21:08:12 2026-03-06T21:08:12.674Z root ERROR [hosted-plugin: 126518] Conflict in settings file Default: Ignoring cortex-debug.openocdPath.windows as cortex-debug.openocdPath is null
2026-03-06 21:08:12 2026-03-06T21:08:12.674Z root ERROR [hosted-plugin: 126518] Conflict in settings file Default: Ignoring cortex-debug.pyocdPath.linux as cortex-debug.pyocdPath is null
2026-03-06 21:08:12 2026-03-06T21:08:12.674Z root ERROR [hosted-plugin: 126518] Conflict in settings file Default: Ignoring cortex-debug.pyocdPath.osx as cortex-debug.pyocdPath is null
2026-03-06 21:08:12 2026-03-06T21:08:12.674Z root ERROR [hosted-plugin: 126518] Conflict in settings file Default: Ignoring cortex-debug.pyocdPath.windows as cortex-debug.pyocdPath is null
Conflict in settings file Default: Ignoring cortex-debug.PEGDBServerPath.linux as cortex-debug.PEGDBServerPath is null
2026-03-06 21:08:12 2026-03-06T21:08:12.674Z root ERROR [hosted-plugin: 126518] Conflict in settings file Default: Ignoring cortex-debug.PEGDBServerPath.osx as cortex-debug.PEGDBServerPath is null
2026-03-06 21:08:12 2026-03-06T21:08:12.675Z root ERROR [hosted-plugin: 126518] Conflict in settings file Default: Ignoring cortex-debug.PEGDBServerPath.windows as cortex-debug.PEGDBServerPath is null
2026-03-06 21:08:12 2026-03-06T21:08:12.675Z root ERROR [hosted-plugin: 126518] Conflict in settings file Default: Ignoring cortex-debug.stutilPath.linux as cortex-debug.stutilPath is null
Conflict in settings file Default: Ignoring cortex-debug.stutilPath.osx as cortex-debug.stutilPath is null
2026-03-06 21:08:12 2026-03-06T21:08:12.675Z root ERROR [hosted-plugin: 126518] Conflict in settings file Default: Ignoring cortex-debug.stutilPath.windows as cortex-debug.stutilPath is null
Conflict in settings file Default: Ignoring cortex-debug.stlinkPath.linux as cortex-debug.stlinkPath is null
Conflict in settings file Default: Ignoring cortex-debug.stlinkPath.osx as cortex-debug.stlinkPath is null
2026-03-06 21:08:12 2026-03-06T21:08:12.675Z root ERROR [hosted-plugin: 126518] Conflict in settings file Default: Ignoring cortex-debug.stlinkPath.windows as cortex-debug.stlinkPath is null
Conflict in settings file Default: Ignoring cortex-debug.stm32cubeprogrammer.linux as cortex-debug.stm32cubeprogrammer is null
Conflict in settings file Default: Ignoring cortex-debug.stm32cubeprogrammer.osx as cortex-debug.stm32cubeprogrammer is null
2026-03-06 21:08:12 2026-03-06T21:08:12.675Z root ERROR [hosted-plugin: 126518] Conflict in settings file Default: Ignoring cortex-debug.stm32cubeprogrammer.windows as cortex-debug.stm32cubeprogrammer is null
2026-03-06 21:08:12 2026-03-06T21:08:12.682Z root INFO [hosted-plugin: 126518] PLUGIN_HOST(126518): PluginManagerExtImpl/init()
2026-03-06 21:08:12 2026-03-06T21:08:12.683Z root INFO [hosted-plugin: 126518] PLUGIN_HOST(126518): initializing(vscode-arduino-api@0.1.2 with /opt/arduino-ide/resources/app/lib/backend/plugin-vscode-init)
2026-03-06 21:08:12 2026-03-06T21:08:12.723Z root INFO [hosted-plugin: 126518] PLUGIN_HOST(126518): initializing(json-language-features@1.88.1 with /opt/arduino-ide/resources/app/lib/backend/plugin-vscode-init)
2026-03-06 21:08:12 2026-03-06T21:08:12.726Z root INFO [hosted-plugin: 126518] PLUGIN_HOST(126518): initializing(cortex-debug@1.5.1 with /opt/arduino-ide/resources/app/lib/backend/plugin-vscode-init)
2026-03-06 21:08:12 2026-03-06T21:08:12.726Z root INFO [hosted-plugin: 126518] Debugger contribution has been registered: cortex-debug
2026-03-06 21:08:12 2026-03-06T21:08:12.727Z root INFO [hosted-plugin: 126518] PLUGIN_HOST(126518): initializing(vscode-arduino-tools@0.1.3 with /opt/arduino-ide/resources/app/lib/backend/plugin-vscode-init)
2026-03-06 21:08:12 2026-03-06T21:08:12.728Z root INFO [hosted-plugin: 126518] PLUGIN_HOST(126518): initializing(cpp@1.88.1 with /opt/arduino-ide/resources/app/lib/backend/plugin-vscode-init)
2026-03-06 21:08:12 2026-03-06T21:08:12.729Z root INFO [hosted-plugin: 126518] PLUGIN_HOST(126518): initializing(json@1.88.1 with /opt/arduino-ide/resources/app/lib/backend/plugin-vscode-init)
2026-03-06 21:08:12 2026-03-06T21:08:12.730Z root INFO [hosted-plugin: 126518] PLUGIN_HOST(126518): initializing(vscode-language-pack-bg@1.48.3 with /opt/arduino-ide/resources/app/lib/backend/plugin-vscode-init)
2026-03-06 21:08:12 2026-03-06T21:08:12.732Z root INFO [hosted-plugin: 126518] PLUGIN_HOST(126518): initializing(vscode-language-pack-cs@1.96.0 with /opt/arduino-ide/resources/app/lib/backend/plugin-vscode-init)
2026-03-06 21:08:12 2026-03-06T21:08:12.732Z root INFO [hosted-plugin: 126518] PLUGIN_HOST(126518): initializing(vscode-language-pack-de@1.96.0 with /opt/arduino-ide/resources/app/lib/backend/plugin-vscode-init)
2026-03-06 21:08:12 2026-03-06T21:08:12.732Z root INFO [hosted-plugin: 126518] PLUGIN_HOST(126518): initializing(vscode-language-pack-es@1.96.0 with /opt/arduino-ide/resources/app/lib/backend/plugin-vscode-init)
2026-03-06 21:08:12 2026-03-06T21:08:12.733Z root INFO [hosted-plugin: 126518] PLUGIN_HOST(126518): initializing(vscode-language-pack-fr@1.96.0 with /opt/arduino-ide/resources/app/lib/backend/plugin-vscode-init)
2026-03-06 21:08:12 2026-03-06T21:08:12.733Z root INFO [hosted-plugin: 126518] PLUGIN_HOST(126518): initializing(vscode-language-pack-hu@1.48.3 with /opt/arduino-ide/resources/app/lib/backend/plugin-vscode-init)
2026-03-06 21:08:12 2026-03-06T21:08:12.733Z root INFO [hosted-plugin: 126518] PLUGIN_HOST(126518): initializing(vscode-language-pack-it@1.96.0 with /opt/arduino-ide/resources/app/lib/backend/plugin-vscode-init)
2026-03-06 21:08:12 2026-03-06T21:08:12.733Z root INFO [hosted-plugin: 126518] PLUGIN_HOST(126518): initializing(vscode-language-pack-ja@1.96.0 with /opt/arduino-ide/resources/app/lib/backend/plugin-vscode-init)
2026-03-06 21:08:12 2026-03-06T21:08:12.734Z root INFO [hosted-plugin: 126518] PLUGIN_HOST(126518): initializing(vscode-language-pack-ko@1.96.0 with /opt/arduino-ide/resources/app/lib/backend/plugin-vscode-init)
2026-03-06 21:08:12 2026-03-06T21:08:12.734Z root INFO [hosted-plugin: 126518] PLUGIN_HOST(126518): initializing(vscode-language-pack-nl@1.48.3 with /opt/arduino-ide/resources/app/lib/backend/plugin-vscode-init)
2026-03-06 21:08:12 2026-03-06T21:08:12.734Z root INFO [hosted-plugin: 126518] PLUGIN_HOST(126518): initializing(vscode-language-pack-pl@1.96.0 with /opt/arduino-ide/resources/app/lib/backend/plugin-vscode-init)
2026-03-06 21:08:12 2026-03-06T21:08:12.734Z root INFO [hosted-plugin: 126518] PLUGIN_HOST(126518): initializing(vscode-language-pack-pt-BR@1.96.0 with /opt/arduino-ide/resources/app/lib/backend/plugin-vscode-init)
2026-03-06 21:08:12 2026-03-06T21:08:12.734Z root INFO [hosted-plugin: 126518] PLUGIN_HOST(126518): initializing(vscode-language-pack-ru@1.96.0 with /opt/arduino-ide/resources/app/lib/backend/plugin-vscode-init)
2026-03-06 21:08:12 2026-03-06T21:08:12.735Z root INFO [hosted-plugin: 126518] PLUGIN_HOST(126518): initializing(vscode-language-pack-tr@1.96.0 with /opt/arduino-ide/resources/app/lib/backend/plugin-vscode-init)
2026-03-06 21:08:12 2026-03-06T21:08:12.735Z root INFO [hosted-plugin: 126518] PLUGIN_HOST(126518): initializing(vscode-language-pack-uk@1.48.3 with /opt/arduino-ide/resources/app/lib/backend/plugin-vscode-init)
2026-03-06 21:08:12 2026-03-06T21:08:12.735Z root INFO [hosted-plugin: 126518] PLUGIN_HOST(126518): initializing(vscode-language-pack-zh-hans@1.96.0 with /opt/arduino-ide/resources/app/lib/backend/plugin-vscode-init)
2026-03-06 21:08:12 2026-03-06T21:08:12.736Z root INFO [hosted-plugin: 126518] PLUGIN_HOST(126518): initializing(vscode-language-pack-zh-hant@1.96.0 with /opt/arduino-ide/resources/app/lib/backend/plugin-vscode-init)
2026-03-06 21:08:12 2026-03-06T21:08:12.746Z root INFO [hosted-plugin: 126518] PLUGIN_HOST(126518): PluginManagerExtImpl/loadPlugin(/opt/arduino-ide/resources/app/plugins/vscode-builtin-json-language-features/extension/client/dist/node/jsonClientMain)
2026-03-06 21:08:12 2026-03-06T21:08:12.777Z root INFO [hosted-plugin: 126518] PLUGIN_HOST(126518): PluginManagerExtImpl/loadPlugin(/opt/arduino-ide/resources/app/plugins/vscode-arduino-tools/extension/dist/extension.js)
2026-03-06 21:08:12 2026-03-06T21:08:12.792Z root INFO [hosted-plugin: 126518] PLUGIN_HOST(126518): PluginManagerExtImpl/loadPlugin(/opt/arduino-ide/resources/app/plugins/vscode-arduino-api/extension/dist/extension.js)
2026-03-06 21:08:12 2026-03-06T21:08:12.795Z root INFO [hosted-plugin: 126518] calling activation function on VS Code Arduino Tools
2026-03-06 21:08:12 2026-03-06T21:08:12.795Z root INFO [hosted-plugin: 126518] calling activation function on Arduino IDE API for VS Code extensions
2026-03-06 21:08:12 2026-03-06T21:08:12.823Z root INFO [69bab914-c058-4480-999e-167495d107f8] Starting plugins.
2026-03-06 21:08:12 2026-03-06T21:08:12.825Z root INFO [hosted-plugin: 126518] PLUGIN_HOST(126518): PluginManagerExtImpl/loadPlugin(/opt/arduino-ide/resources/app/plugins/cortex-debug/extension/dist/extension.js)
2026-03-06 21:08:12 2026-03-06T21:08:12.844Z root INFO [hosted-plugin: 126518] Debug configuration provider has been registered: cortex-debug, trigger: 1
2026-03-06 21:08:12 2026-03-06T21:08:12.845Z root INFO [hosted-plugin: 126518] calling activation function on Cortex-Debug
2026-03-06 21:08:12 2026-03-06T21:08:12.846Z root INFO [hosted-plugin: 126518] GDB server console created
2026-03-06 21:08:12 2026-03-06T21:08:12.850Z root INFO [69bab914-c058-4480-999e-167495d107f8] Start of 23 plugins: 294.0 ms [Finished 2.136 s after frontend start]
2026-03-06 21:08:12 2026-03-06T21:08:12.929Z root INFO [hosted-plugin: 126518] calling activation function on JSON Language Features (built-in)
2026-03-06 21:08:13 2026-03-06T21:08:13.224Z root ERROR ---- !!!SLOW!!! DURATION: search took 208.013 ms. Args: [{"query":"","type":"All","topic":"All"}] ----
2026-03-06 21:08:13 2026-03-06T21:08:13.473Z root INFO Frontend application start: 1883.7 ms [Finished 3.131 s after backend start]
2026-03-06 21:08:13 Checking for update
2026-03-06 21:08:13 2026-03-06T21:08:13.493Z root INFO Replace loading indicator with ready workbench UI (animation): 819.1 ms [Finished 2.661 s after frontend start]
2026-03-06 21:08:13 2026-03-06T21:08:13.493Z root INFO Changed application state from 'initialized_layout' to 'ready'.
2026-03-06 21:08:13 2026-03-06T21:08:13.493Z root WARN Linked preference "workbench.colorCustomizations" not found.
2026-03-06 21:08:13 2026-03-06T21:08:13.503Z sketches-service WARN Mismatching sketch file <led.ino> and sketch folder name <practice>. Skipping
2026-03-06 21:08:13 2026-03-06T21:08:13.504Z sketches-service WARN Mismatching sketch file <led.ino> and sketch folder name <practice>. Skipping
2026-03-06 21:08:13 2026-03-06T21:08:13.505Z sketches-service WARN Mismatching sketch file <led.ino> and sketch folder name <practice>. Skipping
2026-03-06 21:08:13 2026-03-06T21:08:13.709Z daemon INFO time="2026-03-06T21:08:13Z" level=info msg="Tool required for debug" tool="esp8266:mklittlefs@3.1.0-gcc10.3-e5f9fec"
time="2026-03-06T21:08:13Z" level=info msg="Tool required for debug" tool="esp8266:mkspiffs@3.1.0-gcc10.3-e5f9fec"
time="2026-03-06T21:08:13Z" level=info msg="Tool required for debug" tool="esp8266:python3@3.7.2-post1"
time="2026-03-06T21:08:13Z" level=info msg="Tool required for debug" tool="esp8266:xtensa-lx106-elf-gcc@3.1.0-gcc10.3-e5f9fec"
time="2026-03-06T21:08:13Z" level=info msg="Tool required for debug" tool="esp32:esp-rv32@2511"
time="2026-03-06T21:08:13Z" level=info msg="Tool required for debug" tool="esp32:riscv32-esp-elf-gdb@16.3_20250913"
time="2026-03-06T21:08:13Z" level=info msg="Tool required for debug" tool="esp32:esp-x32@2511"
time="2026-03-06T21:08:13Z" level=info msg="Tool required for debug" tool="esp32:esp32c5-libs@3.3.7"
time="2026-03-06T21:08:13Z" level=info msg="Tool required for debug" tool="esp32:esptool_py@5.1.0"
time="2026-03-06T21:08:13Z" level=info msg="Tool required for debug" tool="esp32:esp32p4-libs@3.3.7"
time="2026-03-06T21:08:13Z" level=info msg="Tool required for debug" tool="builtin:ctags@5.8-arduino11"
time="2026-03-06T21:08:13Z" level=info msg="Tool required for debug" tool="builtin:dfu-discovery@0.1.2"
time="2026-03-06T21:08:13Z" level=info msg="Tool required for debug" tool="esp32:esp32-libs@3.3.7"
time="2026-03-06T21:08:13Z" level=info msg="Tool required for debug" tool="esp32:esp32h2-libs@3.3.7"
time="2026-03-06T21:08:13Z" level=info msg="Tool required for debug" tool="esp32:xtensa-esp-elf-gdb@16.3_20250913"
time="2026-03-06T21:08:13Z" level=info msg="Tool required for debug" tool="esp32:esp32p4_es-libs@3.3.7"
time="2026-03-06T21:08:13Z" level=info msg="Tool required for debug" tool="esp32:openocd-esp32@v0.12.0-esp32-20251215"
time="2026-03-06T21:08:13Z" level=info msg="Tool required for debug" tool="arduino:arduinoOTA@1.3.0"
time="2026-03-06T21:08:13Z" level=info msg="Tool required for debug" tool="arduino:dfu-util@0.11.0-arduino5"
time="2026-03-06T21:08:13Z" level=info msg="Tool required for debug" tool="builtin:serial-discovery@1.4.3"
time="2026-03-06T21:08:13Z" level=info msg="Tool required for debug" tool="esp32:esp32c3-libs@3.3.7"
time="2026-03-06T21:08:13Z" level=info msg="Tool required for debug" tool="esp32:esp32s3-libs@3.3.7"
time="2026-03-06T21:08:13Z" level=info msg="Tool required for debug" tool="arduino:avrdude@8.0.0-arduino1"
time="2026-03-06T21:08:13Z" level=info msg="Tool required for debug" tool="arduino:avr-gcc@7.3.0-atmel3.6.1-arduino7"
time="2026-03-06T21:08:13Z" level=info msg="Tool required for debug" tool="builtin:mdns-discovery@1.0.12"
time="2026-03-06T21:08:13Z" level=info msg="Tool required for debug" tool="builtin:serial-monitor@0.15.0"
time="2026-03-06T21:08:13Z" level=info msg="Tool required for debug" tool="esp32:esp32c6-libs@3.3.7"
time="2026-03-06T21:08:13Z" level=info msg="Tool required for debug" tool="esp32:esp32s2-libs@3.3.7"
2026-03-06 21:08:13 2026-03-06T21:08:13.709Z root ERROR Failed to get debug config: esp8266:esp8266:generic:led=2,baud=115200,xtal=80,CrystalFreq=26,eesz=1M64,FlashMode=dout,FlashFreq=40,ResetMethod=nodemcu,dbg=Disabled,lvl=None____,ip=lm2f,vt=flash,exception=disabled,stacksmash=disabled,wipe=none,sdk=nonosdk_190703,ssl=all,mmu=3232,non32xfer=fast, undefined Error: Debugging is not supported.
    at Object.callback (/opt/arduino-ide/resources/app/lib/backend/main.js:2:4756202)
    at Object.onReceiveStatus (/opt/arduino-ide/resources/app/lib/backend/main.js:2:3791917)
    at Object.onReceiveStatus (/opt/arduino-ide/resources/app/lib/backend/main.js:2:2225840)
    at Object.onReceiveStatus (/opt/arduino-ide/resources/app/lib/backend/main.js:2:2225285)
    at /opt/arduino-ide/resources/app/lib/backend/main.js:2:4362019
    at process.processTicksAndRejections (node:internal/process/task_queues:77:11)
2026-03-06 21:08:13 2026-03-06T21:08:13.817Z root INFO Starting language server: esp8266:esp8266:generic:led=2,baud=115200,xtal=80,CrystalFreq=26,eesz=1M64,FlashMode=dout,FlashFreq=40,ResetMethod=nodemcu,dbg=Disabled,lvl=None____,ip=lm2f,vt=flash,exception=disabled,stacksmash=disabled,wipe=none,sdk=nonosdk_190703,ssl=all,mmu=3232,non32xfer=fast
2026-03-06 21:08:13 2026-03-06T21:08:13.932Z root ERROR ---- !!!SLOW!!! DURATION: search took 433.834 ms. Args: [{"type":"Updatable"}] ----
2026-03-06 21:08:13 2026-03-06T21:08:13.932Z daemon INFO time="2026-03-06T21:08:13Z" level=info msg="Adding libraries dir" dir=/home/shrek/.arduino15/libraries isSingleLibrary=false location=ide
time="2026-03-06T21:08:13Z" level=info msg="Adding libraries dir" dir=/home/shrek/.arduino15/packages/esp8266/hardware/esp8266/3.1.2/libraries isSingleLibrary=false location=platform
time="2026-03-06T21:08:13Z" level=info msg="Adding libraries dir" dir=/home/shrek/Arduino/libraries isSingleLibrary=false location=user
2026-03-06 21:08:14 2026-03-06T21:08:14.005Z daemon INFO time="2026-03-06T21:08:14Z" level=info msg="Resolving include Adafruit_SSD1306.h for arch esp8266"
time="2026-03-06T21:08:14Z" level=info msg="  found better lib" lib="Adafruit SSD1306" prio=6A7
2026-03-06 21:08:14 Update for version 2.3.8 is not available (latest version: 2.3.8, downgrade is allowed).
2026-03-06 21:08:14 2026-03-06T21:08:14.088Z daemon INFO time="2026-03-06T21:08:14Z" level=info msg="Resolving include Adafruit_GFX.h for arch esp8266"
time="2026-03-06T21:08:14Z" level=info msg="  found better lib" lib="Adafruit GFX Library" prio=517
2026-03-06 21:08:14 2026-03-06T21:08:14.171Z daemon INFO time="2026-03-06T21:08:14Z" level=info msg="Resolving include Adafruit_I2CDevice.h for arch esp8266"
time="2026-03-06T21:08:14Z" level=info msg="  found better lib" lib="Adafruit BusIO" prio=3EB
2026-03-06 21:08:14 2026-03-06T21:08:14.255Z daemon INFO time="2026-03-06T21:08:14Z" level=info msg="Resolving include Wire.h for arch esp8266"
time="2026-03-06T21:08:14Z" level=info msg="  found better lib" lib=Wire prio=6B0
2026-03-06 21:08:14 2026-03-06T21:08:14.340Z daemon INFO time="2026-03-06T21:08:14Z" level=info msg="Resolving include SPI.h for arch esp8266"
time="2026-03-06T21:08:14Z" level=info msg="  found better lib" lib=SPI prio=6B0
2026-03-06 21:08:15 2026-03-06T21:08:15.036Z daemon INFO time="2026-03-06T21:08:15Z" level=info msg="Adding libraries dir" dir=/home/shrek/.arduino15/libraries isSingleLibrary=false location=ide
time="2026-03-06T21:08:15Z" level=info msg="Adding libraries dir" dir=/home/shrek/.arduino15/packages/esp8266/hardware/esp8266/3.1.2/libraries isSingleLibrary=false location=platform
time="2026-03-06T21:08:15Z" level=info msg="Adding libraries dir" dir=/home/shrek/Arduino/libraries isSingleLibrary=false location=user
2026-03-06 21:08:19 isTempSketch: false. Input was /home/shrek/Arduino/AndroidCnct/test1
2026-03-06 21:08:19 Marking workspace as a closed sketch. Workspace URI: file:///home/shrek/Arduino/AndroidCnct/test1. Date: 1772831299671.
2026-03-06 21:08:19 isTempSketch: false. Input was /home/shrek/Arduino/AndroidCnct/test1
2026-03-06 21:08:19 Marking workspace as a closed sketch. Workspace URI: file:///home/shrek/Arduino/AndroidCnct/test1. Date: 1772831299672.
2026-03-06 21:08:19 Closing channel on service path '/services/electron-window'.
2026-03-06 21:08:19 Closing channel on service path '/services/ide-updater'.
2026-03-06 21:08:19 Storing the sketch as a workspace root: </home/shrek/Arduino/AndroidCnct/test1>.
2026-03-06 21:08:19 Skipped storing sketch as workspace root. Already visited: </home/shrek/Arduino/AndroidCnct/test1>.
2026-03-06 21:08:19 Stored workspaces roots: /home/shrek/Arduino/AndroidCnct/test1
2026-03-06 21:08:19 No sketches were scheduled for deletion.
2026-03-06 21:08:19 2026-03-06T21:08:19.676Z root INFO socked closed
2026-03-06 21:08:19 2026-03-06T21:08:19.676Z root INFO closing connection for 1
2026-03-06 21:08:19 2026-03-06T21:08:19.676Z root INFO Closing channel on service path '/localization-server'.
2026-03-06 21:08:19 2026-03-06T21:08:19.676Z root INFO Closing channel on service path '/os'.
2026-03-06 21:08:19 2026-03-06T21:08:19.676Z root INFO Closing channel on service path '/services/commands'.
2026-03-06 21:08:19 2026-03-06T21:08:19.676Z root INFO Closing channel on service path '/services/keyboard'.
2026-03-06 21:08:19 2026-03-06T21:08:19.676Z root INFO Closing channel on service path '/services/logger'.
2026-03-06 21:08:19 2026-03-06T21:08:19.676Z root INFO Closing channel on service path '/services/messageService'.
2026-03-06 21:08:19 2026-03-06T21:08:19.676Z root INFO Closing channel on service path '/services/ChannelCloseService'.
2026-03-06 21:08:19 2026-03-06T21:08:19.676Z root INFO Closing channel on service path '/services/remote-filesystem'.
2026-03-06 21:08:19 2026-03-06T21:08:19.676Z root INFO Closing channel on service path '/services/envs'.
2026-03-06 21:08:19 2026-03-06T21:08:19.676Z root INFO Closing channel on service path '/services/authentication-service'.
2026-03-06 21:08:19 2026-03-06T21:08:19.676Z root INFO Closing channel on service path '/services/sketches-service'.
2026-03-06 21:08:19 2026-03-06T21:08:19.676Z root INFO Closing channel on service path '/services/config-service'.
2026-03-06 21:08:19 2026-03-06T21:08:19.676Z root INFO Closing channel on service path '/services/workspace'.
2026-03-06 21:08:19 2026-03-06T21:08:19.676Z root INFO Closing channel on service path '/services/notification-service'.
2026-03-06 21:08:19 2026-03-06T21:08:19.676Z root INFO Closing channel on service path '/services/arduino-daemon'.
2026-03-06 21:08:19 2026-03-06T21:08:19.676Z root INFO Closing channel on service path '/services/stopwatch'.
2026-03-06 21:08:19 2026-03-06T21:08:19.676Z root INFO Closing channel on service path '/services/application'.
2026-03-06 21:08:19 2026-03-06T21:08:19.676Z root INFO Closing channel on service path '/services/i18n'.
2026-03-06 21:08:19 2026-03-06T21:08:19.676Z root INFO Closing channel on service path '/services/quickInput'.
2026-03-06 21:08:19 2026-03-06T21:08:19.676Z root INFO Closing channel on service path '/services/debug'.
2026-03-06 21:08:19 2026-03-06T21:08:19.676Z root INFO Closing channel on service path '/services/shell-terminal'.
2026-03-06 21:08:19 2026-03-06T21:08:19.676Z root INFO Closing channel on service path '/services/quickPick'.
2026-03-06 21:08:19 2026-03-06T21:08:19.676Z root INFO Closing channel on service path '/services/task'.
2026-03-06 21:08:19 2026-03-06T21:08:19.676Z root INFO Closing channel on service path '/services/search'.
2026-03-06 21:08:19 2026-03-06T21:08:19.676Z root INFO Closing channel on service path '/services/hostedPlugin'.
2026-03-06 21:08:19 2026-03-06T21:08:19.676Z root INFO Closing channel on service path '/services/plugin-ext'.
2026-03-06 21:08:19 2026-03-06T21:08:19.676Z root INFO Closing channel on service path '/services/plugin-paths'.
2026-03-06 21:08:19 2026-03-06T21:08:19.676Z root INFO Closing channel on service path '/services/cli-preferences'.
2026-03-06 21:08:19 2026-03-06T21:08:19.676Z root INFO Closing channel on service path '/services/boards-service'.
2026-03-06 21:08:19 2026-03-06T21:08:19.676Z root INFO Closing channel on service path '/services/response-service'.
2026-03-06 21:08:19 2026-03-06T21:08:19.676Z root INFO Closing channel on service path '/services/file-system-ext'.
2026-03-06 21:08:19 2026-03-06T21:08:19.676Z root INFO Closing channel on service path '/services/core-service'.
2026-03-06 21:08:19 2026-03-06T21:08:19.676Z root INFO Closing channel on service path '/services/example-service'.
2026-03-06 21:08:19 2026-03-06T21:08:19.676Z root INFO Closing channel on service path '/services/library-service'.
2026-03-06 21:08:19 2026-03-06T21:08:19.676Z root INFO Closing channel on service path '/services/executable-service'.
2026-03-06 21:08:19 2026-03-06T21:08:19.676Z root INFO Closing channel on service path '/services/arduino-firmware-uploader'.
2026-03-06 21:08:19 2026-03-06T21:08:19.676Z root INFO Closing channel on service path '/services/formatter'.
2026-03-06 21:08:19 2026-03-06T21:08:19.676Z root INFO Closing channel on service path '/services/search-in-workspace'.
2026-03-06 21:08:19 2026-03-06T21:08:19.676Z root INFO Closing channel on service path '/services/request-service'.
2026-03-06 21:08:19 2026-03-06T21:08:19.676Z root INFO Closing channel on service path '/services/keyStore'.
2026-03-06 21:08:19 2026-03-06T21:08:19.676Z root INFO Closing channel on service path '/services/languagePackService'.
2026-03-06 22:03:53 Arduino IDE 2.3.8
2026-03-06 22:03:53 Checking for frontend application configuration customizations. Module path: /opt/arduino-ide/resources/app/lib/backend/electron-main.js, destination 'package.json': /opt/arduino-ide/resources/app/package.json
2026-03-06 22:03:53 Setting 'theia.frontend.config.appVersion' application configuration value to: "2.3.8" (type of string)
2026-03-06 22:03:53 Setting 'theia.frontend.config.cliVersion' application configuration value to: "1.4.1" (type of string)
2026-03-06 22:03:53 Setting 'theia.frontend.config.buildDate' application configuration value to: "2026-02-25T15:15:50.003Z" (type of string)
2026-03-06 22:03:53 Frontend application configuration after modifications: {"applicationName":"Arduino IDE","defaultTheme":{"light":"arduino-theme","dark":"arduino-theme-dark"},"defaultIconTheme":"none","electron":{"windowOptions":{},"showWindowEarly":true,"splashScreenOptions":{},"uriScheme":"arduino-ide"},"defaultLocale":"","validatePreferencesSchema":false,"reloadOnReconnect":true,"uriScheme":"theia","preferences":{"window.title":"${rootName}${activeEditorShort}${appName}","files.autoSave":"afterDelay","editor.minimap.enabled":false,"editor.tabSize":2,"editor.scrollBeyondLastLine":false,"editor.quickSuggestions":{"other":false,"comments":false,"strings":false},"editor.maxTokenizationLineLength":500,"editor.bracketPairColorization.enabled":false,"breadcrumbs.enabled":false,"workbench.tree.renderIndentGuides":"none","explorer.compactFolders":false},"appVersion":"2.3.8","cliVersion":"1.4.1","buildDate":"2026-02-25T15:15:50.003Z"}
2026-03-06 22:03:53 Starting backend process. PID: 154177
2026-03-06 22:03:53 Showing main window early
2026-03-06 22:03:53 Using browser-only version of superagent in non-browser environment
2026-03-06 22:03:53 Configuration directory URI: 'file:///home/shrek/.arduinoIDE'
2026-03-06 22:03:53 Configuring to accept webviews on '^.+\.webview\..+$' hostname.
2026-03-06 22:03:53 2026-03-06T22:03:53.666Z root INFO Backend u.initialize: 16.4 ms [Finished 0.358 s after backend start]
2026-03-06 22:03:53 2026-03-06T22:03:53.666Z root INFO Backend Object.initialize: 15.4 ms [Finished 0.358 s after backend start]
2026-03-06 22:03:53 2026-03-06T22:03:53.666Z root INFO Backend a.initialize: 0.6 ms [Finished 0.358 s after backend start]
2026-03-06 22:03:53 2026-03-06T22:03:53.666Z root INFO Backend a.initialize: 0.5 ms [Finished 0.358 s after backend start]
2026-03-06 22:03:53 2026-03-06T22:03:53.666Z root INFO Backend u.initialize: 0.7 ms [Finished 0.359 s after backend start]
2026-03-06 22:03:53 2026-03-06T22:03:53.667Z root INFO Backend l.initialize: 16.2 ms [Finished 0.359 s after backend start]
2026-03-06 22:03:53 2026-03-06T22:03:53.671Z root INFO configured all backend app contributions
2026-03-06 22:03:53 2026-03-06T22:03:53.672Z root INFO Backend l.onStart: 0.7 ms [Finished 0.365 s after backend start]
2026-03-06 22:03:53 2026-03-06T22:03:53.672Z root INFO Backend d.onStart: 0.0 ms [Finished 0.365 s after backend start]
2026-03-06 22:03:53 2026-03-06T22:03:53.672Z root INFO Backend a.onStart: 0.2 ms [Finished 0.365 s after backend start]
2026-03-06 22:03:53 2026-03-06T22:03:53.672Z config INFO >>> Initializing CLI configuration...
2026-03-06 22:03:53 2026-03-06T22:03:53.672Z root INFO Backend x.onStart: 0.2 ms [Finished 0.365 s after backend start]
2026-03-06 22:03:53 2026-03-06T22:03:53.672Z config INFO Loading CLI configuration from /home/shrek/.arduinoIDE/arduino-cli.yaml...
2026-03-06 22:03:53 2026-03-06T22:03:53.672Z daemon INFO Starting daemon from /opt/arduino-ide/resources/app/lib/backend/resources/arduino-cli...
2026-03-06 22:03:53 2026-03-06T22:03:53.672Z root INFO Backend w.onStart: 0.2 ms [Finished 0.365 s after backend start]
2026-03-06 22:03:53 2026-03-06T22:03:53.672Z discovery-log INFO start
2026-03-06 22:03:53 2026-03-06T22:03:53.672Z discovery-log INFO start new deferred
2026-03-06 22:03:53 2026-03-06T22:03:53.672Z root INFO Backend v.onStart: 0.1 ms [Finished 0.366 s after backend start]
2026-03-06 22:03:53 2026-03-06T22:03:53.672Z root INFO Backend a.onStart: 0.1 ms [Finished 0.366 s after backend start]
2026-03-06 22:03:53 2026-03-06T22:03:53.674Z root INFO Theia app listening on http://127.0.0.1:44067.
2026-03-06 22:03:53 2026-03-06T22:03:53.674Z root INFO Finished starting backend application: 2.1 ms [Finished 0.368 s after backend start]
2026-03-06 22:03:53 Restoring workspace roots: /home/shrek/Arduino/AndroidCnct/test1
2026-03-06 22:03:53 2026-03-06T22:03:53.675Z root WARN The local plugin referenced by local-dir:/home/shrek/.arduinoIDE/plugins does not exist.
2026-03-06 22:03:53 2026-03-06T22:03:53.675Z root WARN The local plugin referenced by local-dir:/home/shrek/.arduinoIDE/deployedPlugins does not exist.
2026-03-06 22:03:53 2026-03-06T22:03:53.677Z config INFO Loaded CLI configuration: {"board_manager":{"additional_urls":["http://arduino.esp8266.com/stable/package_esp8266com_index.json"]},"directories":{"builtin":{"libraries":"/home/shrek/.arduino15/libraries"},"data":"/home/shrek/.arduino15","user":"/home/shrek/Arduino"},"locale":"en"}
2026-03-06 22:03:53 2026-03-06T22:03:53.677Z config INFO 'directories.data' and 'directories.user' are set in the CLI configuration model.
2026-03-06 22:03:53 2026-03-06T22:03:53.677Z config INFO Loaded the CLI configuration.
2026-03-06 22:03:53 isTempSketch: false. Input was /home/shrek/Arduino/AndroidCnct/test1/test1.ino
2026-03-06 22:03:53 2026-03-06T22:03:53.682Z config INFO Mapped the CLI configuration: {"dataDirUri":"file:///home/shrek/.arduino15","sketchDirUri":"file:///home/shrek/Arduino","additionalUrls":["http://arduino.esp8266.com/stable/package_esp8266com_index.json"],"network":"none","locale":"en"}
2026-03-06 22:03:53 2026-03-06T22:03:53.682Z config INFO Validating the CLI configuration...
2026-03-06 22:03:53 2026-03-06T22:03:53.682Z config INFO The CLI config is valid.
2026-03-06 22:03:53 2026-03-06T22:03:53.682Z config INFO <<< Initialized the CLI configuration.
2026-03-06 22:03:53 2026-03-06T22:03:53.689Z daemon INFO time="2026-03-06T22:03:53Z" level=info msg="arduino-cli version 1.4.1"
time="2026-03-06T22:03:53Z" level=info msg="Using config file: /home/shrek/.arduinoIDE/arduino-cli.yaml"
time="2026-03-06T22:03:53Z" level=info msg="Executing `arduino-cli daemon`"
Daemon is now listening on 127.0.0.1:38733
{"IP":"127.0.0.1","Port":"38733"}
2026-03-06 22:03:53 2026-03-06T22:03:53.689Z daemon INFO Daemon is running.
2026-03-06 22:03:53 2026-03-06T22:03:53.706Z root INFO Resolve plugins list: 33.2 ms [Finished 0.400 s after backend start]
2026-03-06 22:03:53 2026-03-06T22:03:53.711Z daemon INFO time="2026-03-06T22:03:53Z" level=info msg="Checking signature" index=/home/shrek/.arduino15/package_index.json signatureFile=/home/shrek/.arduino15/package_index.json.sig trusted=true
2026-03-06 22:03:53 2026-03-06T22:03:53.712Z daemon INFO time="2026-03-06T22:03:53Z" level=info msg="Missing signature file" index=/home/shrek/.arduino15/package_esp8266com_index.json
time="2026-03-06T22:03:53Z" level=info msg="Loading hardware from: /home/shrek/.arduino15/packages"
time="2026-03-06T22:03:53Z" level=info msg="Loading package arduino from: /home/shrek/.arduino15/packages/arduino/hardware"
2026-03-06 22:03:53 2026-03-06T22:03:53.712Z daemon INFO time="2026-03-06T22:03:53Z" level=info msg="Missing signature file" index=/home/shrek/.arduino15/packages/arduino/hardware/avr/1.8.7/installed.json
2026-03-06 22:03:53 2026-03-06T22:03:53.713Z daemon INFO time="2026-03-06T22:03:53Z" level=info msg="Adding monitor tool" protocol=serial tool="builtin:serial-monitor"
time="2026-03-06T22:03:53Z" level=info msg="Loaded platform" platform="arduino:avr@1.8.7"
time="2026-03-06T22:03:53Z" level=info msg="Checking existence of 'tools' path: /home/shrek/.arduino15/packages/arduino/tools"
time="2026-03-06T22:03:53Z" level=info msg="Loading tools from dir: /home/shrek/.arduino15/packages/arduino/tools"
time="2026-03-06T22:03:53Z" level=info msg="Loaded tool" tool="arduino:arduinoOTA@1.3.0"
time="2026-03-06T22:03:53Z" level=info msg="Loaded tool" tool="arduino:avr-gcc@7.3.0-atmel3.6.1-arduino7"
time="2026-03-06T22:03:53Z" level=info msg="Loaded tool" tool="arduino:avrdude@8.0.0-arduino1"
time="2026-03-06T22:03:53Z" level=info msg="Loaded tool" tool="arduino:dfu-util@0.11.0-arduino5"
time="2026-03-06T22:03:53Z" level=info msg="Loading package builtin from: /home/shrek/.arduino15/packages/builtin"
2026-03-06 22:03:53 2026-03-06T22:03:53.713Z daemon INFO time="2026-03-06T22:03:53Z" level=info msg="Checking existence of 'tools' path: /home/shrek/.arduino15/packages/builtin/tools"
time="2026-03-06T22:03:53Z" level=info msg="Loading tools from dir: /home/shrek/.arduino15/packages/builtin/tools"
time="2026-03-06T22:03:53Z" level=info msg="Loaded tool" tool="builtin:ctags@5.8-arduino11"
time="2026-03-06T22:03:53Z" level=info msg="Loaded tool" tool="builtin:dfu-discovery@0.1.2"
2026-03-06 22:03:53 2026-03-06T22:03:53.713Z daemon INFO time="2026-03-06T22:03:53Z" level=info msg="Loaded tool" tool="builtin:mdns-discovery@1.0.12"
time="2026-03-06T22:03:53Z" level=info msg="Loaded tool" tool="builtin:serial-discovery@1.4.3"
time="2026-03-06T22:03:53Z" level=info msg="Loaded tool" tool="builtin:serial-monitor@0.15.0"
2026-03-06 22:03:53 2026-03-06T22:03:53.713Z daemon INFO time="2026-03-06T22:03:53Z" level=info msg="Loading package esp32 from: /home/shrek/.arduino15/packages/esp32/hardware"
2026-03-06 22:03:53 2026-03-06T22:03:53.715Z daemon INFO time="2026-03-06T22:03:53Z" level=info msg="Missing signature file" index=/home/shrek/.arduino15/packages/esp32/hardware/esp32/3.3.7/installed.json
2026-03-06 22:03:53 2026-03-06T22:03:53.801Z daemon INFO time="2026-03-06T22:03:53Z" level=info msg="Adding monitor tool" protocol=serial tool="builtin:serial-monitor"
time="2026-03-06T22:03:53Z" level=info msg="Loaded platform" platform="esp32:esp32@3.3.7"
time="2026-03-06T22:03:53Z" level=info msg="Checking existence of 'tools' path: /home/shrek/.arduino15/packages/esp32/tools"
time="2026-03-06T22:03:53Z" level=info msg="Loading tools from dir: /home/shrek/.arduino15/packages/esp32/tools"
time="2026-03-06T22:03:53Z" level=info msg="Loaded tool" tool="esp32:esp-rv32@2511"
time="2026-03-06T22:03:53Z" level=info msg="Loaded tool" tool="esp32:esp-x32@2511"
time="2026-03-06T22:03:53Z" level=info msg="Loaded tool" tool="esp32:esp32-libs@3.3.7"
time="2026-03-06T22:03:53Z" level=info msg="Loaded tool" tool="esp32:esp32c3-libs@3.3.7"
time="2026-03-06T22:03:53Z" level=info msg="Loaded tool" tool="esp32:esp32c5-libs@3.3.7"
time="2026-03-06T22:03:53Z" level=info msg="Loaded tool" tool="esp32:esp32c6-libs@3.3.7"
time="2026-03-06T22:03:53Z" level=info msg="Loaded tool" tool="esp32:esp32h2-libs@3.3.7"
time="2026-03-06T22:03:53Z" level=info msg="Loaded tool" tool="esp32:esp32p4-libs@3.3.7"
time="2026-03-06T22:03:53Z" level=info msg="Loaded tool" tool="esp32:esp32p4_es-libs@3.3.7"
time="2026-03-06T22:03:53Z" level=info msg="Loaded tool" tool="esp32:esp32s2-libs@3.3.7"
time="2026-03-06T22:03:53Z" level=info msg="Loaded tool" tool="esp32:esp32s3-libs@3.3.7"
time="2026-03-06T22:03:53Z" level=info msg="Loaded tool" tool="esp32:esptool_py@5.1.0"
time="2026-03-06T22:03:53Z" level=info msg="Loaded tool" tool="esp32:mklittlefs@4.0.2-db0513a"
time="2026-03-06T22:03:53Z" level=info msg="Loaded tool" tool="esp32:mkspiffs@0.2.3"
time="2026-03-06T22:03:53Z" level=info msg="Loaded tool" tool="esp32:openocd-esp32@v0.12.0-esp32-20251215"
time="2026-03-06T22:03:53Z" level=info msg="Loaded tool" tool="esp32:riscv32-esp-elf-gdb@16.3_20250913"
time="2026-03-06T22:03:53Z" level=info msg="Loaded tool" tool="esp32:xtensa-esp-elf-gdb@16.3_20250913"
time="2026-03-06T22:03:53Z" level=info msg="Loading package esp8266 from: /home/shrek/.arduino15/packages/esp8266/hardware"
time="2026-03-06T22:03:53Z" level=info msg="Missing signature file" index=/home/shrek/.arduino15/packages/esp8266/hardware/esp8266/3.1.2/installed.json
2026-03-06 22:03:53 2026-03-06T22:03:53.815Z daemon INFO time="2026-03-06T22:03:53Z" level=info msg="Adding monitor tool" protocol=serial tool="builtin:serial-monitor"
time="2026-03-06T22:03:53Z" level=info msg="Loaded platform" platform="esp8266:esp8266@3.1.2"
time="2026-03-06T22:03:53Z" level=info msg="Checking existence of 'tools' path: /home/shrek/.arduino15/packages/esp8266/tools"
time="2026-03-06T22:03:53Z" level=info msg="Loading tools from dir: /home/shrek/.arduino15/packages/esp8266/tools"
time="2026-03-06T22:03:53Z" level=info msg="Loaded tool" tool="esp8266:mklittlefs@3.1.0-gcc10.3-e5f9fec"
time="2026-03-06T22:03:53Z" level=info msg="Loaded tool" tool="esp8266:mkspiffs@3.1.0-gcc10.3-e5f9fec"
time="2026-03-06T22:03:53Z" level=info msg="Loaded tool" tool="esp8266:python3@3.7.2-post1"
time="2026-03-06T22:03:53Z" level=info msg="Loaded tool" tool="esp8266:xtensa-lx106-elf-gcc@3.1.0-gcc10.3-e5f9fec"
time="2026-03-06T22:03:53Z" level=info msg="Adding libraries dir" dir=/home/shrek/.arduino15/packages/esp32/hardware/esp32/3.3.7/libraries isSingleLibrary=false location=platform
time="2026-03-06T22:03:53Z" level=info msg="Adding libraries dir" dir=/home/shrek/.arduino15/packages/esp8266/hardware/esp8266/3.1.2/libraries isSingleLibrary=false location=platform
time="2026-03-06T22:03:53Z" level=info msg="Adding libraries dir" dir=/home/shrek/.arduino15/packages/arduino/hardware/avr/1.8.7/libraries isSingleLibrary=false location=platform
time="2026-03-06T22:03:53Z" level=info msg="Loading libraries index file" index=/home/shrek/.arduino15/library_index.json
2026-03-06 22:03:53 2026-03-06T22:03:53.941Z daemon INFO time="2026-03-06T22:03:53Z" level=info msg="Adding libraries dir" dir=/home/shrek/.arduino15/libraries isSingleLibrary=false location=ide
time="2026-03-06T22:03:53Z" level=info msg="Adding libraries dir" dir=/home/shrek/Arduino/libraries isSingleLibrary=false location=user
2026-03-06 22:03:53 2026-03-06T22:03:53.954Z root INFO Deploy plugins list: 280.9 ms [Finished 0.647 s after backend start]
2026-03-06 22:03:53 2026-03-06T22:03:53.979Z discovery-log INFO start resolved watching
2026-03-06 22:03:53 2026-03-06T22:03:53.985Z discovery-log INFO {"eventType":"add","port":{"matchingBoardsList":[{"name":"ESP32 Family Device","fqbn":"esp32:esp32:esp32_family","isHidden":true}],"port":{"address":"/dev/ttyACM0","label":"/dev/ttyACM0","protocol":"serial","protocolLabel":"Serial Port (USB)","propertiesMap":[["pid","0x1001"],["serialNumber","10:51:DB:64:17:F8"],["vid","0x303a"]],"hardwareId":"10:51:DB:64:17:F8"}},"error":""}
2026-03-06 22:03:53 2026-03-06T22:03:53.985Z discovery-log INFO {"eventType":"add","port":{"matchingBoardsList":[],"port":{"address":"/dev/ttyS0","label":"/dev/ttyS0","protocol":"serial","protocolLabel":"Serial Port","propertiesMap":[],"hardwareId":""}},"error":""}
2026-03-06 22:03:54 2026-03-06T22:03:54.056Z root INFO creating connection for 1
2026-03-06 22:03:54 2026-03-06T22:03:54.558Z root WARN A command editor.action.toggleStickyScroll is already registered.
2026-03-06 22:03:54 2026-03-06T22:03:54.570Z sketches-service WARN Warning! The request sketch path was different than the response sketch path from the CLI. This could be a potential bug. Request: </home/shrek/Arduino/AndroidCnct/test1/test1.ino>, response: </home/shrek/Arduino/AndroidCnct/test1>.
2026-03-06 22:03:54 Opening channel for service path '/services/electron-window'.
2026-03-06 22:03:54 Opening channel for service path '/services/ide-updater'.
2026-03-06 22:03:54 2026-03-06T22:03:54.615Z root INFO Start frontend contributions: 142.6 ms [Finished 0.928 s after frontend start]
2026-03-06 22:03:54 2026-03-06T22:03:54.615Z root INFO Changed application state from 'init' to 'started_contributions'.
2026-03-06 22:03:54 2026-03-06T22:03:54.626Z root INFO Changed application state from 'started_contributions' to 'attached_shell'.
2026-03-06 22:03:54 2026-03-06T22:03:54.626Z root INFO >>> Restoring the layout state...
2026-03-06 22:03:54 2026-03-06T22:03:54.643Z root INFO [d125ad37-ef83-4609-ab5c-4b4b7274c185] Waiting for backend deployment: 36.0 ms [Finished 0.960 s after frontend start]
2026-03-06 22:03:54 2026-03-06T22:03:54.931Z root INFO [hosted-plugin: 154300] PLUGIN_HOST(154300) starting instance
[Object: null prototype] {}
2026-03-06 22:03:55 2026-03-06T22:03:55.252Z root INFO [d125ad37-ef83-4609-ab5c-4b4b7274c185] Sync of 23 plugins: 612.6 ms [Finished 1.573 s after frontend start]
2026-03-06 22:03:55 2026-03-06T22:03:55.265Z root INFO ------- SERIALIZED LAYOUT DATA -------
2026-03-06 22:03:55 2026-03-06T22:03:55.265Z root INFO {"version":5,"mainPanel":{"main":{"type":"tab-area","widgets":[{"constructionOptions":{"factoryId":"code-editor-opener","options":{"counter":0,"kind":"navigatable","uri":"file:///home/shrek/Arduino/AndroidCnct/test1/test1.ino"}},"innerWidgetState":"{\"cursorState\":[{\"inSelectionMode\":false,\"selectionStart\":{\"lineNumber\":27,\"column\":30},\"position\":{\"lineNumber\":27,\"column\":30}}],\"viewState\":{\"scrollLeft\":0,\"firstPosition\":{\"lineNumber\":1,\"column\":1},\"firstPositionDeltaTop\":0},\"contributionsState\":{\"editor.contrib.folding\":{\"lineCount\":44,\"provider\":\"indent\",\"foldedImports\":false},\"editor.contrib.wordHighlighter\":false}}"}],"currentIndex":0}},"mainPanelPinned":[false],"bottomPanel":{"config":{"main":{"type":"tab-area","widgets":[{"constructionOptions":{"factoryId":"outputView"},"innerWidgetState":"{\"locked\":false}"}],"currentIndex":0}},"pinned":[false],"size":514,"expanded":true},"leftPanel":{"type":"sidepanel","items":[{"widget":{"constructionOptions":{"factoryId":"arduino-sketchbook-widget"}},"rank":1,"expanded":false,"pinned":false},{"widget":{"constructionOptions":{"factoryId":"boards-list-widget"}},"rank":2,"expanded":false,"pinned":false},{"widget":{"constructionOptions":{"factoryId":"library-list-widget"}},"rank":3,"expanded":true,"pinned":false},{"widget":{"constructionOptions":{"factoryId":"debug"},"innerWidgetState":"{\"parts\":[{\"partId\":\"debug:threads:-1\",\"collapsed\":false,\"hidden\":false,\"relativeSize\":1.384,\"originalContainerId\":\"debug:view-container:-1\",\"originalContainerTitle\":{\"label\":\"debug\",\"iconClass\":\"codicon codicon-debug-alt\",\"closeable\":true},\"widget\":{\"constructionOptions\":{\"factoryId\":\"debug:threads\"},\"innerWidgetState\":\"{}\"}},{\"partId\":\"debug:frames:-1\",\"collapsed\":false,\"hidden\":false,\"relativeSize\":1.384,\"originalContainerId\":\"debug:view-container:-1\",\"originalContainerTitle\":{\"label\":\"debug\",\"iconClass\":\"codicon codicon-debug-alt\",\"closeable\":true},\"widget\":{\"constructionOptions\":{\"factoryId\":\"debug:frames\"},\"innerWidgetState\":\"{}\"}},{\"partId\":\"debug:variables:-1\",\"collapsed\":false,\"hidden\":false,\"relativeSize\":1.384,\"originalContainerId\":\"debug:view-container:-1\",\"originalContainerTitle\":{\"label\":\"debug\",\"iconClass\":\"codicon codicon-debug-alt\",\"closeable\":true},\"widget\":{\"constructionOptions\":{\"factoryId\":\"debug:variables\"},\"innerWidgetState\":\"{}\"}},{\"partId\":\"debug:watch:-1\",\"collapsed\":false,\"hidden\":false,\"relativeSize\":1.384,\"originalContainerId\":\"debug:view-container:-1\",\"originalContainerTitle\":{\"label\":\"debug\",\"iconClass\":\"codicon codicon-debug-alt\",\"closeable\":true},\"widget\":{\"constructionOptions\":{\"factoryId\":\"debug:watch\"},\"innerWidgetState\":\"{}\"}},{\"partId\":\"debug:breakpoints:-1\",\"collapsed\":false,\"hidden\":false,\"relativeSize\":1.384,\"originalContainerId\":\"debug:view-container:-1\",\"originalContainerTitle\":{\"label\":\"debug\",\"iconClass\":\"codicon codicon-debug-alt\",\"closeable\":true},\"widget\":{\"constructionOptions\":{\"factoryId\":\"debug:breakpoints\"},\"innerWidgetState\":\"{}\"}},{\"partId\":\"plugin-view:cortex-debug.peripherals\",\"collapsed\":true,\"hidden\":true,\"originalContainerId\":\"debug:view-container:-1\",\"originalContainerTitle\":{\"label\":\"debug\",\"iconClass\":\"codicon codicon-debug-alt\",\"closeable\":true},\"widget\":{\"constructionOptions\":{\"factoryId\":\"plugin-view\",\"options\":{\"id\":\"plugin-view:cortex-debug.peripherals\",\"viewId\":\"cortex-debug.peripherals\"}},\"innerWidgetState\":\"{\\\"label\\\":\\\"Cortex Peripherals\\\",\\\"widgets\\\":[],\\\"suppressUpdateViewVisibility\\\":false,\\\"currentViewContainerId\\\":\\\"debug\\\"}\"}},{\"partId\":\"plugin-view:cortex-debug.registers\",\"collapsed\":true,\"hidden\":true,\"originalContainerId\":\"debug:view-container:-1\",\"originalContainerTitle\":{\"label\":\"debug\",\"iconClass\":\"codicon codicon-debug-alt\",\"closeable\":true},\"widget\":{\"constructionOptions\":{\"factoryId\":\"plugin-view\",\"options\":{\"id\":\"plugin-view:cortex-debug.registers\",\"viewId\":\"cortex-debug.registers\"}},\"innerWidgetState\":\"{\\\"label\\\":\\\"Cortex Registers\\\",\\\"widgets\\\":[],\\\"suppressUpdateViewVisibility\\\":false,\\\"currentViewContainerId\\\":\\\"debug\\\"}\"}}],\"title\":{\"label\":\"debug\",\"iconClass\":\"codicon codicon-debug-alt\",\"closeable\":true}}"},"rank":4,"expanded":false,"pinned":false},{"widget":{"constructionOptions":{"factoryId":"search-view-container"},"innerWidgetState":"{\"parts\":[{\"partId\":\"search-in-workspace\",\"collapsed\":false,\"hidden\":false,\"originalContainerId\":\"search-view-container\",\"originalContainerTitle\":{\"label\":\"Search\",\"iconClass\":\"codicon codicon-search\",\"closeable\":true},\"widget\":{\"constructionOptions\":{\"factoryId\":\"search-in-workspace\"},\"innerWidgetState\":\"{\\\"matchCaseState\\\":{\\\"className\\\":\\\"codicon codicon-case-sensitive\\\",\\\"enabled\\\":false,\\\"title\\\":\\\"Match Case\\\"},\\\"wholeWordState\\\":{\\\"className\\\":\\\"codicon codicon-whole-word\\\",\\\"enabled\\\":false,\\\"title\\\":\\\"Match Whole Word\\\"},\\\"regExpState\\\":{\\\"className\\\":\\\"codicon codicon-regex\\\",\\\"enabled\\\":false,\\\"title\\\":\\\"Use Regular Expression\\\"},\\\"includeIgnoredState\\\":{\\\"className\\\":\\\"codicon codicon-eye\\\",\\\"enabled\\\":false,\\\"title\\\":\\\"Include Ignored Files\\\"},\\\"showSearchDetails\\\":false,\\\"searchInWorkspaceOptions\\\":{\\\"matchCase\\\":false,\\\"matchWholeWord\\\":false,\\\"useRegExp\\\":false,\\\"multiline\\\":false,\\\"includeIgnored\\\":false,\\\"include\\\":[],\\\"exclude\\\":[],\\\"maxResults\\\":2000},\\\"searchTerm\\\":\\\"\\\",\\\"replaceTerm\\\":\\\"\\\",\\\"showReplaceField\\\":false,\\\"searchHistoryState\\\":{\\\"history\\\":[],\\\"index\\\":0},\\\"replaceHistoryState\\\":{\\\"history\\\":[],\\\"index\\\":0},\\\"includeHistoryState\\\":{\\\"history\\\":[],\\\"index\\\":0},\\\"excludeHistoryState\\\":{\\\"history\\\":[],\\\"index\\\":0}}\"}}],\"title\":{\"label\":\"Search\",\"iconClass\":\"fa fa-arduino-search\",\"closeable\":true}}"},"rank":5,"expanded":false,"pinned":false}],"size":268},"rightPanel":{"type":"sidepanel","items":[]},"activeWidgetId":"library-list-widget"}
2026-03-06 22:03:55 2026-03-06T22:03:55.265Z root INFO ------- END SERIALIZED LAYOUT DATA -------
2026-03-06 22:03:55 2026-03-06T22:03:55.420Z root INFO <<< The layout has been successfully restored.
2026-03-06 22:03:55 2026-03-06T22:03:55.462Z root INFO Initialize the workbench layout: 793.8 ms [Finished 1.741 s after frontend start]
2026-03-06 22:03:55 2026-03-06T22:03:55.462Z root INFO Changed application state from 'attached_shell' to 'initialized_layout'.
2026-03-06 22:03:55 2026-03-06T22:03:55.463Z root INFO [d125ad37-ef83-4609-ab5c-4b4b7274c185] Loading plugin contributions
2026-03-06 22:03:55 2026-03-06T22:03:55.463Z root INFO [d125ad37-ef83-4609-ab5c-4b4b7274c185] Load contributions of 23 plugins: 40.2 ms [Finished 1.782 s after frontend start]
2026-03-06 22:03:55 2026-03-06T22:03:55.511Z root WARN 'cpp' language is remapped from 'source.cpp.embedded.macro' to 'source.cpp' scope
2026-03-06 22:03:55 2026-03-06T22:03:55.511Z root WARN a registered grammar configuration for 'cpp' language is overridden
2026-03-06 22:03:55 2026-03-06T22:03:55.579Z root ERROR [hosted-plugin: 154300] Conflict in settings file Default: Ignoring cortex-debug.armToolchainPath.linux as cortex-debug.armToolchainPath is null
2026-03-06 22:03:55 2026-03-06T22:03:55.579Z root ERROR [hosted-plugin: 154300] Conflict in settings file Default: Ignoring cortex-debug.armToolchainPath.osx as cortex-debug.armToolchainPath is null
Conflict in settings file Default: Ignoring cortex-debug.armToolchainPath.windows as cortex-debug.armToolchainPath is null
2026-03-06 22:03:55 2026-03-06T22:03:55.579Z root ERROR [hosted-plugin: 154300] Conflict in settings file Default: Ignoring cortex-debug.JLinkGDBServerPath.linux as cortex-debug.JLinkGDBServerPath is null
2026-03-06 22:03:55 2026-03-06T22:03:55.579Z root ERROR [hosted-plugin: 154300] Conflict in settings file Default: Ignoring cortex-debug.JLinkGDBServerPath.osx as cortex-debug.JLinkGDBServerPath is null
2026-03-06 22:03:55 2026-03-06T22:03:55.579Z root ERROR [hosted-plugin: 154300] Conflict in settings file Default: Ignoring cortex-debug.JLinkGDBServerPath.windows as cortex-debug.JLinkGDBServerPath is null
2026-03-06 22:03:55 2026-03-06T22:03:55.579Z root ERROR [hosted-plugin: 154300] Conflict in settings file Default: Ignoring cortex-debug.openocdPath.linux as cortex-debug.openocdPath is null
2026-03-06 22:03:55 2026-03-06T22:03:55.579Z root ERROR [hosted-plugin: 154300] Conflict in settings file Default: Ignoring cortex-debug.openocdPath.osx as cortex-debug.openocdPath is null
2026-03-06 22:03:55 2026-03-06T22:03:55.579Z root ERROR [hosted-plugin: 154300] Conflict in settings file Default: Ignoring cortex-debug.openocdPath.windows as cortex-debug.openocdPath is null
2026-03-06 22:03:55 2026-03-06T22:03:55.579Z root ERROR [hosted-plugin: 154300] Conflict in settings file Default: Ignoring cortex-debug.pyocdPath.linux as cortex-debug.pyocdPath is null
2026-03-06 22:03:55 2026-03-06T22:03:55.579Z root ERROR [hosted-plugin: 154300] Conflict in settings file Default: Ignoring cortex-debug.pyocdPath.osx as cortex-debug.pyocdPath is null
Conflict in settings file Default: Ignoring cortex-debug.pyocdPath.windows as cortex-debug.pyocdPath is null
2026-03-06 22:03:55 2026-03-06T22:03:55.579Z root ERROR [hosted-plugin: 154300] Conflict in settings file Default: Ignoring cortex-debug.PEGDBServerPath.linux as cortex-debug.PEGDBServerPath is null
2026-03-06 22:03:55 2026-03-06T22:03:55.579Z root ERROR [hosted-plugin: 154300] Conflict in settings file Default: Ignoring cortex-debug.PEGDBServerPath.osx as cortex-debug.PEGDBServerPath is null
2026-03-06 22:03:55 2026-03-06T22:03:55.579Z root ERROR [hosted-plugin: 154300] Conflict in settings file Default: Ignoring cortex-debug.PEGDBServerPath.windows as cortex-debug.PEGDBServerPath is null
Conflict in settings file Default: Ignoring cortex-debug.stutilPath.linux as cortex-debug.stutilPath is null
2026-03-06 22:03:55 2026-03-06T22:03:55.579Z root ERROR [hosted-plugin: 154300] Conflict in settings file Default: Ignoring cortex-debug.stutilPath.osx as cortex-debug.stutilPath is null
2026-03-06 22:03:55 2026-03-06T22:03:55.579Z root ERROR [hosted-plugin: 154300] Conflict in settings file Default: Ignoring cortex-debug.stutilPath.windows as cortex-debug.stutilPath is null
2026-03-06 22:03:55 2026-03-06T22:03:55.579Z root ERROR [hosted-plugin: 154300] Conflict in settings file Default: Ignoring cortex-debug.stlinkPath.linux as cortex-debug.stlinkPath is null
Conflict in settings file Default: Ignoring cortex-debug.stlinkPath.osx as cortex-debug.stlinkPath is null
2026-03-06 22:03:55 2026-03-06T22:03:55.579Z root ERROR [hosted-plugin: 154300] Conflict in settings file Default: Ignoring cortex-debug.stlinkPath.windows as cortex-debug.stlinkPath is null
2026-03-06 22:03:55 2026-03-06T22:03:55.579Z root ERROR [hosted-plugin: 154300] Conflict in settings file Default: Ignoring cortex-debug.stm32cubeprogrammer.linux as cortex-debug.stm32cubeprogrammer is null
2026-03-06 22:03:55 2026-03-06T22:03:55.579Z root ERROR [hosted-plugin: 154300] Conflict in settings file Default: Ignoring cortex-debug.stm32cubeprogrammer.osx as cortex-debug.stm32cubeprogrammer is null
2026-03-06 22:03:55 2026-03-06T22:03:55.579Z root ERROR [hosted-plugin: 154300] Conflict in settings file Default: Ignoring cortex-debug.stm32cubeprogrammer.windows as cortex-debug.stm32cubeprogrammer is null
2026-03-06 22:03:55 2026-03-06T22:03:55.586Z root INFO [hosted-plugin: 154300] PLUGIN_HOST(154300): PluginManagerExtImpl/init()
2026-03-06 22:03:55 2026-03-06T22:03:55.587Z root INFO [hosted-plugin: 154300] PLUGIN_HOST(154300): initializing(vscode-arduino-api@0.1.2 with /opt/arduino-ide/resources/app/lib/backend/plugin-vscode-init)
2026-03-06 22:03:55 2026-03-06T22:03:55.627Z root INFO [hosted-plugin: 154300] PLUGIN_HOST(154300): initializing(json-language-features@1.88.1 with /opt/arduino-ide/resources/app/lib/backend/plugin-vscode-init)
2026-03-06 22:03:55 2026-03-06T22:03:55.629Z root INFO [hosted-plugin: 154300] PLUGIN_HOST(154300): initializing(cortex-debug@1.5.1 with /opt/arduino-ide/resources/app/lib/backend/plugin-vscode-init)
2026-03-06 22:03:55 2026-03-06T22:03:55.630Z root INFO [hosted-plugin: 154300] Debugger contribution has been registered: cortex-debug
2026-03-06 22:03:55 2026-03-06T22:03:55.635Z root INFO [hosted-plugin: 154300] PLUGIN_HOST(154300): initializing(vscode-arduino-tools@0.1.3 with /opt/arduino-ide/resources/app/lib/backend/plugin-vscode-init)
2026-03-06 22:03:55 2026-03-06T22:03:55.637Z root INFO [hosted-plugin: 154300] PLUGIN_HOST(154300): initializing(cpp@1.88.1 with /opt/arduino-ide/resources/app/lib/backend/plugin-vscode-init)
2026-03-06 22:03:55 2026-03-06T22:03:55.638Z root INFO [hosted-plugin: 154300] PLUGIN_HOST(154300): initializing(json@1.88.1 with /opt/arduino-ide/resources/app/lib/backend/plugin-vscode-init)
2026-03-06 22:03:55 2026-03-06T22:03:55.638Z root INFO [hosted-plugin: 154300] PLUGIN_HOST(154300): initializing(vscode-language-pack-bg@1.48.3 with /opt/arduino-ide/resources/app/lib/backend/plugin-vscode-init)
2026-03-06 22:03:55 2026-03-06T22:03:55.639Z root INFO [hosted-plugin: 154300] PLUGIN_HOST(154300): initializing(vscode-language-pack-cs@1.96.0 with /opt/arduino-ide/resources/app/lib/backend/plugin-vscode-init)
2026-03-06 22:03:55 2026-03-06T22:03:55.639Z root INFO [hosted-plugin: 154300] PLUGIN_HOST(154300): initializing(vscode-language-pack-de@1.96.0 with /opt/arduino-ide/resources/app/lib/backend/plugin-vscode-init)
2026-03-06 22:03:55 2026-03-06T22:03:55.639Z root INFO [hosted-plugin: 154300] PLUGIN_HOST(154300): initializing(vscode-language-pack-es@1.96.0 with /opt/arduino-ide/resources/app/lib/backend/plugin-vscode-init)
2026-03-06 22:03:55 2026-03-06T22:03:55.640Z root INFO [hosted-plugin: 154300] PLUGIN_HOST(154300): initializing(vscode-language-pack-fr@1.96.0 with /opt/arduino-ide/resources/app/lib/backend/plugin-vscode-init)
2026-03-06 22:03:55 2026-03-06T22:03:55.640Z root INFO [hosted-plugin: 154300] PLUGIN_HOST(154300): initializing(vscode-language-pack-hu@1.48.3 with /opt/arduino-ide/resources/app/lib/backend/plugin-vscode-init)
2026-03-06 22:03:55 2026-03-06T22:03:55.641Z root INFO [hosted-plugin: 154300] PLUGIN_HOST(154300): initializing(vscode-language-pack-it@1.96.0 with /opt/arduino-ide/resources/app/lib/backend/plugin-vscode-init)
2026-03-06 22:03:55 2026-03-06T22:03:55.641Z root INFO [hosted-plugin: 154300] PLUGIN_HOST(154300): initializing(vscode-language-pack-ja@1.96.0 with /opt/arduino-ide/resources/app/lib/backend/plugin-vscode-init)
2026-03-06 22:03:55 2026-03-06T22:03:55.641Z root INFO [hosted-plugin: 154300] PLUGIN_HOST(154300): initializing(vscode-language-pack-ko@1.96.0 with /opt/arduino-ide/resources/app/lib/backend/plugin-vscode-init)
2026-03-06 22:03:55 2026-03-06T22:03:55.641Z root INFO [hosted-plugin: 154300] PLUGIN_HOST(154300): initializing(vscode-language-pack-nl@1.48.3 with /opt/arduino-ide/resources/app/lib/backend/plugin-vscode-init)
2026-03-06 22:03:55 2026-03-06T22:03:55.641Z root INFO [hosted-plugin: 154300] PLUGIN_HOST(154300): initializing(vscode-language-pack-pl@1.96.0 with /opt/arduino-ide/resources/app/lib/backend/plugin-vscode-init)
2026-03-06 22:03:55 2026-03-06T22:03:55.642Z root INFO [hosted-plugin: 154300] PLUGIN_HOST(154300): initializing(vscode-language-pack-pt-BR@1.96.0 with /opt/arduino-ide/resources/app/lib/backend/plugin-vscode-init)
2026-03-06 22:03:55 2026-03-06T22:03:55.642Z root INFO [hosted-plugin: 154300] PLUGIN_HOST(154300): initializing(vscode-language-pack-ru@1.96.0 with /opt/arduino-ide/resources/app/lib/backend/plugin-vscode-init)
2026-03-06 22:03:55 2026-03-06T22:03:55.642Z root INFO [hosted-plugin: 154300] PLUGIN_HOST(154300): initializing(vscode-language-pack-tr@1.96.0 with /opt/arduino-ide/resources/app/lib/backend/plugin-vscode-init)
2026-03-06 22:03:55 2026-03-06T22:03:55.642Z root INFO [hosted-plugin: 154300] PLUGIN_HOST(154300): initializing(vscode-language-pack-uk@1.48.3 with /opt/arduino-ide/resources/app/lib/backend/plugin-vscode-init)
2026-03-06 22:03:55 2026-03-06T22:03:55.642Z root INFO [hosted-plugin: 154300] PLUGIN_HOST(154300): initializing(vscode-language-pack-zh-hans@1.96.0 with /opt/arduino-ide/resources/app/lib/backend/plugin-vscode-init)
2026-03-06 22:03:55 2026-03-06T22:03:55.643Z root INFO [hosted-plugin: 154300] PLUGIN_HOST(154300): initializing(vscode-language-pack-zh-hant@1.96.0 with /opt/arduino-ide/resources/app/lib/backend/plugin-vscode-init)
2026-03-06 22:03:55 2026-03-06T22:03:55.653Z root INFO [hosted-plugin: 154300] PLUGIN_HOST(154300): PluginManagerExtImpl/loadPlugin(/opt/arduino-ide/resources/app/plugins/vscode-builtin-json-language-features/extension/client/dist/node/jsonClientMain)
2026-03-06 22:03:55 2026-03-06T22:03:55.686Z root INFO [hosted-plugin: 154300] PLUGIN_HOST(154300): PluginManagerExtImpl/loadPlugin(/opt/arduino-ide/resources/app/plugins/vscode-arduino-tools/extension/dist/extension.js)
2026-03-06 22:03:55 2026-03-06T22:03:55.702Z root INFO [hosted-plugin: 154300] PLUGIN_HOST(154300): PluginManagerExtImpl/loadPlugin(/opt/arduino-ide/resources/app/plugins/vscode-arduino-api/extension/dist/extension.js)
2026-03-06 22:03:55 2026-03-06T22:03:55.704Z root INFO [hosted-plugin: 154300] calling activation function on VS Code Arduino Tools
2026-03-06 22:03:55 2026-03-06T22:03:55.704Z root INFO [hosted-plugin: 154300] calling activation function on Arduino IDE API for VS Code extensions
2026-03-06 22:03:55 2026-03-06T22:03:55.733Z root INFO [d125ad37-ef83-4609-ab5c-4b4b7274c185] Starting plugins.
2026-03-06 22:03:55 2026-03-06T22:03:55.749Z root INFO [hosted-plugin: 154300] PLUGIN_HOST(154300): PluginManagerExtImpl/loadPlugin(/opt/arduino-ide/resources/app/plugins/cortex-debug/extension/dist/extension.js)
2026-03-06 22:03:55 2026-03-06T22:03:55.769Z root INFO [hosted-plugin: 154300] Debug configuration provider has been registered: cortex-debug, trigger: 1
2026-03-06 22:03:55 2026-03-06T22:03:55.769Z root INFO [hosted-plugin: 154300] calling activation function on Cortex-Debug
2026-03-06 22:03:55 2026-03-06T22:03:55.770Z root INFO [hosted-plugin: 154300] GDB server console created
2026-03-06 22:03:55 2026-03-06T22:03:55.778Z root INFO [d125ad37-ef83-4609-ab5c-4b4b7274c185] Start of 23 plugins: 314.2 ms [Finished 2.098 s after frontend start]
2026-03-06 22:03:55 2026-03-06T22:03:55.840Z root INFO [hosted-plugin: 154300] calling activation function on JSON Language Features (built-in)
2026-03-06 22:03:56 2026-03-06T22:03:56.140Z root ERROR ---- !!!SLOW!!! DURATION: search took 216.806 ms. Args: [{"query":"","type":"All","topic":"All"}] ----
2026-03-06 22:03:56 2026-03-06T22:03:56.382Z root INFO Frontend application start: 1854.8 ms [Finished 3.075 s after backend start]
2026-03-06 22:03:56 Checking for update
2026-03-06 22:03:56 2026-03-06T22:03:56.398Z root INFO Replace loading indicator with ready workbench UI (animation): 821.2 ms [Finished 2.605 s after frontend start]
2026-03-06 22:03:56 2026-03-06T22:03:56.398Z root INFO Changed application state from 'initialized_layout' to 'ready'.
2026-03-06 22:03:56 2026-03-06T22:03:56.398Z root WARN Linked preference "workbench.colorCustomizations" not found.
2026-03-06 22:03:56 2026-03-06T22:03:56.405Z sketches-service WARN Mismatching sketch file <led.ino> and sketch folder name <practice>. Skipping
2026-03-06 22:03:56 2026-03-06T22:03:56.460Z sketches-service WARN Mismatching sketch file <led.ino> and sketch folder name <practice>. Skipping
2026-03-06 22:03:56 2026-03-06T22:03:56.460Z sketches-service WARN Mismatching sketch file <led.ino> and sketch folder name <practice>. Skipping
2026-03-06 22:03:56 2026-03-06T22:03:56.607Z daemon INFO time="2026-03-06T22:03:56Z" level=info msg="Tool required for debug" tool="esp8266:mklittlefs@3.1.0-gcc10.3-e5f9fec"
time="2026-03-06T22:03:56Z" level=info msg="Tool required for debug" tool="esp8266:mkspiffs@3.1.0-gcc10.3-e5f9fec"
time="2026-03-06T22:03:56Z" level=info msg="Tool required for debug" tool="esp8266:python3@3.7.2-post1"
time="2026-03-06T22:03:56Z" level=info msg="Tool required for debug" tool="esp8266:xtensa-lx106-elf-gcc@3.1.0-gcc10.3-e5f9fec"
time="2026-03-06T22:03:56Z" level=info msg="Tool required for debug" tool="esp32:esp32c3-libs@3.3.7"
time="2026-03-06T22:03:56Z" level=info msg="Tool required for debug" tool="esp32:xtensa-esp-elf-gdb@16.3_20250913"
time="2026-03-06T22:03:56Z" level=info msg="Tool required for debug" tool="arduino:arduinoOTA@1.3.0"
time="2026-03-06T22:03:56Z" level=info msg="Tool required for debug" tool="esp32:esp32s2-libs@3.3.7"
time="2026-03-06T22:03:56Z" level=info msg="Tool required for debug" tool="esp32:esp-rv32@2511"
time="2026-03-06T22:03:56Z" level=info msg="Tool required for debug" tool="esp32:riscv32-esp-elf-gdb@16.3_20250913"
time="2026-03-06T22:03:56Z" level=info msg="Tool required for debug" tool="arduino:avrdude@8.0.0-arduino1"
time="2026-03-06T22:03:56Z" level=info msg="Tool required for debug" tool="builtin:serial-discovery@1.4.3"
time="2026-03-06T22:03:56Z" level=info msg="Tool required for debug" tool="builtin:ctags@5.8-arduino11"
time="2026-03-06T22:03:56Z" level=info msg="Tool required for debug" tool="esp32:esp32-libs@3.3.7"
time="2026-03-06T22:03:56Z" level=info msg="Tool required for debug" tool="esp32:esp32h2-libs@3.3.7"
time="2026-03-06T22:03:56Z" level=info msg="Tool required for debug" tool="esp32:esp32c5-libs@3.3.7"
time="2026-03-06T22:03:56Z" level=info msg="Tool required for debug" tool="esp32:esp32c6-libs@3.3.7"
time="2026-03-06T22:03:56Z" level=info msg="Tool required for debug" tool="arduino:dfu-util@0.11.0-arduino5"
time="2026-03-06T22:03:56Z" level=info msg="Tool required for debug" tool="builtin:dfu-discovery@0.1.2"
time="2026-03-06T22:03:56Z" level=info msg="Tool required for debug" tool="esp32:esp32p4-libs@3.3.7"
time="2026-03-06T22:03:56Z" level=info msg="Tool required for debug" tool="esp32:openocd-esp32@v0.12.0-esp32-20251215"
time="2026-03-06T22:03:56Z" level=info msg="Tool required for debug" tool="esp32:esp32p4_es-libs@3.3.7"
time="2026-03-06T22:03:56Z" level=info msg="Tool required for debug" tool="esp32:esp32s3-libs@3.3.7"
time="2026-03-06T22:03:56Z" level=info msg="Tool required for debug" tool="esp32:esptool_py@5.1.0"
time="2026-03-06T22:03:56Z" level=info msg="Tool required for debug" tool="arduino:avr-gcc@7.3.0-atmel3.6.1-arduino7"
time="2026-03-06T22:03:56Z" level=info msg="Tool required for debug" tool="builtin:mdns-discovery@1.0.12"
time="2026-03-06T22:03:56Z" level=info msg="Tool required for debug" tool="builtin:serial-monitor@0.15.0"
time="2026-03-06T22:03:56Z" level=info msg="Tool required for debug" tool="esp32:esp-x32@2511"
2026-03-06 22:03:56 2026-03-06T22:03:56.607Z root ERROR Failed to get debug config: esp8266:esp8266:generic:led=2,baud=115200,xtal=80,CrystalFreq=26,eesz=1M64,FlashMode=dout,FlashFreq=40,ResetMethod=nodemcu,dbg=Disabled,lvl=None____,ip=lm2f,vt=flash,exception=disabled,stacksmash=disabled,wipe=none,sdk=nonosdk_190703,ssl=all,mmu=3232,non32xfer=fast, undefined Error: Debugging is not supported.
    at Object.callback (/opt/arduino-ide/resources/app/lib/backend/main.js:2:4756202)
    at Object.onReceiveStatus (/opt/arduino-ide/resources/app/lib/backend/main.js:2:3791917)
    at Object.onReceiveStatus (/opt/arduino-ide/resources/app/lib/backend/main.js:2:2225840)
    at Object.onReceiveStatus (/opt/arduino-ide/resources/app/lib/backend/main.js:2:2225285)
    at /opt/arduino-ide/resources/app/lib/backend/main.js:2:4362019
    at process.processTicksAndRejections (node:internal/process/task_queues:77:11)
2026-03-06 22:03:56 2026-03-06T22:03:56.718Z root INFO Starting language server: esp8266:esp8266:generic:led=2,baud=115200,xtal=80,CrystalFreq=26,eesz=1M64,FlashMode=dout,FlashFreq=40,ResetMethod=nodemcu,dbg=Disabled,lvl=None____,ip=lm2f,vt=flash,exception=disabled,stacksmash=disabled,wipe=none,sdk=nonosdk_190703,ssl=all,mmu=3232,non32xfer=fast
2026-03-06 22:03:56 2026-03-06T22:03:56.835Z root ERROR ---- !!!SLOW!!! DURATION: search took 432.818 ms. Args: [{"type":"Updatable"}] ----
2026-03-06 22:03:56 2026-03-06T22:03:56.848Z daemon INFO time="2026-03-06T22:03:56Z" level=info msg="Adding libraries dir" dir=/home/shrek/.arduino15/libraries isSingleLibrary=false location=ide
2026-03-06 22:03:56 2026-03-06T22:03:56.848Z daemon INFO time="2026-03-06T22:03:56Z" level=info msg="Adding libraries dir" dir=/home/shrek/.arduino15/packages/esp8266/hardware/esp8266/3.1.2/libraries isSingleLibrary=false location=platform
time="2026-03-06T22:03:56Z" level=info msg="Adding libraries dir" dir=/home/shrek/Arduino/libraries isSingleLibrary=false location=user
2026-03-06 22:03:56 Update for version 2.3.8 is not available (latest version: 2.3.8, downgrade is allowed).
2026-03-06 22:03:57 2026-03-06T22:03:57.002Z daemon INFO time="2026-03-06T22:03:57Z" level=info msg="Resolving include Adafruit_SSD1306.h for arch esp8266"
time="2026-03-06T22:03:57Z" level=info msg="  found better lib" lib="Adafruit SSD1306" prio=6A7
2026-03-06 22:03:57 2026-03-06T22:03:57.088Z daemon INFO time="2026-03-06T22:03:57Z" level=info msg="Resolving include Adafruit_GFX.h for arch esp8266"
time="2026-03-06T22:03:57Z" level=info msg="  found better lib" lib="Adafruit GFX Library" prio=517
2026-03-06 22:03:57 2026-03-06T22:03:57.171Z daemon INFO time="2026-03-06T22:03:57Z" level=info msg="Resolving include Adafruit_I2CDevice.h for arch esp8266"
2026-03-06 22:03:57 2026-03-06T22:03:57.172Z daemon INFO time="2026-03-06T22:03:57Z" level=info msg="  found better lib" lib="Adafruit BusIO" prio=3EB
2026-03-06 22:03:57 2026-03-06T22:03:57.257Z daemon INFO time="2026-03-06T22:03:57Z" level=info msg="Resolving include Wire.h for arch esp8266"
time="2026-03-06T22:03:57Z" level=info msg="  found better lib" lib=Wire prio=6B0
2026-03-06 22:03:57 2026-03-06T22:03:57.341Z daemon INFO time="2026-03-06T22:03:57Z" level=info msg="Resolving include SPI.h for arch esp8266"
time="2026-03-06T22:03:57Z" level=info msg="  found better lib" lib=SPI prio=6B0
2026-03-06 22:03:58 2026-03-06T22:03:58.037Z daemon INFO time="2026-03-06T22:03:58Z" level=info msg="Adding libraries dir" dir=/home/shrek/.arduino15/libraries isSingleLibrary=false location=ide
time="2026-03-06T22:03:58Z" level=info msg="Adding libraries dir" dir=/home/shrek/.arduino15/packages/esp8266/hardware/esp8266/3.1.2/libraries isSingleLibrary=false location=platform
2026-03-06 22:03:58 2026-03-06T22:03:58.037Z daemon INFO time="2026-03-06T22:03:58Z" level=info msg="Adding libraries dir" dir=/home/shrek/Arduino/libraries isSingleLibrary=false location=user
2026-03-06 22:07:39 2026-03-06T22:07:39.426Z root INFO creating connection for 2
2026-03-06 22:07:39 2026-03-06T22:07:39.915Z root WARN A command editor.action.toggleStickyScroll is already registered.
2026-03-06 22:07:39 Opening channel for service path '/services/electron-window'.
2026-03-06 22:07:39 Opening channel for service path '/services/ide-updater'.
2026-03-06 22:07:39 2026-03-06T22:07:39.967Z root INFO Start frontend contributions: 116.6 ms [Finished 0.882 s after frontend start]
2026-03-06 22:07:39 2026-03-06T22:07:39.967Z root INFO Changed application state from 'init' to 'started_contributions'.
2026-03-06 22:07:39 2026-03-06T22:07:39.988Z root INFO [43265128-71da-4e21-8e37-24017aa58196] Waiting for backend deployment: 34.3 ms [Finished 0.913 s after frontend start]
2026-03-06 22:07:40 2026-03-06T22:07:40.286Z root INFO Changed application state from 'started_contributions' to 'attached_shell'.
2026-03-06 22:07:40 2026-03-06T22:07:40.286Z root INFO >>> Restoring the layout state...
2026-03-06 22:07:40 2026-03-06T22:07:40.286Z root INFO ------- SERIALIZED LAYOUT DATA -------
2026-03-06 22:07:40 2026-03-06T22:07:40.286Z root INFO {"version":5,"mainPanel":{"main":{"type":"tab-area","widgets":[{"constructionOptions":{"factoryId":"code-editor-opener","options":{"counter":0,"kind":"navigatable","uri":"file:///home/shrek/Arduino/practice/led.ino/led.ino.ino"}},"innerWidgetState":"{\"cursorState\":[{\"inSelectionMode\":false,\"selectionStart\":{\"lineNumber\":36,\"column\":13},\"position\":{\"lineNumber\":36,\"column\":13}}],\"viewState\":{\"scrollLeft\":0,\"firstPosition\":{\"lineNumber\":10,\"column\":1},\"firstPositionDeltaTop\":-10},\"contributionsState\":{\"editor.contrib.folding\":{\"lineCount\":38,\"provider\":\"indent\",\"foldedImports\":false},\"editor.contrib.wordHighlighter\":false}}"}],"currentIndex":0}},"mainPanelPinned":[false],"bottomPanel":{"config":{"main":{"type":"tab-area","widgets":[{"constructionOptions":{"factoryId":"outputView"},"innerWidgetState":"{\"locked\":false}"}],"currentIndex":0}},"pinned":[false],"size":52,"expanded":true},"leftPanel":{"type":"sidepanel","items":[{"widget":{"constructionOptions":{"factoryId":"arduino-sketchbook-widget"}},"rank":1,"expanded":true,"pinned":false},{"widget":{"constructionOptions":{"factoryId":"boards-list-widget"}},"rank":2,"expanded":false,"pinned":false},{"widget":{"constructionOptions":{"factoryId":"library-list-widget"}},"rank":3,"expanded":false,"pinned":false},{"widget":{"constructionOptions":{"factoryId":"debug"},"innerWidgetState":"{\"parts\":[{\"partId\":\"debug:threads:-1\",\"collapsed\":false,\"hidden\":false,\"relativeSize\":0.20017873100983022,\"originalContainerId\":\"debug:view-container:-1\",\"originalContainerTitle\":{\"label\":\"debug\",\"iconClass\":\"codicon codicon-debug-alt\",\"closeable\":true},\"widget\":{\"constructionOptions\":{\"factoryId\":\"debug:threads\"},\"innerWidgetState\":\"{}\"}},{\"partId\":\"debug:frames:-1\",\"collapsed\":false,\"hidden\":false,\"relativeSize\":0.20017873100983022,\"originalContainerId\":\"debug:view-container:-1\",\"originalContainerTitle\":{\"label\":\"debug\",\"iconClass\":\"codicon codicon-debug-alt\",\"closeable\":true},\"widget\":{\"constructionOptions\":{\"factoryId\":\"debug:frames\"},\"innerWidgetState\":\"{}\"}},{\"partId\":\"debug:variables:-1\",\"collapsed\":false,\"hidden\":false,\"relativeSize\":0.20017873100983022,\"originalContainerId\":\"debug:view-container:-1\",\"originalContainerTitle\":{\"label\":\"debug\",\"iconClass\":\"codicon codicon-debug-alt\",\"closeable\":true},\"widget\":{\"constructionOptions\":{\"factoryId\":\"debug:variables\"},\"innerWidgetState\":\"{}\"}},{\"partId\":\"debug:watch:-1\",\"collapsed\":false,\"hidden\":false,\"relativeSize\":0.20017873100983022,\"originalContainerId\":\"debug:view-container:-1\",\"originalContainerTitle\":{\"label\":\"debug\",\"iconClass\":\"codicon codicon-debug-alt\",\"closeable\":true},\"widget\":{\"constructionOptions\":{\"factoryId\":\"debug:watch\"},\"innerWidgetState\":\"{}\"}},{\"partId\":\"debug:breakpoints:-1\",\"collapsed\":false,\"hidden\":false,\"relativeSize\":0.20017873100983022,\"originalContainerId\":\"debug:view-container:-1\",\"originalContainerTitle\":{\"label\":\"debug\",\"iconClass\":\"codicon codicon-debug-alt\",\"closeable\":true},\"widget\":{\"constructionOptions\":{\"factoryId\":\"debug:breakpoints\"},\"innerWidgetState\":\"{}\"}},{\"partId\":\"plugin-view:cortex-debug.peripherals\",\"collapsed\":true,\"hidden\":true,\"originalContainerId\":\"debug:view-container:-1\",\"originalContainerTitle\":{\"label\":\"debug\",\"iconClass\":\"codicon codicon-debug-alt\",\"closeable\":true},\"widget\":{\"constructionOptions\":{\"factoryId\":\"plugin-view\",\"options\":{\"id\":\"plugin-view:cortex-debug.peripherals\",\"viewId\":\"cortex-debug.peripherals\"}},\"innerWidgetState\":\"{\\\"label\\\":\\\"Cortex Peripherals\\\",\\\"widgets\\\":[],\\\"suppressUpdateViewVisibility\\\":false,\\\"currentViewContainerId\\\":\\\"debug\\\"}\"}},{\"partId\":\"plugin-view:cortex-debug.registers\",\"collapsed\":true,\"hidden\":true,\"originalContainerId\":\"debug:view-container:-1\",\"originalContainerTitle\":{\"label\":\"debug\",\"iconClass\":\"codicon codicon-debug-alt\",\"closeable\":true},\"widget\":{\"constructionOptions\":{\"factoryId\":\"plugin-view\",\"options\":{\"id\":\"plugin-view:cortex-debug.registers\",\"viewId\":\"cortex-debug.registers\"}},\"innerWidgetState\":\"{\\\"label\\\":\\\"Cortex Registers\\\",\\\"widgets\\\":[],\\\"suppressUpdateViewVisibility\\\":false,\\\"currentViewContainerId\\\":\\\"debug\\\"}\"}}],\"title\":{\"label\":\"debug\",\"iconClass\":\"codicon codicon-debug-alt\",\"closeable\":true}}"},"rank":4,"expanded":false,"pinned":false},{"widget":{"constructionOptions":{"factoryId":"search-view-container"},"innerWidgetState":"{\"parts\":[{\"partId\":\"search-in-workspace\",\"collapsed\":false,\"hidden\":false,\"relativeSize\":1,\"originalContainerId\":\"search-view-container\",\"originalContainerTitle\":{\"label\":\"Search\",\"iconClass\":\"codicon codicon-search\",\"closeable\":true},\"widget\":{\"constructionOptions\":{\"factoryId\":\"search-in-workspace\"},\"innerWidgetState\":\"{\\\"matchCaseState\\\":{\\\"className\\\":\\\"codicon codicon-case-sensitive\\\",\\\"enabled\\\":false,\\\"title\\\":\\\"Match Case\\\"},\\\"wholeWordState\\\":{\\\"className\\\":\\\"codicon codicon-whole-word\\\",\\\"enabled\\\":false,\\\"title\\\":\\\"Match Whole Word\\\"},\\\"regExpState\\\":{\\\"className\\\":\\\"codicon codicon-regex\\\",\\\"enabled\\\":false,\\\"title\\\":\\\"Use Regular Expression\\\"},\\\"includeIgnoredState\\\":{\\\"className\\\":\\\"codicon codicon-eye\\\",\\\"enabled\\\":false,\\\"title\\\":\\\"Include Ignored Files\\\"},\\\"showSearchDetails\\\":false,\\\"searchInWorkspaceOptions\\\":{\\\"matchCase\\\":false,\\\"matchWholeWord\\\":false,\\\"useRegExp\\\":false,\\\"multiline\\\":false,\\\"includeIgnored\\\":false,\\\"include\\\":[],\\\"exclude\\\":[],\\\"maxResults\\\":2000},\\\"searchTerm\\\":\\\"\\\",\\\"replaceTerm\\\":\\\"\\\",\\\"showReplaceField\\\":false,\\\"searchHistoryState\\\":{\\\"history\\\":[],\\\"index\\\":0},\\\"replaceHistoryState\\\":{\\\"history\\\":[],\\\"index\\\":0},\\\"includeHistoryState\\\":{\\\"history\\\":[],\\\"index\\\":0},\\\"excludeHistoryState\\\":{\\\"history\\\":[],\\\"index\\\":0}}\"}}],\"title\":{\"label\":\"Search\",\"iconClass\":\"fa fa-arduino-search\",\"closeable\":true}}"},"rank":5,"expanded":false,"pinned":false}],"size":411},"rightPanel":{"type":"sidepanel","items":[]},"activeWidgetId":"code-editor-opener:file:///home/shrek/Arduino/practice/led.ino/led.ino.ino:0"}
2026-03-06 22:07:40 2026-03-06T22:07:40.286Z root INFO ------- END SERIALIZED LAYOUT DATA -------
2026-03-06 22:07:40 2026-03-06T22:07:40.286Z root INFO [hosted-plugin: 154474] PLUGIN_HOST(154474) starting instance
[Object: null prototype] {}
2026-03-06 22:07:40 2026-03-06T22:07:40.614Z root INFO [43265128-71da-4e21-8e37-24017aa58196] Sync of 23 plugins: 625.7 ms [Finished 1.539 s after frontend start]
2026-03-06 22:07:40 2026-03-06T22:07:40.730Z root INFO <<< The layout has been successfully restored.
2026-03-06 22:07:40 2026-03-06T22:07:40.776Z root INFO Initialize the workbench layout: 532.7 ms [Finished 1.656 s after frontend start]
2026-03-06 22:07:40 2026-03-06T22:07:40.776Z root INFO Changed application state from 'attached_shell' to 'initialized_layout'.
2026-03-06 22:07:40 2026-03-06T22:07:40.777Z root INFO [43265128-71da-4e21-8e37-24017aa58196] Loading plugin contributions
2026-03-06 22:07:40 2026-03-06T22:07:40.777Z root INFO [43265128-71da-4e21-8e37-24017aa58196] Load contributions of 23 plugins: 43.6 ms [Finished 1.701 s after frontend start]
2026-03-06 22:07:40 2026-03-06T22:07:40.836Z root WARN 'cpp' language is remapped from 'source.cpp.embedded.macro' to 'source.cpp' scope
2026-03-06 22:07:40 2026-03-06T22:07:40.836Z root WARN a registered grammar configuration for 'cpp' language is overridden
2026-03-06 22:07:41 2026-03-06T22:07:41.100Z root ERROR [hosted-plugin: 154474] Conflict in settings file Default: Ignoring cortex-debug.armToolchainPath.linux as cortex-debug.armToolchainPath is null
2026-03-06 22:07:41 2026-03-06T22:07:41.100Z root ERROR [hosted-plugin: 154474] Conflict in settings file Default: Ignoring cortex-debug.armToolchainPath.osx as cortex-debug.armToolchainPath is null
2026-03-06 22:07:41 2026-03-06T22:07:41.100Z root ERROR [hosted-plugin: 154474] Conflict in settings file Default: Ignoring cortex-debug.armToolchainPath.windows as cortex-debug.armToolchainPath is null
2026-03-06 22:07:41 2026-03-06T22:07:41.100Z root ERROR [hosted-plugin: 154474] Conflict in settings file Default: Ignoring cortex-debug.JLinkGDBServerPath.linux as cortex-debug.JLinkGDBServerPath is null
2026-03-06 22:07:41 2026-03-06T22:07:41.100Z root ERROR [hosted-plugin: 154474] Conflict in settings file Default: Ignoring cortex-debug.JLinkGDBServerPath.osx as cortex-debug.JLinkGDBServerPath is null
2026-03-06 22:07:41 2026-03-06T22:07:41.100Z root ERROR [hosted-plugin: 154474] Conflict in settings file Default: Ignoring cortex-debug.JLinkGDBServerPath.windows as cortex-debug.JLinkGDBServerPath is null
2026-03-06 22:07:41 2026-03-06T22:07:41.100Z root ERROR [hosted-plugin: 154474] Conflict in settings file Default: Ignoring cortex-debug.openocdPath.linux as cortex-debug.openocdPath is null
2026-03-06 22:07:41 2026-03-06T22:07:41.100Z root ERROR [hosted-plugin: 154474] Conflict in settings file Default: Ignoring cortex-debug.openocdPath.osx as cortex-debug.openocdPath is null
2026-03-06 22:07:41 2026-03-06T22:07:41.100Z root ERROR [hosted-plugin: 154474] Conflict in settings file Default: Ignoring cortex-debug.openocdPath.windows as cortex-debug.openocdPath is null
2026-03-06 22:07:41 2026-03-06T22:07:41.100Z root ERROR [hosted-plugin: 154474] Conflict in settings file Default: Ignoring cortex-debug.pyocdPath.linux as cortex-debug.pyocdPath is null
2026-03-06 22:07:41 2026-03-06T22:07:41.100Z root ERROR [hosted-plugin: 154474] Conflict in settings file Default: Ignoring cortex-debug.pyocdPath.osx as cortex-debug.pyocdPath is null
Conflict in settings file Default: Ignoring cortex-debug.pyocdPath.windows as cortex-debug.pyocdPath is null
2026-03-06 22:07:41 2026-03-06T22:07:41.100Z root ERROR [hosted-plugin: 154474] Conflict in settings file Default: Ignoring cortex-debug.PEGDBServerPath.linux as cortex-debug.PEGDBServerPath is null
2026-03-06 22:07:41 2026-03-06T22:07:41.100Z root ERROR [hosted-plugin: 154474] Conflict in settings file Default: Ignoring cortex-debug.PEGDBServerPath.osx as cortex-debug.PEGDBServerPath is null
Conflict in settings file Default: Ignoring cortex-debug.PEGDBServerPath.windows as cortex-debug.PEGDBServerPath is null
2026-03-06 22:07:41 2026-03-06T22:07:41.100Z root ERROR [hosted-plugin: 154474] Conflict in settings file Default: Ignoring cortex-debug.stutilPath.linux as cortex-debug.stutilPath is null
Conflict in settings file Default: Ignoring cortex-debug.stutilPath.osx as cortex-debug.stutilPath is null
2026-03-06 22:07:41 2026-03-06T22:07:41.100Z root ERROR [hosted-plugin: 154474] Conflict in settings file Default: Ignoring cortex-debug.stutilPath.windows as cortex-debug.stutilPath is null
Conflict in settings file Default: Ignoring cortex-debug.stlinkPath.linux as cortex-debug.stlinkPath is null
2026-03-06 22:07:41 2026-03-06T22:07:41.100Z root ERROR [hosted-plugin: 154474] Conflict in settings file Default: Ignoring cortex-debug.stlinkPath.osx as cortex-debug.stlinkPath is null
Conflict in settings file Default: Ignoring cortex-debug.stlinkPath.windows as cortex-debug.stlinkPath is null
2026-03-06 22:07:41 2026-03-06T22:07:41.100Z root ERROR [hosted-plugin: 154474] Conflict in settings file Default: Ignoring cortex-debug.stm32cubeprogrammer.linux as cortex-debug.stm32cubeprogrammer is null
Conflict in settings file Default: Ignoring cortex-debug.stm32cubeprogrammer.osx as cortex-debug.stm32cubeprogrammer is null
2026-03-06 22:07:41 2026-03-06T22:07:41.100Z root ERROR [hosted-plugin: 154474] Conflict in settings file Default: Ignoring cortex-debug.stm32cubeprogrammer.windows as cortex-debug.stm32cubeprogrammer is null
2026-03-06 22:07:41 2026-03-06T22:07:41.110Z root INFO [hosted-plugin: 154474] PLUGIN_HOST(154474): PluginManagerExtImpl/init()
2026-03-06 22:07:41 2026-03-06T22:07:41.111Z root INFO [hosted-plugin: 154474] PLUGIN_HOST(154474): initializing(vscode-arduino-api@0.1.2 with /opt/arduino-ide/resources/app/lib/backend/plugin-vscode-init)
2026-03-06 22:07:41 2026-03-06T22:07:41.149Z root INFO [hosted-plugin: 154474] PLUGIN_HOST(154474): initializing(json-language-features@1.88.1 with /opt/arduino-ide/resources/app/lib/backend/plugin-vscode-init)
2026-03-06 22:07:41 2026-03-06T22:07:41.151Z root INFO [hosted-plugin: 154474] PLUGIN_HOST(154474): initializing(cortex-debug@1.5.1 with /opt/arduino-ide/resources/app/lib/backend/plugin-vscode-init)
2026-03-06 22:07:41 2026-03-06T22:07:41.151Z root INFO [hosted-plugin: 154474] Debugger contribution has been registered: cortex-debug
2026-03-06 22:07:41 2026-03-06T22:07:41.152Z root INFO [hosted-plugin: 154474] PLUGIN_HOST(154474): initializing(vscode-arduino-tools@0.1.3 with /opt/arduino-ide/resources/app/lib/backend/plugin-vscode-init)
2026-03-06 22:07:41 2026-03-06T22:07:41.153Z root INFO [hosted-plugin: 154474] PLUGIN_HOST(154474): initializing(cpp@1.88.1 with /opt/arduino-ide/resources/app/lib/backend/plugin-vscode-init)
2026-03-06 22:07:41 2026-03-06T22:07:41.153Z root INFO [hosted-plugin: 154474] PLUGIN_HOST(154474): initializing(json@1.88.1 with /opt/arduino-ide/resources/app/lib/backend/plugin-vscode-init)
2026-03-06 22:07:41 2026-03-06T22:07:41.154Z root INFO [hosted-plugin: 154474] PLUGIN_HOST(154474): initializing(vscode-language-pack-bg@1.48.3 with /opt/arduino-ide/resources/app/lib/backend/plugin-vscode-init)
2026-03-06 22:07:41 2026-03-06T22:07:41.156Z root INFO [hosted-plugin: 154474] PLUGIN_HOST(154474): initializing(vscode-language-pack-cs@1.96.0 with /opt/arduino-ide/resources/app/lib/backend/plugin-vscode-init)
2026-03-06 22:07:41 2026-03-06T22:07:41.156Z root INFO [hosted-plugin: 154474] PLUGIN_HOST(154474): initializing(vscode-language-pack-de@1.96.0 with /opt/arduino-ide/resources/app/lib/backend/plugin-vscode-init)
2026-03-06 22:07:41 2026-03-06T22:07:41.157Z root INFO [hosted-plugin: 154474] PLUGIN_HOST(154474): initializing(vscode-language-pack-es@1.96.0 with /opt/arduino-ide/resources/app/lib/backend/plugin-vscode-init)
2026-03-06 22:07:41 2026-03-06T22:07:41.157Z root INFO [hosted-plugin: 154474] PLUGIN_HOST(154474): initializing(vscode-language-pack-fr@1.96.0 with /opt/arduino-ide/resources/app/lib/backend/plugin-vscode-init)
2026-03-06 22:07:41 2026-03-06T22:07:41.157Z root INFO [hosted-plugin: 154474] PLUGIN_HOST(154474): initializing(vscode-language-pack-hu@1.48.3 with /opt/arduino-ide/resources/app/lib/backend/plugin-vscode-init)
2026-03-06 22:07:41 2026-03-06T22:07:41.158Z root INFO [hosted-plugin: 154474] PLUGIN_HOST(154474): initializing(vscode-language-pack-it@1.96.0 with /opt/arduino-ide/resources/app/lib/backend/plugin-vscode-init)
2026-03-06 22:07:41 2026-03-06T22:07:41.158Z root INFO [hosted-plugin: 154474] PLUGIN_HOST(154474): initializing(vscode-language-pack-ja@1.96.0 with /opt/arduino-ide/resources/app/lib/backend/plugin-vscode-init)
2026-03-06 22:07:41 2026-03-06T22:07:41.158Z root INFO [hosted-plugin: 154474] PLUGIN_HOST(154474): initializing(vscode-language-pack-ko@1.96.0 with /opt/arduino-ide/resources/app/lib/backend/plugin-vscode-init)
2026-03-06 22:07:41 2026-03-06T22:07:41.158Z root INFO [hosted-plugin: 154474] PLUGIN_HOST(154474): initializing(vscode-language-pack-nl@1.48.3 with /opt/arduino-ide/resources/app/lib/backend/plugin-vscode-init)
2026-03-06 22:07:41 2026-03-06T22:07:41.158Z root INFO [hosted-plugin: 154474] PLUGIN_HOST(154474): initializing(vscode-language-pack-pl@1.96.0 with /opt/arduino-ide/resources/app/lib/backend/plugin-vscode-init)
2026-03-06 22:07:41 2026-03-06T22:07:41.158Z root INFO [hosted-plugin: 154474] PLUGIN_HOST(154474): initializing(vscode-language-pack-pt-BR@1.96.0 with /opt/arduino-ide/resources/app/lib/backend/plugin-vscode-init)
2026-03-06 22:07:41 2026-03-06T22:07:41.159Z root INFO [hosted-plugin: 154474] PLUGIN_HOST(154474): initializing(vscode-language-pack-ru@1.96.0 with /opt/arduino-ide/resources/app/lib/backend/plugin-vscode-init)
2026-03-06 22:07:41 2026-03-06T22:07:41.159Z root INFO [hosted-plugin: 154474] PLUGIN_HOST(154474): initializing(vscode-language-pack-tr@1.96.0 with /opt/arduino-ide/resources/app/lib/backend/plugin-vscode-init)
2026-03-06 22:07:41 2026-03-06T22:07:41.159Z root INFO [hosted-plugin: 154474] PLUGIN_HOST(154474): initializing(vscode-language-pack-uk@1.48.3 with /opt/arduino-ide/resources/app/lib/backend/plugin-vscode-init)
2026-03-06 22:07:41 2026-03-06T22:07:41.159Z root INFO [hosted-plugin: 154474] PLUGIN_HOST(154474): initializing(vscode-language-pack-zh-hans@1.96.0 with /opt/arduino-ide/resources/app/lib/backend/plugin-vscode-init)
2026-03-06 22:07:41 2026-03-06T22:07:41.159Z root INFO [hosted-plugin: 154474] PLUGIN_HOST(154474): initializing(vscode-language-pack-zh-hant@1.96.0 with /opt/arduino-ide/resources/app/lib/backend/plugin-vscode-init)
2026-03-06 22:07:41 2026-03-06T22:07:41.161Z root INFO [hosted-plugin: 154474] PLUGIN_HOST(154474): PluginManagerExtImpl/loadPlugin(/opt/arduino-ide/resources/app/plugins/vscode-builtin-json-language-features/extension/client/dist/node/jsonClientMain)
2026-03-06 22:07:41 2026-03-06T22:07:41.191Z root INFO [hosted-plugin: 154474] PLUGIN_HOST(154474): PluginManagerExtImpl/loadPlugin(/opt/arduino-ide/resources/app/plugins/vscode-arduino-tools/extension/dist/extension.js)
2026-03-06 22:07:41 2026-03-06T22:07:41.206Z root INFO [hosted-plugin: 154474] PLUGIN_HOST(154474): PluginManagerExtImpl/loadPlugin(/opt/arduino-ide/resources/app/plugins/vscode-arduino-api/extension/dist/extension.js)
2026-03-06 22:07:41 2026-03-06T22:07:41.208Z root INFO [hosted-plugin: 154474] calling activation function on VS Code Arduino Tools
2026-03-06 22:07:41 2026-03-06T22:07:41.208Z root INFO [hosted-plugin: 154474] calling activation function on Arduino IDE API for VS Code extensions
2026-03-06 22:07:41 2026-03-06T22:07:41.209Z root INFO [43265128-71da-4e21-8e37-24017aa58196] Starting plugins.
2026-03-06 22:07:41 2026-03-06T22:07:41.230Z root INFO [hosted-plugin: 154474] PLUGIN_HOST(154474): PluginManagerExtImpl/loadPlugin(/opt/arduino-ide/resources/app/plugins/cortex-debug/extension/dist/extension.js)
2026-03-06 22:07:41 2026-03-06T22:07:41.249Z root INFO [hosted-plugin: 154474] Debug configuration provider has been registered: cortex-debug, trigger: 1
2026-03-06 22:07:41 2026-03-06T22:07:41.249Z root INFO [hosted-plugin: 154474] calling activation function on Cortex-Debug
2026-03-06 22:07:41 2026-03-06T22:07:41.251Z root INFO [hosted-plugin: 154474] GDB server console created
2026-03-06 22:07:41 2026-03-06T22:07:41.255Z root INFO [43265128-71da-4e21-8e37-24017aa58196] Start of 23 plugins: 477.2 ms [Finished 2.180 s after frontend start]
2026-03-06 22:07:41 2026-03-06T22:07:41.344Z root INFO [hosted-plugin: 154474] calling activation function on JSON Language Features (built-in)
2026-03-06 22:07:41 2026-03-06T22:07:41.703Z root INFO Frontend application start: 1807.8 ms [Finished 228.397 s after backend start]
2026-03-06 22:07:41 2026-03-06T22:07:41.715Z root INFO Replace loading indicator with ready workbench UI (animation): 831.0 ms [Finished 2.533 s after frontend start]
2026-03-06 22:07:41 2026-03-06T22:07:41.715Z root INFO Changed application state from 'initialized_layout' to 'ready'.
2026-03-06 22:07:41 2026-03-06T22:07:41.715Z root WARN Linked preference "workbench.colorCustomizations" not found.
2026-03-06 22:07:41 2026-03-06T22:07:41.718Z sketches-service WARN Mismatching sketch file <led.ino> and sketch folder name <practice>. Skipping
2026-03-06 22:07:41 2026-03-06T22:07:41.729Z root INFO Executing startup tasks:
2026-03-06 22:07:41 2026-03-06T22:07:41.729Z root INFO  - 'arduino-use-inherited-boards-data' , args: [{"fqbn":"esp8266:esp8266:generic","data":{"configOptions":[{"label":"Builtin Led","option":"led","values":[{"value":"2","label":"2","selected":true},{"value":"0","label":"0","selected":false},{"value":"1","label":"1","selected":false},{"value":"3","label":"3","selected":false},{"value":"4","label":"4","selected":false},{"value":"5","label":"5","selected":false},{"value":"6","label":"6","selected":false},{"value":"7","label":"7","selected":false},{"value":"8","label":"8","selected":false},{"value":"9","label":"9","selected":false},{"value":"10","label":"10","selected":false},{"value":"11","label":"11","selected":false},{"value":"12","label":"12","selected":false},{"value":"13","label":"13","selected":false},{"value":"14","label":"14","selected":false},{"value":"15","label":"15","selected":false},{"value":"16","label":"16","selected":false}]},{"label":"Upload Speed","option":"baud","values":[{"value":"115200","label":"115200","selected":true},{"value":"57600","label":"57600","selected":false},{"value":"230400","label":"230400","selected":false},{"value":"460800","label":"460800","selected":false},{"value":"921600","label":"921600","selected":false},{"value":"3000000","label":"3000000","selected":false}]},{"label":"CPU Frequency","option":"xtal","values":[{"value":"80","label":"80 MHz","selected":true},{"value":"160","label":"160 MHz","selected":false}]},{"label":"Crystal Frequency","option":"CrystalFreq","values":[{"value":"26","label":"26 MHz","selected":true},{"value":"40","label":"40 MHz","selected":false}]},{"label":"Flash Size","option":"eesz","values":[{"value":"1M64","label":"1MB (FS:64KB OTA:~470KB)","selected":true},{"value":"1M128","label":"1MB (FS:128KB OTA:~438KB)","selected":false},{"value":"1M144","label":"1MB (FS:144KB OTA:~430KB)","selected":false},{"value":"1M160","label":"1MB (FS:160KB OTA:~422KB)","selected":false},{"value":"1M192","label":"1MB (FS:192KB OTA:~406KB)","selected":false},{"value":"1M256","label":"1MB (FS:256KB OTA:~374KB)","selected":false},{"value":"1M512","label":"1MB (FS:512KB OTA:~246KB)","selected":false},{"value":"1M","label":"1MB (FS:none OTA:~502KB)","selected":false},{"value":"2M64","label":"2MB (FS:64KB OTA:~992KB)","selected":false},{"value":"2M128","label":"2MB (FS:128KB OTA:~960KB)","selected":false},{"value":"2M256","label":"2MB (FS:256KB OTA:~896KB)","selected":false},{"value":"2M512","label":"2MB (FS:512KB OTA:~768KB)","selected":false},{"value":"2M1M","label":"2MB (FS:1MB OTA:~512KB)","selected":false},{"value":"2M","label":"2MB (FS:none OTA:~1019KB)","selected":false},{"value":"4M2M","label":"4MB (FS:2MB OTA:~1019KB)","selected":false},{"value":"4M3M","label":"4MB (FS:3MB OTA:~512KB)","selected":false},{"value":"4M1M","label":"4MB (FS:1MB OTA:~1019KB)","selected":false},{"value":"4M","label":"4MB (FS:none OTA:~1019KB)","selected":false},{"value":"8M6M","label":"8MB (FS:6MB OTA:~1019KB)","selected":false},{"value":"8M7M","label":"8MB (FS:7MB OTA:~512KB)","selected":false},{"value":"8M","label":"8MB (FS:none OTA:~1019KB)","selected":false},{"value":"16M14M","label":"16MB (FS:14MB OTA:~1019KB)","selected":false},{"value":"16M15M","label":"16MB (FS:15MB OTA:~512KB)","selected":false},{"value":"16M","label":"16MB (FS:none OTA:~1019KB)","selected":false},{"value":"512K32","label":"512KB (FS:32KB OTA:~230KB)","selected":false},{"value":"512K64","label":"512KB (FS:64KB OTA:~214KB)","selected":false},{"value":"512K128","label":"512KB (FS:128KB OTA:~182KB)","selected":false},{"value":"512K","label":"512KB (FS:none OTA:~246KB)","selected":false},{"value":"autoflash","label":"Mapping defined by Hardware and Sketch","selected":false}]},{"label":"Flash Mode","option":"FlashMode","values":[{"value":"dout","label":"DOUT (compatible)","selected":true},{"value":"dio","label":"DIO","selected":false},{"value":"qout","label":"QOUT","selected":false},{"value":"qio","label":"QIO (fast)","selected":false}]},{"label":"Flash Frequency","option":"FlashFreq","values":[{"value":"40","label":"40MHz","selected":true},{"value":"80","label":"80MHz","selected":false},{"value":"20","label":"20MHz","selected":false},{"value":"26","label":"26MHz","selected":false}]},{"label":"Reset Method","option":"ResetMethod","values":[{"value":"nodemcu","label":"dtr (aka nodemcu)","selected":true},{"value":"ck","label":"no dtr (aka ck)","selected":false},{"value":"nodtr_nosync","label":"no dtr, no_sync","selected":false}]},{"label":"Debug port","option":"dbg","values":[{"value":"Disabled","label":"Disabled","selected":true},{"value":"Serial","label":"Serial","selected":false},{"value":"Serial1","label":"Serial1","selected":false}]},{"label":"Debug Level","option":"lvl","values":[{"value":"None____","label":"None","selected":true},{"value":"SSL","label":"SSL","selected":false},{"value":"TLS_MEM","label":"TLS_MEM","selected":false},{"value":"HTTP_CLIENT","label":"HTTP_CLIENT","selected":false},{"value":"HTTP_SERVER","label":"HTTP_SERVER","selected":false},{"value":"SSLTLS_MEM","label":"SSL+TLS_MEM","selected":false},{"value":"SSLHTTP_CLIENT","label":"SSL+HTTP_CLIENT","selected":false},{"value":"SSLHTTP_SERVER","label":"SSL+HTTP_SERVER","selected":false},{"value":"TLS_MEMHTTP_CLIENT","label":"TLS_MEM+HTTP_CLIENT","selected":false},{"value":"TLS_MEMHTTP_SERVER","label":"TLS_MEM+HTTP_SERVER","selected":false},{"value":"HTTP_CLIENTHTTP_SERVER","label":"HTTP_CLIENT+HTTP_SERVER","selected":false},{"value":"SSLTLS_MEMHTTP_CLIENT","label":"SSL+TLS_MEM+HTTP_CLIENT","selected":false},{"value":"SSLTLS_MEMHTTP_SERVER","label":"SSL+TLS_MEM+HTTP_SERVER","selected":false},{"value":"SSLHTTP_CLIENTHTTP_SERVER","label":"SSL+HTTP_CLIENT+HTTP_SERVER","selected":false},{"value":"TLS_MEMHTTP_CLIENTHTTP_SERVER","label":"TLS_MEM+HTTP_CLIENT+HTTP_SERVER","selected":false},{"value":"SSLTLS_MEMHTTP_CLIENTHTTP_SERVER","label":"SSL+TLS_MEM+HTTP_CLIENT+HTTP_SERVER","selected":false},{"value":"CORE","label":"CORE","selected":false},{"value":"WIFI","label":"WIFI","selected":false},{"value":"HTTP_UPDATE","label":"HTTP_UPDATE","selected":false},{"value":"UPDATER","label":"UPDATER","selected":false},{"value":"OTA","label":"OTA","selected":false},{"value":"OOM","label":"OOM","selected":false},{"value":"MDNS","label":"MDNS","selected":false},{"value":"HWDT","label":"HWDT","selected":false},{"value":"HWDT_NOEXTRA4K","label":"HWDT_NOEXTRA4K","selected":false},{"value":"COREWIFIHTTP_UPDATEUPDATEROTAOOMMDNS","label":"CORE+WIFI+HTTP_UPDATE+UPDATER+OTA+OOM+MDNS","selected":false},{"value":"COREWIFIHTTP_UPDATEUPDATEROTAOOMMDNSHWDT","label":"CORE+WIFI+HTTP_UPDATE+UPDATER+OTA+OOM+MDNS+HWDT","selected":false},{"value":"COREWIFIHTTP_UPDATEUPDATEROTAOOMMDNSHWDT_NOEXTRA4K","label":"CORE+WIFI+HTTP_UPDATE+UPDATER+OTA+OOM+MDNS+HWDT_NOEXTRA4K","selected":false},{"value":"SSLTLS_MEMHTTP_CLIENTHTTP_SERVERCOREWIFIHTTP_UPDATEUPDATEROTAOOMMDNS","label":"SSL+TLS_MEM+HTTP_CLIENT+HTTP_SERVER+CORE+WIFI+HTTP_UPDATE+UPDATER+OTA+OOM+MDNS","selected":false},{"value":"SSLTLS_MEMHTTP_CLIENTHTTP_SERVERCOREWIFIHTTP_UPDATEUPDATEROTAOOMMDNSHWDT","label":"SSL+TLS_MEM+HTTP_CLIENT+HTTP_SERVER+CORE+WIFI+HTTP_UPDATE+UPDATER+OTA+OOM+MDNS+HWDT","selected":false},{"value":"SSLTLS_MEMHTTP_CLIENTHTTP_SERVERCOREWIFIHTTP_UPDATEUPDATEROTAOOMMDNSHWDT_NOEXTRA4K","label":"SSL+TLS_MEM+HTTP_CLIENT+HTTP_SERVER+CORE+WIFI+HTTP_UPDATE+UPDATER+OTA+OOM+MDNS+HWDT_NOEXTRA4K","selected":false},{"value":"NoAssert-NDEBUG","label":"NoAssert-NDEBUG","selected":false}]},{"label":"lwIP Variant","option":"ip","values":[{"value":"lm2f","label":"v2 Lower Memory","selected":true},{"value":"hb2f","label":"v2 Higher Bandwidth","selected":false},{"value":"lm2n","label":"v2 Lower Memory (no features)","selected":false},{"value":"hb2n","label":"v2 Higher Bandwidth (no features)","selected":false},{"value":"lm6f","label":"v2 IPv6 Lower Memory","selected":false},{"value":"hb6f","label":"v2 IPv6 Higher Bandwidth","selected":false}]},{"label":"VTables","option":"vt","values":[{"value":"flash","label":"Flash","selected":true},{"value":"heap","label":"Heap","selected":false},{"value":"iram","label":"IRAM","selected":false}]},{"label":"C++ Exceptions","option":"exception","values":[{"value":"disabled","label":"Disabled (new aborts on oom)","selected":true},{"value":"enabled","label":"Enabled","selected":false}]},{"label":"Stack Protection","option":"stacksmash","values":[{"value":"disabled","label":"Disabled","selected":true},{"value":"enabled","label":"Enabled","selected":false}]},{"label":"Erase Flash","option":"wipe","values":[{"value":"none","label":"Only Sketch","selected":true},{"value":"sdk","label":"Sketch + WiFi Settings","selected":false},{"value":"all","label":"All Flash Contents","selected":false}]},{"label":"NONOS SDK Version","option":"sdk","values":[{"value":"nonosdk_190703","label":"nonos-sdk 2.2.1+100 (190703)","selected":true},{"value":"nonosdk_191122","label":"nonos-sdk 2.2.1+119 (191122)","selected":false},{"value":"nonosdk_191105","label":"nonos-sdk 2.2.1+113 (191105)","selected":false},{"value":"nonosdk_191024","label":"nonos-sdk 2.2.1+111 (191024)","selected":false},{"value":"nonosdk_190313","label":"nonos-sdk 2.2.1+61 (190313)","selected":false},{"value":"nonosdk221","label":"nonos-sdk 2.2.1 (legacy)","selected":false},{"value":"nonosdk305","label":"nonos-sdk 3.0.5 (experimental)","selected":false}]},{"label":"SSL Support","option":"ssl","values":[{"value":"all","label":"All SSL ciphers (most compatible)","selected":true},{"value":"basic","label":"Basic SSL ciphers (lower ROM use)","selected":false}]},{"label":"MMU","option":"mmu","values":[{"value":"3232","label":"32KB cache + 32KB IRAM (balanced)","selected":true},{"value":"4816","label":"16KB cache + 48KB IRAM (IRAM)","selected":false},{"value":"4816H","label":"16KB cache + 48KB IRAM and 2nd Heap (shared)","selected":false},{"value":"3216","label":"16KB cache + 32KB IRAM + 16KB 2nd Heap (not shared)","selected":false},{"value":"ext128k","label":"128K Heap External 23LC1024","selected":false},{"value":"ext8192k","label":"8M w/256K Heap External 64 MBit PSRAM","selected":false}]},{"label":"Non-32-Bit Access","option":"non32xfer","values":[{"value":"fast","label":"Use pgm_read macros for IRAM/PROGMEM","selected":true},{"value":"safe","label":"Byte/Word access to IRAM/PROGMEM (very slow)","selected":false}]}],"programmers":[]}}]
2026-03-06 22:07:41 2026-03-06T22:07:41.730Z root INFO  - 'arduino-use-inherited-boards-config' , args: [{"selectedBoard":{"name":"Generic ESP8266 Module","fqbn":"esp8266:esp8266:generic"},"selectedPort":{"protocol":"serial","address":"/dev/ttyUSB0"}},{"arduino+serial:///dev/ttyACM0":{"name":"ESP32H2 Dev Module","fqbn":"esp32:esp32:esp32h2"},"arduino+serial:///dev/ttyS0":{"name":"ESP32H2 Dev Module","fqbn":"esp32:esp32:esp32h2"},"arduino+serial:///dev/ttyUSB0":{"name":"Generic ESP8266 Module","fqbn":"esp8266:esp8266:generic"}}]
2026-03-06 22:07:41 2026-03-06T22:07:41.804Z sketches-service WARN Mismatching sketch file <led.ino> and sketch folder name <practice>. Skipping
2026-03-06 22:07:41 2026-03-06T22:07:41.804Z sketches-service WARN Mismatching sketch file <led.ino> and sketch folder name <practice>. Skipping
2026-03-06 22:07:41 2026-03-06T22:07:41.908Z daemon INFO time="2026-03-06T22:07:41Z" level=info msg="Tool required for debug" tool="esp8266:mklittlefs@3.1.0-gcc10.3-e5f9fec"
time="2026-03-06T22:07:41Z" level=info msg="Tool required for debug" tool="esp8266:mkspiffs@3.1.0-gcc10.3-e5f9fec"
time="2026-03-06T22:07:41Z" level=info msg="Tool required for debug" tool="esp8266:python3@3.7.2-post1"
time="2026-03-06T22:07:41Z" level=info msg="Tool required for debug" tool="esp8266:xtensa-lx106-elf-gcc@3.1.0-gcc10.3-e5f9fec"
time="2026-03-06T22:07:41Z" level=info msg="Tool required for debug" tool="arduino:avrdude@8.0.0-arduino1"
time="2026-03-06T22:07:41Z" level=info msg="Tool required for debug" tool="builtin:serial-monitor@0.15.0"
time="2026-03-06T22:07:41Z" level=info msg="Tool required for debug" tool="esp32:esp32p4_es-libs@3.3.7"
time="2026-03-06T22:07:41Z" level=info msg="Tool required for debug" tool="esp32:esp32s3-libs@3.3.7"
time="2026-03-06T22:07:41Z" level=info msg="Tool required for debug" tool="esp32:esp32h2-libs@3.3.7"
time="2026-03-06T22:07:41Z" level=info msg="Tool required for debug" tool="esp32:esp32c5-libs@3.3.7"
time="2026-03-06T22:07:41Z" level=info msg="Tool required for debug" tool="esp32:esp32c6-libs@3.3.7"
time="2026-03-06T22:07:41Z" level=info msg="Tool required for debug" tool="builtin:serial-discovery@1.4.3"
time="2026-03-06T22:07:41Z" level=info msg="Tool required for debug" tool="esp32:esp-x32@2511"
time="2026-03-06T22:07:41Z" level=info msg="Tool required for debug" tool="esp32:esp32-libs@3.3.7"
time="2026-03-06T22:07:41Z" level=info msg="Tool required for debug" tool="esp32:esp32s2-libs@3.3.7"
time="2026-03-06T22:07:41Z" level=info msg="Tool required for debug" tool="esp32:esp32c3-libs@3.3.7"
time="2026-03-06T22:07:41Z" level=info msg="Tool required for debug" tool="esp32:riscv32-esp-elf-gdb@16.3_20250913"
time="2026-03-06T22:07:41Z" level=info msg="Tool required for debug" tool="esp32:esptool_py@5.1.0"
time="2026-03-06T22:07:41Z" level=info msg="Tool required for debug" tool="esp8266:mklittlefs@3.1.0-gcc10.3-e5f9fec"
time="2026-03-06T22:07:41Z" level=info msg="Tool required for debug" tool="esp8266:mkspiffs@3.1.0-gcc10.3-e5f9fec"
time="2026-03-06T22:07:41Z" level=info msg="Tool required for debug" tool="esp8266:python3@3.7.2-post1"
time="2026-03-06T22:07:41Z" level=info msg="Tool required for debug" tool="esp8266:xtensa-lx106-elf-gcc@3.1.0-gcc10.3-e5f9fec"
time="2026-03-06T22:07:41Z" level=info msg="Tool required for debug" tool="esp32:esp32-libs@3.3.7"
time="2026-03-06T22:07:41Z" level=info msg="Tool required for debug" tool="esp32:esp32s2-libs@3.3.7"
time="2026-03-06T22:07:41Z" level=info msg="Tool required for debug" tool="esp32:xtensa-esp-elf-gdb@16.3_20250913"
time="2026-03-06T22:07:41Z" level=info msg="Tool required for debug" tool="esp32:esp32c6-libs@3.3.7"
time="2026-03-06T22:07:41Z" level=info msg="Tool required for debug" tool="arduino:avr-gcc@7.3.0-atmel3.6.1-arduino7"
2026-03-06 22:07:41 2026-03-06T22:07:41.908Z daemon INFO time="2026-03-06T22:07:41Z" level=info msg="Tool required for debug" tool="arduino:dfu-util@0.11.0-arduino5"
time="2026-03-06T22:07:41Z" level=info msg="Tool required for debug" tool="arduino:avrdude@8.0.0-arduino1"
time="2026-03-06T22:07:41Z" level=info msg="Tool required for debug" tool="esp32:riscv32-esp-elf-gdb@16.3_20250913"
time="2026-03-06T22:07:41Z" level=info msg="Tool required for debug" tool="esp32:esp32s3-libs@3.3.7"
time="2026-03-06T22:07:41Z" level=info msg="Tool required for debug" tool="esp32:esptool_py@5.1.0"
time="2026-03-06T22:07:41Z" level=info msg="Tool required for debug" tool="esp32:esp32c5-libs@3.3.7"
time="2026-03-06T22:07:41Z" level=info msg="Tool required for debug" tool="builtin:ctags@5.8-arduino11"
time="2026-03-06T22:07:41Z" level=info msg="Tool required for debug" tool="arduino:avr-gcc@7.3.0-atmel3.6.1-arduino7"
time="2026-03-06T22:07:41Z" level=info msg="Tool required for debug" tool="arduino:arduinoOTA@1.3.0"
time="2026-03-06T22:07:41Z" level=info msg="Tool required for debug" tool="builtin:dfu-discovery@0.1.2"
time="2026-03-06T22:07:41Z" level=info msg="Tool required for debug" tool="builtin:mdns-discovery@1.0.12"
time="2026-03-06T22:07:41Z" level=info msg="Tool required for debug" tool="arduino:dfu-util@0.11.0-arduino5"
time="2026-03-06T22:07:41Z" level=info msg="Tool required for debug" tool="builtin:ctags@5.8-arduino11"
2026-03-06 22:07:41 2026-03-06T22:07:41.908Z daemon INFO time="2026-03-06T22:07:41Z" level=info msg="Tool required for debug" tool="builtin:mdns-discovery@1.0.12"
time="2026-03-06T22:07:41Z" level=info msg="Tool required for debug" tool="builtin:serial-discovery@1.4.3"
2026-03-06 22:07:41 2026-03-06T22:07:41.908Z daemon INFO time="2026-03-06T22:07:41Z" level=info msg="Tool required for debug" tool="esp32:esp-x32@2511"
2026-03-06 22:07:41 2026-03-06T22:07:41.912Z daemon INFO time="2026-03-06T22:07:41Z" level=info msg="Tool required for debug" tool="esp32:esp32h2-libs@3.3.7"
time="2026-03-06T22:07:41Z" level=info msg="Tool required for debug" tool="esp32:esp32c3-libs@3.3.7"
time="2026-03-06T22:07:41Z" level=info msg="Tool required for debug" tool="esp32:esp32p4-libs@3.3.7"
time="2026-03-06T22:07:41Z" level=info msg="Tool required for debug" tool="builtin:dfu-discovery@0.1.2"
time="2026-03-06T22:07:41Z" level=info msg="Tool required for debug" tool="esp32:esp-rv32@2511"
time="2026-03-06T22:07:41Z" level=info msg="Tool required for debug" tool="esp32:openocd-esp32@v0.12.0-esp32-20251215"
time="2026-03-06T22:07:41Z" level=info msg="Tool required for debug" tool="arduino:arduinoOTA@1.3.0"
time="2026-03-06T22:07:41Z" level=info msg="Tool required for debug" tool="builtin:serial-monitor@0.15.0"
time="2026-03-06T22:07:41Z" level=info msg="Tool required for debug" tool="esp32:esp-rv32@2511"
time="2026-03-06T22:07:41Z" level=info msg="Tool required for debug" tool="esp32:esp32p4-libs@3.3.7"
time="2026-03-06T22:07:41Z" level=info msg="Tool required for debug" tool="esp32:xtensa-esp-elf-gdb@16.3_20250913"
time="2026-03-06T22:07:41Z" level=info msg="Tool required for debug" tool="esp32:openocd-esp32@v0.12.0-esp32-20251215"
time="2026-03-06T22:07:41Z" level=info msg="Tool required for debug" tool="esp32:esp32p4_es-libs@3.3.7"
2026-03-06 22:07:41 2026-03-06T22:07:41.913Z root ERROR Failed to get debug config: esp8266:esp8266:generic:led=2,baud=115200,xtal=80,CrystalFreq=26,eesz=1M64,FlashMode=dout,FlashFreq=40,ResetMethod=nodemcu,dbg=Disabled,lvl=None____,ip=lm2f,vt=flash,exception=disabled,stacksmash=disabled,wipe=none,sdk=nonosdk_190703,ssl=all,mmu=3232,non32xfer=fast, undefined Error: Debugging is not supported.
    at Object.callback (/opt/arduino-ide/resources/app/lib/backend/main.js:2:4756202)
    at Object.onReceiveStatus (/opt/arduino-ide/resources/app/lib/backend/main.js:2:3791917)
    at Object.onReceiveStatus (/opt/arduino-ide/resources/app/lib/backend/main.js:2:2225840)
    at Object.onReceiveStatus (/opt/arduino-ide/resources/app/lib/backend/main.js:2:2225285)
    at /opt/arduino-ide/resources/app/lib/backend/main.js:2:4362019
    at process.processTicksAndRejections (node:internal/process/task_queues:77:11)
2026-03-06 22:07:41 2026-03-06T22:07:41.913Z root ERROR Failed to get debug config: esp8266:esp8266:generic:led=2,baud=115200,xtal=80,CrystalFreq=26,eesz=1M64,FlashMode=dout,FlashFreq=40,ResetMethod=nodemcu,dbg=Disabled,lvl=None____,ip=lm2f,vt=flash,exception=disabled,stacksmash=disabled,wipe=none,sdk=nonosdk_190703,ssl=all,mmu=3232,non32xfer=fast, undefined Error: Debugging is not supported.
    at Object.callback (/opt/arduino-ide/resources/app/lib/backend/main.js:2:4756202)
    at Object.onReceiveStatus (/opt/arduino-ide/resources/app/lib/backend/main.js:2:3791917)
    at Object.onReceiveStatus (/opt/arduino-ide/resources/app/lib/backend/main.js:2:2225840)
    at Object.onReceiveStatus (/opt/arduino-ide/resources/app/lib/backend/main.js:2:2225285)
    at /opt/arduino-ide/resources/app/lib/backend/main.js:2:4362019
    at process.processTicksAndRejections (node:internal/process/task_queues:77:11)
2026-03-06 22:07:42 2026-03-06T22:07:42.024Z daemon INFO time="2026-03-06T22:07:41Z" level=info msg="Tool required for debug" tool="arduino:dfu-util@0.11.0-arduino5"
time="2026-03-06T22:07:41Z" level=info msg="Tool required for debug" tool="esp32:esp-rv32@2511"
time="2026-03-06T22:07:41Z" level=info msg="Tool required for debug" tool="esp32:esp-x32@2511"
time="2026-03-06T22:07:41Z" level=info msg="Tool required for debug" tool="esp32:esp32-libs@3.3.7"
time="2026-03-06T22:07:41Z" level=info msg="Tool required for debug" tool="esp32:esp32c3-libs@3.3.7"
time="2026-03-06T22:07:41Z" level=info msg="Tool required for debug" tool="esp32:esp32c5-libs@3.3.7"
time="2026-03-06T22:07:41Z" level=info msg="Tool required for debug" tool="esp32:esp32c6-libs@3.3.7"
time="2026-03-06T22:07:41Z" level=info msg="Tool required for debug" tool="esp32:esp32h2-libs@3.3.7"
time="2026-03-06T22:07:41Z" level=info msg="Tool required for debug" tool="esp32:esp32p4-libs@3.3.7"
time="2026-03-06T22:07:41Z" level=info msg="Tool required for debug" tool="esp32:esp32p4_es-libs@3.3.7"
time="2026-03-06T22:07:41Z" level=info msg="Tool required for debug" tool="esp32:esp32s2-libs@3.3.7"
time="2026-03-06T22:07:41Z" level=info msg="Tool required for debug" tool="esp32:esp32s3-libs@3.3.7"
time="2026-03-06T22:07:41Z" level=info msg="Tool required for debug" tool="esp32:esptool_py@5.1.0"
time="2026-03-06T22:07:41Z" level=info msg="Tool required for debug" tool="esp32:mklittlefs@4.0.2-db0513a"
time="2026-03-06T22:07:41Z" level=info msg="Tool required for debug" tool="esp32:mkspiffs@0.2.3"
time="2026-03-06T22:07:41Z" level=info msg="Tool required for debug" tool="esp32:openocd-esp32@v0.12.0-esp32-20251215"
time="2026-03-06T22:07:41Z" level=info msg="Tool required for debug" tool="esp32:riscv32-esp-elf-gdb@16.3_20250913"
time="2026-03-06T22:07:41Z" level=info msg="Tool required for debug" tool="esp32:xtensa-esp-elf-gdb@16.3_20250913"
time="2026-03-06T22:07:41Z" level=info msg="Tool required for debug" tool="arduino:avrdude@8.0.0-arduino1"
time="2026-03-06T22:07:41Z" level=info msg="Tool required for debug" tool="builtin:serial-monitor@0.15.0"
time="2026-03-06T22:07:41Z" level=info msg="Tool required for debug" tool="esp8266:python3@3.7.2-post1"
time="2026-03-06T22:07:41Z" level=info msg="Tool required for debug" tool="arduino:arduinoOTA@1.3.0"
time="2026-03-06T22:07:41Z" level=info msg="Tool required for debug" tool="builtin:ctags@5.8-arduino11"
time="2026-03-06T22:07:41Z" level=info msg="Tool required for debug" tool="builtin:mdns-discovery@1.0.12"
time="2026-03-06T22:07:41Z" level=info msg="Tool required for debug" tool="esp8266:xtensa-lx106-elf-gcc@3.1.0-gcc10.3-e5f9fec"
time="2026-03-06T22:07:41Z" level=info msg="Tool required for debug" tool="builtin:dfu-discovery@0.1.2"
time="2026-03-06T22:07:41Z" level=info msg="Tool required for debug" tool="builtin:serial-discovery@1.4.3"
time="2026-03-06T22:07:41Z" level=info msg="Tool required for debug" tool="arduino:avr-gcc@7.3.0-atmel3.6.1-arduino7"
time="2026-03-06T22:07:41Z" level=info msg="Tool required for debug" tool="arduino:dfu-util@0.11.0-arduino5"
time="2026-03-06T22:07:41Z" level=info msg="Tool required for debug" tool="esp32:esp-rv32@2511"
time="2026-03-06T22:07:41Z" level=info msg="Tool required for debug" tool="esp32:esp-x32@2511"
time="2026-03-06T22:07:41Z" level=info msg="Tool required for debug" tool="esp32:esp32-libs@3.3.7"
time="2026-03-06T22:07:41Z" level=info msg="Tool required for debug" tool="esp32:esp32c3-libs@3.3.7"
time="2026-03-06T22:07:41Z" level=info msg="Tool required for debug" tool="esp32:esp32c5-libs@3.3.7"
time="2026-03-06T22:07:41Z" level=info msg="Tool required for debug" tool="esp32:esp32c6-libs@3.3.7"
time="2026-03-06T22:07:41Z" level=info msg="Tool required for debug" tool="esp32:esp32h2-libs@3.3.7"
time="2026-03-06T22:07:41Z" level=info msg="Tool required for debug" tool="esp32:esp32p4-libs@3.3.7"
time="2026-03-06T22:07:41Z" level=info msg="Tool required for debug" tool="esp32:esp32p4_es-libs@3.3.7"
time="2026-03-06T22:07:41Z" level=info msg="Tool required for debug" tool="esp32:esp32s2-libs@3.3.7"
time="2026-03-06T22:07:41Z" level=info msg="Tool required for debug" tool="esp32:esp32s3-libs@3.3.7"
time="2026-03-06T22:07:41Z" level=info msg="Tool required for debug" tool="esp32:esptool_py@5.1.0"
time="2026-03-06T22:07:41Z" level=info msg="Tool required for debug" tool="esp32:mklittlefs@4.0.2-db0513a"
time="2026-03-06T22:07:41Z" level=info msg="Tool required for debug" tool="esp32:mkspiffs@0.2.3"
time="2026-03-06T22:07:41Z" level=info msg="Tool required for debug" tool="esp32:openocd-esp32@v0.12.0-esp32-20251215"
time="2026-03-06T22:07:41Z" level=info msg="Tool required for debug" tool="esp32:riscv32-esp-elf-gdb@16.3_20250913"
time="2026-03-06T22:07:41Z" level=info msg="Tool required for debug" tool="esp32:xtensa-esp-elf-gdb@16.3_20250913"
time="2026-03-06T22:07:41Z" level=info msg="Tool required for debug" tool="arduino:avrdude@8.0.0-arduino1"
time="2026-03-06T22:07:41Z" level=info msg="Tool required for debug" tool="builtin:dfu-discovery@0.1.2"
time="2026-03-06T22:07:41Z" level=info msg="Tool required for debug" tool="builtin:mdns-discovery@1.0.12"
time="2026-03-06T22:07:41Z" level=info msg="Tool required for debug" tool="esp8266:python3@3.7.2-post1"
time="2026-03-06T22:07:41Z" level=info msg="Tool required for debug" tool="esp8266:xtensa-lx106-elf-gcc@3.1.0-gcc10.3-e5f9fec"
time="2026-03-06T22:07:41Z" level=info msg="Tool required for debug" tool="arduino:arduinoOTA@1.3.0"
time="2026-03-06T22:07:41Z" level=info msg="Tool required for debug" tool="arduino:avr-gcc@7.3.0-atmel3.6.1-arduino7"
time="2026-03-06T22:07:41Z" level=info msg="Tool required for debug" tool="builtin:serial-monitor@0.15.0"
time="2026-03-06T22:07:41Z" level=info msg="Tool required for debug" tool="builtin:ctags@5.8-arduino11"
time="2026-03-06T22:07:41Z" level=info msg="Tool required for debug" tool="builtin:serial-discovery@1.4.3"
time="2026-03-06T22:07:41Z" level=info msg="Tool required for debug" tool="arduino:dfu-util@0.11.0-arduino5"
time="2026-03-06T22:07:41Z" level=info msg="Tool required for debug" tool="esp32:esp-rv32@2511"
time="2026-03-06T22:07:41Z" level=info msg="Tool required for debug" tool="esp32:esp-x32@2511"
time="2026-03-06T22:07:41Z" level=info msg="Tool required for debug" tool="esp32:esp32-libs@3.3.7"
time="2026-03-06T22:07:41Z" level=info msg="Tool required for debug" tool="esp32:esp32c3-libs@3.3.7"
time="2026-03-06T22:07:41Z" level=info msg="Tool required for debug" tool="esp32:esp32c5-libs@3.3.7"
time="2026-03-06T22:07:41Z" level=info msg="Tool required for debug" tool="esp32:esp32c6-libs@3.3.7"
time="2026-03-06T22:07:41Z" level=info msg="Tool required for debug" tool="esp32:esp32h2-libs@3.3.7"
time="2026-03-06T22:07:41Z" level=info msg="Tool required for debug" tool="esp32:esp32p4-libs@3.3.7"
time="2026-03-06T22:07:41Z" level=info msg="Tool required for debug" tool="esp32:esp32p4_es-libs@3.3.7"
time="2026-03-06T22:07:41Z" level=info msg="Tool required for debug" tool="esp32:esp32s2-libs@3.3.7"
time="2026-03-06T22:07:41Z" level=info msg="Tool required for debug" tool="esp32:esp32s3-libs@3.3.7"
time="2026-03-06T22:07:41Z" level=info msg="Tool required for debug" tool="esp32:esptool_py@5.1.0"
time="2026-03-06T22:07:41Z" level=info msg="Tool required for debug" tool="esp32:mklittlefs@4.0.2-db0513a"
time="2026-03-06T22:07:41Z" level=info msg="Tool required for debug" tool="esp32:mkspiffs@0.2.3"
time="2026-03-06T22:07:41Z" level=info msg="Tool required for debug" tool="esp32:openocd-esp32@v0.12.0-esp32-20251215"
time="2026-03-06T22:07:41Z" level=info msg="Tool required for debug" tool="esp32:riscv32-esp-elf-gdb@16.3_20250913"
time="2026-03-06T22:07:41Z" level=info msg="Tool required for debug" tool="esp32:xtensa-esp-elf-gdb@16.3_20250913"
time="2026-03-06T22:07:41Z" level=info msg="Tool required for debug" tool="builtin:ctags@5.8-arduino11"
time="2026-03-06T22:07:41Z" level=info msg="Tool required for debug" tool="builtin:dfu-discovery@0.1.2"
time="2026-03-06T22:07:41Z" level=info msg="Tool required for debug" tool="builtin:mdns-discovery@1.0.12"
time="2026-03-06T22:07:41Z" level=info msg="Tool required for debug" tool="esp8266:python3@3.7.2-post1"
time="2026-03-06T22:07:41Z" level=info msg="Tool required for debug" tool="esp8266:xtensa-lx106-elf-gcc@3.1.0-gcc10.3-e5f9fec"
time="2026-03-06T22:07:41Z" level=info msg="Tool required for debug" tool="arduino:avr-gcc@7.3.0-atmel3.6.1-arduino7"
time="2026-03-06T22:07:41Z" level=info msg="Tool required for debug" tool="arduino:avrdude@8.0.0-arduino1"
time="2026-03-06T22:07:41Z" level=info msg="Tool required for debug" tool="arduino:arduinoOTA@1.3.0"
time="2026-03-06T22:07:41Z" level=info msg="Tool required for debug" tool="builtin:serial-discovery@1.4.3"
time="2026-03-06T22:07:41Z" level=info msg="Tool required for debug" tool="builtin:serial-monitor@0.15.0"
time="2026-03-06T22:07:41Z" level=info msg="Tool required for debug" tool="arduino:dfu-util@0.11.0-arduino5"
time="2026-03-06T22:07:41Z" level=info msg="Tool required for debug" tool="esp32:esp-rv32@2511"
time="2026-03-06T22:07:41Z" level=info msg="Tool required for debug" tool="esp32:esp-x32@2511"
time="2026-03-06T22:07:41Z" level=info msg="Tool required for debug" tool="esp32:esp32-libs@3.3.7"
time="2026-03-06T22:07:41Z" level=info msg="Tool required for debug" tool="esp32:esp32c3-libs@3.3.7"
time="2026-03-06T22:07:41Z" level=info msg="Tool required for debug" tool="esp32:esp32c5-libs@3.3.7"
time="2026-03-06T22:07:41Z" level=info msg="Tool required for debug" tool="esp32:esp32c6-libs@3.3.7"
time="2026-03-06T22:07:41Z" level=info msg="Tool required for debug" tool="esp32:esp32h2-libs@3.3.7"
time="2026-03-06T22:07:41Z" level=info msg="Tool required for debug" tool="esp32:esp32p4-libs@3.3.7"
time="2026-03-06T22:07:41Z" level=info msg="Tool required for debug" tool="esp32:esp32p4_es-libs@3.3.7"
time="2026-03-06T22:07:41Z" level=info msg="Tool required for debug" tool="esp32:esp32s2-libs@3.3.7"
time="2026-03-06T22:07:41Z" level=info msg="Tool required for debug" tool="esp32:esp32s3-libs@3.3.7"
time="2026-03-06T22:07:41Z" level=info msg="Tool required for debug" tool="esp32:esptool_py@5.1.0"
time="2026-03-06T22:07:41Z" level=info msg="Tool required for debug" tool="esp32:mklittlefs@4.0.2-db0513a"
time="2026-03-06T22:07:41Z" level=info msg="Tool required for debug" tool="esp32:mkspiffs@0.2.3"
time="2026-03-06T22:07:41Z" level=info msg="Tool required for debug" tool="esp32:openocd-esp32@v0.12.0-esp32-20251215"
time="2026-03-06T22:07:41Z" level=info msg="Tool required for debug" tool="esp32:riscv32-esp-elf-gdb@16.3_20250913"
time="2026-03-06T22:07:41Z" level=info msg="Tool required for debug" tool="esp32:xtensa-esp-elf-gdb@16.3_20250913"
time="2026-03-06T22:07:41Z" level=info msg="Tool required for debug" tool="builtin:dfu-discovery@0.1.2"
time="2026-03-06T22:07:41Z" level=info msg="Tool required for debug" tool="builtin:mdns-discovery@1.0.12"
time="2026-03-06T22:07:41Z" level=info msg="Tool required for debug" tool="esp8266:python3@3.7.2-post1"
time="2026-03-06T22:07:41Z" level=info msg="Tool required for debug" tool="esp8266:xtensa-lx106-elf-gcc@3.1.0-gcc10.3-e5f9fec"
time="2026-03-06T22:07:41Z" level=info msg="Tool required for debug" tool="arduino:avrdude@8.0.0-arduino1"
time="2026-03-06T22:07:41Z" level=info msg="Tool required for debug" tool="builtin:serial-monitor@0.15.0"
time="2026-03-06T22:07:41Z" level=info msg="Tool required for debug" tool="builtin:serial-discovery@1.4.3"
time="2026-03-06T22:07:41Z" level=info msg="Tool required for debug" tool="arduino:avr-gcc@7.3.0-atmel3.6.1-arduino7"
time="2026-03-06T22:07:41Z" level=info msg="Tool required for debug" tool="arduino:arduinoOTA@1.3.0"
time="2026-03-06T22:07:41Z" level=info msg="Tool required for debug" tool="builtin:ctags@5.8-arduino11"
time="2026-03-06T22:07:41Z" level=info msg="Tool required for debug" tool="arduino:dfu-util@0.11.0-arduino5"
time="2026-03-06T22:07:41Z" level=info msg="Tool required for debug" tool="esp32:esp-rv32@2511"
time="2026-03-06T22:07:41Z" level=info msg="Tool required for debug" tool="esp32:esp-x32@2511"
time="2026-03-06T22:07:41Z" level=info msg="Tool required for debug" tool="esp32:esp32-libs@3.3.7"
time="2026-03-06T22:07:41Z" level=info msg="Tool required for debug" tool="esp32:esp32c3-libs@3.3.7"
time="2026-03-06T22:07:41Z" level=info msg="Tool required for debug" tool="esp32:esp32c5-libs@3.3.7"
time="2026-03-06T22:07:41Z" level=info msg="Tool required for debug" tool="esp32:esp32c6-libs@3.3.7"
time="2026-03-06T22:07:41Z" level=info msg="Tool required for debug" tool="esp32:esp32h2-libs@3.3.7"
time="2026-03-06T22:07:41Z" level=info msg="Tool required for debug" tool="esp32:esp32p4-libs@3.3.7"
time="2026-03-06T22:07:41Z" level=info msg="Tool required for debug" tool="esp32:esp32p4_es-libs@3.3.7"
time="2026-03-06T22:07:41Z" level=info msg="Tool required for debug" tool="esp32:esp32s2-libs@3.3.7"
time="2026-03-06T22:07:41Z" level=info msg="Tool required for debug" tool="esp32:esp32s3-libs@3.3.7"
time="2026-03-06T22:07:41Z" level=info msg="Tool required for debug" tool="esp32:esptool_py@5.1.0"
time="2026-03-06T22:07:41Z" level=info msg="Tool required for debug" tool="esp32:mklittlefs@4.0.2-db0513a"
time="2026-03-06T22:07:41Z" level=info msg="Tool required for debug" tool="esp32:mkspiffs@0.2.3"
time="2026-03-06T22:07:41Z" level=info msg="Tool required for debug" tool="esp32:openocd-esp32@v0.12.0-esp32-20251215"
time="2026-03-06T22:07:41Z" level=info msg="Tool required for debug" tool="esp32:riscv32-esp-elf-gdb@16.3_20250913"
time="2026-03-06T22:07:41Z" level=info msg="Tool required for debug" tool="esp32:xtensa-esp-elf-gdb@16.3_20250913"
time="2026-03-06T22:07:41Z" level=info msg="Tool required for debug" tool="builtin:ctags@5.8-arduino11"
time="2026-03-06T22:07:41Z" level=info msg="Tool required for debug" tool="esp8266:xtensa-lx106-elf-gcc@3.1.0-gcc10.3-e5f9fec"
time="2026-03-06T22:07:41Z" level=info msg="Tool required for debug" tool="arduino:arduinoOTA@1.3.0"
time="2026-03-06T22:07:41Z" level=info msg="Tool required for debug" tool="esp8266:python3@3.7.2-post1"
time="2026-03-06T22:07:41Z" level=info msg="Tool required for debug" tool="arduino:avrdude@8.0.0-arduino1"
time="2026-03-06T22:07:41Z" level=info msg="Tool required for debug" tool="arduino:avr-gcc@7.3.0-atmel3.6.1-arduino7"
time="2026-03-06T22:07:41Z" level=info msg="Tool required for debug" tool="builtin:dfu-discovery@0.1.2"
time="2026-03-06T22:07:41Z" level=info msg="Tool required for debug" tool="builtin:mdns-discovery@1.0.12"
time="2026-03-06T22:07:41Z" level=info msg="Tool required for debug" tool="builtin:serial-discovery@1.4.3"
time="2026-03-06T22:07:41Z" level=info msg="Tool required for debug" tool="builtin:serial-monitor@0.15.0"
time="2026-03-06T22:07:41Z" level=info msg="Tool required for debug" tool="arduino:dfu-util@0.11.0-arduino5"
time="2026-03-06T22:07:41Z" level=info msg="Tool required for debug" tool="esp32:esp-rv32@2511"
time="2026-03-06T22:07:41Z" level=info msg="Tool required for debug" tool="esp32:esp-x32@2511"
time="2026-03-06T22:07:41Z" level=info msg="Tool required for debug" tool="esp32:esp32-libs@3.3.7"
time="2026-03-06T22:07:41Z" level=info msg="Tool required for debug" tool="esp32:esp32c3-libs@3.3.7"
time="2026-03-06T22:07:41Z" level=info msg="Tool required for debug" tool="esp32:esp32c5-libs@3.3.7"
time="2026-03-06T22:07:41Z" level=info msg="Tool required for debug" tool="esp32:esp32c6-libs@3.3.7"
time="2026-03-06T22:07:41Z" level=info msg="Tool required for debug" tool="esp32:esp32h2-libs@3.3.7"
time="2026-03-06T22:07:41Z" level=info msg="Tool required for debug" tool="esp32:esp32p4-libs@3.3.7"
time="2026-03-06T22:07:41Z" level=info msg="Tool required for debug" tool="esp32:esp32p4_es-libs@3.3.7"
time="2026-03-06T22:07:41Z" level=info msg="Tool required for debug" tool="esp32:esp32s2-libs@3.3.7"
time="2026-03-06T22:07:41Z" level=info msg="Tool required for debug" tool="esp32:esp32s3-libs@3.3.7"
time="2026-03-06T22:07:41Z" level=info msg="Tool required for debug" tool="esp32:esptool_py@5.1.0"
time="2026-03-06T22:07:41Z" level=info msg="Tool required for debug" tool="esp32:mklittlefs@4.0.2-db0513a"
time="2026-03-06T22:07:41Z" level=info msg="Tool required for debug" tool="esp32:mkspiffs@0.2.3"
time="2026-03-06T22:07:41Z" level=info msg="Tool required for debug" tool="esp32:openocd-esp32@v0.12.0-esp32-20251215"
time="2026-03-06T22:07:41Z" level=info msg="Tool required for debug" tool="esp32:riscv32-esp-elf-gdb@16.3_20250913"
time="2026-03-06T22:07:41Z" level=info msg="Tool required for debug" tool="esp32:xtensa-esp-elf-gdb@16.3_20250913"
time="2026-03-06T22:07:41Z" level=info msg="Tool required for debug" tool="arduino:arduinoOTA@1.3.0"
time="2026-03-06T22:07:41Z" level=info msg="Tool required for debug" tool="builtin:serial-monitor@0.15.0"
time="2026-03-06T22:07:41Z" level=info msg="Tool required for debug" tool="builtin:mdns-discovery@1.0.12"
time="2026-03-06T22:07:41Z" level=info msg="Tool required for debug" tool="esp8266:python3@3.7.2-post1"
time="2026-03-06T22:07:41Z" level=info msg="Tool required for debug" tool="esp8266:xtensa-lx106-elf-gcc@3.1.0-gcc10.3-e5f9fec"
time="2026-03-06T22:07:41Z" level=info msg="Tool required for debug" tool="builtin:ctags@5.8-arduino11"
time="2026-03-06T22:07:41Z" level=info msg="Tool required for debug" tool="arduino:avr-gcc@7.3.0-atmel3.6.1-arduino7"
time="2026-03-06T22:07:41Z" level=info msg="Tool required for debug" tool="builtin:serial-discovery@1.4.3"
time="2026-03-06T22:07:41Z" level=info msg="Tool required for debug" tool="builtin:dfu-discovery@0.1.2"
time="2026-03-06T22:07:41Z" level=info msg="Tool required for debug" tool="arduino:avrdude@8.0.0-arduino1"
time="2026-03-06T22:07:41Z" level=info msg="Tool required for debug" tool="arduino:dfu-util@0.11.0-arduino5"
time="2026-03-06T22:07:41Z" level=info msg="Tool required for debug" tool="esp32:esp-rv32@2511"
time="2026-03-06T22:07:41Z" level=info msg="Tool required for debug" tool="esp32:esp-x32@2511"
time="2026-03-06T22:07:41Z" level=info msg="Tool required for debug" tool="esp32:esp32-libs@3.3.7"
time="2026-03-06T22:07:41Z" level=info msg="Tool required for debug" tool="esp32:esp32c3-libs@3.3.7"
time="2026-03-06T22:07:41Z" level=info msg="Tool required for debug" tool="esp32:esp32c5-libs@3.3.7"
time="2026-03-06T22:07:41Z" level=info msg="Tool required for debug" tool="esp32:esp32c6-libs@3.3.7"
time="2026-03-06T22:07:41Z" level=info msg="Tool required for debug" tool="esp32:esp32h2-libs@3.3.7"
time="2026-03-06T22:07:41Z" level=info msg="Tool required for debug" tool="esp32:esp32p4-libs@3.3.7"
time="2026-03-06T22:07:41Z" level=info msg="Tool required for debug" tool="esp32:esp32p4_es-libs@3.3.7"
time="2026-03-06T22:07:41Z" level=info msg="Tool required for debug" tool="esp32:esp32s2-libs@3.3.7"
time="2026-03-06T22:07:41Z" level=info msg="Tool required for debug" tool="esp32:esp32s3-libs@3.3.7"
time="2026-03-06T22:07:41Z" level=info msg="Tool required for debug" tool="esp32:esptool_py@5.1.0"
time="2026-03-06T22:07:41Z" level=info msg="Tool required for debug" tool="esp32:mklittlefs@4.0.2-db0513a"
time="2026-03-06T22:07:41Z" level=info msg="Tool required for debug" tool="esp32:mkspiffs@0.2.3"
time="2026-03-06T22:07:41Z" level=info msg="Tool required for debug" tool="esp32:openocd-esp32@v0.12.0-esp32-20251215"
time="2026-03-06T22:07:41Z" level=info msg="Tool required for debug" tool="esp32:riscv32-esp-elf-gdb@16.3_20250913"
time="2026-03-06T22:07:41Z" level=info msg="Tool required for debug" tool="esp32:xtensa-esp-elf-gdb@16.3_20250913"
time="2026-03-06T22:07:41Z" level=info msg="Tool required for debug" tool="arduino:arduinoOTA@1.3.0"
time="2026-03-06T22:07:41Z" level=info msg="Tool required for debug" tool="arduino:avr-gcc@7.3.0-atmel3.6.1-arduino7"
time="2026-03-06T22:07:41Z" level=info msg="Tool required for debug" tool="esp8266:python3@3.7.2-post1"
time="2026-03-06T22:07:41Z" level=info msg="Tool required for debug" tool="builtin:ctags@5.8-arduino11"
time="2026-03-06T22:07:41Z" level=info msg="Tool required for debug" tool="builtin:mdns-discovery@1.0.12"
time="2026-03-06T22:07:41Z" level=info msg="Tool required for debug" tool="builtin:serial-monitor@0.15.0"
time="2026-03-06T22:07:41Z" level=info msg="Tool required for debug" tool="esp8266:xtensa-lx106-elf-gcc@3.1.0-gcc10.3-e5f9fec"
time="2026-03-06T22:07:41Z" level=info msg="Tool required for debug" tool="arduino:avrdude@8.0.0-arduino1"
time="2026-03-06T22:07:41Z" level=info msg="Tool required for debug" tool="builtin:dfu-discovery@0.1.2"
time="2026-03-06T22:07:41Z" level=info msg="Tool required for debug" tool="builtin:serial-discovery@1.4.3"
time="2026-03-06T22:07:41Z" level=info msg="Tool required for debug" tool="arduino:dfu-util@0.11.0-arduino5"
time="2026-03-06T22:07:41Z" level=info msg="Tool required for debug" tool="esp32:esp-rv32@2511"
time="2026-03-06T22:07:41Z" level=info msg="Tool required for debug" tool="esp32:esp-x32@2511"
time="2026-03-06T22:07:41Z" level=info msg="Tool required for debug" tool="esp32:esp32-libs@3.3.7"
time="2026-03-06T22:07:41Z" level=info msg="Tool required for debug" tool="esp32:esp32c3-libs@3.3.7"
time="2026-03-06T22:07:41Z" level=info msg="Tool required for debug" tool="esp32:esp32c5-libs@3.3.7"
time="2026-03-06T22:07:41Z" level=info msg="Tool required for debug" tool="esp32:esp32c6-libs@3.3.7"
time="2026-03-06T22:07:41Z" level=info msg="Tool required for debug" tool="esp32:esp32h2-libs@3.3.7"
time="2026-03-06T22:07:41Z" level=info msg="Tool required for debug" tool="esp32:esp32p4-libs@3.3.7"
time="2026-03-06T22:07:41Z" level=info msg="Tool required for debug" tool="esp32:esp32p4_es-libs@3.3.7"
time="2026-03-06T22:07:41Z" level=info msg="Tool required for debug" tool="esp32:esp32s2-libs@3.3.7"
time="2026-03-06T22:07:41Z" level=info msg="Tool required for debug" tool="esp32:esp32s3-libs@3.3.7"
time="2026-03-06T22:07:41Z" level=info msg="Tool required for debug" tool="esp32:esptool_py@5.1.0"
time="2026-03-06T22:07:41Z" level=info msg="Tool required for debug" tool="esp32:mklittlefs@4.0.2-db0513a"
time="2026-03-06T22:07:41Z" level=info msg="Tool required for debug" tool="esp32:mkspiffs@0.2.3"
time="2026-03-06T22:07:41Z" level=info msg="Tool required for debug" tool="esp32:openocd-esp32@v0.12.0-esp32-20251215"
time="2026-03-06T22:07:41Z" level=info msg="Tool required for debug" tool="esp32:riscv32-esp-elf-gdb@16.3_20250913"
time="2026-03-06T22:07:41Z" level=info msg="Tool required for debug" tool="esp32:xtensa-esp-elf-gdb@16.3_20250913"
time="2026-03-06T22:07:41Z" level=info msg="Tool required for debug" tool="esp8266:python3@3.7.2-post1"
time="2026-03-06T22:07:41Z" level=info msg="Tool required for debug" tool="builtin:serial-monitor@0.15.0"
time="2026-03-06T22:07:41Z" level=info msg="Tool required for debug" tool="builtin:serial-discovery@1.4.3"
time="2026-03-06T22:07:41Z" level=info msg="Tool required for debug" tool="esp8266:xtensa-lx106-elf-gcc@3.1.0-gcc10.3-e5f9fec"
time="2026-03-06T22:07:41Z" level=info msg="Tool required for debug" tool="arduino:avrdude@8.0.0-arduino1"
time="2026-03-06T22:07:41Z" level=info msg="Tool required for debug" tool="arduino:avr-gcc@7.3.0-atmel3.6.1-arduino7"
time="2026-03-06T22:07:41Z" level=info msg="Tool required for debug" tool="builtin:ctags@5.8-arduino11"
time="2026-03-06T22:07:41Z" level=info msg="Tool required for debug" tool="builtin:dfu-discovery@0.1.2"
time="2026-03-06T22:07:41Z" level=info msg="Tool required for debug" tool="builtin:mdns-discovery@1.0.12"
time="2026-03-06T22:07:41Z" level=info msg="Tool required for debug" tool="arduino:arduinoOTA@1.3.0"
time="2026-03-06T22:07:41Z" level=info msg="Tool required for debug" tool="arduino:dfu-util@0.11.0-arduino5"
time="2026-03-06T22:07:41Z" level=info msg="Tool required for debug" tool="esp32:esp-rv32@2511"
time="2026-03-06T22:07:41Z" level=info msg="Tool required for debug" tool="esp32:esp-x32@2511"
time="2026-03-06T22:07:41Z" level=info msg="Tool required for debug" tool="esp32:esp32-libs@3.3.7"
time="2026-03-06T22:07:41Z" level=info msg="Tool required for debug" tool="esp32:esp32c3-libs@3.3.7"
time="2026-03-06T22:07:41Z" level=info msg="Tool required for debug" tool="esp32:esp32c5-libs@3.3.7"
time="2026-03-06T22:07:41Z" level=info msg="Tool required for debug" tool="esp32:esp32c6-libs@3.3.7"
time="2026-03-06T22:07:41Z" level=info msg="Tool required for debug" tool="esp32:esp32h2-libs@3.3.7"
time="2026-03-06T22:07:41Z" level=info msg="Tool required for debug" tool="esp32:esp32p4-libs@3.3.7"
time="2026-03-06T22:07:41Z" level=info msg="Tool required for debug" tool="esp32:esp32p4_es-libs@3.3.7"
time="2026-03-06T22:07:41Z" level=info msg="Tool required for debug" tool="esp32:esp32s2-libs@3.3.7"
time="2026-03-06T22:07:41Z" level=info msg="Tool required for debug" tool="esp32:esp32s3-libs@3.3.7"
time="2026-03-06T22:07:41Z" level=info msg="Tool required for debug" tool="esp32:esptool_py@5.1.0"
time="2026-03-06T22:07:41Z" level=info msg="Tool required for debug" tool="esp32:mklittlefs@4.0.2-db0513a"
time="2026-03-06T22:07:41Z" level=info msg="Tool required for debug" tool="esp32:mkspiffs@0.2.3"
time="2026-03-06T22:07:41Z" level=info msg="Tool required for debug" tool="esp32:openocd-esp32@v0.12.0-esp32-20251215"
time="2026-03-06T22:07:41Z" level=info msg="Tool required for debug" tool="esp32:riscv32-esp-elf-gdb@16.3_20250913"
time="2026-03-06T22:07:41Z" level=info msg="Tool required for debug" tool="esp32:xtensa-esp-elf-gdb@16.3_20250913"
time="2026-03-06T22:07:41Z" level=info msg="Tool required for debug" tool="builtin:serial-discovery@1.4.3"
time="2026-03-06T22:07:41Z" level=info msg="Tool required for debug" tool="arduino:avrdude@8.0.0-arduino1"
time="2026-03-06T22:07:41Z" level=info msg="Tool required for debug" tool="builtin:ctags@5.8-arduino11"
time="2026-03-06T22:07:41Z" level=info msg="Tool required for debug" tool="builtin:dfu-discovery@0.1.2"
time="2026-03-06T22:07:41Z" level=info msg="Tool required for debug" tool="builtin:mdns-discovery@1.0.12"
time="2026-03-06T22:07:41Z" level=info msg="Tool required for debug" tool="builtin:serial-monitor@0.15.0"
time="2026-03-06T22:07:41Z" level=info msg="Tool required for debug" tool="arduino:arduinoOTA@1.3.0"
time="2026-03-06T22:07:41Z" level=info msg="Tool required for debug" tool="esp8266:xtensa-lx106-elf-gcc@3.1.0-gcc10.3-e5f9fec"
time="2026-03-06T22:07:41Z" level=info msg="Tool required for debug" tool="esp8266:python3@3.7.2-post1"
time="2026-03-06T22:07:41Z" level=info msg="Tool required for debug" tool="arduino:avr-gcc@7.3.0-atmel3.6.1-arduino7"
time="2026-03-06T22:07:41Z" level=info msg="Tool required for debug" tool="arduino:dfu-util@0.11.0-arduino5"
time="2026-03-06T22:07:41Z" level=info msg="Tool required for debug" tool="esp32:esp-rv32@2511"
time="2026-03-06T22:07:41Z" level=info msg="Tool required for debug" tool="esp32:esp-x32@2511"
time="2026-03-06T22:07:41Z" level=info msg="Tool required for debug" tool="esp32:esp32-libs@3.3.7"
time="2026-03-06T22:07:41Z" level=info msg="Tool required for debug" tool="esp32:esp32c3-libs@3.3.7"
time="2026-03-06T22:07:41Z" level=info msg="Tool required for debug" tool="esp32:esp32c5-libs@3.3.7"
time="2026-03-06T22:07:41Z" level=info msg="Tool required for debug" tool="esp32:esp32c6-libs@3.3.7"
time="2026-03-06T22:07:41Z" level=info msg="Tool required for debug" tool="esp32:esp32h2-libs@3.3.7"
time="2026-03-06T22:07:41Z" level=info msg="Tool required for debug" tool="esp32:esp32p4-libs@3.3.7"
time="2026-03-06T22:07:41Z" level=info msg="Tool required for debug" tool="esp32:esp32p4_es-libs@3.3.7"
time="2026-03-06T22:07:41Z" level=info msg="Tool required for debug" tool="esp32:esp32s2-libs@3.3.7"
time="2026-03-06T22:07:41Z" level=info msg="Tool required for debug" tool="esp32:esp32s3-libs@3.3.7"
time="2026-03-06T22:07:41Z" level=info msg="Tool required for debug" tool="esp32:esptool_py@5.1.0"
time="2026-03-06T22:07:41Z" level=info msg="Tool required for debug" tool="esp32:mklittlefs@4.0.2-db0513a"
time="2026-03-06T22:07:41Z" level=info msg="Tool required for debug" tool="esp32:mkspiffs@0.2.3"
time="2026-03-06T22:07:41Z" level=info msg="Tool required for debug" tool="esp32:openocd-esp32@v0.12.0-esp32-20251215"
time="2026-03-06T22:07:41Z" level=info msg="Tool required for debug" tool="esp32:riscv32-esp-elf-gdb@16.3_20250913"
time="2026-03-06T22:07:41Z" level=info msg="Tool required for debug" tool="esp32:xtensa-esp-elf-gdb@16.3_20250913"
time="2026-03-06T22:07:41Z" level=info msg="Tool required for debug" tool="esp8266:python3@3.7.2-post1"
time="2026-03-06T22:07:41Z" level=info msg="Tool required for debug" tool="esp8266:xtensa-lx106-elf-gcc@3.1.0-gcc10.3-e5f9fec"
time="2026-03-06T22:07:41Z" level=info msg="Tool required for debug" tool="builtin:dfu-discovery@0.1.2"
time="2026-03-06T22:07:41Z" level=info msg="Tool required for debug" tool="builtin:serial-discovery@1.4.3"
time="2026-03-06T22:07:41Z" level=info msg="Tool required for debug" tool="builtin:serial-monitor@0.15.0"
time="2026-03-06T22:07:41Z" level=info msg="Tool required for debug" tool="builtin:ctags@5.8-arduino11"
time="2026-03-06T22:07:41Z" level=info msg="Tool required for debug" tool="arduino:avrdude@8.0.0-arduino1"
time="2026-03-06T22:07:41Z" level=info msg="Tool required for debug" tool="arduino:arduinoOTA@1.3.0"
time="2026-03-06T22:07:41Z" level=info msg="Tool required for debug" tool="builtin:mdns-discovery@1.0.12"
2026-03-06 22:07:42 2026-03-06T22:07:42.025Z daemon INFO time="2026-03-06T22:07:42Z" level=info msg="Tool required for debug" tool="arduino:avr-gcc@7.3.0-atmel3.6.1-arduino7"
2026-03-06 22:07:42 2026-03-06T22:07:42.028Z daemon INFO time="2026-03-06T22:07:42Z" level=info msg="Tool required for debug" tool="arduino:dfu-util@0.11.0-arduino5"
time="2026-03-06T22:07:42Z" level=info msg="Tool required for debug" tool="esp32:esp-rv32@2511"
time="2026-03-06T22:07:42Z" level=info msg="Tool required for debug" tool="esp32:esp-x32@2511"
time="2026-03-06T22:07:42Z" level=info msg="Tool required for debug" tool="esp32:esp32-libs@3.3.7"
time="2026-03-06T22:07:42Z" level=info msg="Tool required for debug" tool="esp32:esp32c3-libs@3.3.7"
time="2026-03-06T22:07:42Z" level=info msg="Tool required for debug" tool="esp32:esp32c5-libs@3.3.7"
time="2026-03-06T22:07:42Z" level=info msg="Tool required for debug" tool="esp32:esp32c6-libs@3.3.7"
time="2026-03-06T22:07:42Z" level=info msg="Tool required for debug" tool="esp32:esp32h2-libs@3.3.7"
time="2026-03-06T22:07:42Z" level=info msg="Tool required for debug" tool="esp32:esp32p4-libs@3.3.7"
time="2026-03-06T22:07:42Z" level=info msg="Tool required for debug" tool="esp32:esp32p4_es-libs@3.3.7"
time="2026-03-06T22:07:42Z" level=info msg="Tool required for debug" tool="esp32:esp32s2-libs@3.3.7"
time="2026-03-06T22:07:42Z" level=info msg="Tool required for debug" tool="esp32:esp32s3-libs@3.3.7"
time="2026-03-06T22:07:42Z" level=info msg="Tool required for debug" tool="esp32:esptool_py@5.1.0"
time="2026-03-06T22:07:42Z" level=info msg="Tool required for debug" tool="esp32:mklittlefs@4.0.2-db0513a"
time="2026-03-06T22:07:42Z" level=info msg="Tool required for debug" tool="esp32:mkspiffs@0.2.3"
time="2026-03-06T22:07:42Z" level=info msg="Tool required for debug" tool="esp32:openocd-esp32@v0.12.0-esp32-20251215"
time="2026-03-06T22:07:42Z" level=info msg="Tool required for debug" tool="esp32:riscv32-esp-elf-gdb@16.3_20250913"
time="2026-03-06T22:07:42Z" level=info msg="Tool required for debug" tool="esp32:xtensa-esp-elf-gdb@16.3_20250913"
time="2026-03-06T22:07:42Z" level=info msg="Tool required for debug" tool="arduino:arduinoOTA@1.3.0"
time="2026-03-06T22:07:42Z" level=info msg="Tool required for debug" tool="builtin:mdns-discovery@1.0.12"
time="2026-03-06T22:07:42Z" level=info msg="Tool required for debug" tool="builtin:dfu-discovery@0.1.2"
time="2026-03-06T22:07:42Z" level=info msg="Tool required for debug" tool="builtin:serial-monitor@0.15.0"
time="2026-03-06T22:07:42Z" level=info msg="Tool required for debug" tool="esp8266:python3@3.7.2-post1"
time="2026-03-06T22:07:42Z" level=info msg="Tool required for debug" tool="esp8266:xtensa-lx106-elf-gcc@3.1.0-gcc10.3-e5f9fec"
time="2026-03-06T22:07:42Z" level=info msg="Tool required for debug" tool="arduino:avrdude@8.0.0-arduino1"
time="2026-03-06T22:07:42Z" level=info msg="Tool required for debug" tool="builtin:ctags@5.8-arduino11"
time="2026-03-06T22:07:42Z" level=info msg="Tool required for debug" tool="builtin:serial-discovery@1.4.3"
time="2026-03-06T22:07:42Z" level=info msg="Tool required for debug" tool="arduino:avr-gcc@7.3.0-atmel3.6.1-arduino7"
2026-03-06 22:07:42 2026-03-06T22:07:42.031Z daemon INFO time="2026-03-06T22:07:42Z" level=info msg="Tool required for debug" tool="arduino:dfu-util@0.11.0-arduino5"
time="2026-03-06T22:07:42Z" level=info msg="Tool required for debug" tool="esp32:esp-rv32@2511"
time="2026-03-06T22:07:42Z" level=info msg="Tool required for debug" tool="esp32:esp-x32@2511"
time="2026-03-06T22:07:42Z" level=info msg="Tool required for debug" tool="esp32:esp32-libs@3.3.7"
time="2026-03-06T22:07:42Z" level=info msg="Tool required for debug" tool="esp32:esp32c3-libs@3.3.7"
time="2026-03-06T22:07:42Z" level=info msg="Tool required for debug" tool="esp32:esp32c5-libs@3.3.7"
time="2026-03-06T22:07:42Z" level=info msg="Tool required for debug" tool="esp32:esp32c6-libs@3.3.7"
time="2026-03-06T22:07:42Z" level=info msg="Tool required for debug" tool="esp32:esp32h2-libs@3.3.7"
time="2026-03-06T22:07:42Z" level=info msg="Tool required for debug" tool="esp32:esp32p4-libs@3.3.7"
time="2026-03-06T22:07:42Z" level=info msg="Tool required for debug" tool="esp32:esp32p4_es-libs@3.3.7"
time="2026-03-06T22:07:42Z" level=info msg="Tool required for debug" tool="esp32:esp32s2-libs@3.3.7"
time="2026-03-06T22:07:42Z" level=info msg="Tool required for debug" tool="esp32:esp32s3-libs@3.3.7"
time="2026-03-06T22:07:42Z" level=info msg="Tool required for debug" tool="esp32:esptool_py@5.1.0"
time="2026-03-06T22:07:42Z" level=info msg="Tool required for debug" tool="esp32:mklittlefs@4.0.2-db0513a"
time="2026-03-06T22:07:42Z" level=info msg="Tool required for debug" tool="esp32:mkspiffs@0.2.3"
time="2026-03-06T22:07:42Z" level=info msg="Tool required for debug" tool="esp32:openocd-esp32@v0.12.0-esp32-20251215"
time="2026-03-06T22:07:42Z" level=info msg="Tool required for debug" tool="esp32:riscv32-esp-elf-gdb@16.3_20250913"
time="2026-03-06T22:07:42Z" level=info msg="Tool required for debug" tool="esp32:xtensa-esp-elf-gdb@16.3_20250913"
time="2026-03-06T22:07:42Z" level=info msg="Tool required for debug" tool="esp8266:xtensa-lx106-elf-gcc@3.1.0-gcc10.3-e5f9fec"
time="2026-03-06T22:07:42Z" level=info msg="Tool required for debug" tool="builtin:ctags@5.8-arduino11"
time="2026-03-06T22:07:42Z" level=info msg="Tool required for debug" tool="builtin:mdns-discovery@1.0.12"
time="2026-03-06T22:07:42Z" level=info msg="Tool required for debug" tool="arduino:avr-gcc@7.3.0-atmel3.6.1-arduino7"
time="2026-03-06T22:07:42Z" level=info msg="Tool required for debug" tool="arduino:avrdude@8.0.0-arduino1"
time="2026-03-06T22:07:42Z" level=info msg="Tool required for debug" tool="arduino:arduinoOTA@1.3.0"
time="2026-03-06T22:07:42Z" level=info msg="Tool required for debug" tool="esp8266:python3@3.7.2-post1"
time="2026-03-06T22:07:42Z" level=info msg="Tool required for debug" tool="builtin:dfu-discovery@0.1.2"
time="2026-03-06T22:07:42Z" level=info msg="Tool required for debug" tool="builtin:serial-monitor@0.15.0"
time="2026-03-06T22:07:42Z" level=info msg="Tool required for debug" tool="builtin:serial-discovery@1.4.3"
2026-03-06 22:07:42 2026-03-06T22:07:42.032Z daemon INFO time="2026-03-06T22:07:42Z" level=info msg="Tool required for debug" tool="arduino:dfu-util@0.11.0-arduino5"
time="2026-03-06T22:07:42Z" level=info msg="Tool required for debug" tool="esp32:esp-rv32@2511"
time="2026-03-06T22:07:42Z" level=info msg="Tool required for debug" tool="esp32:esp-x32@2511"
time="2026-03-06T22:07:42Z" level=info msg="Tool required for debug" tool="esp32:esp32-libs@3.3.7"
time="2026-03-06T22:07:42Z" level=info msg="Tool required for debug" tool="esp32:esp32c3-libs@3.3.7"
time="2026-03-06T22:07:42Z" level=info msg="Tool required for debug" tool="esp32:esp32c5-libs@3.3.7"
2026-03-06 22:07:42 2026-03-06T22:07:42.032Z daemon INFO time="2026-03-06T22:07:42Z" level=info msg="Tool required for debug" tool="esp32:esp32c6-libs@3.3.7"
time="2026-03-06T22:07:42Z" level=info msg="Tool required for debug" tool="esp32:esp32h2-libs@3.3.7"
time="2026-03-06T22:07:42Z" level=info msg="Tool required for debug" tool="esp32:esp32p4-libs@3.3.7"
time="2026-03-06T22:07:42Z" level=info msg="Tool required for debug" tool="esp32:esp32p4_es-libs@3.3.7"
time="2026-03-06T22:07:42Z" level=info msg="Tool required for debug" tool="esp32:esp32s2-libs@3.3.7"
time="2026-03-06T22:07:42Z" level=info msg="Tool required for debug" tool="esp32:esp32s3-libs@3.3.7"
2026-03-06 22:07:42 2026-03-06T22:07:42.032Z daemon INFO time="2026-03-06T22:07:42Z" level=info msg="Tool required for debug" tool="esp32:esptool_py@5.1.0"
time="2026-03-06T22:07:42Z" level=info msg="Tool required for debug" tool="esp32:mklittlefs@4.0.2-db0513a"
2026-03-06 22:07:42 2026-03-06T22:07:42.032Z daemon INFO time="2026-03-06T22:07:42Z" level=info msg="Tool required for debug" tool="esp32:mkspiffs@0.2.3"
time="2026-03-06T22:07:42Z" level=info msg="Tool required for debug" tool="esp32:openocd-esp32@v0.12.0-esp32-20251215"
2026-03-06 22:07:42 2026-03-06T22:07:42.032Z daemon INFO time="2026-03-06T22:07:42Z" level=info msg="Tool required for debug" tool="esp32:riscv32-esp-elf-gdb@16.3_20250913"
2026-03-06 22:07:42 2026-03-06T22:07:42.032Z daemon INFO time="2026-03-06T22:07:42Z" level=info msg="Tool required for debug" tool="esp32:xtensa-esp-elf-gdb@16.3_20250913"
time="2026-03-06T22:07:42Z" level=info msg="Tool required for debug" tool="builtin:dfu-discovery@0.1.2"
2026-03-06 22:07:42 2026-03-06T22:07:42.032Z daemon INFO time="2026-03-06T22:07:42Z" level=info msg="Tool required for debug" tool="esp8266:python3@3.7.2-post1"
2026-03-06 22:07:42 2026-03-06T22:07:42.032Z daemon INFO time="2026-03-06T22:07:42Z" level=info msg="Tool required for debug" tool="esp8266:xtensa-lx106-elf-gcc@3.1.0-gcc10.3-e5f9fec"
time="2026-03-06T22:07:42Z" level=info msg="Tool required for debug" tool="arduino:avr-gcc@7.3.0-atmel3.6.1-arduino7"
2026-03-06 22:07:42 2026-03-06T22:07:42.032Z daemon INFO time="2026-03-06T22:07:42Z" level=info msg="Tool required for debug" tool="builtin:serial-monitor@0.15.0"
2026-03-06 22:07:42 2026-03-06T22:07:42.032Z daemon INFO time="2026-03-06T22:07:42Z" level=info msg="Tool required for debug" tool="arduino:arduinoOTA@1.3.0"
time="2026-03-06T22:07:42Z" level=info msg="Tool required for debug" tool="arduino:avrdude@8.0.0-arduino1"
2026-03-06 22:07:42 2026-03-06T22:07:42.032Z daemon INFO time="2026-03-06T22:07:42Z" level=info msg="Tool required for debug" tool="builtin:mdns-discovery@1.0.12"
time="2026-03-06T22:07:42Z" level=info msg="Tool required for debug" tool="builtin:serial-discovery@1.4.3"
2026-03-06 22:07:42 2026-03-06T22:07:42.032Z daemon INFO time="2026-03-06T22:07:42Z" level=info msg="Tool required for debug" tool="builtin:ctags@5.8-arduino11"
2026-03-06 22:07:42 2026-03-06T22:07:42.034Z daemon INFO time="2026-03-06T22:07:42Z" level=info msg="Tool required for debug" tool="arduino:dfu-util@0.11.0-arduino5"
time="2026-03-06T22:07:42Z" level=info msg="Tool required for debug" tool="esp32:esp-rv32@2511"
2026-03-06 22:07:42 2026-03-06T22:07:42.034Z daemon INFO time="2026-03-06T22:07:42Z" level=info msg="Tool required for debug" tool="esp32:esp-x32@2511"
time="2026-03-06T22:07:42Z" level=info msg="Tool required for debug" tool="esp32:esp32-libs@3.3.7"
time="2026-03-06T22:07:42Z" level=info msg="Tool required for debug" tool="esp32:esp32c3-libs@3.3.7"
time="2026-03-06T22:07:42Z" level=info msg="Tool required for debug" tool="esp32:esp32c5-libs@3.3.7"
time="2026-03-06T22:07:42Z" level=info msg="Tool required for debug" tool="esp32:esp32c6-libs@3.3.7"
2026-03-06 22:07:42 2026-03-06T22:07:42.034Z daemon INFO time="2026-03-06T22:07:42Z" level=info msg="Tool required for debug" tool="esp32:esp32h2-libs@3.3.7"
time="2026-03-06T22:07:42Z" level=info msg="Tool required for debug" tool="esp32:esp32p4-libs@3.3.7"
time="2026-03-06T22:07:42Z" level=info msg="Tool required for debug" tool="esp32:esp32p4_es-libs@3.3.7"
2026-03-06 22:07:42 2026-03-06T22:07:42.034Z daemon INFO time="2026-03-06T22:07:42Z" level=info msg="Tool required for debug" tool="esp32:esp32s2-libs@3.3.7"
time="2026-03-06T22:07:42Z" level=info msg="Tool required for debug" tool="esp32:esp32s3-libs@3.3.7"
2026-03-06 22:07:42 2026-03-06T22:07:42.034Z daemon INFO time="2026-03-06T22:07:42Z" level=info msg="Tool required for debug" tool="esp32:esptool_py@5.1.0"
time="2026-03-06T22:07:42Z" level=info msg="Tool required for debug" tool="esp32:mklittlefs@4.0.2-db0513a"
time="2026-03-06T22:07:42Z" level=info msg="Tool required for debug" tool="esp32:mkspiffs@0.2.3"
2026-03-06 22:07:42 2026-03-06T22:07:42.034Z daemon INFO time="2026-03-06T22:07:42Z" level=info msg="Tool required for debug" tool="esp32:openocd-esp32@v0.12.0-esp32-20251215"
time="2026-03-06T22:07:42Z" level=info msg="Tool required for debug" tool="esp32:riscv32-esp-elf-gdb@16.3_20250913"
time="2026-03-06T22:07:42Z" level=info msg="Tool required for debug" tool="esp32:xtensa-esp-elf-gdb@16.3_20250913"
2026-03-06 22:07:42 2026-03-06T22:07:42.034Z daemon INFO time="2026-03-06T22:07:42Z" level=info msg="Tool required for debug" tool="arduino:arduinoOTA@1.3.0"
time="2026-03-06T22:07:42Z" level=info msg="Tool required for debug" tool="builtin:ctags@5.8-arduino11"
2026-03-06 22:07:42 2026-03-06T22:07:42.034Z daemon INFO time="2026-03-06T22:07:42Z" level=info msg="Tool required for debug" tool="builtin:mdns-discovery@1.0.12"
time="2026-03-06T22:07:42Z" level=info msg="Tool required for debug" tool="builtin:serial-monitor@0.15.0"
time="2026-03-06T22:07:42Z" level=info msg="Tool required for debug" tool="builtin:serial-discovery@1.4.3"
time="2026-03-06T22:07:42Z" level=info msg="Tool required for debug" tool="esp8266:python3@3.7.2-post1"
time="2026-03-06T22:07:42Z" level=info msg="Tool required for debug" tool="esp8266:xtensa-lx106-elf-gcc@3.1.0-gcc10.3-e5f9fec"
time="2026-03-06T22:07:42Z" level=info msg="Tool required for debug" tool="arduino:avrdude@8.0.0-arduino1"
time="2026-03-06T22:07:42Z" level=info msg="Tool required for debug" tool="arduino:avr-gcc@7.3.0-atmel3.6.1-arduino7"
2026-03-06 22:07:42 2026-03-06T22:07:42.034Z daemon INFO time="2026-03-06T22:07:42Z" level=info msg="Tool required for debug" tool="builtin:dfu-discovery@0.1.2"
2026-03-06 22:07:42 2026-03-06T22:07:42.036Z daemon INFO time="2026-03-06T22:07:42Z" level=info msg="Tool required for debug" tool="arduino:dfu-util@0.11.0-arduino5"
time="2026-03-06T22:07:42Z" level=info msg="Tool required for debug" tool="esp32:esp-rv32@2511"
time="2026-03-06T22:07:42Z" level=info msg="Tool required for debug" tool="esp32:esp-x32@2511"
2026-03-06 22:07:42 2026-03-06T22:07:42.036Z daemon INFO time="2026-03-06T22:07:42Z" level=info msg="Tool required for debug" tool="esp32:esp32-libs@3.3.7"
time="2026-03-06T22:07:42Z" level=info msg="Tool required for debug" tool="esp32:esp32c3-libs@3.3.7"
time="2026-03-06T22:07:42Z" level=info msg="Tool required for debug" tool="esp32:esp32c5-libs@3.3.7"
time="2026-03-06T22:07:42Z" level=info msg="Tool required for debug" tool="esp32:esp32c6-libs@3.3.7"
time="2026-03-06T22:07:42Z" level=info msg="Tool required for debug" tool="esp32:esp32h2-libs@3.3.7"
time="2026-03-06T22:07:42Z" level=info msg="Tool required for debug" tool="esp32:esp32p4-libs@3.3.7"
time="2026-03-06T22:07:42Z" level=info msg="Tool required for debug" tool="esp32:esp32p4_es-libs@3.3.7"
2026-03-06 22:07:42 2026-03-06T22:07:42.036Z daemon INFO time="2026-03-06T22:07:42Z" level=info msg="Tool required for debug" tool="esp32:esp32s2-libs@3.3.7"
time="2026-03-06T22:07:42Z" level=info msg="Tool required for debug" tool="esp32:esp32s3-libs@3.3.7"
time="2026-03-06T22:07:42Z" level=info msg="Tool required for debug" tool="esp32:esptool_py@5.1.0"
2026-03-06 22:07:42 2026-03-06T22:07:42.036Z daemon INFO time="2026-03-06T22:07:42Z" level=info msg="Tool required for debug" tool="esp32:mklittlefs@4.0.2-db0513a"
time="2026-03-06T22:07:42Z" level=info msg="Tool required for debug" tool="esp32:mkspiffs@0.2.3"
time="2026-03-06T22:07:42Z" level=info msg="Tool required for debug" tool="esp32:openocd-esp32@v0.12.0-esp32-20251215"
2026-03-06 22:07:42 2026-03-06T22:07:42.036Z daemon INFO time="2026-03-06T22:07:42Z" level=info msg="Tool required for debug" tool="esp32:riscv32-esp-elf-gdb@16.3_20250913"
time="2026-03-06T22:07:42Z" level=info msg="Tool required for debug" tool="esp32:xtensa-esp-elf-gdb@16.3_20250913"
time="2026-03-06T22:07:42Z" level=info msg="Tool required for debug" tool="arduino:avrdude@8.0.0-arduino1"
2026-03-06 22:07:42 2026-03-06T22:07:42.036Z daemon INFO time="2026-03-06T22:07:42Z" level=info msg="Tool required for debug" tool="esp8266:python3@3.7.2-post1"
time="2026-03-06T22:07:42Z" level=info msg="Tool required for debug" tool="esp8266:xtensa-lx106-elf-gcc@3.1.0-gcc10.3-e5f9fec"
time="2026-03-06T22:07:42Z" level=info msg="Tool required for debug" tool="arduino:avr-gcc@7.3.0-atmel3.6.1-arduino7"
2026-03-06 22:07:42 2026-03-06T22:07:42.036Z daemon INFO time="2026-03-06T22:07:42Z" level=info msg="Tool required for debug" tool="builtin:ctags@5.8-arduino11"
time="2026-03-06T22:07:42Z" level=info msg="Tool required for debug" tool="builtin:dfu-discovery@0.1.2"
2026-03-06 22:07:42 2026-03-06T22:07:42.036Z daemon INFO time="2026-03-06T22:07:42Z" level=info msg="Tool required for debug" tool="builtin:mdns-discovery@1.0.12"
2026-03-06 22:07:42 2026-03-06T22:07:42.036Z daemon INFO time="2026-03-06T22:07:42Z" level=info msg="Tool required for debug" tool="builtin:serial-discovery@1.4.3"
2026-03-06 22:07:42 2026-03-06T22:07:42.036Z daemon INFO time="2026-03-06T22:07:42Z" level=info msg="Tool required for debug" tool="arduino:arduinoOTA@1.3.0"
time="2026-03-06T22:07:42Z" level=info msg="Tool required for debug" tool="builtin:serial-monitor@0.15.0"
2026-03-06 22:07:42 2026-03-06T22:07:42.037Z daemon INFO time="2026-03-06T22:07:42Z" level=info msg="Tool required for debug" tool="arduino:dfu-util@0.11.0-arduino5"
time="2026-03-06T22:07:42Z" level=info msg="Tool required for debug" tool="esp32:esp-rv32@2511"
2026-03-06 22:07:42 2026-03-06T22:07:42.038Z daemon INFO time="2026-03-06T22:07:42Z" level=info msg="Tool required for debug" tool="esp32:esp-x32@2511"
time="2026-03-06T22:07:42Z" level=info msg="Tool required for debug" tool="esp32:esp32-libs@3.3.7"
time="2026-03-06T22:07:42Z" level=info msg="Tool required for debug" tool="esp32:esp32c3-libs@3.3.7"
time="2026-03-06T22:07:42Z" level=info msg="Tool required for debug" tool="esp32:esp32c5-libs@3.3.7"
time="2026-03-06T22:07:42Z" level=info msg="Tool required for debug" tool="esp32:esp32c6-libs@3.3.7"
time="2026-03-06T22:07:42Z" level=info msg="Tool required for debug" tool="esp32:esp32h2-libs@3.3.7"
time="2026-03-06T22:07:42Z" level=info msg="Tool required for debug" tool="esp32:esp32p4-libs@3.3.7"
time="2026-03-06T22:07:42Z" level=info msg="Tool required for debug" tool="esp32:esp32p4_es-libs@3.3.7"
time="2026-03-06T22:07:42Z" level=info msg="Tool required for debug" tool="esp32:esp32s2-libs@3.3.7"
2026-03-06 22:07:42 2026-03-06T22:07:42.038Z daemon INFO time="2026-03-06T22:07:42Z" level=info msg="Tool required for debug" tool="esp32:esp32s3-libs@3.3.7"
time="2026-03-06T22:07:42Z" level=info msg="Tool required for debug" tool="esp32:esptool_py@5.1.0"
time="2026-03-06T22:07:42Z" level=info msg="Tool required for debug" tool="esp32:mklittlefs@4.0.2-db0513a"
time="2026-03-06T22:07:42Z" level=info msg="Tool required for debug" tool="esp32:mkspiffs@0.2.3"
time="2026-03-06T22:07:42Z" level=info msg="Tool required for debug" tool="esp32:openocd-esp32@v0.12.0-esp32-20251215"
time="2026-03-06T22:07:42Z" level=info msg="Tool required for debug" tool="esp32:riscv32-esp-elf-gdb@16.3_20250913"
2026-03-06 22:07:42 2026-03-06T22:07:42.038Z daemon INFO time="2026-03-06T22:07:42Z" level=info msg="Tool required for debug" tool="esp32:xtensa-esp-elf-gdb@16.3_20250913"
time="2026-03-06T22:07:42Z" level=info msg="Tool required for debug" tool="esp8266:python3@3.7.2-post1"
time="2026-03-06T22:07:42Z" level=info msg="Tool required for debug" tool="builtin:dfu-discovery@0.1.2"
2026-03-06 22:07:42 2026-03-06T22:07:42.038Z daemon INFO time="2026-03-06T22:07:42Z" level=info msg="Tool required for debug" tool="esp8266:xtensa-lx106-elf-gcc@3.1.0-gcc10.3-e5f9fec"
time="2026-03-06T22:07:42Z" level=info msg="Tool required for debug" tool="arduino:avr-gcc@7.3.0-atmel3.6.1-arduino7"
2026-03-06 22:07:42 2026-03-06T22:07:42.038Z daemon INFO time="2026-03-06T22:07:42Z" level=info msg="Tool required for debug" tool="builtin:ctags@5.8-arduino11"
time="2026-03-06T22:07:42Z" level=info msg="Tool required for debug" tool="builtin:serial-discovery@1.4.3"
2026-03-06 22:07:42 2026-03-06T22:07:42.038Z daemon INFO time="2026-03-06T22:07:42Z" level=info msg="Tool required for debug" tool="arduino:avrdude@8.0.0-arduino1"
time="2026-03-06T22:07:42Z" level=info msg="Tool required for debug" tool="builtin:mdns-discovery@1.0.12"
2026-03-06 22:07:42 2026-03-06T22:07:42.038Z daemon INFO time="2026-03-06T22:07:42Z" level=info msg="Tool required for debug" tool="arduino:arduinoOTA@1.3.0"
time="2026-03-06T22:07:42Z" level=info msg="Tool required for debug" tool="builtin:serial-monitor@0.15.0"
2026-03-06 22:07:42 2026-03-06T22:07:42.039Z daemon INFO time="2026-03-06T22:07:42Z" level=info msg="Tool required for debug" tool="arduino:dfu-util@0.11.0-arduino5"
time="2026-03-06T22:07:42Z" level=info msg="Tool required for debug" tool="esp32:esp-rv32@2511"
2026-03-06 22:07:42 2026-03-06T22:07:42.039Z daemon INFO time="2026-03-06T22:07:42Z" level=info msg="Tool required for debug" tool="esp32:esp-x32@2511"
time="2026-03-06T22:07:42Z" level=info msg="Tool required for debug" tool="esp32:esp32-libs@3.3.7"
time="2026-03-06T22:07:42Z" level=info msg="Tool required for debug" tool="esp32:esp32c3-libs@3.3.7"
time="2026-03-06T22:07:42Z" level=info msg="Tool required for debug" tool="esp32:esp32c5-libs@3.3.7"
time="2026-03-06T22:07:42Z" level=info msg="Tool required for debug" tool="esp32:esp32c6-libs@3.3.7"
time="2026-03-06T22:07:42Z" level=info msg="Tool required for debug" tool="esp32:esp32h2-libs@3.3.7"
2026-03-06 22:07:42 2026-03-06T22:07:42.039Z daemon INFO time="2026-03-06T22:07:42Z" level=info msg="Tool required for debug" tool="esp32:esp32p4-libs@3.3.7"
time="2026-03-06T22:07:42Z" level=info msg="Tool required for debug" tool="esp32:esp32p4_es-libs@3.3.7"
time="2026-03-06T22:07:42Z" level=info msg="Tool required for debug" tool="esp32:esp32s2-libs@3.3.7"
time="2026-03-06T22:07:42Z" level=info msg="Tool required for debug" tool="esp32:esp32s3-libs@3.3.7"
time="2026-03-06T22:07:42Z" level=info msg="Tool required for debug" tool="esp32:esptool_py@5.1.0"
2026-03-06 22:07:42 2026-03-06T22:07:42.039Z daemon INFO time="2026-03-06T22:07:42Z" level=info msg="Tool required for debug" tool="esp32:mklittlefs@4.0.2-db0513a"
time="2026-03-06T22:07:42Z" level=info msg="Tool required for debug" tool="esp32:mkspiffs@0.2.3"
time="2026-03-06T22:07:42Z" level=info msg="Tool required for debug" tool="esp32:openocd-esp32@v0.12.0-esp32-20251215"
2026-03-06 22:07:42 2026-03-06T22:07:42.039Z daemon INFO time="2026-03-06T22:07:42Z" level=info msg="Tool required for debug" tool="esp32:riscv32-esp-elf-gdb@16.3_20250913"
time="2026-03-06T22:07:42Z" level=info msg="Tool required for debug" tool="esp32:xtensa-esp-elf-gdb@16.3_20250913"
time="2026-03-06T22:07:42Z" level=info msg="Tool required for debug" tool="esp8266:xtensa-lx106-elf-gcc@3.1.0-gcc10.3-e5f9fec"
time="2026-03-06T22:07:42Z" level=info msg="Tool required for debug" tool="arduino:avrdude@8.0.0-arduino1"
2026-03-06 22:07:42 2026-03-06T22:07:42.039Z daemon INFO time="2026-03-06T22:07:42Z" level=info msg="Tool required for debug" tool="arduino:arduinoOTA@1.3.0"
time="2026-03-06T22:07:42Z" level=info msg="Tool required for debug" tool="builtin:mdns-discovery@1.0.12"
time="2026-03-06T22:07:42Z" level=info msg="Tool required for debug" tool="builtin:dfu-discovery@0.1.2"
time="2026-03-06T22:07:42Z" level=info msg="Tool required for debug" tool="esp8266:python3@3.7.2-post1"
time="2026-03-06T22:07:42Z" level=info msg="Tool required for debug" tool="arduino:avr-gcc@7.3.0-atmel3.6.1-arduino7"
2026-03-06 22:07:42 2026-03-06T22:07:42.039Z daemon INFO time="2026-03-06T22:07:42Z" level=info msg="Tool required for debug" tool="builtin:serial-discovery@1.4.3"
time="2026-03-06T22:07:42Z" level=info msg="Tool required for debug" tool="builtin:serial-monitor@0.15.0"
2026-03-06 22:07:42 2026-03-06T22:07:42.039Z daemon INFO time="2026-03-06T22:07:42Z" level=info msg="Tool required for debug" tool="builtin:ctags@5.8-arduino11"
2026-03-06 22:07:42 2026-03-06T22:07:42.041Z daemon INFO time="2026-03-06T22:07:42Z" level=info msg="Tool required for debug" tool="arduino:dfu-util@0.11.0-arduino5"
time="2026-03-06T22:07:42Z" level=info msg="Tool required for debug" tool="esp32:esp-rv32@2511"
2026-03-06 22:07:42 2026-03-06T22:07:42.041Z daemon INFO time="2026-03-06T22:07:42Z" level=info msg="Tool required for debug" tool="esp32:esp-x32@2511"
time="2026-03-06T22:07:42Z" level=info msg="Tool required for debug" tool="esp32:esp32-libs@3.3.7"
time="2026-03-06T22:07:42Z" level=info msg="Tool required for debug" tool="esp32:esp32c3-libs@3.3.7"
time="2026-03-06T22:07:42Z" level=info msg="Tool required for debug" tool="esp32:esp32c5-libs@3.3.7"
time="2026-03-06T22:07:42Z" level=info msg="Tool required for debug" tool="esp32:esp32c6-libs@3.3.7"
2026-03-06 22:07:42 2026-03-06T22:07:42.041Z daemon INFO time="2026-03-06T22:07:42Z" level=info msg="Tool required for debug" tool="esp32:esp32h2-libs@3.3.7"
time="2026-03-06T22:07:42Z" level=info msg="Tool required for debug" tool="esp32:esp32p4-libs@3.3.7"
time="2026-03-06T22:07:42Z" level=info msg="Tool required for debug" tool="esp32:esp32p4_es-libs@3.3.7"
2026-03-06 22:07:42 2026-03-06T22:07:42.041Z daemon INFO time="2026-03-06T22:07:42Z" level=info msg="Tool required for debug" tool="esp32:esp32s2-libs@3.3.7"
time="2026-03-06T22:07:42Z" level=info msg="Tool required for debug" tool="esp32:esp32s3-libs@3.3.7"
time="2026-03-06T22:07:42Z" level=info msg="Tool required for debug" tool="esp32:esptool_py@5.1.0"
2026-03-06 22:07:42 2026-03-06T22:07:42.041Z daemon INFO time="2026-03-06T22:07:42Z" level=info msg="Tool required for debug" tool="esp32:mklittlefs@4.0.2-db0513a"
time="2026-03-06T22:07:42Z" level=info msg="Tool required for debug" tool="esp32:mkspiffs@0.2.3"
time="2026-03-06T22:07:42Z" level=info msg="Tool required for debug" tool="esp32:openocd-esp32@v0.12.0-esp32-20251215"
2026-03-06 22:07:42 2026-03-06T22:07:42.041Z daemon INFO time="2026-03-06T22:07:42Z" level=info msg="Tool required for debug" tool="esp32:riscv32-esp-elf-gdb@16.3_20250913"
time="2026-03-06T22:07:42Z" level=info msg="Tool required for debug" tool="esp32:xtensa-esp-elf-gdb@16.3_20250913"
time="2026-03-06T22:07:42Z" level=info msg="Tool required for debug" tool="esp8266:xtensa-lx106-elf-gcc@3.1.0-gcc10.3-e5f9fec"
2026-03-06 22:07:42 2026-03-06T22:07:42.041Z daemon INFO time="2026-03-06T22:07:42Z" level=info msg="Tool required for debug" tool="arduino:avr-gcc@7.3.0-atmel3.6.1-arduino7"
time="2026-03-06T22:07:42Z" level=info msg="Tool required for debug" tool="builtin:dfu-discovery@0.1.2"
2026-03-06 22:07:42 2026-03-06T22:07:42.041Z daemon INFO time="2026-03-06T22:07:42Z" level=info msg="Tool required for debug" tool="builtin:mdns-discovery@1.0.12"
time="2026-03-06T22:07:42Z" level=info msg="Tool required for debug" tool="arduino:arduinoOTA@1.3.0"
2026-03-06 22:07:42 2026-03-06T22:07:42.041Z daemon INFO time="2026-03-06T22:07:42Z" level=info msg="Tool required for debug" tool="arduino:avrdude@8.0.0-arduino1"
time="2026-03-06T22:07:42Z" level=info msg="Tool required for debug" tool="esp8266:python3@3.7.2-post1"
time="2026-03-06T22:07:42Z" level=info msg="Tool required for debug" tool="builtin:serial-discovery@1.4.3"
2026-03-06 22:07:42 2026-03-06T22:07:42.041Z daemon INFO time="2026-03-06T22:07:42Z" level=info msg="Tool required for debug" tool="builtin:serial-monitor@0.15.0"
time="2026-03-06T22:07:42Z" level=info msg="Tool required for debug" tool="builtin:ctags@5.8-arduino11"
2026-03-06 22:07:42 2026-03-06T22:07:42.130Z root INFO Starting language server: esp8266:esp8266:generic:led=2,baud=115200,xtal=80,CrystalFreq=26,eesz=1M64,FlashMode=dout,FlashFreq=40,ResetMethod=nodemcu,dbg=Disabled,lvl=None____,ip=lm2f,vt=flash,exception=disabled,stacksmash=disabled,wipe=none,sdk=nonosdk_190703,ssl=all,mmu=3232,non32xfer=fast
2026-03-06 22:07:42 2026-03-06T22:07:42.158Z daemon INFO time="2026-03-06T22:07:42Z" level=info msg="Adding libraries dir" dir=/home/shrek/.arduino15/libraries isSingleLibrary=false location=ide
2026-03-06 22:07:42 2026-03-06T22:07:42.158Z daemon INFO time="2026-03-06T22:07:42Z" level=info msg="Adding libraries dir" dir=/home/shrek/.arduino15/packages/esp8266/hardware/esp8266/3.1.2/libraries isSingleLibrary=false location=platform
time="2026-03-06T22:07:42Z" level=info msg="Adding libraries dir" dir=/home/shrek/Arduino/libraries isSingleLibrary=false location=user
2026-03-06 22:07:42 2026-03-06T22:07:42.188Z root INFO Starting language server: esp32:esp32:esp32s3:UploadSpeed=115200,USBMode=hwcdc,CDCOnBoot=cdc,MSCOnBoot=default,DFUOnBoot=default,UploadMode=default,CPUFreq=240,FlashMode=qio,FlashSize=32M,PartitionScheme=default,DebugLevel=none,PSRAM=disabled,LoopCore=1,EventsCore=1,EraseFlash=none,JTAGAdapter=default,ZigbeeMode=default
2026-03-06 22:07:42 2026-03-06T22:07:42.312Z daemon INFO time="2026-03-06T22:07:42Z" level=info msg="Resolving include FastLED.h for arch esp8266"
time="2026-03-06T22:07:42Z" level=info msg="  found better lib" lib=FastLED prio=6A7
2026-03-06 22:07:42 isTempSketch: false. Input was /home/shrek/Arduino/AndroidCnct/test1
2026-03-06 22:07:42 Marking workspace as a closed sketch. Workspace URI: file:///home/shrek/Arduino/AndroidCnct/test1. Date: 1772834862344.
2026-03-06 22:07:42 isTempSketch: false. Input was /home/shrek/Arduino/AndroidCnct/test1
2026-03-06 22:07:42 Marking workspace as a closed sketch. Workspace URI: file:///home/shrek/Arduino/AndroidCnct/test1. Date: 1772834862345.
2026-03-06 22:07:42 2026-03-06T22:07:42.349Z root INFO socked closed
2026-03-06 22:07:42 2026-03-06T22:07:42.349Z root INFO closing connection for 1
2026-03-06 22:07:42 2026-03-06T22:07:42.349Z root INFO Closing channel on service path '/localization-server'.
2026-03-06 22:07:42 2026-03-06T22:07:42.349Z root INFO Closing channel on service path '/os'.
2026-03-06 22:07:42 2026-03-06T22:07:42.349Z root INFO Closing channel on service path '/services/commands'.
2026-03-06 22:07:42 2026-03-06T22:07:42.349Z root INFO Closing channel on service path '/services/keyboard'.
2026-03-06 22:07:42 2026-03-06T22:07:42.349Z root INFO Closing channel on service path '/services/logger'.
2026-03-06 22:07:42 2026-03-06T22:07:42.349Z root INFO Closing channel on service path '/services/messageService'.
2026-03-06 22:07:42 2026-03-06T22:07:42.349Z root INFO Closing channel on service path '/services/ChannelCloseService'.
2026-03-06 22:07:42 2026-03-06T22:07:42.349Z root INFO Closing channel on service path '/services/remote-filesystem'.
2026-03-06 22:07:42 2026-03-06T22:07:42.349Z root INFO Closing channel on service path '/services/envs'.
2026-03-06 22:07:42 2026-03-06T22:07:42.349Z root INFO Closing channel on service path '/services/authentication-service'.
2026-03-06 22:07:42 2026-03-06T22:07:42.349Z root INFO Closing channel on service path '/services/sketches-service'.
2026-03-06 22:07:42 2026-03-06T22:07:42.349Z root INFO Closing channel on service path '/services/config-service'.
2026-03-06 22:07:42 2026-03-06T22:07:42.349Z root INFO Closing channel on service path '/services/workspace'.
2026-03-06 22:07:42 2026-03-06T22:07:42.349Z root INFO Closing channel on service path '/services/notification-service'.
2026-03-06 22:07:42 2026-03-06T22:07:42.349Z root INFO Closing channel on service path '/services/arduino-daemon'.
2026-03-06 22:07:42 2026-03-06T22:07:42.349Z root INFO Closing channel on service path '/services/stopwatch'.
2026-03-06 22:07:42 2026-03-06T22:07:42.349Z root INFO Closing channel on service path '/services/application'.
2026-03-06 22:07:42 2026-03-06T22:07:42.349Z root INFO Closing channel on service path '/services/i18n'.
2026-03-06 22:07:42 2026-03-06T22:07:42.349Z root INFO Closing channel on service path '/services/quickInput'.
2026-03-06 22:07:42 2026-03-06T22:07:42.349Z root INFO Closing channel on service path '/services/debug'.
2026-03-06 22:07:42 2026-03-06T22:07:42.349Z root INFO Closing channel on service path '/services/shell-terminal'.
2026-03-06 22:07:42 2026-03-06T22:07:42.349Z root INFO Closing channel on service path '/services/quickPick'.
2026-03-06 22:07:42 2026-03-06T22:07:42.349Z root INFO Closing channel on service path '/services/task'.
2026-03-06 22:07:42 2026-03-06T22:07:42.349Z root INFO Closing channel on service path '/services/search'.
2026-03-06 22:07:42 2026-03-06T22:07:42.349Z root INFO Closing channel on service path '/services/hostedPlugin'.
2026-03-06 22:07:42 2026-03-06T22:07:42.349Z root INFO Closing channel on service path '/services/plugin-ext'.
2026-03-06 22:07:42 2026-03-06T22:07:42.349Z root INFO Closing channel on service path '/services/plugin-paths'.
2026-03-06 22:07:42 2026-03-06T22:07:42.349Z root INFO Closing channel on service path '/services/cli-preferences'.
2026-03-06 22:07:42 2026-03-06T22:07:42.349Z root INFO Closing channel on service path '/services/boards-service'.
2026-03-06 22:07:42 2026-03-06T22:07:42.349Z root INFO Closing channel on service path '/services/response-service'.
2026-03-06 22:07:42 2026-03-06T22:07:42.349Z root INFO Closing channel on service path '/services/file-system-ext'.
2026-03-06 22:07:42 2026-03-06T22:07:42.349Z root INFO Closing channel on service path '/services/core-service'.
2026-03-06 22:07:42 2026-03-06T22:07:42.349Z root INFO Closing channel on service path '/services/example-service'.
2026-03-06 22:07:42 2026-03-06T22:07:42.349Z root INFO Closing channel on service path '/services/library-service'.
2026-03-06 22:07:42 2026-03-06T22:07:42.349Z root INFO Closing channel on service path '/services/executable-service'.
2026-03-06 22:07:42 2026-03-06T22:07:42.349Z root INFO Closing channel on service path '/services/arduino-firmware-uploader'.
2026-03-06 22:07:42 2026-03-06T22:07:42.349Z root INFO Closing channel on service path '/services/formatter'.
2026-03-06 22:07:42 2026-03-06T22:07:42.349Z root INFO Closing channel on service path '/services/search-in-workspace'.
2026-03-06 22:07:42 2026-03-06T22:07:42.349Z root INFO Closing channel on service path '/services/request-service'.
2026-03-06 22:07:42 2026-03-06T22:07:42.349Z root INFO Closing channel on service path '/services/keyStore'.
2026-03-06 22:07:42 2026-03-06T22:07:42.349Z root INFO Closing channel on service path '/services/languagePackService'.
2026-03-06 22:07:42 Closing channel on service path '/services/electron-window'.
2026-03-06 22:07:42 Closing channel on service path '/services/ide-updater'.
2026-03-06 22:07:43 2026-03-06T22:07:43.884Z daemon INFO time="2026-03-06T22:07:43Z" level=info msg="Adding libraries dir" dir=/home/shrek/.arduino15/libraries isSingleLibrary=false location=ide
time="2026-03-06T22:07:43Z" level=info msg="Adding libraries dir" dir=/home/shrek/.arduino15/packages/esp8266/hardware/esp8266/3.1.2/libraries isSingleLibrary=false location=platform
time="2026-03-06T22:07:43Z" level=info msg="Adding libraries dir" dir=/home/shrek/Arduino/libraries isSingleLibrary=false location=user
2026-03-06 22:07:45 2026-03-06T22:07:45.168Z daemon INFO time="2026-03-06T22:07:45Z" level=info msg="Adding libraries dir" dir=/home/shrek/.arduino15/libraries isSingleLibrary=false location=ide
2026-03-06 22:07:45 2026-03-06T22:07:45.168Z daemon INFO time="2026-03-06T22:07:45Z" level=info msg="Adding libraries dir" dir=/home/shrek/.arduino15/packages/esp32/hardware/esp32/3.3.7/libraries isSingleLibrary=false location=platform
time="2026-03-06T22:07:45Z" level=info msg="Adding libraries dir" dir=/home/shrek/Arduino/libraries isSingleLibrary=false location=user
2026-03-06 22:07:45 2026-03-06T22:07:45.936Z daemon INFO time="2026-03-06T22:07:45Z" level=info msg="Resolving include FastLED.h for arch esp32"
time="2026-03-06T22:07:45Z" level=info msg="  found better lib" lib=FastLED prio=6A7
2026-03-06 22:07:49 2026-03-06T22:07:49.990Z daemon INFO time="2026-03-06T22:07:49Z" level=info msg="Adding libraries dir" dir=/home/shrek/.arduino15/libraries isSingleLibrary=false location=ide
time="2026-03-06T22:07:49Z" level=info msg="Adding libraries dir" dir=/home/shrek/.arduino15/packages/esp32/hardware/esp32/3.3.7/libraries isSingleLibrary=false location=platform
2026-03-06 22:07:49 2026-03-06T22:07:49.990Z daemon INFO time="2026-03-06T22:07:49Z" level=info msg="Adding libraries dir" dir=/home/shrek/Arduino/libraries isSingleLibrary=false location=user
2026-03-06 22:07:50 isTempSketch: false. Input was /home/shrek/Arduino/practice/led.ino
2026-03-06 22:07:50 Marking workspace as a closed sketch. Workspace URI: file:///home/shrek/Arduino/practice/led.ino. Date: 1772834870021.
2026-03-06 22:07:50 isTempSketch: false. Input was /home/shrek/Arduino/practice/led.ino
2026-03-06 22:07:50 Marking workspace as a closed sketch. Workspace URI: file:///home/shrek/Arduino/practice/led.ino. Date: 1772834870023.
2026-03-06 22:07:50 2026-03-06T22:07:50.026Z root INFO socked closed
2026-03-06 22:07:50 2026-03-06T22:07:50.026Z root INFO closing connection for 2
2026-03-06 22:07:50 2026-03-06T22:07:50.026Z root INFO Closing channel on service path '/localization-server'.
2026-03-06 22:07:50 2026-03-06T22:07:50.026Z root INFO Closing channel on service path '/os'.
2026-03-06 22:07:50 2026-03-06T22:07:50.026Z root INFO Closing channel on service path '/services/commands'.
2026-03-06 22:07:50 2026-03-06T22:07:50.026Z root INFO Closing channel on service path '/services/keyboard'.
2026-03-06 22:07:50 2026-03-06T22:07:50.026Z root INFO Closing channel on service path '/services/logger'.
2026-03-06 22:07:50 2026-03-06T22:07:50.026Z root INFO Closing channel on service path '/services/messageService'.
2026-03-06 22:07:50 2026-03-06T22:07:50.026Z root INFO Closing channel on service path '/services/ChannelCloseService'.
2026-03-06 22:07:50 2026-03-06T22:07:50.026Z root INFO Closing channel on service path '/services/remote-filesystem'.
2026-03-06 22:07:50 2026-03-06T22:07:50.026Z root INFO Closing channel on service path '/services/envs'.
2026-03-06 22:07:50 2026-03-06T22:07:50.026Z root INFO Closing channel on service path '/services/authentication-service'.
2026-03-06 22:07:50 2026-03-06T22:07:50.026Z root INFO Closing channel on service path '/services/sketches-service'.
2026-03-06 22:07:50 2026-03-06T22:07:50.026Z root INFO Closing channel on service path '/services/config-service'.
2026-03-06 22:07:50 2026-03-06T22:07:50.026Z root INFO Closing channel on service path '/services/workspace'.
2026-03-06 22:07:50 2026-03-06T22:07:50.026Z root INFO Closing channel on service path '/services/notification-service'.
2026-03-06 22:07:50 2026-03-06T22:07:50.026Z root INFO Closing channel on service path '/services/arduino-daemon'.
2026-03-06 22:07:50 2026-03-06T22:07:50.026Z root INFO Closing channel on service path '/services/stopwatch'.
2026-03-06 22:07:50 2026-03-06T22:07:50.026Z root INFO Closing channel on service path '/services/application'.
2026-03-06 22:07:50 2026-03-06T22:07:50.026Z root INFO Closing channel on service path '/services/i18n'.
2026-03-06 22:07:50 2026-03-06T22:07:50.026Z root INFO Closing channel on service path '/services/quickInput'.
2026-03-06 22:07:50 2026-03-06T22:07:50.026Z root INFO Closing channel on service path '/services/debug'.
2026-03-06 22:07:50 2026-03-06T22:07:50.026Z root INFO Closing channel on service path '/services/shell-terminal'.
2026-03-06 22:07:50 2026-03-06T22:07:50.026Z root INFO Closing channel on service path '/services/quickPick'.
2026-03-06 22:07:50 2026-03-06T22:07:50.026Z root INFO Closing channel on service path '/services/task'.
2026-03-06 22:07:50 2026-03-06T22:07:50.026Z root INFO Closing channel on service path '/services/search'.
2026-03-06 22:07:50 2026-03-06T22:07:50.026Z root INFO Closing channel on service path '/services/hostedPlugin'.
2026-03-06 22:07:50 2026-03-06T22:07:50.026Z root INFO Closing channel on service path '/services/plugin-ext'.
2026-03-06 22:07:50 2026-03-06T22:07:50.026Z root INFO Closing channel on service path '/services/plugin-paths'.
2026-03-06 22:07:50 2026-03-06T22:07:50.026Z root INFO Closing channel on service path '/services/cli-preferences'.
2026-03-06 22:07:50 2026-03-06T22:07:50.026Z root INFO Closing channel on service path '/services/boards-service'.
2026-03-06 22:07:50 2026-03-06T22:07:50.026Z root INFO Closing channel on service path '/services/response-service'.
2026-03-06 22:07:50 2026-03-06T22:07:50.026Z root INFO Closing channel on service path '/services/file-system-ext'.
2026-03-06 22:07:50 2026-03-06T22:07:50.026Z root INFO Closing channel on service path '/services/core-service'.
2026-03-06 22:07:50 2026-03-06T22:07:50.026Z root INFO Closing channel on service path '/services/example-service'.
2026-03-06 22:07:50 2026-03-06T22:07:50.026Z root INFO Closing channel on service path '/services/library-service'.
2026-03-06 22:07:50 2026-03-06T22:07:50.026Z root INFO Closing channel on service path '/services/executable-service'.
2026-03-06 22:07:50 2026-03-06T22:07:50.026Z root INFO Closing channel on service path '/services/arduino-firmware-uploader'.
2026-03-06 22:07:50 2026-03-06T22:07:50.026Z root INFO Closing channel on service path '/services/formatter'.
2026-03-06 22:07:50 2026-03-06T22:07:50.026Z root INFO Closing channel on service path '/services/search-in-workspace'.
2026-03-06 22:07:50 2026-03-06T22:07:50.026Z root INFO Closing channel on service path '/services/request-service'.
2026-03-06 22:07:50 2026-03-06T22:07:50.026Z root INFO Closing channel on service path '/services/keyStore'.
2026-03-06 22:07:50 2026-03-06T22:07:50.026Z root INFO Closing channel on service path '/services/languagePackService'.
2026-03-06 22:07:50 Closing channel on service path '/services/electron-window'.
2026-03-06 22:07:50 Closing channel on service path '/services/ide-updater'.
2026-03-06 22:07:50 Skipped storing sketch as workspace root. Expected minimum threshold: <1772834869030>. Was: <1772834862344>.
2026-03-06 22:07:50 Skipped storing sketch as workspace root. Expected minimum threshold: <1772834869030>. Was: <1772834862345>.
2026-03-06 22:07:50 Storing the sketch as a workspace root: </home/shrek/Arduino/practice/led.ino>.
2026-03-06 22:07:50 Skipped storing sketch as workspace root. Already visited: </home/shrek/Arduino/practice/led.ino>.
2026-03-06 22:07:50 Stored workspaces roots: /home/shrek/Arduino/practice/led.ino
2026-03-06 22:07:50 No sketches were scheduled for deletion.
2026-03-06 22:07:54 Arduino IDE 2.3.8
2026-03-06 22:07:54 Checking for frontend application configuration customizations. Module path: /opt/arduino-ide/resources/app/lib/backend/electron-main.js, destination 'package.json': /opt/arduino-ide/resources/app/package.json
2026-03-06 22:07:54 Setting 'theia.frontend.config.appVersion' application configuration value to: "2.3.8" (type of string)
2026-03-06 22:07:54 Setting 'theia.frontend.config.cliVersion' application configuration value to: "1.4.1" (type of string)
2026-03-06 22:07:54 Setting 'theia.frontend.config.buildDate' application configuration value to: "2026-02-25T15:15:50.003Z" (type of string)
2026-03-06 22:07:54 Frontend application configuration after modifications: {"applicationName":"Arduino IDE","defaultTheme":{"light":"arduino-theme","dark":"arduino-theme-dark"},"defaultIconTheme":"none","electron":{"windowOptions":{},"showWindowEarly":true,"splashScreenOptions":{},"uriScheme":"arduino-ide"},"defaultLocale":"","validatePreferencesSchema":false,"reloadOnReconnect":true,"uriScheme":"theia","preferences":{"window.title":"${rootName}${activeEditorShort}${appName}","files.autoSave":"afterDelay","editor.minimap.enabled":false,"editor.tabSize":2,"editor.scrollBeyondLastLine":false,"editor.quickSuggestions":{"other":false,"comments":false,"strings":false},"editor.maxTokenizationLineLength":500,"editor.bracketPairColorization.enabled":false,"breadcrumbs.enabled":false,"workbench.tree.renderIndentGuides":"none","explorer.compactFolders":false},"appVersion":"2.3.8","cliVersion":"1.4.1","buildDate":"2026-02-25T15:15:50.003Z"}
2026-03-06 22:07:54 Starting backend process. PID: 155500
2026-03-06 22:07:55 Showing main window early
2026-03-06 22:07:55 Using browser-only version of superagent in non-browser environment
2026-03-06 22:07:55 Configuration directory URI: 'file:///home/shrek/.arduinoIDE'
2026-03-06 22:07:55 Configuring to accept webviews on '^.+\.webview\..+$' hostname.
2026-03-06 22:07:55 2026-03-06T22:07:55.355Z root INFO Backend u.initialize: 17.3 ms [Finished 0.358 s after backend start]
2026-03-06 22:07:55 2026-03-06T22:07:55.355Z root INFO Backend Object.initialize: 16.3 ms [Finished 0.358 s after backend start]
2026-03-06 22:07:55 2026-03-06T22:07:55.355Z root INFO Backend a.initialize: 0.7 ms [Finished 0.358 s after backend start]
2026-03-06 22:07:55 2026-03-06T22:07:55.355Z root INFO Backend a.initialize: 0.5 ms [Finished 0.358 s after backend start]
2026-03-06 22:07:55 2026-03-06T22:07:55.355Z root INFO Backend u.initialize: 0.7 ms [Finished 0.358 s after backend start]
2026-03-06 22:07:55 2026-03-06T22:07:55.357Z root INFO Backend l.initialize: 17.0 ms [Finished 0.359 s after backend start]
2026-03-06 22:07:55 2026-03-06T22:07:55.361Z root INFO configured all backend app contributions
2026-03-06 22:07:55 2026-03-06T22:07:55.361Z root INFO Backend l.onStart: 0.7 ms [Finished 0.364 s after backend start]
2026-03-06 22:07:55 2026-03-06T22:07:55.361Z root INFO Backend d.onStart: 0.1 ms [Finished 0.364 s after backend start]
2026-03-06 22:07:55 2026-03-06T22:07:55.361Z root INFO Backend a.onStart: 0.2 ms [Finished 0.365 s after backend start]
2026-03-06 22:07:55 2026-03-06T22:07:55.361Z config INFO >>> Initializing CLI configuration...
2026-03-06 22:07:55 2026-03-06T22:07:55.361Z root INFO Backend x.onStart: 0.2 ms [Finished 0.365 s after backend start]
2026-03-06 22:07:55 2026-03-06T22:07:55.361Z config INFO Loading CLI configuration from /home/shrek/.arduinoIDE/arduino-cli.yaml...
2026-03-06 22:07:55 2026-03-06T22:07:55.362Z daemon INFO Starting daemon from /opt/arduino-ide/resources/app/lib/backend/resources/arduino-cli...
2026-03-06 22:07:55 2026-03-06T22:07:55.362Z root INFO Backend w.onStart: 0.2 ms [Finished 0.365 s after backend start]
2026-03-06 22:07:55 2026-03-06T22:07:55.362Z discovery-log INFO start
2026-03-06 22:07:55 2026-03-06T22:07:55.362Z discovery-log INFO start new deferred
2026-03-06 22:07:55 2026-03-06T22:07:55.362Z root INFO Backend v.onStart: 0.1 ms [Finished 0.365 s after backend start]
2026-03-06 22:07:55 2026-03-06T22:07:55.362Z root INFO Backend a.onStart: 0.0 ms [Finished 0.365 s after backend start]
2026-03-06 22:07:55 2026-03-06T22:07:55.364Z root INFO Theia app listening on http://127.0.0.1:42913.
2026-03-06 22:07:55 2026-03-06T22:07:55.364Z root INFO Finished starting backend application: 2.1 ms [Finished 0.367 s after backend start]
2026-03-06 22:07:55 Restoring workspace roots: /home/shrek/Arduino/practice/led.ino
2026-03-06 22:07:55 2026-03-06T22:07:55.364Z root WARN The local plugin referenced by local-dir:/home/shrek/.arduinoIDE/plugins does not exist.
2026-03-06 22:07:55 2026-03-06T22:07:55.364Z root WARN The local plugin referenced by local-dir:/home/shrek/.arduinoIDE/deployedPlugins does not exist.
2026-03-06 22:07:55 2026-03-06T22:07:55.366Z config INFO Loaded CLI configuration: {"board_manager":{"additional_urls":["http://arduino.esp8266.com/stable/package_esp8266com_index.json"]},"directories":{"builtin":{"libraries":"/home/shrek/.arduino15/libraries"},"data":"/home/shrek/.arduino15","user":"/home/shrek/Arduino"},"locale":"en"}
2026-03-06 22:07:55 2026-03-06T22:07:55.366Z config INFO 'directories.data' and 'directories.user' are set in the CLI configuration model.
2026-03-06 22:07:55 2026-03-06T22:07:55.366Z config INFO Loaded the CLI configuration.
2026-03-06 22:07:55 isTempSketch: false. Input was /home/shrek/Arduino/practice/led.ino/led.ino.ino
2026-03-06 22:07:55 2026-03-06T22:07:55.371Z config INFO Mapped the CLI configuration: {"dataDirUri":"file:///home/shrek/.arduino15","sketchDirUri":"file:///home/shrek/Arduino","additionalUrls":["http://arduino.esp8266.com/stable/package_esp8266com_index.json"],"network":"none","locale":"en"}
2026-03-06 22:07:55 2026-03-06T22:07:55.371Z config INFO Validating the CLI configuration...
2026-03-06 22:07:55 2026-03-06T22:07:55.371Z config INFO The CLI config is valid.
2026-03-06 22:07:55 2026-03-06T22:07:55.371Z config INFO <<< Initialized the CLI configuration.
2026-03-06 22:07:55 2026-03-06T22:07:55.379Z daemon INFO time="2026-03-06T22:07:55Z" level=info msg="arduino-cli version 1.4.1"
time="2026-03-06T22:07:55Z" level=info msg="Using config file: /home/shrek/.arduinoIDE/arduino-cli.yaml"
time="2026-03-06T22:07:55Z" level=info msg="Executing `arduino-cli daemon`"
Daemon is now listening on 127.0.0.1:33709
{"IP":"127.0.0.1","Port":"33709"}
2026-03-06 22:07:55 2026-03-06T22:07:55.379Z daemon INFO Daemon is running.
2026-03-06 22:07:55 2026-03-06T22:07:55.396Z root INFO Resolve plugins list: 33.5 ms [Finished 0.400 s after backend start]
2026-03-06 22:07:55 2026-03-06T22:07:55.400Z daemon INFO time="2026-03-06T22:07:55Z" level=info msg="Checking signature" index=/home/shrek/.arduino15/package_index.json signatureFile=/home/shrek/.arduino15/package_index.json.sig trusted=true
2026-03-06 22:07:55 2026-03-06T22:07:55.401Z daemon INFO time="2026-03-06T22:07:55Z" level=info msg="Missing signature file" index=/home/shrek/.arduino15/package_esp8266com_index.json
time="2026-03-06T22:07:55Z" level=info msg="Loading hardware from: /home/shrek/.arduino15/packages"
time="2026-03-06T22:07:55Z" level=info msg="Loading package arduino from: /home/shrek/.arduino15/packages/arduino/hardware"
time="2026-03-06T22:07:55Z" level=info msg="Missing signature file" index=/home/shrek/.arduino15/packages/arduino/hardware/avr/1.8.7/installed.json
2026-03-06 22:07:55 2026-03-06T22:07:55.403Z daemon INFO time="2026-03-06T22:07:55Z" level=info msg="Adding monitor tool" protocol=serial tool="builtin:serial-monitor"
time="2026-03-06T22:07:55Z" level=info msg="Loaded platform" platform="arduino:avr@1.8.7"
time="2026-03-06T22:07:55Z" level=info msg="Checking existence of 'tools' path: /home/shrek/.arduino15/packages/arduino/tools"
time="2026-03-06T22:07:55Z" level=info msg="Loading tools from dir: /home/shrek/.arduino15/packages/arduino/tools"
time="2026-03-06T22:07:55Z" level=info msg="Loaded tool" tool="arduino:arduinoOTA@1.3.0"
time="2026-03-06T22:07:55Z" level=info msg="Loaded tool" tool="arduino:avr-gcc@7.3.0-atmel3.6.1-arduino7"
time="2026-03-06T22:07:55Z" level=info msg="Loaded tool" tool="arduino:avrdude@8.0.0-arduino1"
time="2026-03-06T22:07:55Z" level=info msg="Loaded tool" tool="arduino:dfu-util@0.11.0-arduino5"
time="2026-03-06T22:07:55Z" level=info msg="Loading package builtin from: /home/shrek/.arduino15/packages/builtin"
time="2026-03-06T22:07:55Z" level=info msg="Checking existence of 'tools' path: /home/shrek/.arduino15/packages/builtin/tools"
time="2026-03-06T22:07:55Z" level=info msg="Loading tools from dir: /home/shrek/.arduino15/packages/builtin/tools"
time="2026-03-06T22:07:55Z" level=info msg="Loaded tool" tool="builtin:ctags@5.8-arduino11"
time="2026-03-06T22:07:55Z" level=info msg="Loaded tool" tool="builtin:dfu-discovery@0.1.2"
time="2026-03-06T22:07:55Z" level=info msg="Loaded tool" tool="builtin:mdns-discovery@1.0.12"
time="2026-03-06T22:07:55Z" level=info msg="Loaded tool" tool="builtin:serial-discovery@1.4.3"
time="2026-03-06T22:07:55Z" level=info msg="Loaded tool" tool="builtin:serial-monitor@0.15.0"
time="2026-03-06T22:07:55Z" level=info msg="Loading package esp32 from: /home/shrek/.arduino15/packages/esp32/hardware"
2026-03-06 22:07:55 2026-03-06T22:07:55.404Z daemon INFO time="2026-03-06T22:07:55Z" level=info msg="Missing signature file" index=/home/shrek/.arduino15/packages/esp32/hardware/esp32/3.3.7/installed.json
2026-03-06 22:07:55 2026-03-06T22:07:55.491Z daemon INFO time="2026-03-06T22:07:55Z" level=info msg="Adding monitor tool" protocol=serial tool="builtin:serial-monitor"
time="2026-03-06T22:07:55Z" level=info msg="Loaded platform" platform="esp32:esp32@3.3.7"
time="2026-03-06T22:07:55Z" level=info msg="Checking existence of 'tools' path: /home/shrek/.arduino15/packages/esp32/tools"
time="2026-03-06T22:07:55Z" level=info msg="Loading tools from dir: /home/shrek/.arduino15/packages/esp32/tools"
time="2026-03-06T22:07:55Z" level=info msg="Loaded tool" tool="esp32:esp-rv32@2511"
time="2026-03-06T22:07:55Z" level=info msg="Loaded tool" tool="esp32:esp-x32@2511"
time="2026-03-06T22:07:55Z" level=info msg="Loaded tool" tool="esp32:esp32-libs@3.3.7"
time="2026-03-06T22:07:55Z" level=info msg="Loaded tool" tool="esp32:esp32c3-libs@3.3.7"
time="2026-03-06T22:07:55Z" level=info msg="Loaded tool" tool="esp32:esp32c5-libs@3.3.7"
time="2026-03-06T22:07:55Z" level=info msg="Loaded tool" tool="esp32:esp32c6-libs@3.3.7"
time="2026-03-06T22:07:55Z" level=info msg="Loaded tool" tool="esp32:esp32h2-libs@3.3.7"
time="2026-03-06T22:07:55Z" level=info msg="Loaded tool" tool="esp32:esp32p4-libs@3.3.7"
time="2026-03-06T22:07:55Z" level=info msg="Loaded tool" tool="esp32:esp32p4_es-libs@3.3.7"
time="2026-03-06T22:07:55Z" level=info msg="Loaded tool" tool="esp32:esp32s2-libs@3.3.7"
time="2026-03-06T22:07:55Z" level=info msg="Loaded tool" tool="esp32:esp32s3-libs@3.3.7"
time="2026-03-06T22:07:55Z" level=info msg="Loaded tool" tool="esp32:esptool_py@5.1.0"
time="2026-03-06T22:07:55Z" level=info msg="Loaded tool" tool="esp32:mklittlefs@4.0.2-db0513a"
time="2026-03-06T22:07:55Z" level=info msg="Loaded tool" tool="esp32:mkspiffs@0.2.3"
time="2026-03-06T22:07:55Z" level=info msg="Loaded tool" tool="esp32:openocd-esp32@v0.12.0-esp32-20251215"
time="2026-03-06T22:07:55Z" level=info msg="Loaded tool" tool="esp32:riscv32-esp-elf-gdb@16.3_20250913"
time="2026-03-06T22:07:55Z" level=info msg="Loaded tool" tool="esp32:xtensa-esp-elf-gdb@16.3_20250913"
time="2026-03-06T22:07:55Z" level=info msg="Loading package esp8266 from: /home/shrek/.arduino15/packages/esp8266/hardware"
time="2026-03-06T22:07:55Z" level=info msg="Missing signature file" index=/home/shrek/.arduino15/packages/esp8266/hardware/esp8266/3.1.2/installed.json
2026-03-06 22:07:55 2026-03-06T22:07:55.503Z daemon INFO time="2026-03-06T22:07:55Z" level=info msg="Adding monitor tool" protocol=serial tool="builtin:serial-monitor"
time="2026-03-06T22:07:55Z" level=info msg="Loaded platform" platform="esp8266:esp8266@3.1.2"
time="2026-03-06T22:07:55Z" level=info msg="Checking existence of 'tools' path: /home/shrek/.arduino15/packages/esp8266/tools"
time="2026-03-06T22:07:55Z" level=info msg="Loading tools from dir: /home/shrek/.arduino15/packages/esp8266/tools"
time="2026-03-06T22:07:55Z" level=info msg="Loaded tool" tool="esp8266:mklittlefs@3.1.0-gcc10.3-e5f9fec"
time="2026-03-06T22:07:55Z" level=info msg="Loaded tool" tool="esp8266:mkspiffs@3.1.0-gcc10.3-e5f9fec"
time="2026-03-06T22:07:55Z" level=info msg="Loaded tool" tool="esp8266:python3@3.7.2-post1"
time="2026-03-06T22:07:55Z" level=info msg="Loaded tool" tool="esp8266:xtensa-lx106-elf-gcc@3.1.0-gcc10.3-e5f9fec"
2026-03-06 22:07:55 2026-03-06T22:07:55.503Z daemon INFO time="2026-03-06T22:07:55Z" level=info msg="Adding libraries dir" dir=/home/shrek/.arduino15/packages/arduino/hardware/avr/1.8.7/libraries isSingleLibrary=false location=platform
time="2026-03-06T22:07:55Z" level=info msg="Adding libraries dir" dir=/home/shrek/.arduino15/packages/esp32/hardware/esp32/3.3.7/libraries isSingleLibrary=false location=platform
2026-03-06 22:07:55 2026-03-06T22:07:55.503Z daemon INFO time="2026-03-06T22:07:55Z" level=info msg="Adding libraries dir" dir=/home/shrek/.arduino15/packages/esp8266/hardware/esp8266/3.1.2/libraries isSingleLibrary=false location=platform
time="2026-03-06T22:07:55Z" level=info msg="Loading libraries index file" index=/home/shrek/.arduino15/library_index.json
2026-03-06 22:07:55 2026-03-06T22:07:55.625Z daemon INFO time="2026-03-06T22:07:55Z" level=info msg="Adding libraries dir" dir=/home/shrek/.arduino15/libraries isSingleLibrary=false location=ide
time="2026-03-06T22:07:55Z" level=info msg="Adding libraries dir" dir=/home/shrek/Arduino/libraries isSingleLibrary=false location=user
2026-03-06 22:07:55 2026-03-06T22:07:55.637Z root INFO Deploy plugins list: 275.2 ms [Finished 0.641 s after backend start]
2026-03-06 22:07:55 2026-03-06T22:07:55.668Z discovery-log INFO start resolved watching
2026-03-06 22:07:55 2026-03-06T22:07:55.673Z discovery-log INFO {"eventType":"add","port":{"matchingBoardsList":[{"name":"ESP32 Family Device","fqbn":"esp32:esp32:esp32_family","isHidden":true}],"port":{"address":"/dev/ttyACM0","label":"/dev/ttyACM0","protocol":"serial","protocolLabel":"Serial Port (USB)","propertiesMap":[["pid","0x1001"],["serialNumber","10:51:DB:64:17:F8"],["vid","0x303a"]],"hardwareId":"10:51:DB:64:17:F8"}},"error":""}
2026-03-06 22:07:55 2026-03-06T22:07:55.673Z discovery-log INFO {"eventType":"add","port":{"matchingBoardsList":[],"port":{"address":"/dev/ttyS0","label":"/dev/ttyS0","protocol":"serial","protocolLabel":"Serial Port","propertiesMap":[],"hardwareId":""}},"error":""}
2026-03-06 22:07:55 2026-03-06T22:07:55.750Z root INFO creating connection for 1
2026-03-06 22:07:56 2026-03-06T22:07:56.265Z root WARN A command editor.action.toggleStickyScroll is already registered.
2026-03-06 22:07:56 2026-03-06T22:07:56.276Z sketches-service WARN Warning! The request sketch path was different than the response sketch path from the CLI. This could be a potential bug. Request: </home/shrek/Arduino/practice/led.ino/led.ino.ino>, response: </home/shrek/Arduino/practice/led.ino>.
2026-03-06 22:07:56 Opening channel for service path '/services/electron-window'.
2026-03-06 22:07:56 Opening channel for service path '/services/ide-updater'.
2026-03-06 22:07:56 2026-03-06T22:07:56.323Z root INFO Start frontend contributions: 149.9 ms [Finished 0.947 s after frontend start]
2026-03-06 22:07:56 2026-03-06T22:07:56.323Z root INFO Changed application state from 'init' to 'started_contributions'.
2026-03-06 22:07:56 2026-03-06T22:07:56.334Z root INFO Changed application state from 'started_contributions' to 'attached_shell'.
2026-03-06 22:07:56 2026-03-06T22:07:56.334Z root INFO >>> Restoring the layout state...
2026-03-06 22:07:56 2026-03-06T22:07:56.352Z root INFO [aa03e761-6da6-4226-86c3-14649daadffc] Waiting for backend deployment: 35.3 ms [Finished 0.979 s after frontend start]
2026-03-06 22:07:56 2026-03-06T22:07:56.645Z root INFO [hosted-plugin: 155621] PLUGIN_HOST(155621) starting instance
[Object: null prototype] {}
2026-03-06 22:07:56 2026-03-06T22:07:56.968Z root INFO [aa03e761-6da6-4226-86c3-14649daadffc] Sync of 23 plugins: 619.9 ms [Finished 1.599 s after frontend start]
2026-03-06 22:07:56 2026-03-06T22:07:56.981Z root INFO ------- SERIALIZED LAYOUT DATA -------
2026-03-06 22:07:56 2026-03-06T22:07:56.981Z root INFO {"version":5,"mainPanel":{"main":{"type":"tab-area","widgets":[{"constructionOptions":{"factoryId":"code-editor-opener","options":{"counter":0,"kind":"navigatable","uri":"file:///home/shrek/Arduino/practice/led.ino/led.ino.ino"}},"innerWidgetState":"{\"cursorState\":[{\"inSelectionMode\":false,\"selectionStart\":{\"lineNumber\":36,\"column\":13},\"position\":{\"lineNumber\":36,\"column\":13}}],\"viewState\":{\"scrollLeft\":0,\"firstPosition\":{\"lineNumber\":1,\"column\":1},\"firstPositionDeltaTop\":0},\"contributionsState\":{\"editor.contrib.folding\":{\"lineCount\":38,\"provider\":\"indent\",\"foldedImports\":false},\"editor.contrib.wordHighlighter\":false}}"}],"currentIndex":0}},"mainPanelPinned":[false],"bottomPanel":{"config":{"main":{"type":"tab-area","widgets":[{"constructionOptions":{"factoryId":"outputView"},"innerWidgetState":"{\"locked\":false}"}],"currentIndex":0}},"pinned":[false],"size":52,"expanded":true},"leftPanel":{"type":"sidepanel","items":[{"widget":{"constructionOptions":{"factoryId":"arduino-sketchbook-widget"}},"rank":1,"expanded":true,"pinned":false},{"widget":{"constructionOptions":{"factoryId":"boards-list-widget"}},"rank":2,"expanded":false,"pinned":false},{"widget":{"constructionOptions":{"factoryId":"library-list-widget"}},"rank":3,"expanded":false,"pinned":false},{"widget":{"constructionOptions":{"factoryId":"debug"},"innerWidgetState":"{\"parts\":[{\"partId\":\"debug:threads:-1\",\"collapsed\":false,\"hidden\":false,\"relativeSize\":0.20017873100983022,\"originalContainerId\":\"debug:view-container:-1\",\"originalContainerTitle\":{\"label\":\"debug\",\"iconClass\":\"codicon codicon-debug-alt\",\"closeable\":true},\"widget\":{\"constructionOptions\":{\"factoryId\":\"debug:threads\"},\"innerWidgetState\":\"{}\"}},{\"partId\":\"debug:frames:-1\",\"collapsed\":false,\"hidden\":false,\"relativeSize\":0.20017873100983022,\"originalContainerId\":\"debug:view-container:-1\",\"originalContainerTitle\":{\"label\":\"debug\",\"iconClass\":\"codicon codicon-debug-alt\",\"closeable\":true},\"widget\":{\"constructionOptions\":{\"factoryId\":\"debug:frames\"},\"innerWidgetState\":\"{}\"}},{\"partId\":\"debug:variables:-1\",\"collapsed\":false,\"hidden\":false,\"relativeSize\":0.20017873100983022,\"originalContainerId\":\"debug:view-container:-1\",\"originalContainerTitle\":{\"label\":\"debug\",\"iconClass\":\"codicon codicon-debug-alt\",\"closeable\":true},\"widget\":{\"constructionOptions\":{\"factoryId\":\"debug:variables\"},\"innerWidgetState\":\"{}\"}},{\"partId\":\"debug:watch:-1\",\"collapsed\":false,\"hidden\":false,\"relativeSize\":0.20017873100983022,\"originalContainerId\":\"debug:view-container:-1\",\"originalContainerTitle\":{\"label\":\"debug\",\"iconClass\":\"codicon codicon-debug-alt\",\"closeable\":true},\"widget\":{\"constructionOptions\":{\"factoryId\":\"debug:watch\"},\"innerWidgetState\":\"{}\"}},{\"partId\":\"debug:breakpoints:-1\",\"collapsed\":false,\"hidden\":false,\"relativeSize\":0.20017873100983022,\"originalContainerId\":\"debug:view-container:-1\",\"originalContainerTitle\":{\"label\":\"debug\",\"iconClass\":\"codicon codicon-debug-alt\",\"closeable\":true},\"widget\":{\"constructionOptions\":{\"factoryId\":\"debug:breakpoints\"},\"innerWidgetState\":\"{}\"}},{\"partId\":\"plugin-view:cortex-debug.peripherals\",\"collapsed\":true,\"hidden\":true,\"originalContainerId\":\"debug:view-container:-1\",\"originalContainerTitle\":{\"label\":\"debug\",\"iconClass\":\"codicon codicon-debug-alt\",\"closeable\":true},\"widget\":{\"constructionOptions\":{\"factoryId\":\"plugin-view\",\"options\":{\"id\":\"plugin-view:cortex-debug.peripherals\",\"viewId\":\"cortex-debug.peripherals\"}},\"innerWidgetState\":\"{\\\"label\\\":\\\"Cortex Peripherals\\\",\\\"widgets\\\":[],\\\"suppressUpdateViewVisibility\\\":false,\\\"currentViewContainerId\\\":\\\"debug\\\"}\"}},{\"partId\":\"plugin-view:cortex-debug.registers\",\"collapsed\":true,\"hidden\":true,\"originalContainerId\":\"debug:view-container:-1\",\"originalContainerTitle\":{\"label\":\"debug\",\"iconClass\":\"codicon codicon-debug-alt\",\"closeable\":true},\"widget\":{\"constructionOptions\":{\"factoryId\":\"plugin-view\",\"options\":{\"id\":\"plugin-view:cortex-debug.registers\",\"viewId\":\"cortex-debug.registers\"}},\"innerWidgetState\":\"{\\\"label\\\":\\\"Cortex Registers\\\",\\\"widgets\\\":[],\\\"suppressUpdateViewVisibility\\\":false,\\\"currentViewContainerId\\\":\\\"debug\\\"}\"}}],\"title\":{\"label\":\"debug\",\"iconClass\":\"codicon codicon-debug-alt\",\"closeable\":true}}"},"rank":4,"expanded":false,"pinned":false},{"widget":{"constructionOptions":{"factoryId":"search-view-container"},"innerWidgetState":"{\"parts\":[{\"partId\":\"search-in-workspace\",\"collapsed\":false,\"hidden\":false,\"relativeSize\":1,\"originalContainerId\":\"search-view-container\",\"originalContainerTitle\":{\"label\":\"Search\",\"iconClass\":\"codicon codicon-search\",\"closeable\":true},\"widget\":{\"constructionOptions\":{\"factoryId\":\"search-in-workspace\"},\"innerWidgetState\":\"{\\\"matchCaseState\\\":{\\\"className\\\":\\\"codicon codicon-case-sensitive\\\",\\\"enabled\\\":false,\\\"title\\\":\\\"Match Case\\\"},\\\"wholeWordState\\\":{\\\"className\\\":\\\"codicon codicon-whole-word\\\",\\\"enabled\\\":false,\\\"title\\\":\\\"Match Whole Word\\\"},\\\"regExpState\\\":{\\\"className\\\":\\\"codicon codicon-regex\\\",\\\"enabled\\\":false,\\\"title\\\":\\\"Use Regular Expression\\\"},\\\"includeIgnoredState\\\":{\\\"className\\\":\\\"codicon codicon-eye\\\",\\\"enabled\\\":false,\\\"title\\\":\\\"Include Ignored Files\\\"},\\\"showSearchDetails\\\":false,\\\"searchInWorkspaceOptions\\\":{\\\"matchCase\\\":false,\\\"matchWholeWord\\\":false,\\\"useRegExp\\\":false,\\\"multiline\\\":false,\\\"includeIgnored\\\":false,\\\"include\\\":[],\\\"exclude\\\":[],\\\"maxResults\\\":2000},\\\"searchTerm\\\":\\\"\\\",\\\"replaceTerm\\\":\\\"\\\",\\\"showReplaceField\\\":false,\\\"searchHistoryState\\\":{\\\"history\\\":[],\\\"index\\\":0},\\\"replaceHistoryState\\\":{\\\"history\\\":[],\\\"index\\\":0},\\\"includeHistoryState\\\":{\\\"history\\\":[],\\\"index\\\":0},\\\"excludeHistoryState\\\":{\\\"history\\\":[],\\\"index\\\":0}}\"}}],\"title\":{\"label\":\"Search\",\"iconClass\":\"fa fa-arduino-search\",\"closeable\":true}}"},"rank":5,"expanded":false,"pinned":false}],"size":411},"rightPanel":{"type":"sidepanel","items":[]},"activeWidgetId":"code-editor-opener:file:///home/shrek/Arduino/practice/led.ino/led.ino.ino:0"}
2026-03-06 22:07:56 2026-03-06T22:07:56.981Z root INFO ------- END SERIALIZED LAYOUT DATA -------
2026-03-06 22:07:57 2026-03-06T22:07:57.132Z root INFO <<< The layout has been successfully restored.
2026-03-06 22:07:57 2026-03-06T22:07:57.174Z root INFO Initialize the workbench layout: 798.4 ms [Finished 1.764 s after frontend start]
2026-03-06 22:07:57 2026-03-06T22:07:57.174Z root INFO Changed application state from 'attached_shell' to 'initialized_layout'.
2026-03-06 22:07:57 2026-03-06T22:07:57.175Z root INFO [aa03e761-6da6-4226-86c3-14649daadffc] Loading plugin contributions
2026-03-06 22:07:57 2026-03-06T22:07:57.175Z root INFO [aa03e761-6da6-4226-86c3-14649daadffc] Load contributions of 23 plugins: 40.1 ms [Finished 1.805 s after frontend start]
2026-03-06 22:07:57 2026-03-06T22:07:57.231Z root WARN 'cpp' language is remapped from 'source.cpp.embedded.macro' to 'source.cpp' scope
2026-03-06 22:07:57 2026-03-06T22:07:57.231Z root WARN a registered grammar configuration for 'cpp' language is overridden
2026-03-06 22:07:57 2026-03-06T22:07:57.313Z root ERROR [hosted-plugin: 155621] Conflict in settings file Default: Ignoring cortex-debug.armToolchainPath.linux as cortex-debug.armToolchainPath is null
2026-03-06 22:07:57 2026-03-06T22:07:57.313Z root ERROR [hosted-plugin: 155621] Conflict in settings file Default: Ignoring cortex-debug.armToolchainPath.osx as cortex-debug.armToolchainPath is null
Conflict in settings file Default: Ignoring cortex-debug.armToolchainPath.windows as cortex-debug.armToolchainPath is null
2026-03-06 22:07:57 2026-03-06T22:07:57.313Z root ERROR [hosted-plugin: 155621] Conflict in settings file Default: Ignoring cortex-debug.JLinkGDBServerPath.linux as cortex-debug.JLinkGDBServerPath is null
Conflict in settings file Default: Ignoring cortex-debug.JLinkGDBServerPath.osx as cortex-debug.JLinkGDBServerPath is null
2026-03-06 22:07:57 2026-03-06T22:07:57.313Z root ERROR [hosted-plugin: 155621] Conflict in settings file Default: Ignoring cortex-debug.JLinkGDBServerPath.windows as cortex-debug.JLinkGDBServerPath is null
2026-03-06 22:07:57 2026-03-06T22:07:57.313Z root ERROR [hosted-plugin: 155621] Conflict in settings file Default: Ignoring cortex-debug.openocdPath.linux as cortex-debug.openocdPath is null
2026-03-06 22:07:57 2026-03-06T22:07:57.313Z root ERROR [hosted-plugin: 155621] Conflict in settings file Default: Ignoring cortex-debug.openocdPath.osx as cortex-debug.openocdPath is null
Conflict in settings file Default: Ignoring cortex-debug.openocdPath.windows as cortex-debug.openocdPath is null
2026-03-06 22:07:57 2026-03-06T22:07:57.313Z root ERROR [hosted-plugin: 155621] Conflict in settings file Default: Ignoring cortex-debug.pyocdPath.linux as cortex-debug.pyocdPath is null
Conflict in settings file Default: Ignoring cortex-debug.pyocdPath.osx as cortex-debug.pyocdPath is null
2026-03-06 22:07:57 2026-03-06T22:07:57.313Z root ERROR [hosted-plugin: 155621] Conflict in settings file Default: Ignoring cortex-debug.pyocdPath.windows as cortex-debug.pyocdPath is null
Conflict in settings file Default: Ignoring cortex-debug.PEGDBServerPath.linux as cortex-debug.PEGDBServerPath is null
Conflict in settings file Default: Ignoring cortex-debug.PEGDBServerPath.osx as cortex-debug.PEGDBServerPath is null
Conflict in settings file Default: Ignoring cortex-debug.PEGDBServerPath.windows as cortex-debug.PEGDBServerPath is null
2026-03-06 22:07:57 2026-03-06T22:07:57.313Z root ERROR [hosted-plugin: 155621] Conflict in settings file Default: Ignoring cortex-debug.stutilPath.linux as cortex-debug.stutilPath is null
Conflict in settings file Default: Ignoring cortex-debug.stutilPath.osx as cortex-debug.stutilPath is null
Conflict in settings file Default: Ignoring cortex-debug.stutilPath.windows as cortex-debug.stutilPath is null
Conflict in settings file Default: Ignoring cortex-debug.stlinkPath.linux as cortex-debug.stlinkPath is null
Conflict in settings file Default: Ignoring cortex-debug.stlinkPath.osx as cortex-debug.stlinkPath is null
2026-03-06 22:07:57 2026-03-06T22:07:57.313Z root ERROR [hosted-plugin: 155621] Conflict in settings file Default: Ignoring cortex-debug.stlinkPath.windows as cortex-debug.stlinkPath is null
Conflict in settings file Default: Ignoring cortex-debug.stm32cubeprogrammer.linux as cortex-debug.stm32cubeprogrammer is null
Conflict in settings file Default: Ignoring cortex-debug.stm32cubeprogrammer.osx as cortex-debug.stm32cubeprogrammer is null
Conflict in settings file Default: Ignoring cortex-debug.stm32cubeprogrammer.windows as cortex-debug.stm32cubeprogrammer is null
2026-03-06 22:07:57 2026-03-06T22:07:57.318Z root INFO [hosted-plugin: 155621] PLUGIN_HOST(155621): PluginManagerExtImpl/init()
2026-03-06 22:07:57 2026-03-06T22:07:57.319Z root INFO [hosted-plugin: 155621] PLUGIN_HOST(155621): initializing(vscode-arduino-api@0.1.2 with /opt/arduino-ide/resources/app/lib/backend/plugin-vscode-init)
2026-03-06 22:07:57 2026-03-06T22:07:57.363Z root INFO [hosted-plugin: 155621] PLUGIN_HOST(155621): initializing(json-language-features@1.88.1 with /opt/arduino-ide/resources/app/lib/backend/plugin-vscode-init)
2026-03-06 22:07:57 2026-03-06T22:07:57.366Z root INFO [hosted-plugin: 155621] PLUGIN_HOST(155621): initializing(cortex-debug@1.5.1 with /opt/arduino-ide/resources/app/lib/backend/plugin-vscode-init)
2026-03-06 22:07:57 2026-03-06T22:07:57.366Z root INFO [hosted-plugin: 155621] Debugger contribution has been registered: cortex-debug
2026-03-06 22:07:57 2026-03-06T22:07:57.367Z root INFO [hosted-plugin: 155621] PLUGIN_HOST(155621): initializing(vscode-arduino-tools@0.1.3 with /opt/arduino-ide/resources/app/lib/backend/plugin-vscode-init)
2026-03-06 22:07:57 2026-03-06T22:07:57.368Z root INFO [hosted-plugin: 155621] PLUGIN_HOST(155621): initializing(cpp@1.88.1 with /opt/arduino-ide/resources/app/lib/backend/plugin-vscode-init)
2026-03-06 22:07:57 2026-03-06T22:07:57.369Z root INFO [hosted-plugin: 155621] PLUGIN_HOST(155621): initializing(json@1.88.1 with /opt/arduino-ide/resources/app/lib/backend/plugin-vscode-init)
2026-03-06 22:07:57 2026-03-06T22:07:57.371Z root INFO [hosted-plugin: 155621] PLUGIN_HOST(155621): initializing(vscode-language-pack-bg@1.48.3 with /opt/arduino-ide/resources/app/lib/backend/plugin-vscode-init)
2026-03-06 22:07:57 2026-03-06T22:07:57.372Z root INFO [hosted-plugin: 155621] PLUGIN_HOST(155621): initializing(vscode-language-pack-cs@1.96.0 with /opt/arduino-ide/resources/app/lib/backend/plugin-vscode-init)
2026-03-06 22:07:57 2026-03-06T22:07:57.373Z root INFO [hosted-plugin: 155621] PLUGIN_HOST(155621): initializing(vscode-language-pack-de@1.96.0 with /opt/arduino-ide/resources/app/lib/backend/plugin-vscode-init)
2026-03-06 22:07:57 2026-03-06T22:07:57.373Z root INFO [hosted-plugin: 155621] PLUGIN_HOST(155621): initializing(vscode-language-pack-es@1.96.0 with /opt/arduino-ide/resources/app/lib/backend/plugin-vscode-init)
2026-03-06 22:07:57 2026-03-06T22:07:57.373Z root INFO [hosted-plugin: 155621] PLUGIN_HOST(155621): initializing(vscode-language-pack-fr@1.96.0 with /opt/arduino-ide/resources/app/lib/backend/plugin-vscode-init)
2026-03-06 22:07:57 2026-03-06T22:07:57.374Z root INFO [hosted-plugin: 155621] PLUGIN_HOST(155621): initializing(vscode-language-pack-hu@1.48.3 with /opt/arduino-ide/resources/app/lib/backend/plugin-vscode-init)
2026-03-06 22:07:57 2026-03-06T22:07:57.374Z root INFO [hosted-plugin: 155621] PLUGIN_HOST(155621): initializing(vscode-language-pack-it@1.96.0 with /opt/arduino-ide/resources/app/lib/backend/plugin-vscode-init)
2026-03-06 22:07:57 2026-03-06T22:07:57.375Z root INFO [hosted-plugin: 155621] PLUGIN_HOST(155621): initializing(vscode-language-pack-ja@1.96.0 with /opt/arduino-ide/resources/app/lib/backend/plugin-vscode-init)
2026-03-06 22:07:57 2026-03-06T22:07:57.376Z root INFO [hosted-plugin: 155621] PLUGIN_HOST(155621): initializing(vscode-language-pack-ko@1.96.0 with /opt/arduino-ide/resources/app/lib/backend/plugin-vscode-init)
2026-03-06 22:07:57 2026-03-06T22:07:57.376Z root INFO [hosted-plugin: 155621] PLUGIN_HOST(155621): initializing(vscode-language-pack-nl@1.48.3 with /opt/arduino-ide/resources/app/lib/backend/plugin-vscode-init)
2026-03-06 22:07:57 2026-03-06T22:07:57.376Z root INFO [hosted-plugin: 155621] PLUGIN_HOST(155621): initializing(vscode-language-pack-pl@1.96.0 with /opt/arduino-ide/resources/app/lib/backend/plugin-vscode-init)
2026-03-06 22:07:57 2026-03-06T22:07:57.376Z root INFO [hosted-plugin: 155621] PLUGIN_HOST(155621): initializing(vscode-language-pack-pt-BR@1.96.0 with /opt/arduino-ide/resources/app/lib/backend/plugin-vscode-init)
2026-03-06 22:07:57 2026-03-06T22:07:57.376Z root INFO [hosted-plugin: 155621] PLUGIN_HOST(155621): initializing(vscode-language-pack-ru@1.96.0 with /opt/arduino-ide/resources/app/lib/backend/plugin-vscode-init)
2026-03-06 22:07:57 2026-03-06T22:07:57.377Z root INFO [hosted-plugin: 155621] PLUGIN_HOST(155621): initializing(vscode-language-pack-tr@1.96.0 with /opt/arduino-ide/resources/app/lib/backend/plugin-vscode-init)
2026-03-06 22:07:57 2026-03-06T22:07:57.377Z root INFO [hosted-plugin: 155621] PLUGIN_HOST(155621): initializing(vscode-language-pack-uk@1.48.3 with /opt/arduino-ide/resources/app/lib/backend/plugin-vscode-init)
2026-03-06 22:07:57 2026-03-06T22:07:57.377Z root INFO [hosted-plugin: 155621] PLUGIN_HOST(155621): initializing(vscode-language-pack-zh-hans@1.96.0 with /opt/arduino-ide/resources/app/lib/backend/plugin-vscode-init)
2026-03-06 22:07:57 2026-03-06T22:07:57.377Z root INFO [hosted-plugin: 155621] PLUGIN_HOST(155621): initializing(vscode-language-pack-zh-hant@1.96.0 with /opt/arduino-ide/resources/app/lib/backend/plugin-vscode-init)
2026-03-06 22:07:57 2026-03-06T22:07:57.383Z root INFO [hosted-plugin: 155621] PLUGIN_HOST(155621): PluginManagerExtImpl/loadPlugin(/opt/arduino-ide/resources/app/plugins/vscode-builtin-json-language-features/extension/client/dist/node/jsonClientMain)
2026-03-06 22:07:57 2026-03-06T22:07:57.418Z root INFO [hosted-plugin: 155621] PLUGIN_HOST(155621): PluginManagerExtImpl/loadPlugin(/opt/arduino-ide/resources/app/plugins/vscode-arduino-tools/extension/dist/extension.js)
2026-03-06 22:07:57 2026-03-06T22:07:57.433Z root INFO [hosted-plugin: 155621] PLUGIN_HOST(155621): PluginManagerExtImpl/loadPlugin(/opt/arduino-ide/resources/app/plugins/vscode-arduino-api/extension/dist/extension.js)
2026-03-06 22:07:57 2026-03-06T22:07:57.435Z root INFO [hosted-plugin: 155621] calling activation function on VS Code Arduino Tools
2026-03-06 22:07:57 2026-03-06T22:07:57.435Z root INFO [hosted-plugin: 155621] calling activation function on Arduino IDE API for VS Code extensions
2026-03-06 22:07:57 2026-03-06T22:07:57.449Z root INFO [aa03e761-6da6-4226-86c3-14649daadffc] Starting plugins.
2026-03-06 22:07:57 2026-03-06T22:07:57.476Z root INFO [hosted-plugin: 155621] PLUGIN_HOST(155621): PluginManagerExtImpl/loadPlugin(/opt/arduino-ide/resources/app/plugins/cortex-debug/extension/dist/extension.js)
2026-03-06 22:07:57 2026-03-06T22:07:57.495Z root INFO [hosted-plugin: 155621] Debug configuration provider has been registered: cortex-debug, trigger: 1
2026-03-06 22:07:57 2026-03-06T22:07:57.496Z root INFO [hosted-plugin: 155621] calling activation function on Cortex-Debug
2026-03-06 22:07:57 2026-03-06T22:07:57.497Z root INFO [hosted-plugin: 155621] GDB server console created
2026-03-06 22:07:57 2026-03-06T22:07:57.507Z root INFO [aa03e761-6da6-4226-86c3-14649daadffc] Start of 23 plugins: 331.2 ms [Finished 2.138 s after frontend start]
2026-03-06 22:07:57 2026-03-06T22:07:57.576Z root INFO [hosted-plugin: 155621] calling activation function on JSON Language Features (built-in)
2026-03-06 22:07:58 2026-03-06T22:07:58.100Z root INFO Frontend application start: 1867.8 ms [Finished 3.104 s after backend start]
2026-03-06 22:07:58 Checking for update
2026-03-06 22:07:58 2026-03-06T22:07:58.115Z root INFO Replace loading indicator with ready workbench UI (animation): 829.4 ms [Finished 2.636 s after frontend start]
2026-03-06 22:07:58 2026-03-06T22:07:58.117Z root INFO Changed application state from 'initialized_layout' to 'ready'.
2026-03-06 22:07:58 2026-03-06T22:07:58.117Z root WARN Linked preference "workbench.colorCustomizations" not found.
2026-03-06 22:07:58 2026-03-06T22:07:58.126Z sketches-service WARN Mismatching sketch file <led.ino> and sketch folder name <practice>. Skipping
2026-03-06 22:07:58 2026-03-06T22:07:58.188Z sketches-service WARN Mismatching sketch file <led.ino> and sketch folder name <practice>. Skipping
2026-03-06 22:07:58 2026-03-06T22:07:58.188Z sketches-service WARN Mismatching sketch file <led.ino> and sketch folder name <practice>. Skipping
2026-03-06 22:07:58 2026-03-06T22:07:58.345Z root INFO Starting language server: esp8266:esp8266:generic:led=2,baud=115200,xtal=80,CrystalFreq=26,eesz=1M64,FlashMode=dout,FlashFreq=40,ResetMethod=nodemcu,dbg=Disabled,lvl=None____,ip=lm2f,vt=flash,exception=disabled,stacksmash=disabled,wipe=none,sdk=nonosdk_190703,ssl=all,mmu=3232,non32xfer=fast
2026-03-06 22:07:58 2026-03-06T22:07:58.455Z root ERROR Failed to get debug config: esp8266:esp8266:generic:led=2,baud=115200,xtal=80,CrystalFreq=26,eesz=1M64,FlashMode=dout,FlashFreq=40,ResetMethod=nodemcu,dbg=Disabled,lvl=None____,ip=lm2f,vt=flash,exception=disabled,stacksmash=disabled,wipe=none,sdk=nonosdk_190703,ssl=all,mmu=3232,non32xfer=fast, undefined Error: Debugging is not supported.
    at Object.callback (/opt/arduino-ide/resources/app/lib/backend/main.js:2:4756202)
    at Object.onReceiveStatus (/opt/arduino-ide/resources/app/lib/backend/main.js:2:3791917)
    at Object.onReceiveStatus (/opt/arduino-ide/resources/app/lib/backend/main.js:2:2225840)
    at Object.onReceiveStatus (/opt/arduino-ide/resources/app/lib/backend/main.js:2:2225285)
    at /opt/arduino-ide/resources/app/lib/backend/main.js:2:4362019
    at process.processTicksAndRejections (node:internal/process/task_queues:77:11)
2026-03-06 22:07:58 2026-03-06T22:07:58.455Z daemon INFO time="2026-03-06T22:07:58Z" level=info msg="Tool required for debug" tool="esp8266:mklittlefs@3.1.0-gcc10.3-e5f9fec"
time="2026-03-06T22:07:58Z" level=info msg="Tool required for debug" tool="esp8266:mkspiffs@3.1.0-gcc10.3-e5f9fec"
time="2026-03-06T22:07:58Z" level=info msg="Tool required for debug" tool="esp8266:python3@3.7.2-post1"
time="2026-03-06T22:07:58Z" level=info msg="Tool required for debug" tool="esp8266:xtensa-lx106-elf-gcc@3.1.0-gcc10.3-e5f9fec"
time="2026-03-06T22:07:58Z" level=info msg="Tool required for debug" tool="esp32:esp32s2-libs@3.3.7"
time="2026-03-06T22:07:58Z" level=info msg="Tool required for debug" tool="esp32:esp32p4_es-libs@3.3.7"
time="2026-03-06T22:07:58Z" level=info msg="Tool required for debug" tool="builtin:serial-discovery@1.4.3"
time="2026-03-06T22:07:58Z" level=info msg="Tool required for debug" tool="arduino:arduinoOTA@1.3.0"
time="2026-03-06T22:07:58Z" level=info msg="Tool required for debug" tool="arduino:dfu-util@0.11.0-arduino5"
time="2026-03-06T22:07:58Z" level=info msg="Tool required for debug" tool="arduino:avr-gcc@7.3.0-atmel3.6.1-arduino7"
time="2026-03-06T22:07:58Z" level=info msg="Tool required for debug" tool="esp32:riscv32-esp-elf-gdb@16.3_20250913"
time="2026-03-06T22:07:58Z" level=info msg="Tool required for debug" tool="esp32:esp32-libs@3.3.7"
time="2026-03-06T22:07:58Z" level=info msg="Tool required for debug" tool="esp32:esp32c5-libs@3.3.7"
time="2026-03-06T22:07:58Z" level=info msg="Tool required for debug" tool="esp32:esp32s3-libs@3.3.7"
time="2026-03-06T22:07:58Z" level=info msg="Tool required for debug" tool="esp32:esp-x32@2511"
time="2026-03-06T22:07:58Z" level=info msg="Tool required for debug" tool="builtin:ctags@5.8-arduino11"
time="2026-03-06T22:07:58Z" level=info msg="Tool required for debug" tool="builtin:dfu-discovery@0.1.2"
time="2026-03-06T22:07:58Z" level=info msg="Tool required for debug" tool="esp32:xtensa-esp-elf-gdb@16.3_20250913"
time="2026-03-06T22:07:58Z" level=info msg="Tool required for debug" tool="esp32:esp32p4-libs@3.3.7"
time="2026-03-06T22:07:58Z" level=info msg="Tool required for debug" tool="builtin:serial-monitor@0.15.0"
time="2026-03-06T22:07:58Z" level=info msg="Tool required for debug" tool="esp32:esp32h2-libs@3.3.7"
time="2026-03-06T22:07:58Z" level=info msg="Tool required for debug" tool="esp32:esptool_py@5.1.0"
time="2026-03-06T22:07:58Z" level=info msg="Tool required for debug" tool="esp32:openocd-esp32@v0.12.0-esp32-20251215"
time="2026-03-06T22:07:58Z" level=info msg="Tool required for debug" tool="esp32:esp-rv32@2511"
time="2026-03-06T22:07:58Z" level=info msg="Tool required for debug" tool="esp32:esp32c6-libs@3.3.7"
time="2026-03-06T22:07:58Z" level=info msg="Tool required for debug" tool="esp32:esp32c3-libs@3.3.7"
time="2026-03-06T22:07:58Z" level=info msg="Tool required for debug" tool="builtin:mdns-discovery@1.0.12"
time="2026-03-06T22:07:58Z" level=info msg="Tool required for debug" tool="arduino:avrdude@8.0.0-arduino1"
2026-03-06 22:07:58 2026-03-06T22:07:58.569Z root ERROR ---- !!!SLOW!!! DURATION: search took 452.359 ms. Args: [{"type":"Updatable"}] ----
2026-03-06 22:07:58 2026-03-06T22:07:58.584Z daemon INFO time="2026-03-06T22:07:58Z" level=info msg="Adding libraries dir" dir=/home/shrek/.arduino15/libraries isSingleLibrary=false location=ide
2026-03-06 22:07:58 2026-03-06T22:07:58.584Z daemon INFO time="2026-03-06T22:07:58Z" level=info msg="Adding libraries dir" dir=/home/shrek/.arduino15/packages/esp8266/hardware/esp8266/3.1.2/libraries isSingleLibrary=false location=platform
time="2026-03-06T22:07:58Z" level=info msg="Adding libraries dir" dir=/home/shrek/Arduino/libraries isSingleLibrary=false location=user
2026-03-06 22:07:58 2026-03-06T22:07:58.736Z daemon INFO time="2026-03-06T22:07:58Z" level=info msg="Resolving include FastLED.h for arch esp8266"
time="2026-03-06T22:07:58Z" level=info msg="  found better lib" lib=FastLED prio=6A7
2026-03-06 22:07:58 Update for version 2.3.8 is not available (latest version: 2.3.8, downgrade is allowed).
2026-03-06 22:08:00 2026-03-06T22:08:00.284Z daemon INFO time="2026-03-06T22:08:00Z" level=info msg="Adding libraries dir" dir=/home/shrek/.arduino15/libraries isSingleLibrary=false location=ide
time="2026-03-06T22:08:00Z" level=info msg="Adding libraries dir" dir=/home/shrek/.arduino15/packages/esp8266/hardware/esp8266/3.1.2/libraries isSingleLibrary=false location=platform
2026-03-06 22:08:00 2026-03-06T22:08:00.284Z daemon INFO time="2026-03-06T22:08:00Z" level=info msg="Adding libraries dir" dir=/home/shrek/Arduino/libraries isSingleLibrary=false location=user
2026-03-06 22:09:11 2026-03-06T22:09:11.980Z discovery-log INFO {"eventType":"remove","port":{"matchingBoardsList":[],"port":{"address":"/dev/ttyACM0","label":"","protocol":"serial","protocolLabel":"","propertiesMap":[],"hardwareId":""}},"error":""}
2026-03-06 22:25:37 isTempSketch: false. Input was /home/shrek/Arduino/practice/led.ino
2026-03-06 22:25:37 Marking workspace as a closed sketch. Workspace URI: file:///home/shrek/Arduino/practice/led.ino. Date: 1772835937408.
2026-03-06 22:25:37 isTempSketch: false. Input was /home/shrek/Arduino/practice/led.ino
2026-03-06 22:25:37 Marking workspace as a closed sketch. Workspace URI: file:///home/shrek/Arduino/practice/led.ino. Date: 1772835937410.
2026-03-06 22:25:37 Closing channel on service path '/services/electron-window'.
2026-03-06 22:25:37 Closing channel on service path '/services/ide-updater'.
2026-03-06 22:25:37 Storing the sketch as a workspace root: </home/shrek/Arduino/practice/led.ino>.
2026-03-06 22:25:37 Skipped storing sketch as workspace root. Already visited: </home/shrek/Arduino/practice/led.ino>.
2026-03-06 22:25:37 Stored workspaces roots: /home/shrek/Arduino/practice/led.ino
2026-03-06 22:25:37 No sketches were scheduled for deletion.
2026-03-06 22:25:37 2026-03-06T22:25:37.413Z root INFO socked closed
2026-03-06 22:25:37 2026-03-06T22:25:37.413Z root INFO closing connection for 1
2026-03-06 22:25:37 2026-03-06T22:25:37.413Z root INFO Closing channel on service path '/localization-server'.
2026-03-06 22:25:37 2026-03-06T22:25:37.413Z root INFO Closing channel on service path '/os'.
2026-03-06 22:25:37 2026-03-06T22:25:37.413Z root INFO Closing channel on service path '/services/commands'.
2026-03-06 22:25:37 2026-03-06T22:25:37.413Z root INFO Closing channel on service path '/services/keyboard'.
2026-03-06 22:25:37 2026-03-06T22:25:37.413Z root INFO Closing channel on service path '/services/logger'.
2026-03-06 22:25:37 2026-03-06T22:25:37.413Z root INFO Closing channel on service path '/services/messageService'.
2026-03-06 22:25:37 2026-03-06T22:25:37.413Z root INFO Closing channel on service path '/services/ChannelCloseService'.
2026-03-06 22:25:37 2026-03-06T22:25:37.413Z root INFO Closing channel on service path '/services/remote-filesystem'.
2026-03-06 22:25:37 2026-03-06T22:25:37.413Z root INFO Closing channel on service path '/services/envs'.
2026-03-06 22:25:37 2026-03-06T22:25:37.413Z root INFO Closing channel on service path '/services/authentication-service'.
2026-03-06 22:25:37 2026-03-06T22:25:37.413Z root INFO Closing channel on service path '/services/sketches-service'.
2026-03-06 22:25:37 2026-03-06T22:25:37.413Z root INFO Closing channel on service path '/services/config-service'.
2026-03-06 22:25:37 2026-03-06T22:25:37.413Z root INFO Closing channel on service path '/services/workspace'.
2026-03-06 22:25:37 2026-03-06T22:25:37.413Z root INFO Closing channel on service path '/services/notification-service'.
2026-03-06 22:25:37 2026-03-06T22:25:37.413Z root INFO Closing channel on service path '/services/arduino-daemon'.
2026-03-06 22:25:37 2026-03-06T22:25:37.413Z root INFO Closing channel on service path '/services/stopwatch'.
2026-03-06 22:25:37 2026-03-06T22:25:37.413Z root INFO Closing channel on service path '/services/application'.
2026-03-06 22:25:37 2026-03-06T22:25:37.413Z root INFO Closing channel on service path '/services/i18n'.
2026-03-06 22:25:37 2026-03-06T22:25:37.413Z root INFO Closing channel on service path '/services/quickInput'.
2026-03-06 22:25:37 2026-03-06T22:25:37.413Z root INFO Closing channel on service path '/services/debug'.
2026-03-06 22:25:37 2026-03-06T22:25:37.413Z root INFO Closing channel on service path '/services/shell-terminal'.
2026-03-06 22:25:37 2026-03-06T22:25:37.413Z root INFO Closing channel on service path '/services/quickPick'.
2026-03-06 22:25:37 2026-03-06T22:25:37.413Z root INFO Closing channel on service path '/services/task'.
2026-03-06 22:25:37 2026-03-06T22:25:37.413Z root INFO Closing channel on service path '/services/search'.
2026-03-06 22:25:37 2026-03-06T22:25:37.413Z root INFO Closing channel on service path '/services/hostedPlugin'.
2026-03-06 22:25:37 2026-03-06T22:25:37.413Z root INFO Closing channel on service path '/services/plugin-ext'.
2026-03-06 22:25:37 2026-03-06T22:25:37.413Z root INFO Closing channel on service path '/services/plugin-paths'.
2026-03-06 22:25:37 2026-03-06T22:25:37.413Z root INFO Closing channel on service path '/services/cli-preferences'.
2026-03-06 22:25:37 2026-03-06T22:25:37.413Z root INFO Closing channel on service path '/services/boards-service'.
2026-03-06 22:25:37 2026-03-06T22:25:37.413Z root INFO Closing channel on service path '/services/response-service'.
2026-03-06 22:25:37 2026-03-06T22:25:37.413Z root INFO Closing channel on service path '/services/file-system-ext'.
2026-03-06 22:25:37 2026-03-06T22:25:37.413Z root INFO Closing channel on service path '/services/core-service'.
2026-03-06 22:25:37 2026-03-06T22:25:37.413Z root INFO Closing channel on service path '/services/example-service'.
2026-03-06 22:25:37 2026-03-06T22:25:37.413Z root INFO Closing channel on service path '/services/library-service'.
2026-03-06 22:25:37 2026-03-06T22:25:37.413Z root INFO Closing channel on service path '/services/executable-service'.
2026-03-06 22:25:37 2026-03-06T22:25:37.413Z root INFO Closing channel on service path '/services/arduino-firmware-uploader'.
2026-03-06 22:25:37 2026-03-06T22:25:37.413Z root INFO Closing channel on service path '/services/formatter'.
2026-03-06 22:25:37 2026-03-06T22:25:37.413Z root INFO Closing channel on service path '/services/search-in-workspace'.
2026-03-06 22:25:37 2026-03-06T22:25:37.413Z root INFO Closing channel on service path '/services/request-service'.
2026-03-06 22:25:37 2026-03-06T22:25:37.413Z root INFO Closing channel on service path '/services/keyStore'.
2026-03-06 22:25:37 2026-03-06T22:25:37.413Z root INFO Closing channel on service path '/services/languagePackService'.
